selected-proofs	Run leanprover/lean-action@f061402b660e0c34644504b324e830f2991d4865	﻿2026-10-07T14:44:48.8450748Z ##[group]Run leanprover/lean-action@f061402b660e0c34644504b324e830f2991d4865
selected-proofs	Run leanprover/lean-action@f061402b660e0c34644504b324e830f2991d4865	2026-10-07T14:44:48.8451010Z with:
selected-proofs	Run leanprover/lean-action@f061402b660e0c34644504b324e830f2991d4865	2026-10-07T14:44:48.8451164Z   lake-package-directory: robert-review-2026-10-07/lean
selected-proofs	Run leanprover/lean-action@f061402b660e0c34644504b324e830f2991d4865	2026-10-07T14:44:48.8451348Z   auto-config: false
selected-proofs	Run leanprover/lean-action@f061402b660e0c34644504b324e830f2991d4865	2026-10-07T14:44:48.8451470Z   build: true
selected-proofs	Run leanprover/lean-action@f061402b660e0c34644504b324e830f2991d4865	2026-10-07T14:44:48.8451578Z   test: false
selected-proofs	Run leanprover/lean-action@f061402b660e0c34644504b324e830f2991d4865	2026-10-07T14:44:48.8451682Z   lint: false
selected-proofs	Run leanprover/lean-action@f061402b660e0c34644504b324e830f2991d4865	2026-10-07T14:44:48.8451795Z   use-mathlib-cache: true
selected-proofs	Run leanprover/lean-action@f061402b660e0c34644504b324e830f2991d4865	2026-10-07T14:44:48.8451942Z   mk_all-check: false
selected-proofs	Run leanprover/lean-action@f061402b660e0c34644504b324e830f2991d4865	2026-10-07T14:44:48.8452080Z   check-reservoir-eligibility: false
selected-proofs	Run leanprover/lean-action@f061402b660e0c34644504b324e830f2991d4865	2026-10-07T14:44:48.8452276Z   leanchecker: false
selected-proofs	Run leanprover/lean-action@f061402b660e0c34644504b324e830f2991d4865	2026-10-07T14:44:48.8452400Z   lean4checker: false
selected-proofs	Run leanprover/lean-action@f061402b660e0c34644504b324e830f2991d4865	2026-10-07T14:44:48.8452517Z   nanoda: false
selected-proofs	Run leanprover/lean-action@f061402b660e0c34644504b324e830f2991d4865	2026-10-07T14:44:48.8452634Z   nanoda-allow-sorry: true
selected-proofs	Run leanprover/lean-action@f061402b660e0c34644504b324e830f2991d4865	2026-10-07T14:44:48.8452769Z   axiom-audit: false
selected-proofs	Run leanprover/lean-action@f061402b660e0c34644504b324e830f2991d4865	2026-10-07T14:44:48.8452929Z   axiom-audit-allow: propext,Classical.choice,Quot.sound
selected-proofs	Run leanprover/lean-action@f061402b660e0c34644504b324e830f2991d4865	2026-10-07T14:44:48.8453113Z   use-github-cache: true
selected-proofs	Run leanprover/lean-action@f061402b660e0c34644504b324e830f2991d4865	2026-10-07T14:44:48.8453252Z   reinstall-transient-toolchain: false
selected-proofs	Run leanprover/lean-action@f061402b660e0c34644504b324e830f2991d4865	2026-10-07T14:44:48.8453438Z env:
selected-proofs	Run leanprover/lean-action@f061402b660e0c34644504b324e830f2991d4865	2026-10-07T14:44:48.8453544Z   LEAN_NUM_THREADS: 1
selected-proofs	Run leanprover/lean-action@f061402b660e0c34644504b324e830f2991d4865	2026-10-07T14:44:48.8453662Z ##[endgroup]
selected-proofs	Run leanprover/lean-action@f061402b660e0c34644504b324e830f2991d4865	2026-10-07T14:44:48.8498890Z ##[start-action display=install elan;id=__leanprover_lean-action.__run]
selected-proofs	Run leanprover/lean-action@f061402b660e0c34644504b324e830f2991d4865	2026-10-07T14:44:48.8528345Z ##[group]Run : Install Elan
selected-proofs	Run leanprover/lean-action@f061402b660e0c34644504b324e830f2991d4865	2026-10-07T14:44:48.8528632Z ^[[36;1m: Install Elan^[[0m
selected-proofs	Run leanprover/lean-action@f061402b660e0c34644504b324e830f2991d4865	2026-10-07T14:44:48.8528826Z ^[[36;1m${GITHUB_ACTION_PATH}/scripts/install_elan.sh^[[0m
selected-proofs	Run leanprover/lean-action@f061402b660e0c34644504b324e830f2991d4865	2026-10-07T14:44:48.8758309Z shell: /usr/bin/bash --noprofile --norc -e -o pipefail {0}
selected-proofs	Run leanprover/lean-action@f061402b660e0c34644504b324e830f2991d4865	2026-10-07T14:44:48.8758605Z env:
selected-proofs	Run leanprover/lean-action@f061402b660e0c34644504b324e830f2991d4865	2026-10-07T14:44:48.8758777Z   LEAN_NUM_THREADS: 1
selected-proofs	Run leanprover/lean-action@f061402b660e0c34644504b324e830f2991d4865	2026-10-07T14:44:48.8758907Z ##[endgroup]
selected-proofs	Run leanprover/lean-action@f061402b660e0c34644504b324e830f2991d4865	2026-10-07T14:44:48.8872894Z ##[group]Elan Installation Output
selected-proofs	Run leanprover/lean-action@f061402b660e0c34644504b324e830f2991d4865	2026-10-07T14:44:48.9793523Z info: downloading installer
selected-proofs	Run leanprover/lean-action@f061402b660e0c34644504b324e830f2991d4865	2026-10-07T14:44:50.2829851Z info: downloading https://releases.lean-lang.org/lean4/v4.33.1/lean-4.33.1-linux.tar.zst
selected-proofs	Run leanprover/lean-action@f061402b660e0c34644504b324e830f2991d4865	2026-10-07T14:44:55.5865514Z info: installing /home/runner/.elan/toolchains/leanprover--lean4---v4.33.1
selected-proofs	Run leanprover/lean-action@f061402b660e0c34644504b324e830f2991d4865	2026-10-07T14:45:06.0160446Z Lean (version 4.33.1, x86_64-unknown-linux-gnu, commit 819816b2e0a3bf405af45ae5c7af2491d8f5bee6, Release)
selected-proofs	Run leanprover/lean-action@f061402b660e0c34644504b324e830f2991d4865	2026-10-07T14:45:06.0502444Z Lake version 5.0.0-src+819816b (Lean version 4.33.1)
selected-proofs	Run leanprover/lean-action@f061402b660e0c34644504b324e830f2991d4865	2026-10-07T14:45:06.0541707Z ##[endgroup]
selected-proofs	Run leanprover/lean-action@f061402b660e0c34644504b324e830f2991d4865	2026-10-07T14:45:06.0546693Z 
selected-proofs	Run leanprover/lean-action@f061402b660e0c34644504b324e830f2991d4865	2026-10-07T14:45:06.0558525Z ##[end-action id=__leanprover_lean-action.__run;outcome=success;conclusion=success;duration_ms=17205]
selected-proofs	Run leanprover/lean-action@f061402b660e0c34644504b324e830f2991d4865	2026-10-07T14:45:06.0562111Z ##[start-action display=configure `lean-action`;id=__leanprover_lean-action.config]
selected-proofs	Run leanprover/lean-action@f061402b660e0c34644504b324e830f2991d4865	2026-10-07T14:45:06.2125839Z ##[group]Run : Configure Lean Action
selected-proofs	Run leanprover/lean-action@f061402b660e0c34644504b324e830f2991d4865	2026-10-07T14:45:06.2126177Z ^[[36;1m: Configure Lean Action^[[0m
selected-proofs	Run leanprover/lean-action@f061402b660e0c34644504b324e830f2991d4865	2026-10-07T14:45:06.2126424Z ^[[36;1m${GITHUB_ACTION_PATH}/scripts/config.sh^[[0m
selected-proofs	Run leanprover/lean-action@f061402b660e0c34644504b324e830f2991d4865	2026-10-07T14:45:06.2184529Z shell: /usr/bin/bash --noprofile --norc -e -o pipefail {0}
selected-proofs	Run leanprover/lean-action@f061402b660e0c34644504b324e830f2991d4865	2026-10-07T14:45:06.2184740Z env:
selected-proofs	Run leanprover/lean-action@f061402b660e0c34644504b324e830f2991d4865	2026-10-07T14:45:06.2184859Z   LEAN_NUM_THREADS: 1
selected-proofs	Run leanprover/lean-action@f061402b660e0c34644504b324e830f2991d4865	2026-10-07T14:45:06.2184988Z   AUTO_CONFIG: false
selected-proofs	Run leanprover/lean-action@f061402b660e0c34644504b324e830f2991d4865	2026-10-07T14:45:06.2185108Z   BUILD: true
selected-proofs	Run leanprover/lean-action@f061402b660e0c34644504b324e830f2991d4865	2026-10-07T14:45:06.2185219Z   TEST: false
selected-proofs	Run leanprover/lean-action@f061402b660e0c34644504b324e830f2991d4865	2026-10-07T14:45:06.2185324Z   LINT: false
selected-proofs	Run leanprover/lean-action@f061402b660e0c34644504b324e830f2991d4865	2026-10-07T14:45:06.2185455Z ##[endgroup]
selected-proofs	Run leanprover/lean-action@f061402b660e0c34644504b324e830f2991d4865	2026-10-07T14:45:06.3449705Z ##[group]Configure lean-action
selected-proofs	Run leanprover/lean-action@f061402b660e0c34644504b324e830f2991d4865	2026-10-07T14:45:06.3469303Z build: true -> will run lake build
selected-proofs	Run leanprover/lean-action@f061402b660e0c34644504b324e830f2991d4865	2026-10-07T14:45:06.3493594Z ##[end-action id=__leanprover_lean-action.config;outcome=success;conclusion=success;duration_ms=293]
selected-proofs	Run leanprover/lean-action@f061402b660e0c34644504b324e830f2991d4865	2026-10-07T14:45:06.3497337Z ##[start-action display=reinstall transient toolchain;id=__leanprover_lean-action.__run_2]
selected-proofs	Run leanprover/lean-action@f061402b660e0c34644504b324e830f2991d4865	2026-10-07T14:45:06.3509142Z ##[end-action id=__leanprover_lean-action.__run_2;outcome=skipped;conclusion=skipped;duration_ms=0]
selected-proofs	Run leanprover/lean-action@f061402b660e0c34644504b324e830f2991d4865	2026-10-07T14:45:06.3511177Z ##[start-action display=ensure all files are imported;id=__leanprover_lean-action.mk_all]
selected-proofs	Run leanprover/lean-action@f061402b660e0c34644504b324e830f2991d4865	2026-10-07T14:45:06.3513144Z ##[end-action id=__leanprover_lean-action.mk_all;outcome=skipped;conclusion=skipped;duration_ms=0]
selected-proofs	Run leanprover/lean-action@f061402b660e0c34644504b324e830f2991d4865	2026-10-07T14:45:06.3514565Z ##[start-action display=Run actions/cache/restore@caa296126883cff596d87d8935842f9db880ef25;id=__leanprover_lean-action.__actions_cache]
selected-proofs	Run leanprover/lean-action@f061402b660e0c34644504b324e830f2991d4865	2026-10-07T14:45:06.6371440Z ##[group]Run actions/cache/restore@caa296126883cff596d87d8935842f9db880ef25
selected-proofs	Run leanprover/lean-action@f061402b660e0c34644504b324e830f2991d4865	2026-10-07T14:45:06.6371955Z with:
selected-proofs	Run leanprover/lean-action@f061402b660e0c34644504b324e830f2991d4865	2026-10-07T14:45:06.6372087Z   path: robert-review-2026-10-07/lean/.lake
selected-proofs	Run leanprover/lean-action@f061402b660e0c34644504b324e830f2991d4865	2026-10-07T14:45:06.6372599Z   key: lake-Linux-X64-d36653f2df3247283c83e8db6c7949c0c9174376e1ee21e3a3f4f93b53fc0259-77dfccc6934814bf35294ea1d19c9e7ccbce922bad12353d5ba696615dc9008b-527cc8347dc749b3f1136b0938f0ff31c6048969
selected-proofs	Run leanprover/lean-action@f061402b660e0c34644504b324e830f2991d4865	2026-10-07T14:45:06.6373360Z   restore-keys: lake-Linux-X64-d36653f2df3247283c83e8db6c7949c0c9174376e1ee21e3a3f4f93b53fc0259-77dfccc6934814bf35294ea1d19c9e7ccbce922bad12353d5ba696615dc9008b
selected-proofs	Run leanprover/lean-action@f061402b660e0c34644504b324e830f2991d4865	2026-10-07T14:45:06.6373784Z   enableCrossOsArchive: false
selected-proofs	Run leanprover/lean-action@f061402b660e0c34644504b324e830f2991d4865	2026-10-07T14:45:06.6374086Z   fail-on-cache-miss: false
selected-proofs	Run leanprover/lean-action@f061402b660e0c34644504b324e830f2991d4865	2026-10-07T14:45:06.6374230Z   lookup-only: false
selected-proofs	Run leanprover/lean-action@f061402b660e0c34644504b324e830f2991d4865	2026-10-07T14:45:06.6374351Z env:
selected-proofs	Run leanprover/lean-action@f061402b660e0c34644504b324e830f2991d4865	2026-10-07T14:45:06.6374457Z   LEAN_NUM_THREADS: 1
selected-proofs	Run leanprover/lean-action@f061402b660e0c34644504b324e830f2991d4865	2026-10-07T14:45:06.6374577Z ##[endgroup]
selected-proofs	Run leanprover/lean-action@f061402b660e0c34644504b324e830f2991d4865	2026-10-07T14:45:06.9066898Z Cache not found for input keys: lake-Linux-X64-d36653f2df3247283c83e8db6c7949c0c9174376e1ee21e3a3f4f93b53fc0259-77dfccc6934814bf35294ea1d19c9e7ccbce922bad12353d5ba696615dc9008b-527cc8347dc749b3f1136b0938f0ff31c6048969, lake-Linux-X64-d36653f2df3247283c83e8db6c7949c0c9174376e1ee21e3a3f4f93b53fc0259-77dfccc6934814bf35294ea1d19c9e7ccbce922bad12353d5ba696615dc9008b
selected-proofs	Run leanprover/lean-action@f061402b660e0c34644504b324e830f2991d4865	2026-10-07T14:45:06.9121918Z ##[end-action id=__leanprover_lean-action.__actions_cache;outcome=success;conclusion=success;duration_ms=560]
selected-proofs	Run leanprover/lean-action@f061402b660e0c34644504b324e830f2991d4865	2026-10-07T14:45:06.9124605Z ##[start-action display=detect mathlib;id=__leanprover_lean-action.detect-mathlib]
selected-proofs	Run leanprover/lean-action@f061402b660e0c34644504b324e830f2991d4865	2026-10-07T14:45:06.9129130Z ##[end-action id=__leanprover_lean-action.detect-mathlib;outcome=skipped;conclusion=skipped;duration_ms=0]
selected-proofs	Run leanprover/lean-action@f061402b660e0c34644504b324e830f2991d4865	2026-10-07T14:45:06.9130983Z ##[start-action display=get mathlib cache;id=__leanprover_lean-action.__run_3]
selected-proofs	Run leanprover/lean-action@f061402b660e0c34644504b324e830f2991d4865	2026-10-07T14:45:07.0791211Z ##[group]Run : Get Mathlib Cache
selected-proofs	Run leanprover/lean-action@f061402b660e0c34644504b324e830f2991d4865	2026-10-07T14:45:07.0791430Z ^[[36;1m: Get Mathlib Cache^[[0m
selected-proofs	Run leanprover/lean-action@f061402b660e0c34644504b324e830f2991d4865	2026-10-07T14:45:07.0791575Z ^[[36;1mecho "::group::Mathlib Cache"^[[0m
selected-proofs	Run leanprover/lean-action@f061402b660e0c34644504b324e830f2991d4865	2026-10-07T14:45:07.0791727Z ^[[36;1mlake exe cache get^[[0m
selected-proofs	Run leanprover/lean-action@f061402b660e0c34644504b324e830f2991d4865	2026-10-07T14:45:07.0791864Z ^[[36;1mecho "::endgroup::"^[[0m
selected-proofs	Run leanprover/lean-action@f061402b660e0c34644504b324e830f2991d4865	2026-10-07T14:45:07.0792012Z ^[[36;1mecho^[[0m
selected-proofs	Run leanprover/lean-action@f061402b660e0c34644504b324e830f2991d4865	2026-10-07T14:45:07.0845748Z shell: /usr/bin/bash --noprofile --norc -e -o pipefail {0}
selected-proofs	Run leanprover/lean-action@f061402b660e0c34644504b324e830f2991d4865	2026-10-07T14:45:07.0845955Z env:
selected-proofs	Run leanprover/lean-action@f061402b660e0c34644504b324e830f2991d4865	2026-10-07T14:45:07.0846070Z   LEAN_NUM_THREADS: 1
selected-proofs	Run leanprover/lean-action@f061402b660e0c34644504b324e830f2991d4865	2026-10-07T14:45:07.0846196Z ##[endgroup]
selected-proofs	Run leanprover/lean-action@f061402b660e0c34644504b324e830f2991d4865	2026-10-07T14:45:07.1801751Z ##[group]Mathlib Cache
selected-proofs	Run leanprover/lean-action@f061402b660e0c34644504b324e830f2991d4865	2026-10-07T14:45:07.2202778Z info: formal_conjectures: cloning https://github.com/google-deepmind/formal-conjectures
selected-proofs	Run leanprover/lean-action@f061402b660e0c34644504b324e830f2991d4865	2026-10-07T14:45:09.3614179Z info: formal_conjectures: checking out revision '137aec5c7abd3aa61f7a73138a97279acfc79e93'
selected-proofs	Run leanprover/lean-action@f061402b660e0c34644504b324e830f2991d4865	2026-10-07T14:45:09.5429793Z info: mathlib: cloning https://github.com/leanprover-community/mathlib4
selected-proofs	Run leanprover/lean-action@f061402b660e0c34644504b324e830f2991d4865	2026-10-07T14:45:35.0676526Z info: mathlib: checking out revision '0df444a360eaa60ab8c11dca51a86af692955474'
selected-proofs	Run leanprover/lean-action@f061402b660e0c34644504b324e830f2991d4865	2026-10-07T14:45:36.5857369Z info: plausible: cloning https://github.com/leanprover-community/plausible
selected-proofs	Run leanprover/lean-action@f061402b660e0c34644504b324e830f2991d4865	2026-10-07T14:45:37.4893431Z info: plausible: checking out revision 'b7eb3304aeae834b12dda98993a37f6a41f6f0bb'
selected-proofs	Run leanprover/lean-action@f061402b660e0c34644504b324e830f2991d4865	2026-10-07T14:45:37.5079882Z info: LeanSearchClient: cloning https://github.com/leanprover-community/LeanSearchClient
selected-proofs	Run leanprover/lean-action@f061402b660e0c34644504b324e830f2991d4865	2026-10-07T14:45:38.3886390Z info: LeanSearchClient: checking out revision '5f4d51b81cbd3f6b32b156bfad9056621a040404'
selected-proofs	Run leanprover/lean-action@f061402b660e0c34644504b324e830f2991d4865	2026-10-07T14:45:38.4008110Z info: importGraph: cloning https://github.com/leanprover-community/import-graph
selected-proofs	Run leanprover/lean-action@f061402b660e0c34644504b324e830f2991d4865	2026-10-07T14:45:38.9469028Z info: importGraph: checking out revision '16f02aa7642864af59f1ff0e384a015994db9118'
selected-proofs	Run leanprover/lean-action@f061402b660e0c34644504b324e830f2991d4865	2026-10-07T14:45:38.9630059Z info: proofwidgets: cloning https://github.com/leanprover-community/ProofWidgets4
selected-proofs	Run leanprover/lean-action@f061402b660e0c34644504b324e830f2991d4865	2026-10-07T14:45:39.8965441Z info: proofwidgets: checking out revision '4be2e3d5087eeb272cf5a8853b8f9dd025ef5957'
selected-proofs	Run leanprover/lean-action@f061402b660e0c34644504b324e830f2991d4865	2026-10-07T14:45:40.3712526Z info: aesop: cloning https://github.com/leanprover-community/aesop
selected-proofs	Run leanprover/lean-action@f061402b660e0c34644504b324e830f2991d4865	2026-10-07T14:45:41.3362779Z info: aesop: checking out revision '3448c0bcc5ce01b2d1546e483ec3620e32df3d0e'
selected-proofs	Run leanprover/lean-action@f061402b660e0c34644504b324e830f2991d4865	2026-10-07T14:45:41.3771973Z info: Qq: cloning https://github.com/leanprover-community/quote4
selected-proofs	Run leanprover/lean-action@f061402b660e0c34644504b324e830f2991d4865	2026-10-07T14:45:41.8647167Z info: Qq: checking out revision '92c15be17b7caf78c2ad767ec40f89052d908d81'
selected-proofs	Run leanprover/lean-action@f061402b660e0c34644504b324e830f2991d4865	2026-10-07T14:45:41.8768500Z info: batteries: cloning https://github.com/leanprover-community/batteries
selected-proofs	Run leanprover/lean-action@f061402b660e0c34644504b324e830f2991d4865	2026-10-07T14:45:44.2286740Z info: batteries: checking out revision '4488d40d070b9700d4d5a6aa342f0d40c31b2a2d'
selected-proofs	Run leanprover/lean-action@f061402b660e0c34644504b324e830f2991d4865	2026-10-07T14:45:44.2576985Z info: Cli: cloning https://github.com/leanprover/lean4-cli
selected-proofs	Run leanprover/lean-action@f061402b660e0c34644504b324e830f2991d4865	2026-10-07T14:45:44.6812797Z info: Cli: checking out revision '6130a47896ce867c6a4a55373441e59e565bad0f'
selected-proofs	Run leanprover/lean-action@f061402b660e0c34644504b324e830f2991d4865	2026-10-07T14:45:45.3940250Z ✔ [2/6] Built Cache.Cli (250ms)
selected-proofs	Run leanprover/lean-action@f061402b660e0c34644504b324e830f2991d4865	2026-10-07T14:45:46.0948047Z ✔ [4/11] Built Cache.Lean (291ms)
selected-proofs	Run leanprover/lean-action@f061402b660e0c34644504b324e830f2991d4865	2026-10-07T14:45:46.6954922Z ✔ [6/12] Built Batteries.Tactic.OpenPrivate (595ms)
selected-proofs	Run leanprover/lean-action@f061402b660e0c34644504b324e830f2991d4865	2026-10-07T14:45:46.9957324Z ✔ [7/12] Built Cache.Infra (286ms)
selected-proofs	Run leanprover/lean-action@f061402b660e0c34644504b324e830f2991d4865	2026-10-07T14:45:47.8965853Z ✔ [8/13] Built Cache.IO (917ms)
selected-proofs	Run leanprover/lean-action@f061402b660e0c34644504b324e830f2991d4865	2026-10-07T14:45:48.4962062Z ✔ [10/27] Built Cache.Hashing (584ms)
selected-proofs	Run leanprover/lean-action@f061402b660e0c34644504b324e830f2991d4865	2026-10-07T14:45:49.7975628Z ✔ [11/27] Built Cache.Requests (1.4s)
selected-proofs	Run leanprover/lean-action@f061402b660e0c34644504b324e830f2991d4865	2026-10-07T14:45:49.9968814Z ✔ [12/27] Built Cache.Cli:c.o (123ms)
selected-proofs	Run leanprover/lean-action@f061402b660e0c34644504b324e830f2991d4865	2026-10-07T14:45:50.0970765Z ✔ [13/27] Built Cache.Lean:c.o (100ms)
selected-proofs	Run leanprover/lean-action@f061402b660e0c34644504b324e830f2991d4865	2026-10-07T14:45:50.7978409Z ✔ [14/27] Built Batteries.Tactic.OpenPrivate:c.o (745ms)
selected-proofs	Run leanprover/lean-action@f061402b660e0c34644504b324e830f2991d4865	2026-10-07T14:45:51.6989875Z ✔ [15/27] Built Cache.IO:c.o (951ms)
selected-proofs	Run leanprover/lean-action@f061402b660e0c34644504b324e830f2991d4865	2026-10-07T14:45:51.9993746Z ✔ [16/27] Built Cache.Hashing:c.o (268ms)
selected-proofs	Run leanprover/lean-action@f061402b660e0c34644504b324e830f2991d4865	2026-10-07T14:45:52.0994492Z ✔ [17/27] Built Cache.Infra:c.o (129ms)
selected-proofs	Run leanprover/lean-action@f061402b660e0c34644504b324e830f2991d4865	2026-10-07T14:45:54.0010697Z ✔ [18/27] Built Cache.Requests:c.o (1.9s)
selected-proofs	Run leanprover/lean-action@f061402b660e0c34644504b324e830f2991d4865	2026-10-07T14:45:54.5016075Z ✔ [19/27] Built Cache.Marker (471ms)
selected-proofs	Run leanprover/lean-action@f061402b660e0c34644504b324e830f2991d4865	2026-10-07T14:45:54.6006974Z ✔ [20/27] Built Cache.Marker:c.o (77ms)
selected-proofs	Run leanprover/lean-action@f061402b660e0c34644504b324e830f2991d4865	2026-10-07T14:45:55.1012328Z ✔ [21/27] Built Cache.Query (546ms)
selected-proofs	Run leanprover/lean-action@f061402b660e0c34644504b324e830f2991d4865	2026-10-07T14:45:55.3015241Z ✔ [22/27] Built Cache.Query:c.o (187ms)
selected-proofs	Run leanprover/lean-action@f061402b660e0c34644504b324e830f2991d4865	2026-10-07T14:45:55.8019809Z ✔ [23/27] Built Cache.Warning (538ms)
selected-proofs	Run leanprover/lean-action@f061402b660e0c34644504b324e830f2991d4865	2026-10-07T14:45:56.0022777Z ✔ [24/27] Built Cache.Warning:c.o (158ms)
selected-proofs	Run leanprover/lean-action@f061402b660e0c34644504b324e830f2991d4865	2026-10-07T14:45:56.8030511Z ✔ [25/27] Built Cache.Main (850ms)
selected-proofs	Run leanprover/lean-action@f061402b660e0c34644504b324e830f2991d4865	2026-10-07T14:45:57.4027482Z ✔ [26/27] Built Cache.Main:c.o (576ms)
selected-proofs	Run leanprover/lean-action@f061402b660e0c34644504b324e830f2991d4865	2026-10-07T14:45:58.0041034Z ✔ [27/27] Built cache:exe (613ms)
selected-proofs	Run leanprover/lean-action@f061402b660e0c34644504b324e830f2991d4865	2026-10-07T14:46:00.1519794Z Current branch: HEAD
selected-proofs	Run leanprover/lean-action@f061402b660e0c34644504b324e830f2991d4865	2026-10-07T14:46:00.1520200Z Using cache from origin: (some leanprover-community/mathlib4)
selected-proofs	Run leanprover/lean-action@f061402b660e0c34644504b324e830f2991d4865	2026-10-07T14:46:00.1520639Z Attempting to download 8690 file(s) from leanprover-community/mathlib4 cache at https://lakecache.blob.core.windows.net/mathlib4-master
selected-proofs	Run leanprover/lean-action@f061402b660e0c34644504b324e830f2991d4865	2026-10-07T14:46:00.9469185Z 
selected-proofs	Run leanprover/lean-action@f061402b660e0c34644504b324e830f2991d4865	2026-10-07T14:46:01.0467052Z Downloaded: 1 file(s) [attempted 1/8690 = 0%, 39 KB/s], Decompressed: 0
selected-proofs	Run leanprover/lean-action@f061402b660e0c34644504b324e830f2991d4865	2026-10-07T14:46:01.1475524Z Downloaded: 123 file(s) [attempted 123/8690 = 1%, 2015 KB/s], Decompressed: 40
selected-proofs	Run leanprover/lean-action@f061402b660e0c34644504b324e830f2991d4865	2026-10-07T14:46:01.2495341Z Downloaded: 262 file(s) [attempted 262/8690 = 3%, 356 KB/s], Decompressed: 40
selected-proofs	Run leanprover/lean-action@f061402b660e0c34644504b324e830f2991d4865	2026-10-07T14:46:01.3495365Z Downloaded: 404 file(s) [attempted 404/8690 = 4%, 3559 KB/s], Decompressed: 101
selected-proofs	Run leanprover/lean-action@f061402b660e0c34644504b324e830f2991d4865	2026-10-07T14:46:01.4495911Z Downloaded: 549 file(s) [attempted 549/8690 = 6%, 173 KB/s], Decompressed: 101
selected-proofs	Run leanprover/lean-action@f061402b660e0c34644504b324e830f2991d4865	2026-10-07T14:46:01.5543625Z Downloaded: 708 file(s) [attempted 708/8690 = 8%, 664 KB/s], Decompressed: 101
selected-proofs	Run leanprover/lean-action@f061402b660e0c34644504b324e830f2991d4865	2026-10-07T14:46:01.6516581Z Downloaded: 859 file(s) [attempted 859/8690 = 9%, 2129 KB/s], Decompressed: 101
selected-proofs	Run leanprover/lean-action@f061402b660e0c34644504b324e830f2991d4865	2026-10-07T14:46:01.7526383Z Downloaded: 1019 file(s) [attempted 1019/8690 = 11%, 3499 KB/s], Decompressed: 290
selected-proofs	Run leanprover/lean-action@f061402b660e0c34644504b324e830f2991d4865	2026-10-07T14:46:01.8545754Z Downloaded: 1183 file(s) [attempted 1183/8690 = 13%, 1578 KB/s], Decompressed: 290
selected-proofs	Run leanprover/lean-action@f061402b660e0c34644504b324e830f2991d4865	2026-10-07T14:46:01.9550623Z Downloaded: 1332 file(s) [attempted 1332/8690 = 15%, 3132 KB/s], Decompressed: 290
selected-proofs	Run leanprover/lean-action@f061402b660e0c34644504b324e830f2991d4865	2026-10-07T14:46:02.0592332Z Downloaded: 1486 file(s) [attempted 1486/8690 = 17%, 1572 KB/s], Decompressed: 290
selected-proofs	Run leanprover/lean-action@f061402b660e0c34644504b324e830f2991d4865	2026-10-07T14:46:02.1589294Z Downloaded: 1644 file(s) [attempted 1644/8690 = 18%, 765 KB/s], Decompressed: 290
selected-proofs	Run leanprover/lean-action@f061402b660e0c34644504b324e830f2991d4865	2026-10-07T14:46:02.2675233Z Downloaded: 1795 file(s) [attempted 1795/8690 = 20%, 1363 KB/s], Decompressed: 290
selected-proofs	Run leanprover/lean-action@f061402b660e0c34644504b324e830f2991d4865	2026-10-07T14:46:02.4061648Z Downloaded: 1943 file(s) [attempted 1943/8690 = 22%, 455 KB/s], Decompressed: 290
selected-proofs	Run leanprover/lean-action@f061402b660e0c34644504b324e830f2991d4865	2026-10-07T14:46:02.5095013Z Downloaded: 2073 file(s) [attempted 2073/8690 = 23%, 2869 KB/s], Decompressed: 290
selected-proofs	Run leanprover/lean-action@f061402b660e0c34644504b324e830f2991d4865	2026-10-07T14:46:02.6087750Z Downloaded: 2227 file(s) [attempted 2227/8690 = 25%, 880 KB/s], Decompressed: 290
selected-proofs	Run leanprover/lean-action@f061402b660e0c34644504b324e830f2991d4865	2026-10-07T14:46:02.7235577Z Downloaded: 2390 file(s) [attempted 2390/8690 = 27%, 455 KB/s], Decompressed: 290
selected-proofs	Run leanprover/lean-action@f061402b660e0c34644504b324e830f2991d4865	2026-10-07T14:46:02.8221300Z Downloaded: 2527 file(s) [attempted 2527/8690 = 29%, 1429 KB/s], Decompressed: 290
selected-proofs	Run leanprover/lean-action@f061402b660e0c34644504b324e830f2991d4865	2026-10-07T14:46:02.9209127Z Downloaded: 2690 file(s) [attempted 2690/8690 = 30%, 2413 KB/s], Decompressed: 290
selected-proofs	Run leanprover/lean-action@f061402b660e0c34644504b324e830f2991d4865	2026-10-07T14:46:03.0218432Z Downloaded: 2849 file(s) [attempted 2849/8690 = 32%, 5809 KB/s], Decompressed: 290
selected-proofs	Run leanprover/lean-action@f061402b660e0c34644504b324e830f2991d4865	2026-10-07T14:46:03.1211992Z Downloaded: 3028 file(s) [attempted 3028/8690 = 34%, 565 KB/s], Decompressed: 290
selected-proofs	Run leanprover/lean-action@f061402b660e0c34644504b324e830f2991d4865	2026-10-07T14:46:03.2795561Z Downloaded: 3201 file(s) [attempted 3201/8690 = 36%, 1500 KB/s], Decompressed: 290
selected-proofs	Run leanprover/lean-action@f061402b660e0c34644504b324e830f2991d4865	2026-10-07T14:46:03.3786896Z Downloaded: 3319 file(s) [attempted 3319/8690 = 38%, 6264 KB/s], Decompressed: 290
selected-proofs	Run leanprover/lean-action@f061402b660e0c34644504b324e830f2991d4865	2026-10-07T14:46:03.4797927Z Downloaded: 3477 file(s) [attempted 3477/8690 = 40%, 537 KB/s], Decompressed: 1018
selected-proofs	Run leanprover/lean-action@f061402b660e0c34644504b324e830f2991d4865	2026-10-07T14:46:03.5809096Z Downloaded: 3657 file(s) [attempted 3657/8690 = 42%, 3397 KB/s], Decompressed: 1018
selected-proofs	Run leanprover/lean-action@f061402b660e0c34644504b324e830f2991d4865	2026-10-07T14:46:03.6895258Z Downloaded: 3827 file(s) [attempted 3827/8690 = 44%, 1120 KB/s], Decompressed: 1018
selected-proofs	Run leanprover/lean-action@f061402b660e0c34644504b324e830f2991d4865	2026-10-07T14:46:03.8145447Z Downloaded: 3990 file(s) [attempted 3990/8690 = 45%, 656 KB/s], Decompressed: 1018
selected-proofs	Run leanprover/lean-action@f061402b660e0c34644504b324e830f2991d4865	2026-10-07T14:46:03.9129225Z Downloaded: 4135 file(s) [attempted 4135/8690 = 47%, 4310 KB/s], Decompressed: 1018
selected-proofs	Run leanprover/lean-action@f061402b660e0c34644504b324e830f2991d4865	2026-10-07T14:46:04.0595883Z Downloaded: 4288 file(s) [attempted 4288/8690 = 49%, 1083 KB/s], Decompressed: 1018
selected-proofs	Run leanprover/lean-action@f061402b660e0c34644504b324e830f2991d4865	2026-10-07T14:46:04.1600058Z Downloaded: 4330 file(s) [attempted 4330/8690 = 49%, 2067 KB/s], Decompressed: 1018
selected-proofs	Run leanprover/lean-action@f061402b660e0c34644504b324e830f2991d4865	2026-10-07T14:46:04.2601718Z Downloaded: 4489 file(s) [attempted 4489/8690 = 51%, 217 KB/s], Decompressed: 1018
selected-proofs	Run leanprover/lean-action@f061402b660e0c34644504b324e830f2991d4865	2026-10-07T14:46:04.3671244Z Downloaded: 4671 file(s) [attempted 4671/8690 = 53%, 829 KB/s], Decompressed: 1018
selected-proofs	Run leanprover/lean-action@f061402b660e0c34644504b324e830f2991d4865	2026-10-07T14:46:04.4813811Z Downloaded: 4761 file(s) [attempted 4761/8690 = 54%, 621 KB/s], Decompressed: 1018
selected-proofs	Run leanprover/lean-action@f061402b660e0c34644504b324e830f2991d4865	2026-10-07T14:46:04.5805662Z Downloaded: 4938 file(s) [attempted 4938/8690 = 56%, 2676 KB/s], Decompressed: 1018
selected-proofs	Run leanprover/lean-action@f061402b660e0c34644504b324e830f2991d4865	2026-10-07T14:46:04.6848328Z Downloaded: 5089 file(s) [attempted 5089/8690 = 58%, 1729 KB/s], Decompressed: 1018
selected-proofs	Run leanprover/lean-action@f061402b660e0c34644504b324e830f2991d4865	2026-10-07T14:46:04.7849762Z Downloaded: 5188 file(s) [attempted 5188/8690 = 59%, 617 KB/s], Decompressed: 1018
selected-proofs	Run leanprover/lean-action@f061402b660e0c34644504b324e830f2991d4865	2026-10-07T14:46:04.8903411Z Downloaded: 5351 file(s) [attempted 5351/8690 = 61%, 838 KB/s], Decompressed: 1018
selected-proofs	Run leanprover/lean-action@f061402b660e0c34644504b324e830f2991d4865	2026-10-07T14:46:04.9897417Z Downloaded: 5511 file(s) [attempted 5511/8690 = 63%, 4881 KB/s], Decompressed: 1018
selected-proofs	Run leanprover/lean-action@f061402b660e0c34644504b324e830f2991d4865	2026-10-07T14:46:05.0966370Z Downloaded: 5675 file(s) [attempted 5675/8690 = 65%, 996 KB/s], Decompressed: 1018
selected-proofs	Run leanprover/lean-action@f061402b660e0c34644504b324e830f2991d4865	2026-10-07T14:46:05.1999517Z Downloaded: 5803 file(s) [attempted 5803/8690 = 66%, 2418 KB/s], Decompressed: 1018
selected-proofs	Run leanprover/lean-action@f061402b660e0c34644504b324e830f2991d4865	2026-10-07T14:46:05.3005235Z Downloaded: 5914 file(s) [attempted 5914/8690 = 68%, 4305 KB/s], Decompressed: 1018
selected-proofs	Run leanprover/lean-action@f061402b660e0c34644504b324e830f2991d4865	2026-10-07T14:46:05.4845109Z Downloaded: 6070 file(s) [attempted 6070/8690 = 69%, 513 KB/s], Decompressed: 1018
selected-proofs	Run leanprover/lean-action@f061402b660e0c34644504b324e830f2991d4865	2026-10-07T14:46:05.5807579Z Downloaded: 6171 file(s) [attempted 6171/8690 = 71%, 1417 KB/s], Decompressed: 1018
selected-proofs	Run leanprover/lean-action@f061402b660e0c34644504b324e830f2991d4865	2026-10-07T14:46:05.6923149Z Downloaded: 6301 file(s) [attempted 6301/8690 = 72%, 1419 KB/s], Decompressed: 1018
selected-proofs	Run leanprover/lean-action@f061402b660e0c34644504b324e830f2991d4865	2026-10-07T14:46:05.7964393Z Downloaded: 6429 file(s) [attempted 6429/8690 = 73%, 2245 KB/s], Decompressed: 1018
selected-proofs	Run leanprover/lean-action@f061402b660e0c34644504b324e830f2991d4865	2026-10-07T14:46:05.8962215Z Downloaded: 6581 file(s) [attempted 6581/8690 = 75%, 1856 KB/s], Decompressed: 1018
selected-proofs	Run leanprover/lean-action@f061402b660e0c34644504b324e830f2991d4865	2026-10-07T14:46:06.0054891Z Downloaded: 6741 file(s) [attempted 6741/8690 = 77%, 2714 KB/s], Decompressed: 1018
selected-proofs	Run leanprover/lean-action@f061402b660e0c34644504b324e830f2991d4865	2026-10-07T14:46:06.1077299Z Downloaded: 6877 file(s) [attempted 6877/8690 = 79%, 5475 KB/s], Decompressed: 1018
selected-proofs	Run leanprover/lean-action@f061402b660e0c34644504b324e830f2991d4865	2026-10-07T14:46:06.2291635Z Downloaded: 7033 file(s) [attempted 7033/8690 = 80%, 3002 KB/s], Decompressed: 1018
selected-proofs	Run leanprover/lean-action@f061402b660e0c34644504b324e830f2991d4865	2026-10-07T14:46:06.3355337Z Downloaded: 7140 file(s) [attempted 7140/8690 = 82%, 2201 KB/s], Decompressed: 1018
selected-proofs	Run leanprover/lean-action@f061402b660e0c34644504b324e830f2991d4865	2026-10-07T14:46:06.4358835Z Downloaded: 7301 file(s) [attempted 7301/8690 = 84%, 4852 KB/s], Decompressed: 1018
selected-proofs	Run leanprover/lean-action@f061402b660e0c34644504b324e830f2991d4865	2026-10-07T14:46:06.5432752Z Downloaded: 7473 file(s) [attempted 7473/8690 = 85%, 2821 KB/s], Decompressed: 1018
selected-proofs	Run leanprover/lean-action@f061402b660e0c34644504b324e830f2991d4865	2026-10-07T14:46:06.6516973Z Downloaded: 7641 file(s) [attempted 7641/8690 = 87%, 327 KB/s], Decompressed: 1018
selected-proofs	Run leanprover/lean-action@f061402b660e0c34644504b324e830f2991d4865	2026-10-07T14:46:06.7515204Z Downloaded: 7808 file(s) [attempted 7808/8690 = 89%, 1507 KB/s], Decompressed: 1018
selected-proofs	Run leanprover/lean-action@f061402b660e0c34644504b324e830f2991d4865	2026-10-07T14:46:06.8513069Z Downloaded: 7951 file(s) [attempted 7951/8690 = 91%, 8020 KB/s], Decompressed: 1018
selected-proofs	Run leanprover/lean-action@f061402b660e0c34644504b324e830f2991d4865	2026-10-07T14:46:06.9592134Z Downloaded: 8095 file(s) [attempted 8095/8690 = 93%, 3890 KB/s], Decompressed: 1018
selected-proofs	Run leanprover/lean-action@f061402b660e0c34644504b324e830f2991d4865	2026-10-07T14:46:07.0615489Z Downloaded: 8207 file(s) [attempted 8207/8690 = 94%, 1223 KB/s], Decompressed: 1018
selected-proofs	Run leanprover/lean-action@f061402b660e0c34644504b324e830f2991d4865	2026-10-07T14:46:07.1693055Z Downloaded: 8316 file(s) [attempted 8316/8690 = 95%, 862 KB/s], Decompressed: 1018
selected-proofs	Run leanprover/lean-action@f061402b660e0c34644504b324e830f2991d4865	2026-10-07T14:46:07.2686384Z Downloaded: 8479 file(s) [attempted 8479/8690 = 97%, 4672 KB/s], Decompressed: 1018
selected-proofs	Run leanprover/lean-action@f061402b660e0c34644504b324e830f2991d4865	2026-10-07T14:46:07.3517558Z Downloaded: 8645 file(s) [attempted 8645/8690 = 99%, 1059 KB/s], Decompressed: 1018
selected-proofs	Run leanprover/lean-action@f061402b660e0c34644504b324e830f2991d4865	2026-10-07T14:46:07.3518180Z Downloaded: 8690 file(s) [attempted 8690/8690 = 100%, 1059 KB/s], Decompressed: 1018
selected-proofs	Run leanprover/lean-action@f061402b660e0c34644504b324e830f2991d4865	2026-10-07T14:46:42.2493339Z Decompressed 8690 file(s)
selected-proofs	Run leanprover/lean-action@f061402b660e0c34644504b324e830f2991d4865	2026-10-07T14:46:42.2495105Z Already decompressed 8690 file(s)
selected-proofs	Run leanprover/lean-action@f061402b660e0c34644504b324e830f2991d4865	2026-10-07T14:46:42.3216989Z ##[endgroup]
selected-proofs	Run leanprover/lean-action@f061402b660e0c34644504b324e830f2991d4865	2026-10-07T14:46:42.3217173Z 
selected-proofs	Run leanprover/lean-action@f061402b660e0c34644504b324e830f2991d4865	2026-10-07T14:46:42.3556033Z ##[end-action id=__leanprover_lean-action.__run_3;outcome=success;conclusion=success;duration_ms=95442]
selected-proofs	Run leanprover/lean-action@f061402b660e0c34644504b324e830f2991d4865	2026-10-07T14:46:42.3569680Z ##[start-action display=build alejandrozu/openmath-2026-judging;id=__leanprover_lean-action.build]
selected-proofs	Run leanprover/lean-action@f061402b660e0c34644504b324e830f2991d4865	2026-10-07T14:46:42.3759414Z ##[group]Run : Lake Build
selected-proofs	Run leanprover/lean-action@f061402b660e0c34644504b324e830f2991d4865	2026-10-07T14:46:42.3759621Z ^[[36;1m: Lake Build^[[0m
selected-proofs	Run leanprover/lean-action@f061402b660e0c34644504b324e830f2991d4865	2026-10-07T14:46:42.3759771Z ^[[36;1m${GITHUB_ACTION_PATH}/scripts/lake_build.sh^[[0m
selected-proofs	Run leanprover/lean-action@f061402b660e0c34644504b324e830f2991d4865	2026-10-07T14:46:42.3810933Z shell: /usr/bin/bash --noprofile --norc -e -o pipefail {0}
selected-proofs	Run leanprover/lean-action@f061402b660e0c34644504b324e830f2991d4865	2026-10-07T14:46:42.3811138Z env:
selected-proofs	Run leanprover/lean-action@f061402b660e0c34644504b324e830f2991d4865	2026-10-07T14:46:42.3811259Z   LEAN_NUM_THREADS: 1
selected-proofs	Run leanprover/lean-action@f061402b660e0c34644504b324e830f2991d4865	2026-10-07T14:46:42.3811377Z   BUILD_ARGS: 
selected-proofs	Run leanprover/lean-action@f061402b660e0c34644504b324e830f2991d4865	2026-10-07T14:46:42.3811488Z ##[endgroup]
selected-proofs	Run leanprover/lean-action@f061402b660e0c34644504b324e830f2991d4865	2026-10-07T14:46:42.3985875Z ##[group]Lake Build Output
selected-proofs	Run leanprover/lean-action@f061402b660e0c34644504b324e830f2991d4865	2026-10-07T14:46:43.4433048Z ✖ [1/238] Building ReviewExisting (235ms)
selected-proofs	Run leanprover/lean-action@f061402b660e0c34644504b324e830f2991d4865	2026-10-07T14:46:43.4439005Z trace: .> LEAN_PATH=/home/runner/work/openmath-2026-judging/openmath-2026-judging/robert-review-2026-10-07/lean/.lake/packages/Cli/.lake/build/lib/lean:/home/runner/work/openmath-2026-judging/openmath-2026-judging/robert-review-2026-10-07/lean/.lake/packages/batteries/.lake/build/lib/lean:/home/runner/work/openmath-2026-judging/openmath-2026-judging/robert-review-2026-10-07/lean/.lake/packages/Qq/.lake/build/lib/lean:/home/runner/work/openmath-2026-judging/openmath-2026-judging/robert-review-2026-10-07/lean/.lake/packages/aesop/.lake/build/lib/lean:/home/runner/work/openmath-2026-judging/openmath-2026-judging/robert-review-2026-10-07/lean/.lake/packages/proofwidgets/.lake/build/lib/lean:/home/runner/work/openmath-2026-judging/openmath-2026-judging/robert-review-2026-10-07/lean/.lake/packages/importGraph/.lake/build/lib/lean:/home/runner/work/openmath-2026-judging/openmath-2026-judging/robert-review-2026-10-07/lean/.lake/packages/LeanSearchClient/.lake/build/lib/lean:/home/runner/work/openmath-2026-judging/openmath-2026-judging/robert-review-2026-10-07/lean/.lake/packages/plausible/.lake/build/lib/lean:/home/runner/work/openmath-2026-judging/openmath-2026-judging/robert-review-2026-10-07/lean/.lake/packages/mathlib/.lake/build/lib/lean:/home/runner/work/openmath-2026-judging/openmath-2026-judging/robert-review-2026-10-07/lean/.lake/packages/formal_conjectures/.lake/build/lib/lean:/home/runner/work/openmath-2026-judging/openmath-2026-judging/robert-review-2026-10-07/lean/.lake/build/lib/lean /home/runner/.elan/toolchains/leanprover--lean4---v4.33.1/bin/lean /home/runner/work/openmath-2026-judging/openmath-2026-judging/robert-review-2026-10-07/lean/ReviewExisting.lean -o /home/runner/work/openmath-2026-judging/openmath-2026-judging/robert-review-2026-10-07/lean/.lake/build/lib/lean/ReviewExisting.olean -i /home/runner/work/openmath-2026-judging/openmath-2026-judging/robert-review-2026-10-07/lean/.lake/build/lib/lean/ReviewExisting.ilean -c /home/runner/work/openmath-2026-judging/openmath-2026-judging/robert-review-2026-10-07/lean/.lake/build/ir/ReviewExisting.c --setup /home/runner/work/openmath-2026-judging/openmath-2026-judging/robert-review-2026-10-07/lean/.lake/build/ir/ReviewExisting.setup.json --json
selected-proofs	Run leanprover/lean-action@f061402b660e0c34644504b324e830f2991d4865	2026-10-07T14:46:43.4446739Z error: ReviewExisting.lean:2:0: invalid 'import' command, it must be used in the beginning of the file
selected-proofs	Run leanprover/lean-action@f061402b660e0c34644504b324e830f2991d4865	2026-10-07T14:46:43.4447144Z error: Lean exited with code 1
selected-proofs	Run leanprover/lean-action@f061402b660e0c34644504b324e830f2991d4865	2026-10-07T14:46:47.0461057Z ✔ [3007/3055] Built Openmath.Proofs.ParabolaAlgebra104 (2.4s)
selected-proofs	Run leanprover/lean-action@f061402b660e0c34644504b324e830f2991d4865	2026-10-07T14:46:49.0479070Z ✔ [3053/3191] Built Openmath.Proofs.CubelikeForest (2.0s)
selected-proofs	Run leanprover/lean-action@f061402b660e0c34644504b324e830f2991d4865	2026-10-07T14:46:52.9521122Z ✔ [8710/8713] Built FormalConjecturesForMathlib.Algebra.GCDMonoid.Finset (690ms)
selected-proofs	Run leanprover/lean-action@f061402b660e0c34644504b324e830f2991d4865	2026-10-07T14:46:53.5529043Z ✔ [8711/8713] Built FormalConjecturesForMathlib.Algebra.GradedMonoid (664ms)
selected-proofs	Run leanprover/lean-action@f061402b660e0c34644504b324e830f2991d4865	2026-10-07T14:46:54.1536554Z ✔ [8712/8716] Built FormalConjecturesForMathlib.Algebra.Group.Action.Pointwise.Set.Basic (598ms)
selected-proofs	Run leanprover/lean-action@f061402b660e0c34644504b324e830f2991d4865	2026-10-07T14:46:54.8535025Z ✔ [8713/8717] Built FormalConjecturesForMathlib.Order.Filter.atTopBot.Finset (709ms)
selected-proofs	Run leanprover/lean-action@f061402b660e0c34644504b324e830f2991d4865	2026-10-07T14:46:55.4542027Z ✔ [8714/8717] Built FormalConjecturesForMathlib.Algebra.Group.Indicator (572ms)
selected-proofs	Run leanprover/lean-action@f061402b660e0c34644504b324e830f2991d4865	2026-10-07T14:46:57.4564377Z ✔ [8715/8718] Built FormalConjecturesForMathlib.Algebra.Group.GrowthFunction (1.0s)
selected-proofs	Run leanprover/lean-action@f061402b660e0c34644504b324e830f2991d4865	2026-10-07T14:46:59.8589541Z ✔ [8716/8719] Built FormalConjecturesForMathlib.Algebra.Homology.DerivedCategory.Ext.GradedAlgebra (2.4s)
selected-proofs	Run leanprover/lean-action@f061402b660e0c34644504b324e830f2991d4865	2026-10-07T14:47:00.7600061Z ✔ [8717/8720] Built FormalConjecturesForMathlib.Algebra.MvPolynomial.PoissonBracket (964ms)
selected-proofs	Run leanprover/lean-action@f061402b660e0c34644504b324e830f2991d4865	2026-10-07T14:47:01.6609925Z ✔ [8718/8721] Built FormalConjecturesForMathlib.Algebra.MvPolynomial.RegularFunction (870ms)
selected-proofs	Run leanprover/lean-action@f061402b660e0c34644504b324e830f2991d4865	2026-10-07T14:47:03.1626432Z ✔ [8719/8722] Built FormalConjecturesForMathlib.Algebra.Order.Group.Pointwise.Interval (1.5s)
selected-proofs	Run leanprover/lean-action@f061402b660e0c34644504b324e830f2991d4865	2026-10-07T14:47:04.2637643Z ✔ [8720/8723] Built FormalConjecturesForMathlib.Algebra.Polynomial.Algebra (1.1s)
selected-proofs	Run leanprover/lean-action@f061402b660e0c34644504b324e830f2991d4865	2026-10-07T14:47:05.0646604Z ✔ [8721/8724] Built FormalConjecturesForMathlib.Algebra.Polynomial.Basic (785ms)
selected-proofs	Run leanprover/lean-action@f061402b660e0c34644504b324e830f2991d4865	2026-10-07T14:47:05.8643124Z ✔ [8722/8725] Built FormalConjecturesForMathlib.Algebra.Polynomial.HasseDeriv (852ms)
selected-proofs	Run leanprover/lean-action@f061402b660e0c34644504b324e830f2991d4865	2026-10-07T14:47:06.8656059Z ✔ [8723/8726] Built FormalConjecturesForMathlib.Algebra.Powerfree (968ms)
selected-proofs	Run leanprover/lean-action@f061402b660e0c34644504b324e830f2991d4865	2026-10-07T14:47:08.0657679Z ✔ [8724/8727] Built FormalConjecturesForMathlib.Algebra.QuadraticAlgebra.Instances (1.2s)
selected-proofs	Run leanprover/lean-action@f061402b660e0c34644504b324e830f2991d4865	2026-10-07T14:47:08.9673628Z ✔ [8725/8728] Built FormalConjecturesForMathlib.Algebra.Ring.PythagorasNumber (883ms)
selected-proofs	Run leanprover/lean-action@f061402b660e0c34644504b324e830f2991d4865	2026-10-07T14:47:10.2678247Z ✔ [8726/8729] Built FormalConjecturesForMathlib.AlgebraicGeometry.EllipticCurve.GlobalPeriod (1.3s)
selected-proofs	Run leanprover/lean-action@f061402b660e0c34644504b324e830f2991d4865	2026-10-07T14:47:11.6693596Z ✔ [8727/8730] Built FormalConjecturesForMathlib.AlgebraicGeometry.EllipticCurve.MinimalDiscriminant (1.4s)
selected-proofs	Run leanprover/lean-action@f061402b660e0c34644504b324e830f2991d4865	2026-10-07T14:47:12.9707785Z ✔ [8728/8731] Built FormalConjecturesForMathlib.AlgebraicGeometry.EllipticCurve.Regulator (1.3s)
selected-proofs	Run leanprover/lean-action@f061402b660e0c34644504b324e830f2991d4865	2026-10-07T14:47:14.3722372Z ✔ [8729/8732] Built FormalConjecturesForMathlib.AlgebraicGeometry.EllipticCurve.Tamagawa (1.4s)
selected-proofs	Run leanprover/lean-action@f061402b660e0c34644504b324e830f2991d4865	2026-10-07T14:47:15.7736215Z ✔ [8730/8733] Built FormalConjecturesForMathlib.AlgebraicGeometry.ProjectiveSpace (1.4s)
selected-proofs	Run leanprover/lean-action@f061402b660e0c34644504b324e830f2991d4865	2026-10-07T14:47:17.0738570Z ✔ [8731/8734] Built FormalConjecturesForMathlib.AlgebraicGeometry.VectorBundle (1.3s)
selected-proofs	Run leanprover/lean-action@f061402b660e0c34644504b324e830f2991d4865	2026-10-07T14:47:18.0750053Z ✔ [8732/8735] Built FormalConjecturesForMathlib.Analysis.Asymptotics.Basic (1.0s)
selected-proofs	Run leanprover/lean-action@f061402b660e0c34644504b324e830f2991d4865	2026-10-07T14:47:19.0752398Z ✔ [8733/8735] Built FormalConjecturesForMathlib.Analysis.Equidistribution.ModOne (971ms)
selected-proofs	Run leanprover/lean-action@f061402b660e0c34644504b324e830f2991d4865	2026-10-07T14:47:20.6777268Z ✔ [8734/8738] Built FormalConjecturesForMathlib.Analysis.Fourier.SpectralSets (1.6s)
selected-proofs	Run leanprover/lean-action@f061402b660e0c34644504b324e830f2991d4865	2026-10-07T14:47:21.6789500Z ✔ [8735/8739] Built FormalConjecturesForMathlib.Topology.Algebra.InfiniteSum.Group (1.0s)
selected-proofs	Run leanprover/lean-action@f061402b660e0c34644504b324e830f2991d4865	2026-10-07T14:47:22.6800562Z ✔ [8736/8740] Built FormalConjecturesForMathlib.Topology.Algebra.InfiniteSum.Order (1.0s)
selected-proofs	Run leanprover/lean-action@f061402b660e0c34644504b324e830f2991d4865	2026-10-07T14:47:23.9814447Z ✔ [8737/8740] Built FormalConjecturesForMathlib.Analysis.Matrix.Spectrum (1.2s)
selected-proofs	Run leanprover/lean-action@f061402b660e0c34644504b324e830f2991d4865	2026-10-07T14:47:25.3829184Z ✔ [8738/8741] Built FormalConjecturesForMathlib.Analysis.HasGaps (1.4s)
selected-proofs	Run leanprover/lean-action@f061402b660e0c34644504b324e830f2991d4865	2026-10-07T14:47:26.3841103Z ✔ [8739/8742] Built FormalConjecturesForMathlib.Analysis.Real.Cardinality (987ms)
selected-proofs	Run leanprover/lean-action@f061402b660e0c34644504b324e830f2991d4865	2026-10-07T14:47:27.4852925Z ✔ [8740/8743] Built FormalConjecturesForMathlib.Analysis.SpecialFunctions.AdditiveCharacter (1.2s)
selected-proofs	Run leanprover/lean-action@f061402b660e0c34644504b324e830f2991d4865	2026-10-07T14:47:29.1870322Z ✔ [8741/8744] Built FormalConjecturesForMathlib.Analysis.SpecialFunctions.Log.Basic (1.7s)
selected-proofs	Run leanprover/lean-action@f061402b660e0c34644504b324e830f2991d4865	2026-10-07T14:47:30.4885661Z ✔ [8742/8744] Built FormalConjecturesForMathlib.Analysis.SpecialFunctions.NthRoot (1.3s)
selected-proofs	Run leanprover/lean-action@f061402b660e0c34644504b324e830f2991d4865	2026-10-07T14:47:31.6901260Z ✔ [8743/8747] Built FormalConjecturesForMathlib.Combinatorics.AP.Basic (1.2s)
selected-proofs	Run leanprover/lean-action@f061402b660e0c34644504b324e830f2991d4865	2026-10-07T14:47:32.3908491Z ✔ [8744/8748] Built FormalConjecturesForMathlib.Order.Filter.Cofinite (765ms)
selected-proofs	Run leanprover/lean-action@f061402b660e0c34644504b324e830f2991d4865	2026-10-07T14:47:33.4919712Z ✔ [8745/8748] Built FormalConjecturesForMathlib.Combinatorics.Additive.Convolution (1.0s)
selected-proofs	Run leanprover/lean-action@f061402b660e0c34644504b324e830f2991d4865	2026-10-07T14:47:34.9934805Z ✔ [8746/8749] Built FormalConjecturesForMathlib.Combinatorics.Additive.Basis (1.5s)
selected-proofs	Run leanprover/lean-action@f061402b660e0c34644504b324e830f2991d4865	2026-10-07T14:47:38.0993378Z ✔ [8747/8750] Built FormalConjecturesForMathlib.Combinatorics.Additive.Coset (3.1s)
selected-proofs	Run leanprover/lean-action@f061402b660e0c34644504b324e830f2991d4865	2026-10-07T14:47:38.9001460Z ✔ [8748/8750] Built FormalConjecturesForMathlib.Combinatorics.Additive.DifferenceBasis (782ms)
selected-proofs	Run leanprover/lean-action@f061402b660e0c34644504b324e830f2991d4865	2026-10-07T14:47:39.5007557Z ✔ [8749/8753] Built FormalConjecturesForMathlib.Combinatorics.Additive.RestrictedSumset (677ms)
selected-proofs	Run leanprover/lean-action@f061402b660e0c34644504b324e830f2991d4865	2026-10-07T14:47:40.4027875Z ✔ [8750/8754] Built FormalConjecturesForMathlib.Combinatorics.SetFamily.VCDim (835ms)
selected-proofs	Run leanprover/lean-action@f061402b660e0c34644504b324e830f2991d4865	2026-10-07T14:47:43.4068793Z ✔ [8751/8754] Built FormalConjecturesForMathlib.Combinatorics.Basic (3.0s)
selected-proofs	Run leanprover/lean-action@f061402b660e0c34644504b324e830f2991d4865	2026-10-07T14:47:44.9126727Z ✔ [8752/8755] Built FormalConjecturesForMathlib.Combinatorics.Additive.VCDim (1.5s)
selected-proofs	Run leanprover/lean-action@f061402b660e0c34644504b324e830f2991d4865	2026-10-07T14:47:45.7125744Z ✔ [8753/8756] Built FormalConjecturesForMathlib.Combinatorics.Digraph.Tournament (814ms)
selected-proofs	Run leanprover/lean-action@f061402b660e0c34644504b324e830f2991d4865	2026-10-07T14:47:46.5137474Z ✔ [8754/8757] Built FormalConjecturesForMathlib.Combinatorics.Hypergraph.ThreeUniform (780ms)
selected-proofs	Run leanprover/lean-action@f061402b660e0c34644504b324e830f2991d4865	2026-10-07T14:47:47.4147256Z ✔ [8755/8758] Built FormalConjecturesForMathlib.Combinatorics.LatinSquare (838ms)
selected-proofs	Run leanprover/lean-action@f061402b660e0c34644504b324e830f2991d4865	2026-10-07T14:47:48.7162191Z ✔ [8756/8759] Built FormalConjecturesForMathlib.Combinatorics.LimitObjects.Graphon (1.3s)
selected-proofs	Run leanprover/lean-action@f061402b660e0c34644504b324e830f2991d4865	2026-10-07T14:47:49.9175852Z ✔ [8757/8760] Built FormalConjecturesForMathlib.Combinatorics.LimitObjects.Tournamenton (1.2s)
selected-proofs	Run leanprover/lean-action@f061402b660e0c34644504b324e830f2991d4865	2026-10-07T14:47:50.6183150Z ✔ [8758/8761] Built FormalConjecturesForMathlib.Combinatorics.Ramsey (732ms)
selected-proofs	Run leanprover/lean-action@f061402b660e0c34644504b324e830f2991d4865	2026-10-07T14:47:51.6194479Z ✔ [8759/8762] Built FormalConjecturesForMathlib.Combinatorics.Ramsey.Diagonal (970ms)
selected-proofs	Run leanprover/lean-action@f061402b660e0c34644504b324e830f2991d4865	2026-10-07T14:47:52.2200544Z ✔ [8760/8762] Built FormalConjecturesForMathlib.Combinatorics.SetFamily.PropertyB (640ms)
selected-proofs	Run leanprover/lean-action@f061402b660e0c34644504b324e830f2991d4865	2026-10-07T14:47:53.0209792Z ✔ [8761/8765] Built FormalConjecturesForMathlib.Combinatorics.SetFamily.Sunflower (790ms)
selected-proofs	Run leanprover/lean-action@f061402b660e0c34644504b324e830f2991d4865	2026-10-07T14:47:53.9222645Z ✔ [8762/8765] Built FormalConjecturesForMathlib.Data.Set.Triplewise (877ms)
selected-proofs	Run leanprover/lean-action@f061402b660e0c34644504b324e830f2991d4865	2026-10-07T14:47:54.6230701Z ✔ [8763/8765] Built FormalConjecturesForMathlib.Combinatorics.SetTheory.PartitionRelation (727ms)
selected-proofs	Run leanprover/lean-action@f061402b660e0c34644504b324e830f2991d4865	2026-10-07T14:47:55.4238653Z ✔ [8764/8768] Built FormalConjecturesForMathlib.Combinatorics.SetFamily.UnionFree (737ms)
selected-proofs	Run leanprover/lean-action@f061402b660e0c34644504b324e830f2991d4865	2026-10-07T14:47:56.5251373Z ✔ [8765/8769] Built FormalConjecturesForMathlib.Combinatorics.SimpleGraph.Degrees (1.1s)
selected-proofs	Run leanprover/lean-action@f061402b660e0c34644504b324e830f2991d4865	2026-10-07T14:47:57.2249367Z ✔ [8766/8769] Built FormalConjecturesForMathlib.Combinatorics.SimpleGraph.Balanced (717ms)
selected-proofs	Run leanprover/lean-action@f061402b660e0c34644504b324e830f2991d4865	2026-10-07T14:47:58.1259147Z ✔ [8767/8770] Built FormalConjecturesForMathlib.Combinatorics.SimpleGraph.AnnihilationNumber (900ms)
selected-proofs	Run leanprover/lean-action@f061402b660e0c34644504b324e830f2991d4865	2026-10-07T14:47:58.8267072Z ✔ [8768/8771] Built FormalConjecturesForMathlib.Combinatorics.SimpleGraph.Circumference (724ms)
selected-proofs	Run leanprover/lean-action@f061402b660e0c34644504b324e830f2991d4865	2026-10-07T14:47:59.8277292Z ✔ [8769/8772] Built FormalConjecturesForMathlib.Combinatorics.SimpleGraph.Clique (919ms)
selected-proofs	Run leanprover/lean-action@f061402b660e0c34644504b324e830f2991d4865	2026-10-07T14:48:01.2301282Z ✔ [8770/8773] Built FormalConjecturesForMathlib.Combinatorics.SimpleGraph.Coloring.Vertex (1.5s)
selected-proofs	Run leanprover/lean-action@f061402b660e0c34644504b324e830f2991d4865	2026-10-07T14:48:01.9309542Z ✔ [8771/8774] Built FormalConjecturesForMathlib.Combinatorics.SimpleGraph.CompleteGraphEdgeCount (707ms)
selected-proofs	Run leanprover/lean-action@f061402b660e0c34644504b324e830f2991d4865	2026-10-07T14:48:02.8320189Z ✔ [8772/8774] Built FormalConjecturesForMathlib.Combinatorics.SimpleGraph.Connectivity (924ms)
selected-proofs	Run leanprover/lean-action@f061402b660e0c34644504b324e830f2991d4865	2026-10-07T14:48:03.8331577Z ✔ [8773/8776] Built FormalConjecturesForMathlib.Combinatorics.SimpleGraph.Cvetkovic (956ms)
selected-proofs	Run leanprover/lean-action@f061402b660e0c34644504b324e830f2991d4865	2026-10-07T14:48:04.6361091Z ✔ [8774/8777] Built FormalConjecturesForMathlib.Combinatorics.SimpleGraph.Cycle (826ms)
selected-proofs	Run leanprover/lean-action@f061402b660e0c34644504b324e830f2991d4865	2026-10-07T14:48:05.4371277Z ✔ [8775/8778] Built FormalConjecturesForMathlib.Combinatorics.SimpleGraph.CycleRank (743ms)
selected-proofs	Run leanprover/lean-action@f061402b660e0c34644504b324e830f2991d4865	2026-10-07T14:48:06.1387012Z ✔ [8776/8779] Built FormalConjecturesForMathlib.Combinatorics.SimpleGraph.Decomposition (763ms)
selected-proofs	Run leanprover/lean-action@f061402b660e0c34644504b324e830f2991d4865	2026-10-07T14:48:06.8387828Z ✔ [8777/8780] Built FormalConjecturesForMathlib.Combinatorics.SimpleGraph.Degeneracy (709ms)
selected-proofs	Run leanprover/lean-action@f061402b660e0c34644504b324e830f2991d4865	2026-10-07T14:48:07.6396333Z ✔ [8778/8780] Built FormalConjecturesForMathlib.Combinatorics.SimpleGraph.DiamExtra (808ms)
selected-proofs	Run leanprover/lean-action@f061402b660e0c34644504b324e830f2991d4865	2026-10-07T14:48:08.5412726Z ✔ [8779/8783] Built FormalConjecturesForMathlib.Combinatorics.SimpleGraph.Domination (884ms)
selected-proofs	Run leanprover/lean-action@f061402b660e0c34644504b324e830f2991d4865	2026-10-07T14:48:09.9439026Z ✔ [8780/8784] Built FormalConjecturesForMathlib.Combinatorics.SimpleGraph.VertexDistance (1.4s)
selected-proofs	Run leanprover/lean-action@f061402b660e0c34644504b324e830f2991d4865	2026-10-07T14:48:10.6455734Z ✔ [8781/8784] Built FormalConjecturesForMathlib.Combinatorics.SimpleGraph.EdgeColouring (752ms)
selected-proofs	Run leanprover/lean-action@f061402b660e0c34644504b324e830f2991d4865	2026-10-07T14:48:11.7448961Z ✔ [8782/8785] Built FormalConjecturesForMathlib.Combinatorics.SimpleGraph.Eccentricity (1.1s)
selected-proofs	Run leanprover/lean-action@f061402b660e0c34644504b324e830f2991d4865	2026-10-07T14:48:12.5458562Z ✔ [8783/8786] Built FormalConjecturesForMathlib.Combinatorics.SimpleGraph.FractionalAlpha (778ms)
selected-proofs	Run leanprover/lean-action@f061402b660e0c34644504b324e830f2991d4865	2026-10-07T14:48:13.4470532Z ✔ [8784/8787] Built FormalConjecturesForMathlib.Combinatorics.SimpleGraph.HarmonicIndex (835ms)
selected-proofs	Run leanprover/lean-action@f061402b660e0c34644504b324e830f2991d4865	2026-10-07T14:48:14.4481362Z ✔ [8785/8788] Built FormalConjecturesForMathlib.Combinatorics.SimpleGraph.HomDensity (1.0s)
selected-proofs	Run leanprover/lean-action@f061402b660e0c34644504b324e830f2991d4865	2026-10-07T14:48:15.1488897Z ✔ [8786/8789] Built FormalConjecturesForMathlib.Combinatorics.SimpleGraph.Hypercube (710ms)
selected-proofs	Run leanprover/lean-action@f061402b660e0c34644504b324e830f2991d4865	2026-10-07T14:48:16.0498610Z ✔ [8787/8789] Built FormalConjecturesForMathlib.Combinatorics.SimpleGraph.Independence (889ms)
selected-proofs	Run leanprover/lean-action@f061402b660e0c34644504b324e830f2991d4865	2026-10-07T14:48:16.8515482Z ✔ [8788/8791] Built FormalConjecturesForMathlib.Combinatorics.SimpleGraph.Induced (885ms)
selected-proofs	Run leanprover/lean-action@f061402b660e0c34644504b324e830f2991d4865	2026-10-07T14:48:18.0538739Z ✔ [8789/8793] Built FormalConjecturesForMathlib.Combinatorics.SimpleGraph.LargestInducedTree (1.1s)
selected-proofs	Run leanprover/lean-action@f061402b660e0c34644504b324e830f2991d4865	2026-10-07T14:48:19.1559484Z ✔ [8790/8794] Built FormalConjecturesForMathlib.Combinatorics.SimpleGraph.InducedTreeNeighborhood (1.1s)
selected-proofs	Run leanprover/lean-action@f061402b660e0c34644504b324e830f2991d4865	2026-10-07T14:48:19.8566894Z ✔ [8791/8795] Built FormalConjecturesForMathlib.Data.Finset.Card (635ms)
selected-proofs	Run leanprover/lean-action@f061402b660e0c34644504b324e830f2991d4865	2026-10-07T14:48:21.4590874Z ✔ [8792/8795] Built FormalConjecturesForMathlib.Combinatorics.SimpleGraph.LovaszTheta (1.6s)
selected-proofs	Run leanprover/lean-action@f061402b660e0c34644504b324e830f2991d4865	2026-10-07T14:48:22.1626214Z ✔ [8793/8796] Built FormalConjecturesForMathlib.Combinatorics.SimpleGraph.Johnson (797ms)
selected-proofs	Run leanprover/lean-action@f061402b660e0c34644504b324e830f2991d4865	2026-10-07T14:48:23.1609223Z ✔ [8794/8797] Built FormalConjecturesForMathlib.Combinatorics.SimpleGraph.Matching (936ms)
selected-proofs	Run leanprover/lean-action@f061402b660e0c34644504b324e830f2991d4865	2026-10-07T14:48:23.8617636Z ✔ [8795/8798] Built FormalConjecturesForMathlib.Combinatorics.SimpleGraph.PathCover (732ms)
selected-proofs	Run leanprover/lean-action@f061402b660e0c34644504b324e830f2991d4865	2026-10-07T14:48:24.6625148Z ✔ [8796/8799] Built FormalConjecturesForMathlib.Combinatorics.SimpleGraph.Prod (758ms)
selected-proofs	Run leanprover/lean-action@f061402b660e0c34644504b324e830f2991d4865	2026-10-07T14:48:25.3633150Z ✔ [8797/8800] Built FormalConjecturesForMathlib.Combinatorics.SimpleGraph.QuasiLineGraph (735ms)
selected-proofs	Run leanprover/lean-action@f061402b660e0c34644504b324e830f2991d4865	2026-10-07T14:48:26.1641691Z ✔ [8798/8801] Built FormalConjecturesForMathlib.Combinatorics.SimpleGraph.Ramsey (791ms)
selected-proofs	Run leanprover/lean-action@f061402b660e0c34644504b324e830f2991d4865	2026-10-07T14:48:26.9650027Z ✔ [8799/8802] Built FormalConjecturesForMathlib.Combinatorics.SimpleGraph.Residue (781ms)
selected-proofs	Run leanprover/lean-action@f061402b660e0c34644504b324e830f2991d4865	2026-10-07T14:48:27.8660705Z ✔ [8800/8803] Built FormalConjecturesForMathlib.Combinatorics.SimpleGraph.Saturation (932ms)
selected-proofs	Run leanprover/lean-action@f061402b660e0c34644504b324e830f2991d4865	2026-10-07T14:48:28.5667444Z ✔ [8801/8804] Built FormalConjecturesForMathlib.Combinatorics.SimpleGraph.SizeRamsey (736ms)
selected-proofs	Run leanprover/lean-action@f061402b660e0c34644504b324e830f2991d4865	2026-10-07T14:48:29.4677048Z ✔ [8802/8805] Built FormalConjecturesForMathlib.Combinatorics.SimpleGraph.SpanningTree (851ms)
selected-proofs	Run leanprover/lean-action@f061402b660e0c34644504b324e830f2991d4865	2026-10-07T14:48:30.1684395Z ✔ [8803/8806] Built FormalConjecturesForMathlib.Combinatorics.SimpleGraph.SubgraphIsomorphism (733ms)
selected-proofs	Run leanprover/lean-action@f061402b660e0c34644504b324e830f2991d4865	2026-10-07T14:48:31.2696325Z ✔ [8804/8806] Built FormalConjecturesForMathlib.Combinatorics.SimpleGraph.SzegedIndex (1.1s)
selected-proofs	Run leanprover/lean-action@f061402b660e0c34644504b324e830f2991d4865	2026-10-07T14:48:31.9693041Z ✔ [8805/8809] Built FormalConjecturesForMathlib.Combinatorics.SimpleGraph.Temperature (741ms)
selected-proofs	Run leanprover/lean-action@f061402b660e0c34644504b324e830f2991d4865	2026-10-07T14:48:33.1734553Z ✔ [8806/8810] Built FormalConjecturesForMathlib.Geometry.Euclidean (1.2s)
selected-proofs	Run leanprover/lean-action@f061402b660e0c34644504b324e830f2991d4865	2026-10-07T14:48:33.9743616Z ✔ [8807/8810] Built FormalConjecturesForMathlib.Combinatorics.SimpleGraph.WellTotallyDominated (725ms)
selected-proofs	Run leanprover/lean-action@f061402b660e0c34644504b324e830f2991d4865	2026-10-07T14:48:35.1757403Z ✔ [8808/8811] Built FormalConjecturesForMathlib.Combinatorics.SimpleGraph.UnitDistancePlaneGraph (1.2s)
selected-proofs	Run leanprover/lean-action@f061402b660e0c34644504b324e830f2991d4865	2026-10-07T14:48:36.3770377Z ✔ [8809/8812] Built FormalConjecturesForMathlib.Combinatorics.SimpleGraph.WienerIndex (1.2s)
selected-proofs	Run leanprover/lean-action@f061402b660e0c34644504b324e830f2991d4865	2026-10-07T14:48:37.0768351Z ✔ [8810/8813] Built FormalConjecturesForMathlib.Combinatorics.YoungDiagram (715ms)
selected-proofs	Run leanprover/lean-action@f061402b660e0c34644504b324e830f2991d4865	2026-10-07T14:48:37.7775817Z ✔ [8811/8814] Built FormalConjecturesForMathlib.Computability.AutomaticSequence (704ms)
selected-proofs	Run leanprover/lean-action@f061402b660e0c34644504b324e830f2991d4865	2026-10-07T14:48:38.7788778Z ✔ [8812/8815] Built FormalConjecturesForMathlib.Computability.BitstringEncoding (983ms)
selected-proofs	Run leanprover/lean-action@f061402b660e0c34644504b324e830f2991d4865	2026-10-07T14:48:39.5797440Z ✔ [8813/8816] Built FormalConjecturesForMathlib.Computability.Complexity (815ms)
selected-proofs	Run leanprover/lean-action@f061402b660e0c34644504b324e830f2991d4865	2026-10-07T14:48:40.2807221Z ✔ [8814/8816] Built FormalConjecturesForMathlib.Computability.DFA (734ms)
selected-proofs	Run leanprover/lean-action@f061402b660e0c34644504b324e830f2991d4865	2026-10-07T14:48:40.9814547Z ✔ [8815/8819] Built FormalConjecturesForMathlib.Computability.Primrec (661ms)
selected-proofs	Run leanprover/lean-action@f061402b660e0c34644504b324e830f2991d4865	2026-10-07T14:48:41.6812606Z ✔ [8816/8820] Built FormalConjecturesForMathlib.Computability.TuringMachine.PostTuringMachine (718ms)
selected-proofs	Run leanprover/lean-action@f061402b660e0c34644504b324e830f2991d4865	2026-10-07T14:48:42.5826990Z ✔ [8817/8821] Built FormalConjecturesForMathlib.Computability.TuringMachine.BusyBeavers (934ms)
selected-proofs	Run leanprover/lean-action@f061402b660e0c34644504b324e830f2991d4865	2026-10-07T14:48:43.0832141Z ✔ [8818/8821] Built FormalConjecturesForMathlib.Data.Bool.Basic (436ms)
selected-proofs	Run leanprover/lean-action@f061402b660e0c34644504b324e830f2991d4865	2026-10-07T14:48:44.4851586Z ✔ [8819/8822] Built FormalConjecturesForMathlib.Computability.TuringMachine.Notation (1.5s)
selected-proofs	Run leanprover/lean-action@f061402b660e0c34644504b324e830f2991d4865	2026-10-07T14:48:45.2856400Z ✔ [8820/8823] Built FormalConjecturesForMathlib.Data.Finset.Powerset (755ms)
selected-proofs	Run leanprover/lean-action@f061402b660e0c34644504b324e830f2991d4865	2026-10-07T14:48:45.9864617Z ✔ [8821/8824] Built FormalConjecturesForMathlib.Data.Finset.ReciprocalSum (703ms)
selected-proofs	Run leanprover/lean-action@f061402b660e0c34644504b324e830f2991d4865	2026-10-07T14:48:46.4869881Z ✔ [8822/8825] Built FormalConjecturesForMathlib.Data.Int.IntermediateValue (508ms)
selected-proofs	Run leanprover/lean-action@f061402b660e0c34644504b324e830f2991d4865	2026-10-07T14:48:46.8874085Z ✔ [8823/8826] Built FormalConjecturesForMathlib.Data.Int.Order.Basic (460ms)
selected-proofs	Run leanprover/lean-action@f061402b660e0c34644504b324e830f2991d4865	2026-10-07T14:48:47.7883302Z ✔ [8824/8827] Built FormalConjecturesForMathlib.Data.Nat.Factorization.Basic (856ms)
selected-proofs	Run leanprover/lean-action@f061402b660e0c34644504b324e830f2991d4865	2026-10-07T14:48:48.6892659Z ✔ [8825/8828] Built FormalConjecturesForMathlib.Data.Nat.Full (900ms)
selected-proofs	Run leanprover/lean-action@f061402b660e0c34644504b324e830f2991d4865	2026-10-07T14:48:49.0896090Z ✔ [8826/8829] Built FormalConjecturesForMathlib.Data.Nat.Init (449ms)
selected-proofs	Run leanprover/lean-action@f061402b660e0c34644504b324e830f2991d4865	2026-10-07T14:48:49.9906059Z ✔ [8827/8830] Built FormalConjecturesForMathlib.Data.Nat.MaxPrimeFac (857ms)
selected-proofs	Run leanprover/lean-action@f061402b660e0c34644504b324e830f2991d4865	2026-10-07T14:48:51.4922218Z ✔ [8828/8831] Built FormalConjecturesForMathlib.Data.Nat.PerfectPower (1.5s)
selected-proofs	Run leanprover/lean-action@f061402b660e0c34644504b324e830f2991d4865	2026-10-07T14:48:52.0928028Z ✔ [8829/8832] Built FormalConjecturesForMathlib.Data.Nat.Prime.Composite (621ms)
selected-proofs	Run leanprover/lean-action@f061402b660e0c34644504b324e830f2991d4865	2026-10-07T14:48:52.7934973Z ✔ [8830/8833] Built FormalConjecturesForMathlib.Data.Nat.Prime.Defs (613ms)
selected-proofs	Run leanprover/lean-action@f061402b660e0c34644504b324e830f2991d4865	2026-10-07T14:48:53.3940899Z ✔ [8831/8834] Built FormalConjecturesForMathlib.Data.Nat.Prime.Finset (654ms)
selected-proofs	Run leanprover/lean-action@f061402b660e0c34644504b324e830f2991d4865	2026-10-07T14:48:54.0948357Z ✔ [8832/8835] Built FormalConjecturesForMathlib.Data.Nat.Prime.Infinite (643ms)
selected-proofs	Run leanprover/lean-action@f061402b660e0c34644504b324e830f2991d4865	2026-10-07T14:48:55.3966847Z ✔ [8833/8836] Built FormalConjecturesForMathlib.Data.Nat.Squarefree (1.4s)
selected-proofs	Run leanprover/lean-action@f061402b660e0c34644504b324e830f2991d4865	2026-10-07T14:48:56.5979464Z ✔ [8834/8836] Built FormalConjecturesForMathlib.Data.Real.Constants (1.1s)
selected-proofs	Run leanprover/lean-action@f061402b660e0c34644504b324e830f2991d4865	2026-10-07T14:48:57.2986071Z ✔ [8835/8838] Built FormalConjecturesForMathlib.Data.Real.NearestInt (742ms)
selected-proofs	Run leanprover/lean-action@f061402b660e0c34644504b324e830f2991d4865	2026-10-07T14:48:57.9993655Z ✔ [8836/8840] Built FormalConjecturesForMathlib.Data.Set.Interval (675ms)
selected-proofs	Run leanprover/lean-action@f061402b660e0c34644504b324e830f2991d4865	2026-10-07T14:48:58.8001835Z ✔ [8837/8841] Built FormalConjecturesForMathlib.Order.Interval.Finset.Basic (788ms)
selected-proofs	Run leanprover/lean-action@f061402b660e0c34644504b324e830f2991d4865	2026-10-07T14:48:59.5009177Z ✔ [8838/8842] Built FormalConjecturesForMathlib.Order.Interval.Finset.Nat (732ms)
selected-proofs	Run leanprover/lean-action@f061402b660e0c34644504b324e830f2991d4865	2026-10-07T14:49:00.2016209Z ✔ [8839/8842] Built FormalConjecturesForMathlib.Data.Sym.Sym2 (683ms)
selected-proofs	Run leanprover/lean-action@f061402b660e0c34644504b324e830f2991d4865	2026-10-07T14:49:01.9035939Z ✔ [8840/8842] Built FormalConjecturesForMathlib.Data.Set.Density (1.8s)
selected-proofs	Run leanprover/lean-action@f061402b660e0c34644504b324e830f2991d4865	2026-10-07T14:49:02.7062164Z ✔ [8841/8844] Built FormalConjecturesForMathlib.Data.ZMod.Fp (798ms)
selected-proofs	Run leanprover/lean-action@f061402b660e0c34644504b324e830f2991d4865	2026-10-07T14:49:03.4081709Z ✔ [8842/8845] Built FormalConjecturesForMathlib.Data.ZMod.PerfectDifferenceSet (665ms)
selected-proofs	Run leanprover/lean-action@f061402b660e0c34644504b324e830f2991d4865	2026-10-07T14:49:04.5093254Z ✔ [8843/8846] Built FormalConjecturesForMathlib.Dynamics.SymbolicDynamics.BlockComplexity (1.1s)
selected-proofs	Run leanprover/lean-action@f061402b660e0c34644504b324e830f2991d4865	2026-10-07T14:49:06.1108830Z ✔ [8844/8847] Built FormalConjecturesForMathlib.FieldTheory.MilnorKTheory (1.6s)
selected-proofs	Run leanprover/lean-action@f061402b660e0c34644504b324e830f2991d4865	2026-10-07T14:49:06.9128137Z ✔ [8845/8848] Built FormalConjecturesForMathlib.FieldTheory.MvRatFunc.Defs (867ms)
selected-proofs	Run leanprover/lean-action@f061402b660e0c34644504b324e830f2991d4865	2026-10-07T14:49:08.3133428Z ✔ [8846/8848] Built FormalConjecturesForMathlib.Geometry.Manifold.LieGroupPresentation (1.4s)
selected-proofs	Run leanprover/lean-action@f061402b660e0c34644504b324e830f2991d4865	2026-10-07T14:49:09.3144891Z ✔ [8847/8851] Built FormalConjecturesForMathlib.Geometry.Metric (1.0s)
selected-proofs	Run leanprover/lean-action@f061402b660e0c34644504b324e830f2991d4865	2026-10-07T14:49:10.0152886Z ✔ [8848/8852] Built FormalConjecturesForMathlib.Logic.Equiv.Fin.Rotate (667ms)
selected-proofs	Run leanprover/lean-action@f061402b660e0c34644504b324e830f2991d4865	2026-10-07T14:49:11.2169499Z ✔ [8849/8852] Built FormalConjecturesForMathlib.Geometry.«3d» (1.3s)
selected-proofs	Run leanprover/lean-action@f061402b660e0c34644504b324e830f2991d4865	2026-10-07T14:49:13.6233379Z ✔ [8850/8853] Built FormalConjecturesForMathlib.Geometry.«2d» (2.4s)
selected-proofs	Run leanprover/lean-action@f061402b660e0c34644504b324e830f2991d4865	2026-10-07T14:49:14.4241723Z ✔ [8851/8854] Built FormalConjecturesForMathlib.GroupTheory.Torsion (852ms)
selected-proofs	Run leanprover/lean-action@f061402b660e0c34644504b324e830f2991d4865	2026-10-07T14:49:14.7260883Z ✔ [8852/8855] Built FormalConjecturesForMathlib.Lean.Elab.InfoTree.Util (282ms)
selected-proofs	Run leanprover/lean-action@f061402b660e0c34644504b324e830f2991d4865	2026-10-07T14:49:15.6270715Z ✔ [8853/8856] Built FormalConjecturesForMathlib.LinearAlgebra.AffineSpace.Simplex.Basic (860ms)
selected-proofs	Run leanprover/lean-action@f061402b660e0c34644504b324e830f2991d4865	2026-10-07T14:49:16.6282961Z ✔ [8854/8857] Built FormalConjecturesForMathlib.LinearAlgebra.GeneralLinearGroup (1.0s)
selected-proofs	Run leanprover/lean-action@f061402b660e0c34644504b324e830f2991d4865	2026-10-07T14:49:17.7295284Z ✔ [8855/8857] Built FormalConjecturesForMathlib.LinearAlgebra.QuadraticForm.UInvariant (1.1s)
selected-proofs	Run leanprover/lean-action@f061402b660e0c34644504b324e830f2991d4865	2026-10-07T14:49:18.7307423Z ✔ [8856/8860] Built FormalConjecturesForMathlib.LinearAlgebra.SpecialLinearGroup (986ms)
selected-proofs	Run leanprover/lean-action@f061402b660e0c34644504b324e830f2991d4865	2026-10-07T14:49:19.6317753Z ✔ [8857/8861] Built FormalConjecturesForMathlib.ModelTheory.Encoding (895ms)
selected-proofs	Run leanprover/lean-action@f061402b660e0c34644504b324e830f2991d4865	2026-10-07T14:49:20.7318748Z ✔ [8858/8861] Built FormalConjecturesForMathlib.ModelTheory.Real (1.2s)
selected-proofs	Run leanprover/lean-action@f061402b660e0c34644504b324e830f2991d4865	2026-10-07T14:49:21.6335495Z ✔ [8859/8862] Built FormalConjecturesForMathlib.ModelTheory.Decidability (859ms)
selected-proofs	Run leanprover/lean-action@f061402b660e0c34644504b324e830f2991d4865	2026-10-07T14:49:22.4365366Z ✔ [8860/8863] Built FormalConjecturesForMathlib.NumberTheory.AdditionChain (829ms)
selected-proofs	Run leanprover/lean-action@f061402b660e0c34644504b324e830f2991d4865	2026-10-07T14:49:23.0371662Z ✔ [8861/8864] Built FormalConjecturesForMathlib.NumberTheory.AdditiveComplement (604ms)
selected-proofs	Run leanprover/lean-action@f061402b660e0c34644504b324e830f2991d4865	2026-10-07T14:49:24.1383450Z ✔ [8862/8865] Built FormalConjecturesForMathlib.NumberTheory.AdditivelyComplete (1.0s)
selected-proofs	Run leanprover/lean-action@f061402b660e0c34644504b324e830f2991d4865	2026-10-07T14:49:24.8390498Z ✔ [8863/8865] Built FormalConjecturesForMathlib.NumberTheory.AlmostPrime (769ms)
selected-proofs	Run leanprover/lean-action@f061402b660e0c34644504b324e830f2991d4865	2026-10-07T14:49:25.7399781Z ✔ [8864/8867] Built FormalConjecturesForMathlib.NumberTheory.Amicable (871ms)
selected-proofs	Run leanprover/lean-action@f061402b660e0c34644504b324e830f2991d4865	2026-10-07T14:49:26.6411929Z ✔ [8865/8867] Built FormalConjecturesForMathlib.NumberTheory.NormalNumber (881ms)
selected-proofs	Run leanprover/lean-action@f061402b660e0c34644504b324e830f2991d4865	2026-10-07T14:49:27.4410458Z ✔ [8866/8871] Built FormalConjecturesForMathlib.NumberTheory.AutomaticNumber (800ms)
selected-proofs	Run leanprover/lean-action@f061402b660e0c34644504b324e830f2991d4865	2026-10-07T14:49:30.9471715Z ✔ [8867/8872] Built FormalConjecturesForMathlib.NumberTheory.AutomorphicForm.BorelJacquet.LieDeriv (3.5s)
selected-proofs	Run leanprover/lean-action@f061402b660e0c34644504b324e830f2991d4865	2026-10-07T14:49:33.2494730Z ✔ [8868/8872] Built FormalConjecturesForMathlib.NumberTheory.AutomorphicForm.BorelJacquet.Subgroups (2.3s)
selected-proofs	Run leanprover/lean-action@f061402b660e0c34644504b324e830f2991d4865	2026-10-07T14:49:40.1566926Z ✔ [8869/8873] Built FormalConjecturesForMathlib.NumberTheory.AutomorphicForm.BorelJacquet.CenterAction (6.9s)
selected-proofs	Run leanprover/lean-action@f061402b660e0c34644504b324e830f2991d4865	2026-10-07T14:49:40.8574727Z ✔ [8870/8873] Built FormalConjecturesForMathlib.NumberTheory.BeurlingPrimes (743ms)
selected-proofs	Run leanprover/lean-action@f061402b660e0c34644504b324e830f2991d4865	2026-10-07T14:49:43.6603035Z ✔ [8871/8874] Built FormalConjecturesForMathlib.NumberTheory.AutomorphicForm.BorelJacquet (2.8s)
selected-proofs	Run leanprover/lean-action@f061402b660e0c34644504b324e830f2991d4865	2026-10-07T14:49:46.0639769Z ✔ [8872/8875] Built FormalConjecturesForMathlib.NumberTheory.Carmichael (2.5s)
selected-proofs	Run leanprover/lean-action@f061402b660e0c34644504b324e830f2991d4865	2026-10-07T14:49:46.9643095Z ✔ [8873/8876] Built FormalConjecturesForMathlib.NumberTheory.CoveringSystem (826ms)
selected-proofs	Run leanprover/lean-action@f061402b660e0c34644504b324e830f2991d4865	2026-10-07T14:49:47.6640563Z ✔ [8874/8877] Built FormalConjecturesForMathlib.NumberTheory.DiophantineApproximation.ZNumber (733ms)
selected-proofs	Run leanprover/lean-action@f061402b660e0c34644504b324e830f2991d4865	2026-10-07T14:49:48.5650181Z ✔ [8875/8878] Built FormalConjecturesForMathlib.NumberTheory.DirichletCharacter.Basic (881ms)
selected-proofs	Run leanprover/lean-action@f061402b660e0c34644504b324e830f2991d4865	2026-10-07T14:49:49.3659344Z ✔ [8876/8879] Built FormalConjecturesForMathlib.NumberTheory.Divisors (779ms)
selected-proofs	Run leanprover/lean-action@f061402b660e0c34644504b324e830f2991d4865	2026-10-07T14:49:50.3670165Z ✔ [8877/8880] Built FormalConjecturesForMathlib.NumberTheory.ExpansionEntropy (1.0s)
selected-proofs	Run leanprover/lean-action@f061402b660e0c34644504b324e830f2991d4865	2026-10-07T14:49:51.1679383Z ✔ [8878/8881] Built FormalConjecturesForMathlib.NumberTheory.Harmonic (875ms)
selected-proofs	Run leanprover/lean-action@f061402b660e0c34644504b324e830f2991d4865	2026-10-07T14:49:52.2694489Z ✔ [8879/8882] Built FormalConjecturesForMathlib.NumberTheory.Lacunary (1.0s)
selected-proofs	Run leanprover/lean-action@f061402b660e0c34644504b324e830f2991d4865	2026-10-07T14:49:53.2706158Z ✔ [8880/8883] Built FormalConjecturesForMathlib.NumberTheory.LegendreSymbol.Basic (993ms)
selected-proofs	Run leanprover/lean-action@f061402b660e0c34644504b324e830f2991d4865	2026-10-07T14:49:54.3706670Z ✔ [8881/8884] Built FormalConjecturesForMathlib.NumberTheory.MultiplicativelyIndependent (1.1s)
selected-proofs	Run leanprover/lean-action@f061402b660e0c34644504b324e830f2991d4865	2026-10-07T14:49:55.2716735Z ✔ [8882/8885] Built FormalConjecturesForMathlib.NumberTheory.NumberField.FundamentalDiscriminant (897ms)
selected-proofs	Run leanprover/lean-action@f061402b660e0c34644504b324e830f2991d4865	2026-10-07T14:49:56.2731298Z ✔ [8883/8886] Built FormalConjecturesForMathlib.NumberTheory.NumberField.Quadratic (1.0s)
selected-proofs	Run leanprover/lean-action@f061402b660e0c34644504b324e830f2991d4865	2026-10-07T14:49:57.5747312Z ✔ [8884/8887] Built FormalConjecturesForMathlib.NumberTheory.PisotNumber (1.3s)
selected-proofs	Run leanprover/lean-action@f061402b660e0c34644504b324e830f2991d4865	2026-10-07T14:49:58.2754686Z ✔ [8885/8888] Built FormalConjecturesForMathlib.NumberTheory.PracticalNumbers (714ms)
selected-proofs	Run leanprover/lean-action@f061402b660e0c34644504b324e830f2991d4865	2026-10-07T14:49:58.9762393Z ✔ [8886/8889] Built FormalConjecturesForMathlib.NumberTheory.PrimeGap (701ms)
selected-proofs	Run leanprover/lean-action@f061402b660e0c34644504b324e830f2991d4865	2026-10-07T14:49:59.8771574Z ✔ [8887/8890] Built FormalConjecturesForMathlib.NumberTheory.Primitive (827ms)
selected-proofs	Run leanprover/lean-action@f061402b660e0c34644504b324e830f2991d4865	2026-10-07T14:50:00.4778886Z ✔ [8888/8891] Built FormalConjecturesForMathlib.NumberTheory.SierpinskiNumber (627ms)
selected-proofs	Run leanprover/lean-action@f061402b660e0c34644504b324e830f2991d4865	2026-10-07T14:50:01.4790143Z ✔ [8889/8892] Built FormalConjecturesForMathlib.NumberTheory.SmoothScale (1.0s)
selected-proofs	Run leanprover/lean-action@f061402b660e0c34644504b324e830f2991d4865	2026-10-07T14:50:02.8805277Z ✔ [8890/8893] Built FormalConjecturesForMathlib.NumberTheory.WallSunSunPrimes (1.4s)
selected-proofs	Run leanprover/lean-action@f061402b660e0c34644504b324e830f2991d4865	2026-10-07T14:50:03.5813417Z ✔ [8891/8894] Built FormalConjecturesForMathlib.NumberTheory.WieferichPrime (716ms)
selected-proofs	Run leanprover/lean-action@f061402b660e0c34644504b324e830f2991d4865	2026-10-07T14:50:04.1819902Z ✔ [8892/8895] Built FormalConjecturesForMathlib.Order.Bounds.Basic (545ms)
selected-proofs	Run leanprover/lean-action@f061402b660e0c34644504b324e830f2991d4865	2026-10-07T14:50:04.6825745Z ✔ [8893/8896] Built FormalConjecturesForMathlib.Order.Nat (509ms)
selected-proofs	Run leanprover/lean-action@f061402b660e0c34644504b324e830f2991d4865	2026-10-07T14:50:05.2823905Z ✔ [8894/8896] Built FormalConjecturesForMathlib.Order.Unimodular (662ms)
selected-proofs	Run leanprover/lean-action@f061402b660e0c34644504b324e830f2991d4865	2026-10-07T14:50:06.0833148Z ✔ [8895/8898] Built FormalConjecturesForMathlib.Probability.FiniteMethod (747ms)
selected-proofs	Run leanprover/lean-action@f061402b660e0c34644504b324e830f2991d4865	2026-10-07T14:50:07.0843882Z ✔ [8896/8900] Built FormalConjecturesForMathlib.RingTheory.Bialgebra.TrivialModule (1.0s)
selected-proofs	Run leanprover/lean-action@f061402b660e0c34644504b324e830f2991d4865	2026-10-07T14:50:08.7862486Z ✔ [8897/8900] Built FormalConjecturesForMathlib.RingTheory.Bialgebra.Cohomology (1.7s)
selected-proofs	Run leanprover/lean-action@f061402b660e0c34644504b324e830f2991d4865	2026-10-07T14:50:09.7871977Z ✔ [8898/8902] Built FormalConjecturesForMathlib.RingTheory.SystemOfParameters (1.1s)
selected-proofs	Run leanprover/lean-action@f061402b660e0c34644504b324e830f2991d4865	2026-10-07T14:50:10.9885331Z ✔ [8899/8903] Built FormalConjecturesForMathlib.RingTheory.CohenMacaulayModule (1.1s)
selected-proofs	Run leanprover/lean-action@f061402b660e0c34644504b324e830f2991d4865	2026-10-07T14:50:11.5922673Z ✔ [8900/8904] Built FormalConjecturesForMathlib.RingTheory.Ideal.Defs (671ms)
selected-proofs	Run leanprover/lean-action@f061402b660e0c34644504b324e830f2991d4865	2026-10-07T14:50:12.3934041Z ✔ [8901/8905] Built FormalConjecturesForMathlib.RingTheory.Ideal.Basic (733ms)
selected-proofs	Run leanprover/lean-action@f061402b660e0c34644504b324e830f2991d4865	2026-10-07T14:50:13.5946204Z ✔ [8902/8905] Built FormalConjecturesForMathlib.RingTheory.IntersectionMultiplicity (1.2s)
selected-proofs	Run leanprover/lean-action@f061402b660e0c34644504b324e830f2991d4865	2026-10-07T14:50:14.3955182Z ✔ [8903/8906] Built FormalConjecturesForMathlib.RingTheory.Ideal.Maximal (822ms)
selected-proofs	Run leanprover/lean-action@f061402b660e0c34644504b324e830f2991d4865	2026-10-07T14:50:15.3966865Z ✔ [8904/8907] Built FormalConjecturesForMathlib.RingTheory.MvPolynomial.LexPlusPowers (991ms)
selected-proofs	Run leanprover/lean-action@f061402b660e0c34644504b324e830f2991d4865	2026-10-07T14:50:16.1975628Z ✔ [8905/8908] Built FormalConjecturesForMathlib.RingTheory.Noetherian.Defs (808ms)
selected-proofs	Run leanprover/lean-action@f061402b660e0c34644504b324e830f2991d4865	2026-10-07T14:50:17.4989804Z ✔ [8906/8909] Built FormalConjecturesForMathlib.RingTheory.Valuation.LocalUniformization (1.3s)
selected-proofs	Run leanprover/lean-action@f061402b660e0c34644504b324e830f2991d4865	2026-10-07T14:50:18.1996792Z ✔ [8907/8910] Built FormalConjecturesForMathlib.SetTheory.Cardinal.Arithmetic (779ms)
selected-proofs	Run leanprover/lean-action@f061402b660e0c34644504b324e830f2991d4865	2026-10-07T14:50:19.0006002Z ✔ [8908/8911] Built FormalConjecturesForMathlib.SetTheory.Cardinal.Continuum (712ms)
selected-proofs	Run leanprover/lean-action@f061402b660e0c34644504b324e830f2991d4865	2026-10-07T14:50:19.7012949Z ✔ [8909/8912] Built FormalConjecturesForMathlib.SetTheory.Cardinal.SimpleGraph (748ms)
selected-proofs	Run leanprover/lean-action@f061402b660e0c34644504b324e830f2991d4865	2026-10-07T14:50:20.1007725Z ✔ [8910/8913] Built FormalConjecturesForMathlib.Tactic.Linter.Term (403ms)
selected-proofs	Run leanprover/lean-action@f061402b660e0c34644504b324e830f2991d4865	2026-10-07T14:50:20.8050823Z ✔ [8911/8914] Built FormalConjecturesForMathlib.Topology.AbsoluteNeighborhoodRetract (716ms)
selected-proofs	Run leanprover/lean-action@f061402b660e0c34644504b324e830f2991d4865	2026-10-07T14:50:21.7062416Z ✔ [8912/8915] Built FormalConjecturesForMathlib.Topology.Algebra.InfiniteSum.Real (897ms)
selected-proofs	Run leanprover/lean-action@f061402b660e0c34644504b324e830f2991d4865	2026-10-07T14:50:22.6071595Z ✔ [8913/8916] Built FormalConjecturesForMathlib.Topology.CardinalInvariants (902ms)
selected-proofs	Run leanprover/lean-action@f061402b660e0c34644504b324e830f2991d4865	2026-10-07T14:50:23.3078448Z ✔ [8914/8917] Built FormalConjecturesForMathlib.Topology.Discrete (729ms)
selected-proofs	Run leanprover/lean-action@f061402b660e0c34644504b324e830f2991d4865	2026-10-07T14:50:24.1087046Z ✔ [8915/8918] Built FormalConjecturesForMathlib.Topology.GDelta (723ms)
selected-proofs	Run leanprover/lean-action@f061402b660e0c34644504b324e830f2991d4865	2026-10-07T14:50:24.8094951Z ✔ [8916/8920] Built FormalConjecturesForMathlib.Topology.Homogeneous (691ms)
selected-proofs	Run leanprover/lean-action@f061402b660e0c34644504b324e830f2991d4865	2026-10-07T14:50:25.5103145Z ✔ [8917/8920] Built FormalConjecturesForMathlib.Topology.LebesgueCoveringDimension (712ms)
selected-proofs	Run leanprover/lean-action@f061402b660e0c34644504b324e830f2991d4865	2026-10-07T14:50:26.3111607Z ✔ [8918/8922] Built FormalConjecturesForMathlib.Topology.MetricSpace.MetricSeparated (782ms)
selected-proofs	Run leanprover/lean-action@f061402b660e0c34644504b324e830f2991d4865	2026-10-07T14:50:28.7136080Z ✔ [8919/8922] Built FormalConjecturesForMathlib (2.4s)
selected-proofs	Run leanprover/lean-action@f061402b660e0c34644504b324e830f2991d4865	2026-10-07T14:50:28.9128403Z ✔ [8920/8922] Built FormalConjecturesUtil.Answer.Syntax (230ms)
selected-proofs	Run leanprover/lean-action@f061402b660e0c34644504b324e830f2991d4865	2026-10-07T14:50:29.4133507Z ✔ [8921/8926] Built FormalConjecturesUtil.Answer (488ms)
selected-proofs	Run leanprover/lean-action@f061402b660e0c34644504b324e830f2991d4865	2026-10-07T14:50:30.2132145Z ✔ [8922/8927] Built FormalConjecturesUtil.Attributes.AMS (809ms)
selected-proofs	Run leanprover/lean-action@f061402b660e0c34644504b324e830f2991d4865	2026-10-07T14:50:31.6146308Z ✔ [8923/8928] Built FormalConjecturesUtil.Attributes.Basic (1.4s)
selected-proofs	Run leanprover/lean-action@f061402b660e0c34644504b324e830f2991d4865	2026-10-07T14:50:32.5156724Z ✔ [8924/8929] Built FormalConjecturesUtil.Linters.CategoryAnswerLinter (826ms)
selected-proofs	Run leanprover/lean-action@f061402b660e0c34644504b324e830f2991d4865	2026-10-07T14:50:33.3164815Z ✔ [8925/8929] Built FormalConjecturesUtil.Linters.AnswerLinter (856ms)
selected-proofs	Run leanprover/lean-action@f061402b660e0c34644504b324e830f2991d4865	2026-10-07T14:50:34.3174899Z ✔ [8926/8929] Built FormalConjecturesUtil.Linters.AMSLinter (1.0s)
selected-proofs	Run leanprover/lean-action@f061402b660e0c34644504b324e830f2991d4865	2026-10-07T14:50:35.1183773Z ✔ [8927/8930] Built FormalConjecturesUtil.Linters.CategoryDocstringLinter (764ms)
selected-proofs	Run leanprover/lean-action@f061402b660e0c34644504b324e830f2991d4865	2026-10-07T14:50:36.1193860Z ✔ [8928/8931] Built FormalConjecturesUtil.Linters.CategoryLinter (984ms)
selected-proofs	Run leanprover/lean-action@f061402b660e0c34644504b324e830f2991d4865	2026-10-07T14:50:36.4209535Z ✔ [8929/8932] Built FormalConjecturesUtil.Linters.CopyrightLinter (390ms)
selected-proofs	Run leanprover/lean-action@f061402b660e0c34644504b324e830f2991d4865	2026-10-07T14:50:36.9215029Z ✔ [8930/8933] Built FormalConjecturesUtil.Linters.ExistsImplicationLinter (411ms)
selected-proofs	Run leanprover/lean-action@f061402b660e0c34644504b324e830f2991d4865	2026-10-07T14:50:37.8224764Z ✔ [8931/8934] Built FormalConjecturesUtil.Linters.FormalProofLinter (965ms)
selected-proofs	Run leanprover/lean-action@f061402b660e0c34644504b324e830f2991d4865	2026-10-07T14:50:38.4230673Z ✔ [8932/8935] Built FormalConjecturesUtil.Linters.ImportLinter (613ms)
selected-proofs	Run leanprover/lean-action@f061402b660e0c34644504b324e830f2991d4865	2026-10-07T14:50:39.0227565Z ✔ [8933/8936] Built FormalConjecturesUtil.Linters.LatexDocstringLinter (600ms)
selected-proofs	Run leanprover/lean-action@f061402b660e0c34644504b324e830f2991d4865	2026-10-07T14:50:39.7233883Z ✔ [8934/8941] Built FormalConjecturesUtil.Linters.ModuleDocstringLinter (644ms)
selected-proofs	Run leanprover/lean-action@f061402b660e0c34644504b324e830f2991d4865	2026-10-07T14:50:40.1239210Z ✔ [8935/8941] Built FormalConjecturesUtil.Linters.NamespaceLinter (392ms)
selected-proofs	Run leanprover/lean-action@f061402b660e0c34644504b324e830f2991d4865	2026-10-07T14:50:40.5243664Z ✔ [8936/8944] Built FormalConjecturesUtil.Linters.StubLinter (414ms)
selected-proofs	Run leanprover/lean-action@f061402b660e0c34644504b324e830f2991d4865	2026-10-07T14:50:43.2272261Z ✔ [8937/8946] Built FormalConjecturesUtil (2.7s)
selected-proofs	Run leanprover/lean-action@f061402b660e0c34644504b324e830f2991d4865	2026-10-07T14:50:46.2295094Z ⚠ [8938/8946] Built Openmath.Target (3.0s)
selected-proofs	Run leanprover/lean-action@f061402b660e0c34644504b324e830f2991d4865	2026-10-07T14:50:46.2295574Z warning: Openmath/Target.lean:62:8: declaration uses `sorry`
selected-proofs	Run leanprover/lean-action@f061402b660e0c34644504b324e830f2991d4865	2026-10-07T14:50:46.2295911Z warning: Openmath/Target.lean:70:8: declaration uses `sorry`
selected-proofs	Run leanprover/lean-action@f061402b660e0c34644504b324e830f2991d4865	2026-10-07T14:50:46.2296228Z warning: Openmath/Target.lean:81:8: declaration uses `sorry`
selected-proofs	Run leanprover/lean-action@f061402b660e0c34644504b324e830f2991d4865	2026-10-07T14:50:46.2296541Z warning: Openmath/Target.lean:97:8: declaration uses `sorry`
selected-proofs	Run leanprover/lean-action@f061402b660e0c34644504b324e830f2991d4865	2026-10-07T14:50:49.9332749Z ✔ [8939/8948] Built Openmath.Proofs.Compat (3.7s)
selected-proofs	Run leanprover/lean-action@f061402b660e0c34644504b324e830f2991d4865	2026-10-07T14:50:53.5421648Z ✔ [8940/8951] Built Openmath.Proofs.TopFive (3.6s)
selected-proofs	Run leanprover/lean-action@f061402b660e0c34644504b324e830f2991d4865	2026-10-07T14:50:57.1499480Z ✔ [8941/8951] Built Openmath.Proofs.Counting (3.7s)
selected-proofs	Run leanprover/lean-action@f061402b660e0c34644504b324e830f2991d4865	2026-10-07T14:50:58.7517991Z ✔ [8942/8952] Built Openmath.Proofs.HaarCycle (1.5s)
selected-proofs	Run leanprover/lean-action@f061402b660e0c34644504b324e830f2991d4865	2026-10-07T14:51:02.4571796Z ✔ [8943/8954] Built Openmath.Proofs.DoubleWheel (3.8s)
selected-proofs	Run leanprover/lean-action@f061402b660e0c34644504b324e830f2991d4865	2026-10-07T14:51:05.8596792Z ✔ [8944/8954] Built Openmath.Proofs.Five (3.4s)
selected-proofs	Run leanprover/lean-action@f061402b660e0c34644504b324e830f2991d4865	2026-10-07T14:51:10.5672263Z ✔ [8945/8954] Built Openmath.Proofs.HaarWitness (4.7s)
selected-proofs	Run leanprover/lean-action@f061402b660e0c34644504b324e830f2991d4865	2026-10-07T14:51:11.9710152Z ✔ [8946/8956] Built Openmath.Proofs.KempeSwap104 (1.4s)
selected-proofs	Run leanprover/lean-action@f061402b660e0c34644504b324e830f2991d4865	2026-10-07T14:51:16.8745314Z ✔ [8947/8957] Built Openmath.Proofs.Extension (4.9s)
selected-proofs	Run leanprover/lean-action@f061402b660e0c34644504b324e830f2991d4865	2026-10-07T14:51:20.3781386Z ✔ [8948/8957] Built Openmath.Proofs.InducedComponentBarrier104 (3.6s)
selected-proofs	Run leanprover/lean-action@f061402b660e0c34644504b324e830f2991d4865	2026-10-07T14:51:26.2855128Z ✔ [8949/8957] Built Openmath.Proofs.SmallExact (5.9s)
selected-proofs	Run leanprover/lean-action@f061402b660e0c34644504b324e830f2991d4865	2026-10-07T14:51:27.2866191Z ⚠ [8950/8957] Built CherryBoundary (952ms)
selected-proofs	Run leanprover/lean-action@f061402b660e0c34644504b324e830f2991d4865	2026-10-07T14:51:27.2866903Z warning: CherryBoundary.lean:33:0: automatically included section variable(s) unused in theorem `RobertPublishable.BM.hasCherry_of_two_neighbors`:
selected-proofs	Run leanprover/lean-action@f061402b660e0c34644504b324e830f2991d4865	2026-10-07T14:51:27.2867928Z   [Fintype V]
selected-proofs	Run leanprover/lean-action@f061402b660e0c34644504b324e830f2991d4865	2026-10-07T14:51:27.2868097Z   [DecidableEq V]
selected-proofs	Run leanprover/lean-action@f061402b660e0c34644504b324e830f2991d4865	2026-10-07T14:51:27.2868470Z consider restructuring your `variable` declarations so that the variables are not in scope or explicitly omit them:
selected-proofs	Run leanprover/lean-action@f061402b660e0c34644504b324e830f2991d4865	2026-10-07T14:51:27.2868909Z   omit [Fintype V] [DecidableEq V] in theorem ...
selected-proofs	Run leanprover/lean-action@f061402b660e0c34644504b324e830f2991d4865	2026-10-07T14:51:27.2869083Z 
selected-proofs	Run leanprover/lean-action@f061402b660e0c34644504b324e830f2991d4865	2026-10-07T14:51:27.2869269Z Note: This linter can be disabled with `set_option linter.unusedSectionVars false`
selected-proofs	Run leanprover/lean-action@f061402b660e0c34644504b324e830f2991d4865	2026-10-07T14:51:27.2870006Z info: CherryBoundary.lean:48:0: 'RobertPublishable.BM.vacuous_zero_degree_cherry_counterexample' depends on axioms: [propext,
selected-proofs	Run leanprover/lean-action@f061402b660e0c34644504b324e830f2991d4865	2026-10-07T14:51:27.2870454Z  Classical.choice,
selected-proofs	Run leanprover/lean-action@f061402b660e0c34644504b324e830f2991d4865	2026-10-07T14:51:27.2870622Z  Quot.sound]
selected-proofs	Run leanprover/lean-action@f061402b660e0c34644504b324e830f2991d4865	2026-10-07T14:51:27.2871047Z info: CherryBoundary.lean:49:0: 'RobertPublishable.BM.hasCherry_of_two_neighbors' depends on axioms: [propext, Classical.choice, Quot.sound]
selected-proofs	Run leanprover/lean-action@f061402b660e0c34644504b324e830f2991d4865	2026-10-07T14:51:27.2871803Z info: CherryBoundary.lean:50:0: 'RobertPublishable.BM.hasCherry_of_nonempty_centres' depends on axioms: [propext, Classical.choice, Quot.sound]
selected-proofs	Run leanprover/lean-action@f061402b660e0c34644504b324e830f2991d4865	2026-10-07T14:51:31.1896804Z ✔ [8951/8957] Built Openmath.Proofs.HaarPair (3.9s)
selected-proofs	Run leanprover/lean-action@f061402b660e0c34644504b324e830f2991d4865	2026-10-07T14:51:35.2945601Z ✔ [8952/8957] Built Openmath.Proofs.Haar (4.1s)
selected-proofs	Run leanprover/lean-action@f061402b660e0c34644504b324e830f2991d4865	2026-10-07T14:51:38.7990719Z ✔ [8953/8958] Built Openmath.Proofs.HaarDegree (3.5s)
selected-proofs	Run leanprover/lean-action@f061402b660e0c34644504b324e830f2991d4865	2026-10-07T14:51:42.8035755Z ✔ [8954/8963] Built Openmath.Proofs.HaarComponents104 (3.0s)
selected-proofs	Run leanprover/lean-action@f061402b660e0c34644504b324e830f2991d4865	2026-10-07T14:51:46.3094554Z ✔ [8955/8963] Built Openmath.Proofs.HaarRankOne (3.6s)
selected-proofs	Run leanprover/lean-action@f061402b660e0c34644504b324e830f2991d4865	2026-10-07T14:51:50.5124502Z ✔ [8956/8964] Built Openmath.Proofs.ParabolaGraph104 (4.2s)
selected-proofs	Run leanprover/lean-action@f061402b660e0c34644504b324e830f2991d4865	2026-10-07T14:51:54.9167967Z ✔ [8957/8964] Built Openmath.Proofs.HaarRankTwo (4.3s)
selected-proofs	Run leanprover/lean-action@f061402b660e0c34644504b324e830f2991d4865	2026-10-07T14:51:59.5228024Z ⚠ [8958/8965] Built AffinePaletteBarrier (4.6s)
selected-proofs	Run leanprover/lean-action@f061402b660e0c34644504b324e830f2991d4865	2026-10-07T14:51:59.5228925Z warning: AffinePaletteBarrier.lean:32:8: automatically included section variable(s) unused in theorem `_private.AffinePaletteBarrier.0.OpenMathReview.AffinePaletteBarrier.triple_self`:
selected-proofs	Run leanprover/lean-action@f061402b660e0c34644504b324e830f2991d4865	2026-10-07T14:51:59.5229603Z   [DecidableEq V]
selected-proofs	Run leanprover/lean-action@f061402b660e0c34644504b324e830f2991d4865	2026-10-07T14:51:59.5230001Z consider restructuring your `variable` declarations so that the variables are not in scope or explicitly omit them:
selected-proofs	Run leanprover/lean-action@f061402b660e0c34644504b324e830f2991d4865	2026-10-07T14:51:59.5230499Z   omit [DecidableEq V] in theorem ...
selected-proofs	Run leanprover/lean-action@f061402b660e0c34644504b324e830f2991d4865	2026-10-07T14:51:59.5230655Z 
selected-proofs	Run leanprover/lean-action@f061402b660e0c34644504b324e830f2991d4865	2026-10-07T14:51:59.5230848Z Note: This linter can be disabled with `set_option linter.unusedSectionVars false`
selected-proofs	Run leanprover/lean-action@f061402b660e0c34644504b324e830f2991d4865	2026-10-07T14:51:59.5231653Z warning: AffinePaletteBarrier.lean:93:8: automatically included section variable(s) unused in theorem `_private.AffinePaletteBarrier.0.OpenMathReview.AffinePaletteBarrier.exists_eq_triple`:
selected-proofs	Run leanprover/lean-action@f061402b660e0c34644504b324e830f2991d4865	2026-10-07T14:51:59.5232354Z   [AddCommGroup V]
selected-proofs	Run leanprover/lean-action@f061402b660e0c34644504b324e830f2991d4865	2026-10-07T14:51:59.5232534Z   [Module (ZMod 3) V]
selected-proofs	Run leanprover/lean-action@f061402b660e0c34644504b324e830f2991d4865	2026-10-07T14:51:59.5232926Z consider restructuring your `variable` declarations so that the variables are not in scope or explicitly omit them:
selected-proofs	Run leanprover/lean-action@f061402b660e0c34644504b324e830f2991d4865	2026-10-07T14:51:59.5233463Z   omit [AddCommGroup V] [Module (ZMod 3) V] in theorem ...
selected-proofs	Run leanprover/lean-action@f061402b660e0c34644504b324e830f2991d4865	2026-10-07T14:51:59.5233682Z 
selected-proofs	Run leanprover/lean-action@f061402b660e0c34644504b324e830f2991d4865	2026-10-07T14:51:59.5233871Z Note: This linter can be disabled with `set_option linter.unusedSectionVars false`
selected-proofs	Run leanprover/lean-action@f061402b660e0c34644504b324e830f2991d4865	2026-10-07T14:51:59.5234738Z warning: AffinePaletteBarrier.lean:157:0: automatically included section variable(s) unused in theorem `OpenMathReview.AffinePaletteBarrier.palette_subset`:
selected-proofs	Run leanprover/lean-action@f061402b660e0c34644504b324e830f2991d4865	2026-10-07T14:51:59.5235310Z   [AddCommGroup V]
selected-proofs	Run leanprover/lean-action@f061402b660e0c34644504b324e830f2991d4865	2026-10-07T14:51:59.5235483Z   [Module (ZMod 3) V]
selected-proofs	Run leanprover/lean-action@f061402b660e0c34644504b324e830f2991d4865	2026-10-07T14:51:59.5235869Z consider restructuring your `variable` declarations so that the variables are not in scope or explicitly omit them:
selected-proofs	Run leanprover/lean-action@f061402b660e0c34644504b324e830f2991d4865	2026-10-07T14:51:59.5236347Z   omit [AddCommGroup V] [Module (ZMod 3) V] in theorem ...
selected-proofs	Run leanprover/lean-action@f061402b660e0c34644504b324e830f2991d4865	2026-10-07T14:51:59.5236547Z 
selected-proofs	Run leanprover/lean-action@f061402b660e0c34644504b324e830f2991d4865	2026-10-07T14:51:59.5236731Z Note: This linter can be disabled with `set_option linter.unusedSectionVars false`
selected-proofs	Run leanprover/lean-action@f061402b660e0c34644504b324e830f2991d4865	2026-10-07T14:51:59.5237398Z warning: AffinePaletteBarrier.lean:162:0: automatically included section variable(s) unused in theorem `OpenMathReview.AffinePaletteBarrier.palette_card`:
selected-proofs	Run leanprover/lean-action@f061402b660e0c34644504b324e830f2991d4865	2026-10-07T14:51:59.5237948Z   [AddCommGroup V]
selected-proofs	Run leanprover/lean-action@f061402b660e0c34644504b324e830f2991d4865	2026-10-07T14:51:59.5238120Z   [Module (ZMod 3) V]
selected-proofs	Run leanprover/lean-action@f061402b660e0c34644504b324e830f2991d4865	2026-10-07T14:51:59.5238508Z consider restructuring your `variable` declarations so that the variables are not in scope or explicitly omit them:
selected-proofs	Run leanprover/lean-action@f061402b660e0c34644504b324e830f2991d4865	2026-10-07T14:51:59.5239421Z   omit [AddCommGroup V] [Module (ZMod 3) V] in theorem ...
selected-proofs	Run leanprover/lean-action@f061402b660e0c34644504b324e830f2991d4865	2026-10-07T14:51:59.5239607Z 
selected-proofs	Run leanprover/lean-action@f061402b660e0c34644504b324e830f2991d4865	2026-10-07T14:51:59.5239789Z Note: This linter can be disabled with `set_option linter.unusedSectionVars false`
selected-proofs	Run leanprover/lean-action@f061402b660e0c34644504b324e830f2991d4865	2026-10-07T14:51:59.5240574Z warning: AffinePaletteBarrier.lean:165:8: automatically included section variable(s) unused in theorem `_private.AffinePaletteBarrier.0.OpenMathReview.AffinePaletteBarrier.shift_mem`:
selected-proofs	Run leanprover/lean-action@f061402b660e0c34644504b324e830f2991d4865	2026-10-07T14:51:59.5241240Z   [Module (ZMod 3) V]
selected-proofs	Run leanprover/lean-action@f061402b660e0c34644504b324e830f2991d4865	2026-10-07T14:51:59.5241574Z   [DecidableEq V]
selected-proofs	Run leanprover/lean-action@f061402b660e0c34644504b324e830f2991d4865	2026-10-07T14:51:59.5241949Z consider restructuring your `variable` declarations so that the variables are not in scope or explicitly omit them:
selected-proofs	Run leanprover/lean-action@f061402b660e0c34644504b324e830f2991d4865	2026-10-07T14:51:59.5242422Z   omit [Module (ZMod 3) V] [DecidableEq V] in theorem ...
selected-proofs	Run leanprover/lean-action@f061402b660e0c34644504b324e830f2991d4865	2026-10-07T14:51:59.5242619Z 
selected-proofs	Run leanprover/lean-action@f061402b660e0c34644504b324e830f2991d4865	2026-10-07T14:51:59.5242797Z Note: This linter can be disabled with `set_option linter.unusedSectionVars false`
selected-proofs	Run leanprover/lean-action@f061402b660e0c34644504b324e830f2991d4865	2026-10-07T14:51:59.5243479Z info: AffinePaletteBarrier.lean:274:0: 'OpenMathReview.AffinePaletteBarrier.component_induced' depends on axioms: [propext, Classical.choice, Quot.sound]
selected-proofs	Run leanprover/lean-action@f061402b660e0c34644504b324e830f2991d4865	2026-10-07T14:51:59.5244500Z info: AffinePaletteBarrier.lean:275:0: 'OpenMathReview.AffinePaletteBarrier.tripleClosed_of_sidon' depends on axioms: [propext, Classical.choice, Quot.sound]
selected-proofs	Run leanprover/lean-action@f061402b660e0c34644504b324e830f2991d4865	2026-10-07T14:51:59.5245408Z info: AffinePaletteBarrier.lean:276:0: 'OpenMathReview.AffinePaletteBarrier.canonical_full' depends on axioms: [propext, Classical.choice, Quot.sound]
selected-proofs	Run leanprover/lean-action@f061402b660e0c34644504b324e830f2991d4865	2026-10-07T14:51:59.5246230Z info: AffinePaletteBarrier.lean:277:0: 'OpenMathReview.AffinePaletteBarrier.exposed_cycle_no_partner' depends on axioms: [propext,
selected-proofs	Run leanprover/lean-action@f061402b660e0c34644504b324e830f2991d4865	2026-10-07T14:51:59.5246734Z  Classical.choice,
selected-proofs	Run leanprover/lean-action@f061402b660e0c34644504b324e830f2991d4865	2026-10-07T14:51:59.5246904Z  Quot.sound]
selected-proofs	Run leanprover/lean-action@f061402b660e0c34644504b324e830f2991d4865	2026-10-07T14:51:59.5247359Z info: AffinePaletteBarrier.lean:278:0: 'OpenMathReview.AffinePaletteBarrier.sidon_exposed_cycle_no_partner' depends on axioms: [propext,
selected-proofs	Run leanprover/lean-action@f061402b660e0c34644504b324e830f2991d4865	2026-10-07T14:51:59.5247871Z  Classical.choice,
selected-proofs	Run leanprover/lean-action@f061402b660e0c34644504b324e830f2991d4865	2026-10-07T14:51:59.5248042Z  Quot.sound]
selected-proofs	Run leanprover/lean-action@f061402b660e0c34644504b324e830f2991d4865	2026-10-07T14:51:59.5248587Z info: AffinePaletteBarrier.lean:279:0: @exposed_cycle_no_partner : ∀ {V : Type u_2} [inst : AddCommGroup V] [inst_1 : Module (ZMod 3) V]
selected-proofs	Run leanprover/lean-action@f061402b660e0c34644504b324e830f2991d4865	2026-10-07T14:51:59.5249094Z   [inst_2 : DecidableEq V] [Fintype V] (S : Finset V),
selected-proofs	Run leanprover/lean-action@f061402b660e0c34644504b324e830f2991d4865	2026-10-07T14:51:59.5249367Z   TripleClosed S →
selected-proofs	Run leanprover/lean-action@f061402b660e0c34644504b324e830f2991d4865	2026-10-07T14:51:59.5249782Z     ∀ (a b : Color S) (J : Set (twoFactor (canonical S) a b).ConnectedComponent) (i j : Color S) {u : V × Bool}
selected-proofs	Run leanprover/lean-action@f061402b660e0c34644504b324e830f2991d4865	2026-10-07T14:51:59.5250225Z       (p : (twoFactor (swap (canonical S) a b J) i j).Walk u u),
selected-proofs	Run leanprover/lean-action@f061402b660e0c34644504b324e830f2991d4865	2026-10-07T14:51:59.5250517Z       p.IsCycle →
selected-proofs	Run leanprover/lean-action@f061402b660e0c34644504b324e830f2991d4865	2026-10-07T14:51:59.5250710Z         ¬∃ w q,
selected-proofs	Run leanprover/lean-action@f061402b660e0c34644504b324e830f2991d4865	2026-10-07T14:51:59.5250893Z             q.IsCycle ∧
selected-proofs	Run leanprover/lean-action@f061402b660e0c34644504b324e830f2991d4865	2026-10-07T14:51:59.5251203Z               (Walk.mapLe ⋯ p).support.toFinset = q.support.toFinset ∧
selected-proofs	Run leanprover/lean-action@f061402b660e0c34644504b324e830f2991d4865	2026-10-07T14:51:59.5251609Z                 Disjoint (Walk.mapLe ⋯ p).edges.toFinset q.edges.toFinset
selected-proofs	Run leanprover/lean-action@f061402b660e0c34644504b324e830f2991d4865	2026-10-07T14:51:59.5252255Z info: AffinePaletteBarrier.lean:280:0: @sidon_exposed_cycle_no_partner : ∀ {V : Type u_2} [inst : AddCommGroup V] [inst_1 : Module (ZMod 3) V]
selected-proofs	Run leanprover/lean-action@f061402b660e0c34644504b324e830f2991d4865	2026-10-07T14:51:59.5252772Z   [inst_2 : DecidableEq V] [Fintype V] (S : Finset V),
selected-proofs	Run leanprover/lean-action@f061402b660e0c34644504b324e830f2991d4865	2026-10-07T14:51:59.5253039Z   Sidon S →
selected-proofs	Run leanprover/lean-action@f061402b660e0c34644504b324e830f2991d4865	2026-10-07T14:51:59.5253433Z     ∀ (a b : Color S) (J : Set (twoFactor (canonical S) a b).ConnectedComponent) (i j : Color S) {u : V × Bool}
selected-proofs	Run leanprover/lean-action@f061402b660e0c34644504b324e830f2991d4865	2026-10-07T14:51:59.5253858Z       (p : (twoFactor (swap (canonical S) a b J) i j).Walk u u),
selected-proofs	Run leanprover/lean-action@f061402b660e0c34644504b324e830f2991d4865	2026-10-07T14:51:59.5254782Z       p.IsCycle →
selected-proofs	Run leanprover/lean-action@f061402b660e0c34644504b324e830f2991d4865	2026-10-07T14:51:59.5254972Z         ¬∃ w q,
selected-proofs	Run leanprover/lean-action@f061402b660e0c34644504b324e830f2991d4865	2026-10-07T14:51:59.5255151Z             q.IsCycle ∧
selected-proofs	Run leanprover/lean-action@f061402b660e0c34644504b324e830f2991d4865	2026-10-07T14:51:59.5255465Z               (Walk.mapLe ⋯ p).support.toFinset = q.support.toFinset ∧
selected-proofs	Run leanprover/lean-action@f061402b660e0c34644504b324e830f2991d4865	2026-10-07T14:51:59.5255862Z                 Disjoint (Walk.mapLe ⋯ p).edges.toFinset q.edges.toFinset
selected-proofs	Run leanprover/lean-action@f061402b660e0c34644504b324e830f2991d4865	2026-10-07T14:52:00.5238251Z ℹ [8959/8965] Built ComponentUnions (1.1s)
selected-proofs	Run leanprover/lean-action@f061402b660e0c34644504b324e830f2991d4865	2026-10-07T14:52:00.5238739Z info: ComponentUnions.lean:73:0: 'RobertPublishable.TWO.mem_of_reachable_of_edge_closed' depends on axioms: [propext]
selected-proofs	Run leanprover/lean-action@f061402b660e0c34644504b324e830f2991d4865	2026-10-07T14:52:00.5239199Z info: ComponentUnions.lean:74:0: 'RobertPublishable.TWO.selected_iff_of_edge_closed' depends on axioms: [propext, Classical.choice, Quot.sound]
selected-proofs	Run leanprover/lean-action@f061402b660e0c34644504b324e830f2991d4865	2026-10-07T14:52:00.5240115Z info: ComponentUnions.lean:75:0: 'RobertPublishable.TWO.swap_labelGraph_of_other' depends on axioms: [propext, Classical.choice, Quot.sound]
selected-proofs	Run leanprover/lean-action@f061402b660e0c34644504b324e830f2991d4865	2026-10-07T14:52:00.5240600Z info: ComponentUnions.lean:76:0: 'RobertPublishable.TWO.swap_twoFactor_of_other' depends on axioms: [propext, Classical.choice, Quot.sound]
selected-proofs	Run leanprover/lean-action@f061402b660e0c34644504b324e830f2991d4865	2026-10-07T14:52:00.5241072Z info: ComponentUnions.lean:77:0: 'RobertPublishable.TWO.two_actual_swaps_full' depends on axioms: [propext, Classical.choice, Quot.sound]
selected-proofs	Run leanprover/lean-action@f061402b660e0c34644504b324e830f2991d4865	2026-10-07T14:52:05.0293348Z ✔ [8960/8965] Built Openmath.Proofs.HaarClassification (4.5s)
selected-proofs	Run leanprover/lean-action@f061402b660e0c34644504b324e830f2991d4865	2026-10-07T14:52:06.1306478Z ⚠ [8961/8965] Built CutResilience (1.1s)
selected-proofs	Run leanprover/lean-action@f061402b660e0c34644504b324e830f2991d4865	2026-10-07T14:52:06.1306954Z warning: CutResilience.lean:21:0: automatically included section variable(s) unused in theorem `RobertPublishable.BM.edgesTo_union`:
selected-proofs	Run leanprover/lean-action@f061402b660e0c34644504b324e830f2991d4865	2026-10-07T14:52:06.1307272Z   [Fintype V]
selected-proofs	Run leanprover/lean-action@f061402b660e0c34644504b324e830f2991d4865	2026-10-07T14:52:06.1307533Z consider restructuring your `variable` declarations so that the variables are not in scope or explicitly omit them:
selected-proofs	Run leanprover/lean-action@f061402b660e0c34644504b324e830f2991d4865	2026-10-07T14:52:06.1307871Z   omit [Fintype V] in theorem ...
selected-proofs	Run leanprover/lean-action@f061402b660e0c34644504b324e830f2991d4865	2026-10-07T14:52:06.1307969Z 
selected-proofs	Run leanprover/lean-action@f061402b660e0c34644504b324e830f2991d4865	2026-10-07T14:52:06.1308099Z Note: This linter can be disabled with `set_option linter.unusedSectionVars false`
selected-proofs	Run leanprover/lean-action@f061402b660e0c34644504b324e830f2991d4865	2026-10-07T14:52:06.1308489Z warning: CutResilience.lean:31:0: automatically included section variable(s) unused in theorem `RobertPublishable.BM.edgesTo_le_card_mul`:
selected-proofs	Run leanprover/lean-action@f061402b660e0c34644504b324e830f2991d4865	2026-10-07T14:52:06.1308804Z   [Fintype V]
selected-proofs	Run leanprover/lean-action@f061402b660e0c34644504b324e830f2991d4865	2026-10-07T14:52:06.1308916Z   [DecidableEq V]
selected-proofs	Run leanprover/lean-action@f061402b660e0c34644504b324e830f2991d4865	2026-10-07T14:52:06.1309176Z consider restructuring your `variable` declarations so that the variables are not in scope or explicitly omit them:
selected-proofs	Run leanprover/lean-action@f061402b660e0c34644504b324e830f2991d4865	2026-10-07T14:52:06.1309471Z   omit [Fintype V] [DecidableEq V] in theorem ...
selected-proofs	Run leanprover/lean-action@f061402b660e0c34644504b324e830f2991d4865	2026-10-07T14:52:06.1309590Z 
selected-proofs	Run leanprover/lean-action@f061402b660e0c34644504b324e830f2991d4865	2026-10-07T14:52:06.1309716Z Note: This linter can be disabled with `set_option linter.unusedSectionVars false`
selected-proofs	Run leanprover/lean-action@f061402b660e0c34644504b324e830f2991d4865	2026-10-07T14:52:06.1310130Z warning: CutResilience.lean:39:0: automatically included section variable(s) unused in theorem `RobertPublishable.BM.deleted_neighbors_le_shore_budget`:
selected-proofs	Run leanprover/lean-action@f061402b660e0c34644504b324e830f2991d4865	2026-10-07T14:52:06.1310472Z   [Fintype V]
selected-proofs	Run leanprover/lean-action@f061402b660e0c34644504b324e830f2991d4865	2026-10-07T14:52:06.1310711Z consider restructuring your `variable` declarations so that the variables are not in scope or explicitly omit them:
selected-proofs	Run leanprover/lean-action@f061402b660e0c34644504b324e830f2991d4865	2026-10-07T14:52:06.1310991Z   omit [Fintype V] in theorem ...
selected-proofs	Run leanprover/lean-action@f061402b660e0c34644504b324e830f2991d4865	2026-10-07T14:52:06.1311086Z 
selected-proofs	Run leanprover/lean-action@f061402b660e0c34644504b324e830f2991d4865	2026-10-07T14:52:06.1311205Z Note: This linter can be disabled with `set_option linter.unusedSectionVars false`
selected-proofs	Run leanprover/lean-action@f061402b660e0c34644504b324e830f2991d4865	2026-10-07T14:52:06.1311583Z info: CutResilience.lean:103:0: 'RobertPublishable.BM.edgesTo_union' depends on axioms: [propext, Classical.choice, Quot.sound]
selected-proofs	Run leanprover/lean-action@f061402b660e0c34644504b324e830f2991d4865	2026-10-07T14:52:06.1312049Z info: CutResilience.lean:104:0: 'RobertPublishable.BM.edgesTo_le_card_mul' depends on axioms: [propext, Classical.choice, Quot.sound]
selected-proofs	Run leanprover/lean-action@f061402b660e0c34644504b324e830f2991d4865	2026-10-07T14:52:06.1312537Z info: CutResilience.lean:105:0: 'RobertPublishable.BM.deleted_neighbors_le_shore_budget' depends on axioms: [propext, Classical.choice, Quot.sound]
selected-proofs	Run leanprover/lean-action@f061402b660e0c34644504b324e830f2991d4865	2026-10-07T14:52:06.1313038Z info: CutResilience.lean:106:0: 'RobertPublishable.BM.balanced_deleted_edges_le' depends on axioms: [propext, Classical.choice, Quot.sound]
selected-proofs	Run leanprover/lean-action@f061402b660e0c34644504b324e830f2991d4865	2026-10-07T14:52:06.1313518Z info: CutResilience.lean:107:0: 'RobertPublishable.BM.cut_deletion_identity' depends on axioms: [propext, Classical.choice, Quot.sound]
selected-proofs	Run leanprover/lean-action@f061402b660e0c34644504b324e830f2991d4865	2026-10-07T14:52:06.1314113Z info: CutResilience.lean:108:0: 'RobertPublishable.BM.balanced_cut_loss_le' depends on axioms: [propext, Classical.choice, Quot.sound]
selected-proofs	Run leanprover/lean-action@f061402b660e0c34644504b324e830f2991d4865	2026-10-07T14:52:09.8334741Z ✔ [8962/8965] Built Openmath.Proofs.HaarGamma (3.7s)
selected-proofs	Run leanprover/lean-action@f061402b660e0c34644504b324e830f2991d4865	2026-10-07T14:52:13.4384962Z ⚠ [8963/8965] Built HaarInfinite (3.6s)
selected-proofs	Run leanprover/lean-action@f061402b660e0c34644504b324e830f2991d4865	2026-10-07T14:52:13.4385597Z warning: HaarInfinite.lean:11:0: This file has no module docstring (`/-! ... -/`). Add one after the imports to document the file.
selected-proofs	Run leanprover/lean-action@f061402b660e0c34644504b324e830f2991d4865	2026-10-07T14:52:13.4385972Z 
selected-proofs	Run leanprover/lean-action@f061402b660e0c34644504b324e830f2991d4865	2026-10-07T14:52:13.4386192Z Note: This linter can be disabled with `set_option linter.style.moduleDocstring false`
selected-proofs	Run leanprover/lean-action@f061402b660e0c34644504b324e830f2991d4865	2026-10-07T14:52:13.4386820Z warning: HaarInfinite.lean:16:0: automatically included section variable(s) unused in theorem `OpenMathReview.HaarInfinite.neighborSet_false`:
selected-proofs	Run leanprover/lean-action@f061402b660e0c34644504b324e830f2991d4865	2026-10-07T14:52:13.4387652Z   [DecidableEq V]
selected-proofs	Run leanprover/lean-action@f061402b660e0c34644504b324e830f2991d4865	2026-10-07T14:52:13.4387901Z consider restructuring your `variable` declarations so that the variables are not in scope or explicitly omit them:
selected-proofs	Run leanprover/lean-action@f061402b660e0c34644504b324e830f2991d4865	2026-10-07T14:52:13.4388181Z   omit [DecidableEq V] in theorem ...
selected-proofs	Run leanprover/lean-action@f061402b660e0c34644504b324e830f2991d4865	2026-10-07T14:52:13.4388279Z 
selected-proofs	Run leanprover/lean-action@f061402b660e0c34644504b324e830f2991d4865	2026-10-07T14:52:13.4388405Z Note: This linter can be disabled with `set_option linter.unusedSectionVars false`
selected-proofs	Run leanprover/lean-action@f061402b660e0c34644504b324e830f2991d4865	2026-10-07T14:52:13.4388795Z warning: HaarInfinite.lean:33:0: automatically included section variable(s) unused in theorem `OpenMathReview.HaarInfinite.neighborSet_true`:
selected-proofs	Run leanprover/lean-action@f061402b660e0c34644504b324e830f2991d4865	2026-10-07T14:52:13.4389245Z   [DecidableEq V]
selected-proofs	Run leanprover/lean-action@f061402b660e0c34644504b324e830f2991d4865	2026-10-07T14:52:13.4389489Z consider restructuring your `variable` declarations so that the variables are not in scope or explicitly omit them:
selected-proofs	Run leanprover/lean-action@f061402b660e0c34644504b324e830f2991d4865	2026-10-07T14:52:13.4389766Z   omit [DecidableEq V] in theorem ...
selected-proofs	Run leanprover/lean-action@f061402b660e0c34644504b324e830f2991d4865	2026-10-07T14:52:13.4389864Z 
selected-proofs	Run leanprover/lean-action@f061402b660e0c34644504b324e830f2991d4865	2026-10-07T14:52:13.4389984Z Note: This linter can be disabled with `set_option linter.unusedSectionVars false`
selected-proofs	Run leanprover/lean-action@f061402b660e0c34644504b324e830f2991d4865	2026-10-07T14:52:13.4390376Z info: HaarInfinite.lean:118:0: 'OpenMathReview.HaarInfinite.neighbor_finite' depends on axioms: [propext, Classical.choice, Quot.sound]
selected-proofs	Run leanprover/lean-action@f061402b660e0c34644504b324e830f2991d4865	2026-10-07T14:52:13.4390865Z info: HaarInfinite.lean:119:0: 'OpenMathReview.HaarInfinite.neighbor_ncard' depends on axioms: [propext, Classical.choice, Quot.sound]
selected-proofs	Run leanprover/lean-action@f061402b660e0c34644504b324e830f2991d4865	2026-10-07T14:52:13.4391351Z info: HaarInfinite.lean:120:0: 'OpenMathReview.HaarInfinite.pair_four_neighbors' depends on axioms: [propext, Classical.choice, Quot.sound]
selected-proofs	Run leanprover/lean-action@f061402b660e0c34644504b324e830f2991d4865	2026-10-07T14:52:13.4391836Z info: HaarInfinite.lean:121:0: 'OpenMathReview.HaarInfinite.four_le_card_of_pair' depends on axioms: [propext, Classical.choice, Quot.sound]
selected-proofs	Run leanprover/lean-action@f061402b660e0c34644504b324e830f2991d4865	2026-10-07T14:52:13.4392314Z info: HaarInfinite.lean:122:0: 'OpenMathReview.HaarInfinite.hasPair_iff' depends on axioms: [propext, Classical.choice, Quot.sound]
selected-proofs	Run leanprover/lean-action@f061402b660e0c34644504b324e830f2991d4865	2026-10-07T14:52:13.4392867Z info: HaarInfinite.lean:123:0: @hasPair_iff : ∀ {V : Type u_2} [inst : AddCommGroup V] [DecidableEq V] {p : ℕ} [inst_2 : Fact (Nat.Prime p)]
selected-proofs	Run leanprover/lean-action@f061402b660e0c34644504b324e830f2991d4865	2026-10-07T14:52:13.4393317Z   [Module (ZMod p) V] (S : Finset V), HasTwoEdgeDisjointCyclesSameVertexSet (Haar.graph S) ↔ 4 ≤ #S
selected-proofs	Run leanprover/lean-action@f061402b660e0c34644504b324e830f2991d4865	2026-10-07T14:52:16.9450692Z ℹ [8964/8968] Built ComponentClosure (3.5s)
selected-proofs	Run leanprover/lean-action@f061402b660e0c34644504b324e830f2991d4865	2026-10-07T14:52:16.9451527Z info: ComponentClosure.lean:114:0: 'RobertPublishable.HaarComponent.cycle_neighbors_disjoint' depends on axioms: [propext, Classical.choice, Quot.sound]
selected-proofs	Run leanprover/lean-action@f061402b660e0c34644504b324e830f2991d4865	2026-10-07T14:52:16.9452515Z info: ComponentClosure.lean:115:0: 'RobertPublishable.HaarComponent.cycle_neighbor_union_eq' depends on axioms: [propext, Classical.choice, Quot.sound]
selected-proofs	Run leanprover/lean-action@f061402b660e0c34644504b324e830f2991d4865	2026-10-07T14:52:16.9453502Z info: ComponentClosure.lean:116:0: 'RobertPublishable.HaarComponent.pair_support_edge_closed' depends on axioms: [propext, Classical.choice, Quot.sound]
selected-proofs	Run leanprover/lean-action@f061402b660e0c34644504b324e830f2991d4865	2026-10-07T14:52:16.9454618Z info: ComponentClosure.lean:117:0: 'RobertPublishable.HaarComponent.pair_support_eq_component' depends on axioms: [propext, Classical.choice, Quot.sound]
selected-proofs	Run leanprover/lean-action@f061402b660e0c34644504b324e830f2991d4865	2026-10-07T14:52:16.9455446Z info: ComponentClosure.lean:118:0: 'RobertPublishable.HaarComponent.pair_edges_exhaust_component' depends on axioms: [propext,
selected-proofs	Run leanprover/lean-action@f061402b660e0c34644504b324e830f2991d4865	2026-10-07T14:52:16.9455982Z  Classical.choice,
selected-proofs	Run leanprover/lean-action@f061402b660e0c34644504b324e830f2991d4865	2026-10-07T14:52:16.9456162Z  Quot.sound]
selected-proofs	Run leanprover/lean-action@f061402b660e0c34644504b324e830f2991d4865	2026-10-07T14:52:16.9456822Z info: ComponentClosure.lean:119:0: @HamiltonDecomposesComponent : {W : Type u_2} → [DecidableEq W] → (G : SimpleGraph W) → G.ConnectedComponent → Prop
selected-proofs	Run leanprover/lean-action@f061402b660e0c34644504b324e830f2991d4865	2026-10-07T14:52:19.5482161Z ⚠ [8965/8971] Built PrimeChart (2.6s)
selected-proofs	Run leanprover/lean-action@f061402b660e0c34644504b324e830f2991d4865	2026-10-07T14:52:19.5482799Z warning: PrimeChart.lean:22:0: automatically included section variable(s) unused in theorem `RobertPublishable.TWO.prime_scalar_cases`:
selected-proofs	Run leanprover/lean-action@f061402b660e0c34644504b324e830f2991d4865	2026-10-07T14:52:19.5483341Z   [CharP F 3]
selected-proofs	Run leanprover/lean-action@f061402b660e0c34644504b324e830f2991d4865	2026-10-07T14:52:19.5483704Z consider restructuring your `variable` declarations so that the variables are not in scope or explicitly omit them:
selected-proofs	Run leanprover/lean-action@f061402b660e0c34644504b324e830f2991d4865	2026-10-07T14:52:19.5484251Z   omit [CharP F 3] in theorem ...
selected-proofs	Run leanprover/lean-action@f061402b660e0c34644504b324e830f2991d4865	2026-10-07T14:52:19.5484387Z 
selected-proofs	Run leanprover/lean-action@f061402b660e0c34644504b324e830f2991d4865	2026-10-07T14:52:19.5484573Z Note: This linter can be disabled with `set_option linter.unusedSectionVars false`
selected-proofs	Run leanprover/lean-action@f061402b660e0c34644504b324e830f2991d4865	2026-10-07T14:52:19.5485116Z warning: PrimeChart.lean:57:8: automatically included section variable(s) unused in theorem `RobertPublishable.TWO.chart_A`:
selected-proofs	Run leanprover/lean-action@f061402b660e0c34644504b324e830f2991d4865	2026-10-07T14:52:19.5486038Z   [CharP F 3]
selected-proofs	Run leanprover/lean-action@f061402b660e0c34644504b324e830f2991d4865	2026-10-07T14:52:19.5486391Z consider restructuring your `variable` declarations so that the variables are not in scope or explicitly omit them:
selected-proofs	Run leanprover/lean-action@f061402b660e0c34644504b324e830f2991d4865	2026-10-07T14:52:19.5486803Z   omit [CharP F 3] in theorem ...
selected-proofs	Run leanprover/lean-action@f061402b660e0c34644504b324e830f2991d4865	2026-10-07T14:52:19.5486940Z 
selected-proofs	Run leanprover/lean-action@f061402b660e0c34644504b324e830f2991d4865	2026-10-07T14:52:19.5487115Z Note: This linter can be disabled with `set_option linter.unusedSectionVars false`
selected-proofs	Run leanprover/lean-action@f061402b660e0c34644504b324e830f2991d4865	2026-10-07T14:52:19.5487650Z warning: PrimeChart.lean:60:8: automatically included section variable(s) unused in theorem `RobertPublishable.TWO.chart_B`:
selected-proofs	Run leanprover/lean-action@f061402b660e0c34644504b324e830f2991d4865	2026-10-07T14:52:19.5488230Z   [CharP F 3]
selected-proofs	Run leanprover/lean-action@f061402b660e0c34644504b324e830f2991d4865	2026-10-07T14:52:19.5488578Z consider restructuring your `variable` declarations so that the variables are not in scope or explicitly omit them:
selected-proofs	Run leanprover/lean-action@f061402b660e0c34644504b324e830f2991d4865	2026-10-07T14:52:19.5488989Z   omit [CharP F 3] in theorem ...
selected-proofs	Run leanprover/lean-action@f061402b660e0c34644504b324e830f2991d4865	2026-10-07T14:52:19.5489120Z 
selected-proofs	Run leanprover/lean-action@f061402b660e0c34644504b324e830f2991d4865	2026-10-07T14:52:19.5489290Z Note: This linter can be disabled with `set_option linter.unusedSectionVars false`
selected-proofs	Run leanprover/lean-action@f061402b660e0c34644504b324e830f2991d4865	2026-10-07T14:52:19.5489820Z warning: PrimeChart.lean:63:8: automatically included section variable(s) unused in theorem `RobertPublishable.TWO.chart_C`:
selected-proofs	Run leanprover/lean-action@f061402b660e0c34644504b324e830f2991d4865	2026-10-07T14:52:19.5490251Z   [CharP F 3]
selected-proofs	Run leanprover/lean-action@f061402b660e0c34644504b324e830f2991d4865	2026-10-07T14:52:19.5490597Z consider restructuring your `variable` declarations so that the variables are not in scope or explicitly omit them:
selected-proofs	Run leanprover/lean-action@f061402b660e0c34644504b324e830f2991d4865	2026-10-07T14:52:19.5491004Z   omit [CharP F 3] in theorem ...
selected-proofs	Run leanprover/lean-action@f061402b660e0c34644504b324e830f2991d4865	2026-10-07T14:52:19.5491135Z 
selected-proofs	Run leanprover/lean-action@f061402b660e0c34644504b324e830f2991d4865	2026-10-07T14:52:19.5491312Z Note: This linter can be disabled with `set_option linter.unusedSectionVars false`
selected-proofs	Run leanprover/lean-action@f061402b660e0c34644504b324e830f2991d4865	2026-10-07T14:52:19.5491907Z warning: PrimeChart.lean:96:0: automatically included section variable(s) unused in theorem `RobertPublishable.TWO.exists_nonprime_parameter`:
selected-proofs	Run leanprover/lean-action@f061402b660e0c34644504b324e830f2991d4865	2026-10-07T14:52:19.5492379Z   [CharP F 3]
selected-proofs	Run leanprover/lean-action@f061402b660e0c34644504b324e830f2991d4865	2026-10-07T14:52:19.5492538Z   [Algebra (ZMod 3) F]
selected-proofs	Run leanprover/lean-action@f061402b660e0c34644504b324e830f2991d4865	2026-10-07T14:52:19.5492907Z consider restructuring your `variable` declarations so that the variables are not in scope or explicitly omit them:
selected-proofs	Run leanprover/lean-action@f061402b660e0c34644504b324e830f2991d4865	2026-10-07T14:52:19.5493350Z   omit [CharP F 3] [Algebra (ZMod 3) F] in theorem ...
selected-proofs	Run leanprover/lean-action@f061402b660e0c34644504b324e830f2991d4865	2026-10-07T14:52:19.5493526Z 
selected-proofs	Run leanprover/lean-action@f061402b660e0c34644504b324e830f2991d4865	2026-10-07T14:52:19.5493701Z Note: This linter can be disabled with `set_option linter.unusedSectionVars false`
selected-proofs	Run leanprover/lean-action@f061402b660e0c34644504b324e830f2991d4865	2026-10-07T14:52:19.5494408Z info: PrimeChart.lean:103:0: 'RobertPublishable.TWO.prime_scalar_cases' depends on axioms: [propext, Classical.choice, Quot.sound]
selected-proofs	Run leanprover/lean-action@f061402b660e0c34644504b324e830f2991d4865	2026-10-07T14:52:19.5495112Z info: PrimeChart.lean:104:0: 'RobertPublishable.TWO.prime_scalar_t_independent' depends on axioms: [propext, Classical.choice, Quot.sound]
selected-proofs	Run leanprover/lean-action@f061402b660e0c34644504b324e830f2991d4865	2026-10-07T14:52:19.5495794Z info: PrimeChart.lean:105:0: 'RobertPublishable.TWO.chart_kernel' depends on axioms: [propext, Classical.choice, Quot.sound]
selected-proofs	Run leanprover/lean-action@f061402b660e0c34644504b324e830f2991d4865	2026-10-07T14:52:19.5496450Z info: PrimeChart.lean:106:0: 'RobertPublishable.TWO.chart_injective' depends on axioms: [propext, Classical.choice, Quot.sound]
selected-proofs	Run leanprover/lean-action@f061402b660e0c34644504b324e830f2991d4865	2026-10-07T14:52:19.5497141Z info: PrimeChart.lean:107:0: 'RobertPublishable.TWO.exists_nonprime_parameter' depends on axioms: [propext, Classical.choice, Quot.sound]
selected-proofs	Run leanprover/lean-action@f061402b660e0c34644504b324e830f2991d4865	2026-10-07T14:52:23.7530317Z ⚠ [8966/8971] Built GlobalSelectors (4.2s)
selected-proofs	Run leanprover/lean-action@f061402b660e0c34644504b324e830f2991d4865	2026-10-07T14:52:23.7530994Z warning: GlobalSelectors.lean:28:0: automatically included section variable(s) unused in theorem `RobertPublishable.TWO.vertex_injective`:
selected-proofs	Run leanprover/lean-action@f061402b660e0c34644504b324e830f2991d4865	2026-10-07T14:52:23.7531522Z   [DecidableEq F]
selected-proofs	Run leanprover/lean-action@f061402b660e0c34644504b324e830f2991d4865	2026-10-07T14:52:23.7531691Z   [Fintype F]
selected-proofs	Run leanprover/lean-action@f061402b660e0c34644504b324e830f2991d4865	2026-10-07T14:52:23.7532049Z consider restructuring your `variable` declarations so that the variables are not in scope or explicitly omit them:
selected-proofs	Run leanprover/lean-action@f061402b660e0c34644504b324e830f2991d4865	2026-10-07T14:52:23.7532493Z   omit [DecidableEq F] [Fintype F] in theorem ...
selected-proofs	Run leanprover/lean-action@f061402b660e0c34644504b324e830f2991d4865	2026-10-07T14:52:23.7532665Z 
selected-proofs	Run leanprover/lean-action@f061402b660e0c34644504b324e830f2991d4865	2026-10-07T14:52:23.7532846Z Note: This linter can be disabled with `set_option linter.unusedSectionVars false`
selected-proofs	Run leanprover/lean-action@f061402b660e0c34644504b324e830f2991d4865	2026-10-07T14:52:23.7533433Z warning: GlobalSelectors.lean:84:0: automatically included section variable(s) unused in theorem `RobertPublishable.TWO.round1_full`:
selected-proofs	Run leanprover/lean-action@f061402b660e0c34644504b324e830f2991d4865	2026-10-07T14:52:23.7533890Z   [CharP F 3]
selected-proofs	Run leanprover/lean-action@f061402b660e0c34644504b324e830f2991d4865	2026-10-07T14:52:23.7534390Z consider restructuring your `variable` declarations so that the variables are not in scope or explicitly omit them:
selected-proofs	Run leanprover/lean-action@f061402b660e0c34644504b324e830f2991d4865	2026-10-07T14:52:23.7534812Z   omit [CharP F 3] in theorem ...
selected-proofs	Run leanprover/lean-action@f061402b660e0c34644504b324e830f2991d4865	2026-10-07T14:52:23.7534949Z 
selected-proofs	Run leanprover/lean-action@f061402b660e0c34644504b324e830f2991d4865	2026-10-07T14:52:23.7535600Z Note: This linter can be disabled with `set_option linter.unusedSectionVars false`
selected-proofs	Run leanprover/lean-action@f061402b660e0c34644504b324e830f2991d4865	2026-10-07T14:52:23.7536172Z warning: GlobalSelectors.lean:87:0: automatically included section variable(s) unused in theorem `RobertPublishable.TWO.chart_matchA`:
selected-proofs	Run leanprover/lean-action@f061402b660e0c34644504b324e830f2991d4865	2026-10-07T14:52:23.7536638Z   [DecidableEq F]
selected-proofs	Run leanprover/lean-action@f061402b660e0c34644504b324e830f2991d4865	2026-10-07T14:52:23.7536799Z   [Fintype F]
selected-proofs	Run leanprover/lean-action@f061402b660e0c34644504b324e830f2991d4865	2026-10-07T14:52:23.7537153Z consider restructuring your `variable` declarations so that the variables are not in scope or explicitly omit them:
selected-proofs	Run leanprover/lean-action@f061402b660e0c34644504b324e830f2991d4865	2026-10-07T14:52:23.7537743Z   omit [DecidableEq F] [Fintype F] in theorem ...
selected-proofs	Run leanprover/lean-action@f061402b660e0c34644504b324e830f2991d4865	2026-10-07T14:52:23.7537918Z 
selected-proofs	Run leanprover/lean-action@f061402b660e0c34644504b324e830f2991d4865	2026-10-07T14:52:23.7538094Z Note: This linter can be disabled with `set_option linter.unusedSectionVars false`
selected-proofs	Run leanprover/lean-action@f061402b660e0c34644504b324e830f2991d4865	2026-10-07T14:52:23.7538662Z warning: GlobalSelectors.lean:92:0: automatically included section variable(s) unused in theorem `RobertPublishable.TWO.chart_matchC`:
selected-proofs	Run leanprover/lean-action@f061402b660e0c34644504b324e830f2991d4865	2026-10-07T14:52:23.7539121Z   [DecidableEq F]
selected-proofs	Run leanprover/lean-action@f061402b660e0c34644504b324e830f2991d4865	2026-10-07T14:52:23.7539284Z   [Fintype F]
selected-proofs	Run leanprover/lean-action@f061402b660e0c34644504b324e830f2991d4865	2026-10-07T14:52:23.7539641Z consider restructuring your `variable` declarations so that the variables are not in scope or explicitly omit them:
selected-proofs	Run leanprover/lean-action@f061402b660e0c34644504b324e830f2991d4865	2026-10-07T14:52:23.7540078Z   omit [DecidableEq F] [Fintype F] in theorem ...
selected-proofs	Run leanprover/lean-action@f061402b660e0c34644504b324e830f2991d4865	2026-10-07T14:52:23.7540245Z 
selected-proofs	Run leanprover/lean-action@f061402b660e0c34644504b324e830f2991d4865	2026-10-07T14:52:23.7540421Z Note: This linter can be disabled with `set_option linter.unusedSectionVars false`
selected-proofs	Run leanprover/lean-action@f061402b660e0c34644504b324e830f2991d4865	2026-10-07T14:52:23.7540876Z warning: GlobalSelectors.lean:100:74: Used `tac1 <;> tac2` where `(tac1; tac2)` would suffice
selected-proofs	Run leanprover/lean-action@f061402b660e0c34644504b324e830f2991d4865	2026-10-07T14:52:23.7541155Z 
selected-proofs	Run leanprover/lean-action@f061402b660e0c34644504b324e830f2991d4865	2026-10-07T14:52:23.7541342Z Note: This linter can be disabled with `set_option linter.unnecessarySeqFocus false`
selected-proofs	Run leanprover/lean-action@f061402b660e0c34644504b324e830f2991d4865	2026-10-07T14:52:23.7541791Z warning: GlobalSelectors.lean:105:68: Used `tac1 <;> tac2` where `(tac1; tac2)` would suffice
selected-proofs	Run leanprover/lean-action@f061402b660e0c34644504b324e830f2991d4865	2026-10-07T14:52:23.7542066Z 
selected-proofs	Run leanprover/lean-action@f061402b660e0c34644504b324e830f2991d4865	2026-10-07T14:52:23.7542272Z Note: This linter can be disabled with `set_option linter.unnecessarySeqFocus false`
selected-proofs	Run leanprover/lean-action@f061402b660e0c34644504b324e830f2991d4865	2026-10-07T14:52:23.7542874Z warning: GlobalSelectors.lean:163:0: automatically included section variable(s) unused in theorem `RobertPublishable.TWO.round1_AC_unchanged`:
selected-proofs	Run leanprover/lean-action@f061402b660e0c34644504b324e830f2991d4865	2026-10-07T14:52:23.7543366Z   [CharP F 3]
selected-proofs	Run leanprover/lean-action@f061402b660e0c34644504b324e830f2991d4865	2026-10-07T14:52:23.7543720Z consider restructuring your `variable` declarations so that the variables are not in scope or explicitly omit them:
selected-proofs	Run leanprover/lean-action@f061402b660e0c34644504b324e830f2991d4865	2026-10-07T14:52:23.7544249Z   omit [CharP F 3] in theorem ...
selected-proofs	Run leanprover/lean-action@f061402b660e0c34644504b324e830f2991d4865	2026-10-07T14:52:23.7544385Z 
selected-proofs	Run leanprover/lean-action@f061402b660e0c34644504b324e830f2991d4865	2026-10-07T14:52:23.7544560Z Note: This linter can be disabled with `set_option linter.unusedSectionVars false`
selected-proofs	Run leanprover/lean-action@f061402b660e0c34644504b324e830f2991d4865	2026-10-07T14:52:23.7545135Z info: GlobalSelectors.lean:232:0: 'RobertPublishable.TWO.vertex_injective' depends on axioms: [propext, Classical.choice, Quot.sound]
selected-proofs	Run leanprover/lean-action@f061402b660e0c34644504b324e830f2991d4865	2026-10-07T14:52:23.7545869Z info: GlobalSelectors.lean:233:0: 'RobertPublishable.TWO.firstSet_edge_closed' depends on axioms: [propext, Classical.choice, Quot.sound]
selected-proofs	Run leanprover/lean-action@f061402b660e0c34644504b324e830f2991d4865	2026-10-07T14:52:23.7546623Z info: GlobalSelectors.lean:234:0: 'RobertPublishable.TWO.firstSelected_iff' depends on axioms: [propext, Classical.choice, Quot.sound]
selected-proofs	Run leanprover/lean-action@f061402b660e0c34644504b324e830f2991d4865	2026-10-07T14:52:23.7547327Z info: GlobalSelectors.lean:235:0: 'RobertPublishable.TWO.round1_full' depends on axioms: [propext, Classical.choice, Quot.sound]
selected-proofs	Run leanprover/lean-action@f061402b660e0c34644504b324e830f2991d4865	2026-10-07T14:52:23.7548074Z info: GlobalSelectors.lean:236:0: 'RobertPublishable.TWO.secondSet_canonical_edge_closed' depends on axioms: [propext, Classical.choice, Quot.sound]
selected-proofs	Run leanprover/lean-action@f061402b660e0c34644504b324e830f2991d4865	2026-10-07T14:52:23.7548832Z info: GlobalSelectors.lean:237:0: 'RobertPublishable.TWO.round1_AC_unchanged' depends on axioms: [propext, Classical.choice, Quot.sound]
selected-proofs	Run leanprover/lean-action@f061402b660e0c34644504b324e830f2991d4865	2026-10-07T14:52:23.7549564Z info: GlobalSelectors.lean:238:0: 'RobertPublishable.TWO.secondSet_edge_closed' depends on axioms: [propext, Classical.choice, Quot.sound]
selected-proofs	Run leanprover/lean-action@f061402b660e0c34644504b324e830f2991d4865	2026-10-07T14:52:23.7550305Z info: GlobalSelectors.lean:239:0: 'RobertPublishable.TWO.secondSelected_iff' depends on axioms: [propext, Classical.choice, Quot.sound]
selected-proofs	Run leanprover/lean-action@f061402b660e0c34644504b324e830f2991d4865	2026-10-07T14:52:23.7551011Z info: GlobalSelectors.lean:240:0: 'RobertPublishable.TWO.round2_full' depends on axioms: [propext, Classical.choice, Quot.sound]
selected-proofs	Run leanprover/lean-action@f061402b660e0c34644504b324e830f2991d4865	2026-10-07T14:52:23.7551721Z info: GlobalSelectors.lean:241:0: 'RobertPublishable.TWO.firstSelected_vertex' depends on axioms: [propext, Classical.choice, Quot.sound]
selected-proofs	Run leanprover/lean-action@f061402b660e0c34644504b324e830f2991d4865	2026-10-07T14:52:23.7552587Z info: GlobalSelectors.lean:242:0: 'RobertPublishable.TWO.secondSelected_left' depends on axioms: [propext, Classical.choice, Quot.sound]
selected-proofs	Run leanprover/lean-action@f061402b660e0c34644504b324e830f2991d4865	2026-10-07T14:52:23.7553327Z info: GlobalSelectors.lean:243:0: 'RobertPublishable.TWO.secondSelected_right' depends on axioms: [propext, Classical.choice, Quot.sound]
selected-proofs	Run leanprover/lean-action@f061402b660e0c34644504b324e830f2991d4865	2026-10-07T14:52:25.5549221Z ✔ [8967/8971] Built Openmath.Proofs.ParabolaGrowth104 (1.8s)
selected-proofs	Run leanprover/lean-action@f061402b660e0c34644504b324e830f2991d4865	2026-10-07T14:52:29.3590011Z ⚠ [8968/8971] Built MatchingIdentification (3.8s)
selected-proofs	Run leanprover/lean-action@f061402b660e0c34644504b324e830f2991d4865	2026-10-07T14:52:29.3591208Z warning: MatchingIdentification.lean:22:0: automatically included section variable(s) unused in theorem `RobertPublishable.TWO.canonical_zero_edge`:
selected-proofs	Run leanprover/lean-action@f061402b660e0c34644504b324e830f2991d4865	2026-10-07T14:52:29.3591708Z   [CharP F 3]
selected-proofs	Run leanprover/lean-action@f061402b660e0c34644504b324e830f2991d4865	2026-10-07T14:52:29.3592098Z consider restructuring your `variable` declarations so that the variables are not in scope or explicitly omit them:
selected-proofs	Run leanprover/lean-action@f061402b660e0c34644504b324e830f2991d4865	2026-10-07T14:52:29.3592528Z   omit [CharP F 3] in theorem ...
selected-proofs	Run leanprover/lean-action@f061402b660e0c34644504b324e830f2991d4865	2026-10-07T14:52:29.3592669Z 
selected-proofs	Run leanprover/lean-action@f061402b660e0c34644504b324e830f2991d4865	2026-10-07T14:52:29.3592855Z Note: This linter can be disabled with `set_option linter.unusedSectionVars false`
selected-proofs	Run leanprover/lean-action@f061402b660e0c34644504b324e830f2991d4865	2026-10-07T14:52:29.3593293Z warning: MatchingIdentification.lean:25:8: This simp argument is unused:
selected-proofs	Run leanprover/lean-action@f061402b660e0c34644504b324e830f2991d4865	2026-10-07T14:52:29.3593600Z   vertex
selected-proofs	Run leanprover/lean-action@f061402b660e0c34644504b324e830f2991d4865	2026-10-07T14:52:29.3593687Z 
selected-proofs	Run leanprover/lean-action@f061402b660e0c34644504b324e830f2991d4865	2026-10-07T14:52:29.3593778Z Hint: Omit it from the simp argument list.
selected-proofs	Run leanprover/lean-action@f061402b660e0c34644504b324e830f2991d4865	2026-10-07T14:52:29.3594133Z   [apply] simp
selected-proofs	Run leanprover/lean-action@f061402b660e0c34644504b324e830f2991d4865	2026-10-07T14:52:29.3594229Z 
selected-proofs	Run leanprover/lean-action@f061402b660e0c34644504b324e830f2991d4865	2026-10-07T14:52:29.3594402Z Note: This linter can be disabled with `set_option linter.unusedSimpArgs false`
selected-proofs	Run leanprover/lean-action@f061402b660e0c34644504b324e830f2991d4865	2026-10-07T14:52:29.3594819Z warning: MatchingIdentification.lean:31:8: This simp argument is unused:
selected-proofs	Run leanprover/lean-action@f061402b660e0c34644504b324e830f2991d4865	2026-10-07T14:52:29.3595086Z   vertex
selected-proofs	Run leanprover/lean-action@f061402b660e0c34644504b324e830f2991d4865	2026-10-07T14:52:29.3595143Z 
selected-proofs	Run leanprover/lean-action@f061402b660e0c34644504b324e830f2991d4865	2026-10-07T14:52:29.3595201Z Hint: Omit it from the simp argument list.
selected-proofs	Run leanprover/lean-action@f061402b660e0c34644504b324e830f2991d4865	2026-10-07T14:52:29.3595353Z   [apply] simp [map_add]
selected-proofs	Run leanprover/lean-action@f061402b660e0c34644504b324e830f2991d4865	2026-10-07T14:52:29.3595433Z 
selected-proofs	Run leanprover/lean-action@f061402b660e0c34644504b324e830f2991d4865	2026-10-07T14:52:29.3595548Z Note: This linter can be disabled with `set_option linter.unusedSimpArgs false`
selected-proofs	Run leanprover/lean-action@f061402b660e0c34644504b324e830f2991d4865	2026-10-07T14:52:29.3595814Z warning: MatchingIdentification.lean:37:8: This simp argument is unused:
selected-proofs	Run leanprover/lean-action@f061402b660e0c34644504b324e830f2991d4865	2026-10-07T14:52:29.3596013Z   vertex
selected-proofs	Run leanprover/lean-action@f061402b660e0c34644504b324e830f2991d4865	2026-10-07T14:52:29.3596067Z 
selected-proofs	Run leanprover/lean-action@f061402b660e0c34644504b324e830f2991d4865	2026-10-07T14:52:29.3596126Z Hint: Omit it from the simp argument list.
selected-proofs	Run leanprover/lean-action@f061402b660e0c34644504b324e830f2991d4865	2026-10-07T14:52:29.3596277Z   [apply] simp [chart_matchA]
selected-proofs	Run leanprover/lean-action@f061402b660e0c34644504b324e830f2991d4865	2026-10-07T14:52:29.3596366Z 
selected-proofs	Run leanprover/lean-action@f061402b660e0c34644504b324e830f2991d4865	2026-10-07T14:52:29.3596473Z Note: This linter can be disabled with `set_option linter.unusedSimpArgs false`
selected-proofs	Run leanprover/lean-action@f061402b660e0c34644504b324e830f2991d4865	2026-10-07T14:52:29.3596735Z warning: MatchingIdentification.lean:43:8: This simp argument is unused:
selected-proofs	Run leanprover/lean-action@f061402b660e0c34644504b324e830f2991d4865	2026-10-07T14:52:29.3596929Z   vertex
selected-proofs	Run leanprover/lean-action@f061402b660e0c34644504b324e830f2991d4865	2026-10-07T14:52:29.3597007Z 
selected-proofs	Run leanprover/lean-action@f061402b660e0c34644504b324e830f2991d4865	2026-10-07T14:52:29.3597072Z Hint: Omit it from the simp argument list.
selected-proofs	Run leanprover/lean-action@f061402b660e0c34644504b324e830f2991d4865	2026-10-07T14:52:29.3597239Z   [apply] simp [chart_matchC]
selected-proofs	Run leanprover/lean-action@f061402b660e0c34644504b324e830f2991d4865	2026-10-07T14:52:29.3597323Z 
selected-proofs	Run leanprover/lean-action@f061402b660e0c34644504b324e830f2991d4865	2026-10-07T14:52:29.3597435Z Note: This linter can be disabled with `set_option linter.unusedSimpArgs false`
selected-proofs	Run leanprover/lean-action@f061402b660e0c34644504b324e830f2991d4865	2026-10-07T14:52:29.3597829Z info: MatchingIdentification.lean:169:0: 'RobertPublishable.TWO.round1_zero_edge' depends on axioms: [propext, Classical.choice, Quot.sound]
selected-proofs	Run leanprover/lean-action@f061402b660e0c34644504b324e830f2991d4865	2026-10-07T14:52:29.3598325Z info: MatchingIdentification.lean:170:0: 'RobertPublishable.TWO.round1_B_edge' depends on axioms: [propext, Classical.choice, Quot.sound]
selected-proofs	Run leanprover/lean-action@f061402b660e0c34644504b324e830f2991d4865	2026-10-07T14:52:29.3598817Z info: MatchingIdentification.lean:171:0: 'RobertPublishable.TWO.round2_AFinal_edge' depends on axioms: [propext, Classical.choice, Quot.sound]
selected-proofs	Run leanprover/lean-action@f061402b660e0c34644504b324e830f2991d4865	2026-10-07T14:52:29.3599313Z info: MatchingIdentification.lean:172:0: 'RobertPublishable.TWO.round2_CFinal_edge' depends on axioms: [propext, Classical.choice, Quot.sound]
selected-proofs	Run leanprover/lean-action@f061402b660e0c34644504b324e830f2991d4865	2026-10-07T14:52:29.3599808Z info: MatchingIdentification.lean:173:0: 'RobertPublishable.TWO.round2_zero_edge' depends on axioms: [propext, Classical.choice, Quot.sound]
selected-proofs	Run leanprover/lean-action@f061402b660e0c34644504b324e830f2991d4865	2026-10-07T14:52:29.3600293Z info: MatchingIdentification.lean:174:0: 'RobertPublishable.TWO.round2_B_edge' depends on axioms: [propext, Classical.choice, Quot.sound]
selected-proofs	Run leanprover/lean-action@f061402b660e0c34644504b324e830f2991d4865	2026-10-07T14:52:33.1628284Z ✔ [8969/8971] Built Openmath.Proofs.ParabolaBarrier104 (3.8s)
selected-proofs	Run leanprover/lean-action@f061402b660e0c34644504b324e830f2991d4865	2026-10-07T14:52:37.0660542Z ⚠ [8970/8979] Built CycleComposition (3.0s)
selected-proofs	Run leanprover/lean-action@f061402b660e0c34644504b324e830f2991d4865	2026-10-07T14:52:37.0661004Z warning: CycleComposition.lean:39:0: automatically included section variable(s) unused in theorem `RobertPublishable.TWO.label_same_impossible`:
selected-proofs	Run leanprover/lean-action@f061402b660e0c34644504b324e830f2991d4865	2026-10-07T14:52:37.0661642Z   [CharP F 3]
selected-proofs	Run leanprover/lean-action@f061402b660e0c34644504b324e830f2991d4865	2026-10-07T14:52:37.0661891Z consider restructuring your `variable` declarations so that the variables are not in scope or explicitly omit them:
selected-proofs	Run leanprover/lean-action@f061402b660e0c34644504b324e830f2991d4865	2026-10-07T14:52:37.0662175Z   omit [CharP F 3] in theorem ...
selected-proofs	Run leanprover/lean-action@f061402b660e0c34644504b324e830f2991d4865	2026-10-07T14:52:37.0662273Z 
selected-proofs	Run leanprover/lean-action@f061402b660e0c34644504b324e830f2991d4865	2026-10-07T14:52:37.0662400Z Note: This linter can be disabled with `set_option linter.unusedSectionVars false`
selected-proofs	Run leanprover/lean-action@f061402b660e0c34644504b324e830f2991d4865	2026-10-07T14:52:37.0662808Z warning: CycleComposition.lean:104:0: automatically included section variable(s) unused in theorem `RobertPublishable.TWO.mapped_support_eq_image`:
selected-proofs	Run leanprover/lean-action@f061402b660e0c34644504b324e830f2991d4865	2026-10-07T14:52:37.0663265Z   [Fintype F]
selected-proofs	Run leanprover/lean-action@f061402b660e0c34644504b324e830f2991d4865	2026-10-07T14:52:37.0663371Z   [CharP F 3]
selected-proofs	Run leanprover/lean-action@f061402b660e0c34644504b324e830f2991d4865	2026-10-07T14:52:37.0663608Z consider restructuring your `variable` declarations so that the variables are not in scope or explicitly omit them:
selected-proofs	Run leanprover/lean-action@f061402b660e0c34644504b324e830f2991d4865	2026-10-07T14:52:37.0663892Z   omit [Fintype F] [CharP F 3] in theorem ...
selected-proofs	Run leanprover/lean-action@f061402b660e0c34644504b324e830f2991d4865	2026-10-07T14:52:37.0664162Z 
selected-proofs	Run leanprover/lean-action@f061402b660e0c34644504b324e830f2991d4865	2026-10-07T14:52:37.0664284Z Note: This linter can be disabled with `set_option linter.unusedSectionVars false`
selected-proofs	Run leanprover/lean-action@f061402b660e0c34644504b324e830f2991d4865	2026-10-07T14:52:37.0664689Z warning: CycleComposition.lean:123:0: automatically included section variable(s) unused in theorem `RobertPublishable.TWO.final_factors_disjoint`:
selected-proofs	Run leanprover/lean-action@f061402b660e0c34644504b324e830f2991d4865	2026-10-07T14:52:37.0665012Z   [CharP F 3]
selected-proofs	Run leanprover/lean-action@f061402b660e0c34644504b324e830f2991d4865	2026-10-07T14:52:37.0665243Z consider restructuring your `variable` declarations so that the variables are not in scope or explicitly omit them:
selected-proofs	Run leanprover/lean-action@f061402b660e0c34644504b324e830f2991d4865	2026-10-07T14:52:37.0665520Z   omit [CharP F 3] in theorem ...
selected-proofs	Run leanprover/lean-action@f061402b660e0c34644504b324e830f2991d4865	2026-10-07T14:52:37.0665613Z 
selected-proofs	Run leanprover/lean-action@f061402b660e0c34644504b324e830f2991d4865	2026-10-07T14:52:37.0665732Z Note: This linter can be disabled with `set_option linter.unusedSectionVars false`
selected-proofs	Run leanprover/lean-action@f061402b660e0c34644504b324e830f2991d4865	2026-10-07T14:52:37.0666032Z warning: CycleComposition.lean:180:47: Used `tac1 <;> tac2` where `(tac1; tac2)` would suffice
selected-proofs	Run leanprover/lean-action@f061402b660e0c34644504b324e830f2991d4865	2026-10-07T14:52:37.0666219Z 
selected-proofs	Run leanprover/lean-action@f061402b660e0c34644504b324e830f2991d4865	2026-10-07T14:52:37.0666342Z Note: This linter can be disabled with `set_option linter.unnecessarySeqFocus false`
selected-proofs	Run leanprover/lean-action@f061402b660e0c34644504b324e830f2991d4865	2026-10-07T14:52:37.0666745Z info: CycleComposition.lean:184:0: 'RobertPublishable.TWO.label_cross_iff_matching' depends on axioms: [propext, Classical.choice, Quot.sound]
selected-proofs	Run leanprover/lean-action@f061402b660e0c34644504b324e830f2991d4865	2026-10-07T14:52:37.0667225Z info: CycleComposition.lean:185:0: 'RobertPublishable.TWO.red_cross' depends on axioms: [propext, Classical.choice, Quot.sound]
selected-proofs	Run leanprover/lean-action@f061402b660e0c34644504b324e830f2991d4865	2026-10-07T14:52:37.0667671Z info: CycleComposition.lean:186:0: 'RobertPublishable.TWO.blue_cross' depends on axioms: [propext, Classical.choice, Quot.sound]
selected-proofs	Run leanprover/lean-action@f061402b660e0c34644504b324e830f2991d4865	2026-10-07T14:52:37.0668124Z info: CycleComposition.lean:187:0: 'RobertPublishable.TWO.red_cycle_local' depends on axioms: [propext, Classical.choice, Quot.sound]
selected-proofs	Run leanprover/lean-action@f061402b660e0c34644504b324e830f2991d4865	2026-10-07T14:52:37.0668588Z info: CycleComposition.lean:188:0: 'RobertPublishable.TWO.blue_cycle_local' depends on axioms: [propext, Classical.choice, Quot.sound]
selected-proofs	Run leanprover/lean-action@f061402b660e0c34644504b324e830f2991d4865	2026-10-07T14:52:37.0669055Z info: CycleComposition.lean:189:0: 'RobertPublishable.TWO.chart_support_card' depends on axioms: [propext, Classical.choice, Quot.sound]
selected-proofs	Run leanprover/lean-action@f061402b660e0c34644504b324e830f2991d4865	2026-10-07T14:52:37.0669536Z info: CycleComposition.lean:190:0: 'RobertPublishable.TWO.final_factors_disjoint' depends on axioms: [propext, Classical.choice, Quot.sound]
selected-proofs	Run leanprover/lean-action@f061402b660e0c34644504b324e830f2991d4865	2026-10-07T14:52:37.0670044Z info: CycleComposition.lean:191:0: 'RobertPublishable.TWO.actual_two_round_exposed_cycles' depends on axioms: [propext, Classical.choice, Quot.sound]
selected-proofs	Run leanprover/lean-action@f061402b660e0c34644504b324e830f2991d4865	2026-10-07T14:52:37.0670603Z info: CycleComposition.lean:192:0: 'RobertPublishable.TWO.exactly_two_component_union_rounds' depends on axioms: [propext, Classical.choice, Quot.sound]
selected-proofs	Run leanprover/lean-action@f061402b660e0c34644504b324e830f2991d4865	2026-10-07T14:52:37.0671100Z info: CycleComposition.lean:193:0: 'RobertPublishable.TWO.family_exactly_two_component_union_rounds' depends on axioms: [propext,
selected-proofs	Run leanprover/lean-action@f061402b660e0c34644504b324e830f2991d4865	2026-10-07T14:52:37.0671403Z  Classical.choice,
selected-proofs	Run leanprover/lean-action@f061402b660e0c34644504b324e830f2991d4865	2026-10-07T14:52:37.0671519Z  Quot.sound]
selected-proofs	Run leanprover/lean-action@f061402b660e0c34644504b324e830f2991d4865	2026-10-07T14:52:37.0671942Z info: CycleComposition.lean:194:0: @actual_two_round_exposed_cycles : ∀ {F : Type u_2} [inst : Field F] [inst_1 : DecidableEq F] [inst_2 : Fintype F]
selected-proofs	Run leanprover/lean-action@f061402b660e0c34644504b324e830f2991d4865	2026-10-07T14:52:37.0672279Z   [CharP F 3] [inst_4 : Algebra (ZMod 3) F] (t : F),
selected-proofs	Run leanprover/lean-action@f061402b660e0c34644504b324e830f2991d4865	2026-10-07T14:52:37.0672455Z   t ≠ 0 →
selected-proofs	Run leanprover/lean-action@f061402b660e0c34644504b324e830f2991d4865	2026-10-07T14:52:37.0672571Z     t ≠ 1 →
selected-proofs	Run leanprover/lean-action@f061402b660e0c34644504b324e830f2991d4865	2026-10-07T14:52:37.0675368Z       t ≠ -1 →
selected-proofs	Run leanprover/lean-action@f061402b660e0c34644504b324e830f2991d4865	2026-10-07T14:52:37.0675607Z         ∃ p q,
selected-proofs	Run leanprover/lean-action@f061402b660e0c34644504b324e830f2991d4865	2026-10-07T14:52:37.0675916Z           p.IsCycle ∧
selected-proofs	Run leanprover/lean-action@f061402b660e0c34644504b324e830f2991d4865	2026-10-07T14:52:37.0676050Z             q.IsCycle ∧
selected-proofs	Run leanprover/lean-action@f061402b660e0c34644504b324e830f2991d4865	2026-10-07T14:52:37.0676216Z               p.support.toFinset = q.support.toFinset ∧
selected-proofs	Run leanprover/lean-action@f061402b660e0c34644504b324e830f2991d4865	2026-10-07T14:52:37.0676519Z                 Disjoint p.edges.toFinset q.edges.toFinset ∧ p.support.toFinset.card = 54
selected-proofs	Run leanprover/lean-action@f061402b660e0c34644504b324e830f2991d4865	2026-10-07T14:52:37.0676865Z info: CycleComposition.lean:195:0: family_exactly_two_component_union_rounds : ∀ (k : ℕ),
selected-proofs	Run leanprover/lean-action@f061402b660e0c34644504b324e830f2991d4865	2026-10-07T14:52:37.0677102Z   2 ≤ k →
selected-proofs	Run leanprover/lean-action@f061402b660e0c34644504b324e830f2991d4865	2026-10-07T14:52:37.0677356Z     ParabolaBarrier104.OneRoundBarrier ∧
selected-proofs	Run leanprover/lean-action@f061402b660e0c34644504b324e830f2991d4865	2026-10-07T14:52:37.0677518Z       ∃ t,
selected-proofs	Run leanprover/lean-action@f061402b660e0c34644504b324e830f2991d4865	2026-10-07T14:52:37.0677636Z         t ≠ 0 ∧
selected-proofs	Run leanprover/lean-action@f061402b660e0c34644504b324e830f2991d4865	2026-10-07T14:52:37.0677761Z           t ≠ 1 ∧
selected-proofs	Run leanprover/lean-action@f061402b660e0c34644504b324e830f2991d4865	2026-10-07T14:52:37.0677890Z             t ≠ -1 ∧
selected-proofs	Run leanprover/lean-action@f061402b660e0c34644504b324e830f2991d4865	2026-10-07T14:52:37.0678022Z               ∃ p q,
selected-proofs	Run leanprover/lean-action@f061402b660e0c34644504b324e830f2991d4865	2026-10-07T14:52:37.0678149Z                 p.IsCycle ∧
selected-proofs	Run leanprover/lean-action@f061402b660e0c34644504b324e830f2991d4865	2026-10-07T14:52:37.0678300Z                   q.IsCycle ∧
selected-proofs	Run leanprover/lean-action@f061402b660e0c34644504b324e830f2991d4865	2026-10-07T14:52:37.0678473Z                     p.support.toFinset = q.support.toFinset ∧
selected-proofs	Run leanprover/lean-action@f061402b660e0c34644504b324e830f2991d4865	2026-10-07T14:52:37.0678763Z                       Disjoint p.edges.toFinset q.edges.toFinset ∧ p.support.toFinset.card = 54
selected-proofs	Run leanprover/lean-action@f061402b660e0c34644504b324e830f2991d4865	2026-10-07T14:52:41.0690169Z ⚠ [8971/8980] Built Openmath.Proofs.BipartiteBalance (3.9s)
selected-proofs	Run leanprover/lean-action@f061402b660e0c34644504b324e830f2991d4865	2026-10-07T14:52:41.0691115Z warning: Openmath/Proofs/BipartiteBalance.lean:27:12: please avoid 'open (scoped) Classical' statements: this can hide theorem statements which would be better stated with explicit decidability statements.
selected-proofs	Run leanprover/lean-action@f061402b660e0c34644504b324e830f2991d4865	2026-10-07T14:52:41.0692007Z Instead, use `open Classical in` for definitions or instances, the `classical` tactic for proofs.
selected-proofs	Run leanprover/lean-action@f061402b660e0c34644504b324e830f2991d4865	2026-10-07T14:52:41.0692607Z For theorem statements, either add missing decidability assumptions or use `open Classical in`.
selected-proofs	Run leanprover/lean-action@f061402b660e0c34644504b324e830f2991d4865	2026-10-07T14:52:41.0692934Z 
selected-proofs	Run leanprover/lean-action@f061402b660e0c34644504b324e830f2991d4865	2026-10-07T14:52:41.0693144Z Note: This linter can be disabled with `set_option linter.style.openClassical false`
selected-proofs	Run leanprover/lean-action@f061402b660e0c34644504b324e830f2991d4865	2026-10-07T14:52:44.6723802Z ✔ [8972/8981] Built Openmath.Proofs.CutGluing (3.6s)
selected-proofs	Run leanprover/lean-action@f061402b660e0c34644504b324e830f2991d4865	2026-10-07T14:52:48.4753196Z ⚠ [8973/8981] Built HaarComponents (3.8s)
selected-proofs	Run leanprover/lean-action@f061402b660e0c34644504b324e830f2991d4865	2026-10-07T14:52:48.4753745Z warning: HaarComponents.lean:43:0: automatically included section variable(s) unused in theorem `RobertPublishable.HaarComponent.moveIso_apply`:
selected-proofs	Run leanprover/lean-action@f061402b660e0c34644504b324e830f2991d4865	2026-10-07T14:52:48.4754257Z   [DecidableEq V]
selected-proofs	Run leanprover/lean-action@f061402b660e0c34644504b324e830f2991d4865	2026-10-07T14:52:48.4754517Z consider restructuring your `variable` declarations so that the variables are not in scope or explicitly omit them:
selected-proofs	Run leanprover/lean-action@f061402b660e0c34644504b324e830f2991d4865	2026-10-07T14:52:48.4754810Z   omit [DecidableEq V] in theorem ...
selected-proofs	Run leanprover/lean-action@f061402b660e0c34644504b324e830f2991d4865	2026-10-07T14:52:48.4754914Z 
selected-proofs	Run leanprover/lean-action@f061402b660e0c34644504b324e830f2991d4865	2026-10-07T14:52:48.4755043Z Note: This linter can be disabled with `set_option linter.unusedSectionVars false`
selected-proofs	Run leanprover/lean-action@f061402b660e0c34644504b324e830f2991d4865	2026-10-07T14:52:48.4755475Z info: HaarComponents.lean:88:0: 'RobertPublishable.HaarComponent.translationIso' depends on axioms: [propext, Classical.choice, Quot.sound]
selected-proofs	Run leanprover/lean-action@f061402b660e0c34644504b324e830f2991d4865	2026-10-07T14:52:48.4755991Z info: HaarComponents.lean:89:0: 'RobertPublishable.HaarComponent.reflectionIso' depends on axioms: [propext, Classical.choice, Quot.sound]
selected-proofs	Run leanprover/lean-action@f061402b660e0c34644504b324e830f2991d4865	2026-10-07T14:52:48.4756486Z info: HaarComponents.lean:90:0: 'RobertPublishable.HaarComponent.moveIso_apply' depends on axioms: [propext, Classical.choice, Quot.sound]
selected-proofs	Run leanprover/lean-action@f061402b660e0c34644504b324e830f2991d4865	2026-10-07T14:52:48.4757001Z info: HaarComponents.lean:91:0: 'RobertPublishable.HaarComponent.every_vertex_component' depends on axioms: [propext, Classical.choice, Quot.sound]
selected-proofs	Run leanprover/lean-action@f061402b660e0c34644504b324e830f2991d4865	2026-10-07T14:52:48.4757528Z info: HaarComponents.lean:92:0: 'RobertPublishable.HaarComponent.every_connected_component' depends on axioms: [propext, Classical.choice, Quot.sound]
selected-proofs	Run leanprover/lean-action@f061402b660e0c34644504b324e830f2991d4865	2026-10-07T14:52:48.4758056Z info: HaarComponents.lean:93:0: 'RobertPublishable.HaarComponent.every_component_finite' depends on axioms: [propext, Classical.choice, Quot.sound]
selected-proofs	Run leanprover/lean-action@f061402b660e0c34644504b324e830f2991d4865	2026-10-07T14:52:48.4758643Z info: HaarComponents.lean:94:0: @every_connected_component : ∀ {V : Type u_2} [inst : AddCommGroup V] [inst_1 : DecidableEq V] {p : ℕ}
selected-proofs	Run leanprover/lean-action@f061402b660e0c34644504b324e830f2991d4865	2026-10-07T14:52:48.4758988Z   [inst_2 : Fact (Nat.Prime p)] [Module (ZMod p) V] (S : Finset V),
selected-proofs	Run leanprover/lean-action@f061402b660e0c34644504b324e830f2991d4865	2026-10-07T14:52:48.4759339Z   S.card = 4 → ∀ (C : (Haar.graph S).ConnectedComponent), HamiltonDecomposesComponent (Haar.graph S) C
selected-proofs	Run leanprover/lean-action@f061402b660e0c34644504b324e830f2991d4865	2026-10-07T14:52:48.4759823Z info: HaarComponents.lean:95:0: @every_component_finite : ∀ {V : Type u_2} [inst : AddCommGroup V] [DecidableEq V] {p : ℕ} [inst_2 : Fact (Nat.Prime p)]
selected-proofs	Run leanprover/lean-action@f061402b660e0c34644504b324e830f2991d4865	2026-10-07T14:52:48.4760802Z   [Module (ZMod p) V] (S : Finset V), S.card = 4 → ∀ (C : (Haar.graph S).ConnectedComponent), C.supp.Finite
selected-proofs	Run leanprover/lean-action@f061402b660e0c34644504b324e830f2991d4865	2026-10-07T14:52:53.0809116Z ⚠ [8974/8982] Built Passage (4.6s)
selected-proofs	Run leanprover/lean-action@f061402b660e0c34644504b324e830f2991d4865	2026-10-07T14:52:53.0809685Z warning: Passage.lean:10:12: please avoid 'open (scoped) Classical' statements: this can hide theorem statements which would be better stated with explicit decidability statements.
selected-proofs	Run leanprover/lean-action@f061402b660e0c34644504b324e830f2991d4865	2026-10-07T14:52:53.0810615Z Instead, use `open Classical in` for definitions or instances, the `classical` tactic for proofs.
selected-proofs	Run leanprover/lean-action@f061402b660e0c34644504b324e830f2991d4865	2026-10-07T14:52:53.0810957Z For theorem statements, either add missing decidability assumptions or use `open Classical in`.
selected-proofs	Run leanprover/lean-action@f061402b660e0c34644504b324e830f2991d4865	2026-10-07T14:52:53.0811155Z 
selected-proofs	Run leanprover/lean-action@f061402b660e0c34644504b324e830f2991d4865	2026-10-07T14:52:53.0811290Z Note: This linter can be disabled with `set_option linter.style.openClassical false`
selected-proofs	Run leanprover/lean-action@f061402b660e0c34644504b324e830f2991d4865	2026-10-07T14:52:53.0811667Z warning: Passage.lean:10:0: This file has no module docstring (`/-! ... -/`). Add one after the imports to document the file.
selected-proofs	Run leanprover/lean-action@f061402b660e0c34644504b324e830f2991d4865	2026-10-07T14:52:53.0811913Z 
selected-proofs	Run leanprover/lean-action@f061402b660e0c34644504b324e830f2991d4865	2026-10-07T14:52:53.0812044Z Note: This linter can be disabled with `set_option linter.style.moduleDocstring false`
selected-proofs	Run leanprover/lean-action@f061402b660e0c34644504b324e830f2991d4865	2026-10-07T14:52:53.0812416Z warning: Passage.lean:20:8: automatically included section variable(s) unused in theorem `RobertPublishable.SUB.crosses_mk`:
selected-proofs	Run leanprover/lean-action@f061402b660e0c34644504b324e830f2991d4865	2026-10-07T14:52:53.0812709Z   [DecidableEq V]
selected-proofs	Run leanprover/lean-action@f061402b660e0c34644504b324e830f2991d4865	2026-10-07T14:52:53.0812825Z   [DecidableEq U]
selected-proofs	Run leanprover/lean-action@f061402b660e0c34644504b324e830f2991d4865	2026-10-07T14:52:53.0813075Z consider restructuring your `variable` declarations so that the variables are not in scope or explicitly omit them:
selected-proofs	Run leanprover/lean-action@f061402b660e0c34644504b324e830f2991d4865	2026-10-07T14:52:53.0813386Z   omit [DecidableEq V] [DecidableEq U] in theorem ...
selected-proofs	Run leanprover/lean-action@f061402b660e0c34644504b324e830f2991d4865	2026-10-07T14:52:53.0813511Z 
selected-proofs	Run leanprover/lean-action@f061402b660e0c34644504b324e830f2991d4865	2026-10-07T14:52:53.0813633Z Note: This linter can be disabled with `set_option linter.unusedSectionVars false`
selected-proofs	Run leanprover/lean-action@f061402b660e0c34644504b324e830f2991d4865	2026-10-07T14:52:53.0814144Z info: Passage.lean:170:0: 'RobertPublishable.SUB.single_passage' depends on axioms: [propext, Classical.choice, Quot.sound]
selected-proofs	Run leanprover/lean-action@f061402b660e0c34644504b324e830f2991d4865	2026-10-07T14:52:54.0820108Z ⚠ [8975/8982] Built HamiltonianDeletion (984ms)
selected-proofs	Run leanprover/lean-action@f061402b660e0c34644504b324e830f2991d4865	2026-10-07T14:52:54.0820672Z warning: HamiltonianDeletion.lean:30:0: automatically included section variable(s) unused in theorem `RobertPublishable.BM.hasPair_of_twoHamiltonianCycles`:
selected-proofs	Run leanprover/lean-action@f061402b660e0c34644504b324e830f2991d4865	2026-10-07T14:52:54.0821032Z   [Fintype V]
selected-proofs	Run leanprover/lean-action@f061402b660e0c34644504b324e830f2991d4865	2026-10-07T14:52:54.0821292Z consider restructuring your `variable` declarations so that the variables are not in scope or explicitly omit them:
selected-proofs	Run leanprover/lean-action@f061402b660e0c34644504b324e830f2991d4865	2026-10-07T14:52:54.0821578Z   omit [Fintype V] in theorem ...
selected-proofs	Run leanprover/lean-action@f061402b660e0c34644504b324e830f2991d4865	2026-10-07T14:52:54.0821677Z 
selected-proofs	Run leanprover/lean-action@f061402b660e0c34644504b324e830f2991d4865	2026-10-07T14:52:54.0821804Z Note: This linter can be disabled with `set_option linter.unusedSectionVars false`
selected-proofs	Run leanprover/lean-action@f061402b660e0c34644504b324e830f2991d4865	2026-10-07T14:52:54.0822246Z info: HamiltonianDeletion.lean:77:0: 'RobertPublishable.BM.hasPair_of_twoHamiltonianCycles' depends on axioms: [propext, Classical.choice, Quot.sound]
selected-proofs	Run leanprover/lean-action@f061402b660e0c34644504b324e830f2991d4865	2026-10-07T14:52:54.0822765Z info: HamiltonianDeletion.lean:78:0: 'RobertPublishable.BM.twoHamiltonianCycles_of_hamiltonian_remainder' depends on axioms: [propext,
selected-proofs	Run leanprover/lean-action@f061402b660e0c34644504b324e830f2991d4865	2026-10-07T14:52:54.0823085Z  Classical.choice,
selected-proofs	Run leanprover/lean-action@f061402b660e0c34644504b324e830f2991d4865	2026-10-07T14:52:54.0823199Z  Quot.sound]
selected-proofs	Run leanprover/lean-action@f061402b660e0c34644504b324e830f2991d4865	2026-10-07T14:52:54.0823477Z info: HamiltonianDeletion.lean:79:0: 'RobertPublishable.BM.twoHamiltonianCycles_of_preserved_criterion' depends on axioms: [propext,
selected-proofs	Run leanprover/lean-action@f061402b660e0c34644504b324e830f2991d4865	2026-10-07T14:52:54.0823792Z  Classical.choice,
selected-proofs	Run leanprover/lean-action@f061402b660e0c34644504b324e830f2991d4865	2026-10-07T14:52:54.0823904Z  Quot.sound]
selected-proofs	Run leanprover/lean-action@f061402b660e0c34644504b324e830f2991d4865	2026-10-07T14:52:54.0824343Z info: HamiltonianDeletion.lean:80:0: 'RobertPublishable.BM.hasPair_of_preserved_criterion' depends on axioms: [propext, Classical.choice, Quot.sound]
selected-proofs	Run leanprover/lean-action@f061402b660e0c34644504b324e830f2991d4865	2026-10-07T14:52:57.7849958Z ⚠ [8976/8983] Built Projection (3.7s)
selected-proofs	Run leanprover/lean-action@f061402b660e0c34644504b324e830f2991d4865	2026-10-07T14:52:57.7850772Z warning: Projection.lean:11:12: please avoid 'open (scoped) Classical' statements: this can hide theorem statements which would be better stated with explicit decidability statements.
selected-proofs	Run leanprover/lean-action@f061402b660e0c34644504b324e830f2991d4865	2026-10-07T14:52:57.7851536Z Instead, use `open Classical in` for definitions or instances, the `classical` tactic for proofs.
selected-proofs	Run leanprover/lean-action@f061402b660e0c34644504b324e830f2991d4865	2026-10-07T14:52:57.7852034Z For theorem statements, either add missing decidability assumptions or use `open Classical in`.
selected-proofs	Run leanprover/lean-action@f061402b660e0c34644504b324e830f2991d4865	2026-10-07T14:52:57.7852230Z 
selected-proofs	Run leanprover/lean-action@f061402b660e0c34644504b324e830f2991d4865	2026-10-07T14:52:57.7852359Z Note: This linter can be disabled with `set_option linter.style.openClassical false`
selected-proofs	Run leanprover/lean-action@f061402b660e0c34644504b324e830f2991d4865	2026-10-07T14:52:57.7853112Z warning: Projection.lean:11:0: This file has no module docstring (`/-! ... -/`). Add one after the imports to document the file.
selected-proofs	Run leanprover/lean-action@f061402b660e0c34644504b324e830f2991d4865	2026-10-07T14:52:57.7853352Z 
selected-proofs	Run leanprover/lean-action@f061402b660e0c34644504b324e830f2991d4865	2026-10-07T14:52:57.7853484Z Note: This linter can be disabled with `set_option linter.style.moduleDocstring false`
selected-proofs	Run leanprover/lean-action@f061402b660e0c34644504b324e830f2991d4865	2026-10-07T14:52:57.7854046Z warning: Projection.lean:81:8: automatically included section variable(s) unused in theorem `RobertPublishable.SUB.LinkProjection.mem_projectedEdges`:
selected-proofs	Run leanprover/lean-action@f061402b660e0c34644504b324e830f2991d4865	2026-10-07T14:52:57.7854538Z   [DecidableEq U]
selected-proofs	Run leanprover/lean-action@f061402b660e0c34644504b324e830f2991d4865	2026-10-07T14:52:57.7854653Z   [DecidableEq E]
selected-proofs	Run leanprover/lean-action@f061402b660e0c34644504b324e830f2991d4865	2026-10-07T14:52:57.7854903Z consider restructuring your `variable` declarations so that the variables are not in scope or explicitly omit them:
selected-proofs	Run leanprover/lean-action@f061402b660e0c34644504b324e830f2991d4865	2026-10-07T14:52:57.7855209Z   omit [DecidableEq U] [DecidableEq E] in theorem ...
selected-proofs	Run leanprover/lean-action@f061402b660e0c34644504b324e830f2991d4865	2026-10-07T14:52:57.7855331Z 
selected-proofs	Run leanprover/lean-action@f061402b660e0c34644504b324e830f2991d4865	2026-10-07T14:52:57.7855455Z Note: This linter can be disabled with `set_option linter.unusedSectionVars false`
selected-proofs	Run leanprover/lean-action@f061402b660e0c34644504b324e830f2991d4865	2026-10-07T14:52:57.7855881Z warning: Projection.lean:85:0: automatically included section variable(s) unused in theorem `RobertPublishable.SUB.LinkProjection.incident_iff_crosses`:
selected-proofs	Run leanprover/lean-action@f061402b660e0c34644504b324e830f2991d4865	2026-10-07T14:52:57.7856228Z   [DecidableEq E]
selected-proofs	Run leanprover/lean-action@f061402b660e0c34644504b324e830f2991d4865	2026-10-07T14:52:57.7856469Z consider restructuring your `variable` declarations so that the variables are not in scope or explicitly omit them:
selected-proofs	Run leanprover/lean-action@f061402b660e0c34644504b324e830f2991d4865	2026-10-07T14:52:57.7856751Z   omit [DecidableEq E] in theorem ...
selected-proofs	Run leanprover/lean-action@f061402b660e0c34644504b324e830f2991d4865	2026-10-07T14:52:57.7856848Z 
selected-proofs	Run leanprover/lean-action@f061402b660e0c34644504b324e830f2991d4865	2026-10-07T14:52:57.7856970Z Note: This linter can be disabled with `set_option linter.unusedSectionVars false`
selected-proofs	Run leanprover/lean-action@f061402b660e0c34644504b324e830f2991d4865	2026-10-07T14:52:57.7857412Z warning: Projection.lean:130:0: automatically included section variable(s) unused in theorem `RobertPublishable.SUB.LinkProjection.quotient_reachable_of_walk`:
selected-proofs	Run leanprover/lean-action@f061402b660e0c34644504b324e830f2991d4865	2026-10-07T14:52:57.7857770Z   [DecidableEq V]
selected-proofs	Run leanprover/lean-action@f061402b660e0c34644504b324e830f2991d4865	2026-10-07T14:52:57.7857879Z   [DecidableEq E]
selected-proofs	Run leanprover/lean-action@f061402b660e0c34644504b324e830f2991d4865	2026-10-07T14:52:57.7858117Z consider restructuring your `variable` declarations so that the variables are not in scope or explicitly omit them:
selected-proofs	Run leanprover/lean-action@f061402b660e0c34644504b324e830f2991d4865	2026-10-07T14:52:57.7858416Z   omit [DecidableEq V] [DecidableEq E] in theorem ...
selected-proofs	Run leanprover/lean-action@f061402b660e0c34644504b324e830f2991d4865	2026-10-07T14:52:57.7858537Z 
selected-proofs	Run leanprover/lean-action@f061402b660e0c34644504b324e830f2991d4865	2026-10-07T14:52:57.7858655Z Note: This linter can be disabled with `set_option linter.unusedSectionVars false`
selected-proofs	Run leanprover/lean-action@f061402b660e0c34644504b324e830f2991d4865	2026-10-07T14:52:57.8851914Z ✖ [8977/8983] Building IndependentTransversals.GeneralHaxell (153ms)
selected-proofs	Run leanprover/lean-action@f061402b660e0c34644504b324e830f2991d4865	2026-10-07T14:52:57.8858908Z trace: .> LEAN_PATH=/home/runner/work/openmath-2026-judging/openmath-2026-judging/robert-review-2026-10-07/lean/.lake/packages/Cli/.lake/build/lib/lean:/home/runner/work/openmath-2026-judging/openmath-2026-judging/robert-review-2026-10-07/lean/.lake/packages/batteries/.lake/build/lib/lean:/home/runner/work/openmath-2026-judging/openmath-2026-judging/robert-review-2026-10-07/lean/.lake/packages/Qq/.lake/build/lib/lean:/home/runner/work/openmath-2026-judging/openmath-2026-judging/robert-review-2026-10-07/lean/.lake/packages/aesop/.lake/build/lib/lean:/home/runner/work/openmath-2026-judging/openmath-2026-judging/robert-review-2026-10-07/lean/.lake/packages/proofwidgets/.lake/build/lib/lean:/home/runner/work/openmath-2026-judging/openmath-2026-judging/robert-review-2026-10-07/lean/.lake/packages/importGraph/.lake/build/lib/lean:/home/runner/work/openmath-2026-judging/openmath-2026-judging/robert-review-2026-10-07/lean/.lake/packages/LeanSearchClient/.lake/build/lib/lean:/home/runner/work/openmath-2026-judging/openmath-2026-judging/robert-review-2026-10-07/lean/.lake/packages/plausible/.lake/build/lib/lean:/home/runner/work/openmath-2026-judging/openmath-2026-judging/robert-review-2026-10-07/lean/.lake/packages/mathlib/.lake/build/lib/lean:/home/runner/work/openmath-2026-judging/openmath-2026-judging/robert-review-2026-10-07/lean/.lake/packages/formal_conjectures/.lake/build/lib/lean:/home/runner/work/openmath-2026-judging/openmath-2026-judging/robert-review-2026-10-07/lean/.lake/build/lib/lean /home/runner/.elan/toolchains/leanprover--lean4---v4.33.1/bin/lean /home/runner/work/openmath-2026-judging/openmath-2026-judging/robert-review-2026-10-07/lean/IndependentTransversals/GeneralHaxell.lean -o /home/runner/work/openmath-2026-judging/openmath-2026-judging/robert-review-2026-10-07/lean/.lake/build/lib/lean/IndependentTransversals/GeneralHaxell.olean -i /home/runner/work/openmath-2026-judging/openmath-2026-judging/robert-review-2026-10-07/lean/.lake/build/lib/lean/IndependentTransversals/GeneralHaxell.ilean -c /home/runner/work/openmath-2026-judging/openmath-2026-judging/robert-review-2026-10-07/lean/.lake/build/ir/IndependentTransversals/GeneralHaxell.c --setup /home/runner/work/openmath-2026-judging/openmath-2026-judging/robert-review-2026-10-07/lean/.lake/build/ir/IndependentTransversals/GeneralHaxell.setup.json --json
selected-proofs	Run leanprover/lean-action@f061402b660e0c34644504b324e830f2991d4865	2026-10-07T14:52:57.8867239Z error: IndependentTransversals/GeneralHaxell.lean:6:0: object file '/home/runner/work/openmath-2026-judging/openmath-2026-judging/robert-review-2026-10-07/lean/.lake/build/lib/lean/IndependentTransversals/AugmentingSequences.olean' of module IndependentTransversals.AugmentingSequences does not exist
selected-proofs	Run leanprover/lean-action@f061402b660e0c34644504b324e830f2991d4865	2026-10-07T14:52:57.8868216Z error: Lean exited with code 1
selected-proofs	Run leanprover/lean-action@f061402b660e0c34644504b324e830f2991d4865	2026-10-07T14:53:01.5890150Z ⚠ [8978/8983] Built Main (3.7s)
selected-proofs	Run leanprover/lean-action@f061402b660e0c34644504b324e830f2991d4865	2026-10-07T14:53:01.5890887Z warning: Main.lean:9:12: please avoid 'open (scoped) Classical' statements: this can hide theorem statements which would be better stated with explicit decidability statements.
selected-proofs	Run leanprover/lean-action@f061402b660e0c34644504b324e830f2991d4865	2026-10-07T14:53:01.5891578Z Instead, use `open Classical in` for definitions or instances, the `classical` tactic for proofs.
selected-proofs	Run leanprover/lean-action@f061402b660e0c34644504b324e830f2991d4865	2026-10-07T14:53:01.5892086Z For theorem statements, either add missing decidability assumptions or use `open Classical in`.
selected-proofs	Run leanprover/lean-action@f061402b660e0c34644504b324e830f2991d4865	2026-10-07T14:53:01.5892404Z 
selected-proofs	Run leanprover/lean-action@f061402b660e0c34644504b324e830f2991d4865	2026-10-07T14:53:01.5892593Z Note: This linter can be disabled with `set_option linter.style.openClassical false`
selected-proofs	Run leanprover/lean-action@f061402b660e0c34644504b324e830f2991d4865	2026-10-07T14:53:01.5893130Z warning: Main.lean:15:0: automatically included section variable(s) unused in theorem `RobertPublishable.SUB.pair_in_fiber`:
selected-proofs	Run leanprover/lean-action@f061402b660e0c34644504b324e830f2991d4865	2026-10-07T14:53:01.5893552Z   [DecidableEq U]
selected-proofs	Run leanprover/lean-action@f061402b660e0c34644504b324e830f2991d4865	2026-10-07T14:53:01.5893912Z consider restructuring your `variable` declarations so that the variables are not in scope or explicitly omit them:
selected-proofs	Run leanprover/lean-action@f061402b660e0c34644504b324e830f2991d4865	2026-10-07T14:53:01.5894526Z   omit [DecidableEq U] in theorem ...
selected-proofs	Run leanprover/lean-action@f061402b660e0c34644504b324e830f2991d4865	2026-10-07T14:53:01.5894670Z 
selected-proofs	Run leanprover/lean-action@f061402b660e0c34644504b324e830f2991d4865	2026-10-07T14:53:01.5894845Z Note: This linter can be disabled with `set_option linter.unusedSectionVars false`
selected-proofs	Run leanprover/lean-action@f061402b660e0c34644504b324e830f2991d4865	2026-10-07T14:53:01.5895404Z info: Main.lean:61:0: 'RobertPublishable.SUB.pairfree_of_link_projection' depends on axioms: [propext, Classical.choice, Quot.sound]
selected-proofs	Run leanprover/lean-action@f061402b660e0c34644504b324e830f2991d4865	2026-10-07T14:53:05.1928763Z ℹ [8979/8983] Built InfiniteAffinePaletteBarrier (3.6s)
selected-proofs	Run leanprover/lean-action@f061402b660e0c34644504b324e830f2991d4865	2026-10-07T14:53:05.1929650Z info: InfiniteAffinePaletteBarrier.lean:73:0: 'OpenMathReview.InfiniteAffinePaletteBarrier.no_partner_in_component' depends on axioms: [propext,
selected-proofs	Run leanprover/lean-action@f061402b660e0c34644504b324e830f2991d4865	2026-10-07T14:53:05.1930817Z  Classical.choice,
selected-proofs	Run leanprover/lean-action@f061402b660e0c34644504b324e830f2991d4865	2026-10-07T14:53:05.1931021Z  Quot.sound]
selected-proofs	Run leanprover/lean-action@f061402b660e0c34644504b324e830f2991d4865	2026-10-07T14:53:05.1931548Z info: InfiniteAffinePaletteBarrier.lean:74:0: 'OpenMathReview.InfiniteAffinePaletteBarrier.sidon_exposed_cycle_no_partner' depends on axioms: [propext,
selected-proofs	Run leanprover/lean-action@f061402b660e0c34644504b324e830f2991d4865	2026-10-07T14:53:05.1932122Z  Classical.choice,
selected-proofs	Run leanprover/lean-action@f061402b660e0c34644504b324e830f2991d4865	2026-10-07T14:53:05.1932284Z  Quot.sound]
selected-proofs	Run leanprover/lean-action@f061402b660e0c34644504b324e830f2991d4865	2026-10-07T14:53:05.1932954Z info: InfiniteAffinePaletteBarrier.lean:75:0: @sidon_exposed_cycle_no_partner : ∀ {V : Type u_2} [inst : AddCommGroup V] [inst_1 : Module (ZMod 3) V]
selected-proofs	Run leanprover/lean-action@f061402b660e0c34644504b324e830f2991d4865	2026-10-07T14:53:05.1933498Z   [inst_2 : DecidableEq V] (S : Finset V),
selected-proofs	Run leanprover/lean-action@f061402b660e0c34644504b324e830f2991d4865	2026-10-07T14:53:05.1933719Z   Sidon S →
selected-proofs	Run leanprover/lean-action@f061402b660e0c34644504b324e830f2991d4865	2026-10-07T14:53:05.1934408Z     ∀ (a b : Color S) (J : Set (twoFactor (canonical S) a b).ConnectedComponent) (i j : Color S) {u : V × Bool}
selected-proofs	Run leanprover/lean-action@f061402b660e0c34644504b324e830f2991d4865	2026-10-07T14:53:05.1934831Z       (p : (twoFactor (swap (canonical S) a b J) i j).Walk u u),
selected-proofs	Run leanprover/lean-action@f061402b660e0c34644504b324e830f2991d4865	2026-10-07T14:53:05.1935125Z       p.IsCycle →
selected-proofs	Run leanprover/lean-action@f061402b660e0c34644504b324e830f2991d4865	2026-10-07T14:53:05.1935314Z         ¬∃ w q,
selected-proofs	Run leanprover/lean-action@f061402b660e0c34644504b324e830f2991d4865	2026-10-07T14:53:05.1935484Z             q.IsCycle ∧
selected-proofs	Run leanprover/lean-action@f061402b660e0c34644504b324e830f2991d4865	2026-10-07T14:53:05.1935789Z               (Walk.mapLe ⋯ p).support.toFinset = q.support.toFinset ∧
selected-proofs	Run leanprover/lean-action@f061402b660e0c34644504b324e830f2991d4865	2026-10-07T14:53:05.1936174Z                 Disjoint (Walk.mapLe ⋯ p).edges.toFinset q.edges.toFinset
selected-proofs	Run leanprover/lean-action@f061402b660e0c34644504b324e830f2991d4865	2026-10-07T14:53:08.7965007Z ⚠ [8980/8985] Built Substitution (3.7s)
selected-proofs	Run leanprover/lean-action@f061402b660e0c34644504b324e830f2991d4865	2026-10-07T14:53:08.7965638Z warning: Substitution.lean:11:12: please avoid 'open (scoped) Classical' statements: this can hide theorem statements which would be better stated with explicit decidability statements.
selected-proofs	Run leanprover/lean-action@f061402b660e0c34644504b324e830f2991d4865	2026-10-07T14:53:08.7966563Z Instead, use `open Classical in` for definitions or instances, the `classical` tactic for proofs.
selected-proofs	Run leanprover/lean-action@f061402b660e0c34644504b324e830f2991d4865	2026-10-07T14:53:08.7966900Z For theorem statements, either add missing decidability assumptions or use `open Classical in`.
selected-proofs	Run leanprover/lean-action@f061402b660e0c34644504b324e830f2991d4865	2026-10-07T14:53:08.7967092Z 
selected-proofs	Run leanprover/lean-action@f061402b660e0c34644504b324e830f2991d4865	2026-10-07T14:53:08.7967228Z Note: This linter can be disabled with `set_option linter.style.openClassical false`
selected-proofs	Run leanprover/lean-action@f061402b660e0c34644504b324e830f2991d4865	2026-10-07T14:53:08.7967798Z warning: Substitution.lean:68:0: automatically included section variable(s) unused in theorem `RobertPublishable.SUB.ValidSimpleSubstitution.cut_card`:
selected-proofs	Run leanprover/lean-action@f061402b660e0c34644504b324e830f2991d4865	2026-10-07T14:53:08.7968150Z   [DecidableEq E]
selected-proofs	Run leanprover/lean-action@f061402b660e0c34644504b324e830f2991d4865	2026-10-07T14:53:08.7968420Z consider restructuring your `variable` declarations so that the variables are not in scope or explicitly omit them:
selected-proofs	Run leanprover/lean-action@f061402b660e0c34644504b324e830f2991d4865	2026-10-07T14:53:08.7968706Z   omit [DecidableEq E] in theorem ...
selected-proofs	Run leanprover/lean-action@f061402b660e0c34644504b324e830f2991d4865	2026-10-07T14:53:08.7968835Z 
selected-proofs	Run leanprover/lean-action@f061402b660e0c34644504b324e830f2991d4865	2026-10-07T14:53:08.7968958Z Note: This linter can be disabled with `set_option linter.unusedSectionVars false`
selected-proofs	Run leanprover/lean-action@f061402b660e0c34644504b324e830f2991d4865	2026-10-07T14:53:08.7969404Z warning: Substitution.lean:72:0: automatically included section variable(s) unused in theorem `RobertPublishable.SUB.ValidSimpleSubstitution.internal_shores`:
selected-proofs	Run leanprover/lean-action@f061402b660e0c34644504b324e830f2991d4865	2026-10-07T14:53:08.7969769Z   [DecidableEq E]
selected-proofs	Run leanprover/lean-action@f061402b660e0c34644504b324e830f2991d4865	2026-10-07T14:53:08.7970014Z consider restructuring your `variable` declarations so that the variables are not in scope or explicitly omit them:
selected-proofs	Run leanprover/lean-action@f061402b660e0c34644504b324e830f2991d4865	2026-10-07T14:53:08.7970294Z   omit [DecidableEq E] in theorem ...
selected-proofs	Run leanprover/lean-action@f061402b660e0c34644504b324e830f2991d4865	2026-10-07T14:53:08.7970395Z 
selected-proofs	Run leanprover/lean-action@f061402b660e0c34644504b324e830f2991d4865	2026-10-07T14:53:08.7970517Z Note: This linter can be disabled with `set_option linter.unusedSectionVars false`
selected-proofs	Run leanprover/lean-action@f061402b660e0c34644504b324e830f2991d4865	2026-10-07T14:53:08.7970955Z warning: Substitution.lean:79:0: automatically included section variable(s) unused in theorem `RobertPublishable.SUB.ValidSimpleSubstitution.external_shores`:
selected-proofs	Run leanprover/lean-action@f061402b660e0c34644504b324e830f2991d4865	2026-10-07T14:53:08.7971314Z   [DecidableEq E]
selected-proofs	Run leanprover/lean-action@f061402b660e0c34644504b324e830f2991d4865	2026-10-07T14:53:08.7971553Z consider restructuring your `variable` declarations so that the variables are not in scope or explicitly omit them:
selected-proofs	Run leanprover/lean-action@f061402b660e0c34644504b324e830f2991d4865	2026-10-07T14:53:08.7971835Z   omit [DecidableEq E] in theorem ...
selected-proofs	Run leanprover/lean-action@f061402b660e0c34644504b324e830f2991d4865	2026-10-07T14:53:08.7971931Z 
selected-proofs	Run leanprover/lean-action@f061402b660e0c34644504b324e830f2991d4865	2026-10-07T14:53:08.7972052Z Note: This linter can be disabled with `set_option linter.unusedSectionVars false`
selected-proofs	Run leanprover/lean-action@f061402b660e0c34644504b324e830f2991d4865	2026-10-07T14:53:08.7972482Z warning: Substitution.lean:92:0: automatically included section variable(s) unused in theorem `RobertPublishable.SUB.ValidSimpleSubstitution.fibers_pairfree`:
selected-proofs	Run leanprover/lean-action@f061402b660e0c34644504b324e830f2991d4865	2026-10-07T14:53:08.7972843Z   [DecidableEq E]
selected-proofs	Run leanprover/lean-action@f061402b660e0c34644504b324e830f2991d4865	2026-10-07T14:53:08.7973083Z consider restructuring your `variable` declarations so that the variables are not in scope or explicitly omit them:
selected-proofs	Run leanprover/lean-action@f061402b660e0c34644504b324e830f2991d4865	2026-10-07T14:53:08.7973360Z   omit [DecidableEq E] in theorem ...
selected-proofs	Run leanprover/lean-action@f061402b660e0c34644504b324e830f2991d4865	2026-10-07T14:53:08.7973458Z 
selected-proofs	Run leanprover/lean-action@f061402b660e0c34644504b324e830f2991d4865	2026-10-07T14:53:08.7973573Z Note: This linter can be disabled with `set_option linter.unusedSectionVars false`
selected-proofs	Run leanprover/lean-action@f061402b660e0c34644504b324e830f2991d4865	2026-10-07T14:53:08.7974140Z info: Substitution.lean:124:0: 'RobertPublishable.SUB.ValidSimpleSubstitution.pairfree' depends on axioms: [propext, Classical.choice, Quot.sound]
selected-proofs	Run leanprover/lean-action@f061402b660e0c34644504b324e830f2991d4865	2026-10-07T14:53:12.6025561Z ⚠ [8981/8986] Built Regularity (3.8s)
selected-proofs	Run leanprover/lean-action@f061402b660e0c34644504b324e830f2991d4865	2026-10-07T14:53:12.6026645Z warning: Regularity.lean:11:12: please avoid 'open (scoped) Classical' statements: this can hide theorem statements which would be better stated with explicit decidability statements.
selected-proofs	Run leanprover/lean-action@f061402b660e0c34644504b324e830f2991d4865	2026-10-07T14:53:12.6027570Z Instead, use `open Classical in` for definitions or instances, the `classical` tactic for proofs.
selected-proofs	Run leanprover/lean-action@f061402b660e0c34644504b324e830f2991d4865	2026-10-07T14:53:12.6028451Z For theorem statements, either add missing decidability assumptions or use `open Classical in`.
selected-proofs	Run leanprover/lean-action@f061402b660e0c34644504b324e830f2991d4865	2026-10-07T14:53:12.6028805Z 
selected-proofs	Run leanprover/lean-action@f061402b660e0c34644504b324e830f2991d4865	2026-10-07T14:53:12.6029001Z Note: This linter can be disabled with `set_option linter.style.openClassical false`
selected-proofs	Run leanprover/lean-action@f061402b660e0c34644504b324e830f2991d4865	2026-10-07T14:53:12.6029663Z warning: Regularity.lean:23:0: automatically included section variable(s) unused in theorem `RobertPublishable.SUB.ValidSimpleSubstitution.internal_edge`:
selected-proofs	Run leanprover/lean-action@f061402b660e0c34644504b324e830f2991d4865	2026-10-07T14:53:12.6030196Z   [DecidableEq E]
selected-proofs	Run leanprover/lean-action@f061402b660e0c34644504b324e830f2991d4865	2026-10-07T14:53:12.6030566Z consider restructuring your `variable` declarations so that the variables are not in scope or explicitly omit them:
selected-proofs	Run leanprover/lean-action@f061402b660e0c34644504b324e830f2991d4865	2026-10-07T14:53:12.6030991Z   omit [DecidableEq E] in theorem ...
selected-proofs	Run leanprover/lean-action@f061402b660e0c34644504b324e830f2991d4865	2026-10-07T14:53:12.6031521Z 
selected-proofs	Run leanprover/lean-action@f061402b660e0c34644504b324e830f2991d4865	2026-10-07T14:53:12.6031700Z Note: This linter can be disabled with `set_option linter.unusedSectionVars false`
selected-proofs	Run leanprover/lean-action@f061402b660e0c34644504b324e830f2991d4865	2026-10-07T14:53:12.6032342Z warning: Regularity.lean:28:0: automatically included section variable(s) unused in theorem `RobertPublishable.SUB.ValidSimpleSubstitution.internal_diag`:
selected-proofs	Run leanprover/lean-action@f061402b660e0c34644504b324e830f2991d4865	2026-10-07T14:53:12.6032871Z   [DecidableEq U]
selected-proofs	Run leanprover/lean-action@f061402b660e0c34644504b324e830f2991d4865	2026-10-07T14:53:12.6033038Z   [DecidableEq E]
selected-proofs	Run leanprover/lean-action@f061402b660e0c34644504b324e830f2991d4865	2026-10-07T14:53:12.6033199Z   [DecidableEq I]
selected-proofs	Run leanprover/lean-action@f061402b660e0c34644504b324e830f2991d4865	2026-10-07T14:53:12.6033515Z   [DecidableEq O]
selected-proofs	Run leanprover/lean-action@f061402b660e0c34644504b324e830f2991d4865	2026-10-07T14:53:12.6033675Z   [Fintype I]
selected-proofs	Run leanprover/lean-action@f061402b660e0c34644504b324e830f2991d4865	2026-10-07T14:53:12.6033833Z   [Fintype O]
selected-proofs	Run leanprover/lean-action@f061402b660e0c34644504b324e830f2991d4865	2026-10-07T14:53:12.6034144Z   T
selected-proofs	Run leanprover/lean-action@f061402b660e0c34644504b324e830f2991d4865	2026-10-07T14:53:12.6034488Z consider restructuring your `variable` declarations so that the variables are not in scope or explicitly omit them:
selected-proofs	Run leanprover/lean-action@f061402b660e0c34644504b324e830f2991d4865	2026-10-07T14:53:12.6035069Z   omit [DecidableEq U] [DecidableEq E] [DecidableEq I] [DecidableEq O] [Fintype I] [Fintype O] T in theorem ...
selected-proofs	Run leanprover/lean-action@f061402b660e0c34644504b324e830f2991d4865	2026-10-07T14:53:12.6035381Z 
selected-proofs	Run leanprover/lean-action@f061402b660e0c34644504b324e830f2991d4865	2026-10-07T14:53:12.6035561Z Note: This linter can be disabled with `set_option linter.unusedSectionVars false`
selected-proofs	Run leanprover/lean-action@f061402b660e0c34644504b324e830f2991d4865	2026-10-07T14:53:12.6036381Z warning: Regularity.lean:102:0: Definition `RobertPublishable.SUB.ValidSimpleSubstitution.locallyFinite` of class type is semireducible. Most type class instances should be instance-reducible, so consider marking this
selected-proofs	Run leanprover/lean-action@f061402b660e0c34644504b324e830f2991d4865	2026-10-07T14:53:12.6037386Z definition with `@[instance_reducible]`. If it is intentionally semireducible, this warning can be disabled with `set_option warn.classDefReducibility false`.
selected-proofs	Run leanprover/lean-action@f061402b660e0c34644504b324e830f2991d4865	2026-10-07T14:53:12.6037920Z warning: Regularity.lean:108:2: Try this: 
selected-proofs	Run leanprover/lean-action@f061402b660e0c34644504b324e830f2991d4865	2026-10-07T14:53:12.6038300Z   letI̵
selected-proofs	Run leanprover/lean-action@f061402b660e0c34644504b324e830f2991d4865	2026-10-07T14:53:12.6038391Z 
selected-proofs	Run leanprover/lean-action@f061402b660e0c34644504b324e830f2991d4865	2026-10-07T14:53:12.6038522Z The goal is a proposition, so `let` is preferred over `letI`.
selected-proofs	Run leanprover/lean-action@f061402b660e0c34644504b324e830f2991d4865	2026-10-07T14:53:12.6038882Z The difference between `let` and `letI` is that `letI` inlines the value.
selected-proofs	Run leanprover/lean-action@f061402b660e0c34644504b324e830f2991d4865	2026-10-07T14:53:12.6039240Z But this is not relevant for proofs because of proof irrelevance.
selected-proofs	Run leanprover/lean-action@f061402b660e0c34644504b324e830f2991d4865	2026-10-07T14:53:12.6039444Z 
selected-proofs	Run leanprover/lean-action@f061402b660e0c34644504b324e830f2991d4865	2026-10-07T14:53:12.6039620Z Note: This linter can be disabled with `set_option linter.style.haveILetI false`
selected-proofs	Run leanprover/lean-action@f061402b660e0c34644504b324e830f2991d4865	2026-10-07T14:53:12.6040234Z info: Regularity.lean:146:0: 'RobertPublishable.SUB.ValidSimpleSubstitution.regular' depends on axioms: [propext, Classical.choice, Quot.sound]
selected-proofs	Run leanprover/lean-action@f061402b660e0c34644504b324e830f2991d4865	2026-10-07T14:53:12.6041046Z info: Regularity.lean:147:0: 'RobertPublishable.SUB.ValidSimpleSubstitution.bicoloring' depends on axioms: [propext, Classical.choice, Quot.sound]
selected-proofs	Run leanprover/lean-action@f061402b660e0c34644504b324e830f2991d4865	2026-10-07T14:53:12.6041861Z info: Regularity.lean:155:0: 'RobertPublishable.SUB.ValidSimpleSubstitution.bipartite' depends on axioms: [propext, Classical.choice, Quot.sound]
selected-proofs	Run leanprover/lean-action@f061402b660e0c34644504b324e830f2991d4865	2026-10-07T14:53:12.8005606Z ✖ [8982/8986] Building SLT.RMT.MatBern (197ms)
selected-proofs	Run leanprover/lean-action@f061402b660e0c34644504b324e830f2991d4865	2026-10-07T14:53:12.8012151Z trace: .> LEAN_PATH=/home/runner/work/openmath-2026-judging/openmath-2026-judging/robert-review-2026-10-07/lean/.lake/packages/Cli/.lake/build/lib/lean:/home/runner/work/openmath-2026-judging/openmath-2026-judging/robert-review-2026-10-07/lean/.lake/packages/batteries/.lake/build/lib/lean:/home/runner/work/openmath-2026-judging/openmath-2026-judging/robert-review-2026-10-07/lean/.lake/packages/Qq/.lake/build/lib/lean:/home/runner/work/openmath-2026-judging/openmath-2026-judging/robert-review-2026-10-07/lean/.lake/packages/aesop/.lake/build/lib/lean:/home/runner/work/openmath-2026-judging/openmath-2026-judging/robert-review-2026-10-07/lean/.lake/packages/proofwidgets/.lake/build/lib/lean:/home/runner/work/openmath-2026-judging/openmath-2026-judging/robert-review-2026-10-07/lean/.lake/packages/importGraph/.lake/build/lib/lean:/home/runner/work/openmath-2026-judging/openmath-2026-judging/robert-review-2026-10-07/lean/.lake/packages/LeanSearchClient/.lake/build/lib/lean:/home/runner/work/openmath-2026-judging/openmath-2026-judging/robert-review-2026-10-07/lean/.lake/packages/plausible/.lake/build/lib/lean:/home/runner/work/openmath-2026-judging/openmath-2026-judging/robert-review-2026-10-07/lean/.lake/packages/mathlib/.lake/build/lib/lean:/home/runner/work/openmath-2026-judging/openmath-2026-judging/robert-review-2026-10-07/lean/.lake/packages/formal_conjectures/.lake/build/lib/lean:/home/runner/work/openmath-2026-judging/openmath-2026-judging/robert-review-2026-10-07/lean/.lake/build/lib/lean /home/runner/.elan/toolchains/leanprover--lean4---v4.33.1/bin/lean /home/runner/work/openmath-2026-judging/openmath-2026-judging/robert-review-2026-10-07/lean/SLT/RMT/MatBern.lean -o /home/runner/work/openmath-2026-judging/openmath-2026-judging/robert-review-2026-10-07/lean/.lake/build/lib/lean/SLT/RMT/MatBern.olean -i /home/runner/work/openmath-2026-judging/openmath-2026-judging/robert-review-2026-10-07/lean/.lake/build/lib/lean/SLT/RMT/MatBern.ilean -c /home/runner/work/openmath-2026-judging/openmath-2026-judging/robert-review-2026-10-07/lean/.lake/build/ir/SLT/RMT/MatBern.c --setup /home/runner/work/openmath-2026-judging/openmath-2026-judging/robert-review-2026-10-07/lean/.lake/build/ir/SLT/RMT/MatBern.setup.json --json
selected-proofs	Run leanprover/lean-action@f061402b660e0c34644504b324e830f2991d4865	2026-10-07T14:53:12.8019839Z error: SLT/RMT/MatBern.lean:6:0: object file '/home/runner/work/openmath-2026-judging/openmath-2026-judging/robert-review-2026-10-07/lean/.lake/build/lib/lean/SLT/RMT/Lieb.olean' of module SLT.RMT.Lieb does not exist
selected-proofs	Run leanprover/lean-action@f061402b660e0c34644504b324e830f2991d4865	2026-10-07T14:53:12.8020544Z error: Lean exited with code 1
selected-proofs	Run leanprover/lean-action@f061402b660e0c34644504b324e830f2991d4865	2026-10-07T14:53:17.1066387Z ⚠ [8983/8987] Built DeletedGadget (4.3s)
selected-proofs	Run leanprover/lean-action@f061402b660e0c34644504b324e830f2991d4865	2026-10-07T14:53:17.1066942Z warning: DeletedGadget.lean:9:12: please avoid 'open (scoped) Classical' statements: this can hide theorem statements which would be better stated with explicit decidability statements.
selected-proofs	Run leanprover/lean-action@f061402b660e0c34644504b324e830f2991d4865	2026-10-07T14:53:17.1067439Z Instead, use `open Classical in` for definitions or instances, the `classical` tactic for proofs.
selected-proofs	Run leanprover/lean-action@f061402b660e0c34644504b324e830f2991d4865	2026-10-07T14:53:17.1067826Z For theorem statements, either add missing decidability assumptions or use `open Classical in`.
selected-proofs	Run leanprover/lean-action@f061402b660e0c34644504b324e830f2991d4865	2026-10-07T14:53:17.1068028Z 
selected-proofs	Run leanprover/lean-action@f061402b660e0c34644504b324e830f2991d4865	2026-10-07T14:53:17.1068163Z Note: This linter can be disabled with `set_option linter.style.openClassical false`
selected-proofs	Run leanprover/lean-action@f061402b660e0c34644504b324e830f2991d4865	2026-10-07T14:53:17.1068576Z warning: DeletedGadget.lean:23:0: automatically included section variable(s) unused in theorem `RobertPublishable.SUB.DeletedGadget.kept_ne`:
selected-proofs	Run leanprover/lean-action@f061402b660e0c34644504b324e830f2991d4865	2026-10-07T14:53:17.1068914Z   [DecidableEq V]
selected-proofs	Run leanprover/lean-action@f061402b660e0c34644504b324e830f2991d4865	2026-10-07T14:53:17.1069032Z   [Fintype V]
selected-proofs	Run leanprover/lean-action@f061402b660e0c34644504b324e830f2991d4865	2026-10-07T14:53:17.1069281Z consider restructuring your `variable` declarations so that the variables are not in scope or explicitly omit them:
selected-proofs	Run leanprover/lean-action@f061402b660e0c34644504b324e830f2991d4865	2026-10-07T14:53:17.1069576Z   omit [DecidableEq V] [Fintype V] in theorem ...
selected-proofs	Run leanprover/lean-action@f061402b660e0c34644504b324e830f2991d4865	2026-10-07T14:53:17.1069696Z 
selected-proofs	Run leanprover/lean-action@f061402b660e0c34644504b324e830f2991d4865	2026-10-07T14:53:17.1069817Z Note: This linter can be disabled with `set_option linter.unusedSectionVars false`
selected-proofs	Run leanprover/lean-action@f061402b660e0c34644504b324e830f2991d4865	2026-10-07T14:53:17.1070230Z warning: DeletedGadget.lean:28:0: automatically included section variable(s) unused in theorem `RobertPublishable.SUB.DeletedGadget.kept_injective`:
selected-proofs	Run leanprover/lean-action@f061402b660e0c34644504b324e830f2991d4865	2026-10-07T14:53:17.1070576Z   [DecidableEq V]
selected-proofs	Run leanprover/lean-action@f061402b660e0c34644504b324e830f2991d4865	2026-10-07T14:53:17.1070690Z   [Fintype V]
selected-proofs	Run leanprover/lean-action@f061402b660e0c34644504b324e830f2991d4865	2026-10-07T14:53:17.1070931Z consider restructuring your `variable` declarations so that the variables are not in scope or explicitly omit them:
selected-proofs	Run leanprover/lean-action@f061402b660e0c34644504b324e830f2991d4865	2026-10-07T14:53:17.1071220Z   omit [DecidableEq V] [Fintype V] in theorem ...
selected-proofs	Run leanprover/lean-action@f061402b660e0c34644504b324e830f2991d4865	2026-10-07T14:53:17.1071336Z 
selected-proofs	Run leanprover/lean-action@f061402b660e0c34644504b324e830f2991d4865	2026-10-07T14:53:17.1071455Z Note: This linter can be disabled with `set_option linter.unusedSectionVars false`
selected-proofs	Run leanprover/lean-action@f061402b660e0c34644504b324e830f2991d4865	2026-10-07T14:53:17.1071863Z warning: DeletedGadget.lean:77:0: automatically included section variable(s) unused in theorem `RobertPublishable.SUB.DeletedGadget.color_outer`:
selected-proofs	Run leanprover/lean-action@f061402b660e0c34644504b324e830f2991d4865	2026-10-07T14:53:17.1072190Z   [DecidableEq V]
selected-proofs	Run leanprover/lean-action@f061402b660e0c34644504b324e830f2991d4865	2026-10-07T14:53:17.1072300Z   [Fintype V]
selected-proofs	Run leanprover/lean-action@f061402b660e0c34644504b324e830f2991d4865	2026-10-07T14:53:17.1072542Z consider restructuring your `variable` declarations so that the variables are not in scope or explicitly omit them:
selected-proofs	Run leanprover/lean-action@f061402b660e0c34644504b324e830f2991d4865	2026-10-07T14:53:17.1072830Z   omit [DecidableEq V] [Fintype V] in theorem ...
selected-proofs	Run leanprover/lean-action@f061402b660e0c34644504b324e830f2991d4865	2026-10-07T14:53:17.1072946Z 
selected-proofs	Run leanprover/lean-action@f061402b660e0c34644504b324e830f2991d4865	2026-10-07T14:53:17.1073067Z Note: This linter can be disabled with `set_option linter.unusedSectionVars false`
selected-proofs	Run leanprover/lean-action@f061402b660e0c34644504b324e830f2991d4865	2026-10-07T14:53:17.1073465Z warning: DeletedGadget.lean:92:0: automatically included section variable(s) unused in theorem `RobertPublishable.SUB.DeletedGadget.side_card_eq`:
selected-proofs	Run leanprover/lean-action@f061402b660e0c34644504b324e830f2991d4865	2026-10-07T14:53:17.1073793Z   [DecidableEq V]
selected-proofs	Run leanprover/lean-action@f061402b660e0c34644504b324e830f2991d4865	2026-10-07T14:53:17.1074130Z consider restructuring your `variable` declarations so that the variables are not in scope or explicitly omit them:
selected-proofs	Run leanprover/lean-action@f061402b660e0c34644504b324e830f2991d4865	2026-10-07T14:53:17.1074816Z   omit [DecidableEq V] in theorem ...
selected-proofs	Run leanprover/lean-action@f061402b660e0c34644504b324e830f2991d4865	2026-10-07T14:53:17.1074917Z 
selected-proofs	Run leanprover/lean-action@f061402b660e0c34644504b324e830f2991d4865	2026-10-07T14:53:17.1075034Z Note: This linter can be disabled with `set_option linter.unusedSectionVars false`
selected-proofs	Run leanprover/lean-action@f061402b660e0c34644504b324e830f2991d4865	2026-10-07T14:53:17.1075299Z warning: DeletedGadget.lean:112:8: This simp argument is unused:
selected-proofs	Run leanprover/lean-action@f061402b660e0c34644504b324e830f2991d4865	2026-10-07T14:53:17.1075483Z   hreg
selected-proofs	Run leanprover/lean-action@f061402b660e0c34644504b324e830f2991d4865	2026-10-07T14:53:17.1075544Z 
selected-proofs	Run leanprover/lean-action@f061402b660e0c34644504b324e830f2991d4865	2026-10-07T14:53:17.1075610Z Hint: Omit it from the simp argument list.
selected-proofs	Run leanprover/lean-action@f061402b660e0c34644504b324e830f2991d4865	2026-10-07T14:53:17.1075883Z   [apply] simp at he
selected-proofs	Run leanprover/lean-action@f061402b660e0c34644504b324e830f2991d4865	2026-10-07T14:53:17.1075959Z 
selected-proofs	Run leanprover/lean-action@f061402b660e0c34644504b324e830f2991d4865	2026-10-07T14:53:17.1076073Z Note: This linter can be disabled with `set_option linter.unusedSimpArgs false`
selected-proofs	Run leanprover/lean-action@f061402b660e0c34644504b324e830f2991d4865	2026-10-07T14:53:17.1076464Z info: DeletedGadget.lean:146:0: 'RobertPublishable.SUB.DeletedGadget.gadget' depends on axioms: [propext, Classical.choice, Quot.sound]
selected-proofs	Run leanprover/lean-action@f061402b660e0c34644504b324e830f2991d4865	2026-10-07T14:53:17.1076962Z info: DeletedGadget.lean:147:0: 'RobertPublishable.SUB.DeletedGadget.pairfree' depends on axioms: [propext, Classical.choice, Quot.sound]
selected-proofs	Run leanprover/lean-action@f061402b660e0c34644504b324e830f2991d4865	2026-10-07T14:53:20.9103612Z ⚠ [8985/8988] Built MultigraphCut (3.8s)
selected-proofs	Run leanprover/lean-action@f061402b660e0c34644504b324e830f2991d4865	2026-10-07T14:53:20.9104603Z warning: MultigraphCut.lean:10:12: please avoid 'open (scoped) Classical' statements: this can hide theorem statements which would be better stated with explicit decidability statements.
selected-proofs	Run leanprover/lean-action@f061402b660e0c34644504b324e830f2991d4865	2026-10-07T14:53:20.9105349Z Instead, use `open Classical in` for definitions or instances, the `classical` tactic for proofs.
selected-proofs	Run leanprover/lean-action@f061402b660e0c34644504b324e830f2991d4865	2026-10-07T14:53:20.9105860Z For theorem statements, either add missing decidability assumptions or use `open Classical in`.
selected-proofs	Run leanprover/lean-action@f061402b660e0c34644504b324e830f2991d4865	2026-10-07T14:53:20.9106179Z 
selected-proofs	Run leanprover/lean-action@f061402b660e0c34644504b324e830f2991d4865	2026-10-07T14:53:20.9106370Z Note: This linter can be disabled with `set_option linter.style.openClassical false`
selected-proofs	Run leanprover/lean-action@f061402b660e0c34644504b324e830f2991d4865	2026-10-07T14:53:20.9107082Z warning: MultigraphCut.lean:16:0: automatically included section variable(s) unused in theorem `RobertPublishable.SUB.LooplessMultigraph.IsCycleOn.mem_support_of_incident`:
selected-proofs	Run leanprover/lean-action@f061402b660e0c34644504b324e830f2991d4865	2026-10-07T14:53:20.9107673Z   [DecidableEq E]
selected-proofs	Run leanprover/lean-action@f061402b660e0c34644504b324e830f2991d4865	2026-10-07T14:53:20.9107847Z   [Fintype U]
selected-proofs	Run leanprover/lean-action@f061402b660e0c34644504b324e830f2991d4865	2026-10-07T14:53:20.9108207Z consider restructuring your `variable` declarations so that the variables are not in scope or explicitly omit them:
selected-proofs	Run leanprover/lean-action@f061402b660e0c34644504b324e830f2991d4865	2026-10-07T14:53:20.9108659Z   omit [DecidableEq E] [Fintype U] in theorem ...
selected-proofs	Run leanprover/lean-action@f061402b660e0c34644504b324e830f2991d4865	2026-10-07T14:53:20.9108828Z 
selected-proofs	Run leanprover/lean-action@f061402b660e0c34644504b324e830f2991d4865	2026-10-07T14:53:20.9109009Z Note: This linter can be disabled with `set_option linter.unusedSectionVars false`
selected-proofs	Run leanprover/lean-action@f061402b660e0c34644504b324e830f2991d4865	2026-10-07T14:53:20.9109659Z warning: MultigraphCut.lean:25:0: automatically included section variable(s) unused in theorem `RobertPublishable.SUB.LooplessMultigraph.degree_weight_sum`:
selected-proofs	Run leanprover/lean-action@f061402b660e0c34644504b324e830f2991d4865	2026-10-07T14:53:20.9110199Z   [DecidableEq E]
selected-proofs	Run leanprover/lean-action@f061402b660e0c34644504b324e830f2991d4865	2026-10-07T14:53:20.9110609Z consider restructuring your `variable` declarations so that the variables are not in scope or explicitly omit them:
selected-proofs	Run leanprover/lean-action@f061402b660e0c34644504b324e830f2991d4865	2026-10-07T14:53:20.9111036Z   omit [DecidableEq E] in theorem ...
selected-proofs	Run leanprover/lean-action@f061402b660e0c34644504b324e830f2991d4865	2026-10-07T14:53:20.9111184Z 
selected-proofs	Run leanprover/lean-action@f061402b660e0c34644504b324e830f2991d4865	2026-10-07T14:53:20.9111362Z Note: This linter can be disabled with `set_option linter.unusedSectionVars false`
selected-proofs	Run leanprover/lean-action@f061402b660e0c34644504b324e830f2991d4865	2026-10-07T14:53:20.9111755Z warning: MultigraphCut.lean:74:26: This simp argument is unused:
selected-proofs	Run leanprover/lean-action@f061402b660e0c34644504b324e830f2991d4865	2026-10-07T14:53:20.9112038Z   Finset.sum_filter
selected-proofs	Run leanprover/lean-action@f061402b660e0c34644504b324e830f2991d4865	2026-10-07T14:53:20.9112147Z 
selected-proofs	Run leanprover/lean-action@f061402b660e0c34644504b324e830f2991d4865	2026-10-07T14:53:20.9112237Z Hint: Omit it from the simp argument list.
selected-proofs	Run leanprover/lean-action@f061402b660e0c34644504b324e830f2991d4865	2026-10-07T14:53:20.9112515Z   [apply] simp [Finset.sum_ite, Finset.sum_const, mul_comm]
selected-proofs	Run leanprover/lean-action@f061402b660e0c34644504b324e830f2991d4865	2026-10-07T14:53:20.9112709Z 
selected-proofs	Run leanprover/lean-action@f061402b660e0c34644504b324e830f2991d4865	2026-10-07T14:53:20.9112882Z Note: This linter can be disabled with `set_option linter.unusedSimpArgs false`
selected-proofs	Run leanprover/lean-action@f061402b660e0c34644504b324e830f2991d4865	2026-10-07T14:53:20.9113264Z warning: MultigraphCut.lean:80:27: This simp argument is unused:
selected-proofs	Run leanprover/lean-action@f061402b660e0c34644504b324e830f2991d4865	2026-10-07T14:53:20.9113538Z   Finset.sum_ite
selected-proofs	Run leanprover/lean-action@f061402b660e0c34644504b324e830f2991d4865	2026-10-07T14:53:20.9113641Z 
selected-proofs	Run leanprover/lean-action@f061402b660e0c34644504b324e830f2991d4865	2026-10-07T14:53:20.9113739Z Hint: Omit it from the simp argument list.
selected-proofs	Run leanprover/lean-action@f061402b660e0c34644504b324e830f2991d4865	2026-10-07T14:53:20.9114228Z   [apply] simp [boundary, inner]
selected-proofs	Run leanprover/lean-action@f061402b660e0c34644504b324e830f2991d4865	2026-10-07T14:53:20.9114361Z 
selected-proofs	Run leanprover/lean-action@f061402b660e0c34644504b324e830f2991d4865	2026-10-07T14:53:20.9114532Z Note: This linter can be disabled with `set_option linter.unusedSimpArgs false`
selected-proofs	Run leanprover/lean-action@f061402b660e0c34644504b324e830f2991d4865	2026-10-07T14:53:20.9115220Z warning: MultigraphCut.lean:85:0: automatically included section variable(s) unused in theorem `RobertPublishable.SUB.LooplessMultigraph.exists_boundary_of_distinct_colors`:
selected-proofs	Run leanprover/lean-action@f061402b660e0c34644504b324e830f2991d4865	2026-10-07T14:53:20.9115797Z   [DecidableEq E]
selected-proofs	Run leanprover/lean-action@f061402b660e0c34644504b324e830f2991d4865	2026-10-07T14:53:20.9116466Z   [Fintype U]
selected-proofs	Run leanprover/lean-action@f061402b660e0c34644504b324e830f2991d4865	2026-10-07T14:53:20.9116825Z consider restructuring your `variable` declarations so that the variables are not in scope or explicitly omit them:
selected-proofs	Run leanprover/lean-action@f061402b660e0c34644504b324e830f2991d4865	2026-10-07T14:53:20.9117263Z   omit [DecidableEq E] [Fintype U] in theorem ...
selected-proofs	Run leanprover/lean-action@f061402b660e0c34644504b324e830f2991d4865	2026-10-07T14:53:20.9117437Z 
selected-proofs	Run leanprover/lean-action@f061402b660e0c34644504b324e830f2991d4865	2026-10-07T14:53:20.9117614Z Note: This linter can be disabled with `set_option linter.unusedSectionVars false`
selected-proofs	Run leanprover/lean-action@f061402b660e0c34644504b324e830f2991d4865	2026-10-07T14:53:24.9146086Z ⚠ [8987/8992] Built Piece (4.0s)
selected-proofs	Run leanprover/lean-action@f061402b660e0c34644504b324e830f2991d4865	2026-10-07T14:53:24.9146623Z warning: Piece.lean:11:12: please avoid 'open (scoped) Classical' statements: this can hide theorem statements which would be better stated with explicit decidability statements.
selected-proofs	Run leanprover/lean-action@f061402b660e0c34644504b324e830f2991d4865	2026-10-07T14:53:24.9147588Z Instead, use `open Classical in` for definitions or instances, the `classical` tactic for proofs.
selected-proofs	Run leanprover/lean-action@f061402b660e0c34644504b324e830f2991d4865	2026-10-07T14:53:24.9147939Z For theorem statements, either add missing decidability assumptions or use `open Classical in`.
selected-proofs	Run leanprover/lean-action@f061402b660e0c34644504b324e830f2991d4865	2026-10-07T14:53:24.9148144Z 
selected-proofs	Run leanprover/lean-action@f061402b660e0c34644504b324e830f2991d4865	2026-10-07T14:53:24.9148285Z Note: This linter can be disabled with `set_option linter.style.openClassical false`
selected-proofs	Run leanprover/lean-action@f061402b660e0c34644504b324e830f2991d4865	2026-10-07T14:53:24.9148563Z warning: Piece.lean:37:8: This simp argument is unused:
selected-proofs	Run leanprover/lean-action@f061402b660e0c34644504b324e830f2991d4865	2026-10-07T14:53:24.9148753Z   LooplessMultigraph.degree
selected-proofs	Run leanprover/lean-action@f061402b660e0c34644504b324e830f2991d4865	2026-10-07T14:53:24.9148845Z 
selected-proofs	Run leanprover/lean-action@f061402b660e0c34644504b324e830f2991d4865	2026-10-07T14:53:24.9148913Z Hint: Omit it from the simp argument list.
selected-proofs	Run leanprover/lean-action@f061402b660e0c34644504b324e830f2991d4865	2026-10-07T14:53:24.9149072Z   [apply] simp [starAt]
selected-proofs	Run leanprover/lean-action@f061402b660e0c34644504b324e830f2991d4865	2026-10-07T14:53:24.9149153Z 
selected-proofs	Run leanprover/lean-action@f061402b660e0c34644504b324e830f2991d4865	2026-10-07T14:53:24.9149271Z Note: This linter can be disabled with `set_option linter.unusedSimpArgs false`
selected-proofs	Run leanprover/lean-action@f061402b660e0c34644504b324e830f2991d4865	2026-10-07T14:53:24.9149646Z info: Piece.lean:148:0: 'RobertPublishable.SUB.piece_pairfree' depends on axioms: [propext, Classical.choice, Quot.sound]
selected-proofs	Run leanprover/lean-action@f061402b660e0c34644504b324e830f2991d4865	2026-10-07T14:53:28.6181867Z ⚠ [8988/8993] Built SkeletonK (3.7s)
selected-proofs	Run leanprover/lean-action@f061402b660e0c34644504b324e830f2991d4865	2026-10-07T14:53:28.6182436Z warning: SkeletonK.lean:11:12: please avoid 'open (scoped) Classical' statements: this can hide theorem statements which would be better stated with explicit decidability statements.
selected-proofs	Run leanprover/lean-action@f061402b660e0c34644504b324e830f2991d4865	2026-10-07T14:53:28.6182935Z Instead, use `open Classical in` for definitions or instances, the `classical` tactic for proofs.
selected-proofs	Run leanprover/lean-action@f061402b660e0c34644504b324e830f2991d4865	2026-10-07T14:53:28.6183323Z For theorem statements, either add missing decidability assumptions or use `open Classical in`.
selected-proofs	Run leanprover/lean-action@f061402b660e0c34644504b324e830f2991d4865	2026-10-07T14:53:28.6183519Z 
selected-proofs	Run leanprover/lean-action@f061402b660e0c34644504b324e830f2991d4865	2026-10-07T14:53:28.6183661Z Note: This linter can be disabled with `set_option linter.style.openClassical false`
selected-proofs	Run leanprover/lean-action@f061402b660e0c34644504b324e830f2991d4865	2026-10-07T14:53:28.6184217Z info: SkeletonK.lean:74:0: 'RobertPublishable.SUB.skeletonK_pairfree' depends on axioms: [propext, Classical.choice, Quot.sound]
selected-proofs	Run leanprover/lean-action@f061402b660e0c34644504b324e830f2991d4865	2026-10-07T14:53:32.6211317Z ⚠ [8989/8993] Built UnitPorts (4.0s)
selected-proofs	Run leanprover/lean-action@f061402b660e0c34644504b324e830f2991d4865	2026-10-07T14:53:32.6212035Z warning: UnitPorts.lean:10:12: please avoid 'open (scoped) Classical' statements: this can hide theorem statements which would be better stated with explicit decidability statements.
selected-proofs	Run leanprover/lean-action@f061402b660e0c34644504b324e830f2991d4865	2026-10-07T14:53:32.6212712Z Instead, use `open Classical in` for definitions or instances, the `classical` tactic for proofs.
selected-proofs	Run leanprover/lean-action@f061402b660e0c34644504b324e830f2991d4865	2026-10-07T14:53:32.6213224Z For theorem statements, either add missing decidability assumptions or use `open Classical in`.
selected-proofs	Run leanprover/lean-action@f061402b660e0c34644504b324e830f2991d4865	2026-10-07T14:53:32.6213514Z 
selected-proofs	Run leanprover/lean-action@f061402b660e0c34644504b324e830f2991d4865	2026-10-07T14:53:32.6213707Z Note: This linter can be disabled with `set_option linter.style.openClassical false`
selected-proofs	Run leanprover/lean-action@f061402b660e0c34644504b324e830f2991d4865	2026-10-07T14:53:32.6214412Z warning: UnitPorts.lean:29:0: automatically included section variable(s) unused in theorem `RobertPublishable.SUB.UnitPorts.portAt_mem`:
selected-proofs	Run leanprover/lean-action@f061402b660e0c34644504b324e830f2991d4865	2026-10-07T14:53:32.6214725Z   [DecidableEq U]
selected-proofs	Run leanprover/lean-action@f061402b660e0c34644504b324e830f2991d4865	2026-10-07T14:53:32.6214839Z   [DecidableEq O]
selected-proofs	Run leanprover/lean-action@f061402b660e0c34644504b324e830f2991d4865	2026-10-07T14:53:32.6214950Z   [Fintype O]
selected-proofs	Run leanprover/lean-action@f061402b660e0c34644504b324e830f2991d4865	2026-10-07T14:53:32.6215194Z consider restructuring your `variable` declarations so that the variables are not in scope or explicitly omit them:
selected-proofs	Run leanprover/lean-action@f061402b660e0c34644504b324e830f2991d4865	2026-10-07T14:53:32.6215519Z   omit [DecidableEq U] [DecidableEq O] [Fintype O] in theorem ...
selected-proofs	Run leanprover/lean-action@f061402b660e0c34644504b324e830f2991d4865	2026-10-07T14:53:32.6215658Z 
selected-proofs	Run leanprover/lean-action@f061402b660e0c34644504b324e830f2991d4865	2026-10-07T14:53:32.6215782Z Note: This linter can be disabled with `set_option linter.unusedSectionVars false`
selected-proofs	Run leanprover/lean-action@f061402b660e0c34644504b324e830f2991d4865	2026-10-07T14:53:32.6216179Z warning: UnitPorts.lean:35:0: automatically included section variable(s) unused in theorem `RobertPublishable.SUB.UnitPorts.portAt_injective`:
selected-proofs	Run leanprover/lean-action@f061402b660e0c34644504b324e830f2991d4865	2026-10-07T14:53:32.6216499Z   [DecidableEq U]
selected-proofs	Run leanprover/lean-action@f061402b660e0c34644504b324e830f2991d4865	2026-10-07T14:53:32.6216610Z   [DecidableEq O]
selected-proofs	Run leanprover/lean-action@f061402b660e0c34644504b324e830f2991d4865	2026-10-07T14:53:32.6217126Z   [Fintype O]
selected-proofs	Run leanprover/lean-action@f061402b660e0c34644504b324e830f2991d4865	2026-10-07T14:53:32.6217383Z consider restructuring your `variable` declarations so that the variables are not in scope or explicitly omit them:
selected-proofs	Run leanprover/lean-action@f061402b660e0c34644504b324e830f2991d4865	2026-10-07T14:53:32.6217703Z   omit [DecidableEq U] [DecidableEq O] [Fintype O] in theorem ...
selected-proofs	Run leanprover/lean-action@f061402b660e0c34644504b324e830f2991d4865	2026-10-07T14:53:32.6217839Z 
selected-proofs	Run leanprover/lean-action@f061402b660e0c34644504b324e830f2991d4865	2026-10-07T14:53:32.6217960Z Note: This linter can be disabled with `set_option linter.unusedSectionVars false`
selected-proofs	Run leanprover/lean-action@f061402b660e0c34644504b324e830f2991d4865	2026-10-07T14:53:32.6218340Z warning: UnitPorts.lean:43:0: automatically included section variable(s) unused in theorem `RobertPublishable.SUB.UnitPorts.link_ends`:
selected-proofs	Run leanprover/lean-action@f061402b660e0c34644504b324e830f2991d4865	2026-10-07T14:53:32.6218756Z   [DecidableEq U]
selected-proofs	Run leanprover/lean-action@f061402b660e0c34644504b324e830f2991d4865	2026-10-07T14:53:32.6218867Z   [DecidableEq I]
selected-proofs	Run leanprover/lean-action@f061402b660e0c34644504b324e830f2991d4865	2026-10-07T14:53:32.6218975Z   [DecidableEq O]
selected-proofs	Run leanprover/lean-action@f061402b660e0c34644504b324e830f2991d4865	2026-10-07T14:53:32.6219086Z   [Fintype I]
selected-proofs	Run leanprover/lean-action@f061402b660e0c34644504b324e830f2991d4865	2026-10-07T14:53:32.6219207Z   [Fintype O]
selected-proofs	Run leanprover/lean-action@f061402b660e0c34644504b324e830f2991d4865	2026-10-07T14:53:32.6219442Z consider restructuring your `variable` declarations so that the variables are not in scope or explicitly omit them:
selected-proofs	Run leanprover/lean-action@f061402b660e0c34644504b324e830f2991d4865	2026-10-07T14:53:32.6219796Z   omit [DecidableEq U] [DecidableEq I] [DecidableEq O] [Fintype I] [Fintype O] in theorem ...
selected-proofs	Run leanprover/lean-action@f061402b660e0c34644504b324e830f2991d4865	2026-10-07T14:53:32.6219981Z 
selected-proofs	Run leanprover/lean-action@f061402b660e0c34644504b324e830f2991d4865	2026-10-07T14:53:32.6220097Z Note: This linter can be disabled with `set_option linter.unusedSectionVars false`
selected-proofs	Run leanprover/lean-action@f061402b660e0c34644504b324e830f2991d4865	2026-10-07T14:53:32.6220348Z warning: UnitPorts.lean:44:26: This simp argument is unused:
selected-proofs	Run leanprover/lean-action@f061402b660e0c34644504b324e830f2991d4865	2026-10-07T14:53:32.6220527Z   Function.comp_def
selected-proofs	Run leanprover/lean-action@f061402b660e0c34644504b324e830f2991d4865	2026-10-07T14:53:32.6220600Z 
selected-proofs	Run leanprover/lean-action@f061402b660e0c34644504b324e830f2991d4865	2026-10-07T14:53:32.6220659Z Hint: Omit it from the simp argument list.
selected-proofs	Run leanprover/lean-action@f061402b660e0c34644504b324e830f2991d4865	2026-10-07T14:53:32.6220820Z   [apply] simp [link, Sym2.map_map]
selected-proofs	Run leanprover/lean-action@f061402b660e0c34644504b324e830f2991d4865	2026-10-07T14:53:32.6220920Z 
selected-proofs	Run leanprover/lean-action@f061402b660e0c34644504b324e830f2991d4865	2026-10-07T14:53:32.6221036Z Note: This linter can be disabled with `set_option linter.unusedSimpArgs false`
selected-proofs	Run leanprover/lean-action@f061402b660e0c34644504b324e830f2991d4865	2026-10-07T14:53:32.6221410Z warning: UnitPorts.lean:46:0: automatically included section variable(s) unused in theorem `RobertPublishable.SUB.UnitPorts.link_member`:
selected-proofs	Run leanprover/lean-action@f061402b660e0c34644504b324e830f2991d4865	2026-10-07T14:53:32.6221715Z   [DecidableEq U]
selected-proofs	Run leanprover/lean-action@f061402b660e0c34644504b324e830f2991d4865	2026-10-07T14:53:32.6221825Z   [DecidableEq I]
selected-proofs	Run leanprover/lean-action@f061402b660e0c34644504b324e830f2991d4865	2026-10-07T14:53:32.6221931Z   [DecidableEq O]
selected-proofs	Run leanprover/lean-action@f061402b660e0c34644504b324e830f2991d4865	2026-10-07T14:53:32.6222036Z   [Fintype I]
selected-proofs	Run leanprover/lean-action@f061402b660e0c34644504b324e830f2991d4865	2026-10-07T14:53:32.6222143Z   [Fintype O]
selected-proofs	Run leanprover/lean-action@f061402b660e0c34644504b324e830f2991d4865	2026-10-07T14:53:32.6222377Z consider restructuring your `variable` declarations so that the variables are not in scope or explicitly omit them:
selected-proofs	Run leanprover/lean-action@f061402b660e0c34644504b324e830f2991d4865	2026-10-07T14:53:32.6222728Z   omit [DecidableEq U] [DecidableEq I] [DecidableEq O] [Fintype I] [Fintype O] in theorem ...
selected-proofs	Run leanprover/lean-action@f061402b660e0c34644504b324e830f2991d4865	2026-10-07T14:53:32.6222906Z 
selected-proofs	Run leanprover/lean-action@f061402b660e0c34644504b324e830f2991d4865	2026-10-07T14:53:32.6223025Z Note: This linter can be disabled with `set_option linter.unusedSectionVars false`
selected-proofs	Run leanprover/lean-action@f061402b660e0c34644504b324e830f2991d4865	2026-10-07T14:53:32.6223394Z info: UnitPorts.lean:164:0: 'RobertPublishable.SUB.UnitPorts.valid' depends on axioms: [propext, Classical.choice, Quot.sound]
selected-proofs	Run leanprover/lean-action@f061402b660e0c34644504b324e830f2991d4865	2026-10-07T14:53:45.6350274Z ⚠ [8990/8993] Built SkeletonB (13s)
selected-proofs	Run leanprover/lean-action@f061402b660e0c34644504b324e830f2991d4865	2026-10-07T14:53:45.6351079Z warning: SkeletonB.lean:13:12: please avoid 'open (scoped) Classical' statements: this can hide theorem statements which would be better stated with explicit decidability statements.
selected-proofs	Run leanprover/lean-action@f061402b660e0c34644504b324e830f2991d4865	2026-10-07T14:53:45.6351841Z Instead, use `open Classical in` for definitions or instances, the `classical` tactic for proofs.
selected-proofs	Run leanprover/lean-action@f061402b660e0c34644504b324e830f2991d4865	2026-10-07T14:53:45.6352378Z For theorem statements, either add missing decidability assumptions or use `open Classical in`.
selected-proofs	Run leanprover/lean-action@f061402b660e0c34644504b324e830f2991d4865	2026-10-07T14:53:45.6352673Z 
selected-proofs	Run leanprover/lean-action@f061402b660e0c34644504b324e830f2991d4865	2026-10-07T14:53:45.6352808Z Note: This linter can be disabled with `set_option linter.style.openClassical false`
selected-proofs	Run leanprover/lean-action@f061402b660e0c34644504b324e830f2991d4865	2026-10-07T14:53:45.6353202Z info: SkeletonB.lean:220:0: 'RobertPublishable.SUB.skeletonB_pairfree' depends on axioms: [propext, Classical.choice, Quot.sound]
selected-proofs	Run leanprover/lean-action@f061402b660e0c34644504b324e830f2991d4865	2026-10-07T14:53:45.6353682Z info: SkeletonB.lean:221:0: 'RobertPublishable.SUB.skeletonB_bipartite' depends on axioms: [propext, Classical.choice, Quot.sound]
selected-proofs	Run leanprover/lean-action@f061402b660e0c34644504b324e830f2991d4865	2026-10-07T14:53:49.2388243Z ⚠ [8991/8993] Built R1 (3.6s)
selected-proofs	Run leanprover/lean-action@f061402b660e0c34644504b324e830f2991d4865	2026-10-07T14:53:49.2389032Z warning: R1.lean:10:12: please avoid 'open (scoped) Classical' statements: this can hide theorem statements which would be better stated with explicit decidability statements.
selected-proofs	Run leanprover/lean-action@f061402b660e0c34644504b324e830f2991d4865	2026-10-07T14:53:49.2389727Z Instead, use `open Classical in` for definitions or instances, the `classical` tactic for proofs.
selected-proofs	Run leanprover/lean-action@f061402b660e0c34644504b324e830f2991d4865	2026-10-07T14:53:49.2391433Z For theorem statements, either add missing decidability assumptions or use `open Classical in`.
selected-proofs	Run leanprover/lean-action@f061402b660e0c34644504b324e830f2991d4865	2026-10-07T14:53:49.2392249Z 
selected-proofs	Run leanprover/lean-action@f061402b660e0c34644504b324e830f2991d4865	2026-10-07T14:53:49.2392442Z Note: This linter can be disabled with `set_option linter.style.openClassical false`
selected-proofs	Run leanprover/lean-action@f061402b660e0c34644504b324e830f2991d4865	2026-10-07T14:53:49.2392978Z info: R1.lean:26:0: RobertPublishable.SUB.theorem_R1.{u_1, u_2, u_3, u_4} {U : Type u_1} {E : Type u_2} {I : Type u_3} {O : Type u_4}
selected-proofs	Run leanprover/lean-action@f061402b660e0c34644504b324e830f2991d4865	2026-10-07T14:53:49.2393736Z   [DecidableEq U] [DecidableEq E] [DecidableEq I] [DecidableEq O] [Fintype I] [Fintype O] {Γ : SimpleGraph (I ⊕ O)}
selected-proofs	Run leanprover/lean-action@f061402b660e0c34644504b324e830f2991d4865	2026-10-07T14:53:49.2394684Z   {L : LooplessMultigraph U E} {d : ℕ} {G : SimpleGraph (U × (I ⊕ O))} (T : ValidSimpleSubstitution Γ L d G)
selected-proofs	Run leanprover/lean-action@f061402b660e0c34644504b324e830f2991d4865	2026-10-07T14:53:49.2400254Z   (hΓgadget : Gadget Γ d) (hd : d ≤ 7) (hΓ : ¬Erdos585.HasPairF Γ) (hL : ¬L.HasPair) :
selected-proofs	Run leanprover/lean-action@f061402b660e0c34644504b324e830f2991d4865	2026-10-07T14:53:49.2402369Z   ¬Erdos585.HasPairF G ∧ G.IsRegularOfDegree d ∧ ((∃ c, ValidSimpleSubstitution.SkeletonBicoloring L c) → G.IsBipartite)
selected-proofs	Run leanprover/lean-action@f061402b660e0c34644504b324e830f2991d4865	2026-10-07T14:53:49.2403013Z info: R1.lean:27:0: 'RobertPublishable.SUB.theorem_R1' depends on axioms: [propext, Classical.choice, Quot.sound]
selected-proofs	Run leanprover/lean-action@f061402b660e0c34644504b324e830f2991d4865	2026-10-07T14:53:53.1432520Z ⚠ [8992/8995] Built PrescribedVertex (3.9s)
selected-proofs	Run leanprover/lean-action@f061402b660e0c34644504b324e830f2991d4865	2026-10-07T14:53:53.1433123Z warning: PrescribedVertex.lean:12:12: please avoid 'open (scoped) Classical' statements: this can hide theorem statements which would be better stated with explicit decidability statements.
selected-proofs	Run leanprover/lean-action@f061402b660e0c34644504b324e830f2991d4865	2026-10-07T14:53:53.1433634Z Instead, use `open Classical in` for definitions or instances, the `classical` tactic for proofs.
selected-proofs	Run leanprover/lean-action@f061402b660e0c34644504b324e830f2991d4865	2026-10-07T14:53:53.1434076Z For theorem statements, either add missing decidability assumptions or use `open Classical in`.
selected-proofs	Run leanprover/lean-action@f061402b660e0c34644504b324e830f2991d4865	2026-10-07T14:53:53.1434328Z 
selected-proofs	Run leanprover/lean-action@f061402b660e0c34644504b324e830f2991d4865	2026-10-07T14:53:53.1434465Z Note: This linter can be disabled with `set_option linter.style.openClassical false`
selected-proofs	Run leanprover/lean-action@f061402b660e0c34644504b324e830f2991d4865	2026-10-07T14:53:53.1434721Z warning: PrescribedVertex.lean:99:4: Try this: 
selected-proofs	Run leanprover/lean-action@f061402b660e0c34644504b324e830f2991d4865	2026-10-07T14:53:53.1434905Z   letI̵
selected-proofs	Run leanprover/lean-action@f061402b660e0c34644504b324e830f2991d4865	2026-10-07T14:53:53.1434970Z 
selected-proofs	Run leanprover/lean-action@f061402b660e0c34644504b324e830f2991d4865	2026-10-07T14:53:53.1435067Z The goal is a proposition, so `let` is preferred over `letI`.
selected-proofs	Run leanprover/lean-action@f061402b660e0c34644504b324e830f2991d4865	2026-10-07T14:53:53.1435315Z The difference between `let` and `letI` is that `letI` inlines the value.
selected-proofs	Run leanprover/lean-action@f061402b660e0c34644504b324e830f2991d4865	2026-10-07T14:53:53.1435572Z But this is not relevant for proofs because of proof irrelevance.
selected-proofs	Run leanprover/lean-action@f061402b660e0c34644504b324e830f2991d4865	2026-10-07T14:53:53.1435710Z 
selected-proofs	Run leanprover/lean-action@f061402b660e0c34644504b324e830f2991d4865	2026-10-07T14:53:53.1435832Z Note: This linter can be disabled with `set_option linter.style.haveILetI false`
selected-proofs	Run leanprover/lean-action@f061402b660e0c34644504b324e830f2991d4865	2026-10-07T14:53:53.1436235Z info: PrescribedVertex.lean:106:0: RobertPublishable.SUB.avoiding_graph_from_deleted_vertex.{u_1} {V : Type u_1} [DecidableEq V] [Fintype V]
selected-proofs	Run leanprover/lean-action@f061402b660e0c34644504b324e830f2991d4865	2026-10-07T14:53:53.1436688Z   (B : SimpleGraph V) (c : V → Bool) (o : V) (hc : ∀ (a b : V), B.Adj a b → c a ≠ c b)
selected-proofs	Run leanprover/lean-action@f061402b660e0c34644504b324e830f2991d4865	2026-10-07T14:53:53.1437137Z   (hreg : ∀ (v : V), B.degree v = 6) (hfree : ¬Erdos585.HasPairF (induce {v | v ≠ o} B)) :
selected-proofs	Run leanprover/lean-action@f061402b660e0c34644504b324e830f2991d4865	2026-10-07T14:53:53.1437357Z   ∃ G,
selected-proofs	Run leanprover/lean-action@f061402b660e0c34644504b324e830f2991d4865	2026-10-07T14:53:53.1437603Z     Nonempty (BVertex × (DeletedGadget.Inner c o ⊕ DeletedGadget.Outer c o)) ∧
selected-proofs	Run leanprover/lean-action@f061402b660e0c34644504b324e830f2991d4865	2026-10-07T14:53:53.1437844Z       ¬Erdos585.HasPairF G ∧
selected-proofs	Run leanprover/lean-action@f061402b660e0c34644504b324e830f2991d4865	2026-10-07T14:53:53.1438144Z         (∀ (v : BVertex × (DeletedGadget.Inner c o ⊕ DeletedGadget.Outer c o)), G.degree v = 6) ∧ G.IsBipartite
selected-proofs	Run leanprover/lean-action@f061402b660e0c34644504b324e830f2991d4865	2026-10-07T14:53:53.1438525Z info: PrescribedVertex.lean:107:0: RobertPublishable.SUB.prescribed_vertex_equivalence.{u} :
selected-proofs	Run leanprover/lean-action@f061402b660e0c34644504b324e830f2991d4865	2026-10-07T14:53:53.1438870Z   EveryBipartiteSixHasPair ↔ EveryBipartiteSixHasPairAvoidingVertex
selected-proofs	Run leanprover/lean-action@f061402b660e0c34644504b324e830f2991d4865	2026-10-07T14:53:53.1439291Z info: PrescribedVertex.lean:108:0: 'RobertPublishable.SUB.avoiding_graph_from_deleted_vertex' depends on axioms: [propext, Classical.choice, Quot.sound]
selected-proofs	Run leanprover/lean-action@f061402b660e0c34644504b324e830f2991d4865	2026-10-07T14:53:53.1439842Z info: PrescribedVertex.lean:109:0: 'RobertPublishable.SUB.prescribed_vertex_equivalence' depends on axioms: [propext, Classical.choice, Quot.sound]
selected-proofs	Run leanprover/lean-action@f061402b660e0c34644504b324e830f2991d4865	2026-10-07T14:53:57.2478885Z ✔ [8993/8995] Built Openmath.Proofs.BipartiteObstruction (4.1s)
selected-proofs	Run leanprover/lean-action@f061402b660e0c34644504b324e830f2991d4865	2026-10-07T14:53:59.6519726Z ⚠ [8994/8999] Built Openmath.Proofs.TwinZeroSum (2.4s)
selected-proofs	Run leanprover/lean-action@f061402b660e0c34644504b324e830f2991d4865	2026-10-07T14:53:59.6520254Z warning: Openmath/Proofs/TwinZeroSum.lean:150:4: try 'simp' instead of 'simpa'
selected-proofs	Run leanprover/lean-action@f061402b660e0c34644504b324e830f2991d4865	2026-10-07T14:53:59.6520524Z 
selected-proofs	Run leanprover/lean-action@f061402b660e0c34644504b324e830f2991d4865	2026-10-07T14:53:59.6520710Z Note: This linter can be disabled with `set_option linter.unnecessarySimpa false`
selected-proofs	Run leanprover/lean-action@f061402b660e0c34644504b324e830f2991d4865	2026-10-07T14:54:03.5580438Z ⚠ [8995/9000] Built Openmath.Proofs.HaarCompositeDefs (3.0s)
selected-proofs	Run leanprover/lean-action@f061402b660e0c34644504b324e830f2991d4865	2026-10-07T14:54:03.5581569Z warning: Openmath/Proofs/HaarCompositeDefs.lean:84:8: automatically included section variable(s) unused in theorem `Erdos585.HaarComposite.residue_nat`:
selected-proofs	Run leanprover/lean-action@f061402b660e0c34644504b324e830f2991d4865	2026-10-07T14:54:03.5582144Z   [NeZero n]
selected-proofs	Run leanprover/lean-action@f061402b660e0c34644504b324e830f2991d4865	2026-10-07T14:54:03.5582505Z consider restructuring your `variable` declarations so that the variables are not in scope or explicitly omit them:
selected-proofs	Run leanprover/lean-action@f061402b660e0c34644504b324e830f2991d4865	2026-10-07T14:54:03.5582938Z   omit [NeZero n] in theorem ...
selected-proofs	Run leanprover/lean-action@f061402b660e0c34644504b324e830f2991d4865	2026-10-07T14:54:03.5583319Z 
selected-proofs	Run leanprover/lean-action@f061402b660e0c34644504b324e830f2991d4865	2026-10-07T14:54:03.5583520Z Note: This linter can be disabled with `set_option linter.unusedSectionVars false`
selected-proofs	Run leanprover/lean-action@f061402b660e0c34644504b324e830f2991d4865	2026-10-07T14:54:03.5584207Z warning: Openmath/Proofs/HaarCompositeDefs.lean:91:57: This simp argument is unused:
selected-proofs	Run leanprover/lean-action@f061402b660e0c34644504b324e830f2991d4865	2026-10-07T14:54:03.5584587Z   map_sub
selected-proofs	Run leanprover/lean-action@f061402b660e0c34644504b324e830f2991d4865	2026-10-07T14:54:03.5584683Z 
selected-proofs	Run leanprover/lean-action@f061402b660e0c34644504b324e830f2991d4865	2026-10-07T14:54:03.5584775Z Hint: Omit it from the simp argument list.
selected-proofs	Run leanprover/lean-action@f061402b660e0c34644504b324e830f2991d4865	2026-10-07T14:54:03.5585010Z   [apply] simp [hx, map_add]
selected-proofs	Run leanprover/lean-action@f061402b660e0c34644504b324e830f2991d4865	2026-10-07T14:54:03.5585142Z 
selected-proofs	Run leanprover/lean-action@f061402b660e0c34644504b324e830f2991d4865	2026-10-07T14:54:03.5585315Z Note: This linter can be disabled with `set_option linter.unusedSimpArgs false`
selected-proofs	Run leanprover/lean-action@f061402b660e0c34644504b324e830f2991d4865	2026-10-07T14:54:03.5585835Z warning: Openmath/Proofs/HaarCompositeDefs.lean:93:48: This simp argument is unused:
selected-proofs	Run leanprover/lean-action@f061402b660e0c34644504b324e830f2991d4865	2026-10-07T14:54:03.5586092Z   map_add
selected-proofs	Run leanprover/lean-action@f061402b660e0c34644504b324e830f2991d4865	2026-10-07T14:54:03.5586153Z 
selected-proofs	Run leanprover/lean-action@f061402b660e0c34644504b324e830f2991d4865	2026-10-07T14:54:03.5586215Z Hint: Omit it from the simp argument list.
selected-proofs	Run leanprover/lean-action@f061402b660e0c34644504b324e830f2991d4865	2026-10-07T14:54:03.5586373Z   [apply] simp [hx, map_sub]
selected-proofs	Run leanprover/lean-action@f061402b660e0c34644504b324e830f2991d4865	2026-10-07T14:54:03.5586458Z 
selected-proofs	Run leanprover/lean-action@f061402b660e0c34644504b324e830f2991d4865	2026-10-07T14:54:03.5586577Z Note: This linter can be disabled with `set_option linter.unusedSimpArgs false`
selected-proofs	Run leanprover/lean-action@f061402b660e0c34644504b324e830f2991d4865	2026-10-07T14:54:03.5586888Z warning: Openmath/Proofs/HaarCompositeDefs.lean:99:57: This simp argument is unused:
selected-proofs	Run leanprover/lean-action@f061402b660e0c34644504b324e830f2991d4865	2026-10-07T14:54:03.5587133Z   map_sub
selected-proofs	Run leanprover/lean-action@f061402b660e0c34644504b324e830f2991d4865	2026-10-07T14:54:03.5587195Z 
selected-proofs	Run leanprover/lean-action@f061402b660e0c34644504b324e830f2991d4865	2026-10-07T14:54:03.5587263Z Hint: Omit it from the simp argument list.
selected-proofs	Run leanprover/lean-action@f061402b660e0c34644504b324e830f2991d4865	2026-10-07T14:54:03.5587432Z   [apply] simp [hx, map_add]
selected-proofs	Run leanprover/lean-action@f061402b660e0c34644504b324e830f2991d4865	2026-10-07T14:54:03.5587521Z 
selected-proofs	Run leanprover/lean-action@f061402b660e0c34644504b324e830f2991d4865	2026-10-07T14:54:03.5587636Z Note: This linter can be disabled with `set_option linter.unusedSimpArgs false`
selected-proofs	Run leanprover/lean-action@f061402b660e0c34644504b324e830f2991d4865	2026-10-07T14:54:03.5587933Z warning: Openmath/Proofs/HaarCompositeDefs.lean:101:48: This simp argument is unused:
selected-proofs	Run leanprover/lean-action@f061402b660e0c34644504b324e830f2991d4865	2026-10-07T14:54:03.5588170Z   map_add
selected-proofs	Run leanprover/lean-action@f061402b660e0c34644504b324e830f2991d4865	2026-10-07T14:54:03.5588232Z 
selected-proofs	Run leanprover/lean-action@f061402b660e0c34644504b324e830f2991d4865	2026-10-07T14:54:03.5588300Z Hint: Omit it from the simp argument list.
selected-proofs	Run leanprover/lean-action@f061402b660e0c34644504b324e830f2991d4865	2026-10-07T14:54:03.5588469Z   [apply] simp [hx, map_sub]
selected-proofs	Run leanprover/lean-action@f061402b660e0c34644504b324e830f2991d4865	2026-10-07T14:54:03.5588565Z 
selected-proofs	Run leanprover/lean-action@f061402b660e0c34644504b324e830f2991d4865	2026-10-07T14:54:03.5588687Z Note: This linter can be disabled with `set_option linter.unusedSimpArgs false`
selected-proofs	Run leanprover/lean-action@f061402b660e0c34644504b324e830f2991d4865	2026-10-07T14:54:07.9637609Z ✔ [8996/9001] Built Openmath.Proofs.HaarCompositeBlue (4.4s)
selected-proofs	Run leanprover/lean-action@f061402b660e0c34644504b324e830f2991d4865	2026-10-07T14:54:11.4666107Z ✔ [8997/9001] Built Openmath.Proofs.CycleFactors (3.5s)
selected-proofs	Run leanprover/lean-action@f061402b660e0c34644504b324e830f2991d4865	2026-10-07T14:54:16.1708630Z ✔ [8998/9002] Built Openmath.Proofs.HaarComposite (4.7s)
selected-proofs	Run leanprover/lean-action@f061402b660e0c34644504b324e830f2991d4865	2026-10-07T14:54:21.3785882Z ✔ [8999/9002] Built Openmath.Proofs.HaarCompositeEvenBlue (5.2s)
selected-proofs	Run leanprover/lean-action@f061402b660e0c34644504b324e830f2991d4865	2026-10-07T14:54:27.5862041Z ✔ [9000/9003] Built Openmath.Proofs.HaarCompositeEvenDefs (6.2s)
selected-proofs	Run leanprover/lean-action@f061402b660e0c34644504b324e830f2991d4865	2026-10-07T14:54:31.6901863Z ✔ [9001/9005] Built Openmath.Proofs.MatchingCutPaths (4.1s)
selected-proofs	Run leanprover/lean-action@f061402b660e0c34644504b324e830f2991d4865	2026-10-07T14:54:35.2961191Z ✔ [9003/9012] Built Openmath.Proofs.MatchingComponents (3.6s)
selected-proofs	Run leanprover/lean-action@f061402b660e0c34644504b324e830f2991d4865	2026-10-07T14:54:39.9020880Z ✔ [9004/9012] Built Openmath.Proofs.HaarCompositeEvenRed (4.6s)
selected-proofs	Run leanprover/lean-action@f061402b660e0c34644504b324e830f2991d4865	2026-10-07T14:54:40.8030083Z ✔ [9005/9012] Built Openmath.Proofs.TwinComponentCount (907ms)
selected-proofs	Run leanprover/lean-action@f061402b660e0c34644504b324e830f2991d4865	2026-10-07T14:54:58.5251791Z ✔ [9006/9012] Built Openmath.Proofs.HaarCompositeEven (17s)
selected-proofs	Run leanprover/lean-action@f061402b660e0c34644504b324e830f2991d4865	2026-10-07T14:55:05.3331231Z ✔ [9007/9012] Built Openmath.Proofs.TwinDoubleCycle (6.8s)
selected-proofs	Run leanprover/lean-action@f061402b660e0c34644504b324e830f2991d4865	2026-10-07T14:55:10.4407189Z ✔ [9008/9012] Built Openmath.Proofs.TwinCoreForcing (5.1s)
selected-proofs	Run leanprover/lean-action@f061402b660e0c34644504b324e830f2991d4865	2026-10-07T14:55:14.3454754Z ✔ [9009/9012] Built Openmath.Proofs.TwinNoSingleton (3.9s)
selected-proofs	Run leanprover/lean-action@f061402b660e0c34644504b324e830f2991d4865	2026-10-07T14:55:18.0502355Z ⚠ [9010/9012] Built TwinDensityExtension (3.7s)
selected-proofs	Run leanprover/lean-action@f061402b660e0c34644504b324e830f2991d4865	2026-10-07T14:55:18.0502811Z warning: TwinDensityExtension.lean:118:6: Try this: 
selected-proofs	Run leanprover/lean-action@f061402b660e0c34644504b324e830f2991d4865	2026-10-07T14:55:18.0503090Z   letI̵
selected-proofs	Run leanprover/lean-action@f061402b660e0c34644504b324e830f2991d4865	2026-10-07T14:55:18.0503186Z 
selected-proofs	Run leanprover/lean-action@f061402b660e0c34644504b324e830f2991d4865	2026-10-07T14:55:18.0503322Z The goal is a proposition, so `let` is preferred over `letI`.
selected-proofs	Run leanprover/lean-action@f061402b660e0c34644504b324e830f2991d4865	2026-10-07T14:55:18.0503702Z The difference between `let` and `letI` is that `letI` inlines the value.
selected-proofs	Run leanprover/lean-action@f061402b660e0c34644504b324e830f2991d4865	2026-10-07T14:55:18.0504222Z But this is not relevant for proofs because of proof irrelevance.
selected-proofs	Run leanprover/lean-action@f061402b660e0c34644504b324e830f2991d4865	2026-10-07T14:55:18.0504866Z 
selected-proofs	Run leanprover/lean-action@f061402b660e0c34644504b324e830f2991d4865	2026-10-07T14:55:18.0504990Z Note: This linter can be disabled with `set_option linter.style.haveILetI false`
selected-proofs	Run leanprover/lean-action@f061402b660e0c34644504b324e830f2991d4865	2026-10-07T14:55:18.0505442Z info: TwinDensityExtension.lean:161:0: 'OpenMathReview.TwinDensityExtension.grouped_balance_dense' depends on axioms: [propext, Classical.choice, Quot.sound]
selected-proofs	Run leanprover/lean-action@f061402b660e0c34644504b324e830f2991d4865	2026-10-07T14:55:18.0505994Z info: TwinDensityExtension.lean:162:0: 'OpenMathReview.TwinDensityExtension.grouped_full_degree_of_strict_dense' depends on axioms: [propext,
selected-proofs	Run leanprover/lean-action@f061402b660e0c34644504b324e830f2991d4865	2026-10-07T14:55:18.0506469Z  Classical.choice,
selected-proofs	Run leanprover/lean-action@f061402b660e0c34644504b324e830f2991d4865	2026-10-07T14:55:18.0506588Z  Quot.sound]
selected-proofs	Run leanprover/lean-action@f061402b660e0c34644504b324e830f2991d4865	2026-10-07T14:55:18.0506908Z info: TwinDensityExtension.lean:163:0: 'OpenMathReview.TwinDensityExtension.groupedGraph_hasPair_of_no_singletons_dense' depends on axioms: [propext,
selected-proofs	Run leanprover/lean-action@f061402b660e0c34644504b324e830f2991d4865	2026-10-07T14:55:18.0507262Z  Classical.choice,
selected-proofs	Run leanprover/lean-action@f061402b660e0c34644504b324e830f2991d4865	2026-10-07T14:55:18.0507373Z  Quot.sound]
selected-proofs	Run leanprover/lean-action@f061402b660e0c34644504b324e830f2991d4865	2026-10-07T14:55:18.0507669Z info: TwinDensityExtension.lean:164:0: 'OpenMathReview.TwinDensityExtension.hasPair_of_no_singleton_twins_dense' depends on axioms: [propext,
selected-proofs	Run leanprover/lean-action@f061402b660e0c34644504b324e830f2991d4865	2026-10-07T14:55:18.0508004Z  Classical.choice,
selected-proofs	Run leanprover/lean-action@f061402b660e0c34644504b324e830f2991d4865	2026-10-07T14:55:18.0508113Z  Quot.sound]
selected-proofs	Run leanprover/lean-action@f061402b660e0c34644504b324e830f2991d4865	2026-10-07T14:55:18.0508472Z info: TwinDensityExtension.lean:165:0: @hasPair_of_no_singleton_twins_dense : ∀ {A : Type u_1} {R : Type u_2} [inst : Fintype A] [inst_1 : Fintype R]
selected-proofs	Run leanprover/lean-action@f061402b660e0c34644504b324e830f2991d4865	2026-10-07T14:55:18.0508882Z   [DecidableEq R] (G : SimpleGraph (A ⊕ R)) [inst_3 : DecidableRel G.Adj],
selected-proofs	Run leanprover/lean-action@f061402b660e0c34644504b324e830f2991d4865	2026-10-07T14:55:18.0509101Z   Nonempty (A ⊕ R) →
selected-proofs	Run leanprover/lean-action@f061402b660e0c34644504b324e830f2991d4865	2026-10-07T14:55:18.0509268Z     (∀ (a b : A), ¬G.Adj (Sum.inl a) (Sum.inl b)) →
selected-proofs	Run leanprover/lean-action@f061402b660e0c34644504b324e830f2991d4865	2026-10-07T14:55:18.0509478Z       (∀ (r s : R), ¬G.Adj (Sum.inr r) (Sum.inr s)) →
selected-proofs	Run leanprover/lean-action@f061402b660e0c34644504b324e830f2991d4865	2026-10-07T14:55:18.0509677Z         (∀ (v : A ⊕ R), G.degree v ≤ 6) →
selected-proofs	Run leanprover/lean-action@f061402b660e0c34644504b324e830f2991d4865	2026-10-07T14:55:18.0509877Z           3 * Fintype.card (A ⊕ R) ≤ #G.edgeFinset + 2 →
selected-proofs	Run leanprover/lean-action@f061402b660e0c34644504b324e830f2991d4865	2026-10-07T14:55:18.0510193Z             (∀ (a : A), ∃ b, b ≠ a ∧ ∀ (r : R), G.Adj (Sum.inl a) (Sum.inr r) ↔ G.Adj (Sum.inl b) (Sum.inr r)) →
selected-proofs	Run leanprover/lean-action@f061402b660e0c34644504b324e830f2991d4865	2026-10-07T14:55:18.0510440Z               HasTwoEdgeDisjointCyclesSameVertexSet G
selected-proofs	Run leanprover/lean-action@f061402b660e0c34644504b324e830f2991d4865	2026-10-07T14:55:18.1503387Z Some required targets logged failures:
selected-proofs	Run leanprover/lean-action@f061402b660e0c34644504b324e830f2991d4865	2026-10-07T14:55:18.1503745Z - ReviewExisting
selected-proofs	Run leanprover/lean-action@f061402b660e0c34644504b324e830f2991d4865	2026-10-07T14:55:18.1504129Z - IndependentTransversals.GeneralHaxell
selected-proofs	Run leanprover/lean-action@f061402b660e0c34644504b324e830f2991d4865	2026-10-07T14:55:18.1504361Z - SLT.RMT.MatBern
selected-proofs	Run leanprover/lean-action@f061402b660e0c34644504b324e830f2991d4865	2026-10-07T14:55:18.1509754Z error: build failed
selected-proofs	Run leanprover/lean-action@f061402b660e0c34644504b324e830f2991d4865	2026-10-07T14:55:18.2435796Z ##[error] lake build failed
selected-proofs	Run leanprover/lean-action@f061402b660e0c34644504b324e830f2991d4865	2026-10-07T14:55:18.2439863Z ##[error]Process completed with exit code 1.
selected-proofs	Run leanprover/lean-action@f061402b660e0c34644504b324e830f2991d4865	2026-10-07T14:55:18.2469368Z ##[end-action id=__leanprover_lean-action.build;outcome=failure;conclusion=failure;duration_ms=515889]
selected-proofs	Run leanprover/lean-action@f061402b660e0c34644504b324e830f2991d4865	2026-10-07T14:55:18.2472517Z ##[start-action display=Run actions/cache/save@caa296126883cff596d87d8935842f9db880ef25;id=__leanprover_lean-action.__actions_cache_2]
selected-proofs	Run leanprover/lean-action@f061402b660e0c34644504b324e830f2991d4865	2026-10-07T14:55:18.2476132Z ##[end-action id=__leanprover_lean-action.__actions_cache_2;outcome=skipped;conclusion=skipped;duration_ms=0]
selected-proofs	Run leanprover/lean-action@f061402b660e0c34644504b324e830f2991d4865	2026-10-07T14:55:18.2478635Z ##[start-action display=test alejandrozu/openmath-2026-judging;id=__leanprover_lean-action.test]
selected-proofs	Run leanprover/lean-action@f061402b660e0c34644504b324e830f2991d4865	2026-10-07T14:55:18.2480091Z ##[end-action id=__leanprover_lean-action.test;outcome=skipped;conclusion=skipped;duration_ms=0]
selected-proofs	Run leanprover/lean-action@f061402b660e0c34644504b324e830f2991d4865	2026-10-07T14:55:18.2481527Z ##[start-action display=lint alejandrozu/openmath-2026-judging;id=__leanprover_lean-action.lint]
selected-proofs	Run leanprover/lean-action@f061402b660e0c34644504b324e830f2991d4865	2026-10-07T14:55:18.2482917Z ##[end-action id=__leanprover_lean-action.lint;outcome=skipped;conclusion=skipped;duration_ms=0]
selected-proofs	Run leanprover/lean-action@f061402b660e0c34644504b324e830f2991d4865	2026-10-07T14:55:18.2483834Z ##[start-action display=check reservoir eligibility;id=__leanprover_lean-action.__run_4]
selected-proofs	Run leanprover/lean-action@f061402b660e0c34644504b324e830f2991d4865	2026-10-07T14:55:18.2485302Z ##[end-action id=__leanprover_lean-action.__run_4;outcome=skipped;conclusion=skipped;duration_ms=0]
selected-proofs	Run leanprover/lean-action@f061402b660e0c34644504b324e830f2991d4865	2026-10-07T14:55:18.2486549Z ##[start-action display=check environment with leanchecker;id=__leanprover_lean-action.__run_5]
selected-proofs	Run leanprover/lean-action@f061402b660e0c34644504b324e830f2991d4865	2026-10-07T14:55:18.2487852Z ##[end-action id=__leanprover_lean-action.__run_5;outcome=skipped;conclusion=skipped;duration_ms=0]
selected-proofs	Run leanprover/lean-action@f061402b660e0c34644504b324e830f2991d4865	2026-10-07T14:55:18.2488969Z ##[start-action display=check environment with nanoda;id=__leanprover_lean-action.nanoda]
selected-proofs	Run leanprover/lean-action@f061402b660e0c34644504b324e830f2991d4865	2026-10-07T14:55:18.2490154Z ##[end-action id=__leanprover_lean-action.nanoda;outcome=skipped;conclusion=skipped;duration_ms=0]
selected-proofs	Run leanprover/lean-action@f061402b660e0c34644504b324e830f2991d4865	2026-10-07T14:55:18.2491467Z ##[start-action display=audit axioms with axiom-audit;id=__leanprover_lean-action.axiom-audit]
selected-proofs	Run leanprover/lean-action@f061402b660e0c34644504b324e830f2991d4865	2026-10-07T14:55:18.2492627Z ##[end-action id=__leanprover_lean-action.axiom-audit;outcome=skipped;conclusion=skipped;duration_ms=0]

