id,original_path,topic,bytes,version,source,local_path,archive_path,archive_member,sha256,crc32,basis
344312,.devcontainer/devcontainer.json,General / shared,116,Pinned collected revision; final designation governed by team receipt | 2fd9fd643bf3e9e98d121dc2e7af1cf1be411ae2,https://codeload.github.com/grandchallenge/MATHSOLVE/zip/2fd9fd643bf3e9e98d121dc2e7af1cf1be411ae2,,contestants/E10/13-archives/E10-grandchallenge-MATHSOLVE-2fd9fd643bf3e9e98d121dc2e7af1cf1be411ae2.zip,MATHSOLVE-2fd9fd643bf3e9e98d121dc2e7af1cf1be411ae2/.devcontainer/devcontainer.json,,152b54f5,Filename/path inference; editable in the app
347259,.devcontainer/devcontainer.json,General / shared,116,Latest public revision collected separately; not an author-designated final | adcfa0537f43327f4bb9acfe1692f757fce353c4,https://codeload.github.com/grandchallenge/MATHSOLVE/zip/adcfa0537f43327f4bb9acfe1692f757fce353c4,,contestants/E10/13-archives/E10-grandchallenge-MATHSOLVE-adcfa0537f43327f4bb9acfe1692f757fce353c4.zip,MATHSOLVE-adcfa0537f43327f4bb9acfe1692f757fce353c4/.devcontainer/devcontainer.json,,152b54f5,Filename/path inference; editable in the app
344313,.gcl/admission/BSD-R5-CW-P2-CH15/FREEZE.json,General / shared,1555,Pinned collected revision; final designation governed by team receipt | 2fd9fd643bf3e9e98d121dc2e7af1cf1be411ae2,https://codeload.github.com/grandchallenge/MATHSOLVE/zip/2fd9fd643bf3e9e98d121dc2e7af1cf1be411ae2,,contestants/E10/13-archives/E10-grandchallenge-MATHSOLVE-2fd9fd643bf3e9e98d121dc2e7af1cf1be411ae2.zip,MATHSOLVE-2fd9fd643bf3e9e98d121dc2e7af1cf1be411ae2/.gcl/admission/BSD-R5-CW-P2-CH15/FREEZE.json,,f21af776,Filename/path inference; editable in the app
347260,.gcl/admission/BSD-R5-CW-P2-CH15/FREEZE.json,General / shared,1555,Latest public revision collected separately; not an author-designated final | adcfa0537f43327f4bb9acfe1692f757fce353c4,https://codeload.github.com/grandchallenge/MATHSOLVE/zip/adcfa0537f43327f4bb9acfe1692f757fce353c4,,contestants/E10/13-archives/E10-grandchallenge-MATHSOLVE-adcfa0537f43327f4bb9acfe1692f757fce353c4.zip,MATHSOLVE-adcfa0537f43327f4bb9acfe1692f757fce353c4/.gcl/admission/BSD-R5-CW-P2-CH15/FREEZE.json,,f21af776,Filename/path inference; editable in the app
344314,.gcl/admission/BSD-R5-CW-P2-WEIGHT/FREEZE.json,General / shared,1536,Pinned collected revision; final designation governed by team receipt | 2fd9fd643bf3e9e98d121dc2e7af1cf1be411ae2,https://codeload.github.com/grandchallenge/MATHSOLVE/zip/2fd9fd643bf3e9e98d121dc2e7af1cf1be411ae2,,contestants/E10/13-archives/E10-grandchallenge-MATHSOLVE-2fd9fd643bf3e9e98d121dc2e7af1cf1be411ae2.zip,MATHSOLVE-2fd9fd643bf3e9e98d121dc2e7af1cf1be411ae2/.gcl/admission/BSD-R5-CW-P2-WEIGHT/FREEZE.json,,395002ae,Filename/path inference; editable in the app
347261,.gcl/admission/BSD-R5-CW-P2-WEIGHT/FREEZE.json,General / shared,1536,Latest public revision collected separately; not an author-designated final | adcfa0537f43327f4bb9acfe1692f757fce353c4,https://codeload.github.com/grandchallenge/MATHSOLVE/zip/adcfa0537f43327f4bb9acfe1692f757fce353c4,,contestants/E10/13-archives/E10-grandchallenge-MATHSOLVE-adcfa0537f43327f4bb9acfe1692f757fce353c4.zip,MATHSOLVE-adcfa0537f43327f4bb9acfe1692f757fce353c4/.gcl/admission/BSD-R5-CW-P2-WEIGHT/FREEZE.json,,395002ae,Filename/path inference; editable in the app
344315,.gcl/admission/BSD-R5-LIFT-EQUIV/FREEZE.json,General / shared,2564,Pinned collected revision; final designation governed by team receipt | 2fd9fd643bf3e9e98d121dc2e7af1cf1be411ae2,https://codeload.github.com/grandchallenge/MATHSOLVE/zip/2fd9fd643bf3e9e98d121dc2e7af1cf1be411ae2,,contestants/E10/13-archives/E10-grandchallenge-MATHSOLVE-2fd9fd643bf3e9e98d121dc2e7af1cf1be411ae2.zip,MATHSOLVE-2fd9fd643bf3e9e98d121dc2e7af1cf1be411ae2/.gcl/admission/BSD-R5-LIFT-EQUIV/FREEZE.json,,2f376919,Filename/path inference; editable in the app
347262,.gcl/admission/BSD-R5-LIFT-EQUIV/FREEZE.json,General / shared,2564,Latest public revision collected separately; not an author-designated final | adcfa0537f43327f4bb9acfe1692f757fce353c4,https://codeload.github.com/grandchallenge/MATHSOLVE/zip/adcfa0537f43327f4bb9acfe1692f757fce353c4,,contestants/E10/13-archives/E10-grandchallenge-MATHSOLVE-adcfa0537f43327f4bb9acfe1692f757fce353c4.zip,MATHSOLVE-adcfa0537f43327f4bb9acfe1692f757fce353c4/.gcl/admission/BSD-R5-LIFT-EQUIV/FREEZE.json,,2f376919,Filename/path inference; editable in the app
344316,.gcl/admission/BSD-R5-PRIM/FREEZE.json,General / shared,2650,Pinned collected revision; final designation governed by team receipt | 2fd9fd643bf3e9e98d121dc2e7af1cf1be411ae2,https://codeload.github.com/grandchallenge/MATHSOLVE/zip/2fd9fd643bf3e9e98d121dc2e7af1cf1be411ae2,,contestants/E10/13-archives/E10-grandchallenge-MATHSOLVE-2fd9fd643bf3e9e98d121dc2e7af1cf1be411ae2.zip,MATHSOLVE-2fd9fd643bf3e9e98d121dc2e7af1cf1be411ae2/.gcl/admission/BSD-R5-PRIM/FREEZE.json,,ad3eb5bf,Filename/path inference; editable in the app
347263,.gcl/admission/BSD-R5-PRIM/FREEZE.json,General / shared,2650,Latest public revision collected separately; not an author-designated final | adcfa0537f43327f4bb9acfe1692f757fce353c4,https://codeload.github.com/grandchallenge/MATHSOLVE/zip/adcfa0537f43327f4bb9acfe1692f757fce353c4,,contestants/E10/13-archives/E10-grandchallenge-MATHSOLVE-adcfa0537f43327f4bb9acfe1692f757fce353c4.zip,MATHSOLVE-adcfa0537f43327f4bb9acfe1692f757fce353c4/.gcl/admission/BSD-R5-PRIM/FREEZE.json,,ad3eb5bf,Filename/path inference; editable in the app
344317,.gcl/admission/BSD-R5-RECIP/FREEZE.json,General / shared,1912,Pinned collected revision; final designation governed by team receipt | 2fd9fd643bf3e9e98d121dc2e7af1cf1be411ae2,https://codeload.github.com/grandchallenge/MATHSOLVE/zip/2fd9fd643bf3e9e98d121dc2e7af1cf1be411ae2,,contestants/E10/13-archives/E10-grandchallenge-MATHSOLVE-2fd9fd643bf3e9e98d121dc2e7af1cf1be411ae2.zip,MATHSOLVE-2fd9fd643bf3e9e98d121dc2e7af1cf1be411ae2/.gcl/admission/BSD-R5-RECIP/FREEZE.json,,832db607,Filename/path inference; editable in the app
347264,.gcl/admission/BSD-R5-RECIP/FREEZE.json,General / shared,1912,Latest public revision collected separately; not an author-designated final | adcfa0537f43327f4bb9acfe1692f757fce353c4,https://codeload.github.com/grandchallenge/MATHSOLVE/zip/adcfa0537f43327f4bb9acfe1692f757fce353c4,,contestants/E10/13-archives/E10-grandchallenge-MATHSOLVE-adcfa0537f43327f4bb9acfe1692f757fce353c4.zip,MATHSOLVE-adcfa0537f43327f4bb9acfe1692f757fce353c4/.gcl/admission/BSD-R5-RECIP/FREEZE.json,,832db607,Filename/path inference; editable in the app
344318,.gcl/admission/BSD-R5-RES/FREEZE.json,General / shared,2695,Pinned collected revision; final designation governed by team receipt | 2fd9fd643bf3e9e98d121dc2e7af1cf1be411ae2,https://codeload.github.com/grandchallenge/MATHSOLVE/zip/2fd9fd643bf3e9e98d121dc2e7af1cf1be411ae2,,contestants/E10/13-archives/E10-grandchallenge-MATHSOLVE-2fd9fd643bf3e9e98d121dc2e7af1cf1be411ae2.zip,MATHSOLVE-2fd9fd643bf3e9e98d121dc2e7af1cf1be411ae2/.gcl/admission/BSD-R5-RES/FREEZE.json,,ed66c808,Filename/path inference; editable in the app
347265,.gcl/admission/BSD-R5-RES/FREEZE.json,General / shared,2695,Latest public revision collected separately; not an author-designated final | adcfa0537f43327f4bb9acfe1692f757fce353c4,https://codeload.github.com/grandchallenge/MATHSOLVE/zip/adcfa0537f43327f4bb9acfe1692f757fce353c4,,contestants/E10/13-archives/E10-grandchallenge-MATHSOLVE-adcfa0537f43327f4bb9acfe1692f757fce353c4.zip,MATHSOLVE-adcfa0537f43327f4bb9acfe1692f757fce353c4/.gcl/admission/BSD-R5-RES/FREEZE.json,,ed66c808,Filename/path inference; editable in the app
344319,.gcl/admission/BSD-R5-WIT/FREEZE.json,General / shared,3298,Pinned collected revision; final designation governed by team receipt | 2fd9fd643bf3e9e98d121dc2e7af1cf1be411ae2,https://codeload.github.com/grandchallenge/MATHSOLVE/zip/2fd9fd643bf3e9e98d121dc2e7af1cf1be411ae2,,contestants/E10/13-archives/E10-grandchallenge-MATHSOLVE-2fd9fd643bf3e9e98d121dc2e7af1cf1be411ae2.zip,MATHSOLVE-2fd9fd643bf3e9e98d121dc2e7af1cf1be411ae2/.gcl/admission/BSD-R5-WIT/FREEZE.json,,3f3f4080,Filename/path inference; editable in the app
347266,.gcl/admission/BSD-R5-WIT/FREEZE.json,General / shared,3298,Latest public revision collected separately; not an author-designated final | adcfa0537f43327f4bb9acfe1692f757fce353c4,https://codeload.github.com/grandchallenge/MATHSOLVE/zip/adcfa0537f43327f4bb9acfe1692f757fce353c4,,contestants/E10/13-archives/E10-grandchallenge-MATHSOLVE-adcfa0537f43327f4bb9acfe1692f757fce353c4.zip,MATHSOLVE-adcfa0537f43327f4bb9acfe1692f757fce353c4/.gcl/admission/BSD-R5-WIT/FREEZE.json,,3f3f4080,Filename/path inference; editable in the app
344320,.gcl/admission/BSD-WP60S/FREEZE.json,General / shared,2259,Pinned collected revision; final designation governed by team receipt | 2fd9fd643bf3e9e98d121dc2e7af1cf1be411ae2,https://codeload.github.com/grandchallenge/MATHSOLVE/zip/2fd9fd643bf3e9e98d121dc2e7af1cf1be411ae2,,contestants/E10/13-archives/E10-grandchallenge-MATHSOLVE-2fd9fd643bf3e9e98d121dc2e7af1cf1be411ae2.zip,MATHSOLVE-2fd9fd643bf3e9e98d121dc2e7af1cf1be411ae2/.gcl/admission/BSD-WP60S/FREEZE.json,,b5bfe734,Filename/path inference; editable in the app
347267,.gcl/admission/BSD-WP60S/FREEZE.json,General / shared,2259,Latest public revision collected separately; not an author-designated final | adcfa0537f43327f4bb9acfe1692f757fce353c4,https://codeload.github.com/grandchallenge/MATHSOLVE/zip/adcfa0537f43327f4bb9acfe1692f757fce353c4,,contestants/E10/13-archives/E10-grandchallenge-MATHSOLVE-adcfa0537f43327f4bb9acfe1692f757fce353c4.zip,MATHSOLVE-adcfa0537f43327f4bb9acfe1692f757fce353c4/.gcl/admission/BSD-WP60S/FREEZE.json,,b5bfe734,Filename/path inference; editable in the app
344321,.gcl/admission/BSD-WP60T/FREEZE.json,General / shared,2529,Pinned collected revision; final designation governed by team receipt | 2fd9fd643bf3e9e98d121dc2e7af1cf1be411ae2,https://codeload.github.com/grandchallenge/MATHSOLVE/zip/2fd9fd643bf3e9e98d121dc2e7af1cf1be411ae2,,contestants/E10/13-archives/E10-grandchallenge-MATHSOLVE-2fd9fd643bf3e9e98d121dc2e7af1cf1be411ae2.zip,MATHSOLVE-2fd9fd643bf3e9e98d121dc2e7af1cf1be411ae2/.gcl/admission/BSD-WP60T/FREEZE.json,,e7af11f2,Filename/path inference; editable in the app
347268,.gcl/admission/BSD-WP60T/FREEZE.json,General / shared,2529,Latest public revision collected separately; not an author-designated final | adcfa0537f43327f4bb9acfe1692f757fce353c4,https://codeload.github.com/grandchallenge/MATHSOLVE/zip/adcfa0537f43327f4bb9acfe1692f757fce353c4,,contestants/E10/13-archives/E10-grandchallenge-MATHSOLVE-adcfa0537f43327f4bb9acfe1692f757fce353c4.zip,MATHSOLVE-adcfa0537f43327f4bb9acfe1692f757fce353c4/.gcl/admission/BSD-WP60T/FREEZE.json,,e7af11f2,Filename/path inference; editable in the app
344322,.gcl/admission/OM26-CORE-CLARITY-RECONCILE-001/FREEZE.json,General / shared,2637,Pinned collected revision; final designation governed by team receipt | 2fd9fd643bf3e9e98d121dc2e7af1cf1be411ae2,https://codeload.github.com/grandchallenge/MATHSOLVE/zip/2fd9fd643bf3e9e98d121dc2e7af1cf1be411ae2,,contestants/E10/13-archives/E10-grandchallenge-MATHSOLVE-2fd9fd643bf3e9e98d121dc2e7af1cf1be411ae2.zip,MATHSOLVE-2fd9fd643bf3e9e98d121dc2e7af1cf1be411ae2/.gcl/admission/OM26-CORE-CLARITY-RECONCILE-001/FREEZE.json,,980d7fc9,Filename/path inference; editable in the app
347269,.gcl/admission/OM26-CORE-CLARITY-RECONCILE-001/FREEZE.json,General / shared,2637,Latest public revision collected separately; not an author-designated final | adcfa0537f43327f4bb9acfe1692f757fce353c4,https://codeload.github.com/grandchallenge/MATHSOLVE/zip/adcfa0537f43327f4bb9acfe1692f757fce353c4,,contestants/E10/13-archives/E10-grandchallenge-MATHSOLVE-adcfa0537f43327f4bb9acfe1692f757fce353c4.zip,MATHSOLVE-adcfa0537f43327f4bb9acfe1692f757fce353c4/.gcl/admission/OM26-CORE-CLARITY-RECONCILE-001/FREEZE.json,,980d7fc9,Filename/path inference; editable in the app
344323,.gcl/admission/OM26-H1-H1-12-ADJ-001/FREEZE.json,General / shared,2241,Pinned collected revision; final designation governed by team receipt | 2fd9fd643bf3e9e98d121dc2e7af1cf1be411ae2,https://codeload.github.com/grandchallenge/MATHSOLVE/zip/2fd9fd643bf3e9e98d121dc2e7af1cf1be411ae2,,contestants/E10/13-archives/E10-grandchallenge-MATHSOLVE-2fd9fd643bf3e9e98d121dc2e7af1cf1be411ae2.zip,MATHSOLVE-2fd9fd643bf3e9e98d121dc2e7af1cf1be411ae2/.gcl/admission/OM26-H1-H1-12-ADJ-001/FREEZE.json,,b4e3d7c4,Filename/path inference; editable in the app
347270,.gcl/admission/OM26-H1-H1-12-ADJ-001/FREEZE.json,General / shared,2241,Latest public revision collected separately; not an author-designated final | adcfa0537f43327f4bb9acfe1692f757fce353c4,https://codeload.github.com/grandchallenge/MATHSOLVE/zip/adcfa0537f43327f4bb9acfe1692f757fce353c4,,contestants/E10/13-archives/E10-grandchallenge-MATHSOLVE-adcfa0537f43327f4bb9acfe1692f757fce353c4.zip,MATHSOLVE-adcfa0537f43327f4bb9acfe1692f757fce353c4/.gcl/admission/OM26-H1-H1-12-ADJ-001/FREEZE.json,,b4e3d7c4,Filename/path inference; editable in the app
344324,.gcl/admission/OM26-H1-H1-12-IA-001/FREEZE.json,General / shared,3141,Pinned collected revision; final designation governed by team receipt | 2fd9fd643bf3e9e98d121dc2e7af1cf1be411ae2,https://codeload.github.com/grandchallenge/MATHSOLVE/zip/2fd9fd643bf3e9e98d121dc2e7af1cf1be411ae2,,contestants/E10/13-archives/E10-grandchallenge-MATHSOLVE-2fd9fd643bf3e9e98d121dc2e7af1cf1be411ae2.zip,MATHSOLVE-2fd9fd643bf3e9e98d121dc2e7af1cf1be411ae2/.gcl/admission/OM26-H1-H1-12-IA-001/FREEZE.json,,060ffda1,Filename/path inference; editable in the app
347271,.gcl/admission/OM26-H1-H1-12-IA-001/FREEZE.json,General / shared,3141,Latest public revision collected separately; not an author-designated final | adcfa0537f43327f4bb9acfe1692f757fce353c4,https://codeload.github.com/grandchallenge/MATHSOLVE/zip/adcfa0537f43327f4bb9acfe1692f757fce353c4,,contestants/E10/13-archives/E10-grandchallenge-MATHSOLVE-adcfa0537f43327f4bb9acfe1692f757fce353c4.zip,MATHSOLVE-adcfa0537f43327f4bb9acfe1692f757fce353c4/.gcl/admission/OM26-H1-H1-12-IA-001/FREEZE.json,,060ffda1,Filename/path inference; editable in the app
344325,.gcl/admission/OM26-H2-H7-SOURCE-ACQ/FREEZE.json,General / shared,4951,Pinned collected revision; final designation governed by team receipt | 2fd9fd643bf3e9e98d121dc2e7af1cf1be411ae2,https://codeload.github.com/grandchallenge/MATHSOLVE/zip/2fd9fd643bf3e9e98d121dc2e7af1cf1be411ae2,,contestants/E10/13-archives/E10-grandchallenge-MATHSOLVE-2fd9fd643bf3e9e98d121dc2e7af1cf1be411ae2.zip,MATHSOLVE-2fd9fd643bf3e9e98d121dc2e7af1cf1be411ae2/.gcl/admission/OM26-H2-H7-SOURCE-ACQ/FREEZE.json,,65e87fe2,Filename/path inference; editable in the app
347272,.gcl/admission/OM26-H2-H7-SOURCE-ACQ/FREEZE.json,General / shared,4951,Latest public revision collected separately; not an author-designated final | adcfa0537f43327f4bb9acfe1692f757fce353c4,https://codeload.github.com/grandchallenge/MATHSOLVE/zip/adcfa0537f43327f4bb9acfe1692f757fce353c4,,contestants/E10/13-archives/E10-grandchallenge-MATHSOLVE-adcfa0537f43327f4bb9acfe1692f757fce353c4.zip,MATHSOLVE-adcfa0537f43327f4bb9acfe1692f757fce353c4/.gcl/admission/OM26-H2-H7-SOURCE-ACQ/FREEZE.json,,65e87fe2,Filename/path inference; editable in the app
344326,.gcl/admission/OM26-H2-H7-WP01-DECOMPOSITION/FREEZE.json,General / shared,3942,Pinned collected revision; final designation governed by team receipt | 2fd9fd643bf3e9e98d121dc2e7af1cf1be411ae2,https://codeload.github.com/grandchallenge/MATHSOLVE/zip/2fd9fd643bf3e9e98d121dc2e7af1cf1be411ae2,,contestants/E10/13-archives/E10-grandchallenge-MATHSOLVE-2fd9fd643bf3e9e98d121dc2e7af1cf1be411ae2.zip,MATHSOLVE-2fd9fd643bf3e9e98d121dc2e7af1cf1be411ae2/.gcl/admission/OM26-H2-H7-WP01-DECOMPOSITION/FREEZE.json,,d0c3d29f,Filename/path inference; editable in the app
347273,.gcl/admission/OM26-H2-H7-WP01-DECOMPOSITION/FREEZE.json,General / shared,3942,Latest public revision collected separately; not an author-designated final | adcfa0537f43327f4bb9acfe1692f757fce353c4,https://codeload.github.com/grandchallenge/MATHSOLVE/zip/adcfa0537f43327f4bb9acfe1692f757fce353c4,,contestants/E10/13-archives/E10-grandchallenge-MATHSOLVE-adcfa0537f43327f4bb9acfe1692f757fce353c4.zip,MATHSOLVE-adcfa0537f43327f4bb9acfe1692f757fce353c4/.gcl/admission/OM26-H2-H7-WP01-DECOMPOSITION/FREEZE.json,,d0c3d29f,Filename/path inference; editable in the app
344327,.gcl/admission/OM26-H2-H7-WP01-LEASES/FREEZE.json,General / shared,9112,Pinned collected revision; final designation governed by team receipt | 2fd9fd643bf3e9e98d121dc2e7af1cf1be411ae2,https://codeload.github.com/grandchallenge/MATHSOLVE/zip/2fd9fd643bf3e9e98d121dc2e7af1cf1be411ae2,,contestants/E10/13-archives/E10-grandchallenge-MATHSOLVE-2fd9fd643bf3e9e98d121dc2e7af1cf1be411ae2.zip,MATHSOLVE-2fd9fd643bf3e9e98d121dc2e7af1cf1be411ae2/.gcl/admission/OM26-H2-H7-WP01-LEASES/FREEZE.json,,16dcf08b,Filename/path inference; editable in the app
347274,.gcl/admission/OM26-H2-H7-WP01-LEASES/FREEZE.json,General / shared,9112,Latest public revision collected separately; not an author-designated final | adcfa0537f43327f4bb9acfe1692f757fce353c4,https://codeload.github.com/grandchallenge/MATHSOLVE/zip/adcfa0537f43327f4bb9acfe1692f757fce353c4,,contestants/E10/13-archives/E10-grandchallenge-MATHSOLVE-adcfa0537f43327f4bb9acfe1692f757fce353c4.zip,MATHSOLVE-adcfa0537f43327f4bb9acfe1692f757fce353c4/.gcl/admission/OM26-H2-H7-WP01-LEASES/FREEZE.json,,16dcf08b,Filename/path inference; editable in the app
344328,.gcl/admission/OM26-H2-WP01-ADJ-001/FREEZE.json,General / shared,1968,Pinned collected revision; final designation governed by team receipt | 2fd9fd643bf3e9e98d121dc2e7af1cf1be411ae2,https://codeload.github.com/grandchallenge/MATHSOLVE/zip/2fd9fd643bf3e9e98d121dc2e7af1cf1be411ae2,,contestants/E10/13-archives/E10-grandchallenge-MATHSOLVE-2fd9fd643bf3e9e98d121dc2e7af1cf1be411ae2.zip,MATHSOLVE-2fd9fd643bf3e9e98d121dc2e7af1cf1be411ae2/.gcl/admission/OM26-H2-WP01-ADJ-001/FREEZE.json,,6653e91a,Filename/path inference; editable in the app
347275,.gcl/admission/OM26-H2-WP01-ADJ-001/FREEZE.json,General / shared,1968,Latest public revision collected separately; not an author-designated final | adcfa0537f43327f4bb9acfe1692f757fce353c4,https://codeload.github.com/grandchallenge/MATHSOLVE/zip/adcfa0537f43327f4bb9acfe1692f757fce353c4,,contestants/E10/13-archives/E10-grandchallenge-MATHSOLVE-adcfa0537f43327f4bb9acfe1692f757fce353c4.zip,MATHSOLVE-adcfa0537f43327f4bb9acfe1692f757fce353c4/.gcl/admission/OM26-H2-WP01-ADJ-001/FREEZE.json,,6653e91a,Filename/path inference; editable in the app
344329,.gcl/admission/OM26-H2-WP02-ADJ-001/FREEZE.json,General / shared,2234,Pinned collected revision; final designation governed by team receipt | 2fd9fd643bf3e9e98d121dc2e7af1cf1be411ae2,https://codeload.github.com/grandchallenge/MATHSOLVE/zip/2fd9fd643bf3e9e98d121dc2e7af1cf1be411ae2,,contestants/E10/13-archives/E10-grandchallenge-MATHSOLVE-2fd9fd643bf3e9e98d121dc2e7af1cf1be411ae2.zip,MATHSOLVE-2fd9fd643bf3e9e98d121dc2e7af1cf1be411ae2/.gcl/admission/OM26-H2-WP02-ADJ-001/FREEZE.json,,024023b5,Filename/path inference; editable in the app
347276,.gcl/admission/OM26-H2-WP02-ADJ-001/FREEZE.json,General / shared,2234,Latest public revision collected separately; not an author-designated final | adcfa0537f43327f4bb9acfe1692f757fce353c4,https://codeload.github.com/grandchallenge/MATHSOLVE/zip/adcfa0537f43327f4bb9acfe1692f757fce353c4,,contestants/E10/13-archives/E10-grandchallenge-MATHSOLVE-adcfa0537f43327f4bb9acfe1692f757fce353c4.zip,MATHSOLVE-adcfa0537f43327f4bb9acfe1692f757fce353c4/.gcl/admission/OM26-H2-WP02-ADJ-001/FREEZE.json,,024023b5,Filename/path inference; editable in the app
344330,.gcl/admission/OM26-H2-WP02-INSTANTIATE/FREEZE.json,General / shared,2568,Pinned collected revision; final designation governed by team receipt | 2fd9fd643bf3e9e98d121dc2e7af1cf1be411ae2,https://codeload.github.com/grandchallenge/MATHSOLVE/zip/2fd9fd643bf3e9e98d121dc2e7af1cf1be411ae2,,contestants/E10/13-archives/E10-grandchallenge-MATHSOLVE-2fd9fd643bf3e9e98d121dc2e7af1cf1be411ae2.zip,MATHSOLVE-2fd9fd643bf3e9e98d121dc2e7af1cf1be411ae2/.gcl/admission/OM26-H2-WP02-INSTANTIATE/FREEZE.json,,6691fe65,Filename/path inference; editable in the app
347277,.gcl/admission/OM26-H2-WP02-INSTANTIATE/FREEZE.json,General / shared,2568,Latest public revision collected separately; not an author-designated final | adcfa0537f43327f4bb9acfe1692f757fce353c4,https://codeload.github.com/grandchallenge/MATHSOLVE/zip/adcfa0537f43327f4bb9acfe1692f757fce353c4,,contestants/E10/13-archives/E10-grandchallenge-MATHSOLVE-adcfa0537f43327f4bb9acfe1692f757fce353c4.zip,MATHSOLVE-adcfa0537f43327f4bb9acfe1692f757fce353c4/.gcl/admission/OM26-H2-WP02-INSTANTIATE/FREEZE.json,,6691fe65,Filename/path inference; editable in the app
344331,.gcl/admission/OM26-SEVEN-HILL-CONSOLIDATION-001/FREEZE.json,General / shared,2495,Pinned collected revision; final designation governed by team receipt | 2fd9fd643bf3e9e98d121dc2e7af1cf1be411ae2,https://codeload.github.com/grandchallenge/MATHSOLVE/zip/2fd9fd643bf3e9e98d121dc2e7af1cf1be411ae2,,contestants/E10/13-archives/E10-grandchallenge-MATHSOLVE-2fd9fd643bf3e9e98d121dc2e7af1cf1be411ae2.zip,MATHSOLVE-2fd9fd643bf3e9e98d121dc2e7af1cf1be411ae2/.gcl/admission/OM26-SEVEN-HILL-CONSOLIDATION-001/FREEZE.json,,2976ed65,Filename/path inference; editable in the app
347278,.gcl/admission/OM26-SEVEN-HILL-CONSOLIDATION-001/FREEZE.json,General / shared,2495,Latest public revision collected separately; not an author-designated final | adcfa0537f43327f4bb9acfe1692f757fce353c4,https://codeload.github.com/grandchallenge/MATHSOLVE/zip/adcfa0537f43327f4bb9acfe1692f757fce353c4,,contestants/E10/13-archives/E10-grandchallenge-MATHSOLVE-adcfa0537f43327f4bb9acfe1692f757fce353c4.zip,MATHSOLVE-adcfa0537f43327f4bb9acfe1692f757fce353c4/.gcl/admission/OM26-SEVEN-HILL-CONSOLIDATION-001/FREEZE.json,,2976ed65,Filename/path inference; editable in the app
344332,.gcl/admission/OPENMATH-CEX-GENERIC-INTAKE/FREEZE.json,General / shared,1510,Pinned collected revision; final designation governed by team receipt | 2fd9fd643bf3e9e98d121dc2e7af1cf1be411ae2,https://codeload.github.com/grandchallenge/MATHSOLVE/zip/2fd9fd643bf3e9e98d121dc2e7af1cf1be411ae2,,contestants/E10/13-archives/E10-grandchallenge-MATHSOLVE-2fd9fd643bf3e9e98d121dc2e7af1cf1be411ae2.zip,MATHSOLVE-2fd9fd643bf3e9e98d121dc2e7af1cf1be411ae2/.gcl/admission/OPENMATH-CEX-GENERIC-INTAKE/FREEZE.json,,5fa56b9a,Filename/path inference; editable in the app
347279,.gcl/admission/OPENMATH-CEX-GENERIC-INTAKE/FREEZE.json,General / shared,1510,Latest public revision collected separately; not an author-designated final | adcfa0537f43327f4bb9acfe1692f757fce353c4,https://codeload.github.com/grandchallenge/MATHSOLVE/zip/adcfa0537f43327f4bb9acfe1692f757fce353c4,,contestants/E10/13-archives/E10-grandchallenge-MATHSOLVE-adcfa0537f43327f4bb9acfe1692f757fce353c4.zip,MATHSOLVE-adcfa0537f43327f4bb9acfe1692f757fce353c4/.gcl/admission/OPENMATH-CEX-GENERIC-INTAKE/FREEZE.json,,5fa56b9a,Filename/path inference; editable in the app
344333,.gcl/agent-continuity.json,General / shared,1317,Pinned collected revision; final designation governed by team receipt | 2fd9fd643bf3e9e98d121dc2e7af1cf1be411ae2,https://codeload.github.com/grandchallenge/MATHSOLVE/zip/2fd9fd643bf3e9e98d121dc2e7af1cf1be411ae2,,contestants/E10/13-archives/E10-grandchallenge-MATHSOLVE-2fd9fd643bf3e9e98d121dc2e7af1cf1be411ae2.zip,MATHSOLVE-2fd9fd643bf3e9e98d121dc2e7af1cf1be411ae2/.gcl/agent-continuity.json,,4dd815c5,Filename/path inference; editable in the app
347280,.gcl/agent-continuity.json,General / shared,1317,Latest public revision collected separately; not an author-designated final | adcfa0537f43327f4bb9acfe1692f757fce353c4,https://codeload.github.com/grandchallenge/MATHSOLVE/zip/adcfa0537f43327f4bb9acfe1692f757fce353c4,,contestants/E10/13-archives/E10-grandchallenge-MATHSOLVE-adcfa0537f43327f4bb9acfe1692f757fce353c4.zip,MATHSOLVE-adcfa0537f43327f4bb9acfe1692f757fce353c4/.gcl/agent-continuity.json,,4dd815c5,Filename/path inference; editable in the app
344334,.gcl/campaigns/BSD-001/CAMPAIGN_STATE.json,General / shared,5079,Pinned collected revision; final designation governed by team receipt | 2fd9fd643bf3e9e98d121dc2e7af1cf1be411ae2,https://codeload.github.com/grandchallenge/MATHSOLVE/zip/2fd9fd643bf3e9e98d121dc2e7af1cf1be411ae2,,contestants/E10/13-archives/E10-grandchallenge-MATHSOLVE-2fd9fd643bf3e9e98d121dc2e7af1cf1be411ae2.zip,MATHSOLVE-2fd9fd643bf3e9e98d121dc2e7af1cf1be411ae2/.gcl/campaigns/BSD-001/CAMPAIGN_STATE.json,,e9135182,Filename/path inference; editable in the app
347281,.gcl/campaigns/BSD-001/CAMPAIGN_STATE.json,General / shared,5079,Latest public revision collected separately; not an author-designated final | adcfa0537f43327f4bb9acfe1692f757fce353c4,https://codeload.github.com/grandchallenge/MATHSOLVE/zip/adcfa0537f43327f4bb9acfe1692f757fce353c4,,contestants/E10/13-archives/E10-grandchallenge-MATHSOLVE-adcfa0537f43327f4bb9acfe1692f757fce353c4.zip,MATHSOLVE-adcfa0537f43327f4bb9acfe1692f757fce353c4/.gcl/campaigns/BSD-001/CAMPAIGN_STATE.json,,e9135182,Filename/path inference; editable in the app
344335,.gcl/campaigns/OPENMATH-2026-SOURCE-ACQ/CAMPAIGN_STATE.json,General / shared,7311,Pinned collected revision; final designation governed by team receipt | 2fd9fd643bf3e9e98d121dc2e7af1cf1be411ae2,https://codeload.github.com/grandchallenge/MATHSOLVE/zip/2fd9fd643bf3e9e98d121dc2e7af1cf1be411ae2,,contestants/E10/13-archives/E10-grandchallenge-MATHSOLVE-2fd9fd643bf3e9e98d121dc2e7af1cf1be411ae2.zip,MATHSOLVE-2fd9fd643bf3e9e98d121dc2e7af1cf1be411ae2/.gcl/campaigns/OPENMATH-2026-SOURCE-ACQ/CAMPAIGN_STATE.json,,5ec8ee8b,Filename/path inference; editable in the app
347282,.gcl/campaigns/OPENMATH-2026-SOURCE-ACQ/CAMPAIGN_STATE.json,General / shared,7311,Latest public revision collected separately; not an author-designated final | adcfa0537f43327f4bb9acfe1692f757fce353c4,https://codeload.github.com/grandchallenge/MATHSOLVE/zip/adcfa0537f43327f4bb9acfe1692f757fce353c4,,contestants/E10/13-archives/E10-grandchallenge-MATHSOLVE-adcfa0537f43327f4bb9acfe1692f757fce353c4.zip,MATHSOLVE-adcfa0537f43327f4bb9acfe1692f757fce353c4/.gcl/campaigns/OPENMATH-2026-SOURCE-ACQ/CAMPAIGN_STATE.json,,5ec8ee8b,Filename/path inference; editable in the app
344336,.gcl/campaigns/OPENMATH-2026/CEX_ASSIGNMENTS.json,General / shared,201136,Pinned collected revision; final designation governed by team receipt | 2fd9fd643bf3e9e98d121dc2e7af1cf1be411ae2,https://codeload.github.com/grandchallenge/MATHSOLVE/zip/2fd9fd643bf3e9e98d121dc2e7af1cf1be411ae2,,contestants/E10/13-archives/E10-grandchallenge-MATHSOLVE-2fd9fd643bf3e9e98d121dc2e7af1cf1be411ae2.zip,MATHSOLVE-2fd9fd643bf3e9e98d121dc2e7af1cf1be411ae2/.gcl/campaigns/OPENMATH-2026/CEX_ASSIGNMENTS.json,,89e53d73,Filename/path inference; editable in the app
347283,.gcl/campaigns/OPENMATH-2026/CEX_ASSIGNMENTS.json,General / shared,233742,Latest public revision collected separately; not an author-designated final | adcfa0537f43327f4bb9acfe1692f757fce353c4,https://codeload.github.com/grandchallenge/MATHSOLVE/zip/adcfa0537f43327f4bb9acfe1692f757fce353c4,,contestants/E10/13-archives/E10-grandchallenge-MATHSOLVE-adcfa0537f43327f4bb9acfe1692f757fce353c4.zip,MATHSOLVE-adcfa0537f43327f4bb9acfe1692f757fce353c4/.gcl/campaigns/OPENMATH-2026/CEX_ASSIGNMENTS.json,,d309e800,Filename/path inference; editable in the app
344337,.gcl/campaigns/OPENMATH-2026/LIFECYCLE_CONTRACT.json,General / shared,2368,Pinned collected revision; final designation governed by team receipt | 2fd9fd643bf3e9e98d121dc2e7af1cf1be411ae2,https://codeload.github.com/grandchallenge/MATHSOLVE/zip/2fd9fd643bf3e9e98d121dc2e7af1cf1be411ae2,,contestants/E10/13-archives/E10-grandchallenge-MATHSOLVE-2fd9fd643bf3e9e98d121dc2e7af1cf1be411ae2.zip,MATHSOLVE-2fd9fd643bf3e9e98d121dc2e7af1cf1be411ae2/.gcl/campaigns/OPENMATH-2026/LIFECYCLE_CONTRACT.json,,059cf6b7,Filename/path inference; editable in the app
347284,.gcl/campaigns/OPENMATH-2026/LIFECYCLE_CONTRACT.json,General / shared,2368,Latest public revision collected separately; not an author-designated final | adcfa0537f43327f4bb9acfe1692f757fce353c4,https://codeload.github.com/grandchallenge/MATHSOLVE/zip/adcfa0537f43327f4bb9acfe1692f757fce353c4,,contestants/E10/13-archives/E10-grandchallenge-MATHSOLVE-adcfa0537f43327f4bb9acfe1692f757fce353c4.zip,MATHSOLVE-adcfa0537f43327f4bb9acfe1692f757fce353c4/.gcl/campaigns/OPENMATH-2026/LIFECYCLE_CONTRACT.json,,059cf6b7,Filename/path inference; editable in the app
344355,.gcl/completions/OPENMATH-CEX-GENERIC-INTAKE/READBACK.json,General / shared,976,Pinned collected revision; final designation governed by team receipt | 2fd9fd643bf3e9e98d121dc2e7af1cf1be411ae2,https://codeload.github.com/grandchallenge/MATHSOLVE/zip/2fd9fd643bf3e9e98d121dc2e7af1cf1be411ae2,,contestants/E10/13-archives/E10-grandchallenge-MATHSOLVE-2fd9fd643bf3e9e98d121dc2e7af1cf1be411ae2.zip,MATHSOLVE-2fd9fd643bf3e9e98d121dc2e7af1cf1be411ae2/.gcl/completions/OPENMATH-CEX-GENERIC-INTAKE/READBACK.json,,8e741a81,Filename/path inference; editable in the app
347302,.gcl/completions/OPENMATH-CEX-GENERIC-INTAKE/READBACK.json,General / shared,976,Latest public revision collected separately; not an author-designated final | adcfa0537f43327f4bb9acfe1692f757fce353c4,https://codeload.github.com/grandchallenge/MATHSOLVE/zip/adcfa0537f43327f4bb9acfe1692f757fce353c4,,contestants/E10/13-archives/E10-grandchallenge-MATHSOLVE-adcfa0537f43327f4bb9acfe1692f757fce353c4.zip,MATHSOLVE-adcfa0537f43327f4bb9acfe1692f757fce353c4/.gcl/completions/OPENMATH-CEX-GENERIC-INTAKE/READBACK.json,,8e741a81,Filename/path inference; editable in the app
344356,.gcl/operations/BSD-R5-CW-P2-CH15/OPERATION.json,General / shared,5499,Pinned collected revision; final designation governed by team receipt | 2fd9fd643bf3e9e98d121dc2e7af1cf1be411ae2,https://codeload.github.com/grandchallenge/MATHSOLVE/zip/2fd9fd643bf3e9e98d121dc2e7af1cf1be411ae2,,contestants/E10/13-archives/E10-grandchallenge-MATHSOLVE-2fd9fd643bf3e9e98d121dc2e7af1cf1be411ae2.zip,MATHSOLVE-2fd9fd643bf3e9e98d121dc2e7af1cf1be411ae2/.gcl/operations/BSD-R5-CW-P2-CH15/OPERATION.json,,45bcf7e0,Filename/path inference; editable in the app
347303,.gcl/operations/BSD-R5-CW-P2-CH15/OPERATION.json,General / shared,5499,Latest public revision collected separately; not an author-designated final | adcfa0537f43327f4bb9acfe1692f757fce353c4,https://codeload.github.com/grandchallenge/MATHSOLVE/zip/adcfa0537f43327f4bb9acfe1692f757fce353c4,,contestants/E10/13-archives/E10-grandchallenge-MATHSOLVE-adcfa0537f43327f4bb9acfe1692f757fce353c4.zip,MATHSOLVE-adcfa0537f43327f4bb9acfe1692f757fce353c4/.gcl/operations/BSD-R5-CW-P2-CH15/OPERATION.json,,45bcf7e0,Filename/path inference; editable in the app
344357,.gcl/operations/BSD-R5-CW-P2-WEIGHT/OPERATION.json,General / shared,5792,Pinned collected revision; final designation governed by team receipt | 2fd9fd643bf3e9e98d121dc2e7af1cf1be411ae2,https://codeload.github.com/grandchallenge/MATHSOLVE/zip/2fd9fd643bf3e9e98d121dc2e7af1cf1be411ae2,,contestants/E10/13-archives/E10-grandchallenge-MATHSOLVE-2fd9fd643bf3e9e98d121dc2e7af1cf1be411ae2.zip,MATHSOLVE-2fd9fd643bf3e9e98d121dc2e7af1cf1be411ae2/.gcl/operations/BSD-R5-CW-P2-WEIGHT/OPERATION.json,,effb233e,Filename/path inference; editable in the app
347304,.gcl/operations/BSD-R5-CW-P2-WEIGHT/OPERATION.json,General / shared,5792,Latest public revision collected separately; not an author-designated final | adcfa0537f43327f4bb9acfe1692f757fce353c4,https://codeload.github.com/grandchallenge/MATHSOLVE/zip/adcfa0537f43327f4bb9acfe1692f757fce353c4,,contestants/E10/13-archives/E10-grandchallenge-MATHSOLVE-adcfa0537f43327f4bb9acfe1692f757fce353c4.zip,MATHSOLVE-adcfa0537f43327f4bb9acfe1692f757fce353c4/.gcl/operations/BSD-R5-CW-P2-WEIGHT/OPERATION.json,,effb233e,Filename/path inference; editable in the app
344358,.gcl/operations/BSD-R5-LIFT-EQUIV/OPERATION.json,General / shared,5952,Pinned collected revision; final designation governed by team receipt | 2fd9fd643bf3e9e98d121dc2e7af1cf1be411ae2,https://codeload.github.com/grandchallenge/MATHSOLVE/zip/2fd9fd643bf3e9e98d121dc2e7af1cf1be411ae2,,contestants/E10/13-archives/E10-grandchallenge-MATHSOLVE-2fd9fd643bf3e9e98d121dc2e7af1cf1be411ae2.zip,MATHSOLVE-2fd9fd643bf3e9e98d121dc2e7af1cf1be411ae2/.gcl/operations/BSD-R5-LIFT-EQUIV/OPERATION.json,,9fe3f71a,Filename/path inference; editable in the app
347305,.gcl/operations/BSD-R5-LIFT-EQUIV/OPERATION.json,General / shared,5952,Latest public revision collected separately; not an author-designated final | adcfa0537f43327f4bb9acfe1692f757fce353c4,https://codeload.github.com/grandchallenge/MATHSOLVE/zip/adcfa0537f43327f4bb9acfe1692f757fce353c4,,contestants/E10/13-archives/E10-grandchallenge-MATHSOLVE-adcfa0537f43327f4bb9acfe1692f757fce353c4.zip,MATHSOLVE-adcfa0537f43327f4bb9acfe1692f757fce353c4/.gcl/operations/BSD-R5-LIFT-EQUIV/OPERATION.json,,9fe3f71a,Filename/path inference; editable in the app
344359,.gcl/operations/BSD-R5-PRIM/OPERATION.json,General / shared,5461,Pinned collected revision; final designation governed by team receipt | 2fd9fd643bf3e9e98d121dc2e7af1cf1be411ae2,https://codeload.github.com/grandchallenge/MATHSOLVE/zip/2fd9fd643bf3e9e98d121dc2e7af1cf1be411ae2,,contestants/E10/13-archives/E10-grandchallenge-MATHSOLVE-2fd9fd643bf3e9e98d121dc2e7af1cf1be411ae2.zip,MATHSOLVE-2fd9fd643bf3e9e98d121dc2e7af1cf1be411ae2/.gcl/operations/BSD-R5-PRIM/OPERATION.json,,41c2e0a1,Filename/path inference; editable in the app
347306,.gcl/operations/BSD-R5-PRIM/OPERATION.json,General / shared,5461,Latest public revision collected separately; not an author-designated final | adcfa0537f43327f4bb9acfe1692f757fce353c4,https://codeload.github.com/grandchallenge/MATHSOLVE/zip/adcfa0537f43327f4bb9acfe1692f757fce353c4,,contestants/E10/13-archives/E10-grandchallenge-MATHSOLVE-adcfa0537f43327f4bb9acfe1692f757fce353c4.zip,MATHSOLVE-adcfa0537f43327f4bb9acfe1692f757fce353c4/.gcl/operations/BSD-R5-PRIM/OPERATION.json,,41c2e0a1,Filename/path inference; editable in the app
344360,.gcl/operations/BSD-R5-RECIP/OPERATION.json,General / shared,5566,Pinned collected revision; final designation governed by team receipt | 2fd9fd643bf3e9e98d121dc2e7af1cf1be411ae2,https://codeload.github.com/grandchallenge/MATHSOLVE/zip/2fd9fd643bf3e9e98d121dc2e7af1cf1be411ae2,,contestants/E10/13-archives/E10-grandchallenge-MATHSOLVE-2fd9fd643bf3e9e98d121dc2e7af1cf1be411ae2.zip,MATHSOLVE-2fd9fd643bf3e9e98d121dc2e7af1cf1be411ae2/.gcl/operations/BSD-R5-RECIP/OPERATION.json,,ebb5f131,Filename/path inference; editable in the app
347307,.gcl/operations/BSD-R5-RECIP/OPERATION.json,General / shared,5566,Latest public revision collected separately; not an author-designated final | adcfa0537f43327f4bb9acfe1692f757fce353c4,https://codeload.github.com/grandchallenge/MATHSOLVE/zip/adcfa0537f43327f4bb9acfe1692f757fce353c4,,contestants/E10/13-archives/E10-grandchallenge-MATHSOLVE-adcfa0537f43327f4bb9acfe1692f757fce353c4.zip,MATHSOLVE-adcfa0537f43327f4bb9acfe1692f757fce353c4/.gcl/operations/BSD-R5-RECIP/OPERATION.json,,ebb5f131,Filename/path inference; editable in the app
344361,.gcl/operations/BSD-R5-RES/OPERATION.json,General / shared,5696,Pinned collected revision; final designation governed by team receipt | 2fd9fd643bf3e9e98d121dc2e7af1cf1be411ae2,https://codeload.github.com/grandchallenge/MATHSOLVE/zip/2fd9fd643bf3e9e98d121dc2e7af1cf1be411ae2,,contestants/E10/13-archives/E10-grandchallenge-MATHSOLVE-2fd9fd643bf3e9e98d121dc2e7af1cf1be411ae2.zip,MATHSOLVE-2fd9fd643bf3e9e98d121dc2e7af1cf1be411ae2/.gcl/operations/BSD-R5-RES/OPERATION.json,,26ce6062,Filename/path inference; editable in the app
347308,.gcl/operations/BSD-R5-RES/OPERATION.json,General / shared,5696,Latest public revision collected separately; not an author-designated final | adcfa0537f43327f4bb9acfe1692f757fce353c4,https://codeload.github.com/grandchallenge/MATHSOLVE/zip/adcfa0537f43327f4bb9acfe1692f757fce353c4,,contestants/E10/13-archives/E10-grandchallenge-MATHSOLVE-adcfa0537f43327f4bb9acfe1692f757fce353c4.zip,MATHSOLVE-adcfa0537f43327f4bb9acfe1692f757fce353c4/.gcl/operations/BSD-R5-RES/OPERATION.json,,26ce6062,Filename/path inference; editable in the app
344362,.gcl/operations/BSD-R5-WIT/OPERATION.json,General / shared,6274,Pinned collected revision; final designation governed by team receipt | 2fd9fd643bf3e9e98d121dc2e7af1cf1be411ae2,https://codeload.github.com/grandchallenge/MATHSOLVE/zip/2fd9fd643bf3e9e98d121dc2e7af1cf1be411ae2,,contestants/E10/13-archives/E10-grandchallenge-MATHSOLVE-2fd9fd643bf3e9e98d121dc2e7af1cf1be411ae2.zip,MATHSOLVE-2fd9fd643bf3e9e98d121dc2e7af1cf1be411ae2/.gcl/operations/BSD-R5-WIT/OPERATION.json,,bca1069f,Filename/path inference; editable in the app
347309,.gcl/operations/BSD-R5-WIT/OPERATION.json,General / shared,6274,Latest public revision collected separately; not an author-designated final | adcfa0537f43327f4bb9acfe1692f757fce353c4,https://codeload.github.com/grandchallenge/MATHSOLVE/zip/adcfa0537f43327f4bb9acfe1692f757fce353c4,,contestants/E10/13-archives/E10-grandchallenge-MATHSOLVE-adcfa0537f43327f4bb9acfe1692f757fce353c4.zip,MATHSOLVE-adcfa0537f43327f4bb9acfe1692f757fce353c4/.gcl/operations/BSD-R5-WIT/OPERATION.json,,bca1069f,Filename/path inference; editable in the app
344363,.gcl/operations/BSD-WP60S/OPERATION.json,General / shared,4523,Pinned collected revision; final designation governed by team receipt | 2fd9fd643bf3e9e98d121dc2e7af1cf1be411ae2,https://codeload.github.com/grandchallenge/MATHSOLVE/zip/2fd9fd643bf3e9e98d121dc2e7af1cf1be411ae2,,contestants/E10/13-archives/E10-grandchallenge-MATHSOLVE-2fd9fd643bf3e9e98d121dc2e7af1cf1be411ae2.zip,MATHSOLVE-2fd9fd643bf3e9e98d121dc2e7af1cf1be411ae2/.gcl/operations/BSD-WP60S/OPERATION.json,,743eec0b,Filename/path inference; editable in the app
347310,.gcl/operations/BSD-WP60S/OPERATION.json,General / shared,4523,Latest public revision collected separately; not an author-designated final | adcfa0537f43327f4bb9acfe1692f757fce353c4,https://codeload.github.com/grandchallenge/MATHSOLVE/zip/adcfa0537f43327f4bb9acfe1692f757fce353c4,,contestants/E10/13-archives/E10-grandchallenge-MATHSOLVE-adcfa0537f43327f4bb9acfe1692f757fce353c4.zip,MATHSOLVE-adcfa0537f43327f4bb9acfe1692f757fce353c4/.gcl/operations/BSD-WP60S/OPERATION.json,,743eec0b,Filename/path inference; editable in the app
344364,.gcl/operations/BSD-WP60T/OPERATION.json,General / shared,6040,Pinned collected revision; final designation governed by team receipt | 2fd9fd643bf3e9e98d121dc2e7af1cf1be411ae2,https://codeload.github.com/grandchallenge/MATHSOLVE/zip/2fd9fd643bf3e9e98d121dc2e7af1cf1be411ae2,,contestants/E10/13-archives/E10-grandchallenge-MATHSOLVE-2fd9fd643bf3e9e98d121dc2e7af1cf1be411ae2.zip,MATHSOLVE-2fd9fd643bf3e9e98d121dc2e7af1cf1be411ae2/.gcl/operations/BSD-WP60T/OPERATION.json,,0bf9c7bd,Filename/path inference; editable in the app
347311,.gcl/operations/BSD-WP60T/OPERATION.json,General / shared,6040,Latest public revision collected separately; not an author-designated final | adcfa0537f43327f4bb9acfe1692f757fce353c4,https://codeload.github.com/grandchallenge/MATHSOLVE/zip/adcfa0537f43327f4bb9acfe1692f757fce353c4,,contestants/E10/13-archives/E10-grandchallenge-MATHSOLVE-adcfa0537f43327f4bb9acfe1692f757fce353c4.zip,MATHSOLVE-adcfa0537f43327f4bb9acfe1692f757fce353c4/.gcl/operations/BSD-WP60T/OPERATION.json,,0bf9c7bd,Filename/path inference; editable in the app
344365,.gcl/operations/OM26-CORE-CLARITY-RECONCILE-001/OPERATION.json,General / shared,4377,Pinned collected revision; final designation governed by team receipt | 2fd9fd643bf3e9e98d121dc2e7af1cf1be411ae2,https://codeload.github.com/grandchallenge/MATHSOLVE/zip/2fd9fd643bf3e9e98d121dc2e7af1cf1be411ae2,,contestants/E10/13-archives/E10-grandchallenge-MATHSOLVE-2fd9fd643bf3e9e98d121dc2e7af1cf1be411ae2.zip,MATHSOLVE-2fd9fd643bf3e9e98d121dc2e7af1cf1be411ae2/.gcl/operations/OM26-CORE-CLARITY-RECONCILE-001/OPERATION.json,,4890f7ce,Filename/path inference; editable in the app
347312,.gcl/operations/OM26-CORE-CLARITY-RECONCILE-001/OPERATION.json,General / shared,4377,Latest public revision collected separately; not an author-designated final | adcfa0537f43327f4bb9acfe1692f757fce353c4,https://codeload.github.com/grandchallenge/MATHSOLVE/zip/adcfa0537f43327f4bb9acfe1692f757fce353c4,,contestants/E10/13-archives/E10-grandchallenge-MATHSOLVE-adcfa0537f43327f4bb9acfe1692f757fce353c4.zip,MATHSOLVE-adcfa0537f43327f4bb9acfe1692f757fce353c4/.gcl/operations/OM26-CORE-CLARITY-RECONCILE-001/OPERATION.json,,4890f7ce,Filename/path inference; editable in the app
344367,.gcl/operations/OM26-EVENT-WINDOW-ACTIVATION-001/OPERATION.json,General / shared,1384,Pinned collected revision; final designation governed by team receipt | 2fd9fd643bf3e9e98d121dc2e7af1cf1be411ae2,https://codeload.github.com/grandchallenge/MATHSOLVE/zip/2fd9fd643bf3e9e98d121dc2e7af1cf1be411ae2,,contestants/E10/13-archives/E10-grandchallenge-MATHSOLVE-2fd9fd643bf3e9e98d121dc2e7af1cf1be411ae2.zip,MATHSOLVE-2fd9fd643bf3e9e98d121dc2e7af1cf1be411ae2/.gcl/operations/OM26-EVENT-WINDOW-ACTIVATION-001/OPERATION.json,,c783b8c9,Filename/path inference; editable in the app
347314,.gcl/operations/OM26-EVENT-WINDOW-ACTIVATION-001/OPERATION.json,General / shared,1384,Latest public revision collected separately; not an author-designated final | adcfa0537f43327f4bb9acfe1692f757fce353c4,https://codeload.github.com/grandchallenge/MATHSOLVE/zip/adcfa0537f43327f4bb9acfe1692f757fce353c4,,contestants/E10/13-archives/E10-grandchallenge-MATHSOLVE-adcfa0537f43327f4bb9acfe1692f757fce353c4.zip,MATHSOLVE-adcfa0537f43327f4bb9acfe1692f757fce353c4/.gcl/operations/OM26-EVENT-WINDOW-ACTIVATION-001/OPERATION.json,,c783b8c9,Filename/path inference; editable in the app
344368,.gcl/operations/OM26-H1-H1-12-ADJ-001/OPERATION.json,General / shared,2334,Pinned collected revision; final designation governed by team receipt | 2fd9fd643bf3e9e98d121dc2e7af1cf1be411ae2,https://codeload.github.com/grandchallenge/MATHSOLVE/zip/2fd9fd643bf3e9e98d121dc2e7af1cf1be411ae2,,contestants/E10/13-archives/E10-grandchallenge-MATHSOLVE-2fd9fd643bf3e9e98d121dc2e7af1cf1be411ae2.zip,MATHSOLVE-2fd9fd643bf3e9e98d121dc2e7af1cf1be411ae2/.gcl/operations/OM26-H1-H1-12-ADJ-001/OPERATION.json,,710095d7,Filename/path inference; editable in the app
347315,.gcl/operations/OM26-H1-H1-12-ADJ-001/OPERATION.json,General / shared,2334,Latest public revision collected separately; not an author-designated final | adcfa0537f43327f4bb9acfe1692f757fce353c4,https://codeload.github.com/grandchallenge/MATHSOLVE/zip/adcfa0537f43327f4bb9acfe1692f757fce353c4,,contestants/E10/13-archives/E10-grandchallenge-MATHSOLVE-adcfa0537f43327f4bb9acfe1692f757fce353c4.zip,MATHSOLVE-adcfa0537f43327f4bb9acfe1692f757fce353c4/.gcl/operations/OM26-H1-H1-12-ADJ-001/OPERATION.json,,710095d7,Filename/path inference; editable in the app
344369,.gcl/operations/OM26-H1-H1-12-IA-001/OPERATION.json,General / shared,3275,Pinned collected revision; final designation governed by team receipt | 2fd9fd643bf3e9e98d121dc2e7af1cf1be411ae2,https://codeload.github.com/grandchallenge/MATHSOLVE/zip/2fd9fd643bf3e9e98d121dc2e7af1cf1be411ae2,,contestants/E10/13-archives/E10-grandchallenge-MATHSOLVE-2fd9fd643bf3e9e98d121dc2e7af1cf1be411ae2.zip,MATHSOLVE-2fd9fd643bf3e9e98d121dc2e7af1cf1be411ae2/.gcl/operations/OM26-H1-H1-12-IA-001/OPERATION.json,,d6a1ba22,Filename/path inference; editable in the app
347316,.gcl/operations/OM26-H1-H1-12-IA-001/OPERATION.json,General / shared,3275,Latest public revision collected separately; not an author-designated final | adcfa0537f43327f4bb9acfe1692f757fce353c4,https://codeload.github.com/grandchallenge/MATHSOLVE/zip/adcfa0537f43327f4bb9acfe1692f757fce353c4,,contestants/E10/13-archives/E10-grandchallenge-MATHSOLVE-adcfa0537f43327f4bb9acfe1692f757fce353c4.zip,MATHSOLVE-adcfa0537f43327f4bb9acfe1692f757fce353c4/.gcl/operations/OM26-H1-H1-12-IA-001/OPERATION.json,,d6a1ba22,Filename/path inference; editable in the app
344370,.gcl/operations/OM26-H1-WP01-IA-001/OPERATION.json,General / shared,976,Pinned collected revision; final designation governed by team receipt | 2fd9fd643bf3e9e98d121dc2e7af1cf1be411ae2,https://codeload.github.com/grandchallenge/MATHSOLVE/zip/2fd9fd643bf3e9e98d121dc2e7af1cf1be411ae2,,contestants/E10/13-archives/E10-grandchallenge-MATHSOLVE-2fd9fd643bf3e9e98d121dc2e7af1cf1be411ae2.zip,MATHSOLVE-2fd9fd643bf3e9e98d121dc2e7af1cf1be411ae2/.gcl/operations/OM26-H1-WP01-IA-001/OPERATION.json,,403e3b56,Filename/path inference; editable in the app
347317,.gcl/operations/OM26-H1-WP01-IA-001/OPERATION.json,General / shared,976,Latest public revision collected separately; not an author-designated final | adcfa0537f43327f4bb9acfe1692f757fce353c4,https://codeload.github.com/grandchallenge/MATHSOLVE/zip/adcfa0537f43327f4bb9acfe1692f757fce353c4,,contestants/E10/13-archives/E10-grandchallenge-MATHSOLVE-adcfa0537f43327f4bb9acfe1692f757fce353c4.zip,MATHSOLVE-adcfa0537f43327f4bb9acfe1692f757fce353c4/.gcl/operations/OM26-H1-WP01-IA-001/OPERATION.json,,403e3b56,Filename/path inference; editable in the app
344371,.gcl/operations/OM26-H1-WP02-IA-001/OPERATION.json,General / shared,887,Pinned collected revision; final designation governed by team receipt | 2fd9fd643bf3e9e98d121dc2e7af1cf1be411ae2,https://codeload.github.com/grandchallenge/MATHSOLVE/zip/2fd9fd643bf3e9e98d121dc2e7af1cf1be411ae2,,contestants/E10/13-archives/E10-grandchallenge-MATHSOLVE-2fd9fd643bf3e9e98d121dc2e7af1cf1be411ae2.zip,MATHSOLVE-2fd9fd643bf3e9e98d121dc2e7af1cf1be411ae2/.gcl/operations/OM26-H1-WP02-IA-001/OPERATION.json,,08d047a7,Filename/path inference; editable in the app
347318,.gcl/operations/OM26-H1-WP02-IA-001/OPERATION.json,General / shared,887,Latest public revision collected separately; not an author-designated final | adcfa0537f43327f4bb9acfe1692f757fce353c4,https://codeload.github.com/grandchallenge/MATHSOLVE/zip/adcfa0537f43327f4bb9acfe1692f757fce353c4,,contestants/E10/13-archives/E10-grandchallenge-MATHSOLVE-adcfa0537f43327f4bb9acfe1692f757fce353c4.zip,MATHSOLVE-adcfa0537f43327f4bb9acfe1692f757fce353c4/.gcl/operations/OM26-H1-WP02-IA-001/OPERATION.json,,08d047a7,Filename/path inference; editable in the app
344372,.gcl/operations/OM26-H1-WP03-IA-001/OPERATION.json,General / shared,717,Pinned collected revision; final designation governed by team receipt | 2fd9fd643bf3e9e98d121dc2e7af1cf1be411ae2,https://codeload.github.com/grandchallenge/MATHSOLVE/zip/2fd9fd643bf3e9e98d121dc2e7af1cf1be411ae2,,contestants/E10/13-archives/E10-grandchallenge-MATHSOLVE-2fd9fd643bf3e9e98d121dc2e7af1cf1be411ae2.zip,MATHSOLVE-2fd9fd643bf3e9e98d121dc2e7af1cf1be411ae2/.gcl/operations/OM26-H1-WP03-IA-001/OPERATION.json,,d5041235,Filename/path inference; editable in the app
347319,.gcl/operations/OM26-H1-WP03-IA-001/OPERATION.json,General / shared,717,Latest public revision collected separately; not an author-designated final | adcfa0537f43327f4bb9acfe1692f757fce353c4,https://codeload.github.com/grandchallenge/MATHSOLVE/zip/adcfa0537f43327f4bb9acfe1692f757fce353c4,,contestants/E10/13-archives/E10-grandchallenge-MATHSOLVE-adcfa0537f43327f4bb9acfe1692f757fce353c4.zip,MATHSOLVE-adcfa0537f43327f4bb9acfe1692f757fce353c4/.gcl/operations/OM26-H1-WP03-IA-001/OPERATION.json,,d5041235,Filename/path inference; editable in the app
344373,.gcl/operations/OM26-H1-WP04-IA-001/OPERATION.json,General / shared,887,Pinned collected revision; final designation governed by team receipt | 2fd9fd643bf3e9e98d121dc2e7af1cf1be411ae2,https://codeload.github.com/grandchallenge/MATHSOLVE/zip/2fd9fd643bf3e9e98d121dc2e7af1cf1be411ae2,,contestants/E10/13-archives/E10-grandchallenge-MATHSOLVE-2fd9fd643bf3e9e98d121dc2e7af1cf1be411ae2.zip,MATHSOLVE-2fd9fd643bf3e9e98d121dc2e7af1cf1be411ae2/.gcl/operations/OM26-H1-WP04-IA-001/OPERATION.json,,f8a5cfed,Filename/path inference; editable in the app
347320,.gcl/operations/OM26-H1-WP04-IA-001/OPERATION.json,General / shared,887,Latest public revision collected separately; not an author-designated final | adcfa0537f43327f4bb9acfe1692f757fce353c4,https://codeload.github.com/grandchallenge/MATHSOLVE/zip/adcfa0537f43327f4bb9acfe1692f757fce353c4,,contestants/E10/13-archives/E10-grandchallenge-MATHSOLVE-adcfa0537f43327f4bb9acfe1692f757fce353c4.zip,MATHSOLVE-adcfa0537f43327f4bb9acfe1692f757fce353c4/.gcl/operations/OM26-H1-WP04-IA-001/OPERATION.json,,f8a5cfed,Filename/path inference; editable in the app
344374,.gcl/operations/OM26-H1-WP05-IA-001/OPERATION.json,General / shared,887,Pinned collected revision; final designation governed by team receipt | 2fd9fd643bf3e9e98d121dc2e7af1cf1be411ae2,https://codeload.github.com/grandchallenge/MATHSOLVE/zip/2fd9fd643bf3e9e98d121dc2e7af1cf1be411ae2,,contestants/E10/13-archives/E10-grandchallenge-MATHSOLVE-2fd9fd643bf3e9e98d121dc2e7af1cf1be411ae2.zip,MATHSOLVE-2fd9fd643bf3e9e98d121dc2e7af1cf1be411ae2/.gcl/operations/OM26-H1-WP05-IA-001/OPERATION.json,,f5f8f086,Filename/path inference; editable in the app
347321,.gcl/operations/OM26-H1-WP05-IA-001/OPERATION.json,General / shared,887,Latest public revision collected separately; not an author-designated final | adcfa0537f43327f4bb9acfe1692f757fce353c4,https://codeload.github.com/grandchallenge/MATHSOLVE/zip/adcfa0537f43327f4bb9acfe1692f757fce353c4,,contestants/E10/13-archives/E10-grandchallenge-MATHSOLVE-adcfa0537f43327f4bb9acfe1692f757fce353c4.zip,MATHSOLVE-adcfa0537f43327f4bb9acfe1692f757fce353c4/.gcl/operations/OM26-H1-WP05-IA-001/OPERATION.json,,f5f8f086,Filename/path inference; editable in the app
344375,.gcl/operations/OM26-H1-WP06-IA-001/OPERATION.json,General / shared,887,Pinned collected revision; final designation governed by team receipt | 2fd9fd643bf3e9e98d121dc2e7af1cf1be411ae2,https://codeload.github.com/grandchallenge/MATHSOLVE/zip/2fd9fd643bf3e9e98d121dc2e7af1cf1be411ae2,,contestants/E10/13-archives/E10-grandchallenge-MATHSOLVE-2fd9fd643bf3e9e98d121dc2e7af1cf1be411ae2.zip,MATHSOLVE-2fd9fd643bf3e9e98d121dc2e7af1cf1be411ae2/.gcl/operations/OM26-H1-WP06-IA-001/OPERATION.json,,9daba9cc,Filename/path inference; editable in the app
347322,.gcl/operations/OM26-H1-WP06-IA-001/OPERATION.json,General / shared,887,Latest public revision collected separately; not an author-designated final | adcfa0537f43327f4bb9acfe1692f757fce353c4,https://codeload.github.com/grandchallenge/MATHSOLVE/zip/adcfa0537f43327f4bb9acfe1692f757fce353c4,,contestants/E10/13-archives/E10-grandchallenge-MATHSOLVE-adcfa0537f43327f4bb9acfe1692f757fce353c4.zip,MATHSOLVE-adcfa0537f43327f4bb9acfe1692f757fce353c4/.gcl/operations/OM26-H1-WP06-IA-001/OPERATION.json,,9daba9cc,Filename/path inference; editable in the app
347323,.gcl/operations/OM26-H1-WP07-IA-001/OPERATION.json,General / shared,887,Latest public revision collected separately; not an author-designated final | adcfa0537f43327f4bb9acfe1692f757fce353c4,https://codeload.github.com/grandchallenge/MATHSOLVE/zip/adcfa0537f43327f4bb9acfe1692f757fce353c4,,contestants/E10/13-archives/E10-grandchallenge-MATHSOLVE-adcfa0537f43327f4bb9acfe1692f757fce353c4.zip,MATHSOLVE-adcfa0537f43327f4bb9acfe1692f757fce353c4/.gcl/operations/OM26-H1-WP07-IA-001/OPERATION.json,,2b3865f7,Filename/path inference; editable in the app
347324,.gcl/operations/OM26-H1-WP08-IA-001/OPERATION.json,General / shared,887,Latest public revision collected separately; not an author-designated final | adcfa0537f43327f4bb9acfe1692f757fce353c4,https://codeload.github.com/grandchallenge/MATHSOLVE/zip/adcfa0537f43327f4bb9acfe1692f757fce353c4,,contestants/E10/13-archives/E10-grandchallenge-MATHSOLVE-adcfa0537f43327f4bb9acfe1692f757fce353c4.zip,MATHSOLVE-adcfa0537f43327f4bb9acfe1692f757fce353c4/.gcl/operations/OM26-H1-WP08-IA-001/OPERATION.json,,e57ea986,Filename/path inference; editable in the app
344376,.gcl/operations/OM26-H1-WP30-IA-001/OPERATION.json,General / shared,711,Pinned collected revision; final designation governed by team receipt | 2fd9fd643bf3e9e98d121dc2e7af1cf1be411ae2,https://codeload.github.com/grandchallenge/MATHSOLVE/zip/2fd9fd643bf3e9e98d121dc2e7af1cf1be411ae2,,contestants/E10/13-archives/E10-grandchallenge-MATHSOLVE-2fd9fd643bf3e9e98d121dc2e7af1cf1be411ae2.zip,MATHSOLVE-2fd9fd643bf3e9e98d121dc2e7af1cf1be411ae2/.gcl/operations/OM26-H1-WP30-IA-001/OPERATION.json,,747120d8,Filename/path inference; editable in the app
347325,.gcl/operations/OM26-H1-WP30-IA-001/OPERATION.json,General / shared,711,Latest public revision collected separately; not an author-designated final | adcfa0537f43327f4bb9acfe1692f757fce353c4,https://codeload.github.com/grandchallenge/MATHSOLVE/zip/adcfa0537f43327f4bb9acfe1692f757fce353c4,,contestants/E10/13-archives/E10-grandchallenge-MATHSOLVE-adcfa0537f43327f4bb9acfe1692f757fce353c4.zip,MATHSOLVE-adcfa0537f43327f4bb9acfe1692f757fce353c4/.gcl/operations/OM26-H1-WP30-IA-001/OPERATION.json,,747120d8,Filename/path inference; editable in the app
344377,.gcl/operations/OM26-H1-WP31-IA-001/OPERATION.json,General / shared,887,Pinned collected revision; final designation governed by team receipt | 2fd9fd643bf3e9e98d121dc2e7af1cf1be411ae2,https://codeload.github.com/grandchallenge/MATHSOLVE/zip/2fd9fd643bf3e9e98d121dc2e7af1cf1be411ae2,,contestants/E10/13-archives/E10-grandchallenge-MATHSOLVE-2fd9fd643bf3e9e98d121dc2e7af1cf1be411ae2.zip,MATHSOLVE-2fd9fd643bf3e9e98d121dc2e7af1cf1be411ae2/.gcl/operations/OM26-H1-WP31-IA-001/OPERATION.json,,f62bfcf1,Filename/path inference; editable in the app
347326,.gcl/operations/OM26-H1-WP31-IA-001/OPERATION.json,General / shared,887,Latest public revision collected separately; not an author-designated final | adcfa0537f43327f4bb9acfe1692f757fce353c4,https://codeload.github.com/grandchallenge/MATHSOLVE/zip/adcfa0537f43327f4bb9acfe1692f757fce353c4,,contestants/E10/13-archives/E10-grandchallenge-MATHSOLVE-adcfa0537f43327f4bb9acfe1692f757fce353c4.zip,MATHSOLVE-adcfa0537f43327f4bb9acfe1692f757fce353c4/.gcl/operations/OM26-H1-WP31-IA-001/OPERATION.json,,f62bfcf1,Filename/path inference; editable in the app
344378,.gcl/operations/OM26-H1-WP32-IA-001/OPERATION.json,General / shared,961,Pinned collected revision; final designation governed by team receipt | 2fd9fd643bf3e9e98d121dc2e7af1cf1be411ae2,https://codeload.github.com/grandchallenge/MATHSOLVE/zip/2fd9fd643bf3e9e98d121dc2e7af1cf1be411ae2,,contestants/E10/13-archives/E10-grandchallenge-MATHSOLVE-2fd9fd643bf3e9e98d121dc2e7af1cf1be411ae2.zip,MATHSOLVE-2fd9fd643bf3e9e98d121dc2e7af1cf1be411ae2/.gcl/operations/OM26-H1-WP32-IA-001/OPERATION.json,,6ac0a26f,Filename/path inference; editable in the app
347327,.gcl/operations/OM26-H1-WP32-IA-001/OPERATION.json,General / shared,961,Latest public revision collected separately; not an author-designated final | adcfa0537f43327f4bb9acfe1692f757fce353c4,https://codeload.github.com/grandchallenge/MATHSOLVE/zip/adcfa0537f43327f4bb9acfe1692f757fce353c4,,contestants/E10/13-archives/E10-grandchallenge-MATHSOLVE-adcfa0537f43327f4bb9acfe1692f757fce353c4.zip,MATHSOLVE-adcfa0537f43327f4bb9acfe1692f757fce353c4/.gcl/operations/OM26-H1-WP32-IA-001/OPERATION.json,,6ac0a26f,Filename/path inference; editable in the app
344379,.gcl/operations/OM26-H1-WP33-IA-001/OPERATION.json,General / shared,887,Pinned collected revision; final designation governed by team receipt | 2fd9fd643bf3e9e98d121dc2e7af1cf1be411ae2,https://codeload.github.com/grandchallenge/MATHSOLVE/zip/2fd9fd643bf3e9e98d121dc2e7af1cf1be411ae2,,contestants/E10/13-archives/E10-grandchallenge-MATHSOLVE-2fd9fd643bf3e9e98d121dc2e7af1cf1be411ae2.zip,MATHSOLVE-2fd9fd643bf3e9e98d121dc2e7af1cf1be411ae2/.gcl/operations/OM26-H1-WP33-IA-001/OPERATION.json,,e0c0316a,Filename/path inference; editable in the app
347328,.gcl/operations/OM26-H1-WP33-IA-001/OPERATION.json,General / shared,887,Latest public revision collected separately; not an author-designated final | adcfa0537f43327f4bb9acfe1692f757fce353c4,https://codeload.github.com/grandchallenge/MATHSOLVE/zip/adcfa0537f43327f4bb9acfe1692f757fce353c4,,contestants/E10/13-archives/E10-grandchallenge-MATHSOLVE-adcfa0537f43327f4bb9acfe1692f757fce353c4.zip,MATHSOLVE-adcfa0537f43327f4bb9acfe1692f757fce353c4/.gcl/operations/OM26-H1-WP33-IA-001/OPERATION.json,,e0c0316a,Filename/path inference; editable in the app
347329,.gcl/operations/OM26-H1-WP34-IA-001/OPERATION.json,General / shared,887,Latest public revision collected separately; not an author-designated final | adcfa0537f43327f4bb9acfe1692f757fce353c4,https://codeload.github.com/grandchallenge/MATHSOLVE/zip/adcfa0537f43327f4bb9acfe1692f757fce353c4,,contestants/E10/13-archives/E10-grandchallenge-MATHSOLVE-adcfa0537f43327f4bb9acfe1692f757fce353c4.zip,MATHSOLVE-adcfa0537f43327f4bb9acfe1692f757fce353c4/.gcl/operations/OM26-H1-WP34-IA-001/OPERATION.json,,8e585cc2,Filename/path inference; editable in the app
347330,.gcl/operations/OM26-H1-WP35-IA-001/OPERATION.json,General / shared,887,Latest public revision collected separately; not an author-designated final | adcfa0537f43327f4bb9acfe1692f757fce353c4,https://codeload.github.com/grandchallenge/MATHSOLVE/zip/adcfa0537f43327f4bb9acfe1692f757fce353c4,,contestants/E10/13-archives/E10-grandchallenge-MATHSOLVE-adcfa0537f43327f4bb9acfe1692f757fce353c4.zip,MATHSOLVE-adcfa0537f43327f4bb9acfe1692f757fce353c4/.gcl/operations/OM26-H1-WP35-IA-001/OPERATION.json,,40cdb193,Filename/path inference; editable in the app
344380,.gcl/operations/OM26-H1-WP60-IA-001/OPERATION.json,General / shared,718,Pinned collected revision; final designation governed by team receipt | 2fd9fd643bf3e9e98d121dc2e7af1cf1be411ae2,https://codeload.github.com/grandchallenge/MATHSOLVE/zip/2fd9fd643bf3e9e98d121dc2e7af1cf1be411ae2,,contestants/E10/13-archives/E10-grandchallenge-MATHSOLVE-2fd9fd643bf3e9e98d121dc2e7af1cf1be411ae2.zip,MATHSOLVE-2fd9fd643bf3e9e98d121dc2e7af1cf1be411ae2/.gcl/operations/OM26-H1-WP60-IA-001/OPERATION.json,,aaf10920,Filename/path inference; editable in the app
347331,.gcl/operations/OM26-H1-WP60-IA-001/OPERATION.json,General / shared,718,Latest public revision collected separately; not an author-designated final | adcfa0537f43327f4bb9acfe1692f757fce353c4,https://codeload.github.com/grandchallenge/MATHSOLVE/zip/adcfa0537f43327f4bb9acfe1692f757fce353c4,,contestants/E10/13-archives/E10-grandchallenge-MATHSOLVE-adcfa0537f43327f4bb9acfe1692f757fce353c4.zip,MATHSOLVE-adcfa0537f43327f4bb9acfe1692f757fce353c4/.gcl/operations/OM26-H1-WP60-IA-001/OPERATION.json,,aaf10920,Filename/path inference; editable in the app
344381,.gcl/operations/OM26-H1-WP61-IA-001/OPERATION.json,General / shared,887,Pinned collected revision; final designation governed by team receipt | 2fd9fd643bf3e9e98d121dc2e7af1cf1be411ae2,https://codeload.github.com/grandchallenge/MATHSOLVE/zip/2fd9fd643bf3e9e98d121dc2e7af1cf1be411ae2,,contestants/E10/13-archives/E10-grandchallenge-MATHSOLVE-2fd9fd643bf3e9e98d121dc2e7af1cf1be411ae2.zip,MATHSOLVE-2fd9fd643bf3e9e98d121dc2e7af1cf1be411ae2/.gcl/operations/OM26-H1-WP61-IA-001/OPERATION.json,,cb860b4d,Filename/path inference; editable in the app
347332,.gcl/operations/OM26-H1-WP61-IA-001/OPERATION.json,General / shared,887,Latest public revision collected separately; not an author-designated final | adcfa0537f43327f4bb9acfe1692f757fce353c4,https://codeload.github.com/grandchallenge/MATHSOLVE/zip/adcfa0537f43327f4bb9acfe1692f757fce353c4,,contestants/E10/13-archives/E10-grandchallenge-MATHSOLVE-adcfa0537f43327f4bb9acfe1692f757fce353c4.zip,MATHSOLVE-adcfa0537f43327f4bb9acfe1692f757fce353c4/.gcl/operations/OM26-H1-WP61-IA-001/OPERATION.json,,cb860b4d,Filename/path inference; editable in the app
344382,.gcl/operations/OM26-H1-WP62-IA-001/OPERATION.json,General / shared,887,Pinned collected revision; final designation governed by team receipt | 2fd9fd643bf3e9e98d121dc2e7af1cf1be411ae2,https://codeload.github.com/grandchallenge/MATHSOLVE/zip/2fd9fd643bf3e9e98d121dc2e7af1cf1be411ae2,,contestants/E10/13-archives/E10-grandchallenge-MATHSOLVE-2fd9fd643bf3e9e98d121dc2e7af1cf1be411ae2.zip,MATHSOLVE-2fd9fd643bf3e9e98d121dc2e7af1cf1be411ae2/.gcl/operations/OM26-H1-WP62-IA-001/OPERATION.json,,088b8b7b,Filename/path inference; editable in the app
347333,.gcl/operations/OM26-H1-WP62-IA-001/OPERATION.json,General / shared,887,Latest public revision collected separately; not an author-designated final | adcfa0537f43327f4bb9acfe1692f757fce353c4,https://codeload.github.com/grandchallenge/MATHSOLVE/zip/adcfa0537f43327f4bb9acfe1692f757fce353c4,,contestants/E10/13-archives/E10-grandchallenge-MATHSOLVE-adcfa0537f43327f4bb9acfe1692f757fce353c4.zip,MATHSOLVE-adcfa0537f43327f4bb9acfe1692f757fce353c4/.gcl/operations/OM26-H1-WP62-IA-001/OPERATION.json,,088b8b7b,Filename/path inference; editable in the app
344383,.gcl/operations/OM26-H1-WP63-IA-001/OPERATION.json,General / shared,887,Pinned collected revision; final designation governed by team receipt | 2fd9fd643bf3e9e98d121dc2e7af1cf1be411ae2,https://codeload.github.com/grandchallenge/MATHSOLVE/zip/2fd9fd643bf3e9e98d121dc2e7af1cf1be411ae2,,contestants/E10/13-archives/E10-grandchallenge-MATHSOLVE-2fd9fd643bf3e9e98d121dc2e7af1cf1be411ae2.zip,MATHSOLVE-2fd9fd643bf3e9e98d121dc2e7af1cf1be411ae2/.gcl/operations/OM26-H1-WP63-IA-001/OPERATION.json,,545dd225,Filename/path inference; editable in the app
347334,.gcl/operations/OM26-H1-WP63-IA-001/OPERATION.json,General / shared,887,Latest public revision collected separately; not an author-designated final | adcfa0537f43327f4bb9acfe1692f757fce353c4,https://codeload.github.com/grandchallenge/MATHSOLVE/zip/adcfa0537f43327f4bb9acfe1692f757fce353c4,,contestants/E10/13-archives/E10-grandchallenge-MATHSOLVE-adcfa0537f43327f4bb9acfe1692f757fce353c4.zip,MATHSOLVE-adcfa0537f43327f4bb9acfe1692f757fce353c4/.gcl/operations/OM26-H1-WP63-IA-001/OPERATION.json,,545dd225,Filename/path inference; editable in the app
347335,.gcl/operations/OM26-H1-WP64-IA-001/OPERATION.json,General / shared,887,Latest public revision collected separately; not an author-designated final | adcfa0537f43327f4bb9acfe1692f757fce353c4,https://codeload.github.com/grandchallenge/MATHSOLVE/zip/adcfa0537f43327f4bb9acfe1692f757fce353c4,,contestants/E10/13-archives/E10-grandchallenge-MATHSOLVE-adcfa0537f43327f4bb9acfe1692f757fce353c4.zip,MATHSOLVE-adcfa0537f43327f4bb9acfe1692f757fce353c4/.gcl/operations/OM26-H1-WP64-IA-001/OPERATION.json,,c85815d2,Filename/path inference; editable in the app
347336,.gcl/operations/OM26-H1-WP65-IA-001/OPERATION.json,General / shared,887,Latest public revision collected separately; not an author-designated final | adcfa0537f43327f4bb9acfe1692f757fce353c4,https://codeload.github.com/grandchallenge/MATHSOLVE/zip/adcfa0537f43327f4bb9acfe1692f757fce353c4,,contestants/E10/13-archives/E10-grandchallenge-MATHSOLVE-adcfa0537f43327f4bb9acfe1692f757fce353c4.zip,MATHSOLVE-adcfa0537f43327f4bb9acfe1692f757fce353c4/.gcl/operations/OM26-H1-WP65-IA-001/OPERATION.json,,b7daf64e,Filename/path inference; editable in the app
344384,.gcl/operations/OM26-H2-H7-SOURCE-ACQ/OPERATION.json,General / shared,9676,Pinned collected revision; final designation governed by team receipt | 2fd9fd643bf3e9e98d121dc2e7af1cf1be411ae2,https://codeload.github.com/grandchallenge/MATHSOLVE/zip/2fd9fd643bf3e9e98d121dc2e7af1cf1be411ae2,,contestants/E10/13-archives/E10-grandchallenge-MATHSOLVE-2fd9fd643bf3e9e98d121dc2e7af1cf1be411ae2.zip,MATHSOLVE-2fd9fd643bf3e9e98d121dc2e7af1cf1be411ae2/.gcl/operations/OM26-H2-H7-SOURCE-ACQ/OPERATION.json,,b6bafda2,Filename/path inference; editable in the app
347337,.gcl/operations/OM26-H2-H7-SOURCE-ACQ/OPERATION.json,General / shared,9676,Latest public revision collected separately; not an author-designated final | adcfa0537f43327f4bb9acfe1692f757fce353c4,https://codeload.github.com/grandchallenge/MATHSOLVE/zip/adcfa0537f43327f4bb9acfe1692f757fce353c4,,contestants/E10/13-archives/E10-grandchallenge-MATHSOLVE-adcfa0537f43327f4bb9acfe1692f757fce353c4.zip,MATHSOLVE-adcfa0537f43327f4bb9acfe1692f757fce353c4/.gcl/operations/OM26-H2-H7-SOURCE-ACQ/OPERATION.json,,b6bafda2,Filename/path inference; editable in the app
344385,.gcl/operations/OM26-H2-H7-WP01-DECOMPOSITION/OPERATION.json,General / shared,4000,Pinned collected revision; final designation governed by team receipt | 2fd9fd643bf3e9e98d121dc2e7af1cf1be411ae2,https://codeload.github.com/grandchallenge/MATHSOLVE/zip/2fd9fd643bf3e9e98d121dc2e7af1cf1be411ae2,,contestants/E10/13-archives/E10-grandchallenge-MATHSOLVE-2fd9fd643bf3e9e98d121dc2e7af1cf1be411ae2.zip,MATHSOLVE-2fd9fd643bf3e9e98d121dc2e7af1cf1be411ae2/.gcl/operations/OM26-H2-H7-WP01-DECOMPOSITION/OPERATION.json,,06d9a3f2,Filename/path inference; editable in the app
347338,.gcl/operations/OM26-H2-H7-WP01-DECOMPOSITION/OPERATION.json,General / shared,4000,Latest public revision collected separately; not an author-designated final | adcfa0537f43327f4bb9acfe1692f757fce353c4,https://codeload.github.com/grandchallenge/MATHSOLVE/zip/adcfa0537f43327f4bb9acfe1692f757fce353c4,,contestants/E10/13-archives/E10-grandchallenge-MATHSOLVE-adcfa0537f43327f4bb9acfe1692f757fce353c4.zip,MATHSOLVE-adcfa0537f43327f4bb9acfe1692f757fce353c4/.gcl/operations/OM26-H2-H7-WP01-DECOMPOSITION/OPERATION.json,,06d9a3f2,Filename/path inference; editable in the app
344386,.gcl/operations/OM26-H2-H7-WP01-LEASES/OPERATION.json,General / shared,2964,Pinned collected revision; final designation governed by team receipt | 2fd9fd643bf3e9e98d121dc2e7af1cf1be411ae2,https://codeload.github.com/grandchallenge/MATHSOLVE/zip/2fd9fd643bf3e9e98d121dc2e7af1cf1be411ae2,,contestants/E10/13-archives/E10-grandchallenge-MATHSOLVE-2fd9fd643bf3e9e98d121dc2e7af1cf1be411ae2.zip,MATHSOLVE-2fd9fd643bf3e9e98d121dc2e7af1cf1be411ae2/.gcl/operations/OM26-H2-H7-WP01-LEASES/OPERATION.json,,44942925,Filename/path inference; editable in the app
347339,.gcl/operations/OM26-H2-H7-WP01-LEASES/OPERATION.json,General / shared,2964,Latest public revision collected separately; not an author-designated final | adcfa0537f43327f4bb9acfe1692f757fce353c4,https://codeload.github.com/grandchallenge/MATHSOLVE/zip/adcfa0537f43327f4bb9acfe1692f757fce353c4,,contestants/E10/13-archives/E10-grandchallenge-MATHSOLVE-adcfa0537f43327f4bb9acfe1692f757fce353c4.zip,MATHSOLVE-adcfa0537f43327f4bb9acfe1692f757fce353c4/.gcl/operations/OM26-H2-H7-WP01-LEASES/OPERATION.json,,44942925,Filename/path inference; editable in the app
344387,.gcl/operations/OM26-H2-WP01-ADJ-001/OPERATION.json,General / shared,1955,Pinned collected revision; final designation governed by team receipt | 2fd9fd643bf3e9e98d121dc2e7af1cf1be411ae2,https://codeload.github.com/grandchallenge/MATHSOLVE/zip/2fd9fd643bf3e9e98d121dc2e7af1cf1be411ae2,,contestants/E10/13-archives/E10-grandchallenge-MATHSOLVE-2fd9fd643bf3e9e98d121dc2e7af1cf1be411ae2.zip,MATHSOLVE-2fd9fd643bf3e9e98d121dc2e7af1cf1be411ae2/.gcl/operations/OM26-H2-WP01-ADJ-001/OPERATION.json,,21957295,Filename/path inference; editable in the app
347340,.gcl/operations/OM26-H2-WP01-ADJ-001/OPERATION.json,General / shared,1955,Latest public revision collected separately; not an author-designated final | adcfa0537f43327f4bb9acfe1692f757fce353c4,https://codeload.github.com/grandchallenge/MATHSOLVE/zip/adcfa0537f43327f4bb9acfe1692f757fce353c4,,contestants/E10/13-archives/E10-grandchallenge-MATHSOLVE-adcfa0537f43327f4bb9acfe1692f757fce353c4.zip,MATHSOLVE-adcfa0537f43327f4bb9acfe1692f757fce353c4/.gcl/operations/OM26-H2-WP01-ADJ-001/OPERATION.json,,21957295,Filename/path inference; editable in the app
344388,.gcl/operations/OM26-H2-WP01-IA-001/OPERATION.json,General / shared,2503,Pinned collected revision; final designation governed by team receipt | 2fd9fd643bf3e9e98d121dc2e7af1cf1be411ae2,https://codeload.github.com/grandchallenge/MATHSOLVE/zip/2fd9fd643bf3e9e98d121dc2e7af1cf1be411ae2,,contestants/E10/13-archives/E10-grandchallenge-MATHSOLVE-2fd9fd643bf3e9e98d121dc2e7af1cf1be411ae2.zip,MATHSOLVE-2fd9fd643bf3e9e98d121dc2e7af1cf1be411ae2/.gcl/operations/OM26-H2-WP01-IA-001/OPERATION.json,,f71e9235,Filename/path inference; editable in the app
347341,.gcl/operations/OM26-H2-WP01-IA-001/OPERATION.json,General / shared,2503,Latest public revision collected separately; not an author-designated final | adcfa0537f43327f4bb9acfe1692f757fce353c4,https://codeload.github.com/grandchallenge/MATHSOLVE/zip/adcfa0537f43327f4bb9acfe1692f757fce353c4,,contestants/E10/13-archives/E10-grandchallenge-MATHSOLVE-adcfa0537f43327f4bb9acfe1692f757fce353c4.zip,MATHSOLVE-adcfa0537f43327f4bb9acfe1692f757fce353c4/.gcl/operations/OM26-H2-WP01-IA-001/OPERATION.json,,f71e9235,Filename/path inference; editable in the app
344389,.gcl/operations/OM26-H2-WP01-POST-ADJ-RECONCILE/OPERATION.json,General / shared,1229,Pinned collected revision; final designation governed by team receipt | 2fd9fd643bf3e9e98d121dc2e7af1cf1be411ae2,https://codeload.github.com/grandchallenge/MATHSOLVE/zip/2fd9fd643bf3e9e98d121dc2e7af1cf1be411ae2,,contestants/E10/13-archives/E10-grandchallenge-MATHSOLVE-2fd9fd643bf3e9e98d121dc2e7af1cf1be411ae2.zip,MATHSOLVE-2fd9fd643bf3e9e98d121dc2e7af1cf1be411ae2/.gcl/operations/OM26-H2-WP01-POST-ADJ-RECONCILE/OPERATION.json,,e7f4aec0,Filename/path inference; editable in the app
347342,.gcl/operations/OM26-H2-WP01-POST-ADJ-RECONCILE/OPERATION.json,General / shared,1229,Latest public revision collected separately; not an author-designated final | adcfa0537f43327f4bb9acfe1692f757fce353c4,https://codeload.github.com/grandchallenge/MATHSOLVE/zip/adcfa0537f43327f4bb9acfe1692f757fce353c4,,contestants/E10/13-archives/E10-grandchallenge-MATHSOLVE-adcfa0537f43327f4bb9acfe1692f757fce353c4.zip,MATHSOLVE-adcfa0537f43327f4bb9acfe1692f757fce353c4/.gcl/operations/OM26-H2-WP01-POST-ADJ-RECONCILE/OPERATION.json,,e7f4aec0,Filename/path inference; editable in the app
344390,.gcl/operations/OM26-H2-WP02-ADJ-001/OPERATION.json,General / shared,1340,Pinned collected revision; final designation governed by team receipt | 2fd9fd643bf3e9e98d121dc2e7af1cf1be411ae2,https://codeload.github.com/grandchallenge/MATHSOLVE/zip/2fd9fd643bf3e9e98d121dc2e7af1cf1be411ae2,,contestants/E10/13-archives/E10-grandchallenge-MATHSOLVE-2fd9fd643bf3e9e98d121dc2e7af1cf1be411ae2.zip,MATHSOLVE-2fd9fd643bf3e9e98d121dc2e7af1cf1be411ae2/.gcl/operations/OM26-H2-WP02-ADJ-001/OPERATION.json,,a77cf590,Filename/path inference; editable in the app
347343,.gcl/operations/OM26-H2-WP02-ADJ-001/OPERATION.json,General / shared,1340,Latest public revision collected separately; not an author-designated final | adcfa0537f43327f4bb9acfe1692f757fce353c4,https://codeload.github.com/grandchallenge/MATHSOLVE/zip/adcfa0537f43327f4bb9acfe1692f757fce353c4,,contestants/E10/13-archives/E10-grandchallenge-MATHSOLVE-adcfa0537f43327f4bb9acfe1692f757fce353c4.zip,MATHSOLVE-adcfa0537f43327f4bb9acfe1692f757fce353c4/.gcl/operations/OM26-H2-WP02-ADJ-001/OPERATION.json,,a77cf590,Filename/path inference; editable in the app
344391,.gcl/operations/OM26-H2-WP02-IA-001/OPERATION.json,General / shared,2621,Pinned collected revision; final designation governed by team receipt | 2fd9fd643bf3e9e98d121dc2e7af1cf1be411ae2,https://codeload.github.com/grandchallenge/MATHSOLVE/zip/2fd9fd643bf3e9e98d121dc2e7af1cf1be411ae2,,contestants/E10/13-archives/E10-grandchallenge-MATHSOLVE-2fd9fd643bf3e9e98d121dc2e7af1cf1be411ae2.zip,MATHSOLVE-2fd9fd643bf3e9e98d121dc2e7af1cf1be411ae2/.gcl/operations/OM26-H2-WP02-IA-001/OPERATION.json,,7d4c5f71,Filename/path inference; editable in the app
347344,.gcl/operations/OM26-H2-WP02-IA-001/OPERATION.json,General / shared,2621,Latest public revision collected separately; not an author-designated final | adcfa0537f43327f4bb9acfe1692f757fce353c4,https://codeload.github.com/grandchallenge/MATHSOLVE/zip/adcfa0537f43327f4bb9acfe1692f757fce353c4,,contestants/E10/13-archives/E10-grandchallenge-MATHSOLVE-adcfa0537f43327f4bb9acfe1692f757fce353c4.zip,MATHSOLVE-adcfa0537f43327f4bb9acfe1692f757fce353c4/.gcl/operations/OM26-H2-WP02-IA-001/OPERATION.json,,7d4c5f71,Filename/path inference; editable in the app
344392,.gcl/operations/OM26-H2-WP02-INSTANTIATE/OPERATION.json,General / shared,1877,Pinned collected revision; final designation governed by team receipt | 2fd9fd643bf3e9e98d121dc2e7af1cf1be411ae2,https://codeload.github.com/grandchallenge/MATHSOLVE/zip/2fd9fd643bf3e9e98d121dc2e7af1cf1be411ae2,,contestants/E10/13-archives/E10-grandchallenge-MATHSOLVE-2fd9fd643bf3e9e98d121dc2e7af1cf1be411ae2.zip,MATHSOLVE-2fd9fd643bf3e9e98d121dc2e7af1cf1be411ae2/.gcl/operations/OM26-H2-WP02-INSTANTIATE/OPERATION.json,,94ee9f5b,Filename/path inference; editable in the app
347345,.gcl/operations/OM26-H2-WP02-INSTANTIATE/OPERATION.json,General / shared,1877,Latest public revision collected separately; not an author-designated final | adcfa0537f43327f4bb9acfe1692f757fce353c4,https://codeload.github.com/grandchallenge/MATHSOLVE/zip/adcfa0537f43327f4bb9acfe1692f757fce353c4,,contestants/E10/13-archives/E10-grandchallenge-MATHSOLVE-adcfa0537f43327f4bb9acfe1692f757fce353c4.zip,MATHSOLVE-adcfa0537f43327f4bb9acfe1692f757fce353c4/.gcl/operations/OM26-H2-WP02-INSTANTIATE/OPERATION.json,,94ee9f5b,Filename/path inference; editable in the app
344393,.gcl/operations/OM26-H2-WP03-IA-001/OPERATION.json,General / shared,1005,Pinned collected revision; final designation governed by team receipt | 2fd9fd643bf3e9e98d121dc2e7af1cf1be411ae2,https://codeload.github.com/grandchallenge/MATHSOLVE/zip/2fd9fd643bf3e9e98d121dc2e7af1cf1be411ae2,,contestants/E10/13-archives/E10-grandchallenge-MATHSOLVE-2fd9fd643bf3e9e98d121dc2e7af1cf1be411ae2.zip,MATHSOLVE-2fd9fd643bf3e9e98d121dc2e7af1cf1be411ae2/.gcl/operations/OM26-H2-WP03-IA-001/OPERATION.json,,db31ac9b,Filename/path inference; editable in the app
347346,.gcl/operations/OM26-H2-WP03-IA-001/OPERATION.json,General / shared,1005,Latest public revision collected separately; not an author-designated final | adcfa0537f43327f4bb9acfe1692f757fce353c4,https://codeload.github.com/grandchallenge/MATHSOLVE/zip/adcfa0537f43327f4bb9acfe1692f757fce353c4,,contestants/E10/13-archives/E10-grandchallenge-MATHSOLVE-adcfa0537f43327f4bb9acfe1692f757fce353c4.zip,MATHSOLVE-adcfa0537f43327f4bb9acfe1692f757fce353c4/.gcl/operations/OM26-H2-WP03-IA-001/OPERATION.json,,db31ac9b,Filename/path inference; editable in the app
344394,.gcl/operations/OM26-H2-WP04-IA-001/OPERATION.json,General / shared,887,Pinned collected revision; final designation governed by team receipt | 2fd9fd643bf3e9e98d121dc2e7af1cf1be411ae2,https://codeload.github.com/grandchallenge/MATHSOLVE/zip/2fd9fd643bf3e9e98d121dc2e7af1cf1be411ae2,,contestants/E10/13-archives/E10-grandchallenge-MATHSOLVE-2fd9fd643bf3e9e98d121dc2e7af1cf1be411ae2.zip,MATHSOLVE-2fd9fd643bf3e9e98d121dc2e7af1cf1be411ae2/.gcl/operations/OM26-H2-WP04-IA-001/OPERATION.json,,b84d371f,Filename/path inference; editable in the app
347347,.gcl/operations/OM26-H2-WP04-IA-001/OPERATION.json,General / shared,887,Latest public revision collected separately; not an author-designated final | adcfa0537f43327f4bb9acfe1692f757fce353c4,https://codeload.github.com/grandchallenge/MATHSOLVE/zip/adcfa0537f43327f4bb9acfe1692f757fce353c4,,contestants/E10/13-archives/E10-grandchallenge-MATHSOLVE-adcfa0537f43327f4bb9acfe1692f757fce353c4.zip,MATHSOLVE-adcfa0537f43327f4bb9acfe1692f757fce353c4/.gcl/operations/OM26-H2-WP04-IA-001/OPERATION.json,,b84d371f,Filename/path inference; editable in the app
344395,.gcl/operations/OM26-H2-WP05-IA-001/OPERATION.json,General / shared,713,Pinned collected revision; final designation governed by team receipt | 2fd9fd643bf3e9e98d121dc2e7af1cf1be411ae2,https://codeload.github.com/grandchallenge/MATHSOLVE/zip/2fd9fd643bf3e9e98d121dc2e7af1cf1be411ae2,,contestants/E10/13-archives/E10-grandchallenge-MATHSOLVE-2fd9fd643bf3e9e98d121dc2e7af1cf1be411ae2.zip,MATHSOLVE-2fd9fd643bf3e9e98d121dc2e7af1cf1be411ae2/.gcl/operations/OM26-H2-WP05-IA-001/OPERATION.json,,1bf7787b,Filename/path inference; editable in the app
347348,.gcl/operations/OM26-H2-WP05-IA-001/OPERATION.json,General / shared,713,Latest public revision collected separately; not an author-designated final | adcfa0537f43327f4bb9acfe1692f757fce353c4,https://codeload.github.com/grandchallenge/MATHSOLVE/zip/adcfa0537f43327f4bb9acfe1692f757fce353c4,,contestants/E10/13-archives/E10-grandchallenge-MATHSOLVE-adcfa0537f43327f4bb9acfe1692f757fce353c4.zip,MATHSOLVE-adcfa0537f43327f4bb9acfe1692f757fce353c4/.gcl/operations/OM26-H2-WP05-IA-001/OPERATION.json,,1bf7787b,Filename/path inference; editable in the app
344396,.gcl/operations/OM26-H2-WP06-IA-001/OPERATION.json,General / shared,887,Pinned collected revision; final designation governed by team receipt | 2fd9fd643bf3e9e98d121dc2e7af1cf1be411ae2,https://codeload.github.com/grandchallenge/MATHSOLVE/zip/2fd9fd643bf3e9e98d121dc2e7af1cf1be411ae2,,contestants/E10/13-archives/E10-grandchallenge-MATHSOLVE-2fd9fd643bf3e9e98d121dc2e7af1cf1be411ae2.zip,MATHSOLVE-2fd9fd643bf3e9e98d121dc2e7af1cf1be411ae2/.gcl/operations/OM26-H2-WP06-IA-001/OPERATION.json,,0960897e,Filename/path inference; editable in the app
347349,.gcl/operations/OM26-H2-WP06-IA-001/OPERATION.json,General / shared,887,Latest public revision collected separately; not an author-designated final | adcfa0537f43327f4bb9acfe1692f757fce353c4,https://codeload.github.com/grandchallenge/MATHSOLVE/zip/adcfa0537f43327f4bb9acfe1692f757fce353c4,,contestants/E10/13-archives/E10-grandchallenge-MATHSOLVE-adcfa0537f43327f4bb9acfe1692f757fce353c4.zip,MATHSOLVE-adcfa0537f43327f4bb9acfe1692f757fce353c4/.gcl/operations/OM26-H2-WP06-IA-001/OPERATION.json,,0960897e,Filename/path inference; editable in the app
344397,.gcl/operations/OM26-H2-WP07-IA-001/OPERATION.json,General / shared,887,Pinned collected revision; final designation governed by team receipt | 2fd9fd643bf3e9e98d121dc2e7af1cf1be411ae2,https://codeload.github.com/grandchallenge/MATHSOLVE/zip/2fd9fd643bf3e9e98d121dc2e7af1cf1be411ae2,,contestants/E10/13-archives/E10-grandchallenge-MATHSOLVE-2fd9fd643bf3e9e98d121dc2e7af1cf1be411ae2.zip,MATHSOLVE-2fd9fd643bf3e9e98d121dc2e7af1cf1be411ae2/.gcl/operations/OM26-H2-WP07-IA-001/OPERATION.json,,9e36170c,Filename/path inference; editable in the app
347350,.gcl/operations/OM26-H2-WP07-IA-001/OPERATION.json,General / shared,887,Latest public revision collected separately; not an author-designated final | adcfa0537f43327f4bb9acfe1692f757fce353c4,https://codeload.github.com/grandchallenge/MATHSOLVE/zip/adcfa0537f43327f4bb9acfe1692f757fce353c4,,contestants/E10/13-archives/E10-grandchallenge-MATHSOLVE-adcfa0537f43327f4bb9acfe1692f757fce353c4.zip,MATHSOLVE-adcfa0537f43327f4bb9acfe1692f757fce353c4/.gcl/operations/OM26-H2-WP07-IA-001/OPERATION.json,,9e36170c,Filename/path inference; editable in the app
344398,.gcl/operations/OM26-H2-WP08-IA-001/OPERATION.json,General / shared,887,Pinned collected revision; final designation governed by team receipt | 2fd9fd643bf3e9e98d121dc2e7af1cf1be411ae2,https://codeload.github.com/grandchallenge/MATHSOLVE/zip/2fd9fd643bf3e9e98d121dc2e7af1cf1be411ae2,,contestants/E10/13-archives/E10-grandchallenge-MATHSOLVE-2fd9fd643bf3e9e98d121dc2e7af1cf1be411ae2.zip,MATHSOLVE-2fd9fd643bf3e9e98d121dc2e7af1cf1be411ae2/.gcl/operations/OM26-H2-WP08-IA-001/OPERATION.json,,1572313f,Filename/path inference; editable in the app
347351,.gcl/operations/OM26-H2-WP08-IA-001/OPERATION.json,General / shared,887,Latest public revision collected separately; not an author-designated final | adcfa0537f43327f4bb9acfe1692f757fce353c4,https://codeload.github.com/grandchallenge/MATHSOLVE/zip/adcfa0537f43327f4bb9acfe1692f757fce353c4,,contestants/E10/13-archives/E10-grandchallenge-MATHSOLVE-adcfa0537f43327f4bb9acfe1692f757fce353c4.zip,MATHSOLVE-adcfa0537f43327f4bb9acfe1692f757fce353c4/.gcl/operations/OM26-H2-WP08-IA-001/OPERATION.json,,1572313f,Filename/path inference; editable in the app
347352,.gcl/operations/OM26-H2-WP09-IA-001/OPERATION.json,General / shared,887,Latest public revision collected separately; not an author-designated final | adcfa0537f43327f4bb9acfe1692f757fce353c4,https://codeload.github.com/grandchallenge/MATHSOLVE/zip/adcfa0537f43327f4bb9acfe1692f757fce353c4,,contestants/E10/13-archives/E10-grandchallenge-MATHSOLVE-adcfa0537f43327f4bb9acfe1692f757fce353c4.zip,MATHSOLVE-adcfa0537f43327f4bb9acfe1692f757fce353c4/.gcl/operations/OM26-H2-WP09-IA-001/OPERATION.json,,ba03b573,Filename/path inference; editable in the app
347353,.gcl/operations/OM26-H2-WP10-IA-001/OPERATION.json,General / shared,887,Latest public revision collected separately; not an author-designated final | adcfa0537f43327f4bb9acfe1692f757fce353c4,https://codeload.github.com/grandchallenge/MATHSOLVE/zip/adcfa0537f43327f4bb9acfe1692f757fce353c4,,contestants/E10/13-archives/E10-grandchallenge-MATHSOLVE-adcfa0537f43327f4bb9acfe1692f757fce353c4.zip,MATHSOLVE-adcfa0537f43327f4bb9acfe1692f757fce353c4/.gcl/operations/OM26-H2-WP10-IA-001/OPERATION.json,,4f1a4241,Filename/path inference; editable in the app
344399,.gcl/operations/OM26-H3-WP01-IA-001/OPERATION.json,General / shared,2510,Pinned collected revision; final designation governed by team receipt | 2fd9fd643bf3e9e98d121dc2e7af1cf1be411ae2,https://codeload.github.com/grandchallenge/MATHSOLVE/zip/2fd9fd643bf3e9e98d121dc2e7af1cf1be411ae2,,contestants/E10/13-archives/E10-grandchallenge-MATHSOLVE-2fd9fd643bf3e9e98d121dc2e7af1cf1be411ae2.zip,MATHSOLVE-2fd9fd643bf3e9e98d121dc2e7af1cf1be411ae2/.gcl/operations/OM26-H3-WP01-IA-001/OPERATION.json,,063dd4ac,Filename/path inference; editable in the app
347354,.gcl/operations/OM26-H3-WP01-IA-001/OPERATION.json,General / shared,2510,Latest public revision collected separately; not an author-designated final | adcfa0537f43327f4bb9acfe1692f757fce353c4,https://codeload.github.com/grandchallenge/MATHSOLVE/zip/adcfa0537f43327f4bb9acfe1692f757fce353c4,,contestants/E10/13-archives/E10-grandchallenge-MATHSOLVE-adcfa0537f43327f4bb9acfe1692f757fce353c4.zip,MATHSOLVE-adcfa0537f43327f4bb9acfe1692f757fce353c4/.gcl/operations/OM26-H3-WP01-IA-001/OPERATION.json,,063dd4ac,Filename/path inference; editable in the app
344400,.gcl/operations/OM26-H3-WP02-IA-001/OPERATION.json,General / shared,887,Pinned collected revision; final designation governed by team receipt | 2fd9fd643bf3e9e98d121dc2e7af1cf1be411ae2,https://codeload.github.com/grandchallenge/MATHSOLVE/zip/2fd9fd643bf3e9e98d121dc2e7af1cf1be411ae2,,contestants/E10/13-archives/E10-grandchallenge-MATHSOLVE-2fd9fd643bf3e9e98d121dc2e7af1cf1be411ae2.zip,MATHSOLVE-2fd9fd643bf3e9e98d121dc2e7af1cf1be411ae2/.gcl/operations/OM26-H3-WP02-IA-001/OPERATION.json,,f97af9dc,Filename/path inference; editable in the app
347355,.gcl/operations/OM26-H3-WP02-IA-001/OPERATION.json,General / shared,887,Latest public revision collected separately; not an author-designated final | adcfa0537f43327f4bb9acfe1692f757fce353c4,https://codeload.github.com/grandchallenge/MATHSOLVE/zip/adcfa0537f43327f4bb9acfe1692f757fce353c4,,contestants/E10/13-archives/E10-grandchallenge-MATHSOLVE-adcfa0537f43327f4bb9acfe1692f757fce353c4.zip,MATHSOLVE-adcfa0537f43327f4bb9acfe1692f757fce353c4/.gcl/operations/OM26-H3-WP02-IA-001/OPERATION.json,,f97af9dc,Filename/path inference; editable in the app
344401,.gcl/operations/OM26-H3-WP03-IA-001/OPERATION.json,General / shared,887,Pinned collected revision; final designation governed by team receipt | 2fd9fd643bf3e9e98d121dc2e7af1cf1be411ae2,https://codeload.github.com/grandchallenge/MATHSOLVE/zip/2fd9fd643bf3e9e98d121dc2e7af1cf1be411ae2,,contestants/E10/13-archives/E10-grandchallenge-MATHSOLVE-2fd9fd643bf3e9e98d121dc2e7af1cf1be411ae2.zip,MATHSOLVE-2fd9fd643bf3e9e98d121dc2e7af1cf1be411ae2/.gcl/operations/OM26-H3-WP03-IA-001/OPERATION.json,,264549ec,Filename/path inference; editable in the app
347356,.gcl/operations/OM26-H3-WP03-IA-001/OPERATION.json,General / shared,887,Latest public revision collected separately; not an author-designated final | adcfa0537f43327f4bb9acfe1692f757fce353c4,https://codeload.github.com/grandchallenge/MATHSOLVE/zip/adcfa0537f43327f4bb9acfe1692f757fce353c4,,contestants/E10/13-archives/E10-grandchallenge-MATHSOLVE-adcfa0537f43327f4bb9acfe1692f757fce353c4.zip,MATHSOLVE-adcfa0537f43327f4bb9acfe1692f757fce353c4/.gcl/operations/OM26-H3-WP03-IA-001/OPERATION.json,,264549ec,Filename/path inference; editable in the app
344402,.gcl/operations/OM26-H3-WP04-IA-001/OPERATION.json,General / shared,714,Pinned collected revision; final designation governed by team receipt | 2fd9fd643bf3e9e98d121dc2e7af1cf1be411ae2,https://codeload.github.com/grandchallenge/MATHSOLVE/zip/2fd9fd643bf3e9e98d121dc2e7af1cf1be411ae2,,contestants/E10/13-archives/E10-grandchallenge-MATHSOLVE-2fd9fd643bf3e9e98d121dc2e7af1cf1be411ae2.zip,MATHSOLVE-2fd9fd643bf3e9e98d121dc2e7af1cf1be411ae2/.gcl/operations/OM26-H3-WP04-IA-001/OPERATION.json,,4f3a3dfd,Filename/path inference; editable in the app
347357,.gcl/operations/OM26-H3-WP04-IA-001/OPERATION.json,General / shared,714,Latest public revision collected separately; not an author-designated final | adcfa0537f43327f4bb9acfe1692f757fce353c4,https://codeload.github.com/grandchallenge/MATHSOLVE/zip/adcfa0537f43327f4bb9acfe1692f757fce353c4,,contestants/E10/13-archives/E10-grandchallenge-MATHSOLVE-adcfa0537f43327f4bb9acfe1692f757fce353c4.zip,MATHSOLVE-adcfa0537f43327f4bb9acfe1692f757fce353c4/.gcl/operations/OM26-H3-WP04-IA-001/OPERATION.json,,4f3a3dfd,Filename/path inference; editable in the app
344403,.gcl/operations/OM26-H3-WP05-IA-001/OPERATION.json,General / shared,887,Pinned collected revision; final designation governed by team receipt | 2fd9fd643bf3e9e98d121dc2e7af1cf1be411ae2,https://codeload.github.com/grandchallenge/MATHSOLVE/zip/2fd9fd643bf3e9e98d121dc2e7af1cf1be411ae2,,contestants/E10/13-archives/E10-grandchallenge-MATHSOLVE-2fd9fd643bf3e9e98d121dc2e7af1cf1be411ae2.zip,MATHSOLVE-2fd9fd643bf3e9e98d121dc2e7af1cf1be411ae2/.gcl/operations/OM26-H3-WP05-IA-001/OPERATION.json,,cfd289d1,Filename/path inference; editable in the app
347358,.gcl/operations/OM26-H3-WP05-IA-001/OPERATION.json,General / shared,887,Latest public revision collected separately; not an author-designated final | adcfa0537f43327f4bb9acfe1692f757fce353c4,https://codeload.github.com/grandchallenge/MATHSOLVE/zip/adcfa0537f43327f4bb9acfe1692f757fce353c4,,contestants/E10/13-archives/E10-grandchallenge-MATHSOLVE-adcfa0537f43327f4bb9acfe1692f757fce353c4.zip,MATHSOLVE-adcfa0537f43327f4bb9acfe1692f757fce353c4/.gcl/operations/OM26-H3-WP05-IA-001/OPERATION.json,,cfd289d1,Filename/path inference; editable in the app
344404,.gcl/operations/OM26-H3-WP06-IA-001/OPERATION.json,General / shared,961,Pinned collected revision; final designation governed by team receipt | 2fd9fd643bf3e9e98d121dc2e7af1cf1be411ae2,https://codeload.github.com/grandchallenge/MATHSOLVE/zip/2fd9fd643bf3e9e98d121dc2e7af1cf1be411ae2,,contestants/E10/13-archives/E10-grandchallenge-MATHSOLVE-2fd9fd643bf3e9e98d121dc2e7af1cf1be411ae2.zip,MATHSOLVE-2fd9fd643bf3e9e98d121dc2e7af1cf1be411ae2/.gcl/operations/OM26-H3-WP06-IA-001/OPERATION.json,,226d01bd,Filename/path inference; editable in the app
347359,.gcl/operations/OM26-H3-WP06-IA-001/OPERATION.json,General / shared,961,Latest public revision collected separately; not an author-designated final | adcfa0537f43327f4bb9acfe1692f757fce353c4,https://codeload.github.com/grandchallenge/MATHSOLVE/zip/adcfa0537f43327f4bb9acfe1692f757fce353c4,,contestants/E10/13-archives/E10-grandchallenge-MATHSOLVE-adcfa0537f43327f4bb9acfe1692f757fce353c4.zip,MATHSOLVE-adcfa0537f43327f4bb9acfe1692f757fce353c4/.gcl/operations/OM26-H3-WP06-IA-001/OPERATION.json,,226d01bd,Filename/path inference; editable in the app
344405,.gcl/operations/OM26-H3-WP07-IA-001/OPERATION.json,General / shared,887,Pinned collected revision; final designation governed by team receipt | 2fd9fd643bf3e9e98d121dc2e7af1cf1be411ae2,https://codeload.github.com/grandchallenge/MATHSOLVE/zip/2fd9fd643bf3e9e98d121dc2e7af1cf1be411ae2,,contestants/E10/13-archives/E10-grandchallenge-MATHSOLVE-2fd9fd643bf3e9e98d121dc2e7af1cf1be411ae2.zip,MATHSOLVE-2fd9fd643bf3e9e98d121dc2e7af1cf1be411ae2/.gcl/operations/OM26-H3-WP07-IA-001/OPERATION.json,,88b2227f,Filename/path inference; editable in the app
347360,.gcl/operations/OM26-H3-WP07-IA-001/OPERATION.json,General / shared,887,Latest public revision collected separately; not an author-designated final | adcfa0537f43327f4bb9acfe1692f757fce353c4,https://codeload.github.com/grandchallenge/MATHSOLVE/zip/adcfa0537f43327f4bb9acfe1692f757fce353c4,,contestants/E10/13-archives/E10-grandchallenge-MATHSOLVE-adcfa0537f43327f4bb9acfe1692f757fce353c4.zip,MATHSOLVE-adcfa0537f43327f4bb9acfe1692f757fce353c4/.gcl/operations/OM26-H3-WP07-IA-001/OPERATION.json,,88b2227f,Filename/path inference; editable in the app
347361,.gcl/operations/OM26-H3-WP08-IA-001/OPERATION.json,General / shared,887,Latest public revision collected separately; not an author-designated final | adcfa0537f43327f4bb9acfe1692f757fce353c4,https://codeload.github.com/grandchallenge/MATHSOLVE/zip/adcfa0537f43327f4bb9acfe1692f757fce353c4,,contestants/E10/13-archives/E10-grandchallenge-MATHSOLVE-adcfa0537f43327f4bb9acfe1692f757fce353c4.zip,MATHSOLVE-adcfa0537f43327f4bb9acfe1692f757fce353c4/.gcl/operations/OM26-H3-WP08-IA-001/OPERATION.json,,f819cc48,Filename/path inference; editable in the app
347362,.gcl/operations/OM26-H3-WP09-IA-001/OPERATION.json,General / shared,887,Latest public revision collected separately; not an author-designated final | adcfa0537f43327f4bb9acfe1692f757fce353c4,https://codeload.github.com/grandchallenge/MATHSOLVE/zip/adcfa0537f43327f4bb9acfe1692f757fce353c4,,contestants/E10/13-archives/E10-grandchallenge-MATHSOLVE-adcfa0537f43327f4bb9acfe1692f757fce353c4.zip,MATHSOLVE-adcfa0537f43327f4bb9acfe1692f757fce353c4/.gcl/operations/OM26-H3-WP09-IA-001/OPERATION.json,,32958742,Filename/path inference; editable in the app
344406,.gcl/operations/OM26-H4-WP01-IA-001/OPERATION.json,General / shared,2510,Pinned collected revision; final designation governed by team receipt | 2fd9fd643bf3e9e98d121dc2e7af1cf1be411ae2,https://codeload.github.com/grandchallenge/MATHSOLVE/zip/2fd9fd643bf3e9e98d121dc2e7af1cf1be411ae2,,contestants/E10/13-archives/E10-grandchallenge-MATHSOLVE-2fd9fd643bf3e9e98d121dc2e7af1cf1be411ae2.zip,MATHSOLVE-2fd9fd643bf3e9e98d121dc2e7af1cf1be411ae2/.gcl/operations/OM26-H4-WP01-IA-001/OPERATION.json,,872f95a8,Filename/path inference; editable in the app
347363,.gcl/operations/OM26-H4-WP01-IA-001/OPERATION.json,General / shared,2510,Latest public revision collected separately; not an author-designated final | adcfa0537f43327f4bb9acfe1692f757fce353c4,https://codeload.github.com/grandchallenge/MATHSOLVE/zip/adcfa0537f43327f4bb9acfe1692f757fce353c4,,contestants/E10/13-archives/E10-grandchallenge-MATHSOLVE-adcfa0537f43327f4bb9acfe1692f757fce353c4.zip,MATHSOLVE-adcfa0537f43327f4bb9acfe1692f757fce353c4/.gcl/operations/OM26-H4-WP01-IA-001/OPERATION.json,,872f95a8,Filename/path inference; editable in the app
344407,.gcl/operations/OM26-H4-WP02-IA-001/OPERATION.json,General / shared,887,Pinned collected revision; final designation governed by team receipt | 2fd9fd643bf3e9e98d121dc2e7af1cf1be411ae2,https://codeload.github.com/grandchallenge/MATHSOLVE/zip/2fd9fd643bf3e9e98d121dc2e7af1cf1be411ae2,,contestants/E10/13-archives/E10-grandchallenge-MATHSOLVE-2fd9fd643bf3e9e98d121dc2e7af1cf1be411ae2.zip,MATHSOLVE-2fd9fd643bf3e9e98d121dc2e7af1cf1be411ae2/.gcl/operations/OM26-H4-WP02-IA-001/OPERATION.json,,976706ae,Filename/path inference; editable in the app
347364,.gcl/operations/OM26-H4-WP02-IA-001/OPERATION.json,General / shared,887,Latest public revision collected separately; not an author-designated final | adcfa0537f43327f4bb9acfe1692f757fce353c4,https://codeload.github.com/grandchallenge/MATHSOLVE/zip/adcfa0537f43327f4bb9acfe1692f757fce353c4,,contestants/E10/13-archives/E10-grandchallenge-MATHSOLVE-adcfa0537f43327f4bb9acfe1692f757fce353c4.zip,MATHSOLVE-adcfa0537f43327f4bb9acfe1692f757fce353c4/.gcl/operations/OM26-H4-WP02-IA-001/OPERATION.json,,976706ae,Filename/path inference; editable in the app
344408,.gcl/operations/OM26-H4-WP03-IA-001/OPERATION.json,General / shared,715,Pinned collected revision; final designation governed by team receipt | 2fd9fd643bf3e9e98d121dc2e7af1cf1be411ae2,https://codeload.github.com/grandchallenge/MATHSOLVE/zip/2fd9fd643bf3e9e98d121dc2e7af1cf1be411ae2,,contestants/E10/13-archives/E10-grandchallenge-MATHSOLVE-2fd9fd643bf3e9e98d121dc2e7af1cf1be411ae2.zip,MATHSOLVE-2fd9fd643bf3e9e98d121dc2e7af1cf1be411ae2/.gcl/operations/OM26-H4-WP03-IA-001/OPERATION.json,,89447232,Filename/path inference; editable in the app
347365,.gcl/operations/OM26-H4-WP03-IA-001/OPERATION.json,General / shared,715,Latest public revision collected separately; not an author-designated final | adcfa0537f43327f4bb9acfe1692f757fce353c4,https://codeload.github.com/grandchallenge/MATHSOLVE/zip/adcfa0537f43327f4bb9acfe1692f757fce353c4,,contestants/E10/13-archives/E10-grandchallenge-MATHSOLVE-adcfa0537f43327f4bb9acfe1692f757fce353c4.zip,MATHSOLVE-adcfa0537f43327f4bb9acfe1692f757fce353c4/.gcl/operations/OM26-H4-WP03-IA-001/OPERATION.json,,89447232,Filename/path inference; editable in the app
344409,.gcl/operations/OM26-H4-WP04-IA-001/OPERATION.json,General / shared,887,Pinned collected revision; final designation governed by team receipt | 2fd9fd643bf3e9e98d121dc2e7af1cf1be411ae2,https://codeload.github.com/grandchallenge/MATHSOLVE/zip/2fd9fd643bf3e9e98d121dc2e7af1cf1be411ae2,,contestants/E10/13-archives/E10-grandchallenge-MATHSOLVE-2fd9fd643bf3e9e98d121dc2e7af1cf1be411ae2.zip,MATHSOLVE-2fd9fd643bf3e9e98d121dc2e7af1cf1be411ae2/.gcl/operations/OM26-H4-WP04-IA-001/OPERATION.json,,24982a76,Filename/path inference; editable in the app
347366,.gcl/operations/OM26-H4-WP04-IA-001/OPERATION.json,General / shared,887,Latest public revision collected separately; not an author-designated final | adcfa0537f43327f4bb9acfe1692f757fce353c4,https://codeload.github.com/grandchallenge/MATHSOLVE/zip/adcfa0537f43327f4bb9acfe1692f757fce353c4,,contestants/E10/13-archives/E10-grandchallenge-MATHSOLVE-adcfa0537f43327f4bb9acfe1692f757fce353c4.zip,MATHSOLVE-adcfa0537f43327f4bb9acfe1692f757fce353c4/.gcl/operations/OM26-H4-WP04-IA-001/OPERATION.json,,24982a76,Filename/path inference; editable in the app
344410,.gcl/operations/OM26-H4-WP05-IA-001/OPERATION.json,General / shared,887,Pinned collected revision; final designation governed by team receipt | 2fd9fd643bf3e9e98d121dc2e7af1cf1be411ae2,https://codeload.github.com/grandchallenge/MATHSOLVE/zip/2fd9fd643bf3e9e98d121dc2e7af1cf1be411ae2,,contestants/E10/13-archives/E10-grandchallenge-MATHSOLVE-2fd9fd643bf3e9e98d121dc2e7af1cf1be411ae2.zip,MATHSOLVE-2fd9fd643bf3e9e98d121dc2e7af1cf1be411ae2/.gcl/operations/OM26-H4-WP05-IA-001/OPERATION.json,,b3ceb404,Filename/path inference; editable in the app
347367,.gcl/operations/OM26-H4-WP05-IA-001/OPERATION.json,General / shared,887,Latest public revision collected separately; not an author-designated final | adcfa0537f43327f4bb9acfe1692f757fce353c4,https://codeload.github.com/grandchallenge/MATHSOLVE/zip/adcfa0537f43327f4bb9acfe1692f757fce353c4,,contestants/E10/13-archives/E10-grandchallenge-MATHSOLVE-adcfa0537f43327f4bb9acfe1692f757fce353c4.zip,MATHSOLVE-adcfa0537f43327f4bb9acfe1692f757fce353c4/.gcl/operations/OM26-H4-WP05-IA-001/OPERATION.json,,b3ceb404,Filename/path inference; editable in the app
344411,.gcl/operations/OM26-H4-WP06-IA-001/OPERATION.json,General / shared,887,Pinned collected revision; final designation governed by team receipt | 2fd9fd643bf3e9e98d121dc2e7af1cf1be411ae2,https://codeload.github.com/grandchallenge/MATHSOLVE/zip/2fd9fd643bf3e9e98d121dc2e7af1cf1be411ae2,,contestants/E10/13-archives/E10-grandchallenge-MATHSOLVE-2fd9fd643bf3e9e98d121dc2e7af1cf1be411ae2.zip,MATHSOLVE-2fd9fd643bf3e9e98d121dc2e7af1cf1be411ae2/.gcl/operations/OM26-H4-WP06-IA-001/OPERATION.json,,63f881d8,Filename/path inference; editable in the app
347368,.gcl/operations/OM26-H4-WP06-IA-001/OPERATION.json,General / shared,887,Latest public revision collected separately; not an author-designated final | adcfa0537f43327f4bb9acfe1692f757fce353c4,https://codeload.github.com/grandchallenge/MATHSOLVE/zip/adcfa0537f43327f4bb9acfe1692f757fce353c4,,contestants/E10/13-archives/E10-grandchallenge-MATHSOLVE-adcfa0537f43327f4bb9acfe1692f757fce353c4.zip,MATHSOLVE-adcfa0537f43327f4bb9acfe1692f757fce353c4/.gcl/operations/OM26-H4-WP06-IA-001/OPERATION.json,,63f881d8,Filename/path inference; editable in the app
344412,.gcl/operations/OM26-H5-WP01-IA-001/OPERATION.json,General / shared,2513,Pinned collected revision; final designation governed by team receipt | 2fd9fd643bf3e9e98d121dc2e7af1cf1be411ae2,https://codeload.github.com/grandchallenge/MATHSOLVE/zip/2fd9fd643bf3e9e98d121dc2e7af1cf1be411ae2,,contestants/E10/13-archives/E10-grandchallenge-MATHSOLVE-2fd9fd643bf3e9e98d121dc2e7af1cf1be411ae2.zip,MATHSOLVE-2fd9fd643bf3e9e98d121dc2e7af1cf1be411ae2/.gcl/operations/OM26-H5-WP01-IA-001/OPERATION.json,,2d74b5aa,Filename/path inference; editable in the app
347369,.gcl/operations/OM26-H5-WP01-IA-001/OPERATION.json,General / shared,2513,Latest public revision collected separately; not an author-designated final | adcfa0537f43327f4bb9acfe1692f757fce353c4,https://codeload.github.com/grandchallenge/MATHSOLVE/zip/adcfa0537f43327f4bb9acfe1692f757fce353c4,,contestants/E10/13-archives/E10-grandchallenge-MATHSOLVE-adcfa0537f43327f4bb9acfe1692f757fce353c4.zip,MATHSOLVE-adcfa0537f43327f4bb9acfe1692f757fce353c4/.gcl/operations/OM26-H5-WP01-IA-001/OPERATION.json,,2d74b5aa,Filename/path inference; editable in the app
344413,.gcl/operations/OM26-H5-WP02-IA-001/OPERATION.json,General / shared,887,Pinned collected revision; final designation governed by team receipt | 2fd9fd643bf3e9e98d121dc2e7af1cf1be411ae2,https://codeload.github.com/grandchallenge/MATHSOLVE/zip/2fd9fd643bf3e9e98d121dc2e7af1cf1be411ae2,,contestants/E10/13-archives/E10-grandchallenge-MATHSOLVE-2fd9fd643bf3e9e98d121dc2e7af1cf1be411ae2.zip,MATHSOLVE-2fd9fd643bf3e9e98d121dc2e7af1cf1be411ae2/.gcl/operations/OM26-H5-WP02-IA-001/OPERATION.json,,31ce4a5d,Filename/path inference; editable in the app
347370,.gcl/operations/OM26-H5-WP02-IA-001/OPERATION.json,General / shared,887,Latest public revision collected separately; not an author-designated final | adcfa0537f43327f4bb9acfe1692f757fce353c4,https://codeload.github.com/grandchallenge/MATHSOLVE/zip/adcfa0537f43327f4bb9acfe1692f757fce353c4,,contestants/E10/13-archives/E10-grandchallenge-MATHSOLVE-adcfa0537f43327f4bb9acfe1692f757fce353c4.zip,MATHSOLVE-adcfa0537f43327f4bb9acfe1692f757fce353c4/.gcl/operations/OM26-H5-WP02-IA-001/OPERATION.json,,31ce4a5d,Filename/path inference; editable in the app
344414,.gcl/operations/OM26-H5-WP03-IA-001/OPERATION.json,General / shared,720,Pinned collected revision; final designation governed by team receipt | 2fd9fd643bf3e9e98d121dc2e7af1cf1be411ae2,https://codeload.github.com/grandchallenge/MATHSOLVE/zip/2fd9fd643bf3e9e98d121dc2e7af1cf1be411ae2,,contestants/E10/13-archives/E10-grandchallenge-MATHSOLVE-2fd9fd643bf3e9e98d121dc2e7af1cf1be411ae2.zip,MATHSOLVE-2fd9fd643bf3e9e98d121dc2e7af1cf1be411ae2/.gcl/operations/OM26-H5-WP03-IA-001/OPERATION.json,,f2aa18ac,Filename/path inference; editable in the app
347371,.gcl/operations/OM26-H5-WP03-IA-001/OPERATION.json,General / shared,720,Latest public revision collected separately; not an author-designated final | adcfa0537f43327f4bb9acfe1692f757fce353c4,https://codeload.github.com/grandchallenge/MATHSOLVE/zip/adcfa0537f43327f4bb9acfe1692f757fce353c4,,contestants/E10/13-archives/E10-grandchallenge-MATHSOLVE-adcfa0537f43327f4bb9acfe1692f757fce353c4.zip,MATHSOLVE-adcfa0537f43327f4bb9acfe1692f757fce353c4/.gcl/operations/OM26-H5-WP03-IA-001/OPERATION.json,,f2aa18ac,Filename/path inference; editable in the app
344415,.gcl/operations/OM26-H5-WP04-IA-001/OPERATION.json,General / shared,887,Pinned collected revision; final designation governed by team receipt | 2fd9fd643bf3e9e98d121dc2e7af1cf1be411ae2,https://codeload.github.com/grandchallenge/MATHSOLVE/zip/2fd9fd643bf3e9e98d121dc2e7af1cf1be411ae2,,contestants/E10/13-archives/E10-grandchallenge-MATHSOLVE-2fd9fd643bf3e9e98d121dc2e7af1cf1be411ae2.zip,MATHSOLVE-2fd9fd643bf3e9e98d121dc2e7af1cf1be411ae2/.gcl/operations/OM26-H5-WP04-IA-001/OPERATION.json,,70acccda,Filename/path inference; editable in the app
347372,.gcl/operations/OM26-H5-WP04-IA-001/OPERATION.json,General / shared,887,Latest public revision collected separately; not an author-designated final | adcfa0537f43327f4bb9acfe1692f757fce353c4,https://codeload.github.com/grandchallenge/MATHSOLVE/zip/adcfa0537f43327f4bb9acfe1692f757fce353c4,,contestants/E10/13-archives/E10-grandchallenge-MATHSOLVE-adcfa0537f43327f4bb9acfe1692f757fce353c4.zip,MATHSOLVE-adcfa0537f43327f4bb9acfe1692f757fce353c4/.gcl/operations/OM26-H5-WP04-IA-001/OPERATION.json,,70acccda,Filename/path inference; editable in the app
344416,.gcl/operations/OM26-H5-WP05-IA-001/OPERATION.json,General / shared,961,Pinned collected revision; final designation governed by team receipt | 2fd9fd643bf3e9e98d121dc2e7af1cf1be411ae2,https://codeload.github.com/grandchallenge/MATHSOLVE/zip/2fd9fd643bf3e9e98d121dc2e7af1cf1be411ae2,,contestants/E10/13-archives/E10-grandchallenge-MATHSOLVE-2fd9fd643bf3e9e98d121dc2e7af1cf1be411ae2.zip,MATHSOLVE-2fd9fd643bf3e9e98d121dc2e7af1cf1be411ae2/.gcl/operations/OM26-H5-WP05-IA-001/OPERATION.json,,4edbd9b1,Filename/path inference; editable in the app
347373,.gcl/operations/OM26-H5-WP05-IA-001/OPERATION.json,General / shared,961,Latest public revision collected separately; not an author-designated final | adcfa0537f43327f4bb9acfe1692f757fce353c4,https://codeload.github.com/grandchallenge/MATHSOLVE/zip/adcfa0537f43327f4bb9acfe1692f757fce353c4,,contestants/E10/13-archives/E10-grandchallenge-MATHSOLVE-adcfa0537f43327f4bb9acfe1692f757fce353c4.zip,MATHSOLVE-adcfa0537f43327f4bb9acfe1692f757fce353c4/.gcl/operations/OM26-H5-WP05-IA-001/OPERATION.json,,4edbd9b1,Filename/path inference; editable in the app
344417,.gcl/operations/OM26-H5-WP06-IA-001/OPERATION.json,General / shared,887,Pinned collected revision; final designation governed by team receipt | 2fd9fd643bf3e9e98d121dc2e7af1cf1be411ae2,https://codeload.github.com/grandchallenge/MATHSOLVE/zip/2fd9fd643bf3e9e98d121dc2e7af1cf1be411ae2,,contestants/E10/13-archives/E10-grandchallenge-MATHSOLVE-2fd9fd643bf3e9e98d121dc2e7af1cf1be411ae2.zip,MATHSOLVE-2fd9fd643bf3e9e98d121dc2e7af1cf1be411ae2/.gcl/operations/OM26-H5-WP06-IA-001/OPERATION.json,,47825308,Filename/path inference; editable in the app
347374,.gcl/operations/OM26-H5-WP06-IA-001/OPERATION.json,General / shared,887,Latest public revision collected separately; not an author-designated final | adcfa0537f43327f4bb9acfe1692f757fce353c4,https://codeload.github.com/grandchallenge/MATHSOLVE/zip/adcfa0537f43327f4bb9acfe1692f757fce353c4,,contestants/E10/13-archives/E10-grandchallenge-MATHSOLVE-adcfa0537f43327f4bb9acfe1692f757fce353c4.zip,MATHSOLVE-adcfa0537f43327f4bb9acfe1692f757fce353c4/.gcl/operations/OM26-H5-WP06-IA-001/OPERATION.json,,47825308,Filename/path inference; editable in the app
344418,.gcl/operations/OM26-H6-WP01-IA-001/OPERATION.json,General / shared,2503,Pinned collected revision; final designation governed by team receipt | 2fd9fd643bf3e9e98d121dc2e7af1cf1be411ae2,https://codeload.github.com/grandchallenge/MATHSOLVE/zip/2fd9fd643bf3e9e98d121dc2e7af1cf1be411ae2,,contestants/E10/13-archives/E10-grandchallenge-MATHSOLVE-2fd9fd643bf3e9e98d121dc2e7af1cf1be411ae2.zip,MATHSOLVE-2fd9fd643bf3e9e98d121dc2e7af1cf1be411ae2/.gcl/operations/OM26-H6-WP01-IA-001/OPERATION.json,,81c5cb02,Filename/path inference; editable in the app
347375,.gcl/operations/OM26-H6-WP01-IA-001/OPERATION.json,General / shared,2503,Latest public revision collected separately; not an author-designated final | adcfa0537f43327f4bb9acfe1692f757fce353c4,https://codeload.github.com/grandchallenge/MATHSOLVE/zip/adcfa0537f43327f4bb9acfe1692f757fce353c4,,contestants/E10/13-archives/E10-grandchallenge-MATHSOLVE-adcfa0537f43327f4bb9acfe1692f757fce353c4.zip,MATHSOLVE-adcfa0537f43327f4bb9acfe1692f757fce353c4/.gcl/operations/OM26-H6-WP01-IA-001/OPERATION.json,,81c5cb02,Filename/path inference; editable in the app
344419,.gcl/operations/OM26-H6-WP02-IA-001/OPERATION.json,General / shared,887,Pinned collected revision; final designation governed by team receipt | 2fd9fd643bf3e9e98d121dc2e7af1cf1be411ae2,https://codeload.github.com/grandchallenge/MATHSOLVE/zip/2fd9fd643bf3e9e98d121dc2e7af1cf1be411ae2,,contestants/E10/13-archives/E10-grandchallenge-MATHSOLVE-2fd9fd643bf3e9e98d121dc2e7af1cf1be411ae2.zip,MATHSOLVE-2fd9fd643bf3e9e98d121dc2e7af1cf1be411ae2/.gcl/operations/OM26-H6-WP02-IA-001/OPERATION.json,,56a2b7fd,Filename/path inference; editable in the app
347376,.gcl/operations/OM26-H6-WP02-IA-001/OPERATION.json,General / shared,887,Latest public revision collected separately; not an author-designated final | adcfa0537f43327f4bb9acfe1692f757fce353c4,https://codeload.github.com/grandchallenge/MATHSOLVE/zip/adcfa0537f43327f4bb9acfe1692f757fce353c4,,contestants/E10/13-archives/E10-grandchallenge-MATHSOLVE-adcfa0537f43327f4bb9acfe1692f757fce353c4.zip,MATHSOLVE-adcfa0537f43327f4bb9acfe1692f757fce353c4/.gcl/operations/OM26-H6-WP02-IA-001/OPERATION.json,,56a2b7fd,Filename/path inference; editable in the app
344420,.gcl/operations/OM26-H6-WP03-IA-001/OPERATION.json,General / shared,887,Pinned collected revision; final designation governed by team receipt | 2fd9fd643bf3e9e98d121dc2e7af1cf1be411ae2,https://codeload.github.com/grandchallenge/MATHSOLVE/zip/2fd9fd643bf3e9e98d121dc2e7af1cf1be411ae2,,contestants/E10/13-archives/E10-grandchallenge-MATHSOLVE-2fd9fd643bf3e9e98d121dc2e7af1cf1be411ae2.zip,MATHSOLVE-2fd9fd643bf3e9e98d121dc2e7af1cf1be411ae2/.gcl/operations/OM26-H6-WP03-IA-001/OPERATION.json,,336983d0,Filename/path inference; editable in the app
347377,.gcl/operations/OM26-H6-WP03-IA-001/OPERATION.json,General / shared,887,Latest public revision collected separately; not an author-designated final | adcfa0537f43327f4bb9acfe1692f757fce353c4,https://codeload.github.com/grandchallenge/MATHSOLVE/zip/adcfa0537f43327f4bb9acfe1692f757fce353c4,,contestants/E10/13-archives/E10-grandchallenge-MATHSOLVE-adcfa0537f43327f4bb9acfe1692f757fce353c4.zip,MATHSOLVE-adcfa0537f43327f4bb9acfe1692f757fce353c4/.gcl/operations/OM26-H6-WP03-IA-001/OPERATION.json,,336983d0,Filename/path inference; editable in the app
344421,.gcl/operations/OM26-H6-WP04-IA-001/OPERATION.json,General / shared,718,Pinned collected revision; final designation governed by team receipt | 2fd9fd643bf3e9e98d121dc2e7af1cf1be411ae2,https://codeload.github.com/grandchallenge/MATHSOLVE/zip/2fd9fd643bf3e9e98d121dc2e7af1cf1be411ae2,,contestants/E10/13-archives/E10-grandchallenge-MATHSOLVE-2fd9fd643bf3e9e98d121dc2e7af1cf1be411ae2.zip,MATHSOLVE-2fd9fd643bf3e9e98d121dc2e7af1cf1be411ae2/.gcl/operations/OM26-H6-WP04-IA-001/OPERATION.json,,de31aea4,Filename/path inference; editable in the app
347378,.gcl/operations/OM26-H6-WP04-IA-001/OPERATION.json,General / shared,718,Latest public revision collected separately; not an author-designated final | adcfa0537f43327f4bb9acfe1692f757fce353c4,https://codeload.github.com/grandchallenge/MATHSOLVE/zip/adcfa0537f43327f4bb9acfe1692f757fce353c4,,contestants/E10/13-archives/E10-grandchallenge-MATHSOLVE-adcfa0537f43327f4bb9acfe1692f757fce353c4.zip,MATHSOLVE-adcfa0537f43327f4bb9acfe1692f757fce353c4/.gcl/operations/OM26-H6-WP04-IA-001/OPERATION.json,,de31aea4,Filename/path inference; editable in the app
344422,.gcl/operations/OM26-H6-WP05-IA-001/OPERATION.json,General / shared,887,Pinned collected revision; final designation governed by team receipt | 2fd9fd643bf3e9e98d121dc2e7af1cf1be411ae2,https://codeload.github.com/grandchallenge/MATHSOLVE/zip/2fd9fd643bf3e9e98d121dc2e7af1cf1be411ae2,,contestants/E10/13-archives/E10-grandchallenge-MATHSOLVE-2fd9fd643bf3e9e98d121dc2e7af1cf1be411ae2.zip,MATHSOLVE-2fd9fd643bf3e9e98d121dc2e7af1cf1be411ae2/.gcl/operations/OM26-H6-WP05-IA-001/OPERATION.json,,f0d89b74,Filename/path inference; editable in the app
347379,.gcl/operations/OM26-H6-WP05-IA-001/OPERATION.json,General / shared,887,Latest public revision collected separately; not an author-designated final | adcfa0537f43327f4bb9acfe1692f757fce353c4,https://codeload.github.com/grandchallenge/MATHSOLVE/zip/adcfa0537f43327f4bb9acfe1692f757fce353c4,,contestants/E10/13-archives/E10-grandchallenge-MATHSOLVE-adcfa0537f43327f4bb9acfe1692f757fce353c4.zip,MATHSOLVE-adcfa0537f43327f4bb9acfe1692f757fce353c4/.gcl/operations/OM26-H6-WP05-IA-001/OPERATION.json,,f0d89b74,Filename/path inference; editable in the app
344423,.gcl/operations/OM26-H6-WP06-IA-001/OPERATION.json,General / shared,887,Pinned collected revision; final designation governed by team receipt | 2fd9fd643bf3e9e98d121dc2e7af1cf1be411ae2,https://codeload.github.com/grandchallenge/MATHSOLVE/zip/2fd9fd643bf3e9e98d121dc2e7af1cf1be411ae2,,contestants/E10/13-archives/E10-grandchallenge-MATHSOLVE-2fd9fd643bf3e9e98d121dc2e7af1cf1be411ae2.zip,MATHSOLVE-2fd9fd643bf3e9e98d121dc2e7af1cf1be411ae2/.gcl/operations/OM26-H6-WP06-IA-001/OPERATION.json,,89219f5f,Filename/path inference; editable in the app
347380,.gcl/operations/OM26-H6-WP06-IA-001/OPERATION.json,General / shared,887,Latest public revision collected separately; not an author-designated final | adcfa0537f43327f4bb9acfe1692f757fce353c4,https://codeload.github.com/grandchallenge/MATHSOLVE/zip/adcfa0537f43327f4bb9acfe1692f757fce353c4,,contestants/E10/13-archives/E10-grandchallenge-MATHSOLVE-adcfa0537f43327f4bb9acfe1692f757fce353c4.zip,MATHSOLVE-adcfa0537f43327f4bb9acfe1692f757fce353c4/.gcl/operations/OM26-H6-WP06-IA-001/OPERATION.json,,89219f5f,Filename/path inference; editable in the app
344424,.gcl/operations/OM26-H6-WP07-IA-001/OPERATION.json,General / shared,887,Pinned collected revision; final designation governed by team receipt | 2fd9fd643bf3e9e98d121dc2e7af1cf1be411ae2,https://codeload.github.com/grandchallenge/MATHSOLVE/zip/2fd9fd643bf3e9e98d121dc2e7af1cf1be411ae2,,contestants/E10/13-archives/E10-grandchallenge-MATHSOLVE-2fd9fd643bf3e9e98d121dc2e7af1cf1be411ae2.zip,MATHSOLVE-2fd9fd643bf3e9e98d121dc2e7af1cf1be411ae2/.gcl/operations/OM26-H6-WP07-IA-001/OPERATION.json,,95d6fd55,Filename/path inference; editable in the app
347381,.gcl/operations/OM26-H6-WP07-IA-001/OPERATION.json,General / shared,887,Latest public revision collected separately; not an author-designated final | adcfa0537f43327f4bb9acfe1692f757fce353c4,https://codeload.github.com/grandchallenge/MATHSOLVE/zip/adcfa0537f43327f4bb9acfe1692f757fce353c4,,contestants/E10/13-archives/E10-grandchallenge-MATHSOLVE-adcfa0537f43327f4bb9acfe1692f757fce353c4.zip,MATHSOLVE-adcfa0537f43327f4bb9acfe1692f757fce353c4/.gcl/operations/OM26-H6-WP07-IA-001/OPERATION.json,,95d6fd55,Filename/path inference; editable in the app
344425,.gcl/operations/OM26-H7-WP01-IA-001/OPERATION.json,General / shared,2530,Pinned collected revision; final designation governed by team receipt | 2fd9fd643bf3e9e98d121dc2e7af1cf1be411ae2,https://codeload.github.com/grandchallenge/MATHSOLVE/zip/2fd9fd643bf3e9e98d121dc2e7af1cf1be411ae2,,contestants/E10/13-archives/E10-grandchallenge-MATHSOLVE-2fd9fd643bf3e9e98d121dc2e7af1cf1be411ae2.zip,MATHSOLVE-2fd9fd643bf3e9e98d121dc2e7af1cf1be411ae2/.gcl/operations/OM26-H7-WP01-IA-001/OPERATION.json,,023b35cd,Filename/path inference; editable in the app
347382,.gcl/operations/OM26-H7-WP01-IA-001/OPERATION.json,General / shared,2530,Latest public revision collected separately; not an author-designated final | adcfa0537f43327f4bb9acfe1692f757fce353c4,https://codeload.github.com/grandchallenge/MATHSOLVE/zip/adcfa0537f43327f4bb9acfe1692f757fce353c4,,contestants/E10/13-archives/E10-grandchallenge-MATHSOLVE-adcfa0537f43327f4bb9acfe1692f757fce353c4.zip,MATHSOLVE-adcfa0537f43327f4bb9acfe1692f757fce353c4/.gcl/operations/OM26-H7-WP01-IA-001/OPERATION.json,,023b35cd,Filename/path inference; editable in the app
344426,.gcl/operations/OM26-H7-WP02-IA-001/OPERATION.json,General / shared,887,Pinned collected revision; final designation governed by team receipt | 2fd9fd643bf3e9e98d121dc2e7af1cf1be411ae2,https://codeload.github.com/grandchallenge/MATHSOLVE/zip/2fd9fd643bf3e9e98d121dc2e7af1cf1be411ae2,,contestants/E10/13-archives/E10-grandchallenge-MATHSOLVE-2fd9fd643bf3e9e98d121dc2e7af1cf1be411ae2.zip,MATHSOLVE-2fd9fd643bf3e9e98d121dc2e7af1cf1be411ae2/.gcl/operations/OM26-H7-WP02-IA-001/OPERATION.json,,a9c8882d,Filename/path inference; editable in the app
347383,.gcl/operations/OM26-H7-WP02-IA-001/OPERATION.json,General / shared,887,Latest public revision collected separately; not an author-designated final | adcfa0537f43327f4bb9acfe1692f757fce353c4,https://codeload.github.com/grandchallenge/MATHSOLVE/zip/adcfa0537f43327f4bb9acfe1692f757fce353c4,,contestants/E10/13-archives/E10-grandchallenge-MATHSOLVE-adcfa0537f43327f4bb9acfe1692f757fce353c4.zip,MATHSOLVE-adcfa0537f43327f4bb9acfe1692f757fce353c4/.gcl/operations/OM26-H7-WP02-IA-001/OPERATION.json,,a9c8882d,Filename/path inference; editable in the app
344427,.gcl/operations/OM26-H7-WP03-IA-001/OPERATION.json,General / shared,887,Pinned collected revision; final designation governed by team receipt | 2fd9fd643bf3e9e98d121dc2e7af1cf1be411ae2,https://codeload.github.com/grandchallenge/MATHSOLVE/zip/2fd9fd643bf3e9e98d121dc2e7af1cf1be411ae2,,contestants/E10/13-archives/E10-grandchallenge-MATHSOLVE-2fd9fd643bf3e9e98d121dc2e7af1cf1be411ae2.zip,MATHSOLVE-2fd9fd643bf3e9e98d121dc2e7af1cf1be411ae2/.gcl/operations/OM26-H7-WP03-IA-001/OPERATION.json,,17135100,Filename/path inference; editable in the app
347384,.gcl/operations/OM26-H7-WP03-IA-001/OPERATION.json,General / shared,887,Latest public revision collected separately; not an author-designated final | adcfa0537f43327f4bb9acfe1692f757fce353c4,https://codeload.github.com/grandchallenge/MATHSOLVE/zip/adcfa0537f43327f4bb9acfe1692f757fce353c4,,contestants/E10/13-archives/E10-grandchallenge-MATHSOLVE-adcfa0537f43327f4bb9acfe1692f757fce353c4.zip,MATHSOLVE-adcfa0537f43327f4bb9acfe1692f757fce353c4/.gcl/operations/OM26-H7-WP03-IA-001/OPERATION.json,,17135100,Filename/path inference; editable in the app
344428,.gcl/operations/OM26-H7-WP04-IA-001/OPERATION.json,General / shared,719,Pinned collected revision; final designation governed by team receipt | 2fd9fd643bf3e9e98d121dc2e7af1cf1be411ae2,https://codeload.github.com/grandchallenge/MATHSOLVE/zip/2fd9fd643bf3e9e98d121dc2e7af1cf1be411ae2,,contestants/E10/13-archives/E10-grandchallenge-MATHSOLVE-2fd9fd643bf3e9e98d121dc2e7af1cf1be411ae2.zip,MATHSOLVE-2fd9fd643bf3e9e98d121dc2e7af1cf1be411ae2/.gcl/operations/OM26-H7-WP04-IA-001/OPERATION.json,,3276c5ea,Filename/path inference; editable in the app
347385,.gcl/operations/OM26-H7-WP04-IA-001/OPERATION.json,General / shared,719,Latest public revision collected separately; not an author-designated final | adcfa0537f43327f4bb9acfe1692f757fce353c4,https://codeload.github.com/grandchallenge/MATHSOLVE/zip/adcfa0537f43327f4bb9acfe1692f757fce353c4,,contestants/E10/13-archives/E10-grandchallenge-MATHSOLVE-adcfa0537f43327f4bb9acfe1692f757fce353c4.zip,MATHSOLVE-adcfa0537f43327f4bb9acfe1692f757fce353c4/.gcl/operations/OM26-H7-WP04-IA-001/OPERATION.json,,3276c5ea,Filename/path inference; editable in the app
344429,.gcl/operations/OM26-H7-WP05-IA-001/OPERATION.json,General / shared,887,Pinned collected revision; final designation governed by team receipt | 2fd9fd643bf3e9e98d121dc2e7af1cf1be411ae2,https://codeload.github.com/grandchallenge/MATHSOLVE/zip/2fd9fd643bf3e9e98d121dc2e7af1cf1be411ae2,,contestants/E10/13-archives/E10-grandchallenge-MATHSOLVE-2fd9fd643bf3e9e98d121dc2e7af1cf1be411ae2.zip,MATHSOLVE-2fd9fd643bf3e9e98d121dc2e7af1cf1be411ae2/.gcl/operations/OM26-H7-WP05-IA-001/OPERATION.json,,f6cc842b,Filename/path inference; editable in the app
347386,.gcl/operations/OM26-H7-WP05-IA-001/OPERATION.json,General / shared,887,Latest public revision collected separately; not an author-designated final | adcfa0537f43327f4bb9acfe1692f757fce353c4,https://codeload.github.com/grandchallenge/MATHSOLVE/zip/adcfa0537f43327f4bb9acfe1692f757fce353c4,,contestants/E10/13-archives/E10-grandchallenge-MATHSOLVE-adcfa0537f43327f4bb9acfe1692f757fce353c4.zip,MATHSOLVE-adcfa0537f43327f4bb9acfe1692f757fce353c4/.gcl/operations/OM26-H7-WP05-IA-001/OPERATION.json,,f6cc842b,Filename/path inference; editable in the app
347387,.gcl/operations/OM26-H7-WP06-IA-001/OPERATION.json,General / shared,887,Latest public revision collected separately; not an author-designated final | adcfa0537f43327f4bb9acfe1692f757fce353c4,https://codeload.github.com/grandchallenge/MATHSOLVE/zip/adcfa0537f43327f4bb9acfe1692f757fce353c4,,contestants/E10/13-archives/E10-grandchallenge-MATHSOLVE-adcfa0537f43327f4bb9acfe1692f757fce353c4.zip,MATHSOLVE-adcfa0537f43327f4bb9acfe1692f757fce353c4/.gcl/operations/OM26-H7-WP06-IA-001/OPERATION.json,,afcaa504,Filename/path inference; editable in the app
344430,.gcl/operations/OM26-SEVEN-HILL-CONSOLIDATION-001/CHECKPOINT.json,General / shared,1787,Pinned collected revision; final designation governed by team receipt | 2fd9fd643bf3e9e98d121dc2e7af1cf1be411ae2,https://codeload.github.com/grandchallenge/MATHSOLVE/zip/2fd9fd643bf3e9e98d121dc2e7af1cf1be411ae2,,contestants/E10/13-archives/E10-grandchallenge-MATHSOLVE-2fd9fd643bf3e9e98d121dc2e7af1cf1be411ae2.zip,MATHSOLVE-2fd9fd643bf3e9e98d121dc2e7af1cf1be411ae2/.gcl/operations/OM26-SEVEN-HILL-CONSOLIDATION-001/CHECKPOINT.json,,fdccbbb3,Filename/path inference; editable in the app
347388,.gcl/operations/OM26-SEVEN-HILL-CONSOLIDATION-001/CHECKPOINT.json,General / shared,1787,Latest public revision collected separately; not an author-designated final | adcfa0537f43327f4bb9acfe1692f757fce353c4,https://codeload.github.com/grandchallenge/MATHSOLVE/zip/adcfa0537f43327f4bb9acfe1692f757fce353c4,,contestants/E10/13-archives/E10-grandchallenge-MATHSOLVE-adcfa0537f43327f4bb9acfe1692f757fce353c4.zip,MATHSOLVE-adcfa0537f43327f4bb9acfe1692f757fce353c4/.gcl/operations/OM26-SEVEN-HILL-CONSOLIDATION-001/CHECKPOINT.json,,fdccbbb3,Filename/path inference; editable in the app
344431,.gcl/operations/OM26-SEVEN-HILL-CONSOLIDATION-001/OPERATION.json,General / shared,2817,Pinned collected revision; final designation governed by team receipt | 2fd9fd643bf3e9e98d121dc2e7af1cf1be411ae2,https://codeload.github.com/grandchallenge/MATHSOLVE/zip/2fd9fd643bf3e9e98d121dc2e7af1cf1be411ae2,,contestants/E10/13-archives/E10-grandchallenge-MATHSOLVE-2fd9fd643bf3e9e98d121dc2e7af1cf1be411ae2.zip,MATHSOLVE-2fd9fd643bf3e9e98d121dc2e7af1cf1be411ae2/.gcl/operations/OM26-SEVEN-HILL-CONSOLIDATION-001/OPERATION.json,,30f8ce47,Filename/path inference; editable in the app
347389,.gcl/operations/OM26-SEVEN-HILL-CONSOLIDATION-001/OPERATION.json,General / shared,2817,Latest public revision collected separately; not an author-designated final | adcfa0537f43327f4bb9acfe1692f757fce353c4,https://codeload.github.com/grandchallenge/MATHSOLVE/zip/adcfa0537f43327f4bb9acfe1692f757fce353c4,,contestants/E10/13-archives/E10-grandchallenge-MATHSOLVE-adcfa0537f43327f4bb9acfe1692f757fce353c4.zip,MATHSOLVE-adcfa0537f43327f4bb9acfe1692f757fce353c4/.gcl/operations/OM26-SEVEN-HILL-CONSOLIDATION-001/OPERATION.json,,30f8ce47,Filename/path inference; editable in the app
344432,.gcl/operations/OPENMATH-CEX-GENERIC-INTAKE/OPERATION.json,General / shared,1995,Pinned collected revision; final designation governed by team receipt | 2fd9fd643bf3e9e98d121dc2e7af1cf1be411ae2,https://codeload.github.com/grandchallenge/MATHSOLVE/zip/2fd9fd643bf3e9e98d121dc2e7af1cf1be411ae2,,contestants/E10/13-archives/E10-grandchallenge-MATHSOLVE-2fd9fd643bf3e9e98d121dc2e7af1cf1be411ae2.zip,MATHSOLVE-2fd9fd643bf3e9e98d121dc2e7af1cf1be411ae2/.gcl/operations/OPENMATH-CEX-GENERIC-INTAKE/OPERATION.json,,f4fbdef0,Filename/path inference; editable in the app
347390,.gcl/operations/OPENMATH-CEX-GENERIC-INTAKE/OPERATION.json,General / shared,1995,Latest public revision collected separately; not an author-designated final | adcfa0537f43327f4bb9acfe1692f757fce353c4,https://codeload.github.com/grandchallenge/MATHSOLVE/zip/adcfa0537f43327f4bb9acfe1692f757fce353c4,,contestants/E10/13-archives/E10-grandchallenge-MATHSOLVE-adcfa0537f43327f4bb9acfe1692f757fce353c4.zip,MATHSOLVE-adcfa0537f43327f4bb9acfe1692f757fce353c4/.gcl/operations/OPENMATH-CEX-GENERIC-INTAKE/OPERATION.json,,f4fbdef0,Filename/path inference; editable in the app
347391,.gcl/operations/UC-WP08-D004-WP01-IA-001/OPERATION.json,General / shared,1566,Latest public revision collected separately; not an author-designated final | adcfa0537f43327f4bb9acfe1692f757fce353c4,https://codeload.github.com/grandchallenge/MATHSOLVE/zip/adcfa0537f43327f4bb9acfe1692f757fce353c4,,contestants/E10/13-archives/E10-grandchallenge-MATHSOLVE-adcfa0537f43327f4bb9acfe1692f757fce353c4.zip,MATHSOLVE-adcfa0537f43327f4bb9acfe1692f757fce353c4/.gcl/operations/UC-WP08-D004-WP01-IA-001/OPERATION.json,,37a67a65,Filename/path inference; editable in the app
347392,.gcl/operations/UC-WP08-D004-WP02-IA-001/OPERATION.json,General / shared,1573,Latest public revision collected separately; not an author-designated final | adcfa0537f43327f4bb9acfe1692f757fce353c4,https://codeload.github.com/grandchallenge/MATHSOLVE/zip/adcfa0537f43327f4bb9acfe1692f757fce353c4,,contestants/E10/13-archives/E10-grandchallenge-MATHSOLVE-adcfa0537f43327f4bb9acfe1692f757fce353c4.zip,MATHSOLVE-adcfa0537f43327f4bb9acfe1692f757fce353c4/.gcl/operations/UC-WP08-D004-WP02-IA-001/OPERATION.json,,23119472,Filename/path inference; editable in the app
347393,.gcl/operations/UC-WP08-D004-WP03-IA-001/OPERATION.json,General / shared,1568,Latest public revision collected separately; not an author-designated final | adcfa0537f43327f4bb9acfe1692f757fce353c4,https://codeload.github.com/grandchallenge/MATHSOLVE/zip/adcfa0537f43327f4bb9acfe1692f757fce353c4,,contestants/E10/13-archives/E10-grandchallenge-MATHSOLVE-adcfa0537f43327f4bb9acfe1692f757fce353c4.zip,MATHSOLVE-adcfa0537f43327f4bb9acfe1692f757fce353c4/.gcl/operations/UC-WP08-D004-WP03-IA-001/OPERATION.json,,56aaa324,Filename/path inference; editable in the app
347394,.gcl/operations/UC-WP08-D004-WP04-IA-001/OPERATION.json,General / shared,1573,Latest public revision collected separately; not an author-designated final | adcfa0537f43327f4bb9acfe1692f757fce353c4,https://codeload.github.com/grandchallenge/MATHSOLVE/zip/adcfa0537f43327f4bb9acfe1692f757fce353c4,,contestants/E10/13-archives/E10-grandchallenge-MATHSOLVE-adcfa0537f43327f4bb9acfe1692f757fce353c4.zip,MATHSOLVE-adcfa0537f43327f4bb9acfe1692f757fce353c4/.gcl/operations/UC-WP08-D004-WP04-IA-001/OPERATION.json,,61a27b9e,Filename/path inference; editable in the app
347395,.gcl/operations/UC-WP08-D004-WP05-IA-001/OPERATION.json,General / shared,1580,Latest public revision collected separately; not an author-designated final | adcfa0537f43327f4bb9acfe1692f757fce353c4,https://codeload.github.com/grandchallenge/MATHSOLVE/zip/adcfa0537f43327f4bb9acfe1692f757fce353c4,,contestants/E10/13-archives/E10-grandchallenge-MATHSOLVE-adcfa0537f43327f4bb9acfe1692f757fce353c4.zip,MATHSOLVE-adcfa0537f43327f4bb9acfe1692f757fce353c4/.gcl/operations/UC-WP08-D004-WP05-IA-001/OPERATION.json,,48ad86e1,Filename/path inference; editable in the app
344433,.ghos-routing/workflows.json,General / shared,13962,Pinned collected revision; final designation governed by team receipt | 2fd9fd643bf3e9e98d121dc2e7af1cf1be411ae2,https://codeload.github.com/grandchallenge/MATHSOLVE/zip/2fd9fd643bf3e9e98d121dc2e7af1cf1be411ae2,,contestants/E10/13-archives/E10-grandchallenge-MATHSOLVE-2fd9fd643bf3e9e98d121dc2e7af1cf1be411ae2.zip,MATHSOLVE-2fd9fd643bf3e9e98d121dc2e7af1cf1be411ae2/.ghos-routing/workflows.json,,2f34e4ad,Filename/path inference; editable in the app
347396,.ghos-routing/workflows.json,General / shared,14264,Latest public revision collected separately; not an author-designated final | adcfa0537f43327f4bb9acfe1692f757fce353c4,https://codeload.github.com/grandchallenge/MATHSOLVE/zip/adcfa0537f43327f4bb9acfe1692f757fce353c4,,contestants/E10/13-archives/E10-grandchallenge-MATHSOLVE-adcfa0537f43327f4bb9acfe1692f757fce353c4.zip,MATHSOLVE-adcfa0537f43327f4bb9acfe1692f757fce353c4/.ghos-routing/workflows.json,,355af0cf,Filename/path inference; editable in the app
344525,campaign_ledgers/BSD-001/failed_route_ledger.json,General / shared,3270,Pinned collected revision; final designation governed by team receipt | 2fd9fd643bf3e9e98d121dc2e7af1cf1be411ae2,https://codeload.github.com/grandchallenge/MATHSOLVE/zip/2fd9fd643bf3e9e98d121dc2e7af1cf1be411ae2,,contestants/E10/13-archives/E10-grandchallenge-MATHSOLVE-2fd9fd643bf3e9e98d121dc2e7af1cf1be411ae2.zip,MATHSOLVE-2fd9fd643bf3e9e98d121dc2e7af1cf1be411ae2/campaign_ledgers/BSD-001/failed_route_ledger.json,,2639ab54,Filename/path inference; editable in the app
347489,campaign_ledgers/BSD-001/failed_route_ledger.json,General / shared,3270,Latest public revision collected separately; not an author-designated final | adcfa0537f43327f4bb9acfe1692f757fce353c4,https://codeload.github.com/grandchallenge/MATHSOLVE/zip/adcfa0537f43327f4bb9acfe1692f757fce353c4,,contestants/E10/13-archives/E10-grandchallenge-MATHSOLVE-adcfa0537f43327f4bb9acfe1692f757fce353c4.zip,MATHSOLVE-adcfa0537f43327f4bb9acfe1692f757fce353c4/campaign_ledgers/BSD-001/failed_route_ledger.json,,2639ab54,Filename/path inference; editable in the app
344526,campaign_ledgers/BSD-001/proof_obligation_dag.json,General / shared,2153,Pinned collected revision; final designation governed by team receipt | 2fd9fd643bf3e9e98d121dc2e7af1cf1be411ae2,https://codeload.github.com/grandchallenge/MATHSOLVE/zip/2fd9fd643bf3e9e98d121dc2e7af1cf1be411ae2,,contestants/E10/13-archives/E10-grandchallenge-MATHSOLVE-2fd9fd643bf3e9e98d121dc2e7af1cf1be411ae2.zip,MATHSOLVE-2fd9fd643bf3e9e98d121dc2e7af1cf1be411ae2/campaign_ledgers/BSD-001/proof_obligation_dag.json,,3e1e48fc,Filename/path inference; editable in the app
347490,campaign_ledgers/BSD-001/proof_obligation_dag.json,General / shared,2153,Latest public revision collected separately; not an author-designated final | adcfa0537f43327f4bb9acfe1692f757fce353c4,https://codeload.github.com/grandchallenge/MATHSOLVE/zip/adcfa0537f43327f4bb9acfe1692f757fce353c4,,contestants/E10/13-archives/E10-grandchallenge-MATHSOLVE-adcfa0537f43327f4bb9acfe1692f757fce353c4.zip,MATHSOLVE-adcfa0537f43327f4bb9acfe1692f757fce353c4/campaign_ledgers/BSD-001/proof_obligation_dag.json,,3e1e48fc,Filename/path inference; editable in the app
344527,campaign_ledgers/BSD-001/resource_ledger.json,General / shared,1417,Pinned collected revision; final designation governed by team receipt | 2fd9fd643bf3e9e98d121dc2e7af1cf1be411ae2,https://codeload.github.com/grandchallenge/MATHSOLVE/zip/2fd9fd643bf3e9e98d121dc2e7af1cf1be411ae2,,contestants/E10/13-archives/E10-grandchallenge-MATHSOLVE-2fd9fd643bf3e9e98d121dc2e7af1cf1be411ae2.zip,MATHSOLVE-2fd9fd643bf3e9e98d121dc2e7af1cf1be411ae2/campaign_ledgers/BSD-001/resource_ledger.json,,12f404a9,Filename/path inference; editable in the app
347491,campaign_ledgers/BSD-001/resource_ledger.json,General / shared,1417,Latest public revision collected separately; not an author-designated final | adcfa0537f43327f4bb9acfe1692f757fce353c4,https://codeload.github.com/grandchallenge/MATHSOLVE/zip/adcfa0537f43327f4bb9acfe1692f757fce353c4,,contestants/E10/13-archives/E10-grandchallenge-MATHSOLVE-adcfa0537f43327f4bb9acfe1692f757fce353c4.zip,MATHSOLVE-adcfa0537f43327f4bb9acfe1692f757fce353c4/campaign_ledgers/BSD-001/resource_ledger.json,,12f404a9,Filename/path inference; editable in the app
344529,campaign_ledgers/EUCLID-DIOPHANTINE-E2E-002/failed_route_ledger.json,General / shared,1285,Pinned collected revision; final designation governed by team receipt | 2fd9fd643bf3e9e98d121dc2e7af1cf1be411ae2,https://codeload.github.com/grandchallenge/MATHSOLVE/zip/2fd9fd643bf3e9e98d121dc2e7af1cf1be411ae2,,contestants/E10/13-archives/E10-grandchallenge-MATHSOLVE-2fd9fd643bf3e9e98d121dc2e7af1cf1be411ae2.zip,MATHSOLVE-2fd9fd643bf3e9e98d121dc2e7af1cf1be411ae2/campaign_ledgers/EUCLID-DIOPHANTINE-E2E-002/failed_route_ledger.json,,fab1dc8e,Filename/path inference; editable in the app
347493,campaign_ledgers/EUCLID-DIOPHANTINE-E2E-002/failed_route_ledger.json,General / shared,1285,Latest public revision collected separately; not an author-designated final | adcfa0537f43327f4bb9acfe1692f757fce353c4,https://codeload.github.com/grandchallenge/MATHSOLVE/zip/adcfa0537f43327f4bb9acfe1692f757fce353c4,,contestants/E10/13-archives/E10-grandchallenge-MATHSOLVE-adcfa0537f43327f4bb9acfe1692f757fce353c4.zip,MATHSOLVE-adcfa0537f43327f4bb9acfe1692f757fce353c4/campaign_ledgers/EUCLID-DIOPHANTINE-E2E-002/failed_route_ledger.json,,fab1dc8e,Filename/path inference; editable in the app
344530,campaign_ledgers/EUCLID-DIOPHANTINE-E2E-002/proof_obligation_dag.json,General / shared,1915,Pinned collected revision; final designation governed by team receipt | 2fd9fd643bf3e9e98d121dc2e7af1cf1be411ae2,https://codeload.github.com/grandchallenge/MATHSOLVE/zip/2fd9fd643bf3e9e98d121dc2e7af1cf1be411ae2,,contestants/E10/13-archives/E10-grandchallenge-MATHSOLVE-2fd9fd643bf3e9e98d121dc2e7af1cf1be411ae2.zip,MATHSOLVE-2fd9fd643bf3e9e98d121dc2e7af1cf1be411ae2/campaign_ledgers/EUCLID-DIOPHANTINE-E2E-002/proof_obligation_dag.json,,4a279222,Filename/path inference; editable in the app
347494,campaign_ledgers/EUCLID-DIOPHANTINE-E2E-002/proof_obligation_dag.json,General / shared,1915,Latest public revision collected separately; not an author-designated final | adcfa0537f43327f4bb9acfe1692f757fce353c4,https://codeload.github.com/grandchallenge/MATHSOLVE/zip/adcfa0537f43327f4bb9acfe1692f757fce353c4,,contestants/E10/13-archives/E10-grandchallenge-MATHSOLVE-adcfa0537f43327f4bb9acfe1692f757fce353c4.zip,MATHSOLVE-adcfa0537f43327f4bb9acfe1692f757fce353c4/campaign_ledgers/EUCLID-DIOPHANTINE-E2E-002/proof_obligation_dag.json,,4a279222,Filename/path inference; editable in the app
344531,campaign_ledgers/EUCLID-DIOPHANTINE-E2E-002/resource_ledger.json,General / shared,747,Pinned collected revision; final designation governed by team receipt | 2fd9fd643bf3e9e98d121dc2e7af1cf1be411ae2,https://codeload.github.com/grandchallenge/MATHSOLVE/zip/2fd9fd643bf3e9e98d121dc2e7af1cf1be411ae2,,contestants/E10/13-archives/E10-grandchallenge-MATHSOLVE-2fd9fd643bf3e9e98d121dc2e7af1cf1be411ae2.zip,MATHSOLVE-2fd9fd643bf3e9e98d121dc2e7af1cf1be411ae2/campaign_ledgers/EUCLID-DIOPHANTINE-E2E-002/resource_ledger.json,,b483cb23,Filename/path inference; editable in the app
347495,campaign_ledgers/EUCLID-DIOPHANTINE-E2E-002/resource_ledger.json,General / shared,747,Latest public revision collected separately; not an author-designated final | adcfa0537f43327f4bb9acfe1692f757fce353c4,https://codeload.github.com/grandchallenge/MATHSOLVE/zip/adcfa0537f43327f4bb9acfe1692f757fce353c4,,contestants/E10/13-archives/E10-grandchallenge-MATHSOLVE-adcfa0537f43327f4bb9acfe1692f757fce353c4.zip,MATHSOLVE-adcfa0537f43327f4bb9acfe1692f757fce353c4/campaign_ledgers/EUCLID-DIOPHANTINE-E2E-002/resource_ledger.json,,b483cb23,Filename/path inference; editable in the app
344533,campaign_ledgers/EUCLID-GCD-E2E-001/failed_route_ledger.json,General / shared,1055,Pinned collected revision; final designation governed by team receipt | 2fd9fd643bf3e9e98d121dc2e7af1cf1be411ae2,https://codeload.github.com/grandchallenge/MATHSOLVE/zip/2fd9fd643bf3e9e98d121dc2e7af1cf1be411ae2,,contestants/E10/13-archives/E10-grandchallenge-MATHSOLVE-2fd9fd643bf3e9e98d121dc2e7af1cf1be411ae2.zip,MATHSOLVE-2fd9fd643bf3e9e98d121dc2e7af1cf1be411ae2/campaign_ledgers/EUCLID-GCD-E2E-001/failed_route_ledger.json,,7beed982,Filename/path inference; editable in the app
347497,campaign_ledgers/EUCLID-GCD-E2E-001/failed_route_ledger.json,General / shared,1055,Latest public revision collected separately; not an author-designated final | adcfa0537f43327f4bb9acfe1692f757fce353c4,https://codeload.github.com/grandchallenge/MATHSOLVE/zip/adcfa0537f43327f4bb9acfe1692f757fce353c4,,contestants/E10/13-archives/E10-grandchallenge-MATHSOLVE-adcfa0537f43327f4bb9acfe1692f757fce353c4.zip,MATHSOLVE-adcfa0537f43327f4bb9acfe1692f757fce353c4/campaign_ledgers/EUCLID-GCD-E2E-001/failed_route_ledger.json,,7beed982,Filename/path inference; editable in the app
344534,campaign_ledgers/EUCLID-GCD-E2E-001/proof_obligation_dag.json,General / shared,1682,Pinned collected revision; final designation governed by team receipt | 2fd9fd643bf3e9e98d121dc2e7af1cf1be411ae2,https://codeload.github.com/grandchallenge/MATHSOLVE/zip/2fd9fd643bf3e9e98d121dc2e7af1cf1be411ae2,,contestants/E10/13-archives/E10-grandchallenge-MATHSOLVE-2fd9fd643bf3e9e98d121dc2e7af1cf1be411ae2.zip,MATHSOLVE-2fd9fd643bf3e9e98d121dc2e7af1cf1be411ae2/campaign_ledgers/EUCLID-GCD-E2E-001/proof_obligation_dag.json,,1577abb9,Filename/path inference; editable in the app
347498,campaign_ledgers/EUCLID-GCD-E2E-001/proof_obligation_dag.json,General / shared,1682,Latest public revision collected separately; not an author-designated final | adcfa0537f43327f4bb9acfe1692f757fce353c4,https://codeload.github.com/grandchallenge/MATHSOLVE/zip/adcfa0537f43327f4bb9acfe1692f757fce353c4,,contestants/E10/13-archives/E10-grandchallenge-MATHSOLVE-adcfa0537f43327f4bb9acfe1692f757fce353c4.zip,MATHSOLVE-adcfa0537f43327f4bb9acfe1692f757fce353c4/campaign_ledgers/EUCLID-GCD-E2E-001/proof_obligation_dag.json,,1577abb9,Filename/path inference; editable in the app
344535,campaign_ledgers/EUCLID-GCD-E2E-001/resource_ledger.json,General / shared,567,Pinned collected revision; final designation governed by team receipt | 2fd9fd643bf3e9e98d121dc2e7af1cf1be411ae2,https://codeload.github.com/grandchallenge/MATHSOLVE/zip/2fd9fd643bf3e9e98d121dc2e7af1cf1be411ae2,,contestants/E10/13-archives/E10-grandchallenge-MATHSOLVE-2fd9fd643bf3e9e98d121dc2e7af1cf1be411ae2.zip,MATHSOLVE-2fd9fd643bf3e9e98d121dc2e7af1cf1be411ae2/campaign_ledgers/EUCLID-GCD-E2E-001/resource_ledger.json,,1aa8d314,Filename/path inference; editable in the app
347499,campaign_ledgers/EUCLID-GCD-E2E-001/resource_ledger.json,General / shared,567,Latest public revision collected separately; not an author-designated final | adcfa0537f43327f4bb9acfe1692f757fce353c4,https://codeload.github.com/grandchallenge/MATHSOLVE/zip/adcfa0537f43327f4bb9acfe1692f757fce353c4,,contestants/E10/13-archives/E10-grandchallenge-MATHSOLVE-adcfa0537f43327f4bb9acfe1692f757fce353c4.zip,MATHSOLVE-adcfa0537f43327f4bb9acfe1692f757fce353c4/campaign_ledgers/EUCLID-GCD-E2E-001/resource_ledger.json,,1aa8d314,Filename/path inference; editable in the app
344537,campaign_ledgers/HC-001/false_proof_atlas.json,General / shared,9808,Pinned collected revision; final designation governed by team receipt | 2fd9fd643bf3e9e98d121dc2e7af1cf1be411ae2,https://codeload.github.com/grandchallenge/MATHSOLVE/zip/2fd9fd643bf3e9e98d121dc2e7af1cf1be411ae2,,contestants/E10/13-archives/E10-grandchallenge-MATHSOLVE-2fd9fd643bf3e9e98d121dc2e7af1cf1be411ae2.zip,MATHSOLVE-2fd9fd643bf3e9e98d121dc2e7af1cf1be411ae2/campaign_ledgers/HC-001/false_proof_atlas.json,,1a9864f2,Filename/path inference; editable in the app
347501,campaign_ledgers/HC-001/false_proof_atlas.json,General / shared,9808,Latest public revision collected separately; not an author-designated final | adcfa0537f43327f4bb9acfe1692f757fce353c4,https://codeload.github.com/grandchallenge/MATHSOLVE/zip/adcfa0537f43327f4bb9acfe1692f757fce353c4,,contestants/E10/13-archives/E10-grandchallenge-MATHSOLVE-adcfa0537f43327f4bb9acfe1692f757fce353c4.zip,MATHSOLVE-adcfa0537f43327f4bb9acfe1692f757fce353c4/campaign_ledgers/HC-001/false_proof_atlas.json,,1a9864f2,Filename/path inference; editable in the app
344539,campaign_ledgers/HC-001/post_wp00_proof_obligation_dag.json,General / shared,12690,Pinned collected revision; final designation governed by team receipt | 2fd9fd643bf3e9e98d121dc2e7af1cf1be411ae2,https://codeload.github.com/grandchallenge/MATHSOLVE/zip/2fd9fd643bf3e9e98d121dc2e7af1cf1be411ae2,,contestants/E10/13-archives/E10-grandchallenge-MATHSOLVE-2fd9fd643bf3e9e98d121dc2e7af1cf1be411ae2.zip,MATHSOLVE-2fd9fd643bf3e9e98d121dc2e7af1cf1be411ae2/campaign_ledgers/HC-001/post_wp00_proof_obligation_dag.json,,b2ab2f39,Filename/path inference; editable in the app
347503,campaign_ledgers/HC-001/post_wp00_proof_obligation_dag.json,General / shared,12690,Latest public revision collected separately; not an author-designated final | adcfa0537f43327f4bb9acfe1692f757fce353c4,https://codeload.github.com/grandchallenge/MATHSOLVE/zip/adcfa0537f43327f4bb9acfe1692f757fce353c4,,contestants/E10/13-archives/E10-grandchallenge-MATHSOLVE-adcfa0537f43327f4bb9acfe1692f757fce353c4.zip,MATHSOLVE-adcfa0537f43327f4bb9acfe1692f757fce353c4/campaign_ledgers/HC-001/post_wp00_proof_obligation_dag.json,,b2ab2f39,Filename/path inference; editable in the app
344540,campaign_ledgers/HC-001/proof_obligation_dag.json,General / shared,1160,Pinned collected revision; final designation governed by team receipt | 2fd9fd643bf3e9e98d121dc2e7af1cf1be411ae2,https://codeload.github.com/grandchallenge/MATHSOLVE/zip/2fd9fd643bf3e9e98d121dc2e7af1cf1be411ae2,,contestants/E10/13-archives/E10-grandchallenge-MATHSOLVE-2fd9fd643bf3e9e98d121dc2e7af1cf1be411ae2.zip,MATHSOLVE-2fd9fd643bf3e9e98d121dc2e7af1cf1be411ae2/campaign_ledgers/HC-001/proof_obligation_dag.json,,26737b78,Filename/path inference; editable in the app
347504,campaign_ledgers/HC-001/proof_obligation_dag.json,General / shared,1160,Latest public revision collected separately; not an author-designated final | adcfa0537f43327f4bb9acfe1692f757fce353c4,https://codeload.github.com/grandchallenge/MATHSOLVE/zip/adcfa0537f43327f4bb9acfe1692f757fce353c4,,contestants/E10/13-archives/E10-grandchallenge-MATHSOLVE-adcfa0537f43327f4bb9acfe1692f757fce353c4.zip,MATHSOLVE-adcfa0537f43327f4bb9acfe1692f757fce353c4/campaign_ledgers/HC-001/proof_obligation_dag.json,,26737b78,Filename/path inference; editable in the app
344542,campaign_ledgers/NS-CI-001/failed_route_ledger.json,General / shared,1197,Pinned collected revision; final designation governed by team receipt | 2fd9fd643bf3e9e98d121dc2e7af1cf1be411ae2,https://codeload.github.com/grandchallenge/MATHSOLVE/zip/2fd9fd643bf3e9e98d121dc2e7af1cf1be411ae2,,contestants/E10/13-archives/E10-grandchallenge-MATHSOLVE-2fd9fd643bf3e9e98d121dc2e7af1cf1be411ae2.zip,MATHSOLVE-2fd9fd643bf3e9e98d121dc2e7af1cf1be411ae2/campaign_ledgers/NS-CI-001/failed_route_ledger.json,,fc40b337,Filename/path inference; editable in the app
347506,campaign_ledgers/NS-CI-001/failed_route_ledger.json,General / shared,1197,Latest public revision collected separately; not an author-designated final | adcfa0537f43327f4bb9acfe1692f757fce353c4,https://codeload.github.com/grandchallenge/MATHSOLVE/zip/adcfa0537f43327f4bb9acfe1692f757fce353c4,,contestants/E10/13-archives/E10-grandchallenge-MATHSOLVE-adcfa0537f43327f4bb9acfe1692f757fce353c4.zip,MATHSOLVE-adcfa0537f43327f4bb9acfe1692f757fce353c4/campaign_ledgers/NS-CI-001/failed_route_ledger.json,,fc40b337,Filename/path inference; editable in the app
344543,campaign_ledgers/NS-CI-001/proof_obligation_dag.json,General / shared,996,Pinned collected revision; final designation governed by team receipt | 2fd9fd643bf3e9e98d121dc2e7af1cf1be411ae2,https://codeload.github.com/grandchallenge/MATHSOLVE/zip/2fd9fd643bf3e9e98d121dc2e7af1cf1be411ae2,,contestants/E10/13-archives/E10-grandchallenge-MATHSOLVE-2fd9fd643bf3e9e98d121dc2e7af1cf1be411ae2.zip,MATHSOLVE-2fd9fd643bf3e9e98d121dc2e7af1cf1be411ae2/campaign_ledgers/NS-CI-001/proof_obligation_dag.json,,fea3e302,Filename/path inference; editable in the app
347507,campaign_ledgers/NS-CI-001/proof_obligation_dag.json,General / shared,996,Latest public revision collected separately; not an author-designated final | adcfa0537f43327f4bb9acfe1692f757fce353c4,https://codeload.github.com/grandchallenge/MATHSOLVE/zip/adcfa0537f43327f4bb9acfe1692f757fce353c4,,contestants/E10/13-archives/E10-grandchallenge-MATHSOLVE-adcfa0537f43327f4bb9acfe1692f757fce353c4.zip,MATHSOLVE-adcfa0537f43327f4bb9acfe1692f757fce353c4/campaign_ledgers/NS-CI-001/proof_obligation_dag.json,,fea3e302,Filename/path inference; editable in the app
344544,campaign_ledgers/NS-CI-001/resource_ledger.json,General / shared,891,Pinned collected revision; final designation governed by team receipt | 2fd9fd643bf3e9e98d121dc2e7af1cf1be411ae2,https://codeload.github.com/grandchallenge/MATHSOLVE/zip/2fd9fd643bf3e9e98d121dc2e7af1cf1be411ae2,,contestants/E10/13-archives/E10-grandchallenge-MATHSOLVE-2fd9fd643bf3e9e98d121dc2e7af1cf1be411ae2.zip,MATHSOLVE-2fd9fd643bf3e9e98d121dc2e7af1cf1be411ae2/campaign_ledgers/NS-CI-001/resource_ledger.json,,321ec818,Filename/path inference; editable in the app
347508,campaign_ledgers/NS-CI-001/resource_ledger.json,General / shared,891,Latest public revision collected separately; not an author-designated final | adcfa0537f43327f4bb9acfe1692f757fce353c4,https://codeload.github.com/grandchallenge/MATHSOLVE/zip/adcfa0537f43327f4bb9acfe1692f757fce353c4,,contestants/E10/13-archives/E10-grandchallenge-MATHSOLVE-adcfa0537f43327f4bb9acfe1692f757fce353c4.zip,MATHSOLVE-adcfa0537f43327f4bb9acfe1692f757fce353c4/campaign_ledgers/NS-CI-001/resource_ledger.json,,321ec818,Filename/path inference; editable in the app
344546,campaign_ledgers/UC-001/failed_route_ledger.json,General / shared,651,Pinned collected revision; final designation governed by team receipt | 2fd9fd643bf3e9e98d121dc2e7af1cf1be411ae2,https://codeload.github.com/grandchallenge/MATHSOLVE/zip/2fd9fd643bf3e9e98d121dc2e7af1cf1be411ae2,,contestants/E10/13-archives/E10-grandchallenge-MATHSOLVE-2fd9fd643bf3e9e98d121dc2e7af1cf1be411ae2.zip,MATHSOLVE-2fd9fd643bf3e9e98d121dc2e7af1cf1be411ae2/campaign_ledgers/UC-001/failed_route_ledger.json,,4db70ec8,Filename/path inference; editable in the app
347510,campaign_ledgers/UC-001/failed_route_ledger.json,General / shared,651,Latest public revision collected separately; not an author-designated final | adcfa0537f43327f4bb9acfe1692f757fce353c4,https://codeload.github.com/grandchallenge/MATHSOLVE/zip/adcfa0537f43327f4bb9acfe1692f757fce353c4,,contestants/E10/13-archives/E10-grandchallenge-MATHSOLVE-adcfa0537f43327f4bb9acfe1692f757fce353c4.zip,MATHSOLVE-adcfa0537f43327f4bb9acfe1692f757fce353c4/campaign_ledgers/UC-001/failed_route_ledger.json,,4db70ec8,Filename/path inference; editable in the app
344547,campaign_ledgers/UC-001/proof_obligation_dag.json,General / shared,919,Pinned collected revision; final designation governed by team receipt | 2fd9fd643bf3e9e98d121dc2e7af1cf1be411ae2,https://codeload.github.com/grandchallenge/MATHSOLVE/zip/2fd9fd643bf3e9e98d121dc2e7af1cf1be411ae2,,contestants/E10/13-archives/E10-grandchallenge-MATHSOLVE-2fd9fd643bf3e9e98d121dc2e7af1cf1be411ae2.zip,MATHSOLVE-2fd9fd643bf3e9e98d121dc2e7af1cf1be411ae2/campaign_ledgers/UC-001/proof_obligation_dag.json,,730c1123,Filename/path inference; editable in the app
347511,campaign_ledgers/UC-001/proof_obligation_dag.json,General / shared,919,Latest public revision collected separately; not an author-designated final | adcfa0537f43327f4bb9acfe1692f757fce353c4,https://codeload.github.com/grandchallenge/MATHSOLVE/zip/adcfa0537f43327f4bb9acfe1692f757fce353c4,,contestants/E10/13-archives/E10-grandchallenge-MATHSOLVE-adcfa0537f43327f4bb9acfe1692f757fce353c4.zip,MATHSOLVE-adcfa0537f43327f4bb9acfe1692f757fce353c4/campaign_ledgers/UC-001/proof_obligation_dag.json,,730c1123,Filename/path inference; editable in the app
344548,campaign_ledgers/UC-001/resource_ledger.json,General / shared,793,Pinned collected revision; final designation governed by team receipt | 2fd9fd643bf3e9e98d121dc2e7af1cf1be411ae2,https://codeload.github.com/grandchallenge/MATHSOLVE/zip/2fd9fd643bf3e9e98d121dc2e7af1cf1be411ae2,,contestants/E10/13-archives/E10-grandchallenge-MATHSOLVE-2fd9fd643bf3e9e98d121dc2e7af1cf1be411ae2.zip,MATHSOLVE-2fd9fd643bf3e9e98d121dc2e7af1cf1be411ae2/campaign_ledgers/UC-001/resource_ledger.json,,7bc8f768,Filename/path inference; editable in the app
347512,campaign_ledgers/UC-001/resource_ledger.json,General / shared,793,Latest public revision collected separately; not an author-designated final | adcfa0537f43327f4bb9acfe1692f757fce353c4,https://codeload.github.com/grandchallenge/MATHSOLVE/zip/adcfa0537f43327f4bb9acfe1692f757fce353c4,,contestants/E10/13-archives/E10-grandchallenge-MATHSOLVE-adcfa0537f43327f4bb9acfe1692f757fce353c4.zip,MATHSOLVE-adcfa0537f43327f4bb9acfe1692f757fce353c4/campaign_ledgers/UC-001/resource_ledger.json,,7bc8f768,Filename/path inference; editable in the app
344549,campaign_manifests/BSD-001.json,General / shared,6213,Pinned collected revision; final designation governed by team receipt | 2fd9fd643bf3e9e98d121dc2e7af1cf1be411ae2,https://codeload.github.com/grandchallenge/MATHSOLVE/zip/2fd9fd643bf3e9e98d121dc2e7af1cf1be411ae2,,contestants/E10/13-archives/E10-grandchallenge-MATHSOLVE-2fd9fd643bf3e9e98d121dc2e7af1cf1be411ae2.zip,MATHSOLVE-2fd9fd643bf3e9e98d121dc2e7af1cf1be411ae2/campaign_manifests/BSD-001.json,,cedf2fea,Filename/path inference; editable in the app
347513,campaign_manifests/BSD-001.json,General / shared,6213,Latest public revision collected separately; not an author-designated final | adcfa0537f43327f4bb9acfe1692f757fce353c4,https://codeload.github.com/grandchallenge/MATHSOLVE/zip/adcfa0537f43327f4bb9acfe1692f757fce353c4,,contestants/E10/13-archives/E10-grandchallenge-MATHSOLVE-adcfa0537f43327f4bb9acfe1692f757fce353c4.zip,MATHSOLVE-adcfa0537f43327f4bb9acfe1692f757fce353c4/campaign_manifests/BSD-001.json,,cedf2fea,Filename/path inference; editable in the app
344550,campaign_manifests/EUCLID-DIOPHANTINE-E2E-002.json,General / shared,5595,Pinned collected revision; final designation governed by team receipt | 2fd9fd643bf3e9e98d121dc2e7af1cf1be411ae2,https://codeload.github.com/grandchallenge/MATHSOLVE/zip/2fd9fd643bf3e9e98d121dc2e7af1cf1be411ae2,,contestants/E10/13-archives/E10-grandchallenge-MATHSOLVE-2fd9fd643bf3e9e98d121dc2e7af1cf1be411ae2.zip,MATHSOLVE-2fd9fd643bf3e9e98d121dc2e7af1cf1be411ae2/campaign_manifests/EUCLID-DIOPHANTINE-E2E-002.json,,3b5c5bbd,Filename/path inference; editable in the app
347514,campaign_manifests/EUCLID-DIOPHANTINE-E2E-002.json,General / shared,5595,Latest public revision collected separately; not an author-designated final | adcfa0537f43327f4bb9acfe1692f757fce353c4,https://codeload.github.com/grandchallenge/MATHSOLVE/zip/adcfa0537f43327f4bb9acfe1692f757fce353c4,,contestants/E10/13-archives/E10-grandchallenge-MATHSOLVE-adcfa0537f43327f4bb9acfe1692f757fce353c4.zip,MATHSOLVE-adcfa0537f43327f4bb9acfe1692f757fce353c4/campaign_manifests/EUCLID-DIOPHANTINE-E2E-002.json,,3b5c5bbd,Filename/path inference; editable in the app
344551,campaign_manifests/EUCLID-GCD-E2E-001.json,General / shared,5678,Pinned collected revision; final designation governed by team receipt | 2fd9fd643bf3e9e98d121dc2e7af1cf1be411ae2,https://codeload.github.com/grandchallenge/MATHSOLVE/zip/2fd9fd643bf3e9e98d121dc2e7af1cf1be411ae2,,contestants/E10/13-archives/E10-grandchallenge-MATHSOLVE-2fd9fd643bf3e9e98d121dc2e7af1cf1be411ae2.zip,MATHSOLVE-2fd9fd643bf3e9e98d121dc2e7af1cf1be411ae2/campaign_manifests/EUCLID-GCD-E2E-001.json,,a1dcd9bb,Filename/path inference; editable in the app
347515,campaign_manifests/EUCLID-GCD-E2E-001.json,General / shared,5678,Latest public revision collected separately; not an author-designated final | adcfa0537f43327f4bb9acfe1692f757fce353c4,https://codeload.github.com/grandchallenge/MATHSOLVE/zip/adcfa0537f43327f4bb9acfe1692f757fce353c4,,contestants/E10/13-archives/E10-grandchallenge-MATHSOLVE-adcfa0537f43327f4bb9acfe1692f757fce353c4.zip,MATHSOLVE-adcfa0537f43327f4bb9acfe1692f757fce353c4/campaign_manifests/EUCLID-GCD-E2E-001.json,,a1dcd9bb,Filename/path inference; editable in the app
344552,campaign_manifests/HC-001.json,General / shared,5686,Pinned collected revision; final designation governed by team receipt | 2fd9fd643bf3e9e98d121dc2e7af1cf1be411ae2,https://codeload.github.com/grandchallenge/MATHSOLVE/zip/2fd9fd643bf3e9e98d121dc2e7af1cf1be411ae2,,contestants/E10/13-archives/E10-grandchallenge-MATHSOLVE-2fd9fd643bf3e9e98d121dc2e7af1cf1be411ae2.zip,MATHSOLVE-2fd9fd643bf3e9e98d121dc2e7af1cf1be411ae2/campaign_manifests/HC-001.json,,aefdc9e5,Filename/path inference; editable in the app
347516,campaign_manifests/HC-001.json,General / shared,5686,Latest public revision collected separately; not an author-designated final | adcfa0537f43327f4bb9acfe1692f757fce353c4,https://codeload.github.com/grandchallenge/MATHSOLVE/zip/adcfa0537f43327f4bb9acfe1692f757fce353c4,,contestants/E10/13-archives/E10-grandchallenge-MATHSOLVE-adcfa0537f43327f4bb9acfe1692f757fce353c4.zip,MATHSOLVE-adcfa0537f43327f4bb9acfe1692f757fce353c4/campaign_manifests/HC-001.json,,aefdc9e5,Filename/path inference; editable in the app
344553,campaign_manifests/NS-CI-001.json,General / shared,8251,Pinned collected revision; final designation governed by team receipt | 2fd9fd643bf3e9e98d121dc2e7af1cf1be411ae2,https://codeload.github.com/grandchallenge/MATHSOLVE/zip/2fd9fd643bf3e9e98d121dc2e7af1cf1be411ae2,,contestants/E10/13-archives/E10-grandchallenge-MATHSOLVE-2fd9fd643bf3e9e98d121dc2e7af1cf1be411ae2.zip,MATHSOLVE-2fd9fd643bf3e9e98d121dc2e7af1cf1be411ae2/campaign_manifests/NS-CI-001.json,,2ca8832f,Filename/path inference; editable in the app
347517,campaign_manifests/NS-CI-001.json,General / shared,8251,Latest public revision collected separately; not an author-designated final | adcfa0537f43327f4bb9acfe1692f757fce353c4,https://codeload.github.com/grandchallenge/MATHSOLVE/zip/adcfa0537f43327f4bb9acfe1692f757fce353c4,,contestants/E10/13-archives/E10-grandchallenge-MATHSOLVE-adcfa0537f43327f4bb9acfe1692f757fce353c4.zip,MATHSOLVE-adcfa0537f43327f4bb9acfe1692f757fce353c4/campaign_manifests/NS-CI-001.json,,2ca8832f,Filename/path inference; editable in the app
344554,campaign_manifests/OZ-001.json,General / shared,9568,Pinned collected revision; final designation governed by team receipt | 2fd9fd643bf3e9e98d121dc2e7af1cf1be411ae2,https://codeload.github.com/grandchallenge/MATHSOLVE/zip/2fd9fd643bf3e9e98d121dc2e7af1cf1be411ae2,,contestants/E10/13-archives/E10-grandchallenge-MATHSOLVE-2fd9fd643bf3e9e98d121dc2e7af1cf1be411ae2.zip,MATHSOLVE-2fd9fd643bf3e9e98d121dc2e7af1cf1be411ae2/campaign_manifests/OZ-001.json,,dd426bb6,Filename/path inference; editable in the app
347518,campaign_manifests/OZ-001.json,General / shared,9568,Latest public revision collected separately; not an author-designated final | adcfa0537f43327f4bb9acfe1692f757fce353c4,https://codeload.github.com/grandchallenge/MATHSOLVE/zip/adcfa0537f43327f4bb9acfe1692f757fce353c4,,contestants/E10/13-archives/E10-grandchallenge-MATHSOLVE-adcfa0537f43327f4bb9acfe1692f757fce353c4.zip,MATHSOLVE-adcfa0537f43327f4bb9acfe1692f757fce353c4/campaign_manifests/OZ-001.json,,dd426bb6,Filename/path inference; editable in the app
344555,campaign_manifests/PNP-001.json,General / shared,6128,Pinned collected revision; final designation governed by team receipt | 2fd9fd643bf3e9e98d121dc2e7af1cf1be411ae2,https://codeload.github.com/grandchallenge/MATHSOLVE/zip/2fd9fd643bf3e9e98d121dc2e7af1cf1be411ae2,,contestants/E10/13-archives/E10-grandchallenge-MATHSOLVE-2fd9fd643bf3e9e98d121dc2e7af1cf1be411ae2.zip,MATHSOLVE-2fd9fd643bf3e9e98d121dc2e7af1cf1be411ae2/campaign_manifests/PNP-001.json,,04019102,Filename/path inference; editable in the app
347519,campaign_manifests/PNP-001.json,General / shared,6128,Latest public revision collected separately; not an author-designated final | adcfa0537f43327f4bb9acfe1692f757fce353c4,https://codeload.github.com/grandchallenge/MATHSOLVE/zip/adcfa0537f43327f4bb9acfe1692f757fce353c4,,contestants/E10/13-archives/E10-grandchallenge-MATHSOLVE-adcfa0537f43327f4bb9acfe1692f757fce353c4.zip,MATHSOLVE-adcfa0537f43327f4bb9acfe1692f757fce353c4/campaign_manifests/PNP-001.json,,04019102,Filename/path inference; editable in the app
344556,campaign_manifests/RH-001.json,General / shared,4453,Pinned collected revision; final designation governed by team receipt | 2fd9fd643bf3e9e98d121dc2e7af1cf1be411ae2,https://codeload.github.com/grandchallenge/MATHSOLVE/zip/2fd9fd643bf3e9e98d121dc2e7af1cf1be411ae2,,contestants/E10/13-archives/E10-grandchallenge-MATHSOLVE-2fd9fd643bf3e9e98d121dc2e7af1cf1be411ae2.zip,MATHSOLVE-2fd9fd643bf3e9e98d121dc2e7af1cf1be411ae2/campaign_manifests/RH-001.json,,e154e323,Filename/path inference; editable in the app
347520,campaign_manifests/RH-001.json,General / shared,4453,Latest public revision collected separately; not an author-designated final | adcfa0537f43327f4bb9acfe1692f757fce353c4,https://codeload.github.com/grandchallenge/MATHSOLVE/zip/adcfa0537f43327f4bb9acfe1692f757fce353c4,,contestants/E10/13-archives/E10-grandchallenge-MATHSOLVE-adcfa0537f43327f4bb9acfe1692f757fce353c4.zip,MATHSOLVE-adcfa0537f43327f4bb9acfe1692f757fce353c4/campaign_manifests/RH-001.json,,e154e323,Filename/path inference; editable in the app
344557,campaign_manifests/UC-001.json,General / shared,6431,Pinned collected revision; final designation governed by team receipt | 2fd9fd643bf3e9e98d121dc2e7af1cf1be411ae2,https://codeload.github.com/grandchallenge/MATHSOLVE/zip/2fd9fd643bf3e9e98d121dc2e7af1cf1be411ae2,,contestants/E10/13-archives/E10-grandchallenge-MATHSOLVE-2fd9fd643bf3e9e98d121dc2e7af1cf1be411ae2.zip,MATHSOLVE-2fd9fd643bf3e9e98d121dc2e7af1cf1be411ae2/campaign_manifests/UC-001.json,,f92182f4,Filename/path inference; editable in the app
347521,campaign_manifests/UC-001.json,General / shared,6431,Latest public revision collected separately; not an author-designated final | adcfa0537f43327f4bb9acfe1692f757fce353c4,https://codeload.github.com/grandchallenge/MATHSOLVE/zip/adcfa0537f43327f4bb9acfe1692f757fce353c4,,contestants/E10/13-archives/E10-grandchallenge-MATHSOLVE-adcfa0537f43327f4bb9acfe1692f757fce353c4.zip,MATHSOLVE-adcfa0537f43327f4bb9acfe1692f757fce353c4/campaign_manifests/UC-001.json,,f92182f4,Filename/path inference; editable in the app
344558,campaign_manifests/VGSE-001.json,General / shared,5460,Pinned collected revision; final designation governed by team receipt | 2fd9fd643bf3e9e98d121dc2e7af1cf1be411ae2,https://codeload.github.com/grandchallenge/MATHSOLVE/zip/2fd9fd643bf3e9e98d121dc2e7af1cf1be411ae2,,contestants/E10/13-archives/E10-grandchallenge-MATHSOLVE-2fd9fd643bf3e9e98d121dc2e7af1cf1be411ae2.zip,MATHSOLVE-2fd9fd643bf3e9e98d121dc2e7af1cf1be411ae2/campaign_manifests/VGSE-001.json,,69590191,Filename/path inference; editable in the app
347522,campaign_manifests/VGSE-001.json,General / shared,5460,Latest public revision collected separately; not an author-designated final | adcfa0537f43327f4bb9acfe1692f757fce353c4,https://codeload.github.com/grandchallenge/MATHSOLVE/zip/adcfa0537f43327f4bb9acfe1692f757fce353c4,,contestants/E10/13-archives/E10-grandchallenge-MATHSOLVE-adcfa0537f43327f4bb9acfe1692f757fce353c4.zip,MATHSOLVE-adcfa0537f43327f4bb9acfe1692f757fce353c4/campaign_manifests/VGSE-001.json,,69590191,Filename/path inference; editable in the app
344559,campaign_manifests/YM-001.json,General / shared,11423,Pinned collected revision; final designation governed by team receipt | 2fd9fd643bf3e9e98d121dc2e7af1cf1be411ae2,https://codeload.github.com/grandchallenge/MATHSOLVE/zip/2fd9fd643bf3e9e98d121dc2e7af1cf1be411ae2,,contestants/E10/13-archives/E10-grandchallenge-MATHSOLVE-2fd9fd643bf3e9e98d121dc2e7af1cf1be411ae2.zip,MATHSOLVE-2fd9fd643bf3e9e98d121dc2e7af1cf1be411ae2/campaign_manifests/YM-001.json,,62664a36,Filename/path inference; editable in the app
347523,campaign_manifests/YM-001.json,General / shared,11423,Latest public revision collected separately; not an author-designated final | adcfa0537f43327f4bb9acfe1692f757fce353c4,https://codeload.github.com/grandchallenge/MATHSOLVE/zip/adcfa0537f43327f4bb9acfe1692f757fce353c4,,contestants/E10/13-archives/E10-grandchallenge-MATHSOLVE-adcfa0537f43327f4bb9acfe1692f757fce353c4.zip,MATHSOLVE-adcfa0537f43327f4bb9acfe1692f757fce353c4/campaign_manifests/YM-001.json,,62664a36,Filename/path inference; editable in the app
344560,cert_handoffs/BSD-001.json,General / shared,2366,Pinned collected revision; final designation governed by team receipt | 2fd9fd643bf3e9e98d121dc2e7af1cf1be411ae2,https://codeload.github.com/grandchallenge/MATHSOLVE/zip/2fd9fd643bf3e9e98d121dc2e7af1cf1be411ae2,,contestants/E10/13-archives/E10-grandchallenge-MATHSOLVE-2fd9fd643bf3e9e98d121dc2e7af1cf1be411ae2.zip,MATHSOLVE-2fd9fd643bf3e9e98d121dc2e7af1cf1be411ae2/cert_handoffs/BSD-001.json,,feccb5d7,Filename/path inference; editable in the app
347524,cert_handoffs/BSD-001.json,General / shared,2366,Latest public revision collected separately; not an author-designated final | adcfa0537f43327f4bb9acfe1692f757fce353c4,https://codeload.github.com/grandchallenge/MATHSOLVE/zip/adcfa0537f43327f4bb9acfe1692f757fce353c4,,contestants/E10/13-archives/E10-grandchallenge-MATHSOLVE-adcfa0537f43327f4bb9acfe1692f757fce353c4.zip,MATHSOLVE-adcfa0537f43327f4bb9acfe1692f757fce353c4/cert_handoffs/BSD-001.json,,feccb5d7,Filename/path inference; editable in the app
344561,cert_handoffs/EUCLID-DIOPHANTINE-E2E-002.json,General / shared,4293,Pinned collected revision; final designation governed by team receipt | 2fd9fd643bf3e9e98d121dc2e7af1cf1be411ae2,https://codeload.github.com/grandchallenge/MATHSOLVE/zip/2fd9fd643bf3e9e98d121dc2e7af1cf1be411ae2,,contestants/E10/13-archives/E10-grandchallenge-MATHSOLVE-2fd9fd643bf3e9e98d121dc2e7af1cf1be411ae2.zip,MATHSOLVE-2fd9fd643bf3e9e98d121dc2e7af1cf1be411ae2/cert_handoffs/EUCLID-DIOPHANTINE-E2E-002.json,,3e3d1c2f,Filename/path inference; editable in the app
347525,cert_handoffs/EUCLID-DIOPHANTINE-E2E-002.json,General / shared,4293,Latest public revision collected separately; not an author-designated final | adcfa0537f43327f4bb9acfe1692f757fce353c4,https://codeload.github.com/grandchallenge/MATHSOLVE/zip/adcfa0537f43327f4bb9acfe1692f757fce353c4,,contestants/E10/13-archives/E10-grandchallenge-MATHSOLVE-adcfa0537f43327f4bb9acfe1692f757fce353c4.zip,MATHSOLVE-adcfa0537f43327f4bb9acfe1692f757fce353c4/cert_handoffs/EUCLID-DIOPHANTINE-E2E-002.json,,3e3d1c2f,Filename/path inference; editable in the app
344562,cert_handoffs/EUCLID-GCD-E2E-001.json,General / shared,3603,Pinned collected revision; final designation governed by team receipt | 2fd9fd643bf3e9e98d121dc2e7af1cf1be411ae2,https://codeload.github.com/grandchallenge/MATHSOLVE/zip/2fd9fd643bf3e9e98d121dc2e7af1cf1be411ae2,,contestants/E10/13-archives/E10-grandchallenge-MATHSOLVE-2fd9fd643bf3e9e98d121dc2e7af1cf1be411ae2.zip,MATHSOLVE-2fd9fd643bf3e9e98d121dc2e7af1cf1be411ae2/cert_handoffs/EUCLID-GCD-E2E-001.json,,cf833cae,Filename/path inference; editable in the app
347526,cert_handoffs/EUCLID-GCD-E2E-001.json,General / shared,3603,Latest public revision collected separately; not an author-designated final | adcfa0537f43327f4bb9acfe1692f757fce353c4,https://codeload.github.com/grandchallenge/MATHSOLVE/zip/adcfa0537f43327f4bb9acfe1692f757fce353c4,,contestants/E10/13-archives/E10-grandchallenge-MATHSOLVE-adcfa0537f43327f4bb9acfe1692f757fce353c4.zip,MATHSOLVE-adcfa0537f43327f4bb9acfe1692f757fce353c4/cert_handoffs/EUCLID-GCD-E2E-001.json,,cf833cae,Filename/path inference; editable in the app
344563,cert_handoffs/HC-001.json,General / shared,2930,Pinned collected revision; final designation governed by team receipt | 2fd9fd643bf3e9e98d121dc2e7af1cf1be411ae2,https://codeload.github.com/grandchallenge/MATHSOLVE/zip/2fd9fd643bf3e9e98d121dc2e7af1cf1be411ae2,,contestants/E10/13-archives/E10-grandchallenge-MATHSOLVE-2fd9fd643bf3e9e98d121dc2e7af1cf1be411ae2.zip,MATHSOLVE-2fd9fd643bf3e9e98d121dc2e7af1cf1be411ae2/cert_handoffs/HC-001.json,,0ea9a72e,Filename/path inference; editable in the app
347527,cert_handoffs/HC-001.json,General / shared,2930,Latest public revision collected separately; not an author-designated final | adcfa0537f43327f4bb9acfe1692f757fce353c4,https://codeload.github.com/grandchallenge/MATHSOLVE/zip/adcfa0537f43327f4bb9acfe1692f757fce353c4,,contestants/E10/13-archives/E10-grandchallenge-MATHSOLVE-adcfa0537f43327f4bb9acfe1692f757fce353c4.zip,MATHSOLVE-adcfa0537f43327f4bb9acfe1692f757fce353c4/cert_handoffs/HC-001.json,,0ea9a72e,Filename/path inference; editable in the app
344564,cert_handoffs/NS-CI-001.json,General / shared,3966,Pinned collected revision; final designation governed by team receipt | 2fd9fd643bf3e9e98d121dc2e7af1cf1be411ae2,https://codeload.github.com/grandchallenge/MATHSOLVE/zip/2fd9fd643bf3e9e98d121dc2e7af1cf1be411ae2,,contestants/E10/13-archives/E10-grandchallenge-MATHSOLVE-2fd9fd643bf3e9e98d121dc2e7af1cf1be411ae2.zip,MATHSOLVE-2fd9fd643bf3e9e98d121dc2e7af1cf1be411ae2/cert_handoffs/NS-CI-001.json,,3cebd05b,Filename/path inference; editable in the app
347528,cert_handoffs/NS-CI-001.json,General / shared,3966,Latest public revision collected separately; not an author-designated final | adcfa0537f43327f4bb9acfe1692f757fce353c4,https://codeload.github.com/grandchallenge/MATHSOLVE/zip/adcfa0537f43327f4bb9acfe1692f757fce353c4,,contestants/E10/13-archives/E10-grandchallenge-MATHSOLVE-adcfa0537f43327f4bb9acfe1692f757fce353c4.zip,MATHSOLVE-adcfa0537f43327f4bb9acfe1692f757fce353c4/cert_handoffs/NS-CI-001.json,,3cebd05b,Filename/path inference; editable in the app
344565,cert_handoffs/OZ-001.json,General / shared,2817,Pinned collected revision; final designation governed by team receipt | 2fd9fd643bf3e9e98d121dc2e7af1cf1be411ae2,https://codeload.github.com/grandchallenge/MATHSOLVE/zip/2fd9fd643bf3e9e98d121dc2e7af1cf1be411ae2,,contestants/E10/13-archives/E10-grandchallenge-MATHSOLVE-2fd9fd643bf3e9e98d121dc2e7af1cf1be411ae2.zip,MATHSOLVE-2fd9fd643bf3e9e98d121dc2e7af1cf1be411ae2/cert_handoffs/OZ-001.json,,bbf246e0,Filename/path inference; editable in the app
347529,cert_handoffs/OZ-001.json,General / shared,2817,Latest public revision collected separately; not an author-designated final | adcfa0537f43327f4bb9acfe1692f757fce353c4,https://codeload.github.com/grandchallenge/MATHSOLVE/zip/adcfa0537f43327f4bb9acfe1692f757fce353c4,,contestants/E10/13-archives/E10-grandchallenge-MATHSOLVE-adcfa0537f43327f4bb9acfe1692f757fce353c4.zip,MATHSOLVE-adcfa0537f43327f4bb9acfe1692f757fce353c4/cert_handoffs/OZ-001.json,,bbf246e0,Filename/path inference; editable in the app
344566,cert_handoffs/PNP-001.json,General / shared,2405,Pinned collected revision; final designation governed by team receipt | 2fd9fd643bf3e9e98d121dc2e7af1cf1be411ae2,https://codeload.github.com/grandchallenge/MATHSOLVE/zip/2fd9fd643bf3e9e98d121dc2e7af1cf1be411ae2,,contestants/E10/13-archives/E10-grandchallenge-MATHSOLVE-2fd9fd643bf3e9e98d121dc2e7af1cf1be411ae2.zip,MATHSOLVE-2fd9fd643bf3e9e98d121dc2e7af1cf1be411ae2/cert_handoffs/PNP-001.json,,35fdbc22,Filename/path inference; editable in the app
347530,cert_handoffs/PNP-001.json,General / shared,2405,Latest public revision collected separately; not an author-designated final | adcfa0537f43327f4bb9acfe1692f757fce353c4,https://codeload.github.com/grandchallenge/MATHSOLVE/zip/adcfa0537f43327f4bb9acfe1692f757fce353c4,,contestants/E10/13-archives/E10-grandchallenge-MATHSOLVE-adcfa0537f43327f4bb9acfe1692f757fce353c4.zip,MATHSOLVE-adcfa0537f43327f4bb9acfe1692f757fce353c4/cert_handoffs/PNP-001.json,,35fdbc22,Filename/path inference; editable in the app
344567,cert_handoffs/RH-001.json,General / shared,3196,Pinned collected revision; final designation governed by team receipt | 2fd9fd643bf3e9e98d121dc2e7af1cf1be411ae2,https://codeload.github.com/grandchallenge/MATHSOLVE/zip/2fd9fd643bf3e9e98d121dc2e7af1cf1be411ae2,,contestants/E10/13-archives/E10-grandchallenge-MATHSOLVE-2fd9fd643bf3e9e98d121dc2e7af1cf1be411ae2.zip,MATHSOLVE-2fd9fd643bf3e9e98d121dc2e7af1cf1be411ae2/cert_handoffs/RH-001.json,,7a969167,Filename/path inference; editable in the app
347531,cert_handoffs/RH-001.json,General / shared,3196,Latest public revision collected separately; not an author-designated final | adcfa0537f43327f4bb9acfe1692f757fce353c4,https://codeload.github.com/grandchallenge/MATHSOLVE/zip/adcfa0537f43327f4bb9acfe1692f757fce353c4,,contestants/E10/13-archives/E10-grandchallenge-MATHSOLVE-adcfa0537f43327f4bb9acfe1692f757fce353c4.zip,MATHSOLVE-adcfa0537f43327f4bb9acfe1692f757fce353c4/cert_handoffs/RH-001.json,,7a969167,Filename/path inference; editable in the app
344568,cert_handoffs/UC-001.json,General / shared,2824,Pinned collected revision; final designation governed by team receipt | 2fd9fd643bf3e9e98d121dc2e7af1cf1be411ae2,https://codeload.github.com/grandchallenge/MATHSOLVE/zip/2fd9fd643bf3e9e98d121dc2e7af1cf1be411ae2,,contestants/E10/13-archives/E10-grandchallenge-MATHSOLVE-2fd9fd643bf3e9e98d121dc2e7af1cf1be411ae2.zip,MATHSOLVE-2fd9fd643bf3e9e98d121dc2e7af1cf1be411ae2/cert_handoffs/UC-001.json,,5fca1bbb,Filename/path inference; editable in the app
347532,cert_handoffs/UC-001.json,General / shared,2824,Latest public revision collected separately; not an author-designated final | adcfa0537f43327f4bb9acfe1692f757fce353c4,https://codeload.github.com/grandchallenge/MATHSOLVE/zip/adcfa0537f43327f4bb9acfe1692f757fce353c4,,contestants/E10/13-archives/E10-grandchallenge-MATHSOLVE-adcfa0537f43327f4bb9acfe1692f757fce353c4.zip,MATHSOLVE-adcfa0537f43327f4bb9acfe1692f757fce353c4/cert_handoffs/UC-001.json,,5fca1bbb,Filename/path inference; editable in the app
344569,cert_handoffs/VGSE-001.json,General / shared,4533,Pinned collected revision; final designation governed by team receipt | 2fd9fd643bf3e9e98d121dc2e7af1cf1be411ae2,https://codeload.github.com/grandchallenge/MATHSOLVE/zip/2fd9fd643bf3e9e98d121dc2e7af1cf1be411ae2,,contestants/E10/13-archives/E10-grandchallenge-MATHSOLVE-2fd9fd643bf3e9e98d121dc2e7af1cf1be411ae2.zip,MATHSOLVE-2fd9fd643bf3e9e98d121dc2e7af1cf1be411ae2/cert_handoffs/VGSE-001.json,,e7fbd69c,Filename/path inference; editable in the app
347533,cert_handoffs/VGSE-001.json,General / shared,4533,Latest public revision collected separately; not an author-designated final | adcfa0537f43327f4bb9acfe1692f757fce353c4,https://codeload.github.com/grandchallenge/MATHSOLVE/zip/adcfa0537f43327f4bb9acfe1692f757fce353c4,,contestants/E10/13-archives/E10-grandchallenge-MATHSOLVE-adcfa0537f43327f4bb9acfe1692f757fce353c4.zip,MATHSOLVE-adcfa0537f43327f4bb9acfe1692f757fce353c4/cert_handoffs/VGSE-001.json,,e7fbd69c,Filename/path inference; editable in the app
344570,cert_handoffs/YM-001.json,General / shared,2671,Pinned collected revision; final designation governed by team receipt | 2fd9fd643bf3e9e98d121dc2e7af1cf1be411ae2,https://codeload.github.com/grandchallenge/MATHSOLVE/zip/2fd9fd643bf3e9e98d121dc2e7af1cf1be411ae2,,contestants/E10/13-archives/E10-grandchallenge-MATHSOLVE-2fd9fd643bf3e9e98d121dc2e7af1cf1be411ae2.zip,MATHSOLVE-2fd9fd643bf3e9e98d121dc2e7af1cf1be411ae2/cert_handoffs/YM-001.json,,2710a8c8,Filename/path inference; editable in the app
347534,cert_handoffs/YM-001.json,General / shared,2671,Latest public revision collected separately; not an author-designated final | adcfa0537f43327f4bb9acfe1692f757fce353c4,https://codeload.github.com/grandchallenge/MATHSOLVE/zip/adcfa0537f43327f4bb9acfe1692f757fce353c4,,contestants/E10/13-archives/E10-grandchallenge-MATHSOLVE-adcfa0537f43327f4bb9acfe1692f757fce353c4.zip,MATHSOLVE-adcfa0537f43327f4bb9acfe1692f757fce353c4/cert_handoffs/YM-001.json,,2710a8c8,Filename/path inference; editable in the app
344571,certificates/EUCLID-DIOPHANTINE-E2E-002.json,General / shared,3596,Pinned collected revision; final designation governed by team receipt | 2fd9fd643bf3e9e98d121dc2e7af1cf1be411ae2,https://codeload.github.com/grandchallenge/MATHSOLVE/zip/2fd9fd643bf3e9e98d121dc2e7af1cf1be411ae2,,contestants/E10/13-archives/E10-grandchallenge-MATHSOLVE-2fd9fd643bf3e9e98d121dc2e7af1cf1be411ae2.zip,MATHSOLVE-2fd9fd643bf3e9e98d121dc2e7af1cf1be411ae2/certificates/EUCLID-DIOPHANTINE-E2E-002.json,,4d163756,Filename/path inference; editable in the app
347535,certificates/EUCLID-DIOPHANTINE-E2E-002.json,General / shared,3596,Latest public revision collected separately; not an author-designated final | adcfa0537f43327f4bb9acfe1692f757fce353c4,https://codeload.github.com/grandchallenge/MATHSOLVE/zip/adcfa0537f43327f4bb9acfe1692f757fce353c4,,contestants/E10/13-archives/E10-grandchallenge-MATHSOLVE-adcfa0537f43327f4bb9acfe1692f757fce353c4.zip,MATHSOLVE-adcfa0537f43327f4bb9acfe1692f757fce353c4/certificates/EUCLID-DIOPHANTINE-E2E-002.json,,4d163756,Filename/path inference; editable in the app
344572,certificates/EUCLID-GCD-E2E-001.json,General / shared,1794,Pinned collected revision; final designation governed by team receipt | 2fd9fd643bf3e9e98d121dc2e7af1cf1be411ae2,https://codeload.github.com/grandchallenge/MATHSOLVE/zip/2fd9fd643bf3e9e98d121dc2e7af1cf1be411ae2,,contestants/E10/13-archives/E10-grandchallenge-MATHSOLVE-2fd9fd643bf3e9e98d121dc2e7af1cf1be411ae2.zip,MATHSOLVE-2fd9fd643bf3e9e98d121dc2e7af1cf1be411ae2/certificates/EUCLID-GCD-E2E-001.json,,10db5253,Filename/path inference; editable in the app
347536,certificates/EUCLID-GCD-E2E-001.json,General / shared,1794,Latest public revision collected separately; not an author-designated final | adcfa0537f43327f4bb9acfe1692f757fce353c4,https://codeload.github.com/grandchallenge/MATHSOLVE/zip/adcfa0537f43327f4bb9acfe1692f757fce353c4,,contestants/E10/13-archives/E10-grandchallenge-MATHSOLVE-adcfa0537f43327f4bb9acfe1692f757fce353c4.zip,MATHSOLVE-adcfa0537f43327f4bb9acfe1692f757fce353c4/certificates/EUCLID-GCD-E2E-001.json,,10db5253,Filename/path inference; editable in the app
344685,contracts/chaidez/chaidez_protocol_contract.json,General / shared,2385,Pinned collected revision; final designation governed by team receipt | 2fd9fd643bf3e9e98d121dc2e7af1cf1be411ae2,https://codeload.github.com/grandchallenge/MATHSOLVE/zip/2fd9fd643bf3e9e98d121dc2e7af1cf1be411ae2,,contestants/E10/13-archives/E10-grandchallenge-MATHSOLVE-2fd9fd643bf3e9e98d121dc2e7af1cf1be411ae2.zip,MATHSOLVE-2fd9fd643bf3e9e98d121dc2e7af1cf1be411ae2/contracts/chaidez/chaidez_protocol_contract.json,,3e26f800,Filename/path inference; editable in the app
347651,contracts/chaidez/chaidez_protocol_contract.json,General / shared,2385,Latest public revision collected separately; not an author-designated final | adcfa0537f43327f4bb9acfe1692f757fce353c4,https://codeload.github.com/grandchallenge/MATHSOLVE/zip/adcfa0537f43327f4bb9acfe1692f757fce353c4,,contestants/E10/13-archives/E10-grandchallenge-MATHSOLVE-adcfa0537f43327f4bb9acfe1692f757fce353c4.zip,MATHSOLVE-adcfa0537f43327f4bb9acfe1692f757fce353c4/contracts/chaidez/chaidez_protocol_contract.json,,3e26f800,Filename/path inference; editable in the app
344686,contracts/chaidez/foundational_profile.schema.json,General / shared,3876,Pinned collected revision; final designation governed by team receipt | 2fd9fd643bf3e9e98d121dc2e7af1cf1be411ae2,https://codeload.github.com/grandchallenge/MATHSOLVE/zip/2fd9fd643bf3e9e98d121dc2e7af1cf1be411ae2,,contestants/E10/13-archives/E10-grandchallenge-MATHSOLVE-2fd9fd643bf3e9e98d121dc2e7af1cf1be411ae2.zip,MATHSOLVE-2fd9fd643bf3e9e98d121dc2e7af1cf1be411ae2/contracts/chaidez/foundational_profile.schema.json,,612709b9,Filename/path inference; editable in the app
347652,contracts/chaidez/foundational_profile.schema.json,General / shared,3876,Latest public revision collected separately; not an author-designated final | adcfa0537f43327f4bb9acfe1692f757fce353c4,https://codeload.github.com/grandchallenge/MATHSOLVE/zip/adcfa0537f43327f4bb9acfe1692f757fce353c4,,contestants/E10/13-archives/E10-grandchallenge-MATHSOLVE-adcfa0537f43327f4bb9acfe1692f757fce353c4.zip,MATHSOLVE-adcfa0537f43327f4bb9acfe1692f757fce353c4/contracts/chaidez/foundational_profile.schema.json,,612709b9,Filename/path inference; editable in the app
344687,contracts/chaidez/generic_handoff_baseline.json,General / shared,2634,Pinned collected revision; final designation governed by team receipt | 2fd9fd643bf3e9e98d121dc2e7af1cf1be411ae2,https://codeload.github.com/grandchallenge/MATHSOLVE/zip/2fd9fd643bf3e9e98d121dc2e7af1cf1be411ae2,,contestants/E10/13-archives/E10-grandchallenge-MATHSOLVE-2fd9fd643bf3e9e98d121dc2e7af1cf1be411ae2.zip,MATHSOLVE-2fd9fd643bf3e9e98d121dc2e7af1cf1be411ae2/contracts/chaidez/generic_handoff_baseline.json,,485302aa,Filename/path inference; editable in the app
347653,contracts/chaidez/generic_handoff_baseline.json,General / shared,2634,Latest public revision collected separately; not an author-designated final | adcfa0537f43327f4bb9acfe1692f757fce353c4,https://codeload.github.com/grandchallenge/MATHSOLVE/zip/adcfa0537f43327f4bb9acfe1692f757fce353c4,,contestants/E10/13-archives/E10-grandchallenge-MATHSOLVE-adcfa0537f43327f4bb9acfe1692f757fce353c4.zip,MATHSOLVE-adcfa0537f43327f4bb9acfe1692f757fce353c4/contracts/chaidez/generic_handoff_baseline.json,,485302aa,Filename/path inference; editable in the app
344688,contracts/classification_discovery_refs.json,General / shared,1232,Pinned collected revision; final designation governed by team receipt | 2fd9fd643bf3e9e98d121dc2e7af1cf1be411ae2,https://codeload.github.com/grandchallenge/MATHSOLVE/zip/2fd9fd643bf3e9e98d121dc2e7af1cf1be411ae2,,contestants/E10/13-archives/E10-grandchallenge-MATHSOLVE-2fd9fd643bf3e9e98d121dc2e7af1cf1be411ae2.zip,MATHSOLVE-2fd9fd643bf3e9e98d121dc2e7af1cf1be411ae2/contracts/classification_discovery_refs.json,,fb49cd2f,Filename/path inference; editable in the app
347654,contracts/classification_discovery_refs.json,General / shared,1232,Latest public revision collected separately; not an author-designated final | adcfa0537f43327f4bb9acfe1692f757fce353c4,https://codeload.github.com/grandchallenge/MATHSOLVE/zip/adcfa0537f43327f4bb9acfe1692f757fce353c4,,contestants/E10/13-archives/E10-grandchallenge-MATHSOLVE-adcfa0537f43327f4bb9acfe1692f757fce353c4.zip,MATHSOLVE-adcfa0537f43327f4bb9acfe1692f757fce353c4/contracts/classification_discovery_refs.json,,fb49cd2f,Filename/path inference; editable in the app
344689,contracts/formal_conjectures_expanded_evidence.json,General / shared,9659,Pinned collected revision; final designation governed by team receipt | 2fd9fd643bf3e9e98d121dc2e7af1cf1be411ae2,https://codeload.github.com/grandchallenge/MATHSOLVE/zip/2fd9fd643bf3e9e98d121dc2e7af1cf1be411ae2,,contestants/E10/13-archives/E10-grandchallenge-MATHSOLVE-2fd9fd643bf3e9e98d121dc2e7af1cf1be411ae2.zip,MATHSOLVE-2fd9fd643bf3e9e98d121dc2e7af1cf1be411ae2/contracts/formal_conjectures_expanded_evidence.json,,b04928c0,Filename/path inference; editable in the app
347655,contracts/formal_conjectures_expanded_evidence.json,General / shared,9659,Latest public revision collected separately; not an author-designated final | adcfa0537f43327f4bb9acfe1692f757fce353c4,https://codeload.github.com/grandchallenge/MATHSOLVE/zip/adcfa0537f43327f4bb9acfe1692f757fce353c4,,contestants/E10/13-archives/E10-grandchallenge-MATHSOLVE-adcfa0537f43327f4bb9acfe1692f757fce353c4.zip,MATHSOLVE-adcfa0537f43327f4bb9acfe1692f757fce353c4/contracts/formal_conjectures_expanded_evidence.json,,b04928c0,Filename/path inference; editable in the app
344690,contracts/mathcert_current_routes.json,General / shared,8249,Pinned collected revision; final designation governed by team receipt | 2fd9fd643bf3e9e98d121dc2e7af1cf1be411ae2,https://codeload.github.com/grandchallenge/MATHSOLVE/zip/2fd9fd643bf3e9e98d121dc2e7af1cf1be411ae2,,contestants/E10/13-archives/E10-grandchallenge-MATHSOLVE-2fd9fd643bf3e9e98d121dc2e7af1cf1be411ae2.zip,MATHSOLVE-2fd9fd643bf3e9e98d121dc2e7af1cf1be411ae2/contracts/mathcert_current_routes.json,,19e58c32,Filename/path inference; editable in the app
347656,contracts/mathcert_current_routes.json,General / shared,8249,Latest public revision collected separately; not an author-designated final | adcfa0537f43327f4bb9acfe1692f757fce353c4,https://codeload.github.com/grandchallenge/MATHSOLVE/zip/adcfa0537f43327f4bb9acfe1692f757fce353c4,,contestants/E10/13-archives/E10-grandchallenge-MATHSOLVE-adcfa0537f43327f4bb9acfe1692f757fce353c4.zip,MATHSOLVE-adcfa0537f43327f4bb9acfe1692f757fce353c4/contracts/mathcert_current_routes.json,,19e58c32,Filename/path inference; editable in the app
344691,contracts/mathcert_current_routes_euclid_diophantine_overlay.json,General / shared,1946,Pinned collected revision; final designation governed by team receipt | 2fd9fd643bf3e9e98d121dc2e7af1cf1be411ae2,https://codeload.github.com/grandchallenge/MATHSOLVE/zip/2fd9fd643bf3e9e98d121dc2e7af1cf1be411ae2,,contestants/E10/13-archives/E10-grandchallenge-MATHSOLVE-2fd9fd643bf3e9e98d121dc2e7af1cf1be411ae2.zip,MATHSOLVE-2fd9fd643bf3e9e98d121dc2e7af1cf1be411ae2/contracts/mathcert_current_routes_euclid_diophantine_overlay.json,,2fe5dd54,Filename/path inference; editable in the app
347657,contracts/mathcert_current_routes_euclid_diophantine_overlay.json,General / shared,1946,Latest public revision collected separately; not an author-designated final | adcfa0537f43327f4bb9acfe1692f757fce353c4,https://codeload.github.com/grandchallenge/MATHSOLVE/zip/adcfa0537f43327f4bb9acfe1692f757fce353c4,,contestants/E10/13-archives/E10-grandchallenge-MATHSOLVE-adcfa0537f43327f4bb9acfe1692f757fce353c4.zip,MATHSOLVE-adcfa0537f43327f4bb9acfe1692f757fce353c4/contracts/mathcert_current_routes_euclid_diophantine_overlay.json,,2fe5dd54,Filename/path inference; editable in the app
344692,contracts/mathcert_current_routes_euclid_gcd_overlay.json,General / shared,1984,Pinned collected revision; final designation governed by team receipt | 2fd9fd643bf3e9e98d121dc2e7af1cf1be411ae2,https://codeload.github.com/grandchallenge/MATHSOLVE/zip/2fd9fd643bf3e9e98d121dc2e7af1cf1be411ae2,,contestants/E10/13-archives/E10-grandchallenge-MATHSOLVE-2fd9fd643bf3e9e98d121dc2e7af1cf1be411ae2.zip,MATHSOLVE-2fd9fd643bf3e9e98d121dc2e7af1cf1be411ae2/contracts/mathcert_current_routes_euclid_gcd_overlay.json,,7d3fda70,Filename/path inference; editable in the app
347658,contracts/mathcert_current_routes_euclid_gcd_overlay.json,General / shared,1984,Latest public revision collected separately; not an author-designated final | adcfa0537f43327f4bb9acfe1692f757fce353c4,https://codeload.github.com/grandchallenge/MATHSOLVE/zip/adcfa0537f43327f4bb9acfe1692f757fce353c4,,contestants/E10/13-archives/E10-grandchallenge-MATHSOLVE-adcfa0537f43327f4bb9acfe1692f757fce353c4.zip,MATHSOLVE-adcfa0537f43327f4bb9acfe1692f757fce353c4/contracts/mathcert_current_routes_euclid_gcd_overlay.json,,7d3fda70,Filename/path inference; editable in the app
344693,contracts/mathcert_current_routes_vgse_overlay.json,General / shared,1691,Pinned collected revision; final designation governed by team receipt | 2fd9fd643bf3e9e98d121dc2e7af1cf1be411ae2,https://codeload.github.com/grandchallenge/MATHSOLVE/zip/2fd9fd643bf3e9e98d121dc2e7af1cf1be411ae2,,contestants/E10/13-archives/E10-grandchallenge-MATHSOLVE-2fd9fd643bf3e9e98d121dc2e7af1cf1be411ae2.zip,MATHSOLVE-2fd9fd643bf3e9e98d121dc2e7af1cf1be411ae2/contracts/mathcert_current_routes_vgse_overlay.json,,0e79edc1,Filename/path inference; editable in the app
347659,contracts/mathcert_current_routes_vgse_overlay.json,General / shared,1691,Latest public revision collected separately; not an author-designated final | adcfa0537f43327f4bb9acfe1692f757fce353c4,https://codeload.github.com/grandchallenge/MATHSOLVE/zip/adcfa0537f43327f4bb9acfe1692f757fce353c4,,contestants/E10/13-archives/E10-grandchallenge-MATHSOLVE-adcfa0537f43327f4bb9acfe1692f757fce353c4.zip,MATHSOLVE-adcfa0537f43327f4bb9acfe1692f757fce353c4/contracts/mathcert_current_routes_vgse_overlay.json,,0e79edc1,Filename/path inference; editable in the app
344694,contracts/programme_reference_registry.json,General / shared,2702,Pinned collected revision; final designation governed by team receipt | 2fd9fd643bf3e9e98d121dc2e7af1cf1be411ae2,https://codeload.github.com/grandchallenge/MATHSOLVE/zip/2fd9fd643bf3e9e98d121dc2e7af1cf1be411ae2,,contestants/E10/13-archives/E10-grandchallenge-MATHSOLVE-2fd9fd643bf3e9e98d121dc2e7af1cf1be411ae2.zip,MATHSOLVE-2fd9fd643bf3e9e98d121dc2e7af1cf1be411ae2/contracts/programme_reference_registry.json,,5125fcff,Filename/path inference; editable in the app
347660,contracts/programme_reference_registry.json,General / shared,2702,Latest public revision collected separately; not an author-designated final | adcfa0537f43327f4bb9acfe1692f757fce353c4,https://codeload.github.com/grandchallenge/MATHSOLVE/zip/adcfa0537f43327f4bb9acfe1692f757fce353c4,,contestants/E10/13-archives/E10-grandchallenge-MATHSOLVE-adcfa0537f43327f4bb9acfe1692f757fce353c4.zip,MATHSOLVE-adcfa0537f43327f4bb9acfe1692f757fce353c4/contracts/programme_reference_registry.json,,5125fcff,Filename/path inference; editable in the app
344695,contracts/programme_taxonomy_adoption.json,General / shared,3176,Pinned collected revision; final designation governed by team receipt | 2fd9fd643bf3e9e98d121dc2e7af1cf1be411ae2,https://codeload.github.com/grandchallenge/MATHSOLVE/zip/2fd9fd643bf3e9e98d121dc2e7af1cf1be411ae2,,contestants/E10/13-archives/E10-grandchallenge-MATHSOLVE-2fd9fd643bf3e9e98d121dc2e7af1cf1be411ae2.zip,MATHSOLVE-2fd9fd643bf3e9e98d121dc2e7af1cf1be411ae2/contracts/programme_taxonomy_adoption.json,,6f703ac2,Filename/path inference; editable in the app
347661,contracts/programme_taxonomy_adoption.json,General / shared,3176,Latest public revision collected separately; not an author-designated final | adcfa0537f43327f4bb9acfe1692f757fce353c4,https://codeload.github.com/grandchallenge/MATHSOLVE/zip/adcfa0537f43327f4bb9acfe1692f757fce353c4,,contestants/E10/13-archives/E10-grandchallenge-MATHSOLVE-adcfa0537f43327f4bb9acfe1692f757fce353c4.zip,MATHSOLVE-adcfa0537f43327f4bb9acfe1692f757fce353c4/contracts/programme_taxonomy_adoption.json,,6f703ac2,Filename/path inference; editable in the app
344699,contributions/NS-CI-001/C2_MIX_DIRECTION_COMPRESSION_LEDGER_CHARGE/adjudications/NSCI-C2-B-COOP-001/adjudication.json,General / shared,1584,Pinned collected revision; final designation governed by team receipt | 2fd9fd643bf3e9e98d121dc2e7af1cf1be411ae2,https://codeload.github.com/grandchallenge/MATHSOLVE/zip/2fd9fd643bf3e9e98d121dc2e7af1cf1be411ae2,,contestants/E10/13-archives/E10-grandchallenge-MATHSOLVE-2fd9fd643bf3e9e98d121dc2e7af1cf1be411ae2.zip,MATHSOLVE-2fd9fd643bf3e9e98d121dc2e7af1cf1be411ae2/contributions/NS-CI-001/C2_MIX_DIRECTION_COMPRESSION_LEDGER_CHARGE/adjudications/NSCI-C2-B-COOP-001/adjudication.json,,21735a6d,Filename/path inference; editable in the app
347665,contributions/NS-CI-001/C2_MIX_DIRECTION_COMPRESSION_LEDGER_CHARGE/adjudications/NSCI-C2-B-COOP-001/adjudication.json,General / shared,1584,Latest public revision collected separately; not an author-designated final | adcfa0537f43327f4bb9acfe1692f757fce353c4,https://codeload.github.com/grandchallenge/MATHSOLVE/zip/adcfa0537f43327f4bb9acfe1692f757fce353c4,,contestants/E10/13-archives/E10-grandchallenge-MATHSOLVE-adcfa0537f43327f4bb9acfe1692f757fce353c4.zip,MATHSOLVE-adcfa0537f43327f4bb9acfe1692f757fce353c4/contributions/NS-CI-001/C2_MIX_DIRECTION_COMPRESSION_LEDGER_CHARGE/adjudications/NSCI-C2-B-COOP-001/adjudication.json,,21735a6d,Filename/path inference; editable in the app
344700,contributions/NS-CI-001/C2_MIX_DIRECTION_COMPRESSION_LEDGER_CHARGE/cohorts/NSCI-C2-A-BLIND-COHORT-001.json,General / shared,1480,Pinned collected revision; final designation governed by team receipt | 2fd9fd643bf3e9e98d121dc2e7af1cf1be411ae2,https://codeload.github.com/grandchallenge/MATHSOLVE/zip/2fd9fd643bf3e9e98d121dc2e7af1cf1be411ae2,,contestants/E10/13-archives/E10-grandchallenge-MATHSOLVE-2fd9fd643bf3e9e98d121dc2e7af1cf1be411ae2.zip,MATHSOLVE-2fd9fd643bf3e9e98d121dc2e7af1cf1be411ae2/contributions/NS-CI-001/C2_MIX_DIRECTION_COMPRESSION_LEDGER_CHARGE/cohorts/NSCI-C2-A-BLIND-COHORT-001.json,,b0731374,Filename/path inference; editable in the app
347666,contributions/NS-CI-001/C2_MIX_DIRECTION_COMPRESSION_LEDGER_CHARGE/cohorts/NSCI-C2-A-BLIND-COHORT-001.json,General / shared,1480,Latest public revision collected separately; not an author-designated final | adcfa0537f43327f4bb9acfe1692f757fce353c4,https://codeload.github.com/grandchallenge/MATHSOLVE/zip/adcfa0537f43327f4bb9acfe1692f757fce353c4,,contestants/E10/13-archives/E10-grandchallenge-MATHSOLVE-adcfa0537f43327f4bb9acfe1692f757fce353c4.zip,MATHSOLVE-adcfa0537f43327f4bb9acfe1692f757fce353c4/contributions/NS-CI-001/C2_MIX_DIRECTION_COMPRESSION_LEDGER_CHARGE/cohorts/NSCI-C2-A-BLIND-COHORT-001.json,,b0731374,Filename/path inference; editable in the app
344705,contributions/NS-CI-001/C2_MIX_DIRECTION_COMPRESSION_LEDGER_CHARGE/dispatches/NSCI-C2-A-BLIND-001.json,General / shared,1706,Pinned collected revision; final designation governed by team receipt | 2fd9fd643bf3e9e98d121dc2e7af1cf1be411ae2,https://codeload.github.com/grandchallenge/MATHSOLVE/zip/2fd9fd643bf3e9e98d121dc2e7af1cf1be411ae2,,contestants/E10/13-archives/E10-grandchallenge-MATHSOLVE-2fd9fd643bf3e9e98d121dc2e7af1cf1be411ae2.zip,MATHSOLVE-2fd9fd643bf3e9e98d121dc2e7af1cf1be411ae2/contributions/NS-CI-001/C2_MIX_DIRECTION_COMPRESSION_LEDGER_CHARGE/dispatches/NSCI-C2-A-BLIND-001.json,,36e7b877,Filename/path inference; editable in the app
347671,contributions/NS-CI-001/C2_MIX_DIRECTION_COMPRESSION_LEDGER_CHARGE/dispatches/NSCI-C2-A-BLIND-001.json,General / shared,1706,Latest public revision collected separately; not an author-designated final | adcfa0537f43327f4bb9acfe1692f757fce353c4,https://codeload.github.com/grandchallenge/MATHSOLVE/zip/adcfa0537f43327f4bb9acfe1692f757fce353c4,,contestants/E10/13-archives/E10-grandchallenge-MATHSOLVE-adcfa0537f43327f4bb9acfe1692f757fce353c4.zip,MATHSOLVE-adcfa0537f43327f4bb9acfe1692f757fce353c4/contributions/NS-CI-001/C2_MIX_DIRECTION_COMPRESSION_LEDGER_CHARGE/dispatches/NSCI-C2-A-BLIND-001.json,,36e7b877,Filename/path inference; editable in the app
344706,contributions/NS-CI-001/C2_MIX_DIRECTION_COMPRESSION_LEDGER_CHARGE/dispatches/NSCI-C2-A-BLIND-002.json,General / shared,1706,Pinned collected revision; final designation governed by team receipt | 2fd9fd643bf3e9e98d121dc2e7af1cf1be411ae2,https://codeload.github.com/grandchallenge/MATHSOLVE/zip/2fd9fd643bf3e9e98d121dc2e7af1cf1be411ae2,,contestants/E10/13-archives/E10-grandchallenge-MATHSOLVE-2fd9fd643bf3e9e98d121dc2e7af1cf1be411ae2.zip,MATHSOLVE-2fd9fd643bf3e9e98d121dc2e7af1cf1be411ae2/contributions/NS-CI-001/C2_MIX_DIRECTION_COMPRESSION_LEDGER_CHARGE/dispatches/NSCI-C2-A-BLIND-002.json,,4adaa5ad,Filename/path inference; editable in the app
347672,contributions/NS-CI-001/C2_MIX_DIRECTION_COMPRESSION_LEDGER_CHARGE/dispatches/NSCI-C2-A-BLIND-002.json,General / shared,1706,Latest public revision collected separately; not an author-designated final | adcfa0537f43327f4bb9acfe1692f757fce353c4,https://codeload.github.com/grandchallenge/MATHSOLVE/zip/adcfa0537f43327f4bb9acfe1692f757fce353c4,,contestants/E10/13-archives/E10-grandchallenge-MATHSOLVE-adcfa0537f43327f4bb9acfe1692f757fce353c4.zip,MATHSOLVE-adcfa0537f43327f4bb9acfe1692f757fce353c4/contributions/NS-CI-001/C2_MIX_DIRECTION_COMPRESSION_LEDGER_CHARGE/dispatches/NSCI-C2-A-BLIND-002.json,,4adaa5ad,Filename/path inference; editable in the app
344707,contributions/NS-CI-001/C2_MIX_DIRECTION_COMPRESSION_LEDGER_CHARGE/dispatches/NSCI-C2-B-ADV-999.json,General / shared,1640,Pinned collected revision; final designation governed by team receipt | 2fd9fd643bf3e9e98d121dc2e7af1cf1be411ae2,https://codeload.github.com/grandchallenge/MATHSOLVE/zip/2fd9fd643bf3e9e98d121dc2e7af1cf1be411ae2,,contestants/E10/13-archives/E10-grandchallenge-MATHSOLVE-2fd9fd643bf3e9e98d121dc2e7af1cf1be411ae2.zip,MATHSOLVE-2fd9fd643bf3e9e98d121dc2e7af1cf1be411ae2/contributions/NS-CI-001/C2_MIX_DIRECTION_COMPRESSION_LEDGER_CHARGE/dispatches/NSCI-C2-B-ADV-999.json,,c7a737b3,Filename/path inference; editable in the app
347673,contributions/NS-CI-001/C2_MIX_DIRECTION_COMPRESSION_LEDGER_CHARGE/dispatches/NSCI-C2-B-ADV-999.json,General / shared,1640,Latest public revision collected separately; not an author-designated final | adcfa0537f43327f4bb9acfe1692f757fce353c4,https://codeload.github.com/grandchallenge/MATHSOLVE/zip/adcfa0537f43327f4bb9acfe1692f757fce353c4,,contestants/E10/13-archives/E10-grandchallenge-MATHSOLVE-adcfa0537f43327f4bb9acfe1692f757fce353c4.zip,MATHSOLVE-adcfa0537f43327f4bb9acfe1692f757fce353c4/contributions/NS-CI-001/C2_MIX_DIRECTION_COMPRESSION_LEDGER_CHARGE/dispatches/NSCI-C2-B-ADV-999.json,,c7a737b3,Filename/path inference; editable in the app
344708,contributions/NS-CI-001/C2_MIX_DIRECTION_COMPRESSION_LEDGER_CHARGE/dispatches/NSCI-C2-B-COOP-001.json,General / shared,1681,Pinned collected revision; final designation governed by team receipt | 2fd9fd643bf3e9e98d121dc2e7af1cf1be411ae2,https://codeload.github.com/grandchallenge/MATHSOLVE/zip/2fd9fd643bf3e9e98d121dc2e7af1cf1be411ae2,,contestants/E10/13-archives/E10-grandchallenge-MATHSOLVE-2fd9fd643bf3e9e98d121dc2e7af1cf1be411ae2.zip,MATHSOLVE-2fd9fd643bf3e9e98d121dc2e7af1cf1be411ae2/contributions/NS-CI-001/C2_MIX_DIRECTION_COMPRESSION_LEDGER_CHARGE/dispatches/NSCI-C2-B-COOP-001.json,,586e29e1,Filename/path inference; editable in the app
347674,contributions/NS-CI-001/C2_MIX_DIRECTION_COMPRESSION_LEDGER_CHARGE/dispatches/NSCI-C2-B-COOP-001.json,General / shared,1681,Latest public revision collected separately; not an author-designated final | adcfa0537f43327f4bb9acfe1692f757fce353c4,https://codeload.github.com/grandchallenge/MATHSOLVE/zip/adcfa0537f43327f4bb9acfe1692f757fce353c4,,contestants/E10/13-archives/E10-grandchallenge-MATHSOLVE-adcfa0537f43327f4bb9acfe1692f757fce353c4.zip,MATHSOLVE-adcfa0537f43327f4bb9acfe1692f757fce353c4/contributions/NS-CI-001/C2_MIX_DIRECTION_COMPRESSION_LEDGER_CHARGE/dispatches/NSCI-C2-B-COOP-001.json,,586e29e1,Filename/path inference; editable in the app
344711,contributions/NS-CI-001/C2_MIX_DIRECTION_COMPRESSION_LEDGER_CHARGE/receipts/NSCI-C2-B-ADV-999/github-comment-5773435160.json,General / shared,1667,Pinned collected revision; final designation governed by team receipt | 2fd9fd643bf3e9e98d121dc2e7af1cf1be411ae2,https://codeload.github.com/grandchallenge/MATHSOLVE/zip/2fd9fd643bf3e9e98d121dc2e7af1cf1be411ae2,,contestants/E10/13-archives/E10-grandchallenge-MATHSOLVE-2fd9fd643bf3e9e98d121dc2e7af1cf1be411ae2.zip,MATHSOLVE-2fd9fd643bf3e9e98d121dc2e7af1cf1be411ae2/contributions/NS-CI-001/C2_MIX_DIRECTION_COMPRESSION_LEDGER_CHARGE/receipts/NSCI-C2-B-ADV-999/github-comment-5773435160.json,,5b86b1d5,Filename/path inference; editable in the app
347677,contributions/NS-CI-001/C2_MIX_DIRECTION_COMPRESSION_LEDGER_CHARGE/receipts/NSCI-C2-B-ADV-999/github-comment-5773435160.json,General / shared,1667,Latest public revision collected separately; not an author-designated final | adcfa0537f43327f4bb9acfe1692f757fce353c4,https://codeload.github.com/grandchallenge/MATHSOLVE/zip/adcfa0537f43327f4bb9acfe1692f757fce353c4,,contestants/E10/13-archives/E10-grandchallenge-MATHSOLVE-adcfa0537f43327f4bb9acfe1692f757fce353c4.zip,MATHSOLVE-adcfa0537f43327f4bb9acfe1692f757fce353c4/contributions/NS-CI-001/C2_MIX_DIRECTION_COMPRESSION_LEDGER_CHARGE/receipts/NSCI-C2-B-ADV-999/github-comment-5773435160.json,,5b86b1d5,Filename/path inference; editable in the app
344712,contributions/NS-CI-001/C2_MIX_DIRECTION_COMPRESSION_LEDGER_CHARGE/receipts/NSCI-C2-B-COOP-001/github-comment-5768723180.json,General / shared,1672,Pinned collected revision; final designation governed by team receipt | 2fd9fd643bf3e9e98d121dc2e7af1cf1be411ae2,https://codeload.github.com/grandchallenge/MATHSOLVE/zip/2fd9fd643bf3e9e98d121dc2e7af1cf1be411ae2,,contestants/E10/13-archives/E10-grandchallenge-MATHSOLVE-2fd9fd643bf3e9e98d121dc2e7af1cf1be411ae2.zip,MATHSOLVE-2fd9fd643bf3e9e98d121dc2e7af1cf1be411ae2/contributions/NS-CI-001/C2_MIX_DIRECTION_COMPRESSION_LEDGER_CHARGE/receipts/NSCI-C2-B-COOP-001/github-comment-5768723180.json,,e0b02de6,Filename/path inference; editable in the app
347678,contributions/NS-CI-001/C2_MIX_DIRECTION_COMPRESSION_LEDGER_CHARGE/receipts/NSCI-C2-B-COOP-001/github-comment-5768723180.json,General / shared,1672,Latest public revision collected separately; not an author-designated final | adcfa0537f43327f4bb9acfe1692f757fce353c4,https://codeload.github.com/grandchallenge/MATHSOLVE/zip/adcfa0537f43327f4bb9acfe1692f757fce353c4,,contestants/E10/13-archives/E10-grandchallenge-MATHSOLVE-adcfa0537f43327f4bb9acfe1692f757fce353c4.zip,MATHSOLVE-adcfa0537f43327f4bb9acfe1692f757fce353c4/contributions/NS-CI-001/C2_MIX_DIRECTION_COMPRESSION_LEDGER_CHARGE/receipts/NSCI-C2-B-COOP-001/github-comment-5768723180.json,,e0b02de6,Filename/path inference; editable in the app
344713,contributions/NS-CI-001/C2_MIX_DIRECTION_COMPRESSION_LEDGER_CHARGE/schemas/intake_receipt.schema.json,General / shared,3850,Pinned collected revision; final designation governed by team receipt | 2fd9fd643bf3e9e98d121dc2e7af1cf1be411ae2,https://codeload.github.com/grandchallenge/MATHSOLVE/zip/2fd9fd643bf3e9e98d121dc2e7af1cf1be411ae2,,contestants/E10/13-archives/E10-grandchallenge-MATHSOLVE-2fd9fd643bf3e9e98d121dc2e7af1cf1be411ae2.zip,MATHSOLVE-2fd9fd643bf3e9e98d121dc2e7af1cf1be411ae2/contributions/NS-CI-001/C2_MIX_DIRECTION_COMPRESSION_LEDGER_CHARGE/schemas/intake_receipt.schema.json,,04ded455,Filename/path inference; editable in the app
347679,contributions/NS-CI-001/C2_MIX_DIRECTION_COMPRESSION_LEDGER_CHARGE/schemas/intake_receipt.schema.json,General / shared,3850,Latest public revision collected separately; not an author-designated final | adcfa0537f43327f4bb9acfe1692f757fce353c4,https://codeload.github.com/grandchallenge/MATHSOLVE/zip/adcfa0537f43327f4bb9acfe1692f757fce353c4,,contestants/E10/13-archives/E10-grandchallenge-MATHSOLVE-adcfa0537f43327f4bb9acfe1692f757fce353c4.zip,MATHSOLVE-adcfa0537f43327f4bb9acfe1692f757fce353c4/contributions/NS-CI-001/C2_MIX_DIRECTION_COMPRESSION_LEDGER_CHARGE/schemas/intake_receipt.schema.json,,04ded455,Filename/path inference; editable in the app
344714,contributions/OPENMATH-2026/OM26-H1/H1-12/adjudications/OM26-H1-H1-12-ADJ-001.json,General / shared,4433,Pinned collected revision; final designation governed by team receipt | 2fd9fd643bf3e9e98d121dc2e7af1cf1be411ae2,https://codeload.github.com/grandchallenge/MATHSOLVE/zip/2fd9fd643bf3e9e98d121dc2e7af1cf1be411ae2,,contestants/E10/13-archives/E10-grandchallenge-MATHSOLVE-2fd9fd643bf3e9e98d121dc2e7af1cf1be411ae2.zip,MATHSOLVE-2fd9fd643bf3e9e98d121dc2e7af1cf1be411ae2/contributions/OPENMATH-2026/OM26-H1/H1-12/adjudications/OM26-H1-H1-12-ADJ-001.json,,c398e629,Filename/path inference; editable in the app
347680,contributions/OPENMATH-2026/OM26-H1/H1-12/adjudications/OM26-H1-H1-12-ADJ-001.json,General / shared,4433,Latest public revision collected separately; not an author-designated final | adcfa0537f43327f4bb9acfe1692f757fce353c4,https://codeload.github.com/grandchallenge/MATHSOLVE/zip/adcfa0537f43327f4bb9acfe1692f757fce353c4,,contestants/E10/13-archives/E10-grandchallenge-MATHSOLVE-adcfa0537f43327f4bb9acfe1692f757fce353c4.zip,MATHSOLVE-adcfa0537f43327f4bb9acfe1692f757fce353c4/contributions/OPENMATH-2026/OM26-H1/H1-12/adjudications/OM26-H1-H1-12-ADJ-001.json,,c398e629,Filename/path inference; editable in the app
344715,contributions/OPENMATH-2026/OM26-H1/H1-12/dispatches/OM26-H1-H1-12-IA-001.json,General / shared,1268,Pinned collected revision; final designation governed by team receipt | 2fd9fd643bf3e9e98d121dc2e7af1cf1be411ae2,https://codeload.github.com/grandchallenge/MATHSOLVE/zip/2fd9fd643bf3e9e98d121dc2e7af1cf1be411ae2,,contestants/E10/13-archives/E10-grandchallenge-MATHSOLVE-2fd9fd643bf3e9e98d121dc2e7af1cf1be411ae2.zip,MATHSOLVE-2fd9fd643bf3e9e98d121dc2e7af1cf1be411ae2/contributions/OPENMATH-2026/OM26-H1/H1-12/dispatches/OM26-H1-H1-12-IA-001.json,,3526b13d,Filename/path inference; editable in the app
347681,contributions/OPENMATH-2026/OM26-H1/H1-12/dispatches/OM26-H1-H1-12-IA-001.json,General / shared,1268,Latest public revision collected separately; not an author-designated final | adcfa0537f43327f4bb9acfe1692f757fce353c4,https://codeload.github.com/grandchallenge/MATHSOLVE/zip/adcfa0537f43327f4bb9acfe1692f757fce353c4,,contestants/E10/13-archives/E10-grandchallenge-MATHSOLVE-adcfa0537f43327f4bb9acfe1692f757fce353c4.zip,MATHSOLVE-adcfa0537f43327f4bb9acfe1692f757fce353c4/contributions/OPENMATH-2026/OM26-H1/H1-12/dispatches/OM26-H1-H1-12-IA-001.json,,3526b13d,Filename/path inference; editable in the app
344717,contributions/OPENMATH-2026/OM26-H1/H1-12/receipts/OM26-H1-H1-12-IA-001/RECOVERY_RECEIPT.json,General / shared,3411,Pinned collected revision; final designation governed by team receipt | 2fd9fd643bf3e9e98d121dc2e7af1cf1be411ae2,https://codeload.github.com/grandchallenge/MATHSOLVE/zip/2fd9fd643bf3e9e98d121dc2e7af1cf1be411ae2,,contestants/E10/13-archives/E10-grandchallenge-MATHSOLVE-2fd9fd643bf3e9e98d121dc2e7af1cf1be411ae2.zip,MATHSOLVE-2fd9fd643bf3e9e98d121dc2e7af1cf1be411ae2/contributions/OPENMATH-2026/OM26-H1/H1-12/receipts/OM26-H1-H1-12-IA-001/RECOVERY_RECEIPT.json,,4d0e2d06,Filename/path inference; editable in the app
347683,contributions/OPENMATH-2026/OM26-H1/H1-12/receipts/OM26-H1-H1-12-IA-001/RECOVERY_RECEIPT.json,General / shared,3411,Latest public revision collected separately; not an author-designated final | adcfa0537f43327f4bb9acfe1692f757fce353c4,https://codeload.github.com/grandchallenge/MATHSOLVE/zip/adcfa0537f43327f4bb9acfe1692f757fce353c4,,contestants/E10/13-archives/E10-grandchallenge-MATHSOLVE-adcfa0537f43327f4bb9acfe1692f757fce353c4.zip,MATHSOLVE-adcfa0537f43327f4bb9acfe1692f757fce353c4/contributions/OPENMATH-2026/OM26-H1/H1-12/receipts/OM26-H1-H1-12-IA-001/RECOVERY_RECEIPT.json,,4d0e2d06,Filename/path inference; editable in the app
344718,contributions/OPENMATH-2026/OM26-H1/WP01/dispatches/OM26-H1-WP01-IA-001.json,General / shared,936,Pinned collected revision; final designation governed by team receipt | 2fd9fd643bf3e9e98d121dc2e7af1cf1be411ae2,https://codeload.github.com/grandchallenge/MATHSOLVE/zip/2fd9fd643bf3e9e98d121dc2e7af1cf1be411ae2,,contestants/E10/13-archives/E10-grandchallenge-MATHSOLVE-2fd9fd643bf3e9e98d121dc2e7af1cf1be411ae2.zip,MATHSOLVE-2fd9fd643bf3e9e98d121dc2e7af1cf1be411ae2/contributions/OPENMATH-2026/OM26-H1/WP01/dispatches/OM26-H1-WP01-IA-001.json,,db8b5909,Filename/path inference; editable in the app
347684,contributions/OPENMATH-2026/OM26-H1/WP01/dispatches/OM26-H1-WP01-IA-001.json,General / shared,936,Latest public revision collected separately; not an author-designated final | adcfa0537f43327f4bb9acfe1692f757fce353c4,https://codeload.github.com/grandchallenge/MATHSOLVE/zip/adcfa0537f43327f4bb9acfe1692f757fce353c4,,contestants/E10/13-archives/E10-grandchallenge-MATHSOLVE-adcfa0537f43327f4bb9acfe1692f757fce353c4.zip,MATHSOLVE-adcfa0537f43327f4bb9acfe1692f757fce353c4/contributions/OPENMATH-2026/OM26-H1/WP01/dispatches/OM26-H1-WP01-IA-001.json,,db8b5909,Filename/path inference; editable in the app
344719,contributions/OPENMATH-2026/OM26-H1/WP01/lifecycle/OM26-H1-WP01-IA-001/ADJUDICATION.json,General / shared,760,Pinned collected revision; final designation governed by team receipt | 2fd9fd643bf3e9e98d121dc2e7af1cf1be411ae2,https://codeload.github.com/grandchallenge/MATHSOLVE/zip/2fd9fd643bf3e9e98d121dc2e7af1cf1be411ae2,,contestants/E10/13-archives/E10-grandchallenge-MATHSOLVE-2fd9fd643bf3e9e98d121dc2e7af1cf1be411ae2.zip,MATHSOLVE-2fd9fd643bf3e9e98d121dc2e7af1cf1be411ae2/contributions/OPENMATH-2026/OM26-H1/WP01/lifecycle/OM26-H1-WP01-IA-001/ADJUDICATION.json,,be25b2ab,Filename/path inference; editable in the app
347685,contributions/OPENMATH-2026/OM26-H1/WP01/lifecycle/OM26-H1-WP01-IA-001/ADJUDICATION.json,General / shared,760,Latest public revision collected separately; not an author-designated final | adcfa0537f43327f4bb9acfe1692f757fce353c4,https://codeload.github.com/grandchallenge/MATHSOLVE/zip/adcfa0537f43327f4bb9acfe1692f757fce353c4,,contestants/E10/13-archives/E10-grandchallenge-MATHSOLVE-adcfa0537f43327f4bb9acfe1692f757fce353c4.zip,MATHSOLVE-adcfa0537f43327f4bb9acfe1692f757fce353c4/contributions/OPENMATH-2026/OM26-H1/WP01/lifecycle/OM26-H1-WP01-IA-001/ADJUDICATION.json,,be25b2ab,Filename/path inference; editable in the app
344720,contributions/OPENMATH-2026/OM26-H1/WP01/lifecycle/OM26-H1-WP01-IA-001/MANIFEST.json,General / shared,1766,Pinned collected revision; final designation governed by team receipt | 2fd9fd643bf3e9e98d121dc2e7af1cf1be411ae2,https://codeload.github.com/grandchallenge/MATHSOLVE/zip/2fd9fd643bf3e9e98d121dc2e7af1cf1be411ae2,,contestants/E10/13-archives/E10-grandchallenge-MATHSOLVE-2fd9fd643bf3e9e98d121dc2e7af1cf1be411ae2.zip,MATHSOLVE-2fd9fd643bf3e9e98d121dc2e7af1cf1be411ae2/contributions/OPENMATH-2026/OM26-H1/WP01/lifecycle/OM26-H1-WP01-IA-001/MANIFEST.json,,4d758f51,Filename/path inference; editable in the app
347686,contributions/OPENMATH-2026/OM26-H1/WP01/lifecycle/OM26-H1-WP01-IA-001/MANIFEST.json,General / shared,1766,Latest public revision collected separately; not an author-designated final | adcfa0537f43327f4bb9acfe1692f757fce353c4,https://codeload.github.com/grandchallenge/MATHSOLVE/zip/adcfa0537f43327f4bb9acfe1692f757fce353c4,,contestants/E10/13-archives/E10-grandchallenge-MATHSOLVE-adcfa0537f43327f4bb9acfe1692f757fce353c4.zip,MATHSOLVE-adcfa0537f43327f4bb9acfe1692f757fce353c4/contributions/OPENMATH-2026/OM26-H1/WP01/lifecycle/OM26-H1-WP01-IA-001/MANIFEST.json,,4d758f51,Filename/path inference; editable in the app
344721,contributions/OPENMATH-2026/OM26-H1/WP01/lifecycle/OM26-H1-WP01-IA-001/PROGRAMME_PROJECTION.json,General / shared,902,Pinned collected revision; final designation governed by team receipt | 2fd9fd643bf3e9e98d121dc2e7af1cf1be411ae2,https://codeload.github.com/grandchallenge/MATHSOLVE/zip/2fd9fd643bf3e9e98d121dc2e7af1cf1be411ae2,,contestants/E10/13-archives/E10-grandchallenge-MATHSOLVE-2fd9fd643bf3e9e98d121dc2e7af1cf1be411ae2.zip,MATHSOLVE-2fd9fd643bf3e9e98d121dc2e7af1cf1be411ae2/contributions/OPENMATH-2026/OM26-H1/WP01/lifecycle/OM26-H1-WP01-IA-001/PROGRAMME_PROJECTION.json,,10bf4a0f,Filename/path inference; editable in the app
347687,contributions/OPENMATH-2026/OM26-H1/WP01/lifecycle/OM26-H1-WP01-IA-001/PROGRAMME_PROJECTION.json,General / shared,902,Latest public revision collected separately; not an author-designated final | adcfa0537f43327f4bb9acfe1692f757fce353c4,https://codeload.github.com/grandchallenge/MATHSOLVE/zip/adcfa0537f43327f4bb9acfe1692f757fce353c4,,contestants/E10/13-archives/E10-grandchallenge-MATHSOLVE-adcfa0537f43327f4bb9acfe1692f757fce353c4.zip,MATHSOLVE-adcfa0537f43327f4bb9acfe1692f757fce353c4/contributions/OPENMATH-2026/OM26-H1/WP01/lifecycle/OM26-H1-WP01-IA-001/PROGRAMME_PROJECTION.json,,10bf4a0f,Filename/path inference; editable in the app
344722,contributions/OPENMATH-2026/OM26-H1/WP01/lifecycle/OM26-H1-WP01-IA-001/REPLAY.json,General / shared,729,Pinned collected revision; final designation governed by team receipt | 2fd9fd643bf3e9e98d121dc2e7af1cf1be411ae2,https://codeload.github.com/grandchallenge/MATHSOLVE/zip/2fd9fd643bf3e9e98d121dc2e7af1cf1be411ae2,,contestants/E10/13-archives/E10-grandchallenge-MATHSOLVE-2fd9fd643bf3e9e98d121dc2e7af1cf1be411ae2.zip,MATHSOLVE-2fd9fd643bf3e9e98d121dc2e7af1cf1be411ae2/contributions/OPENMATH-2026/OM26-H1/WP01/lifecycle/OM26-H1-WP01-IA-001/REPLAY.json,,ed1984da,Filename/path inference; editable in the app
347688,contributions/OPENMATH-2026/OM26-H1/WP01/lifecycle/OM26-H1-WP01-IA-001/REPLAY.json,General / shared,729,Latest public revision collected separately; not an author-designated final | adcfa0537f43327f4bb9acfe1692f757fce353c4,https://codeload.github.com/grandchallenge/MATHSOLVE/zip/adcfa0537f43327f4bb9acfe1692f757fce353c4,,contestants/E10/13-archives/E10-grandchallenge-MATHSOLVE-adcfa0537f43327f4bb9acfe1692f757fce353c4.zip,MATHSOLVE-adcfa0537f43327f4bb9acfe1692f757fce353c4/contributions/OPENMATH-2026/OM26-H1/WP01/lifecycle/OM26-H1-WP01-IA-001/REPLAY.json,,ed1984da,Filename/path inference; editable in the app
344724,contributions/OPENMATH-2026/OM26-H1/WP01/receipts/OM26-H1-WP01-IA-001/github-comment-5921341946.json,General / shared,1553,Pinned collected revision; final designation governed by team receipt | 2fd9fd643bf3e9e98d121dc2e7af1cf1be411ae2,https://codeload.github.com/grandchallenge/MATHSOLVE/zip/2fd9fd643bf3e9e98d121dc2e7af1cf1be411ae2,,contestants/E10/13-archives/E10-grandchallenge-MATHSOLVE-2fd9fd643bf3e9e98d121dc2e7af1cf1be411ae2.zip,MATHSOLVE-2fd9fd643bf3e9e98d121dc2e7af1cf1be411ae2/contributions/OPENMATH-2026/OM26-H1/WP01/receipts/OM26-H1-WP01-IA-001/github-comment-5921341946.json,,bf4503fb,Filename/path inference; editable in the app
347690,contributions/OPENMATH-2026/OM26-H1/WP01/receipts/OM26-H1-WP01-IA-001/github-comment-5921341946.json,General / shared,1553,Latest public revision collected separately; not an author-designated final | adcfa0537f43327f4bb9acfe1692f757fce353c4,https://codeload.github.com/grandchallenge/MATHSOLVE/zip/adcfa0537f43327f4bb9acfe1692f757fce353c4,,contestants/E10/13-archives/E10-grandchallenge-MATHSOLVE-adcfa0537f43327f4bb9acfe1692f757fce353c4.zip,MATHSOLVE-adcfa0537f43327f4bb9acfe1692f757fce353c4/contributions/OPENMATH-2026/OM26-H1/WP01/receipts/OM26-H1-WP01-IA-001/github-comment-5921341946.json,,bf4503fb,Filename/path inference; editable in the app
344725,contributions/OPENMATH-2026/OM26-H1/WP02/dispatches/OM26-H1-WP02-IA-001.json,General / shared,932,Pinned collected revision; final designation governed by team receipt | 2fd9fd643bf3e9e98d121dc2e7af1cf1be411ae2,https://codeload.github.com/grandchallenge/MATHSOLVE/zip/2fd9fd643bf3e9e98d121dc2e7af1cf1be411ae2,,contestants/E10/13-archives/E10-grandchallenge-MATHSOLVE-2fd9fd643bf3e9e98d121dc2e7af1cf1be411ae2.zip,MATHSOLVE-2fd9fd643bf3e9e98d121dc2e7af1cf1be411ae2/contributions/OPENMATH-2026/OM26-H1/WP02/dispatches/OM26-H1-WP02-IA-001.json,,3fdc113c,Filename/path inference; editable in the app
347691,contributions/OPENMATH-2026/OM26-H1/WP02/dispatches/OM26-H1-WP02-IA-001.json,General / shared,932,Latest public revision collected separately; not an author-designated final | adcfa0537f43327f4bb9acfe1692f757fce353c4,https://codeload.github.com/grandchallenge/MATHSOLVE/zip/adcfa0537f43327f4bb9acfe1692f757fce353c4,,contestants/E10/13-archives/E10-grandchallenge-MATHSOLVE-adcfa0537f43327f4bb9acfe1692f757fce353c4.zip,MATHSOLVE-adcfa0537f43327f4bb9acfe1692f757fce353c4/contributions/OPENMATH-2026/OM26-H1/WP02/dispatches/OM26-H1-WP02-IA-001.json,,3fdc113c,Filename/path inference; editable in the app
344726,contributions/OPENMATH-2026/OM26-H1/WP03/dispatches/OM26-H1-WP03-IA-001.json,General / shared,961,Pinned collected revision; final designation governed by team receipt | 2fd9fd643bf3e9e98d121dc2e7af1cf1be411ae2,https://codeload.github.com/grandchallenge/MATHSOLVE/zip/2fd9fd643bf3e9e98d121dc2e7af1cf1be411ae2,,contestants/E10/13-archives/E10-grandchallenge-MATHSOLVE-2fd9fd643bf3e9e98d121dc2e7af1cf1be411ae2.zip,MATHSOLVE-2fd9fd643bf3e9e98d121dc2e7af1cf1be411ae2/contributions/OPENMATH-2026/OM26-H1/WP03/dispatches/OM26-H1-WP03-IA-001.json,,3ebd5e86,Filename/path inference; editable in the app
347692,contributions/OPENMATH-2026/OM26-H1/WP03/dispatches/OM26-H1-WP03-IA-001.json,General / shared,961,Latest public revision collected separately; not an author-designated final | adcfa0537f43327f4bb9acfe1692f757fce353c4,https://codeload.github.com/grandchallenge/MATHSOLVE/zip/adcfa0537f43327f4bb9acfe1692f757fce353c4,,contestants/E10/13-archives/E10-grandchallenge-MATHSOLVE-adcfa0537f43327f4bb9acfe1692f757fce353c4.zip,MATHSOLVE-adcfa0537f43327f4bb9acfe1692f757fce353c4/contributions/OPENMATH-2026/OM26-H1/WP03/dispatches/OM26-H1-WP03-IA-001.json,,3ebd5e86,Filename/path inference; editable in the app
344727,contributions/OPENMATH-2026/OM26-H1/WP03/lifecycle/OM26-H1-WP03-IA-001/ADJUDICATION.json,General / shared,760,Pinned collected revision; final designation governed by team receipt | 2fd9fd643bf3e9e98d121dc2e7af1cf1be411ae2,https://codeload.github.com/grandchallenge/MATHSOLVE/zip/2fd9fd643bf3e9e98d121dc2e7af1cf1be411ae2,,contestants/E10/13-archives/E10-grandchallenge-MATHSOLVE-2fd9fd643bf3e9e98d121dc2e7af1cf1be411ae2.zip,MATHSOLVE-2fd9fd643bf3e9e98d121dc2e7af1cf1be411ae2/contributions/OPENMATH-2026/OM26-H1/WP03/lifecycle/OM26-H1-WP03-IA-001/ADJUDICATION.json,,e9bfe9a5,Filename/path inference; editable in the app
347693,contributions/OPENMATH-2026/OM26-H1/WP03/lifecycle/OM26-H1-WP03-IA-001/ADJUDICATION.json,General / shared,760,Latest public revision collected separately; not an author-designated final | adcfa0537f43327f4bb9acfe1692f757fce353c4,https://codeload.github.com/grandchallenge/MATHSOLVE/zip/adcfa0537f43327f4bb9acfe1692f757fce353c4,,contestants/E10/13-archives/E10-grandchallenge-MATHSOLVE-adcfa0537f43327f4bb9acfe1692f757fce353c4.zip,MATHSOLVE-adcfa0537f43327f4bb9acfe1692f757fce353c4/contributions/OPENMATH-2026/OM26-H1/WP03/lifecycle/OM26-H1-WP03-IA-001/ADJUDICATION.json,,e9bfe9a5,Filename/path inference; editable in the app
344728,contributions/OPENMATH-2026/OM26-H1/WP03/lifecycle/OM26-H1-WP03-IA-001/MANIFEST.json,General / shared,1857,Pinned collected revision; final designation governed by team receipt | 2fd9fd643bf3e9e98d121dc2e7af1cf1be411ae2,https://codeload.github.com/grandchallenge/MATHSOLVE/zip/2fd9fd643bf3e9e98d121dc2e7af1cf1be411ae2,,contestants/E10/13-archives/E10-grandchallenge-MATHSOLVE-2fd9fd643bf3e9e98d121dc2e7af1cf1be411ae2.zip,MATHSOLVE-2fd9fd643bf3e9e98d121dc2e7af1cf1be411ae2/contributions/OPENMATH-2026/OM26-H1/WP03/lifecycle/OM26-H1-WP03-IA-001/MANIFEST.json,,990272b9,Filename/path inference; editable in the app
347694,contributions/OPENMATH-2026/OM26-H1/WP03/lifecycle/OM26-H1-WP03-IA-001/MANIFEST.json,General / shared,1857,Latest public revision collected separately; not an author-designated final | adcfa0537f43327f4bb9acfe1692f757fce353c4,https://codeload.github.com/grandchallenge/MATHSOLVE/zip/adcfa0537f43327f4bb9acfe1692f757fce353c4,,contestants/E10/13-archives/E10-grandchallenge-MATHSOLVE-adcfa0537f43327f4bb9acfe1692f757fce353c4.zip,MATHSOLVE-adcfa0537f43327f4bb9acfe1692f757fce353c4/contributions/OPENMATH-2026/OM26-H1/WP03/lifecycle/OM26-H1-WP03-IA-001/MANIFEST.json,,990272b9,Filename/path inference; editable in the app
344729,contributions/OPENMATH-2026/OM26-H1/WP03/lifecycle/OM26-H1-WP03-IA-001/PROGRAMME_PROJECTION.json,General / shared,953,Pinned collected revision; final designation governed by team receipt | 2fd9fd643bf3e9e98d121dc2e7af1cf1be411ae2,https://codeload.github.com/grandchallenge/MATHSOLVE/zip/2fd9fd643bf3e9e98d121dc2e7af1cf1be411ae2,,contestants/E10/13-archives/E10-grandchallenge-MATHSOLVE-2fd9fd643bf3e9e98d121dc2e7af1cf1be411ae2.zip,MATHSOLVE-2fd9fd643bf3e9e98d121dc2e7af1cf1be411ae2/contributions/OPENMATH-2026/OM26-H1/WP03/lifecycle/OM26-H1-WP03-IA-001/PROGRAMME_PROJECTION.json,,ece2bc0b,Filename/path inference; editable in the app
347695,contributions/OPENMATH-2026/OM26-H1/WP03/lifecycle/OM26-H1-WP03-IA-001/PROGRAMME_PROJECTION.json,General / shared,953,Latest public revision collected separately; not an author-designated final | adcfa0537f43327f4bb9acfe1692f757fce353c4,https://codeload.github.com/grandchallenge/MATHSOLVE/zip/adcfa0537f43327f4bb9acfe1692f757fce353c4,,contestants/E10/13-archives/E10-grandchallenge-MATHSOLVE-adcfa0537f43327f4bb9acfe1692f757fce353c4.zip,MATHSOLVE-adcfa0537f43327f4bb9acfe1692f757fce353c4/contributions/OPENMATH-2026/OM26-H1/WP03/lifecycle/OM26-H1-WP03-IA-001/PROGRAMME_PROJECTION.json,,ece2bc0b,Filename/path inference; editable in the app
344730,contributions/OPENMATH-2026/OM26-H1/WP03/lifecycle/OM26-H1-WP03-IA-001/REPLAY.json,General / shared,729,Pinned collected revision; final designation governed by team receipt | 2fd9fd643bf3e9e98d121dc2e7af1cf1be411ae2,https://codeload.github.com/grandchallenge/MATHSOLVE/zip/2fd9fd643bf3e9e98d121dc2e7af1cf1be411ae2,,contestants/E10/13-archives/E10-grandchallenge-MATHSOLVE-2fd9fd643bf3e9e98d121dc2e7af1cf1be411ae2.zip,MATHSOLVE-2fd9fd643bf3e9e98d121dc2e7af1cf1be411ae2/contributions/OPENMATH-2026/OM26-H1/WP03/lifecycle/OM26-H1-WP03-IA-001/REPLAY.json,,ff33b0a2,Filename/path inference; editable in the app
347696,contributions/OPENMATH-2026/OM26-H1/WP03/lifecycle/OM26-H1-WP03-IA-001/REPLAY.json,General / shared,729,Latest public revision collected separately; not an author-designated final | adcfa0537f43327f4bb9acfe1692f757fce353c4,https://codeload.github.com/grandchallenge/MATHSOLVE/zip/adcfa0537f43327f4bb9acfe1692f757fce353c4,,contestants/E10/13-archives/E10-grandchallenge-MATHSOLVE-adcfa0537f43327f4bb9acfe1692f757fce353c4.zip,MATHSOLVE-adcfa0537f43327f4bb9acfe1692f757fce353c4/contributions/OPENMATH-2026/OM26-H1/WP03/lifecycle/OM26-H1-WP03-IA-001/REPLAY.json,,ff33b0a2,Filename/path inference; editable in the app
344732,contributions/OPENMATH-2026/OM26-H1/WP03/receipts/OM26-H1-WP03-IA-001/github-comment-5942369182.json,General / shared,21611,Pinned collected revision; final designation governed by team receipt | 2fd9fd643bf3e9e98d121dc2e7af1cf1be411ae2,https://codeload.github.com/grandchallenge/MATHSOLVE/zip/2fd9fd643bf3e9e98d121dc2e7af1cf1be411ae2,,contestants/E10/13-archives/E10-grandchallenge-MATHSOLVE-2fd9fd643bf3e9e98d121dc2e7af1cf1be411ae2.zip,MATHSOLVE-2fd9fd643bf3e9e98d121dc2e7af1cf1be411ae2/contributions/OPENMATH-2026/OM26-H1/WP03/receipts/OM26-H1-WP03-IA-001/github-comment-5942369182.json,,4caee697,Filename/path inference; editable in the app
347698,contributions/OPENMATH-2026/OM26-H1/WP03/receipts/OM26-H1-WP03-IA-001/github-comment-5942369182.json,General / shared,21611,Latest public revision collected separately; not an author-designated final | adcfa0537f43327f4bb9acfe1692f757fce353c4,https://codeload.github.com/grandchallenge/MATHSOLVE/zip/adcfa0537f43327f4bb9acfe1692f757fce353c4,,contestants/E10/13-archives/E10-grandchallenge-MATHSOLVE-adcfa0537f43327f4bb9acfe1692f757fce353c4.zip,MATHSOLVE-adcfa0537f43327f4bb9acfe1692f757fce353c4/contributions/OPENMATH-2026/OM26-H1/WP03/receipts/OM26-H1-WP03-IA-001/github-comment-5942369182.json,,4caee697,Filename/path inference; editable in the app
344733,contributions/OPENMATH-2026/OM26-H1/WP04/dispatches/OM26-H1-WP04-IA-001.json,General / shared,974,Pinned collected revision; final designation governed by team receipt | 2fd9fd643bf3e9e98d121dc2e7af1cf1be411ae2,https://codeload.github.com/grandchallenge/MATHSOLVE/zip/2fd9fd643bf3e9e98d121dc2e7af1cf1be411ae2,,contestants/E10/13-archives/E10-grandchallenge-MATHSOLVE-2fd9fd643bf3e9e98d121dc2e7af1cf1be411ae2.zip,MATHSOLVE-2fd9fd643bf3e9e98d121dc2e7af1cf1be411ae2/contributions/OPENMATH-2026/OM26-H1/WP04/dispatches/OM26-H1-WP04-IA-001.json,,04070cff,Filename/path inference; editable in the app
347699,contributions/OPENMATH-2026/OM26-H1/WP04/dispatches/OM26-H1-WP04-IA-001.json,General / shared,974,Latest public revision collected separately; not an author-designated final | adcfa0537f43327f4bb9acfe1692f757fce353c4,https://codeload.github.com/grandchallenge/MATHSOLVE/zip/adcfa0537f43327f4bb9acfe1692f757fce353c4,,contestants/E10/13-archives/E10-grandchallenge-MATHSOLVE-adcfa0537f43327f4bb9acfe1692f757fce353c4.zip,MATHSOLVE-adcfa0537f43327f4bb9acfe1692f757fce353c4/contributions/OPENMATH-2026/OM26-H1/WP04/dispatches/OM26-H1-WP04-IA-001.json,,04070cff,Filename/path inference; editable in the app
344734,contributions/OPENMATH-2026/OM26-H1/WP04/lifecycle/OM26-H1-WP04-IA-001/ADJUDICATION.json,General / shared,760,Pinned collected revision; final designation governed by team receipt | 2fd9fd643bf3e9e98d121dc2e7af1cf1be411ae2,https://codeload.github.com/grandchallenge/MATHSOLVE/zip/2fd9fd643bf3e9e98d121dc2e7af1cf1be411ae2,,contestants/E10/13-archives/E10-grandchallenge-MATHSOLVE-2fd9fd643bf3e9e98d121dc2e7af1cf1be411ae2.zip,MATHSOLVE-2fd9fd643bf3e9e98d121dc2e7af1cf1be411ae2/contributions/OPENMATH-2026/OM26-H1/WP04/lifecycle/OM26-H1-WP04-IA-001/ADJUDICATION.json,,60b09850,Filename/path inference; editable in the app
347700,contributions/OPENMATH-2026/OM26-H1/WP04/lifecycle/OM26-H1-WP04-IA-001/ADJUDICATION.json,General / shared,760,Latest public revision collected separately; not an author-designated final | adcfa0537f43327f4bb9acfe1692f757fce353c4,https://codeload.github.com/grandchallenge/MATHSOLVE/zip/adcfa0537f43327f4bb9acfe1692f757fce353c4,,contestants/E10/13-archives/E10-grandchallenge-MATHSOLVE-adcfa0537f43327f4bb9acfe1692f757fce353c4.zip,MATHSOLVE-adcfa0537f43327f4bb9acfe1692f757fce353c4/contributions/OPENMATH-2026/OM26-H1/WP04/lifecycle/OM26-H1-WP04-IA-001/ADJUDICATION.json,,60b09850,Filename/path inference; editable in the app
344735,contributions/OPENMATH-2026/OM26-H1/WP04/lifecycle/OM26-H1-WP04-IA-001/MANIFEST.json,General / shared,1857,Pinned collected revision; final designation governed by team receipt | 2fd9fd643bf3e9e98d121dc2e7af1cf1be411ae2,https://codeload.github.com/grandchallenge/MATHSOLVE/zip/2fd9fd643bf3e9e98d121dc2e7af1cf1be411ae2,,contestants/E10/13-archives/E10-grandchallenge-MATHSOLVE-2fd9fd643bf3e9e98d121dc2e7af1cf1be411ae2.zip,MATHSOLVE-2fd9fd643bf3e9e98d121dc2e7af1cf1be411ae2/contributions/OPENMATH-2026/OM26-H1/WP04/lifecycle/OM26-H1-WP04-IA-001/MANIFEST.json,,b9723491,Filename/path inference; editable in the app
347701,contributions/OPENMATH-2026/OM26-H1/WP04/lifecycle/OM26-H1-WP04-IA-001/MANIFEST.json,General / shared,1857,Latest public revision collected separately; not an author-designated final | adcfa0537f43327f4bb9acfe1692f757fce353c4,https://codeload.github.com/grandchallenge/MATHSOLVE/zip/adcfa0537f43327f4bb9acfe1692f757fce353c4,,contestants/E10/13-archives/E10-grandchallenge-MATHSOLVE-adcfa0537f43327f4bb9acfe1692f757fce353c4.zip,MATHSOLVE-adcfa0537f43327f4bb9acfe1692f757fce353c4/contributions/OPENMATH-2026/OM26-H1/WP04/lifecycle/OM26-H1-WP04-IA-001/MANIFEST.json,,b9723491,Filename/path inference; editable in the app
344736,contributions/OPENMATH-2026/OM26-H1/WP04/lifecycle/OM26-H1-WP04-IA-001/PROGRAMME_PROJECTION.json,General / shared,953,Pinned collected revision; final designation governed by team receipt | 2fd9fd643bf3e9e98d121dc2e7af1cf1be411ae2,https://codeload.github.com/grandchallenge/MATHSOLVE/zip/2fd9fd643bf3e9e98d121dc2e7af1cf1be411ae2,,contestants/E10/13-archives/E10-grandchallenge-MATHSOLVE-2fd9fd643bf3e9e98d121dc2e7af1cf1be411ae2.zip,MATHSOLVE-2fd9fd643bf3e9e98d121dc2e7af1cf1be411ae2/contributions/OPENMATH-2026/OM26-H1/WP04/lifecycle/OM26-H1-WP04-IA-001/PROGRAMME_PROJECTION.json,,73d0c01d,Filename/path inference; editable in the app
347702,contributions/OPENMATH-2026/OM26-H1/WP04/lifecycle/OM26-H1-WP04-IA-001/PROGRAMME_PROJECTION.json,General / shared,953,Latest public revision collected separately; not an author-designated final | adcfa0537f43327f4bb9acfe1692f757fce353c4,https://codeload.github.com/grandchallenge/MATHSOLVE/zip/adcfa0537f43327f4bb9acfe1692f757fce353c4,,contestants/E10/13-archives/E10-grandchallenge-MATHSOLVE-adcfa0537f43327f4bb9acfe1692f757fce353c4.zip,MATHSOLVE-adcfa0537f43327f4bb9acfe1692f757fce353c4/contributions/OPENMATH-2026/OM26-H1/WP04/lifecycle/OM26-H1-WP04-IA-001/PROGRAMME_PROJECTION.json,,73d0c01d,Filename/path inference; editable in the app
344737,contributions/OPENMATH-2026/OM26-H1/WP04/lifecycle/OM26-H1-WP04-IA-001/REPLAY.json,General / shared,729,Pinned collected revision; final designation governed by team receipt | 2fd9fd643bf3e9e98d121dc2e7af1cf1be411ae2,https://codeload.github.com/grandchallenge/MATHSOLVE/zip/2fd9fd643bf3e9e98d121dc2e7af1cf1be411ae2,,contestants/E10/13-archives/E10-grandchallenge-MATHSOLVE-2fd9fd643bf3e9e98d121dc2e7af1cf1be411ae2.zip,MATHSOLVE-2fd9fd643bf3e9e98d121dc2e7af1cf1be411ae2/contributions/OPENMATH-2026/OM26-H1/WP04/lifecycle/OM26-H1-WP04-IA-001/REPLAY.json,,c058f616,Filename/path inference; editable in the app
347703,contributions/OPENMATH-2026/OM26-H1/WP04/lifecycle/OM26-H1-WP04-IA-001/REPLAY.json,General / shared,729,Latest public revision collected separately; not an author-designated final | adcfa0537f43327f4bb9acfe1692f757fce353c4,https://codeload.github.com/grandchallenge/MATHSOLVE/zip/adcfa0537f43327f4bb9acfe1692f757fce353c4,,contestants/E10/13-archives/E10-grandchallenge-MATHSOLVE-adcfa0537f43327f4bb9acfe1692f757fce353c4.zip,MATHSOLVE-adcfa0537f43327f4bb9acfe1692f757fce353c4/contributions/OPENMATH-2026/OM26-H1/WP04/lifecycle/OM26-H1-WP04-IA-001/REPLAY.json,,c058f616,Filename/path inference; editable in the app
344739,contributions/OPENMATH-2026/OM26-H1/WP04/receipts/OM26-H1-WP04-IA-001/github-comment-5951370398.json,General / shared,16589,Pinned collected revision; final designation governed by team receipt | 2fd9fd643bf3e9e98d121dc2e7af1cf1be411ae2,https://codeload.github.com/grandchallenge/MATHSOLVE/zip/2fd9fd643bf3e9e98d121dc2e7af1cf1be411ae2,,contestants/E10/13-archives/E10-grandchallenge-MATHSOLVE-2fd9fd643bf3e9e98d121dc2e7af1cf1be411ae2.zip,MATHSOLVE-2fd9fd643bf3e9e98d121dc2e7af1cf1be411ae2/contributions/OPENMATH-2026/OM26-H1/WP04/receipts/OM26-H1-WP04-IA-001/github-comment-5951370398.json,,4bb21c7d,Filename/path inference; editable in the app
347705,contributions/OPENMATH-2026/OM26-H1/WP04/receipts/OM26-H1-WP04-IA-001/github-comment-5951370398.json,General / shared,16589,Latest public revision collected separately; not an author-designated final | adcfa0537f43327f4bb9acfe1692f757fce353c4,https://codeload.github.com/grandchallenge/MATHSOLVE/zip/adcfa0537f43327f4bb9acfe1692f757fce353c4,,contestants/E10/13-archives/E10-grandchallenge-MATHSOLVE-adcfa0537f43327f4bb9acfe1692f757fce353c4.zip,MATHSOLVE-adcfa0537f43327f4bb9acfe1692f757fce353c4/contributions/OPENMATH-2026/OM26-H1/WP04/receipts/OM26-H1-WP04-IA-001/github-comment-5951370398.json,,4bb21c7d,Filename/path inference; editable in the app
344740,contributions/OPENMATH-2026/OM26-H1/WP05/dispatches/OM26-H1-WP05-IA-001.json,General / shared,974,Pinned collected revision; final designation governed by team receipt | 2fd9fd643bf3e9e98d121dc2e7af1cf1be411ae2,https://codeload.github.com/grandchallenge/MATHSOLVE/zip/2fd9fd643bf3e9e98d121dc2e7af1cf1be411ae2,,contestants/E10/13-archives/E10-grandchallenge-MATHSOLVE-2fd9fd643bf3e9e98d121dc2e7af1cf1be411ae2.zip,MATHSOLVE-2fd9fd643bf3e9e98d121dc2e7af1cf1be411ae2/contributions/OPENMATH-2026/OM26-H1/WP05/dispatches/OM26-H1-WP05-IA-001.json,,b4001098,Filename/path inference; editable in the app
347706,contributions/OPENMATH-2026/OM26-H1/WP05/dispatches/OM26-H1-WP05-IA-001.json,General / shared,974,Latest public revision collected separately; not an author-designated final | adcfa0537f43327f4bb9acfe1692f757fce353c4,https://codeload.github.com/grandchallenge/MATHSOLVE/zip/adcfa0537f43327f4bb9acfe1692f757fce353c4,,contestants/E10/13-archives/E10-grandchallenge-MATHSOLVE-adcfa0537f43327f4bb9acfe1692f757fce353c4.zip,MATHSOLVE-adcfa0537f43327f4bb9acfe1692f757fce353c4/contributions/OPENMATH-2026/OM26-H1/WP05/dispatches/OM26-H1-WP05-IA-001.json,,b4001098,Filename/path inference; editable in the app
344741,contributions/OPENMATH-2026/OM26-H1/WP05/lifecycle/OM26-H1-WP05-IA-001/ADJUDICATION.json,General / shared,760,Pinned collected revision; final designation governed by team receipt | 2fd9fd643bf3e9e98d121dc2e7af1cf1be411ae2,https://codeload.github.com/grandchallenge/MATHSOLVE/zip/2fd9fd643bf3e9e98d121dc2e7af1cf1be411ae2,,contestants/E10/13-archives/E10-grandchallenge-MATHSOLVE-2fd9fd643bf3e9e98d121dc2e7af1cf1be411ae2.zip,MATHSOLVE-2fd9fd643bf3e9e98d121dc2e7af1cf1be411ae2/contributions/OPENMATH-2026/OM26-H1/WP05/lifecycle/OM26-H1-WP05-IA-001/ADJUDICATION.json,,5907a770,Filename/path inference; editable in the app
347707,contributions/OPENMATH-2026/OM26-H1/WP05/lifecycle/OM26-H1-WP05-IA-001/ADJUDICATION.json,General / shared,760,Latest public revision collected separately; not an author-designated final | adcfa0537f43327f4bb9acfe1692f757fce353c4,https://codeload.github.com/grandchallenge/MATHSOLVE/zip/adcfa0537f43327f4bb9acfe1692f757fce353c4,,contestants/E10/13-archives/E10-grandchallenge-MATHSOLVE-adcfa0537f43327f4bb9acfe1692f757fce353c4.zip,MATHSOLVE-adcfa0537f43327f4bb9acfe1692f757fce353c4/contributions/OPENMATH-2026/OM26-H1/WP05/lifecycle/OM26-H1-WP05-IA-001/ADJUDICATION.json,,5907a770,Filename/path inference; editable in the app
344742,contributions/OPENMATH-2026/OM26-H1/WP05/lifecycle/OM26-H1-WP05-IA-001/MANIFEST.json,General / shared,1857,Pinned collected revision; final designation governed by team receipt | 2fd9fd643bf3e9e98d121dc2e7af1cf1be411ae2,https://codeload.github.com/grandchallenge/MATHSOLVE/zip/2fd9fd643bf3e9e98d121dc2e7af1cf1be411ae2,,contestants/E10/13-archives/E10-grandchallenge-MATHSOLVE-2fd9fd643bf3e9e98d121dc2e7af1cf1be411ae2.zip,MATHSOLVE-2fd9fd643bf3e9e98d121dc2e7af1cf1be411ae2/contributions/OPENMATH-2026/OM26-H1/WP05/lifecycle/OM26-H1-WP05-IA-001/MANIFEST.json,,4e703952,Filename/path inference; editable in the app
347708,contributions/OPENMATH-2026/OM26-H1/WP05/lifecycle/OM26-H1-WP05-IA-001/MANIFEST.json,General / shared,1857,Latest public revision collected separately; not an author-designated final | adcfa0537f43327f4bb9acfe1692f757fce353c4,https://codeload.github.com/grandchallenge/MATHSOLVE/zip/adcfa0537f43327f4bb9acfe1692f757fce353c4,,contestants/E10/13-archives/E10-grandchallenge-MATHSOLVE-adcfa0537f43327f4bb9acfe1692f757fce353c4.zip,MATHSOLVE-adcfa0537f43327f4bb9acfe1692f757fce353c4/contributions/OPENMATH-2026/OM26-H1/WP05/lifecycle/OM26-H1-WP05-IA-001/MANIFEST.json,,4e703952,Filename/path inference; editable in the app
344743,contributions/OPENMATH-2026/OM26-H1/WP05/lifecycle/OM26-H1-WP05-IA-001/PROGRAMME_PROJECTION.json,General / shared,953,Pinned collected revision; final designation governed by team receipt | 2fd9fd643bf3e9e98d121dc2e7af1cf1be411ae2,https://codeload.github.com/grandchallenge/MATHSOLVE/zip/2fd9fd643bf3e9e98d121dc2e7af1cf1be411ae2,,contestants/E10/13-archives/E10-grandchallenge-MATHSOLVE-2fd9fd643bf3e9e98d121dc2e7af1cf1be411ae2.zip,MATHSOLVE-2fd9fd643bf3e9e98d121dc2e7af1cf1be411ae2/contributions/OPENMATH-2026/OM26-H1/WP05/lifecycle/OM26-H1-WP05-IA-001/PROGRAMME_PROJECTION.json,,bd879f43,Filename/path inference; editable in the app
347709,contributions/OPENMATH-2026/OM26-H1/WP05/lifecycle/OM26-H1-WP05-IA-001/PROGRAMME_PROJECTION.json,General / shared,953,Latest public revision collected separately; not an author-designated final | adcfa0537f43327f4bb9acfe1692f757fce353c4,https://codeload.github.com/grandchallenge/MATHSOLVE/zip/adcfa0537f43327f4bb9acfe1692f757fce353c4,,contestants/E10/13-archives/E10-grandchallenge-MATHSOLVE-adcfa0537f43327f4bb9acfe1692f757fce353c4.zip,MATHSOLVE-adcfa0537f43327f4bb9acfe1692f757fce353c4/contributions/OPENMATH-2026/OM26-H1/WP05/lifecycle/OM26-H1-WP05-IA-001/PROGRAMME_PROJECTION.json,,bd879f43,Filename/path inference; editable in the app
344744,contributions/OPENMATH-2026/OM26-H1/WP05/lifecycle/OM26-H1-WP05-IA-001/REPLAY.json,General / shared,729,Pinned collected revision; final designation governed by team receipt | 2fd9fd643bf3e9e98d121dc2e7af1cf1be411ae2,https://codeload.github.com/grandchallenge/MATHSOLVE/zip/2fd9fd643bf3e9e98d121dc2e7af1cf1be411ae2,,contestants/E10/13-archives/E10-grandchallenge-MATHSOLVE-2fd9fd643bf3e9e98d121dc2e7af1cf1be411ae2.zip,MATHSOLVE-2fd9fd643bf3e9e98d121dc2e7af1cf1be411ae2/contributions/OPENMATH-2026/OM26-H1/WP05/lifecycle/OM26-H1-WP05-IA-001/REPLAY.json,,c94dec2a,Filename/path inference; editable in the app
347710,contributions/OPENMATH-2026/OM26-H1/WP05/lifecycle/OM26-H1-WP05-IA-001/REPLAY.json,General / shared,729,Latest public revision collected separately; not an author-designated final | adcfa0537f43327f4bb9acfe1692f757fce353c4,https://codeload.github.com/grandchallenge/MATHSOLVE/zip/adcfa0537f43327f4bb9acfe1692f757fce353c4,,contestants/E10/13-archives/E10-grandchallenge-MATHSOLVE-adcfa0537f43327f4bb9acfe1692f757fce353c4.zip,MATHSOLVE-adcfa0537f43327f4bb9acfe1692f757fce353c4/contributions/OPENMATH-2026/OM26-H1/WP05/lifecycle/OM26-H1-WP05-IA-001/REPLAY.json,,c94dec2a,Filename/path inference; editable in the app
344746,contributions/OPENMATH-2026/OM26-H1/WP05/receipts/OM26-H1-WP05-IA-001/github-comment-5962893430.json,General / shared,13417,Pinned collected revision; final designation governed by team receipt | 2fd9fd643bf3e9e98d121dc2e7af1cf1be411ae2,https://codeload.github.com/grandchallenge/MATHSOLVE/zip/2fd9fd643bf3e9e98d121dc2e7af1cf1be411ae2,,contestants/E10/13-archives/E10-grandchallenge-MATHSOLVE-2fd9fd643bf3e9e98d121dc2e7af1cf1be411ae2.zip,MATHSOLVE-2fd9fd643bf3e9e98d121dc2e7af1cf1be411ae2/contributions/OPENMATH-2026/OM26-H1/WP05/receipts/OM26-H1-WP05-IA-001/github-comment-5962893430.json,,39efeb6c,Filename/path inference; editable in the app
347712,contributions/OPENMATH-2026/OM26-H1/WP05/receipts/OM26-H1-WP05-IA-001/github-comment-5962893430.json,General / shared,13417,Latest public revision collected separately; not an author-designated final | adcfa0537f43327f4bb9acfe1692f757fce353c4,https://codeload.github.com/grandchallenge/MATHSOLVE/zip/adcfa0537f43327f4bb9acfe1692f757fce353c4,,contestants/E10/13-archives/E10-grandchallenge-MATHSOLVE-adcfa0537f43327f4bb9acfe1692f757fce353c4.zip,MATHSOLVE-adcfa0537f43327f4bb9acfe1692f757fce353c4/contributions/OPENMATH-2026/OM26-H1/WP05/receipts/OM26-H1-WP05-IA-001/github-comment-5962893430.json,,39efeb6c,Filename/path inference; editable in the app
344747,contributions/OPENMATH-2026/OM26-H1/WP06/dispatches/OM26-H1-WP06-IA-001.json,General / shared,974,Pinned collected revision; final designation governed by team receipt | 2fd9fd643bf3e9e98d121dc2e7af1cf1be411ae2,https://codeload.github.com/grandchallenge/MATHSOLVE/zip/2fd9fd643bf3e9e98d121dc2e7af1cf1be411ae2,,contestants/E10/13-archives/E10-grandchallenge-MATHSOLVE-2fd9fd643bf3e9e98d121dc2e7af1cf1be411ae2.zip,MATHSOLVE-2fd9fd643bf3e9e98d121dc2e7af1cf1be411ae2/contributions/OPENMATH-2026/OM26-H1/WP06/dispatches/OM26-H1-WP06-IA-001.json,,6d1b15cc,Filename/path inference; editable in the app
347713,contributions/OPENMATH-2026/OM26-H1/WP06/dispatches/OM26-H1-WP06-IA-001.json,General / shared,974,Latest public revision collected separately; not an author-designated final | adcfa0537f43327f4bb9acfe1692f757fce353c4,https://codeload.github.com/grandchallenge/MATHSOLVE/zip/adcfa0537f43327f4bb9acfe1692f757fce353c4,,contestants/E10/13-archives/E10-grandchallenge-MATHSOLVE-adcfa0537f43327f4bb9acfe1692f757fce353c4.zip,MATHSOLVE-adcfa0537f43327f4bb9acfe1692f757fce353c4/contributions/OPENMATH-2026/OM26-H1/WP06/dispatches/OM26-H1-WP06-IA-001.json,,6d1b15cc,Filename/path inference; editable in the app
347714,contributions/OPENMATH-2026/OM26-H1/WP06/lifecycle/OM26-H1-WP06-IA-001/ADJUDICATION.json,General / shared,760,Latest public revision collected separately; not an author-designated final | adcfa0537f43327f4bb9acfe1692f757fce353c4,https://codeload.github.com/grandchallenge/MATHSOLVE/zip/adcfa0537f43327f4bb9acfe1692f757fce353c4,,contestants/E10/13-archives/E10-grandchallenge-MATHSOLVE-adcfa0537f43327f4bb9acfe1692f757fce353c4.zip,MATHSOLVE-adcfa0537f43327f4bb9acfe1692f757fce353c4/contributions/OPENMATH-2026/OM26-H1/WP06/lifecycle/OM26-H1-WP06-IA-001/ADJUDICATION.json,,989b9988,Filename/path inference; editable in the app
347715,contributions/OPENMATH-2026/OM26-H1/WP06/lifecycle/OM26-H1-WP06-IA-001/MANIFEST.json,General / shared,1857,Latest public revision collected separately; not an author-designated final | adcfa0537f43327f4bb9acfe1692f757fce353c4,https://codeload.github.com/grandchallenge/MATHSOLVE/zip/adcfa0537f43327f4bb9acfe1692f757fce353c4,,contestants/E10/13-archives/E10-grandchallenge-MATHSOLVE-adcfa0537f43327f4bb9acfe1692f757fce353c4.zip,MATHSOLVE-adcfa0537f43327f4bb9acfe1692f757fce353c4/contributions/OPENMATH-2026/OM26-H1/WP06/lifecycle/OM26-H1-WP06-IA-001/MANIFEST.json,,15c48808,Filename/path inference; editable in the app
347716,contributions/OPENMATH-2026/OM26-H1/WP06/lifecycle/OM26-H1-WP06-IA-001/PROGRAMME_PROJECTION.json,General / shared,953,Latest public revision collected separately; not an author-designated final | adcfa0537f43327f4bb9acfe1692f757fce353c4,https://codeload.github.com/grandchallenge/MATHSOLVE/zip/adcfa0537f43327f4bb9acfe1692f757fce353c4,,contestants/E10/13-archives/E10-grandchallenge-MATHSOLVE-adcfa0537f43327f4bb9acfe1692f757fce353c4.zip,MATHSOLVE-adcfa0537f43327f4bb9acfe1692f757fce353c4/contributions/OPENMATH-2026/OM26-H1/WP06/lifecycle/OM26-H1-WP06-IA-001/PROGRAMME_PROJECTION.json,,c62e3a30,Filename/path inference; editable in the app
347717,contributions/OPENMATH-2026/OM26-H1/WP06/lifecycle/OM26-H1-WP06-IA-001/REPLAY.json,General / shared,729,Latest public revision collected separately; not an author-designated final | adcfa0537f43327f4bb9acfe1692f757fce353c4,https://codeload.github.com/grandchallenge/MATHSOLVE/zip/adcfa0537f43327f4bb9acfe1692f757fce353c4,,contestants/E10/13-archives/E10-grandchallenge-MATHSOLVE-adcfa0537f43327f4bb9acfe1692f757fce353c4.zip,MATHSOLVE-adcfa0537f43327f4bb9acfe1692f757fce353c4/contributions/OPENMATH-2026/OM26-H1/WP06/lifecycle/OM26-H1-WP06-IA-001/REPLAY.json,,d272c26e,Filename/path inference; editable in the app
347719,contributions/OPENMATH-2026/OM26-H1/WP06/receipts/OM26-H1-WP06-IA-001/github-comment-5964216286.json,General / shared,14330,Latest public revision collected separately; not an author-designated final | adcfa0537f43327f4bb9acfe1692f757fce353c4,https://codeload.github.com/grandchallenge/MATHSOLVE/zip/adcfa0537f43327f4bb9acfe1692f757fce353c4,,contestants/E10/13-archives/E10-grandchallenge-MATHSOLVE-adcfa0537f43327f4bb9acfe1692f757fce353c4.zip,MATHSOLVE-adcfa0537f43327f4bb9acfe1692f757fce353c4/contributions/OPENMATH-2026/OM26-H1/WP06/receipts/OM26-H1-WP06-IA-001/github-comment-5964216286.json,,914773aa,Filename/path inference; editable in the app
347720,contributions/OPENMATH-2026/OM26-H1/WP07/dispatches/OM26-H1-WP07-IA-001.json,General / shared,974,Latest public revision collected separately; not an author-designated final | adcfa0537f43327f4bb9acfe1692f757fce353c4,https://codeload.github.com/grandchallenge/MATHSOLVE/zip/adcfa0537f43327f4bb9acfe1692f757fce353c4,,contestants/E10/13-archives/E10-grandchallenge-MATHSOLVE-adcfa0537f43327f4bb9acfe1692f757fce353c4.zip,MATHSOLVE-adcfa0537f43327f4bb9acfe1692f757fce353c4/contributions/OPENMATH-2026/OM26-H1/WP07/dispatches/OM26-H1-WP07-IA-001.json,,a1559122,Filename/path inference; editable in the app
347721,contributions/OPENMATH-2026/OM26-H1/WP07/lifecycle/OM26-H1-WP07-IA-001/ADJUDICATION.json,General / shared,760,Latest public revision collected separately; not an author-designated final | adcfa0537f43327f4bb9acfe1692f757fce353c4,https://codeload.github.com/grandchallenge/MATHSOLVE/zip/adcfa0537f43327f4bb9acfe1692f757fce353c4,,contestants/E10/13-archives/E10-grandchallenge-MATHSOLVE-adcfa0537f43327f4bb9acfe1692f757fce353c4.zip,MATHSOLVE-adcfa0537f43327f4bb9acfe1692f757fce353c4/contributions/OPENMATH-2026/OM26-H1/WP07/lifecycle/OM26-H1-WP07-IA-001/ADJUDICATION.json,,5de6730c,Filename/path inference; editable in the app
347722,contributions/OPENMATH-2026/OM26-H1/WP07/lifecycle/OM26-H1-WP07-IA-001/MANIFEST.json,General / shared,1857,Latest public revision collected separately; not an author-designated final | adcfa0537f43327f4bb9acfe1692f757fce353c4,https://codeload.github.com/grandchallenge/MATHSOLVE/zip/adcfa0537f43327f4bb9acfe1692f757fce353c4,,contestants/E10/13-archives/E10-grandchallenge-MATHSOLVE-adcfa0537f43327f4bb9acfe1692f757fce353c4.zip,MATHSOLVE-adcfa0537f43327f4bb9acfe1692f757fce353c4/contributions/OPENMATH-2026/OM26-H1/WP07/lifecycle/OM26-H1-WP07-IA-001/MANIFEST.json,,8ea9dbe5,Filename/path inference; editable in the app
347723,contributions/OPENMATH-2026/OM26-H1/WP07/lifecycle/OM26-H1-WP07-IA-001/PROGRAMME_PROJECTION.json,General / shared,953,Latest public revision collected separately; not an author-designated final | adcfa0537f43327f4bb9acfe1692f757fce353c4,https://codeload.github.com/grandchallenge/MATHSOLVE/zip/adcfa0537f43327f4bb9acfe1692f757fce353c4,,contestants/E10/13-archives/E10-grandchallenge-MATHSOLVE-adcfa0537f43327f4bb9acfe1692f757fce353c4.zip,MATHSOLVE-adcfa0537f43327f4bb9acfe1692f757fce353c4/contributions/OPENMATH-2026/OM26-H1/WP07/lifecycle/OM26-H1-WP07-IA-001/PROGRAMME_PROJECTION.json,,b9806940,Filename/path inference; editable in the app
347724,contributions/OPENMATH-2026/OM26-H1/WP07/lifecycle/OM26-H1-WP07-IA-001/REPLAY.json,General / shared,729,Latest public revision collected separately; not an author-designated final | adcfa0537f43327f4bb9acfe1692f757fce353c4,https://codeload.github.com/grandchallenge/MATHSOLVE/zip/adcfa0537f43327f4bb9acfe1692f757fce353c4,,contestants/E10/13-archives/E10-grandchallenge-MATHSOLVE-adcfa0537f43327f4bb9acfe1692f757fce353c4.zip,MATHSOLVE-adcfa0537f43327f4bb9acfe1692f757fce353c4/contributions/OPENMATH-2026/OM26-H1/WP07/lifecycle/OM26-H1-WP07-IA-001/REPLAY.json,,db67d852,Filename/path inference; editable in the app
347726,contributions/OPENMATH-2026/OM26-H1/WP07/receipts/OM26-H1-WP07-IA-001/github-comment-5965131093.json,General / shared,17097,Latest public revision collected separately; not an author-designated final | adcfa0537f43327f4bb9acfe1692f757fce353c4,https://codeload.github.com/grandchallenge/MATHSOLVE/zip/adcfa0537f43327f4bb9acfe1692f757fce353c4,,contestants/E10/13-archives/E10-grandchallenge-MATHSOLVE-adcfa0537f43327f4bb9acfe1692f757fce353c4.zip,MATHSOLVE-adcfa0537f43327f4bb9acfe1692f757fce353c4/contributions/OPENMATH-2026/OM26-H1/WP07/receipts/OM26-H1-WP07-IA-001/github-comment-5965131093.json,,d857ee9d,Filename/path inference; editable in the app
347727,contributions/OPENMATH-2026/OM26-H1/WP08/dispatches/OM26-H1-WP08-IA-001.json,General / shared,971,Latest public revision collected separately; not an author-designated final | adcfa0537f43327f4bb9acfe1692f757fce353c4,https://codeload.github.com/grandchallenge/MATHSOLVE/zip/adcfa0537f43327f4bb9acfe1692f757fce353c4,,contestants/E10/13-archives/E10-grandchallenge-MATHSOLVE-adcfa0537f43327f4bb9acfe1692f757fce353c4.zip,MATHSOLVE-adcfa0537f43327f4bb9acfe1692f757fce353c4/contributions/OPENMATH-2026/OM26-H1/WP08/dispatches/OM26-H1-WP08-IA-001.json,,4e2a564d,Filename/path inference; editable in the app
344748,contributions/OPENMATH-2026/OM26-H1/WP30/dispatches/OM26-H1-WP30-IA-001.json,General / shared,955,Pinned collected revision; final designation governed by team receipt | 2fd9fd643bf3e9e98d121dc2e7af1cf1be411ae2,https://codeload.github.com/grandchallenge/MATHSOLVE/zip/2fd9fd643bf3e9e98d121dc2e7af1cf1be411ae2,,contestants/E10/13-archives/E10-grandchallenge-MATHSOLVE-2fd9fd643bf3e9e98d121dc2e7af1cf1be411ae2.zip,MATHSOLVE-2fd9fd643bf3e9e98d121dc2e7af1cf1be411ae2/contributions/OPENMATH-2026/OM26-H1/WP30/dispatches/OM26-H1-WP30-IA-001.json,,72e67703,Filename/path inference; editable in the app
347728,contributions/OPENMATH-2026/OM26-H1/WP30/dispatches/OM26-H1-WP30-IA-001.json,General / shared,955,Latest public revision collected separately; not an author-designated final | adcfa0537f43327f4bb9acfe1692f757fce353c4,https://codeload.github.com/grandchallenge/MATHSOLVE/zip/adcfa0537f43327f4bb9acfe1692f757fce353c4,,contestants/E10/13-archives/E10-grandchallenge-MATHSOLVE-adcfa0537f43327f4bb9acfe1692f757fce353c4.zip,MATHSOLVE-adcfa0537f43327f4bb9acfe1692f757fce353c4/contributions/OPENMATH-2026/OM26-H1/WP30/dispatches/OM26-H1-WP30-IA-001.json,,72e67703,Filename/path inference; editable in the app
344749,contributions/OPENMATH-2026/OM26-H1/WP30/lifecycle/OM26-H1-WP30-IA-001/ADJUDICATION.json,General / shared,760,Pinned collected revision; final designation governed by team receipt | 2fd9fd643bf3e9e98d121dc2e7af1cf1be411ae2,https://codeload.github.com/grandchallenge/MATHSOLVE/zip/2fd9fd643bf3e9e98d121dc2e7af1cf1be411ae2,,contestants/E10/13-archives/E10-grandchallenge-MATHSOLVE-2fd9fd643bf3e9e98d121dc2e7af1cf1be411ae2.zip,MATHSOLVE-2fd9fd643bf3e9e98d121dc2e7af1cf1be411ae2/contributions/OPENMATH-2026/OM26-H1/WP30/lifecycle/OM26-H1-WP30-IA-001/ADJUDICATION.json,,2bc3d936,Filename/path inference; editable in the app
347729,contributions/OPENMATH-2026/OM26-H1/WP30/lifecycle/OM26-H1-WP30-IA-001/ADJUDICATION.json,General / shared,760,Latest public revision collected separately; not an author-designated final | adcfa0537f43327f4bb9acfe1692f757fce353c4,https://codeload.github.com/grandchallenge/MATHSOLVE/zip/adcfa0537f43327f4bb9acfe1692f757fce353c4,,contestants/E10/13-archives/E10-grandchallenge-MATHSOLVE-adcfa0537f43327f4bb9acfe1692f757fce353c4.zip,MATHSOLVE-adcfa0537f43327f4bb9acfe1692f757fce353c4/contributions/OPENMATH-2026/OM26-H1/WP30/lifecycle/OM26-H1-WP30-IA-001/ADJUDICATION.json,,2bc3d936,Filename/path inference; editable in the app
344750,contributions/OPENMATH-2026/OM26-H1/WP30/lifecycle/OM26-H1-WP30-IA-001/MANIFEST.json,General / shared,1857,Pinned collected revision; final designation governed by team receipt | 2fd9fd643bf3e9e98d121dc2e7af1cf1be411ae2,https://codeload.github.com/grandchallenge/MATHSOLVE/zip/2fd9fd643bf3e9e98d121dc2e7af1cf1be411ae2,,contestants/E10/13-archives/E10-grandchallenge-MATHSOLVE-2fd9fd643bf3e9e98d121dc2e7af1cf1be411ae2.zip,MATHSOLVE-2fd9fd643bf3e9e98d121dc2e7af1cf1be411ae2/contributions/OPENMATH-2026/OM26-H1/WP30/lifecycle/OM26-H1-WP30-IA-001/MANIFEST.json,,492259bd,Filename/path inference; editable in the app
347730,contributions/OPENMATH-2026/OM26-H1/WP30/lifecycle/OM26-H1-WP30-IA-001/MANIFEST.json,General / shared,1857,Latest public revision collected separately; not an author-designated final | adcfa0537f43327f4bb9acfe1692f757fce353c4,https://codeload.github.com/grandchallenge/MATHSOLVE/zip/adcfa0537f43327f4bb9acfe1692f757fce353c4,,contestants/E10/13-archives/E10-grandchallenge-MATHSOLVE-adcfa0537f43327f4bb9acfe1692f757fce353c4.zip,MATHSOLVE-adcfa0537f43327f4bb9acfe1692f757fce353c4/contributions/OPENMATH-2026/OM26-H1/WP30/lifecycle/OM26-H1-WP30-IA-001/MANIFEST.json,,492259bd,Filename/path inference; editable in the app
344751,contributions/OPENMATH-2026/OM26-H1/WP30/lifecycle/OM26-H1-WP30-IA-001/PROGRAMME_PROJECTION.json,General / shared,956,Pinned collected revision; final designation governed by team receipt | 2fd9fd643bf3e9e98d121dc2e7af1cf1be411ae2,https://codeload.github.com/grandchallenge/MATHSOLVE/zip/2fd9fd643bf3e9e98d121dc2e7af1cf1be411ae2,,contestants/E10/13-archives/E10-grandchallenge-MATHSOLVE-2fd9fd643bf3e9e98d121dc2e7af1cf1be411ae2.zip,MATHSOLVE-2fd9fd643bf3e9e98d121dc2e7af1cf1be411ae2/contributions/OPENMATH-2026/OM26-H1/WP30/lifecycle/OM26-H1-WP30-IA-001/PROGRAMME_PROJECTION.json,,5074b180,Filename/path inference; editable in the app
347731,contributions/OPENMATH-2026/OM26-H1/WP30/lifecycle/OM26-H1-WP30-IA-001/PROGRAMME_PROJECTION.json,General / shared,956,Latest public revision collected separately; not an author-designated final | adcfa0537f43327f4bb9acfe1692f757fce353c4,https://codeload.github.com/grandchallenge/MATHSOLVE/zip/adcfa0537f43327f4bb9acfe1692f757fce353c4,,contestants/E10/13-archives/E10-grandchallenge-MATHSOLVE-adcfa0537f43327f4bb9acfe1692f757fce353c4.zip,MATHSOLVE-adcfa0537f43327f4bb9acfe1692f757fce353c4/contributions/OPENMATH-2026/OM26-H1/WP30/lifecycle/OM26-H1-WP30-IA-001/PROGRAMME_PROJECTION.json,,5074b180,Filename/path inference; editable in the app
344752,contributions/OPENMATH-2026/OM26-H1/WP30/lifecycle/OM26-H1-WP30-IA-001/REPLAY.json,General / shared,729,Pinned collected revision; final designation governed by team receipt | 2fd9fd643bf3e9e98d121dc2e7af1cf1be411ae2,https://codeload.github.com/grandchallenge/MATHSOLVE/zip/2fd9fd643bf3e9e98d121dc2e7af1cf1be411ae2,,contestants/E10/13-archives/E10-grandchallenge-MATHSOLVE-2fd9fd643bf3e9e98d121dc2e7af1cf1be411ae2.zip,MATHSOLVE-2fd9fd643bf3e9e98d121dc2e7af1cf1be411ae2/contributions/OPENMATH-2026/OM26-H1/WP30/lifecycle/OM26-H1-WP30-IA-001/REPLAY.json,,95a62441,Filename/path inference; editable in the app
347732,contributions/OPENMATH-2026/OM26-H1/WP30/lifecycle/OM26-H1-WP30-IA-001/REPLAY.json,General / shared,729,Latest public revision collected separately; not an author-designated final | adcfa0537f43327f4bb9acfe1692f757fce353c4,https://codeload.github.com/grandchallenge/MATHSOLVE/zip/adcfa0537f43327f4bb9acfe1692f757fce353c4,,contestants/E10/13-archives/E10-grandchallenge-MATHSOLVE-adcfa0537f43327f4bb9acfe1692f757fce353c4.zip,MATHSOLVE-adcfa0537f43327f4bb9acfe1692f757fce353c4/contributions/OPENMATH-2026/OM26-H1/WP30/lifecycle/OM26-H1-WP30-IA-001/REPLAY.json,,95a62441,Filename/path inference; editable in the app
344754,contributions/OPENMATH-2026/OM26-H1/WP30/receipts/OM26-H1-WP30-IA-001/github-comment-5942381467.json,General / shared,16585,Pinned collected revision; final designation governed by team receipt | 2fd9fd643bf3e9e98d121dc2e7af1cf1be411ae2,https://codeload.github.com/grandchallenge/MATHSOLVE/zip/2fd9fd643bf3e9e98d121dc2e7af1cf1be411ae2,,contestants/E10/13-archives/E10-grandchallenge-MATHSOLVE-2fd9fd643bf3e9e98d121dc2e7af1cf1be411ae2.zip,MATHSOLVE-2fd9fd643bf3e9e98d121dc2e7af1cf1be411ae2/contributions/OPENMATH-2026/OM26-H1/WP30/receipts/OM26-H1-WP30-IA-001/github-comment-5942381467.json,,e618af75,Filename/path inference; editable in the app
347734,contributions/OPENMATH-2026/OM26-H1/WP30/receipts/OM26-H1-WP30-IA-001/github-comment-5942381467.json,General / shared,16585,Latest public revision collected separately; not an author-designated final | adcfa0537f43327f4bb9acfe1692f757fce353c4,https://codeload.github.com/grandchallenge/MATHSOLVE/zip/adcfa0537f43327f4bb9acfe1692f757fce353c4,,contestants/E10/13-archives/E10-grandchallenge-MATHSOLVE-adcfa0537f43327f4bb9acfe1692f757fce353c4.zip,MATHSOLVE-adcfa0537f43327f4bb9acfe1692f757fce353c4/contributions/OPENMATH-2026/OM26-H1/WP30/receipts/OM26-H1-WP30-IA-001/github-comment-5942381467.json,,e618af75,Filename/path inference; editable in the app
344755,contributions/OPENMATH-2026/OM26-H1/WP31/dispatches/OM26-H1-WP31-IA-001.json,General / shared,974,Pinned collected revision; final designation governed by team receipt | 2fd9fd643bf3e9e98d121dc2e7af1cf1be411ae2,https://codeload.github.com/grandchallenge/MATHSOLVE/zip/2fd9fd643bf3e9e98d121dc2e7af1cf1be411ae2,,contestants/E10/13-archives/E10-grandchallenge-MATHSOLVE-2fd9fd643bf3e9e98d121dc2e7af1cf1be411ae2.zip,MATHSOLVE-2fd9fd643bf3e9e98d121dc2e7af1cf1be411ae2/contributions/OPENMATH-2026/OM26-H1/WP31/dispatches/OM26-H1-WP31-IA-001.json,,1a436e60,Filename/path inference; editable in the app
347735,contributions/OPENMATH-2026/OM26-H1/WP31/dispatches/OM26-H1-WP31-IA-001.json,General / shared,974,Latest public revision collected separately; not an author-designated final | adcfa0537f43327f4bb9acfe1692f757fce353c4,https://codeload.github.com/grandchallenge/MATHSOLVE/zip/adcfa0537f43327f4bb9acfe1692f757fce353c4,,contestants/E10/13-archives/E10-grandchallenge-MATHSOLVE-adcfa0537f43327f4bb9acfe1692f757fce353c4.zip,MATHSOLVE-adcfa0537f43327f4bb9acfe1692f757fce353c4/contributions/OPENMATH-2026/OM26-H1/WP31/dispatches/OM26-H1-WP31-IA-001.json,,1a436e60,Filename/path inference; editable in the app
344756,contributions/OPENMATH-2026/OM26-H1/WP32/dispatches/OM26-H1-WP32-IA-001.json,General / shared,1057,Pinned collected revision; final designation governed by team receipt | 2fd9fd643bf3e9e98d121dc2e7af1cf1be411ae2,https://codeload.github.com/grandchallenge/MATHSOLVE/zip/2fd9fd643bf3e9e98d121dc2e7af1cf1be411ae2,,contestants/E10/13-archives/E10-grandchallenge-MATHSOLVE-2fd9fd643bf3e9e98d121dc2e7af1cf1be411ae2.zip,MATHSOLVE-2fd9fd643bf3e9e98d121dc2e7af1cf1be411ae2/contributions/OPENMATH-2026/OM26-H1/WP32/dispatches/OM26-H1-WP32-IA-001.json,,4f385779,Filename/path inference; editable in the app
347736,contributions/OPENMATH-2026/OM26-H1/WP32/dispatches/OM26-H1-WP32-IA-001.json,General / shared,1057,Latest public revision collected separately; not an author-designated final | adcfa0537f43327f4bb9acfe1692f757fce353c4,https://codeload.github.com/grandchallenge/MATHSOLVE/zip/adcfa0537f43327f4bb9acfe1692f757fce353c4,,contestants/E10/13-archives/E10-grandchallenge-MATHSOLVE-adcfa0537f43327f4bb9acfe1692f757fce353c4.zip,MATHSOLVE-adcfa0537f43327f4bb9acfe1692f757fce353c4/contributions/OPENMATH-2026/OM26-H1/WP32/dispatches/OM26-H1-WP32-IA-001.json,,4f385779,Filename/path inference; editable in the app
344757,contributions/OPENMATH-2026/OM26-H1/WP32/lifecycle/OM26-H1-WP32-IA-001/ADJUDICATION.json,General / shared,760,Pinned collected revision; final designation governed by team receipt | 2fd9fd643bf3e9e98d121dc2e7af1cf1be411ae2,https://codeload.github.com/grandchallenge/MATHSOLVE/zip/2fd9fd643bf3e9e98d121dc2e7af1cf1be411ae2,,contestants/E10/13-archives/E10-grandchallenge-MATHSOLVE-2fd9fd643bf3e9e98d121dc2e7af1cf1be411ae2.zip,MATHSOLVE-2fd9fd643bf3e9e98d121dc2e7af1cf1be411ae2/contributions/OPENMATH-2026/OM26-H1/WP32/lifecycle/OM26-H1-WP32-IA-001/ADJUDICATION.json,,4ea866c4,Filename/path inference; editable in the app
347737,contributions/OPENMATH-2026/OM26-H1/WP32/lifecycle/OM26-H1-WP32-IA-001/ADJUDICATION.json,General / shared,760,Latest public revision collected separately; not an author-designated final | adcfa0537f43327f4bb9acfe1692f757fce353c4,https://codeload.github.com/grandchallenge/MATHSOLVE/zip/adcfa0537f43327f4bb9acfe1692f757fce353c4,,contestants/E10/13-archives/E10-grandchallenge-MATHSOLVE-adcfa0537f43327f4bb9acfe1692f757fce353c4.zip,MATHSOLVE-adcfa0537f43327f4bb9acfe1692f757fce353c4/contributions/OPENMATH-2026/OM26-H1/WP32/lifecycle/OM26-H1-WP32-IA-001/ADJUDICATION.json,,4ea866c4,Filename/path inference; editable in the app
344758,contributions/OPENMATH-2026/OM26-H1/WP32/lifecycle/OM26-H1-WP32-IA-001/MANIFEST.json,General / shared,1857,Pinned collected revision; final designation governed by team receipt | 2fd9fd643bf3e9e98d121dc2e7af1cf1be411ae2,https://codeload.github.com/grandchallenge/MATHSOLVE/zip/2fd9fd643bf3e9e98d121dc2e7af1cf1be411ae2,,contestants/E10/13-archives/E10-grandchallenge-MATHSOLVE-2fd9fd643bf3e9e98d121dc2e7af1cf1be411ae2.zip,MATHSOLVE-2fd9fd643bf3e9e98d121dc2e7af1cf1be411ae2/contributions/OPENMATH-2026/OM26-H1/WP32/lifecycle/OM26-H1-WP32-IA-001/MANIFEST.json,,da85d374,Filename/path inference; editable in the app
347738,contributions/OPENMATH-2026/OM26-H1/WP32/lifecycle/OM26-H1-WP32-IA-001/MANIFEST.json,General / shared,1857,Latest public revision collected separately; not an author-designated final | adcfa0537f43327f4bb9acfe1692f757fce353c4,https://codeload.github.com/grandchallenge/MATHSOLVE/zip/adcfa0537f43327f4bb9acfe1692f757fce353c4,,contestants/E10/13-archives/E10-grandchallenge-MATHSOLVE-adcfa0537f43327f4bb9acfe1692f757fce353c4.zip,MATHSOLVE-adcfa0537f43327f4bb9acfe1692f757fce353c4/contributions/OPENMATH-2026/OM26-H1/WP32/lifecycle/OM26-H1-WP32-IA-001/MANIFEST.json,,da85d374,Filename/path inference; editable in the app
344759,contributions/OPENMATH-2026/OM26-H1/WP32/lifecycle/OM26-H1-WP32-IA-001/PROGRAMME_PROJECTION.json,General / shared,956,Pinned collected revision; final designation governed by team receipt | 2fd9fd643bf3e9e98d121dc2e7af1cf1be411ae2,https://codeload.github.com/grandchallenge/MATHSOLVE/zip/2fd9fd643bf3e9e98d121dc2e7af1cf1be411ae2,,contestants/E10/13-archives/E10-grandchallenge-MATHSOLVE-2fd9fd643bf3e9e98d121dc2e7af1cf1be411ae2.zip,MATHSOLVE-2fd9fd643bf3e9e98d121dc2e7af1cf1be411ae2/contributions/OPENMATH-2026/OM26-H1/WP32/lifecycle/OM26-H1-WP32-IA-001/PROGRAMME_PROJECTION.json,,d399c073,Filename/path inference; editable in the app
347739,contributions/OPENMATH-2026/OM26-H1/WP32/lifecycle/OM26-H1-WP32-IA-001/PROGRAMME_PROJECTION.json,General / shared,956,Latest public revision collected separately; not an author-designated final | adcfa0537f43327f4bb9acfe1692f757fce353c4,https://codeload.github.com/grandchallenge/MATHSOLVE/zip/adcfa0537f43327f4bb9acfe1692f757fce353c4,,contestants/E10/13-archives/E10-grandchallenge-MATHSOLVE-adcfa0537f43327f4bb9acfe1692f757fce353c4.zip,MATHSOLVE-adcfa0537f43327f4bb9acfe1692f757fce353c4/contributions/OPENMATH-2026/OM26-H1/WP32/lifecycle/OM26-H1-WP32-IA-001/PROGRAMME_PROJECTION.json,,d399c073,Filename/path inference; editable in the app
344760,contributions/OPENMATH-2026/OM26-H1/WP32/lifecycle/OM26-H1-WP32-IA-001/REPLAY.json,General / shared,729,Pinned collected revision; final designation governed by team receipt | 2fd9fd643bf3e9e98d121dc2e7af1cf1be411ae2,https://codeload.github.com/grandchallenge/MATHSOLVE/zip/2fd9fd643bf3e9e98d121dc2e7af1cf1be411ae2,,contestants/E10/13-archives/E10-grandchallenge-MATHSOLVE-2fd9fd643bf3e9e98d121dc2e7af1cf1be411ae2.zip,MATHSOLVE-2fd9fd643bf3e9e98d121dc2e7af1cf1be411ae2/contributions/OPENMATH-2026/OM26-H1/WP32/lifecycle/OM26-H1-WP32-IA-001/REPLAY.json,,878c1039,Filename/path inference; editable in the app
347740,contributions/OPENMATH-2026/OM26-H1/WP32/lifecycle/OM26-H1-WP32-IA-001/REPLAY.json,General / shared,729,Latest public revision collected separately; not an author-designated final | adcfa0537f43327f4bb9acfe1692f757fce353c4,https://codeload.github.com/grandchallenge/MATHSOLVE/zip/adcfa0537f43327f4bb9acfe1692f757fce353c4,,contestants/E10/13-archives/E10-grandchallenge-MATHSOLVE-adcfa0537f43327f4bb9acfe1692f757fce353c4.zip,MATHSOLVE-adcfa0537f43327f4bb9acfe1692f757fce353c4/contributions/OPENMATH-2026/OM26-H1/WP32/lifecycle/OM26-H1-WP32-IA-001/REPLAY.json,,878c1039,Filename/path inference; editable in the app
344762,contributions/OPENMATH-2026/OM26-H1/WP32/receipts/OM26-H1-WP32-IA-001/github-comment-5963053469.json,General / shared,9555,Pinned collected revision; final designation governed by team receipt | 2fd9fd643bf3e9e98d121dc2e7af1cf1be411ae2,https://codeload.github.com/grandchallenge/MATHSOLVE/zip/2fd9fd643bf3e9e98d121dc2e7af1cf1be411ae2,,contestants/E10/13-archives/E10-grandchallenge-MATHSOLVE-2fd9fd643bf3e9e98d121dc2e7af1cf1be411ae2.zip,MATHSOLVE-2fd9fd643bf3e9e98d121dc2e7af1cf1be411ae2/contributions/OPENMATH-2026/OM26-H1/WP32/receipts/OM26-H1-WP32-IA-001/github-comment-5963053469.json,,56673f0d,Filename/path inference; editable in the app
347742,contributions/OPENMATH-2026/OM26-H1/WP32/receipts/OM26-H1-WP32-IA-001/github-comment-5963053469.json,General / shared,9555,Latest public revision collected separately; not an author-designated final | adcfa0537f43327f4bb9acfe1692f757fce353c4,https://codeload.github.com/grandchallenge/MATHSOLVE/zip/adcfa0537f43327f4bb9acfe1692f757fce353c4,,contestants/E10/13-archives/E10-grandchallenge-MATHSOLVE-adcfa0537f43327f4bb9acfe1692f757fce353c4.zip,MATHSOLVE-adcfa0537f43327f4bb9acfe1692f757fce353c4/contributions/OPENMATH-2026/OM26-H1/WP32/receipts/OM26-H1-WP32-IA-001/github-comment-5963053469.json,,56673f0d,Filename/path inference; editable in the app
344763,contributions/OPENMATH-2026/OM26-H1/WP33/dispatches/OM26-H1-WP33-IA-001.json,General / shared,974,Pinned collected revision; final designation governed by team receipt | 2fd9fd643bf3e9e98d121dc2e7af1cf1be411ae2,https://codeload.github.com/grandchallenge/MATHSOLVE/zip/2fd9fd643bf3e9e98d121dc2e7af1cf1be411ae2,,contestants/E10/13-archives/E10-grandchallenge-MATHSOLVE-2fd9fd643bf3e9e98d121dc2e7af1cf1be411ae2.zip,MATHSOLVE-2fd9fd643bf3e9e98d121dc2e7af1cf1be411ae2/contributions/OPENMATH-2026/OM26-H1/WP33/dispatches/OM26-H1-WP33-IA-001.json,,81ad7086,Filename/path inference; editable in the app
347743,contributions/OPENMATH-2026/OM26-H1/WP33/dispatches/OM26-H1-WP33-IA-001.json,General / shared,974,Latest public revision collected separately; not an author-designated final | adcfa0537f43327f4bb9acfe1692f757fce353c4,https://codeload.github.com/grandchallenge/MATHSOLVE/zip/adcfa0537f43327f4bb9acfe1692f757fce353c4,,contestants/E10/13-archives/E10-grandchallenge-MATHSOLVE-adcfa0537f43327f4bb9acfe1692f757fce353c4.zip,MATHSOLVE-adcfa0537f43327f4bb9acfe1692f757fce353c4/contributions/OPENMATH-2026/OM26-H1/WP33/dispatches/OM26-H1-WP33-IA-001.json,,81ad7086,Filename/path inference; editable in the app
347744,contributions/OPENMATH-2026/OM26-H1/WP33/lifecycle/OM26-H1-WP33-IA-001/ADJUDICATION.json,General / shared,760,Latest public revision collected separately; not an author-designated final | adcfa0537f43327f4bb9acfe1692f757fce353c4,https://codeload.github.com/grandchallenge/MATHSOLVE/zip/adcfa0537f43327f4bb9acfe1692f757fce353c4,,contestants/E10/13-archives/E10-grandchallenge-MATHSOLVE-adcfa0537f43327f4bb9acfe1692f757fce353c4.zip,MATHSOLVE-adcfa0537f43327f4bb9acfe1692f757fce353c4/contributions/OPENMATH-2026/OM26-H1/WP33/lifecycle/OM26-H1-WP33-IA-001/ADJUDICATION.json,,e91bc573,Filename/path inference; editable in the app
347745,contributions/OPENMATH-2026/OM26-H1/WP33/lifecycle/OM26-H1-WP33-IA-001/MANIFEST.json,General / shared,1857,Latest public revision collected separately; not an author-designated final | adcfa0537f43327f4bb9acfe1692f757fce353c4,https://codeload.github.com/grandchallenge/MATHSOLVE/zip/adcfa0537f43327f4bb9acfe1692f757fce353c4,,contestants/E10/13-archives/E10-grandchallenge-MATHSOLVE-adcfa0537f43327f4bb9acfe1692f757fce353c4.zip,MATHSOLVE-adcfa0537f43327f4bb9acfe1692f757fce353c4/contributions/OPENMATH-2026/OM26-H1/WP33/lifecycle/OM26-H1-WP33-IA-001/MANIFEST.json,,54bafa65,Filename/path inference; editable in the app
347746,contributions/OPENMATH-2026/OM26-H1/WP33/lifecycle/OM26-H1-WP33-IA-001/PROGRAMME_PROJECTION.json,General / shared,956,Latest public revision collected separately; not an author-designated final | adcfa0537f43327f4bb9acfe1692f757fce353c4,https://codeload.github.com/grandchallenge/MATHSOLVE/zip/adcfa0537f43327f4bb9acfe1692f757fce353c4,,contestants/E10/13-archives/E10-grandchallenge-MATHSOLVE-adcfa0537f43327f4bb9acfe1692f757fce353c4.zip,MATHSOLVE-adcfa0537f43327f4bb9acfe1692f757fce353c4/contributions/OPENMATH-2026/OM26-H1/WP33/lifecycle/OM26-H1-WP33-IA-001/PROGRAMME_PROJECTION.json,,0a3efca3,Filename/path inference; editable in the app
347747,contributions/OPENMATH-2026/OM26-H1/WP33/lifecycle/OM26-H1-WP33-IA-001/REPLAY.json,General / shared,729,Latest public revision collected separately; not an author-designated final | adcfa0537f43327f4bb9acfe1692f757fce353c4,https://codeload.github.com/grandchallenge/MATHSOLVE/zip/adcfa0537f43327f4bb9acfe1692f757fce353c4,,contestants/E10/13-archives/E10-grandchallenge-MATHSOLVE-adcfa0537f43327f4bb9acfe1692f757fce353c4.zip,MATHSOLVE-adcfa0537f43327f4bb9acfe1692f757fce353c4/contributions/OPENMATH-2026/OM26-H1/WP33/lifecycle/OM26-H1-WP33-IA-001/REPLAY.json,,8e990a05,Filename/path inference; editable in the app
347749,contributions/OPENMATH-2026/OM26-H1/WP33/receipts/OM26-H1-WP33-IA-001/github-comment-5964279331.json,General / shared,9249,Latest public revision collected separately; not an author-designated final | adcfa0537f43327f4bb9acfe1692f757fce353c4,https://codeload.github.com/grandchallenge/MATHSOLVE/zip/adcfa0537f43327f4bb9acfe1692f757fce353c4,,contestants/E10/13-archives/E10-grandchallenge-MATHSOLVE-adcfa0537f43327f4bb9acfe1692f757fce353c4.zip,MATHSOLVE-adcfa0537f43327f4bb9acfe1692f757fce353c4/contributions/OPENMATH-2026/OM26-H1/WP33/receipts/OM26-H1-WP33-IA-001/github-comment-5964279331.json,,316f7bf4,Filename/path inference; editable in the app
347750,contributions/OPENMATH-2026/OM26-H1/WP34/dispatches/OM26-H1-WP34-IA-001.json,General / shared,974,Latest public revision collected separately; not an author-designated final | adcfa0537f43327f4bb9acfe1692f757fce353c4,https://codeload.github.com/grandchallenge/MATHSOLVE/zip/adcfa0537f43327f4bb9acfe1692f757fce353c4,,contestants/E10/13-archives/E10-grandchallenge-MATHSOLVE-adcfa0537f43327f4bb9acfe1692f757fce353c4.zip,MATHSOLVE-adcfa0537f43327f4bb9acfe1692f757fce353c4/contributions/OPENMATH-2026/OM26-H1/WP34/dispatches/OM26-H1-WP34-IA-001.json,,4b158cbb,Filename/path inference; editable in the app
347751,contributions/OPENMATH-2026/OM26-H1/WP34/lifecycle/OM26-H1-WP34-IA-001/ADJUDICATION.json,General / shared,760,Latest public revision collected separately; not an author-designated final | adcfa0537f43327f4bb9acfe1692f757fce353c4,https://codeload.github.com/grandchallenge/MATHSOLVE/zip/adcfa0537f43327f4bb9acfe1692f757fce353c4,,contestants/E10/13-archives/E10-grandchallenge-MATHSOLVE-adcfa0537f43327f4bb9acfe1692f757fce353c4.zip,MATHSOLVE-adcfa0537f43327f4bb9acfe1692f757fce353c4/contributions/OPENMATH-2026/OM26-H1/WP34/lifecycle/OM26-H1-WP34-IA-001/ADJUDICATION.json,,07c5c589,Filename/path inference; editable in the app
347752,contributions/OPENMATH-2026/OM26-H1/WP34/lifecycle/OM26-H1-WP34-IA-001/MANIFEST.json,General / shared,1857,Latest public revision collected separately; not an author-designated final | adcfa0537f43327f4bb9acfe1692f757fce353c4,https://codeload.github.com/grandchallenge/MATHSOLVE/zip/adcfa0537f43327f4bb9acfe1692f757fce353c4,,contestants/E10/13-archives/E10-grandchallenge-MATHSOLVE-adcfa0537f43327f4bb9acfe1692f757fce353c4.zip,MATHSOLVE-adcfa0537f43327f4bb9acfe1692f757fce353c4/contributions/OPENMATH-2026/OM26-H1/WP34/lifecycle/OM26-H1-WP34-IA-001/MANIFEST.json,,4d4eb6f6,Filename/path inference; editable in the app
347753,contributions/OPENMATH-2026/OM26-H1/WP34/lifecycle/OM26-H1-WP34-IA-001/PROGRAMME_PROJECTION.json,General / shared,956,Latest public revision collected separately; not an author-designated final | adcfa0537f43327f4bb9acfe1692f757fce353c4,https://codeload.github.com/grandchallenge/MATHSOLVE/zip/adcfa0537f43327f4bb9acfe1692f757fce353c4,,contestants/E10/13-archives/E10-grandchallenge-MATHSOLVE-adcfa0537f43327f4bb9acfe1692f757fce353c4.zip,MATHSOLVE-adcfa0537f43327f4bb9acfe1692f757fce353c4/contributions/OPENMATH-2026/OM26-H1/WP34/lifecycle/OM26-H1-WP34-IA-001/PROGRAMME_PROJECTION.json,,2db694f7,Filename/path inference; editable in the app
347754,contributions/OPENMATH-2026/OM26-H1/WP34/lifecycle/OM26-H1-WP34-IA-001/REPLAY.json,General / shared,729,Latest public revision collected separately; not an author-designated final | adcfa0537f43327f4bb9acfe1692f757fce353c4,https://codeload.github.com/grandchallenge/MATHSOLVE/zip/adcfa0537f43327f4bb9acfe1692f757fce353c4,,contestants/E10/13-archives/E10-grandchallenge-MATHSOLVE-adcfa0537f43327f4bb9acfe1692f757fce353c4.zip,MATHSOLVE-adcfa0537f43327f4bb9acfe1692f757fce353c4/contributions/OPENMATH-2026/OM26-H1/WP34/lifecycle/OM26-H1-WP34-IA-001/REPLAY.json,,b1f24cb1,Filename/path inference; editable in the app
347756,contributions/OPENMATH-2026/OM26-H1/WP34/receipts/OM26-H1-WP34-IA-001/github-comment-5965127908.json,General / shared,10065,Latest public revision collected separately; not an author-designated final | adcfa0537f43327f4bb9acfe1692f757fce353c4,https://codeload.github.com/grandchallenge/MATHSOLVE/zip/adcfa0537f43327f4bb9acfe1692f757fce353c4,,contestants/E10/13-archives/E10-grandchallenge-MATHSOLVE-adcfa0537f43327f4bb9acfe1692f757fce353c4.zip,MATHSOLVE-adcfa0537f43327f4bb9acfe1692f757fce353c4/contributions/OPENMATH-2026/OM26-H1/WP34/receipts/OM26-H1-WP34-IA-001/github-comment-5965127908.json,,532a90b9,Filename/path inference; editable in the app
347757,contributions/OPENMATH-2026/OM26-H1/WP35/dispatches/OM26-H1-WP35-IA-001.json,General / shared,971,Latest public revision collected separately; not an author-designated final | adcfa0537f43327f4bb9acfe1692f757fce353c4,https://codeload.github.com/grandchallenge/MATHSOLVE/zip/adcfa0537f43327f4bb9acfe1692f757fce353c4,,contestants/E10/13-archives/E10-grandchallenge-MATHSOLVE-adcfa0537f43327f4bb9acfe1692f757fce353c4.zip,MATHSOLVE-adcfa0537f43327f4bb9acfe1692f757fce353c4/contributions/OPENMATH-2026/OM26-H1/WP35/dispatches/OM26-H1-WP35-IA-001.json,,46acdd61,Filename/path inference; editable in the app
344764,contributions/OPENMATH-2026/OM26-H1/WP60/dispatches/OM26-H1-WP60-IA-001.json,General / shared,962,Pinned collected revision; final designation governed by team receipt | 2fd9fd643bf3e9e98d121dc2e7af1cf1be411ae2,https://codeload.github.com/grandchallenge/MATHSOLVE/zip/2fd9fd643bf3e9e98d121dc2e7af1cf1be411ae2,,contestants/E10/13-archives/E10-grandchallenge-MATHSOLVE-2fd9fd643bf3e9e98d121dc2e7af1cf1be411ae2.zip,MATHSOLVE-2fd9fd643bf3e9e98d121dc2e7af1cf1be411ae2/contributions/OPENMATH-2026/OM26-H1/WP60/dispatches/OM26-H1-WP60-IA-001.json,,7606dc08,Filename/path inference; editable in the app
347758,contributions/OPENMATH-2026/OM26-H1/WP60/dispatches/OM26-H1-WP60-IA-001.json,General / shared,962,Latest public revision collected separately; not an author-designated final | adcfa0537f43327f4bb9acfe1692f757fce353c4,https://codeload.github.com/grandchallenge/MATHSOLVE/zip/adcfa0537f43327f4bb9acfe1692f757fce353c4,,contestants/E10/13-archives/E10-grandchallenge-MATHSOLVE-adcfa0537f43327f4bb9acfe1692f757fce353c4.zip,MATHSOLVE-adcfa0537f43327f4bb9acfe1692f757fce353c4/contributions/OPENMATH-2026/OM26-H1/WP60/dispatches/OM26-H1-WP60-IA-001.json,,7606dc08,Filename/path inference; editable in the app
344765,contributions/OPENMATH-2026/OM26-H1/WP60/lifecycle/OM26-H1-WP60-IA-001/ADJUDICATION.json,General / shared,760,Pinned collected revision; final designation governed by team receipt | 2fd9fd643bf3e9e98d121dc2e7af1cf1be411ae2,https://codeload.github.com/grandchallenge/MATHSOLVE/zip/2fd9fd643bf3e9e98d121dc2e7af1cf1be411ae2,,contestants/E10/13-archives/E10-grandchallenge-MATHSOLVE-2fd9fd643bf3e9e98d121dc2e7af1cf1be411ae2.zip,MATHSOLVE-2fd9fd643bf3e9e98d121dc2e7af1cf1be411ae2/contributions/OPENMATH-2026/OM26-H1/WP60/lifecycle/OM26-H1-WP60-IA-001/ADJUDICATION.json,,55081535,Filename/path inference; editable in the app
347759,contributions/OPENMATH-2026/OM26-H1/WP60/lifecycle/OM26-H1-WP60-IA-001/ADJUDICATION.json,General / shared,760,Latest public revision collected separately; not an author-designated final | adcfa0537f43327f4bb9acfe1692f757fce353c4,https://codeload.github.com/grandchallenge/MATHSOLVE/zip/adcfa0537f43327f4bb9acfe1692f757fce353c4,,contestants/E10/13-archives/E10-grandchallenge-MATHSOLVE-adcfa0537f43327f4bb9acfe1692f757fce353c4.zip,MATHSOLVE-adcfa0537f43327f4bb9acfe1692f757fce353c4/contributions/OPENMATH-2026/OM26-H1/WP60/lifecycle/OM26-H1-WP60-IA-001/ADJUDICATION.json,,55081535,Filename/path inference; editable in the app
344766,contributions/OPENMATH-2026/OM26-H1/WP60/lifecycle/OM26-H1-WP60-IA-001/MANIFEST.json,General / shared,1857,Pinned collected revision; final designation governed by team receipt | 2fd9fd643bf3e9e98d121dc2e7af1cf1be411ae2,https://codeload.github.com/grandchallenge/MATHSOLVE/zip/2fd9fd643bf3e9e98d121dc2e7af1cf1be411ae2,,contestants/E10/13-archives/E10-grandchallenge-MATHSOLVE-2fd9fd643bf3e9e98d121dc2e7af1cf1be411ae2.zip,MATHSOLVE-2fd9fd643bf3e9e98d121dc2e7af1cf1be411ae2/contributions/OPENMATH-2026/OM26-H1/WP60/lifecycle/OM26-H1-WP60-IA-001/MANIFEST.json,,5e967451,Filename/path inference; editable in the app
347760,contributions/OPENMATH-2026/OM26-H1/WP60/lifecycle/OM26-H1-WP60-IA-001/MANIFEST.json,General / shared,1857,Latest public revision collected separately; not an author-designated final | adcfa0537f43327f4bb9acfe1692f757fce353c4,https://codeload.github.com/grandchallenge/MATHSOLVE/zip/adcfa0537f43327f4bb9acfe1692f757fce353c4,,contestants/E10/13-archives/E10-grandchallenge-MATHSOLVE-adcfa0537f43327f4bb9acfe1692f757fce353c4.zip,MATHSOLVE-adcfa0537f43327f4bb9acfe1692f757fce353c4/contributions/OPENMATH-2026/OM26-H1/WP60/lifecycle/OM26-H1-WP60-IA-001/MANIFEST.json,,5e967451,Filename/path inference; editable in the app
344767,contributions/OPENMATH-2026/OM26-H1/WP60/lifecycle/OM26-H1-WP60-IA-001/PROGRAMME_PROJECTION.json,General / shared,963,Pinned collected revision; final designation governed by team receipt | 2fd9fd643bf3e9e98d121dc2e7af1cf1be411ae2,https://codeload.github.com/grandchallenge/MATHSOLVE/zip/2fd9fd643bf3e9e98d121dc2e7af1cf1be411ae2,,contestants/E10/13-archives/E10-grandchallenge-MATHSOLVE-2fd9fd643bf3e9e98d121dc2e7af1cf1be411ae2.zip,MATHSOLVE-2fd9fd643bf3e9e98d121dc2e7af1cf1be411ae2/contributions/OPENMATH-2026/OM26-H1/WP60/lifecycle/OM26-H1-WP60-IA-001/PROGRAMME_PROJECTION.json,,ab804d6f,Filename/path inference; editable in the app
347761,contributions/OPENMATH-2026/OM26-H1/WP60/lifecycle/OM26-H1-WP60-IA-001/PROGRAMME_PROJECTION.json,General / shared,963,Latest public revision collected separately; not an author-designated final | adcfa0537f43327f4bb9acfe1692f757fce353c4,https://codeload.github.com/grandchallenge/MATHSOLVE/zip/adcfa0537f43327f4bb9acfe1692f757fce353c4,,contestants/E10/13-archives/E10-grandchallenge-MATHSOLVE-adcfa0537f43327f4bb9acfe1692f757fce353c4.zip,MATHSOLVE-adcfa0537f43327f4bb9acfe1692f757fce353c4/contributions/OPENMATH-2026/OM26-H1/WP60/lifecycle/OM26-H1-WP60-IA-001/PROGRAMME_PROJECTION.json,,ab804d6f,Filename/path inference; editable in the app
344768,contributions/OPENMATH-2026/OM26-H1/WP60/lifecycle/OM26-H1-WP60-IA-001/REPLAY.json,General / shared,729,Pinned collected revision; final designation governed by team receipt | 2fd9fd643bf3e9e98d121dc2e7af1cf1be411ae2,https://codeload.github.com/grandchallenge/MATHSOLVE/zip/2fd9fd643bf3e9e98d121dc2e7af1cf1be411ae2,,contestants/E10/13-archives/E10-grandchallenge-MATHSOLVE-2fd9fd643bf3e9e98d121dc2e7af1cf1be411ae2.zip,MATHSOLVE-2fd9fd643bf3e9e98d121dc2e7af1cf1be411ae2/contributions/OPENMATH-2026/OM26-H1/WP60/lifecycle/OM26-H1-WP60-IA-001/REPLAY.json,,0759eba8,Filename/path inference; editable in the app
347762,contributions/OPENMATH-2026/OM26-H1/WP60/lifecycle/OM26-H1-WP60-IA-001/REPLAY.json,General / shared,729,Latest public revision collected separately; not an author-designated final | adcfa0537f43327f4bb9acfe1692f757fce353c4,https://codeload.github.com/grandchallenge/MATHSOLVE/zip/adcfa0537f43327f4bb9acfe1692f757fce353c4,,contestants/E10/13-archives/E10-grandchallenge-MATHSOLVE-adcfa0537f43327f4bb9acfe1692f757fce353c4.zip,MATHSOLVE-adcfa0537f43327f4bb9acfe1692f757fce353c4/contributions/OPENMATH-2026/OM26-H1/WP60/lifecycle/OM26-H1-WP60-IA-001/REPLAY.json,,0759eba8,Filename/path inference; editable in the app
344770,contributions/OPENMATH-2026/OM26-H1/WP60/receipts/OM26-H1-WP60-IA-001/github-comment-5942760286.json,General / shared,17135,Pinned collected revision; final designation governed by team receipt | 2fd9fd643bf3e9e98d121dc2e7af1cf1be411ae2,https://codeload.github.com/grandchallenge/MATHSOLVE/zip/2fd9fd643bf3e9e98d121dc2e7af1cf1be411ae2,,contestants/E10/13-archives/E10-grandchallenge-MATHSOLVE-2fd9fd643bf3e9e98d121dc2e7af1cf1be411ae2.zip,MATHSOLVE-2fd9fd643bf3e9e98d121dc2e7af1cf1be411ae2/contributions/OPENMATH-2026/OM26-H1/WP60/receipts/OM26-H1-WP60-IA-001/github-comment-5942760286.json,,caf1d43e,Filename/path inference; editable in the app
347764,contributions/OPENMATH-2026/OM26-H1/WP60/receipts/OM26-H1-WP60-IA-001/github-comment-5942760286.json,General / shared,17135,Latest public revision collected separately; not an author-designated final | adcfa0537f43327f4bb9acfe1692f757fce353c4,https://codeload.github.com/grandchallenge/MATHSOLVE/zip/adcfa0537f43327f4bb9acfe1692f757fce353c4,,contestants/E10/13-archives/E10-grandchallenge-MATHSOLVE-adcfa0537f43327f4bb9acfe1692f757fce353c4.zip,MATHSOLVE-adcfa0537f43327f4bb9acfe1692f757fce353c4/contributions/OPENMATH-2026/OM26-H1/WP60/receipts/OM26-H1-WP60-IA-001/github-comment-5942760286.json,,caf1d43e,Filename/path inference; editable in the app
344771,contributions/OPENMATH-2026/OM26-H1/WP61/dispatches/OM26-H1-WP61-IA-001.json,General / shared,974,Pinned collected revision; final designation governed by team receipt | 2fd9fd643bf3e9e98d121dc2e7af1cf1be411ae2,https://codeload.github.com/grandchallenge/MATHSOLVE/zip/2fd9fd643bf3e9e98d121dc2e7af1cf1be411ae2,,contestants/E10/13-archives/E10-grandchallenge-MATHSOLVE-2fd9fd643bf3e9e98d121dc2e7af1cf1be411ae2.zip,MATHSOLVE-2fd9fd643bf3e9e98d121dc2e7af1cf1be411ae2/contributions/OPENMATH-2026/OM26-H1/WP61/dispatches/OM26-H1-WP61-IA-001.json,,412a6841,Filename/path inference; editable in the app
347765,contributions/OPENMATH-2026/OM26-H1/WP61/dispatches/OM26-H1-WP61-IA-001.json,General / shared,974,Latest public revision collected separately; not an author-designated final | adcfa0537f43327f4bb9acfe1692f757fce353c4,https://codeload.github.com/grandchallenge/MATHSOLVE/zip/adcfa0537f43327f4bb9acfe1692f757fce353c4,,contestants/E10/13-archives/E10-grandchallenge-MATHSOLVE-adcfa0537f43327f4bb9acfe1692f757fce353c4.zip,MATHSOLVE-adcfa0537f43327f4bb9acfe1692f757fce353c4/contributions/OPENMATH-2026/OM26-H1/WP61/dispatches/OM26-H1-WP61-IA-001.json,,412a6841,Filename/path inference; editable in the app
344772,contributions/OPENMATH-2026/OM26-H1/WP61/lifecycle/OM26-H1-WP61-IA-001/ADJUDICATION.json,General / shared,760,Pinned collected revision; final designation governed by team receipt | 2fd9fd643bf3e9e98d121dc2e7af1cf1be411ae2,https://codeload.github.com/grandchallenge/MATHSOLVE/zip/2fd9fd643bf3e9e98d121dc2e7af1cf1be411ae2,,contestants/E10/13-archives/E10-grandchallenge-MATHSOLVE-2fd9fd643bf3e9e98d121dc2e7af1cf1be411ae2.zip,MATHSOLVE-2fd9fd643bf3e9e98d121dc2e7af1cf1be411ae2/contributions/OPENMATH-2026/OM26-H1/WP61/lifecycle/OM26-H1-WP61-IA-001/ADJUDICATION.json,,25a6da4e,Filename/path inference; editable in the app
347766,contributions/OPENMATH-2026/OM26-H1/WP61/lifecycle/OM26-H1-WP61-IA-001/ADJUDICATION.json,General / shared,760,Latest public revision collected separately; not an author-designated final | adcfa0537f43327f4bb9acfe1692f757fce353c4,https://codeload.github.com/grandchallenge/MATHSOLVE/zip/adcfa0537f43327f4bb9acfe1692f757fce353c4,,contestants/E10/13-archives/E10-grandchallenge-MATHSOLVE-adcfa0537f43327f4bb9acfe1692f757fce353c4.zip,MATHSOLVE-adcfa0537f43327f4bb9acfe1692f757fce353c4/contributions/OPENMATH-2026/OM26-H1/WP61/lifecycle/OM26-H1-WP61-IA-001/ADJUDICATION.json,,25a6da4e,Filename/path inference; editable in the app
344773,contributions/OPENMATH-2026/OM26-H1/WP61/lifecycle/OM26-H1-WP61-IA-001/MANIFEST.json,General / shared,1857,Pinned collected revision; final designation governed by team receipt | 2fd9fd643bf3e9e98d121dc2e7af1cf1be411ae2,https://codeload.github.com/grandchallenge/MATHSOLVE/zip/2fd9fd643bf3e9e98d121dc2e7af1cf1be411ae2,,contestants/E10/13-archives/E10-grandchallenge-MATHSOLVE-2fd9fd643bf3e9e98d121dc2e7af1cf1be411ae2.zip,MATHSOLVE-2fd9fd643bf3e9e98d121dc2e7af1cf1be411ae2/contributions/OPENMATH-2026/OM26-H1/WP61/lifecycle/OM26-H1-WP61-IA-001/MANIFEST.json,,7be0daaf,Filename/path inference; editable in the app
347767,contributions/OPENMATH-2026/OM26-H1/WP61/lifecycle/OM26-H1-WP61-IA-001/MANIFEST.json,General / shared,1857,Latest public revision collected separately; not an author-designated final | adcfa0537f43327f4bb9acfe1692f757fce353c4,https://codeload.github.com/grandchallenge/MATHSOLVE/zip/adcfa0537f43327f4bb9acfe1692f757fce353c4,,contestants/E10/13-archives/E10-grandchallenge-MATHSOLVE-adcfa0537f43327f4bb9acfe1692f757fce353c4.zip,MATHSOLVE-adcfa0537f43327f4bb9acfe1692f757fce353c4/contributions/OPENMATH-2026/OM26-H1/WP61/lifecycle/OM26-H1-WP61-IA-001/MANIFEST.json,,7be0daaf,Filename/path inference; editable in the app
344774,contributions/OPENMATH-2026/OM26-H1/WP61/lifecycle/OM26-H1-WP61-IA-001/PROGRAMME_PROJECTION.json,General / shared,963,Pinned collected revision; final designation governed by team receipt | 2fd9fd643bf3e9e98d121dc2e7af1cf1be411ae2,https://codeload.github.com/grandchallenge/MATHSOLVE/zip/2fd9fd643bf3e9e98d121dc2e7af1cf1be411ae2,,contestants/E10/13-archives/E10-grandchallenge-MATHSOLVE-2fd9fd643bf3e9e98d121dc2e7af1cf1be411ae2.zip,MATHSOLVE-2fd9fd643bf3e9e98d121dc2e7af1cf1be411ae2/contributions/OPENMATH-2026/OM26-H1/WP61/lifecycle/OM26-H1-WP61-IA-001/PROGRAMME_PROJECTION.json,,c2fba84c,Filename/path inference; editable in the app
347768,contributions/OPENMATH-2026/OM26-H1/WP61/lifecycle/OM26-H1-WP61-IA-001/PROGRAMME_PROJECTION.json,General / shared,963,Latest public revision collected separately; not an author-designated final | adcfa0537f43327f4bb9acfe1692f757fce353c4,https://codeload.github.com/grandchallenge/MATHSOLVE/zip/adcfa0537f43327f4bb9acfe1692f757fce353c4,,contestants/E10/13-archives/E10-grandchallenge-MATHSOLVE-adcfa0537f43327f4bb9acfe1692f757fce353c4.zip,MATHSOLVE-adcfa0537f43327f4bb9acfe1692f757fce353c4/contributions/OPENMATH-2026/OM26-H1/WP61/lifecycle/OM26-H1-WP61-IA-001/PROGRAMME_PROJECTION.json,,c2fba84c,Filename/path inference; editable in the app
344775,contributions/OPENMATH-2026/OM26-H1/WP61/lifecycle/OM26-H1-WP61-IA-001/REPLAY.json,General / shared,729,Pinned collected revision; final designation governed by team receipt | 2fd9fd643bf3e9e98d121dc2e7af1cf1be411ae2,https://codeload.github.com/grandchallenge/MATHSOLVE/zip/2fd9fd643bf3e9e98d121dc2e7af1cf1be411ae2,,contestants/E10/13-archives/E10-grandchallenge-MATHSOLVE-2fd9fd643bf3e9e98d121dc2e7af1cf1be411ae2.zip,MATHSOLVE-2fd9fd643bf3e9e98d121dc2e7af1cf1be411ae2/contributions/OPENMATH-2026/OM26-H1/WP61/lifecycle/OM26-H1-WP61-IA-001/REPLAY.json,,0e4cf194,Filename/path inference; editable in the app
347769,contributions/OPENMATH-2026/OM26-H1/WP61/lifecycle/OM26-H1-WP61-IA-001/REPLAY.json,General / shared,729,Latest public revision collected separately; not an author-designated final | adcfa0537f43327f4bb9acfe1692f757fce353c4,https://codeload.github.com/grandchallenge/MATHSOLVE/zip/adcfa0537f43327f4bb9acfe1692f757fce353c4,,contestants/E10/13-archives/E10-grandchallenge-MATHSOLVE-adcfa0537f43327f4bb9acfe1692f757fce353c4.zip,MATHSOLVE-adcfa0537f43327f4bb9acfe1692f757fce353c4/contributions/OPENMATH-2026/OM26-H1/WP61/lifecycle/OM26-H1-WP61-IA-001/REPLAY.json,,0e4cf194,Filename/path inference; editable in the app
344777,contributions/OPENMATH-2026/OM26-H1/WP61/receipts/OM26-H1-WP61-IA-001/github-comment-5951670304.json,General / shared,13205,Pinned collected revision; final designation governed by team receipt | 2fd9fd643bf3e9e98d121dc2e7af1cf1be411ae2,https://codeload.github.com/grandchallenge/MATHSOLVE/zip/2fd9fd643bf3e9e98d121dc2e7af1cf1be411ae2,,contestants/E10/13-archives/E10-grandchallenge-MATHSOLVE-2fd9fd643bf3e9e98d121dc2e7af1cf1be411ae2.zip,MATHSOLVE-2fd9fd643bf3e9e98d121dc2e7af1cf1be411ae2/contributions/OPENMATH-2026/OM26-H1/WP61/receipts/OM26-H1-WP61-IA-001/github-comment-5951670304.json,,7a15e8c6,Filename/path inference; editable in the app
347771,contributions/OPENMATH-2026/OM26-H1/WP61/receipts/OM26-H1-WP61-IA-001/github-comment-5951670304.json,General / shared,13205,Latest public revision collected separately; not an author-designated final | adcfa0537f43327f4bb9acfe1692f757fce353c4,https://codeload.github.com/grandchallenge/MATHSOLVE/zip/adcfa0537f43327f4bb9acfe1692f757fce353c4,,contestants/E10/13-archives/E10-grandchallenge-MATHSOLVE-adcfa0537f43327f4bb9acfe1692f757fce353c4.zip,MATHSOLVE-adcfa0537f43327f4bb9acfe1692f757fce353c4/contributions/OPENMATH-2026/OM26-H1/WP61/receipts/OM26-H1-WP61-IA-001/github-comment-5951670304.json,,7a15e8c6,Filename/path inference; editable in the app
344778,contributions/OPENMATH-2026/OM26-H1/WP62/dispatches/OM26-H1-WP62-IA-001.json,General / shared,971,Pinned collected revision; final designation governed by team receipt | 2fd9fd643bf3e9e98d121dc2e7af1cf1be411ae2,https://codeload.github.com/grandchallenge/MATHSOLVE/zip/2fd9fd643bf3e9e98d121dc2e7af1cf1be411ae2,,contestants/E10/13-archives/E10-grandchallenge-MATHSOLVE-2fd9fd643bf3e9e98d121dc2e7af1cf1be411ae2.zip,MATHSOLVE-2fd9fd643bf3e9e98d121dc2e7af1cf1be411ae2/contributions/OPENMATH-2026/OM26-H1/WP62/dispatches/OM26-H1-WP62-IA-001.json,,f7dbc9fc,Filename/path inference; editable in the app
347772,contributions/OPENMATH-2026/OM26-H1/WP62/dispatches/OM26-H1-WP62-IA-001.json,General / shared,971,Latest public revision collected separately; not an author-designated final | adcfa0537f43327f4bb9acfe1692f757fce353c4,https://codeload.github.com/grandchallenge/MATHSOLVE/zip/adcfa0537f43327f4bb9acfe1692f757fce353c4,,contestants/E10/13-archives/E10-grandchallenge-MATHSOLVE-adcfa0537f43327f4bb9acfe1692f757fce353c4.zip,MATHSOLVE-adcfa0537f43327f4bb9acfe1692f757fce353c4/contributions/OPENMATH-2026/OM26-H1/WP62/dispatches/OM26-H1-WP62-IA-001.json,,f7dbc9fc,Filename/path inference; editable in the app
344779,contributions/OPENMATH-2026/OM26-H1/WP62/lifecycle/OM26-H1-WP62-IA-001/ADJUDICATION.json,General / shared,760,Pinned collected revision; final designation governed by team receipt | 2fd9fd643bf3e9e98d121dc2e7af1cf1be411ae2,https://codeload.github.com/grandchallenge/MATHSOLVE/zip/2fd9fd643bf3e9e98d121dc2e7af1cf1be411ae2,,contestants/E10/13-archives/E10-grandchallenge-MATHSOLVE-2fd9fd643bf3e9e98d121dc2e7af1cf1be411ae2.zip,MATHSOLVE-2fd9fd643bf3e9e98d121dc2e7af1cf1be411ae2/contributions/OPENMATH-2026/OM26-H1/WP62/lifecycle/OM26-H1-WP62-IA-001/ADJUDICATION.json,,539bf821,Filename/path inference; editable in the app
347773,contributions/OPENMATH-2026/OM26-H1/WP62/lifecycle/OM26-H1-WP62-IA-001/ADJUDICATION.json,General / shared,760,Latest public revision collected separately; not an author-designated final | adcfa0537f43327f4bb9acfe1692f757fce353c4,https://codeload.github.com/grandchallenge/MATHSOLVE/zip/adcfa0537f43327f4bb9acfe1692f757fce353c4,,contestants/E10/13-archives/E10-grandchallenge-MATHSOLVE-adcfa0537f43327f4bb9acfe1692f757fce353c4.zip,MATHSOLVE-adcfa0537f43327f4bb9acfe1692f757fce353c4/contributions/OPENMATH-2026/OM26-H1/WP62/lifecycle/OM26-H1-WP62-IA-001/ADJUDICATION.json,,539bf821,Filename/path inference; editable in the app
344780,contributions/OPENMATH-2026/OM26-H1/WP62/lifecycle/OM26-H1-WP62-IA-001/MANIFEST.json,General / shared,1857,Pinned collected revision; final designation governed by team receipt | 2fd9fd643bf3e9e98d121dc2e7af1cf1be411ae2,https://codeload.github.com/grandchallenge/MATHSOLVE/zip/2fd9fd643bf3e9e98d121dc2e7af1cf1be411ae2,,contestants/E10/13-archives/E10-grandchallenge-MATHSOLVE-2fd9fd643bf3e9e98d121dc2e7af1cf1be411ae2.zip,MATHSOLVE-2fd9fd643bf3e9e98d121dc2e7af1cf1be411ae2/contributions/OPENMATH-2026/OM26-H1/WP62/lifecycle/OM26-H1-WP62-IA-001/MANIFEST.json,,79459764,Filename/path inference; editable in the app
347774,contributions/OPENMATH-2026/OM26-H1/WP62/lifecycle/OM26-H1-WP62-IA-001/MANIFEST.json,General / shared,1857,Latest public revision collected separately; not an author-designated final | adcfa0537f43327f4bb9acfe1692f757fce353c4,https://codeload.github.com/grandchallenge/MATHSOLVE/zip/adcfa0537f43327f4bb9acfe1692f757fce353c4,,contestants/E10/13-archives/E10-grandchallenge-MATHSOLVE-adcfa0537f43327f4bb9acfe1692f757fce353c4.zip,MATHSOLVE-adcfa0537f43327f4bb9acfe1692f757fce353c4/contributions/OPENMATH-2026/OM26-H1/WP62/lifecycle/OM26-H1-WP62-IA-001/MANIFEST.json,,79459764,Filename/path inference; editable in the app
344781,contributions/OPENMATH-2026/OM26-H1/WP62/lifecycle/OM26-H1-WP62-IA-001/PROGRAMME_PROJECTION.json,General / shared,963,Pinned collected revision; final designation governed by team receipt | 2fd9fd643bf3e9e98d121dc2e7af1cf1be411ae2,https://codeload.github.com/grandchallenge/MATHSOLVE/zip/2fd9fd643bf3e9e98d121dc2e7af1cf1be411ae2,,contestants/E10/13-archives/E10-grandchallenge-MATHSOLVE-2fd9fd643bf3e9e98d121dc2e7af1cf1be411ae2.zip,MATHSOLVE-2fd9fd643bf3e9e98d121dc2e7af1cf1be411ae2/contributions/OPENMATH-2026/OM26-H1/WP62/lifecycle/OM26-H1-WP62-IA-001/PROGRAMME_PROJECTION.json,,e52d7a06,Filename/path inference; editable in the app
347775,contributions/OPENMATH-2026/OM26-H1/WP62/lifecycle/OM26-H1-WP62-IA-001/PROGRAMME_PROJECTION.json,General / shared,963,Latest public revision collected separately; not an author-designated final | adcfa0537f43327f4bb9acfe1692f757fce353c4,https://codeload.github.com/grandchallenge/MATHSOLVE/zip/adcfa0537f43327f4bb9acfe1692f757fce353c4,,contestants/E10/13-archives/E10-grandchallenge-MATHSOLVE-adcfa0537f43327f4bb9acfe1692f757fce353c4.zip,MATHSOLVE-adcfa0537f43327f4bb9acfe1692f757fce353c4/contributions/OPENMATH-2026/OM26-H1/WP62/lifecycle/OM26-H1-WP62-IA-001/PROGRAMME_PROJECTION.json,,e52d7a06,Filename/path inference; editable in the app
344782,contributions/OPENMATH-2026/OM26-H1/WP62/lifecycle/OM26-H1-WP62-IA-001/REPLAY.json,General / shared,729,Pinned collected revision; final designation governed by team receipt | 2fd9fd643bf3e9e98d121dc2e7af1cf1be411ae2,https://codeload.github.com/grandchallenge/MATHSOLVE/zip/2fd9fd643bf3e9e98d121dc2e7af1cf1be411ae2,,contestants/E10/13-archives/E10-grandchallenge-MATHSOLVE-2fd9fd643bf3e9e98d121dc2e7af1cf1be411ae2.zip,MATHSOLVE-2fd9fd643bf3e9e98d121dc2e7af1cf1be411ae2/contributions/OPENMATH-2026/OM26-H1/WP62/lifecycle/OM26-H1-WP62-IA-001/REPLAY.json,,1573dfd0,Filename/path inference; editable in the app
347776,contributions/OPENMATH-2026/OM26-H1/WP62/lifecycle/OM26-H1-WP62-IA-001/REPLAY.json,General / shared,729,Latest public revision collected separately; not an author-designated final | adcfa0537f43327f4bb9acfe1692f757fce353c4,https://codeload.github.com/grandchallenge/MATHSOLVE/zip/adcfa0537f43327f4bb9acfe1692f757fce353c4,,contestants/E10/13-archives/E10-grandchallenge-MATHSOLVE-adcfa0537f43327f4bb9acfe1692f757fce353c4.zip,MATHSOLVE-adcfa0537f43327f4bb9acfe1692f757fce353c4/contributions/OPENMATH-2026/OM26-H1/WP62/lifecycle/OM26-H1-WP62-IA-001/REPLAY.json,,1573dfd0,Filename/path inference; editable in the app
344784,contributions/OPENMATH-2026/OM26-H1/WP62/receipts/OM26-H1-WP62-IA-001/github-comment-5963069868.json,General / shared,13347,Pinned collected revision; final designation governed by team receipt | 2fd9fd643bf3e9e98d121dc2e7af1cf1be411ae2,https://codeload.github.com/grandchallenge/MATHSOLVE/zip/2fd9fd643bf3e9e98d121dc2e7af1cf1be411ae2,,contestants/E10/13-archives/E10-grandchallenge-MATHSOLVE-2fd9fd643bf3e9e98d121dc2e7af1cf1be411ae2.zip,MATHSOLVE-2fd9fd643bf3e9e98d121dc2e7af1cf1be411ae2/contributions/OPENMATH-2026/OM26-H1/WP62/receipts/OM26-H1-WP62-IA-001/github-comment-5963069868.json,,51636295,Filename/path inference; editable in the app
347778,contributions/OPENMATH-2026/OM26-H1/WP62/receipts/OM26-H1-WP62-IA-001/github-comment-5963069868.json,General / shared,13347,Latest public revision collected separately; not an author-designated final | adcfa0537f43327f4bb9acfe1692f757fce353c4,https://codeload.github.com/grandchallenge/MATHSOLVE/zip/adcfa0537f43327f4bb9acfe1692f757fce353c4,,contestants/E10/13-archives/E10-grandchallenge-MATHSOLVE-adcfa0537f43327f4bb9acfe1692f757fce353c4.zip,MATHSOLVE-adcfa0537f43327f4bb9acfe1692f757fce353c4/contributions/OPENMATH-2026/OM26-H1/WP62/receipts/OM26-H1-WP62-IA-001/github-comment-5963069868.json,,51636295,Filename/path inference; editable in the app
344785,contributions/OPENMATH-2026/OM26-H1/WP63/dispatches/OM26-H1-WP63-IA-001.json,General / shared,974,Pinned collected revision; final designation governed by team receipt | 2fd9fd643bf3e9e98d121dc2e7af1cf1be411ae2,https://codeload.github.com/grandchallenge/MATHSOLVE/zip/2fd9fd643bf3e9e98d121dc2e7af1cf1be411ae2,,contestants/E10/13-archives/E10-grandchallenge-MATHSOLVE-2fd9fd643bf3e9e98d121dc2e7af1cf1be411ae2.zip,MATHSOLVE-2fd9fd643bf3e9e98d121dc2e7af1cf1be411ae2/contributions/OPENMATH-2026/OM26-H1/WP63/dispatches/OM26-H1-WP63-IA-001.json,,629cdc03,Filename/path inference; editable in the app
347779,contributions/OPENMATH-2026/OM26-H1/WP63/dispatches/OM26-H1-WP63-IA-001.json,General / shared,974,Latest public revision collected separately; not an author-designated final | adcfa0537f43327f4bb9acfe1692f757fce353c4,https://codeload.github.com/grandchallenge/MATHSOLVE/zip/adcfa0537f43327f4bb9acfe1692f757fce353c4,,contestants/E10/13-archives/E10-grandchallenge-MATHSOLVE-adcfa0537f43327f4bb9acfe1692f757fce353c4.zip,MATHSOLVE-adcfa0537f43327f4bb9acfe1692f757fce353c4/contributions/OPENMATH-2026/OM26-H1/WP63/dispatches/OM26-H1-WP63-IA-001.json,,629cdc03,Filename/path inference; editable in the app
347780,contributions/OPENMATH-2026/OM26-H1/WP63/lifecycle/OM26-H1-WP63-IA-001/ADJUDICATION.json,General / shared,760,Latest public revision collected separately; not an author-designated final | adcfa0537f43327f4bb9acfe1692f757fce353c4,https://codeload.github.com/grandchallenge/MATHSOLVE/zip/adcfa0537f43327f4bb9acfe1692f757fce353c4,,contestants/E10/13-archives/E10-grandchallenge-MATHSOLVE-adcfa0537f43327f4bb9acfe1692f757fce353c4.zip,MATHSOLVE-adcfa0537f43327f4bb9acfe1692f757fce353c4/contributions/OPENMATH-2026/OM26-H1/WP63/lifecycle/OM26-H1-WP63-IA-001/ADJUDICATION.json,,6681a27f,Filename/path inference; editable in the app
347781,contributions/OPENMATH-2026/OM26-H1/WP63/lifecycle/OM26-H1-WP63-IA-001/MANIFEST.json,General / shared,1857,Latest public revision collected separately; not an author-designated final | adcfa0537f43327f4bb9acfe1692f757fce353c4,https://codeload.github.com/grandchallenge/MATHSOLVE/zip/adcfa0537f43327f4bb9acfe1692f757fce353c4,,contestants/E10/13-archives/E10-grandchallenge-MATHSOLVE-adcfa0537f43327f4bb9acfe1692f757fce353c4.zip,MATHSOLVE-adcfa0537f43327f4bb9acfe1692f757fce353c4/contributions/OPENMATH-2026/OM26-H1/WP63/lifecycle/OM26-H1-WP63-IA-001/MANIFEST.json,,05fd8c56,Filename/path inference; editable in the app
347782,contributions/OPENMATH-2026/OM26-H1/WP63/lifecycle/OM26-H1-WP63-IA-001/PROGRAMME_PROJECTION.json,General / shared,963,Latest public revision collected separately; not an author-designated final | adcfa0537f43327f4bb9acfe1692f757fce353c4,https://codeload.github.com/grandchallenge/MATHSOLVE/zip/adcfa0537f43327f4bb9acfe1692f757fce353c4,,contestants/E10/13-archives/E10-grandchallenge-MATHSOLVE-adcfa0537f43327f4bb9acfe1692f757fce353c4.zip,MATHSOLVE-adcfa0537f43327f4bb9acfe1692f757fce353c4/contributions/OPENMATH-2026/OM26-H1/WP63/lifecycle/OM26-H1-WP63-IA-001/PROGRAMME_PROJECTION.json,,1646bc71,Filename/path inference; editable in the app
347783,contributions/OPENMATH-2026/OM26-H1/WP63/lifecycle/OM26-H1-WP63-IA-001/REPLAY.json,General / shared,729,Latest public revision collected separately; not an author-designated final | adcfa0537f43327f4bb9acfe1692f757fce353c4,https://codeload.github.com/grandchallenge/MATHSOLVE/zip/adcfa0537f43327f4bb9acfe1692f757fce353c4,,contestants/E10/13-archives/E10-grandchallenge-MATHSOLVE-adcfa0537f43327f4bb9acfe1692f757fce353c4.zip,MATHSOLVE-adcfa0537f43327f4bb9acfe1692f757fce353c4/contributions/OPENMATH-2026/OM26-H1/WP63/lifecycle/OM26-H1-WP63-IA-001/REPLAY.json,,1c66c5ec,Filename/path inference; editable in the app
347785,contributions/OPENMATH-2026/OM26-H1/WP63/receipts/OM26-H1-WP63-IA-001/github-comment-5964241198.json,General / shared,11930,Latest public revision collected separately; not an author-designated final | adcfa0537f43327f4bb9acfe1692f757fce353c4,https://codeload.github.com/grandchallenge/MATHSOLVE/zip/adcfa0537f43327f4bb9acfe1692f757fce353c4,,contestants/E10/13-archives/E10-grandchallenge-MATHSOLVE-adcfa0537f43327f4bb9acfe1692f757fce353c4.zip,MATHSOLVE-adcfa0537f43327f4bb9acfe1692f757fce353c4/contributions/OPENMATH-2026/OM26-H1/WP63/receipts/OM26-H1-WP63-IA-001/github-comment-5964241198.json,,49e991d1,Filename/path inference; editable in the app
347786,contributions/OPENMATH-2026/OM26-H1/WP64/dispatches/OM26-H1-WP64-IA-001.json,General / shared,974,Latest public revision collected separately; not an author-designated final | adcfa0537f43327f4bb9acfe1692f757fce353c4,https://codeload.github.com/grandchallenge/MATHSOLVE/zip/adcfa0537f43327f4bb9acfe1692f757fce353c4,,contestants/E10/13-archives/E10-grandchallenge-MATHSOLVE-adcfa0537f43327f4bb9acfe1692f757fce353c4.zip,MATHSOLVE-adcfa0537f43327f4bb9acfe1692f757fce353c4/contributions/OPENMATH-2026/OM26-H1/WP64/dispatches/OM26-H1-WP64-IA-001.json,,7781cdba,Filename/path inference; editable in the app
347787,contributions/OPENMATH-2026/OM26-H1/WP64/lifecycle/OM26-H1-WP64-IA-001/ADJUDICATION.json,General / shared,760,Latest public revision collected separately; not an author-designated final | adcfa0537f43327f4bb9acfe1692f757fce353c4,https://codeload.github.com/grandchallenge/MATHSOLVE/zip/adcfa0537f43327f4bb9acfe1692f757fce353c4,,contestants/E10/13-archives/E10-grandchallenge-MATHSOLVE-adcfa0537f43327f4bb9acfe1692f757fce353c4.zip,MATHSOLVE-adcfa0537f43327f4bb9acfe1692f757fce353c4/contributions/OPENMATH-2026/OM26-H1/WP64/lifecycle/OM26-H1-WP64-IA-001/ADJUDICATION.json,,ee47c276,Filename/path inference; editable in the app
347788,contributions/OPENMATH-2026/OM26-H1/WP64/lifecycle/OM26-H1-WP64-IA-001/MANIFEST.json,General / shared,1857,Latest public revision collected separately; not an author-designated final | adcfa0537f43327f4bb9acfe1692f757fce353c4,https://codeload.github.com/grandchallenge/MATHSOLVE/zip/adcfa0537f43327f4bb9acfe1692f757fce353c4,,contestants/E10/13-archives/E10-grandchallenge-MATHSOLVE-adcfa0537f43327f4bb9acfe1692f757fce353c4.zip,MATHSOLVE-adcfa0537f43327f4bb9acfe1692f757fce353c4/contributions/OPENMATH-2026/OM26-H1/WP64/lifecycle/OM26-H1-WP64-IA-001/MANIFEST.json,,cab1b588,Filename/path inference; editable in the app
347789,contributions/OPENMATH-2026/OM26-H1/WP64/lifecycle/OM26-H1-WP64-IA-001/PROGRAMME_PROJECTION.json,General / shared,963,Latest public revision collected separately; not an author-designated final | adcfa0537f43327f4bb9acfe1692f757fce353c4,https://codeload.github.com/grandchallenge/MATHSOLVE/zip/adcfa0537f43327f4bb9acfe1692f757fce353c4,,contestants/E10/13-archives/E10-grandchallenge-MATHSOLVE-adcfa0537f43327f4bb9acfe1692f757fce353c4.zip,MATHSOLVE-adcfa0537f43327f4bb9acfe1692f757fce353c4/contributions/OPENMATH-2026/OM26-H1/WP64/lifecycle/OM26-H1-WP64-IA-001/PROGRAMME_PROJECTION.json,,d3af3115,Filename/path inference; editable in the app
347790,contributions/OPENMATH-2026/OM26-H1/WP64/lifecycle/OM26-H1-WP64-IA-001/REPLAY.json,General / shared,729,Latest public revision collected separately; not an author-designated final | adcfa0537f43327f4bb9acfe1692f757fce353c4,https://codeload.github.com/grandchallenge/MATHSOLVE/zip/adcfa0537f43327f4bb9acfe1692f757fce353c4,,contestants/E10/13-archives/E10-grandchallenge-MATHSOLVE-adcfa0537f43327f4bb9acfe1692f757fce353c4.zip,MATHSOLVE-adcfa0537f43327f4bb9acfe1692f757fce353c4/contributions/OPENMATH-2026/OM26-H1/WP64/lifecycle/OM26-H1-WP64-IA-001/REPLAY.json,,230d8358,Filename/path inference; editable in the app
347792,contributions/OPENMATH-2026/OM26-H1/WP64/receipts/OM26-H1-WP64-IA-001/github-comment-5966019857.json,General / shared,1561,Latest public revision collected separately; not an author-designated final | adcfa0537f43327f4bb9acfe1692f757fce353c4,https://codeload.github.com/grandchallenge/MATHSOLVE/zip/adcfa0537f43327f4bb9acfe1692f757fce353c4,,contestants/E10/13-archives/E10-grandchallenge-MATHSOLVE-adcfa0537f43327f4bb9acfe1692f757fce353c4.zip,MATHSOLVE-adcfa0537f43327f4bb9acfe1692f757fce353c4/contributions/OPENMATH-2026/OM26-H1/WP64/receipts/OM26-H1-WP64-IA-001/github-comment-5966019857.json,,0d021d6e,Filename/path inference; editable in the app
347793,contributions/OPENMATH-2026/OM26-H1/WP65/dispatches/OM26-H1-WP65-IA-001.json,General / shared,974,Latest public revision collected separately; not an author-designated final | adcfa0537f43327f4bb9acfe1692f757fce353c4,https://codeload.github.com/grandchallenge/MATHSOLVE/zip/adcfa0537f43327f4bb9acfe1692f757fce353c4,,contestants/E10/13-archives/E10-grandchallenge-MATHSOLVE-adcfa0537f43327f4bb9acfe1692f757fce353c4.zip,MATHSOLVE-adcfa0537f43327f4bb9acfe1692f757fce353c4/contributions/OPENMATH-2026/OM26-H1/WP65/dispatches/OM26-H1-WP65-IA-001.json,,6679b0a2,Filename/path inference; editable in the app
344786,contributions/OPENMATH-2026/OM26-H2/WP01/adjudications/OM26-H2-WP01-ADJ-001.json,General / shared,6153,Pinned collected revision; final designation governed by team receipt | 2fd9fd643bf3e9e98d121dc2e7af1cf1be411ae2,https://codeload.github.com/grandchallenge/MATHSOLVE/zip/2fd9fd643bf3e9e98d121dc2e7af1cf1be411ae2,,contestants/E10/13-archives/E10-grandchallenge-MATHSOLVE-2fd9fd643bf3e9e98d121dc2e7af1cf1be411ae2.zip,MATHSOLVE-2fd9fd643bf3e9e98d121dc2e7af1cf1be411ae2/contributions/OPENMATH-2026/OM26-H2/WP01/adjudications/OM26-H2-WP01-ADJ-001.json,,ed7d16d6,Filename/path inference; editable in the app
347794,contributions/OPENMATH-2026/OM26-H2/WP01/adjudications/OM26-H2-WP01-ADJ-001.json,General / shared,6153,Latest public revision collected separately; not an author-designated final | adcfa0537f43327f4bb9acfe1692f757fce353c4,https://codeload.github.com/grandchallenge/MATHSOLVE/zip/adcfa0537f43327f4bb9acfe1692f757fce353c4,,contestants/E10/13-archives/E10-grandchallenge-MATHSOLVE-adcfa0537f43327f4bb9acfe1692f757fce353c4.zip,MATHSOLVE-adcfa0537f43327f4bb9acfe1692f757fce353c4/contributions/OPENMATH-2026/OM26-H2/WP01/adjudications/OM26-H2-WP01-ADJ-001.json,,ed7d16d6,Filename/path inference; editable in the app
344787,contributions/OPENMATH-2026/OM26-H2/WP01/dispatches/OM26-H2-WP01-IA-001.json,General / shared,1254,Pinned collected revision; final designation governed by team receipt | 2fd9fd643bf3e9e98d121dc2e7af1cf1be411ae2,https://codeload.github.com/grandchallenge/MATHSOLVE/zip/2fd9fd643bf3e9e98d121dc2e7af1cf1be411ae2,,contestants/E10/13-archives/E10-grandchallenge-MATHSOLVE-2fd9fd643bf3e9e98d121dc2e7af1cf1be411ae2.zip,MATHSOLVE-2fd9fd643bf3e9e98d121dc2e7af1cf1be411ae2/contributions/OPENMATH-2026/OM26-H2/WP01/dispatches/OM26-H2-WP01-IA-001.json,,b07d2e3e,Filename/path inference; editable in the app
347795,contributions/OPENMATH-2026/OM26-H2/WP01/dispatches/OM26-H2-WP01-IA-001.json,General / shared,1254,Latest public revision collected separately; not an author-designated final | adcfa0537f43327f4bb9acfe1692f757fce353c4,https://codeload.github.com/grandchallenge/MATHSOLVE/zip/adcfa0537f43327f4bb9acfe1692f757fce353c4,,contestants/E10/13-archives/E10-grandchallenge-MATHSOLVE-adcfa0537f43327f4bb9acfe1692f757fce353c4.zip,MATHSOLVE-adcfa0537f43327f4bb9acfe1692f757fce353c4/contributions/OPENMATH-2026/OM26-H2/WP01/dispatches/OM26-H2-WP01-IA-001.json,,b07d2e3e,Filename/path inference; editable in the app
344789,contributions/OPENMATH-2026/OM26-H2/WP01/receipts/OM26-H2-WP01-IA-001/github-comment-5883655827.json,General / shared,1567,Pinned collected revision; final designation governed by team receipt | 2fd9fd643bf3e9e98d121dc2e7af1cf1be411ae2,https://codeload.github.com/grandchallenge/MATHSOLVE/zip/2fd9fd643bf3e9e98d121dc2e7af1cf1be411ae2,,contestants/E10/13-archives/E10-grandchallenge-MATHSOLVE-2fd9fd643bf3e9e98d121dc2e7af1cf1be411ae2.zip,MATHSOLVE-2fd9fd643bf3e9e98d121dc2e7af1cf1be411ae2/contributions/OPENMATH-2026/OM26-H2/WP01/receipts/OM26-H2-WP01-IA-001/github-comment-5883655827.json,,3da0cf20,Filename/path inference; editable in the app
347797,contributions/OPENMATH-2026/OM26-H2/WP01/receipts/OM26-H2-WP01-IA-001/github-comment-5883655827.json,General / shared,1567,Latest public revision collected separately; not an author-designated final | adcfa0537f43327f4bb9acfe1692f757fce353c4,https://codeload.github.com/grandchallenge/MATHSOLVE/zip/adcfa0537f43327f4bb9acfe1692f757fce353c4,,contestants/E10/13-archives/E10-grandchallenge-MATHSOLVE-adcfa0537f43327f4bb9acfe1692f757fce353c4.zip,MATHSOLVE-adcfa0537f43327f4bb9acfe1692f757fce353c4/contributions/OPENMATH-2026/OM26-H2/WP01/receipts/OM26-H2-WP01-IA-001/github-comment-5883655827.json,,3da0cf20,Filename/path inference; editable in the app
344790,contributions/OPENMATH-2026/OM26-H2/WP02/adjudications/OM26-H2-WP02-ADJ-001.json,General / shared,5115,Pinned collected revision; final designation governed by team receipt | 2fd9fd643bf3e9e98d121dc2e7af1cf1be411ae2,https://codeload.github.com/grandchallenge/MATHSOLVE/zip/2fd9fd643bf3e9e98d121dc2e7af1cf1be411ae2,,contestants/E10/13-archives/E10-grandchallenge-MATHSOLVE-2fd9fd643bf3e9e98d121dc2e7af1cf1be411ae2.zip,MATHSOLVE-2fd9fd643bf3e9e98d121dc2e7af1cf1be411ae2/contributions/OPENMATH-2026/OM26-H2/WP02/adjudications/OM26-H2-WP02-ADJ-001.json,,3bfc858c,Filename/path inference; editable in the app
347798,contributions/OPENMATH-2026/OM26-H2/WP02/adjudications/OM26-H2-WP02-ADJ-001.json,General / shared,5115,Latest public revision collected separately; not an author-designated final | adcfa0537f43327f4bb9acfe1692f757fce353c4,https://codeload.github.com/grandchallenge/MATHSOLVE/zip/adcfa0537f43327f4bb9acfe1692f757fce353c4,,contestants/E10/13-archives/E10-grandchallenge-MATHSOLVE-adcfa0537f43327f4bb9acfe1692f757fce353c4.zip,MATHSOLVE-adcfa0537f43327f4bb9acfe1692f757fce353c4/contributions/OPENMATH-2026/OM26-H2/WP02/adjudications/OM26-H2-WP02-ADJ-001.json,,3bfc858c,Filename/path inference; editable in the app
344791,contributions/OPENMATH-2026/OM26-H2/WP02/dispatches/OM26-H2-WP02-IA-001.json,General / shared,1464,Pinned collected revision; final designation governed by team receipt | 2fd9fd643bf3e9e98d121dc2e7af1cf1be411ae2,https://codeload.github.com/grandchallenge/MATHSOLVE/zip/2fd9fd643bf3e9e98d121dc2e7af1cf1be411ae2,,contestants/E10/13-archives/E10-grandchallenge-MATHSOLVE-2fd9fd643bf3e9e98d121dc2e7af1cf1be411ae2.zip,MATHSOLVE-2fd9fd643bf3e9e98d121dc2e7af1cf1be411ae2/contributions/OPENMATH-2026/OM26-H2/WP02/dispatches/OM26-H2-WP02-IA-001.json,,70bab6eb,Filename/path inference; editable in the app
347799,contributions/OPENMATH-2026/OM26-H2/WP02/dispatches/OM26-H2-WP02-IA-001.json,General / shared,1464,Latest public revision collected separately; not an author-designated final | adcfa0537f43327f4bb9acfe1692f757fce353c4,https://codeload.github.com/grandchallenge/MATHSOLVE/zip/adcfa0537f43327f4bb9acfe1692f757fce353c4,,contestants/E10/13-archives/E10-grandchallenge-MATHSOLVE-adcfa0537f43327f4bb9acfe1692f757fce353c4.zip,MATHSOLVE-adcfa0537f43327f4bb9acfe1692f757fce353c4/contributions/OPENMATH-2026/OM26-H2/WP02/dispatches/OM26-H2-WP02-IA-001.json,,70bab6eb,Filename/path inference; editable in the app
344793,contributions/OPENMATH-2026/OM26-H2/WP02/receipts/OM26-H2-WP02-IA-001/github-comment-5889734796.json,General / shared,1566,Pinned collected revision; final designation governed by team receipt | 2fd9fd643bf3e9e98d121dc2e7af1cf1be411ae2,https://codeload.github.com/grandchallenge/MATHSOLVE/zip/2fd9fd643bf3e9e98d121dc2e7af1cf1be411ae2,,contestants/E10/13-archives/E10-grandchallenge-MATHSOLVE-2fd9fd643bf3e9e98d121dc2e7af1cf1be411ae2.zip,MATHSOLVE-2fd9fd643bf3e9e98d121dc2e7af1cf1be411ae2/contributions/OPENMATH-2026/OM26-H2/WP02/receipts/OM26-H2-WP02-IA-001/github-comment-5889734796.json,,4d5a8a16,Filename/path inference; editable in the app
347801,contributions/OPENMATH-2026/OM26-H2/WP02/receipts/OM26-H2-WP02-IA-001/github-comment-5889734796.json,General / shared,1566,Latest public revision collected separately; not an author-designated final | adcfa0537f43327f4bb9acfe1692f757fce353c4,https://codeload.github.com/grandchallenge/MATHSOLVE/zip/adcfa0537f43327f4bb9acfe1692f757fce353c4,,contestants/E10/13-archives/E10-grandchallenge-MATHSOLVE-adcfa0537f43327f4bb9acfe1692f757fce353c4.zip,MATHSOLVE-adcfa0537f43327f4bb9acfe1692f757fce353c4/contributions/OPENMATH-2026/OM26-H2/WP02/receipts/OM26-H2-WP02-IA-001/github-comment-5889734796.json,,4d5a8a16,Filename/path inference; editable in the app
344794,contributions/OPENMATH-2026/OM26-H2/WP03/dispatches/OM26-H2-WP03-IA-001.json,General / shared,952,Pinned collected revision; final designation governed by team receipt | 2fd9fd643bf3e9e98d121dc2e7af1cf1be411ae2,https://codeload.github.com/grandchallenge/MATHSOLVE/zip/2fd9fd643bf3e9e98d121dc2e7af1cf1be411ae2,,contestants/E10/13-archives/E10-grandchallenge-MATHSOLVE-2fd9fd643bf3e9e98d121dc2e7af1cf1be411ae2.zip,MATHSOLVE-2fd9fd643bf3e9e98d121dc2e7af1cf1be411ae2/contributions/OPENMATH-2026/OM26-H2/WP03/dispatches/OM26-H2-WP03-IA-001.json,,c8470bbe,Filename/path inference; editable in the app
347802,contributions/OPENMATH-2026/OM26-H2/WP03/dispatches/OM26-H2-WP03-IA-001.json,General / shared,952,Latest public revision collected separately; not an author-designated final | adcfa0537f43327f4bb9acfe1692f757fce353c4,https://codeload.github.com/grandchallenge/MATHSOLVE/zip/adcfa0537f43327f4bb9acfe1692f757fce353c4,,contestants/E10/13-archives/E10-grandchallenge-MATHSOLVE-adcfa0537f43327f4bb9acfe1692f757fce353c4.zip,MATHSOLVE-adcfa0537f43327f4bb9acfe1692f757fce353c4/contributions/OPENMATH-2026/OM26-H2/WP03/dispatches/OM26-H2-WP03-IA-001.json,,c8470bbe,Filename/path inference; editable in the app
344795,contributions/OPENMATH-2026/OM26-H2/WP03/lifecycle/OM26-H2-WP03-IA-001/ADJUDICATION.json,General / shared,760,Pinned collected revision; final designation governed by team receipt | 2fd9fd643bf3e9e98d121dc2e7af1cf1be411ae2,https://codeload.github.com/grandchallenge/MATHSOLVE/zip/2fd9fd643bf3e9e98d121dc2e7af1cf1be411ae2,,contestants/E10/13-archives/E10-grandchallenge-MATHSOLVE-2fd9fd643bf3e9e98d121dc2e7af1cf1be411ae2.zip,MATHSOLVE-2fd9fd643bf3e9e98d121dc2e7af1cf1be411ae2/contributions/OPENMATH-2026/OM26-H2/WP03/lifecycle/OM26-H2-WP03-IA-001/ADJUDICATION.json,,f1528d03,Filename/path inference; editable in the app
347803,contributions/OPENMATH-2026/OM26-H2/WP03/lifecycle/OM26-H2-WP03-IA-001/ADJUDICATION.json,General / shared,760,Latest public revision collected separately; not an author-designated final | adcfa0537f43327f4bb9acfe1692f757fce353c4,https://codeload.github.com/grandchallenge/MATHSOLVE/zip/adcfa0537f43327f4bb9acfe1692f757fce353c4,,contestants/E10/13-archives/E10-grandchallenge-MATHSOLVE-adcfa0537f43327f4bb9acfe1692f757fce353c4.zip,MATHSOLVE-adcfa0537f43327f4bb9acfe1692f757fce353c4/contributions/OPENMATH-2026/OM26-H2/WP03/lifecycle/OM26-H2-WP03-IA-001/ADJUDICATION.json,,f1528d03,Filename/path inference; editable in the app
344796,contributions/OPENMATH-2026/OM26-H2/WP03/lifecycle/OM26-H2-WP03-IA-001/MANIFEST.json,General / shared,1766,Pinned collected revision; final designation governed by team receipt | 2fd9fd643bf3e9e98d121dc2e7af1cf1be411ae2,https://codeload.github.com/grandchallenge/MATHSOLVE/zip/2fd9fd643bf3e9e98d121dc2e7af1cf1be411ae2,,contestants/E10/13-archives/E10-grandchallenge-MATHSOLVE-2fd9fd643bf3e9e98d121dc2e7af1cf1be411ae2.zip,MATHSOLVE-2fd9fd643bf3e9e98d121dc2e7af1cf1be411ae2/contributions/OPENMATH-2026/OM26-H2/WP03/lifecycle/OM26-H2-WP03-IA-001/MANIFEST.json,,1b699343,Filename/path inference; editable in the app
347804,contributions/OPENMATH-2026/OM26-H2/WP03/lifecycle/OM26-H2-WP03-IA-001/MANIFEST.json,General / shared,1766,Latest public revision collected separately; not an author-designated final | adcfa0537f43327f4bb9acfe1692f757fce353c4,https://codeload.github.com/grandchallenge/MATHSOLVE/zip/adcfa0537f43327f4bb9acfe1692f757fce353c4,,contestants/E10/13-archives/E10-grandchallenge-MATHSOLVE-adcfa0537f43327f4bb9acfe1692f757fce353c4.zip,MATHSOLVE-adcfa0537f43327f4bb9acfe1692f757fce353c4/contributions/OPENMATH-2026/OM26-H2/WP03/lifecycle/OM26-H2-WP03-IA-001/MANIFEST.json,,1b699343,Filename/path inference; editable in the app
344797,contributions/OPENMATH-2026/OM26-H2/WP03/lifecycle/OM26-H2-WP03-IA-001/PROGRAMME_PROJECTION.json,General / shared,902,Pinned collected revision; final designation governed by team receipt | 2fd9fd643bf3e9e98d121dc2e7af1cf1be411ae2,https://codeload.github.com/grandchallenge/MATHSOLVE/zip/2fd9fd643bf3e9e98d121dc2e7af1cf1be411ae2,,contestants/E10/13-archives/E10-grandchallenge-MATHSOLVE-2fd9fd643bf3e9e98d121dc2e7af1cf1be411ae2.zip,MATHSOLVE-2fd9fd643bf3e9e98d121dc2e7af1cf1be411ae2/contributions/OPENMATH-2026/OM26-H2/WP03/lifecycle/OM26-H2-WP03-IA-001/PROGRAMME_PROJECTION.json,,a4a8abdb,Filename/path inference; editable in the app
347805,contributions/OPENMATH-2026/OM26-H2/WP03/lifecycle/OM26-H2-WP03-IA-001/PROGRAMME_PROJECTION.json,General / shared,902,Latest public revision collected separately; not an author-designated final | adcfa0537f43327f4bb9acfe1692f757fce353c4,https://codeload.github.com/grandchallenge/MATHSOLVE/zip/adcfa0537f43327f4bb9acfe1692f757fce353c4,,contestants/E10/13-archives/E10-grandchallenge-MATHSOLVE-adcfa0537f43327f4bb9acfe1692f757fce353c4.zip,MATHSOLVE-adcfa0537f43327f4bb9acfe1692f757fce353c4/contributions/OPENMATH-2026/OM26-H2/WP03/lifecycle/OM26-H2-WP03-IA-001/PROGRAMME_PROJECTION.json,,a4a8abdb,Filename/path inference; editable in the app
344798,contributions/OPENMATH-2026/OM26-H2/WP03/lifecycle/OM26-H2-WP03-IA-001/REPLAY.json,General / shared,729,Pinned collected revision; final designation governed by team receipt | 2fd9fd643bf3e9e98d121dc2e7af1cf1be411ae2,https://codeload.github.com/grandchallenge/MATHSOLVE/zip/2fd9fd643bf3e9e98d121dc2e7af1cf1be411ae2,,contestants/E10/13-archives/E10-grandchallenge-MATHSOLVE-2fd9fd643bf3e9e98d121dc2e7af1cf1be411ae2.zip,MATHSOLVE-2fd9fd643bf3e9e98d121dc2e7af1cf1be411ae2/contributions/OPENMATH-2026/OM26-H2/WP03/lifecycle/OM26-H2-WP03-IA-001/REPLAY.json,,783e547c,Filename/path inference; editable in the app
347806,contributions/OPENMATH-2026/OM26-H2/WP03/lifecycle/OM26-H2-WP03-IA-001/REPLAY.json,General / shared,729,Latest public revision collected separately; not an author-designated final | adcfa0537f43327f4bb9acfe1692f757fce353c4,https://codeload.github.com/grandchallenge/MATHSOLVE/zip/adcfa0537f43327f4bb9acfe1692f757fce353c4,,contestants/E10/13-archives/E10-grandchallenge-MATHSOLVE-adcfa0537f43327f4bb9acfe1692f757fce353c4.zip,MATHSOLVE-adcfa0537f43327f4bb9acfe1692f757fce353c4/contributions/OPENMATH-2026/OM26-H2/WP03/lifecycle/OM26-H2-WP03-IA-001/REPLAY.json,,783e547c,Filename/path inference; editable in the app
344800,contributions/OPENMATH-2026/OM26-H2/WP03/receipts/OM26-H2-WP03-IA-001/github-comment-5921341364.json,General / shared,1576,Pinned collected revision; final designation governed by team receipt | 2fd9fd643bf3e9e98d121dc2e7af1cf1be411ae2,https://codeload.github.com/grandchallenge/MATHSOLVE/zip/2fd9fd643bf3e9e98d121dc2e7af1cf1be411ae2,,contestants/E10/13-archives/E10-grandchallenge-MATHSOLVE-2fd9fd643bf3e9e98d121dc2e7af1cf1be411ae2.zip,MATHSOLVE-2fd9fd643bf3e9e98d121dc2e7af1cf1be411ae2/contributions/OPENMATH-2026/OM26-H2/WP03/receipts/OM26-H2-WP03-IA-001/github-comment-5921341364.json,,d40137d1,Filename/path inference; editable in the app
347808,contributions/OPENMATH-2026/OM26-H2/WP03/receipts/OM26-H2-WP03-IA-001/github-comment-5921341364.json,General / shared,1576,Latest public revision collected separately; not an author-designated final | adcfa0537f43327f4bb9acfe1692f757fce353c4,https://codeload.github.com/grandchallenge/MATHSOLVE/zip/adcfa0537f43327f4bb9acfe1692f757fce353c4,,contestants/E10/13-archives/E10-grandchallenge-MATHSOLVE-adcfa0537f43327f4bb9acfe1692f757fce353c4.zip,MATHSOLVE-adcfa0537f43327f4bb9acfe1692f757fce353c4/contributions/OPENMATH-2026/OM26-H2/WP03/receipts/OM26-H2-WP03-IA-001/github-comment-5921341364.json,,d40137d1,Filename/path inference; editable in the app
344801,contributions/OPENMATH-2026/OM26-H2/WP04/dispatches/OM26-H2-WP04-IA-001.json,General / shared,932,Pinned collected revision; final designation governed by team receipt | 2fd9fd643bf3e9e98d121dc2e7af1cf1be411ae2,https://codeload.github.com/grandchallenge/MATHSOLVE/zip/2fd9fd643bf3e9e98d121dc2e7af1cf1be411ae2,,contestants/E10/13-archives/E10-grandchallenge-MATHSOLVE-2fd9fd643bf3e9e98d121dc2e7af1cf1be411ae2.zip,MATHSOLVE-2fd9fd643bf3e9e98d121dc2e7af1cf1be411ae2/contributions/OPENMATH-2026/OM26-H2/WP04/dispatches/OM26-H2-WP04-IA-001.json,,fa567c9a,Filename/path inference; editable in the app
347809,contributions/OPENMATH-2026/OM26-H2/WP04/dispatches/OM26-H2-WP04-IA-001.json,General / shared,932,Latest public revision collected separately; not an author-designated final | adcfa0537f43327f4bb9acfe1692f757fce353c4,https://codeload.github.com/grandchallenge/MATHSOLVE/zip/adcfa0537f43327f4bb9acfe1692f757fce353c4,,contestants/E10/13-archives/E10-grandchallenge-MATHSOLVE-adcfa0537f43327f4bb9acfe1692f757fce353c4.zip,MATHSOLVE-adcfa0537f43327f4bb9acfe1692f757fce353c4/contributions/OPENMATH-2026/OM26-H2/WP04/dispatches/OM26-H2-WP04-IA-001.json,,fa567c9a,Filename/path inference; editable in the app
344802,contributions/OPENMATH-2026/OM26-H2/WP05/dispatches/OM26-H2-WP05-IA-001.json,General / shared,957,Pinned collected revision; final designation governed by team receipt | 2fd9fd643bf3e9e98d121dc2e7af1cf1be411ae2,https://codeload.github.com/grandchallenge/MATHSOLVE/zip/2fd9fd643bf3e9e98d121dc2e7af1cf1be411ae2,,contestants/E10/13-archives/E10-grandchallenge-MATHSOLVE-2fd9fd643bf3e9e98d121dc2e7af1cf1be411ae2.zip,MATHSOLVE-2fd9fd643bf3e9e98d121dc2e7af1cf1be411ae2/contributions/OPENMATH-2026/OM26-H2/WP05/dispatches/OM26-H2-WP05-IA-001.json,,4e7684c8,Filename/path inference; editable in the app
347810,contributions/OPENMATH-2026/OM26-H2/WP05/dispatches/OM26-H2-WP05-IA-001.json,General / shared,957,Latest public revision collected separately; not an author-designated final | adcfa0537f43327f4bb9acfe1692f757fce353c4,https://codeload.github.com/grandchallenge/MATHSOLVE/zip/adcfa0537f43327f4bb9acfe1692f757fce353c4,,contestants/E10/13-archives/E10-grandchallenge-MATHSOLVE-adcfa0537f43327f4bb9acfe1692f757fce353c4.zip,MATHSOLVE-adcfa0537f43327f4bb9acfe1692f757fce353c4/contributions/OPENMATH-2026/OM26-H2/WP05/dispatches/OM26-H2-WP05-IA-001.json,,4e7684c8,Filename/path inference; editable in the app
344803,contributions/OPENMATH-2026/OM26-H2/WP05/lifecycle/OM26-H2-WP05-IA-001/ADJUDICATION.json,General / shared,760,Pinned collected revision; final designation governed by team receipt | 2fd9fd643bf3e9e98d121dc2e7af1cf1be411ae2,https://codeload.github.com/grandchallenge/MATHSOLVE/zip/2fd9fd643bf3e9e98d121dc2e7af1cf1be411ae2,,contestants/E10/13-archives/E10-grandchallenge-MATHSOLVE-2fd9fd643bf3e9e98d121dc2e7af1cf1be411ae2.zip,MATHSOLVE-2fd9fd643bf3e9e98d121dc2e7af1cf1be411ae2/contributions/OPENMATH-2026/OM26-H2/WP05/lifecycle/OM26-H2-WP05-IA-001/ADJUDICATION.json,,73c0a933,Filename/path inference; editable in the app
347811,contributions/OPENMATH-2026/OM26-H2/WP05/lifecycle/OM26-H2-WP05-IA-001/ADJUDICATION.json,General / shared,760,Latest public revision collected separately; not an author-designated final | adcfa0537f43327f4bb9acfe1692f757fce353c4,https://codeload.github.com/grandchallenge/MATHSOLVE/zip/adcfa0537f43327f4bb9acfe1692f757fce353c4,,contestants/E10/13-archives/E10-grandchallenge-MATHSOLVE-adcfa0537f43327f4bb9acfe1692f757fce353c4.zip,MATHSOLVE-adcfa0537f43327f4bb9acfe1692f757fce353c4/contributions/OPENMATH-2026/OM26-H2/WP05/lifecycle/OM26-H2-WP05-IA-001/ADJUDICATION.json,,73c0a933,Filename/path inference; editable in the app
344804,contributions/OPENMATH-2026/OM26-H2/WP05/lifecycle/OM26-H2-WP05-IA-001/MANIFEST.json,General / shared,1857,Pinned collected revision; final designation governed by team receipt | 2fd9fd643bf3e9e98d121dc2e7af1cf1be411ae2,https://codeload.github.com/grandchallenge/MATHSOLVE/zip/2fd9fd643bf3e9e98d121dc2e7af1cf1be411ae2,,contestants/E10/13-archives/E10-grandchallenge-MATHSOLVE-2fd9fd643bf3e9e98d121dc2e7af1cf1be411ae2.zip,MATHSOLVE-2fd9fd643bf3e9e98d121dc2e7af1cf1be411ae2/contributions/OPENMATH-2026/OM26-H2/WP05/lifecycle/OM26-H2-WP05-IA-001/MANIFEST.json,,159ec1dd,Filename/path inference; editable in the app
347812,contributions/OPENMATH-2026/OM26-H2/WP05/lifecycle/OM26-H2-WP05-IA-001/MANIFEST.json,General / shared,1857,Latest public revision collected separately; not an author-designated final | adcfa0537f43327f4bb9acfe1692f757fce353c4,https://codeload.github.com/grandchallenge/MATHSOLVE/zip/adcfa0537f43327f4bb9acfe1692f757fce353c4,,contestants/E10/13-archives/E10-grandchallenge-MATHSOLVE-adcfa0537f43327f4bb9acfe1692f757fce353c4.zip,MATHSOLVE-adcfa0537f43327f4bb9acfe1692f757fce353c4/contributions/OPENMATH-2026/OM26-H2/WP05/lifecycle/OM26-H2-WP05-IA-001/MANIFEST.json,,159ec1dd,Filename/path inference; editable in the app
344805,contributions/OPENMATH-2026/OM26-H2/WP05/lifecycle/OM26-H2-WP05-IA-001/PROGRAMME_PROJECTION.json,General / shared,953,Pinned collected revision; final designation governed by team receipt | 2fd9fd643bf3e9e98d121dc2e7af1cf1be411ae2,https://codeload.github.com/grandchallenge/MATHSOLVE/zip/2fd9fd643bf3e9e98d121dc2e7af1cf1be411ae2,,contestants/E10/13-archives/E10-grandchallenge-MATHSOLVE-2fd9fd643bf3e9e98d121dc2e7af1cf1be411ae2.zip,MATHSOLVE-2fd9fd643bf3e9e98d121dc2e7af1cf1be411ae2/contributions/OPENMATH-2026/OM26-H2/WP05/lifecycle/OM26-H2-WP05-IA-001/PROGRAMME_PROJECTION.json,,9047c902,Filename/path inference; editable in the app
347813,contributions/OPENMATH-2026/OM26-H2/WP05/lifecycle/OM26-H2-WP05-IA-001/PROGRAMME_PROJECTION.json,General / shared,953,Latest public revision collected separately; not an author-designated final | adcfa0537f43327f4bb9acfe1692f757fce353c4,https://codeload.github.com/grandchallenge/MATHSOLVE/zip/adcfa0537f43327f4bb9acfe1692f757fce353c4,,contestants/E10/13-archives/E10-grandchallenge-MATHSOLVE-adcfa0537f43327f4bb9acfe1692f757fce353c4.zip,MATHSOLVE-adcfa0537f43327f4bb9acfe1692f757fce353c4/contributions/OPENMATH-2026/OM26-H2/WP05/lifecycle/OM26-H2-WP05-IA-001/PROGRAMME_PROJECTION.json,,9047c902,Filename/path inference; editable in the app
344806,contributions/OPENMATH-2026/OM26-H2/WP05/lifecycle/OM26-H2-WP05-IA-001/REPLAY.json,General / shared,729,Pinned collected revision; final designation governed by team receipt | 2fd9fd643bf3e9e98d121dc2e7af1cf1be411ae2,https://codeload.github.com/grandchallenge/MATHSOLVE/zip/2fd9fd643bf3e9e98d121dc2e7af1cf1be411ae2,,contestants/E10/13-archives/E10-grandchallenge-MATHSOLVE-2fd9fd643bf3e9e98d121dc2e7af1cf1be411ae2.zip,MATHSOLVE-2fd9fd643bf3e9e98d121dc2e7af1cf1be411ae2/contributions/OPENMATH-2026/OM26-H2/WP05/lifecycle/OM26-H2-WP05-IA-001/REPLAY.json,,4e4008f4,Filename/path inference; editable in the app
347814,contributions/OPENMATH-2026/OM26-H2/WP05/lifecycle/OM26-H2-WP05-IA-001/REPLAY.json,General / shared,729,Latest public revision collected separately; not an author-designated final | adcfa0537f43327f4bb9acfe1692f757fce353c4,https://codeload.github.com/grandchallenge/MATHSOLVE/zip/adcfa0537f43327f4bb9acfe1692f757fce353c4,,contestants/E10/13-archives/E10-grandchallenge-MATHSOLVE-adcfa0537f43327f4bb9acfe1692f757fce353c4.zip,MATHSOLVE-adcfa0537f43327f4bb9acfe1692f757fce353c4/contributions/OPENMATH-2026/OM26-H2/WP05/lifecycle/OM26-H2-WP05-IA-001/REPLAY.json,,4e4008f4,Filename/path inference; editable in the app
344808,contributions/OPENMATH-2026/OM26-H2/WP05/receipts/OM26-H2-WP05-IA-001/github-comment-5942546441.json,General / shared,13386,Pinned collected revision; final designation governed by team receipt | 2fd9fd643bf3e9e98d121dc2e7af1cf1be411ae2,https://codeload.github.com/grandchallenge/MATHSOLVE/zip/2fd9fd643bf3e9e98d121dc2e7af1cf1be411ae2,,contestants/E10/13-archives/E10-grandchallenge-MATHSOLVE-2fd9fd643bf3e9e98d121dc2e7af1cf1be411ae2.zip,MATHSOLVE-2fd9fd643bf3e9e98d121dc2e7af1cf1be411ae2/contributions/OPENMATH-2026/OM26-H2/WP05/receipts/OM26-H2-WP05-IA-001/github-comment-5942546441.json,,be8ac2ea,Filename/path inference; editable in the app
347816,contributions/OPENMATH-2026/OM26-H2/WP05/receipts/OM26-H2-WP05-IA-001/github-comment-5942546441.json,General / shared,13386,Latest public revision collected separately; not an author-designated final | adcfa0537f43327f4bb9acfe1692f757fce353c4,https://codeload.github.com/grandchallenge/MATHSOLVE/zip/adcfa0537f43327f4bb9acfe1692f757fce353c4,,contestants/E10/13-archives/E10-grandchallenge-MATHSOLVE-adcfa0537f43327f4bb9acfe1692f757fce353c4.zip,MATHSOLVE-adcfa0537f43327f4bb9acfe1692f757fce353c4/contributions/OPENMATH-2026/OM26-H2/WP05/receipts/OM26-H2-WP05-IA-001/github-comment-5942546441.json,,be8ac2ea,Filename/path inference; editable in the app
344809,contributions/OPENMATH-2026/OM26-H2/WP06/dispatches/OM26-H2-WP06-IA-001.json,General / shared,974,Pinned collected revision; final designation governed by team receipt | 2fd9fd643bf3e9e98d121dc2e7af1cf1be411ae2,https://codeload.github.com/grandchallenge/MATHSOLVE/zip/2fd9fd643bf3e9e98d121dc2e7af1cf1be411ae2,,contestants/E10/13-archives/E10-grandchallenge-MATHSOLVE-2fd9fd643bf3e9e98d121dc2e7af1cf1be411ae2.zip,MATHSOLVE-2fd9fd643bf3e9e98d121dc2e7af1cf1be411ae2/contributions/OPENMATH-2026/OM26-H2/WP06/dispatches/OM26-H2-WP06-IA-001.json,,5e5a4fd5,Filename/path inference; editable in the app
347817,contributions/OPENMATH-2026/OM26-H2/WP06/dispatches/OM26-H2-WP06-IA-001.json,General / shared,974,Latest public revision collected separately; not an author-designated final | adcfa0537f43327f4bb9acfe1692f757fce353c4,https://codeload.github.com/grandchallenge/MATHSOLVE/zip/adcfa0537f43327f4bb9acfe1692f757fce353c4,,contestants/E10/13-archives/E10-grandchallenge-MATHSOLVE-adcfa0537f43327f4bb9acfe1692f757fce353c4.zip,MATHSOLVE-adcfa0537f43327f4bb9acfe1692f757fce353c4/contributions/OPENMATH-2026/OM26-H2/WP06/dispatches/OM26-H2-WP06-IA-001.json,,5e5a4fd5,Filename/path inference; editable in the app
344810,contributions/OPENMATH-2026/OM26-H2/WP06/lifecycle/OM26-H2-WP06-IA-001/ADJUDICATION.json,General / shared,760,Pinned collected revision; final designation governed by team receipt | 2fd9fd643bf3e9e98d121dc2e7af1cf1be411ae2,https://codeload.github.com/grandchallenge/MATHSOLVE/zip/2fd9fd643bf3e9e98d121dc2e7af1cf1be411ae2,,contestants/E10/13-archives/E10-grandchallenge-MATHSOLVE-2fd9fd643bf3e9e98d121dc2e7af1cf1be411ae2.zip,MATHSOLVE-2fd9fd643bf3e9e98d121dc2e7af1cf1be411ae2/contributions/OPENMATH-2026/OM26-H2/WP06/lifecycle/OM26-H2-WP06-IA-001/ADJUDICATION.json,,c8045b46,Filename/path inference; editable in the app
347818,contributions/OPENMATH-2026/OM26-H2/WP06/lifecycle/OM26-H2-WP06-IA-001/ADJUDICATION.json,General / shared,760,Latest public revision collected separately; not an author-designated final | adcfa0537f43327f4bb9acfe1692f757fce353c4,https://codeload.github.com/grandchallenge/MATHSOLVE/zip/adcfa0537f43327f4bb9acfe1692f757fce353c4,,contestants/E10/13-archives/E10-grandchallenge-MATHSOLVE-adcfa0537f43327f4bb9acfe1692f757fce353c4.zip,MATHSOLVE-adcfa0537f43327f4bb9acfe1692f757fce353c4/contributions/OPENMATH-2026/OM26-H2/WP06/lifecycle/OM26-H2-WP06-IA-001/ADJUDICATION.json,,c8045b46,Filename/path inference; editable in the app
344811,contributions/OPENMATH-2026/OM26-H2/WP06/lifecycle/OM26-H2-WP06-IA-001/MANIFEST.json,General / shared,1857,Pinned collected revision; final designation governed by team receipt | 2fd9fd643bf3e9e98d121dc2e7af1cf1be411ae2,https://codeload.github.com/grandchallenge/MATHSOLVE/zip/2fd9fd643bf3e9e98d121dc2e7af1cf1be411ae2,,contestants/E10/13-archives/E10-grandchallenge-MATHSOLVE-2fd9fd643bf3e9e98d121dc2e7af1cf1be411ae2.zip,MATHSOLVE-2fd9fd643bf3e9e98d121dc2e7af1cf1be411ae2/contributions/OPENMATH-2026/OM26-H2/WP06/lifecycle/OM26-H2-WP06-IA-001/MANIFEST.json,,ea762bd1,Filename/path inference; editable in the app
347819,contributions/OPENMATH-2026/OM26-H2/WP06/lifecycle/OM26-H2-WP06-IA-001/MANIFEST.json,General / shared,1857,Latest public revision collected separately; not an author-designated final | adcfa0537f43327f4bb9acfe1692f757fce353c4,https://codeload.github.com/grandchallenge/MATHSOLVE/zip/adcfa0537f43327f4bb9acfe1692f757fce353c4,,contestants/E10/13-archives/E10-grandchallenge-MATHSOLVE-adcfa0537f43327f4bb9acfe1692f757fce353c4.zip,MATHSOLVE-adcfa0537f43327f4bb9acfe1692f757fce353c4/contributions/OPENMATH-2026/OM26-H2/WP06/lifecycle/OM26-H2-WP06-IA-001/MANIFEST.json,,ea762bd1,Filename/path inference; editable in the app
344812,contributions/OPENMATH-2026/OM26-H2/WP06/lifecycle/OM26-H2-WP06-IA-001/PROGRAMME_PROJECTION.json,General / shared,953,Pinned collected revision; final designation governed by team receipt | 2fd9fd643bf3e9e98d121dc2e7af1cf1be411ae2,https://codeload.github.com/grandchallenge/MATHSOLVE/zip/2fd9fd643bf3e9e98d121dc2e7af1cf1be411ae2,,contestants/E10/13-archives/E10-grandchallenge-MATHSOLVE-2fd9fd643bf3e9e98d121dc2e7af1cf1be411ae2.zip,MATHSOLVE-2fd9fd643bf3e9e98d121dc2e7af1cf1be411ae2/contributions/OPENMATH-2026/OM26-H2/WP06/lifecycle/OM26-H2-WP06-IA-001/PROGRAMME_PROJECTION.json,,d614b54f,Filename/path inference; editable in the app
347820,contributions/OPENMATH-2026/OM26-H2/WP06/lifecycle/OM26-H2-WP06-IA-001/PROGRAMME_PROJECTION.json,General / shared,953,Latest public revision collected separately; not an author-designated final | adcfa0537f43327f4bb9acfe1692f757fce353c4,https://codeload.github.com/grandchallenge/MATHSOLVE/zip/adcfa0537f43327f4bb9acfe1692f757fce353c4,,contestants/E10/13-archives/E10-grandchallenge-MATHSOLVE-adcfa0537f43327f4bb9acfe1692f757fce353c4.zip,MATHSOLVE-adcfa0537f43327f4bb9acfe1692f757fce353c4/contributions/OPENMATH-2026/OM26-H2/WP06/lifecycle/OM26-H2-WP06-IA-001/PROGRAMME_PROJECTION.json,,d614b54f,Filename/path inference; editable in the app
344813,contributions/OPENMATH-2026/OM26-H2/WP06/lifecycle/OM26-H2-WP06-IA-001/REPLAY.json,General / shared,729,Pinned collected revision; final designation governed by team receipt | 2fd9fd643bf3e9e98d121dc2e7af1cf1be411ae2,https://codeload.github.com/grandchallenge/MATHSOLVE/zip/2fd9fd643bf3e9e98d121dc2e7af1cf1be411ae2,,contestants/E10/13-archives/E10-grandchallenge-MATHSOLVE-2fd9fd643bf3e9e98d121dc2e7af1cf1be411ae2.zip,MATHSOLVE-2fd9fd643bf3e9e98d121dc2e7af1cf1be411ae2/contributions/OPENMATH-2026/OM26-H2/WP06/lifecycle/OM26-H2-WP06-IA-001/REPLAY.json,,557f26b0,Filename/path inference; editable in the app
347821,contributions/OPENMATH-2026/OM26-H2/WP06/lifecycle/OM26-H2-WP06-IA-001/REPLAY.json,General / shared,729,Latest public revision collected separately; not an author-designated final | adcfa0537f43327f4bb9acfe1692f757fce353c4,https://codeload.github.com/grandchallenge/MATHSOLVE/zip/adcfa0537f43327f4bb9acfe1692f757fce353c4,,contestants/E10/13-archives/E10-grandchallenge-MATHSOLVE-adcfa0537f43327f4bb9acfe1692f757fce353c4.zip,MATHSOLVE-adcfa0537f43327f4bb9acfe1692f757fce353c4/contributions/OPENMATH-2026/OM26-H2/WP06/lifecycle/OM26-H2-WP06-IA-001/REPLAY.json,,557f26b0,Filename/path inference; editable in the app
344815,contributions/OPENMATH-2026/OM26-H2/WP06/receipts/OM26-H2-WP06-IA-001/github-comment-5951254072.json,General / shared,7066,Pinned collected revision; final designation governed by team receipt | 2fd9fd643bf3e9e98d121dc2e7af1cf1be411ae2,https://codeload.github.com/grandchallenge/MATHSOLVE/zip/2fd9fd643bf3e9e98d121dc2e7af1cf1be411ae2,,contestants/E10/13-archives/E10-grandchallenge-MATHSOLVE-2fd9fd643bf3e9e98d121dc2e7af1cf1be411ae2.zip,MATHSOLVE-2fd9fd643bf3e9e98d121dc2e7af1cf1be411ae2/contributions/OPENMATH-2026/OM26-H2/WP06/receipts/OM26-H2-WP06-IA-001/github-comment-5951254072.json,,155cbb84,Filename/path inference; editable in the app
347823,contributions/OPENMATH-2026/OM26-H2/WP06/receipts/OM26-H2-WP06-IA-001/github-comment-5951254072.json,General / shared,7066,Latest public revision collected separately; not an author-designated final | adcfa0537f43327f4bb9acfe1692f757fce353c4,https://codeload.github.com/grandchallenge/MATHSOLVE/zip/adcfa0537f43327f4bb9acfe1692f757fce353c4,,contestants/E10/13-archives/E10-grandchallenge-MATHSOLVE-adcfa0537f43327f4bb9acfe1692f757fce353c4.zip,MATHSOLVE-adcfa0537f43327f4bb9acfe1692f757fce353c4/contributions/OPENMATH-2026/OM26-H2/WP06/receipts/OM26-H2-WP06-IA-001/github-comment-5951254072.json,,155cbb84,Filename/path inference; editable in the app
344816,contributions/OPENMATH-2026/OM26-H2/WP07/dispatches/OM26-H2-WP07-IA-001.json,General / shared,974,Pinned collected revision; final designation governed by team receipt | 2fd9fd643bf3e9e98d121dc2e7af1cf1be411ae2,https://codeload.github.com/grandchallenge/MATHSOLVE/zip/2fd9fd643bf3e9e98d121dc2e7af1cf1be411ae2,,contestants/E10/13-archives/E10-grandchallenge-MATHSOLVE-2fd9fd643bf3e9e98d121dc2e7af1cf1be411ae2.zip,MATHSOLVE-2fd9fd643bf3e9e98d121dc2e7af1cf1be411ae2/contributions/OPENMATH-2026/OM26-H2/WP07/dispatches/OM26-H2-WP07-IA-001.json,,e9c5a9e0,Filename/path inference; editable in the app
347824,contributions/OPENMATH-2026/OM26-H2/WP07/dispatches/OM26-H2-WP07-IA-001.json,General / shared,974,Latest public revision collected separately; not an author-designated final | adcfa0537f43327f4bb9acfe1692f757fce353c4,https://codeload.github.com/grandchallenge/MATHSOLVE/zip/adcfa0537f43327f4bb9acfe1692f757fce353c4,,contestants/E10/13-archives/E10-grandchallenge-MATHSOLVE-adcfa0537f43327f4bb9acfe1692f757fce353c4.zip,MATHSOLVE-adcfa0537f43327f4bb9acfe1692f757fce353c4/contributions/OPENMATH-2026/OM26-H2/WP07/dispatches/OM26-H2-WP07-IA-001.json,,e9c5a9e0,Filename/path inference; editable in the app
344817,contributions/OPENMATH-2026/OM26-H2/WP07/lifecycle/OM26-H2-WP07-IA-001/ADJUDICATION.json,General / shared,760,Pinned collected revision; final designation governed by team receipt | 2fd9fd643bf3e9e98d121dc2e7af1cf1be411ae2,https://codeload.github.com/grandchallenge/MATHSOLVE/zip/2fd9fd643bf3e9e98d121dc2e7af1cf1be411ae2,,contestants/E10/13-archives/E10-grandchallenge-MATHSOLVE-2fd9fd643bf3e9e98d121dc2e7af1cf1be411ae2.zip,MATHSOLVE-2fd9fd643bf3e9e98d121dc2e7af1cf1be411ae2/contributions/OPENMATH-2026/OM26-H2/WP07/lifecycle/OM26-H2-WP07-IA-001/ADJUDICATION.json,,bd63ad44,Filename/path inference; editable in the app
347825,contributions/OPENMATH-2026/OM26-H2/WP07/lifecycle/OM26-H2-WP07-IA-001/ADJUDICATION.json,General / shared,760,Latest public revision collected separately; not an author-designated final | adcfa0537f43327f4bb9acfe1692f757fce353c4,https://codeload.github.com/grandchallenge/MATHSOLVE/zip/adcfa0537f43327f4bb9acfe1692f757fce353c4,,contestants/E10/13-archives/E10-grandchallenge-MATHSOLVE-adcfa0537f43327f4bb9acfe1692f757fce353c4.zip,MATHSOLVE-adcfa0537f43327f4bb9acfe1692f757fce353c4/contributions/OPENMATH-2026/OM26-H2/WP07/lifecycle/OM26-H2-WP07-IA-001/ADJUDICATION.json,,bd63ad44,Filename/path inference; editable in the app
344818,contributions/OPENMATH-2026/OM26-H2/WP07/lifecycle/OM26-H2-WP07-IA-001/MANIFEST.json,General / shared,1857,Pinned collected revision; final designation governed by team receipt | 2fd9fd643bf3e9e98d121dc2e7af1cf1be411ae2,https://codeload.github.com/grandchallenge/MATHSOLVE/zip/2fd9fd643bf3e9e98d121dc2e7af1cf1be411ae2,,contestants/E10/13-archives/E10-grandchallenge-MATHSOLVE-2fd9fd643bf3e9e98d121dc2e7af1cf1be411ae2.zip,MATHSOLVE-2fd9fd643bf3e9e98d121dc2e7af1cf1be411ae2/contributions/OPENMATH-2026/OM26-H2/WP07/lifecycle/OM26-H2-WP07-IA-001/MANIFEST.json,,2e8d3426,Filename/path inference; editable in the app
347826,contributions/OPENMATH-2026/OM26-H2/WP07/lifecycle/OM26-H2-WP07-IA-001/MANIFEST.json,General / shared,1857,Latest public revision collected separately; not an author-designated final | adcfa0537f43327f4bb9acfe1692f757fce353c4,https://codeload.github.com/grandchallenge/MATHSOLVE/zip/adcfa0537f43327f4bb9acfe1692f757fce353c4,,contestants/E10/13-archives/E10-grandchallenge-MATHSOLVE-adcfa0537f43327f4bb9acfe1692f757fce353c4.zip,MATHSOLVE-adcfa0537f43327f4bb9acfe1692f757fce353c4/contributions/OPENMATH-2026/OM26-H2/WP07/lifecycle/OM26-H2-WP07-IA-001/MANIFEST.json,,2e8d3426,Filename/path inference; editable in the app
344819,contributions/OPENMATH-2026/OM26-H2/WP07/lifecycle/OM26-H2-WP07-IA-001/PROGRAMME_PROJECTION.json,General / shared,953,Pinned collected revision; final designation governed by team receipt | 2fd9fd643bf3e9e98d121dc2e7af1cf1be411ae2,https://codeload.github.com/grandchallenge/MATHSOLVE/zip/2fd9fd643bf3e9e98d121dc2e7af1cf1be411ae2,,contestants/E10/13-archives/E10-grandchallenge-MATHSOLVE-2fd9fd643bf3e9e98d121dc2e7af1cf1be411ae2.zip,MATHSOLVE-2fd9fd643bf3e9e98d121dc2e7af1cf1be411ae2/contributions/OPENMATH-2026/OM26-H2/WP07/lifecycle/OM26-H2-WP07-IA-001/PROGRAMME_PROJECTION.json,,0cc5ae0e,Filename/path inference; editable in the app
347827,contributions/OPENMATH-2026/OM26-H2/WP07/lifecycle/OM26-H2-WP07-IA-001/PROGRAMME_PROJECTION.json,General / shared,953,Latest public revision collected separately; not an author-designated final | adcfa0537f43327f4bb9acfe1692f757fce353c4,https://codeload.github.com/grandchallenge/MATHSOLVE/zip/adcfa0537f43327f4bb9acfe1692f757fce353c4,,contestants/E10/13-archives/E10-grandchallenge-MATHSOLVE-adcfa0537f43327f4bb9acfe1692f757fce353c4.zip,MATHSOLVE-adcfa0537f43327f4bb9acfe1692f757fce353c4/contributions/OPENMATH-2026/OM26-H2/WP07/lifecycle/OM26-H2-WP07-IA-001/PROGRAMME_PROJECTION.json,,0cc5ae0e,Filename/path inference; editable in the app
344820,contributions/OPENMATH-2026/OM26-H2/WP07/lifecycle/OM26-H2-WP07-IA-001/REPLAY.json,General / shared,729,Pinned collected revision; final designation governed by team receipt | 2fd9fd643bf3e9e98d121dc2e7af1cf1be411ae2,https://codeload.github.com/grandchallenge/MATHSOLVE/zip/2fd9fd643bf3e9e98d121dc2e7af1cf1be411ae2,,contestants/E10/13-archives/E10-grandchallenge-MATHSOLVE-2fd9fd643bf3e9e98d121dc2e7af1cf1be411ae2.zip,MATHSOLVE-2fd9fd643bf3e9e98d121dc2e7af1cf1be411ae2/contributions/OPENMATH-2026/OM26-H2/WP07/lifecycle/OM26-H2-WP07-IA-001/REPLAY.json,,5c6a3c8c,Filename/path inference; editable in the app
347828,contributions/OPENMATH-2026/OM26-H2/WP07/lifecycle/OM26-H2-WP07-IA-001/REPLAY.json,General / shared,729,Latest public revision collected separately; not an author-designated final | adcfa0537f43327f4bb9acfe1692f757fce353c4,https://codeload.github.com/grandchallenge/MATHSOLVE/zip/adcfa0537f43327f4bb9acfe1692f757fce353c4,,contestants/E10/13-archives/E10-grandchallenge-MATHSOLVE-adcfa0537f43327f4bb9acfe1692f757fce353c4.zip,MATHSOLVE-adcfa0537f43327f4bb9acfe1692f757fce353c4/contributions/OPENMATH-2026/OM26-H2/WP07/lifecycle/OM26-H2-WP07-IA-001/REPLAY.json,,5c6a3c8c,Filename/path inference; editable in the app
344822,contributions/OPENMATH-2026/OM26-H2/WP07/receipts/OM26-H2-WP07-IA-001/github-comment-5962895622.json,General / shared,7313,Pinned collected revision; final designation governed by team receipt | 2fd9fd643bf3e9e98d121dc2e7af1cf1be411ae2,https://codeload.github.com/grandchallenge/MATHSOLVE/zip/2fd9fd643bf3e9e98d121dc2e7af1cf1be411ae2,,contestants/E10/13-archives/E10-grandchallenge-MATHSOLVE-2fd9fd643bf3e9e98d121dc2e7af1cf1be411ae2.zip,MATHSOLVE-2fd9fd643bf3e9e98d121dc2e7af1cf1be411ae2/contributions/OPENMATH-2026/OM26-H2/WP07/receipts/OM26-H2-WP07-IA-001/github-comment-5962895622.json,,9ae0aa34,Filename/path inference; editable in the app
347830,contributions/OPENMATH-2026/OM26-H2/WP07/receipts/OM26-H2-WP07-IA-001/github-comment-5962895622.json,General / shared,7313,Latest public revision collected separately; not an author-designated final | adcfa0537f43327f4bb9acfe1692f757fce353c4,https://codeload.github.com/grandchallenge/MATHSOLVE/zip/adcfa0537f43327f4bb9acfe1692f757fce353c4,,contestants/E10/13-archives/E10-grandchallenge-MATHSOLVE-adcfa0537f43327f4bb9acfe1692f757fce353c4.zip,MATHSOLVE-adcfa0537f43327f4bb9acfe1692f757fce353c4/contributions/OPENMATH-2026/OM26-H2/WP07/receipts/OM26-H2-WP07-IA-001/github-comment-5962895622.json,,9ae0aa34,Filename/path inference; editable in the app
344823,contributions/OPENMATH-2026/OM26-H2/WP08/dispatches/OM26-H2-WP08-IA-001.json,General / shared,974,Pinned collected revision; final designation governed by team receipt | 2fd9fd643bf3e9e98d121dc2e7af1cf1be411ae2,https://codeload.github.com/grandchallenge/MATHSOLVE/zip/2fd9fd643bf3e9e98d121dc2e7af1cf1be411ae2,,contestants/E10/13-archives/E10-grandchallenge-MATHSOLVE-2fd9fd643bf3e9e98d121dc2e7af1cf1be411ae2.zip,MATHSOLVE-2fd9fd643bf3e9e98d121dc2e7af1cf1be411ae2/contributions/OPENMATH-2026/OM26-H2/WP08/dispatches/OM26-H2-WP08-IA-001.json,,9f23de19,Filename/path inference; editable in the app
347831,contributions/OPENMATH-2026/OM26-H2/WP08/dispatches/OM26-H2-WP08-IA-001.json,General / shared,974,Latest public revision collected separately; not an author-designated final | adcfa0537f43327f4bb9acfe1692f757fce353c4,https://codeload.github.com/grandchallenge/MATHSOLVE/zip/adcfa0537f43327f4bb9acfe1692f757fce353c4,,contestants/E10/13-archives/E10-grandchallenge-MATHSOLVE-adcfa0537f43327f4bb9acfe1692f757fce353c4.zip,MATHSOLVE-adcfa0537f43327f4bb9acfe1692f757fce353c4/contributions/OPENMATH-2026/OM26-H2/WP08/dispatches/OM26-H2-WP08-IA-001.json,,9f23de19,Filename/path inference; editable in the app
347832,contributions/OPENMATH-2026/OM26-H2/WP08/lifecycle/OM26-H2-WP08-IA-001/ADJUDICATION.json,General / shared,760,Latest public revision collected separately; not an author-designated final | adcfa0537f43327f4bb9acfe1692f757fce353c4,https://codeload.github.com/grandchallenge/MATHSOLVE/zip/adcfa0537f43327f4bb9acfe1692f757fce353c4,,contestants/E10/13-archives/E10-grandchallenge-MATHSOLVE-adcfa0537f43327f4bb9acfe1692f757fce353c4.zip,MATHSOLVE-adcfa0537f43327f4bb9acfe1692f757fce353c4/contributions/OPENMATH-2026/OM26-H2/WP08/lifecycle/OM26-H2-WP08-IA-001/ADJUDICATION.json,,4bc96622,Filename/path inference; editable in the app
347833,contributions/OPENMATH-2026/OM26-H2/WP08/lifecycle/OM26-H2-WP08-IA-001/MANIFEST.json,General / shared,1857,Latest public revision collected separately; not an author-designated final | adcfa0537f43327f4bb9acfe1692f757fce353c4,https://codeload.github.com/grandchallenge/MATHSOLVE/zip/adcfa0537f43327f4bb9acfe1692f757fce353c4,,contestants/E10/13-archives/E10-grandchallenge-MATHSOLVE-adcfa0537f43327f4bb9acfe1692f757fce353c4.zip,MATHSOLVE-adcfa0537f43327f4bb9acfe1692f757fce353c4/contributions/OPENMATH-2026/OM26-H2/WP08/lifecycle/OM26-H2-WP08-IA-001/MANIFEST.json,,642c3560,Filename/path inference; editable in the app
347834,contributions/OPENMATH-2026/OM26-H2/WP08/lifecycle/OM26-H2-WP08-IA-001/PROGRAMME_PROJECTION.json,General / shared,953,Latest public revision collected separately; not an author-designated final | adcfa0537f43327f4bb9acfe1692f757fce353c4,https://codeload.github.com/grandchallenge/MATHSOLVE/zip/adcfa0537f43327f4bb9acfe1692f757fce353c4,,contestants/E10/13-archives/E10-grandchallenge-MATHSOLVE-adcfa0537f43327f4bb9acfe1692f757fce353c4.zip,MATHSOLVE-adcfa0537f43327f4bb9acfe1692f757fce353c4/contributions/OPENMATH-2026/OM26-H2/WP08/lifecycle/OM26-H2-WP08-IA-001/PROGRAMME_PROJECTION.json,,45e0cee0,Filename/path inference; editable in the app
347835,contributions/OPENMATH-2026/OM26-H2/WP08/lifecycle/OM26-H2-WP08-IA-001/REPLAY.json,General / shared,729,Latest public revision collected separately; not an author-designated final | adcfa0537f43327f4bb9acfe1692f757fce353c4,https://codeload.github.com/grandchallenge/MATHSOLVE/zip/adcfa0537f43327f4bb9acfe1692f757fce353c4,,contestants/E10/13-archives/E10-grandchallenge-MATHSOLVE-adcfa0537f43327f4bb9acfe1692f757fce353c4.zip,MATHSOLVE-adcfa0537f43327f4bb9acfe1692f757fce353c4/contributions/OPENMATH-2026/OM26-H2/WP08/lifecycle/OM26-H2-WP08-IA-001/REPLAY.json,,2ba9abd8,Filename/path inference; editable in the app
347837,contributions/OPENMATH-2026/OM26-H2/WP08/receipts/OM26-H2-WP08-IA-001/github-comment-5964189590.json,General / shared,7996,Latest public revision collected separately; not an author-designated final | adcfa0537f43327f4bb9acfe1692f757fce353c4,https://codeload.github.com/grandchallenge/MATHSOLVE/zip/adcfa0537f43327f4bb9acfe1692f757fce353c4,,contestants/E10/13-archives/E10-grandchallenge-MATHSOLVE-adcfa0537f43327f4bb9acfe1692f757fce353c4.zip,MATHSOLVE-adcfa0537f43327f4bb9acfe1692f757fce353c4/contributions/OPENMATH-2026/OM26-H2/WP08/receipts/OM26-H2-WP08-IA-001/github-comment-5964189590.json,,78166dba,Filename/path inference; editable in the app
347838,contributions/OPENMATH-2026/OM26-H2/WP09/dispatches/OM26-H2-WP09-IA-001.json,General / shared,974,Latest public revision collected separately; not an author-designated final | adcfa0537f43327f4bb9acfe1692f757fce353c4,https://codeload.github.com/grandchallenge/MATHSOLVE/zip/adcfa0537f43327f4bb9acfe1692f757fce353c4,,contestants/E10/13-archives/E10-grandchallenge-MATHSOLVE-adcfa0537f43327f4bb9acfe1692f757fce353c4.zip,MATHSOLVE-adcfa0537f43327f4bb9acfe1692f757fce353c4/contributions/OPENMATH-2026/OM26-H2/WP09/dispatches/OM26-H2-WP09-IA-001.json,,3284a0d2,Filename/path inference; editable in the app
347839,contributions/OPENMATH-2026/OM26-H2/WP09/lifecycle/OM26-H2-WP09-IA-001/ADJUDICATION.json,General / shared,760,Latest public revision collected separately; not an author-designated final | adcfa0537f43327f4bb9acfe1692f757fce353c4,https://codeload.github.com/grandchallenge/MATHSOLVE/zip/adcfa0537f43327f4bb9acfe1692f757fce353c4,,contestants/E10/13-archives/E10-grandchallenge-MATHSOLVE-adcfa0537f43327f4bb9acfe1692f757fce353c4.zip,MATHSOLVE-adcfa0537f43327f4bb9acfe1692f757fce353c4/contributions/OPENMATH-2026/OM26-H2/WP09/lifecycle/OM26-H2-WP09-IA-001/ADJUDICATION.json,,bc773600,Filename/path inference; editable in the app
347840,contributions/OPENMATH-2026/OM26-H2/WP09/lifecycle/OM26-H2-WP09-IA-001/LEGACY_SOURCE.json,General / shared,703,Latest public revision collected separately; not an author-designated final | adcfa0537f43327f4bb9acfe1692f757fce353c4,https://codeload.github.com/grandchallenge/MATHSOLVE/zip/adcfa0537f43327f4bb9acfe1692f757fce353c4,,contestants/E10/13-archives/E10-grandchallenge-MATHSOLVE-adcfa0537f43327f4bb9acfe1692f757fce353c4.zip,MATHSOLVE-adcfa0537f43327f4bb9acfe1692f757fce353c4/contributions/OPENMATH-2026/OM26-H2/WP09/lifecycle/OM26-H2-WP09-IA-001/LEGACY_SOURCE.json,,8d1cef05,Filename/path inference; editable in the app
347841,contributions/OPENMATH-2026/OM26-H2/WP09/lifecycle/OM26-H2-WP09-IA-001/MANIFEST.json,General / shared,2075,Latest public revision collected separately; not an author-designated final | adcfa0537f43327f4bb9acfe1692f757fce353c4,https://codeload.github.com/grandchallenge/MATHSOLVE/zip/adcfa0537f43327f4bb9acfe1692f757fce353c4,,contestants/E10/13-archives/E10-grandchallenge-MATHSOLVE-adcfa0537f43327f4bb9acfe1692f757fce353c4.zip,MATHSOLVE-adcfa0537f43327f4bb9acfe1692f757fce353c4/contributions/OPENMATH-2026/OM26-H2/WP09/lifecycle/OM26-H2-WP09-IA-001/MANIFEST.json,,e511b2d0,Filename/path inference; editable in the app
347842,contributions/OPENMATH-2026/OM26-H2/WP09/lifecycle/OM26-H2-WP09-IA-001/PROGRAMME_PROJECTION.json,General / shared,953,Latest public revision collected separately; not an author-designated final | adcfa0537f43327f4bb9acfe1692f757fce353c4,https://codeload.github.com/grandchallenge/MATHSOLVE/zip/adcfa0537f43327f4bb9acfe1692f757fce353c4,,contestants/E10/13-archives/E10-grandchallenge-MATHSOLVE-adcfa0537f43327f4bb9acfe1692f757fce353c4.zip,MATHSOLVE-adcfa0537f43327f4bb9acfe1692f757fce353c4/contributions/OPENMATH-2026/OM26-H2/WP09/lifecycle/OM26-H2-WP09-IA-001/PROGRAMME_PROJECTION.json,,f55cefa5,Filename/path inference; editable in the app
347843,contributions/OPENMATH-2026/OM26-H2/WP09/lifecycle/OM26-H2-WP09-IA-001/REPLAY.json,General / shared,729,Latest public revision collected separately; not an author-designated final | adcfa0537f43327f4bb9acfe1692f757fce353c4,https://codeload.github.com/grandchallenge/MATHSOLVE/zip/adcfa0537f43327f4bb9acfe1692f757fce353c4,,contestants/E10/13-archives/E10-grandchallenge-MATHSOLVE-adcfa0537f43327f4bb9acfe1692f757fce353c4.zip,MATHSOLVE-adcfa0537f43327f4bb9acfe1692f757fce353c4/contributions/OPENMATH-2026/OM26-H2/WP09/lifecycle/OM26-H2-WP09-IA-001/REPLAY.json,,22bcb1e4,Filename/path inference; editable in the app
347845,contributions/OPENMATH-2026/OM26-H2/WP09/receipts/OM26-H2-WP09-IA-001/github-comment-5965122933.json,General / shared,8327,Latest public revision collected separately; not an author-designated final | adcfa0537f43327f4bb9acfe1692f757fce353c4,https://codeload.github.com/grandchallenge/MATHSOLVE/zip/adcfa0537f43327f4bb9acfe1692f757fce353c4,,contestants/E10/13-archives/E10-grandchallenge-MATHSOLVE-adcfa0537f43327f4bb9acfe1692f757fce353c4.zip,MATHSOLVE-adcfa0537f43327f4bb9acfe1692f757fce353c4/contributions/OPENMATH-2026/OM26-H2/WP09/receipts/OM26-H2-WP09-IA-001/github-comment-5965122933.json,,e8200dea,Filename/path inference; editable in the app
347846,contributions/OPENMATH-2026/OM26-H2/WP10/dispatches/OM26-H2-WP10-IA-001.json,General / shared,974,Latest public revision collected separately; not an author-designated final | adcfa0537f43327f4bb9acfe1692f757fce353c4,https://codeload.github.com/grandchallenge/MATHSOLVE/zip/adcfa0537f43327f4bb9acfe1692f757fce353c4,,contestants/E10/13-archives/E10-grandchallenge-MATHSOLVE-adcfa0537f43327f4bb9acfe1692f757fce353c4.zip,MATHSOLVE-adcfa0537f43327f4bb9acfe1692f757fce353c4/contributions/OPENMATH-2026/OM26-H2/WP10/dispatches/OM26-H2-WP10-IA-001.json,,fb00f705,Filename/path inference; editable in the app
344824,contributions/OPENMATH-2026/OM26-H3/WP01/dispatches/OM26-H3-WP01-IA-001.json,General / shared,1260,Pinned collected revision; final designation governed by team receipt | 2fd9fd643bf3e9e98d121dc2e7af1cf1be411ae2,https://codeload.github.com/grandchallenge/MATHSOLVE/zip/2fd9fd643bf3e9e98d121dc2e7af1cf1be411ae2,,contestants/E10/13-archives/E10-grandchallenge-MATHSOLVE-2fd9fd643bf3e9e98d121dc2e7af1cf1be411ae2.zip,MATHSOLVE-2fd9fd643bf3e9e98d121dc2e7af1cf1be411ae2/contributions/OPENMATH-2026/OM26-H3/WP01/dispatches/OM26-H3-WP01-IA-001.json,,c50c6651,Filename/path inference; editable in the app
347847,contributions/OPENMATH-2026/OM26-H3/WP01/dispatches/OM26-H3-WP01-IA-001.json,General / shared,1260,Latest public revision collected separately; not an author-designated final | adcfa0537f43327f4bb9acfe1692f757fce353c4,https://codeload.github.com/grandchallenge/MATHSOLVE/zip/adcfa0537f43327f4bb9acfe1692f757fce353c4,,contestants/E10/13-archives/E10-grandchallenge-MATHSOLVE-adcfa0537f43327f4bb9acfe1692f757fce353c4.zip,MATHSOLVE-adcfa0537f43327f4bb9acfe1692f757fce353c4/contributions/OPENMATH-2026/OM26-H3/WP01/dispatches/OM26-H3-WP01-IA-001.json,,c50c6651,Filename/path inference; editable in the app
344825,contributions/OPENMATH-2026/OM26-H3/WP01/lifecycle/OM26-H3-WP01-IA-001/ADJUDICATION.json,General / shared,760,Pinned collected revision; final designation governed by team receipt | 2fd9fd643bf3e9e98d121dc2e7af1cf1be411ae2,https://codeload.github.com/grandchallenge/MATHSOLVE/zip/2fd9fd643bf3e9e98d121dc2e7af1cf1be411ae2,,contestants/E10/13-archives/E10-grandchallenge-MATHSOLVE-2fd9fd643bf3e9e98d121dc2e7af1cf1be411ae2.zip,MATHSOLVE-2fd9fd643bf3e9e98d121dc2e7af1cf1be411ae2/contributions/OPENMATH-2026/OM26-H3/WP01/lifecycle/OM26-H3-WP01-IA-001/ADJUDICATION.json,,94f3b7df,Filename/path inference; editable in the app
347848,contributions/OPENMATH-2026/OM26-H3/WP01/lifecycle/OM26-H3-WP01-IA-001/ADJUDICATION.json,General / shared,760,Latest public revision collected separately; not an author-designated final | adcfa0537f43327f4bb9acfe1692f757fce353c4,https://codeload.github.com/grandchallenge/MATHSOLVE/zip/adcfa0537f43327f4bb9acfe1692f757fce353c4,,contestants/E10/13-archives/E10-grandchallenge-MATHSOLVE-adcfa0537f43327f4bb9acfe1692f757fce353c4.zip,MATHSOLVE-adcfa0537f43327f4bb9acfe1692f757fce353c4/contributions/OPENMATH-2026/OM26-H3/WP01/lifecycle/OM26-H3-WP01-IA-001/ADJUDICATION.json,,94f3b7df,Filename/path inference; editable in the app
344826,contributions/OPENMATH-2026/OM26-H3/WP01/lifecycle/OM26-H3-WP01-IA-001/LEGACY_SOURCE.json,General / shared,703,Pinned collected revision; final designation governed by team receipt | 2fd9fd643bf3e9e98d121dc2e7af1cf1be411ae2,https://codeload.github.com/grandchallenge/MATHSOLVE/zip/2fd9fd643bf3e9e98d121dc2e7af1cf1be411ae2,,contestants/E10/13-archives/E10-grandchallenge-MATHSOLVE-2fd9fd643bf3e9e98d121dc2e7af1cf1be411ae2.zip,MATHSOLVE-2fd9fd643bf3e9e98d121dc2e7af1cf1be411ae2/contributions/OPENMATH-2026/OM26-H3/WP01/lifecycle/OM26-H3-WP01-IA-001/LEGACY_SOURCE.json,,377f79c2,Filename/path inference; editable in the app
347849,contributions/OPENMATH-2026/OM26-H3/WP01/lifecycle/OM26-H3-WP01-IA-001/LEGACY_SOURCE.json,General / shared,703,Latest public revision collected separately; not an author-designated final | adcfa0537f43327f4bb9acfe1692f757fce353c4,https://codeload.github.com/grandchallenge/MATHSOLVE/zip/adcfa0537f43327f4bb9acfe1692f757fce353c4,,contestants/E10/13-archives/E10-grandchallenge-MATHSOLVE-adcfa0537f43327f4bb9acfe1692f757fce353c4.zip,MATHSOLVE-adcfa0537f43327f4bb9acfe1692f757fce353c4/contributions/OPENMATH-2026/OM26-H3/WP01/lifecycle/OM26-H3-WP01-IA-001/LEGACY_SOURCE.json,,377f79c2,Filename/path inference; editable in the app
344827,contributions/OPENMATH-2026/OM26-H3/WP01/lifecycle/OM26-H3-WP01-IA-001/MANIFEST.json,General / shared,1984,Pinned collected revision; final designation governed by team receipt | 2fd9fd643bf3e9e98d121dc2e7af1cf1be411ae2,https://codeload.github.com/grandchallenge/MATHSOLVE/zip/2fd9fd643bf3e9e98d121dc2e7af1cf1be411ae2,,contestants/E10/13-archives/E10-grandchallenge-MATHSOLVE-2fd9fd643bf3e9e98d121dc2e7af1cf1be411ae2.zip,MATHSOLVE-2fd9fd643bf3e9e98d121dc2e7af1cf1be411ae2/contributions/OPENMATH-2026/OM26-H3/WP01/lifecycle/OM26-H3-WP01-IA-001/MANIFEST.json,,d7ee4655,Filename/path inference; editable in the app
347850,contributions/OPENMATH-2026/OM26-H3/WP01/lifecycle/OM26-H3-WP01-IA-001/MANIFEST.json,General / shared,1984,Latest public revision collected separately; not an author-designated final | adcfa0537f43327f4bb9acfe1692f757fce353c4,https://codeload.github.com/grandchallenge/MATHSOLVE/zip/adcfa0537f43327f4bb9acfe1692f757fce353c4,,contestants/E10/13-archives/E10-grandchallenge-MATHSOLVE-adcfa0537f43327f4bb9acfe1692f757fce353c4.zip,MATHSOLVE-adcfa0537f43327f4bb9acfe1692f757fce353c4/contributions/OPENMATH-2026/OM26-H3/WP01/lifecycle/OM26-H3-WP01-IA-001/MANIFEST.json,,d7ee4655,Filename/path inference; editable in the app
344828,contributions/OPENMATH-2026/OM26-H3/WP01/lifecycle/OM26-H3-WP01-IA-001/PROGRAMME_PROJECTION.json,General / shared,902,Pinned collected revision; final designation governed by team receipt | 2fd9fd643bf3e9e98d121dc2e7af1cf1be411ae2,https://codeload.github.com/grandchallenge/MATHSOLVE/zip/2fd9fd643bf3e9e98d121dc2e7af1cf1be411ae2,,contestants/E10/13-archives/E10-grandchallenge-MATHSOLVE-2fd9fd643bf3e9e98d121dc2e7af1cf1be411ae2.zip,MATHSOLVE-2fd9fd643bf3e9e98d121dc2e7af1cf1be411ae2/contributions/OPENMATH-2026/OM26-H3/WP01/lifecycle/OM26-H3-WP01-IA-001/PROGRAMME_PROJECTION.json,,94bcacf4,Filename/path inference; editable in the app
347851,contributions/OPENMATH-2026/OM26-H3/WP01/lifecycle/OM26-H3-WP01-IA-001/PROGRAMME_PROJECTION.json,General / shared,902,Latest public revision collected separately; not an author-designated final | adcfa0537f43327f4bb9acfe1692f757fce353c4,https://codeload.github.com/grandchallenge/MATHSOLVE/zip/adcfa0537f43327f4bb9acfe1692f757fce353c4,,contestants/E10/13-archives/E10-grandchallenge-MATHSOLVE-adcfa0537f43327f4bb9acfe1692f757fce353c4.zip,MATHSOLVE-adcfa0537f43327f4bb9acfe1692f757fce353c4/contributions/OPENMATH-2026/OM26-H3/WP01/lifecycle/OM26-H3-WP01-IA-001/PROGRAMME_PROJECTION.json,,94bcacf4,Filename/path inference; editable in the app
344829,contributions/OPENMATH-2026/OM26-H3/WP01/lifecycle/OM26-H3-WP01-IA-001/REPLAY.json,General / shared,729,Pinned collected revision; final designation governed by team receipt | 2fd9fd643bf3e9e98d121dc2e7af1cf1be411ae2,https://codeload.github.com/grandchallenge/MATHSOLVE/zip/2fd9fd643bf3e9e98d121dc2e7af1cf1be411ae2,,contestants/E10/13-archives/E10-grandchallenge-MATHSOLVE-2fd9fd643bf3e9e98d121dc2e7af1cf1be411ae2.zip,MATHSOLVE-2fd9fd643bf3e9e98d121dc2e7af1cf1be411ae2/contributions/OPENMATH-2026/OM26-H3/WP01/lifecycle/OM26-H3-WP01-IA-001/REPLAY.json,,a1c03e71,Filename/path inference; editable in the app
347852,contributions/OPENMATH-2026/OM26-H3/WP01/lifecycle/OM26-H3-WP01-IA-001/REPLAY.json,General / shared,729,Latest public revision collected separately; not an author-designated final | adcfa0537f43327f4bb9acfe1692f757fce353c4,https://codeload.github.com/grandchallenge/MATHSOLVE/zip/adcfa0537f43327f4bb9acfe1692f757fce353c4,,contestants/E10/13-archives/E10-grandchallenge-MATHSOLVE-adcfa0537f43327f4bb9acfe1692f757fce353c4.zip,MATHSOLVE-adcfa0537f43327f4bb9acfe1692f757fce353c4/contributions/OPENMATH-2026/OM26-H3/WP01/lifecycle/OM26-H3-WP01-IA-001/REPLAY.json,,a1c03e71,Filename/path inference; editable in the app
344831,contributions/OPENMATH-2026/OM26-H3/WP01/receipts/OM26-H3-WP01-IA-001/github-comment-5883811624.json,General / shared,1569,Pinned collected revision; final designation governed by team receipt | 2fd9fd643bf3e9e98d121dc2e7af1cf1be411ae2,https://codeload.github.com/grandchallenge/MATHSOLVE/zip/2fd9fd643bf3e9e98d121dc2e7af1cf1be411ae2,,contestants/E10/13-archives/E10-grandchallenge-MATHSOLVE-2fd9fd643bf3e9e98d121dc2e7af1cf1be411ae2.zip,MATHSOLVE-2fd9fd643bf3e9e98d121dc2e7af1cf1be411ae2/contributions/OPENMATH-2026/OM26-H3/WP01/receipts/OM26-H3-WP01-IA-001/github-comment-5883811624.json,,66a0aabc,Filename/path inference; editable in the app
347854,contributions/OPENMATH-2026/OM26-H3/WP01/receipts/OM26-H3-WP01-IA-001/github-comment-5883811624.json,General / shared,1569,Latest public revision collected separately; not an author-designated final | adcfa0537f43327f4bb9acfe1692f757fce353c4,https://codeload.github.com/grandchallenge/MATHSOLVE/zip/adcfa0537f43327f4bb9acfe1692f757fce353c4,,contestants/E10/13-archives/E10-grandchallenge-MATHSOLVE-adcfa0537f43327f4bb9acfe1692f757fce353c4.zip,MATHSOLVE-adcfa0537f43327f4bb9acfe1692f757fce353c4/contributions/OPENMATH-2026/OM26-H3/WP01/receipts/OM26-H3-WP01-IA-001/github-comment-5883811624.json,,66a0aabc,Filename/path inference; editable in the app
344832,contributions/OPENMATH-2026/OM26-H3/WP02/dispatches/OM26-H3-WP02-IA-001.json,General / shared,938,Pinned collected revision; final designation governed by team receipt | 2fd9fd643bf3e9e98d121dc2e7af1cf1be411ae2,https://codeload.github.com/grandchallenge/MATHSOLVE/zip/2fd9fd643bf3e9e98d121dc2e7af1cf1be411ae2,,contestants/E10/13-archives/E10-grandchallenge-MATHSOLVE-2fd9fd643bf3e9e98d121dc2e7af1cf1be411ae2.zip,MATHSOLVE-2fd9fd643bf3e9e98d121dc2e7af1cf1be411ae2/contributions/OPENMATH-2026/OM26-H3/WP02/dispatches/OM26-H3-WP02-IA-001.json,,5af6e408,Filename/path inference; editable in the app
347855,contributions/OPENMATH-2026/OM26-H3/WP02/dispatches/OM26-H3-WP02-IA-001.json,General / shared,938,Latest public revision collected separately; not an author-designated final | adcfa0537f43327f4bb9acfe1692f757fce353c4,https://codeload.github.com/grandchallenge/MATHSOLVE/zip/adcfa0537f43327f4bb9acfe1692f757fce353c4,,contestants/E10/13-archives/E10-grandchallenge-MATHSOLVE-adcfa0537f43327f4bb9acfe1692f757fce353c4.zip,MATHSOLVE-adcfa0537f43327f4bb9acfe1692f757fce353c4/contributions/OPENMATH-2026/OM26-H3/WP02/dispatches/OM26-H3-WP02-IA-001.json,,5af6e408,Filename/path inference; editable in the app
344833,contributions/OPENMATH-2026/OM26-H3/WP02/lifecycle/OM26-H3-WP02-IA-001/ADJUDICATION.json,General / shared,760,Pinned collected revision; final designation governed by team receipt | 2fd9fd643bf3e9e98d121dc2e7af1cf1be411ae2,https://codeload.github.com/grandchallenge/MATHSOLVE/zip/2fd9fd643bf3e9e98d121dc2e7af1cf1be411ae2,,contestants/E10/13-archives/E10-grandchallenge-MATHSOLVE-2fd9fd643bf3e9e98d121dc2e7af1cf1be411ae2.zip,MATHSOLVE-2fd9fd643bf3e9e98d121dc2e7af1cf1be411ae2/contributions/OPENMATH-2026/OM26-H3/WP02/lifecycle/OM26-H3-WP02-IA-001/ADJUDICATION.json,,d7841549,Filename/path inference; editable in the app
347856,contributions/OPENMATH-2026/OM26-H3/WP02/lifecycle/OM26-H3-WP02-IA-001/ADJUDICATION.json,General / shared,760,Latest public revision collected separately; not an author-designated final | adcfa0537f43327f4bb9acfe1692f757fce353c4,https://codeload.github.com/grandchallenge/MATHSOLVE/zip/adcfa0537f43327f4bb9acfe1692f757fce353c4,,contestants/E10/13-archives/E10-grandchallenge-MATHSOLVE-adcfa0537f43327f4bb9acfe1692f757fce353c4.zip,MATHSOLVE-adcfa0537f43327f4bb9acfe1692f757fce353c4/contributions/OPENMATH-2026/OM26-H3/WP02/lifecycle/OM26-H3-WP02-IA-001/ADJUDICATION.json,,d7841549,Filename/path inference; editable in the app
344834,contributions/OPENMATH-2026/OM26-H3/WP02/lifecycle/OM26-H3-WP02-IA-001/MANIFEST.json,General / shared,1766,Pinned collected revision; final designation governed by team receipt | 2fd9fd643bf3e9e98d121dc2e7af1cf1be411ae2,https://codeload.github.com/grandchallenge/MATHSOLVE/zip/2fd9fd643bf3e9e98d121dc2e7af1cf1be411ae2,,contestants/E10/13-archives/E10-grandchallenge-MATHSOLVE-2fd9fd643bf3e9e98d121dc2e7af1cf1be411ae2.zip,MATHSOLVE-2fd9fd643bf3e9e98d121dc2e7af1cf1be411ae2/contributions/OPENMATH-2026/OM26-H3/WP02/lifecycle/OM26-H3-WP02-IA-001/MANIFEST.json,,e95c65f6,Filename/path inference; editable in the app
347857,contributions/OPENMATH-2026/OM26-H3/WP02/lifecycle/OM26-H3-WP02-IA-001/MANIFEST.json,General / shared,1766,Latest public revision collected separately; not an author-designated final | adcfa0537f43327f4bb9acfe1692f757fce353c4,https://codeload.github.com/grandchallenge/MATHSOLVE/zip/adcfa0537f43327f4bb9acfe1692f757fce353c4,,contestants/E10/13-archives/E10-grandchallenge-MATHSOLVE-adcfa0537f43327f4bb9acfe1692f757fce353c4.zip,MATHSOLVE-adcfa0537f43327f4bb9acfe1692f757fce353c4/contributions/OPENMATH-2026/OM26-H3/WP02/lifecycle/OM26-H3-WP02-IA-001/MANIFEST.json,,e95c65f6,Filename/path inference; editable in the app
344835,contributions/OPENMATH-2026/OM26-H3/WP02/lifecycle/OM26-H3-WP02-IA-001/PROGRAMME_PROJECTION.json,General / shared,903,Pinned collected revision; final designation governed by team receipt | 2fd9fd643bf3e9e98d121dc2e7af1cf1be411ae2,https://codeload.github.com/grandchallenge/MATHSOLVE/zip/2fd9fd643bf3e9e98d121dc2e7af1cf1be411ae2,,contestants/E10/13-archives/E10-grandchallenge-MATHSOLVE-2fd9fd643bf3e9e98d121dc2e7af1cf1be411ae2.zip,MATHSOLVE-2fd9fd643bf3e9e98d121dc2e7af1cf1be411ae2/contributions/OPENMATH-2026/OM26-H3/WP02/lifecycle/OM26-H3-WP02-IA-001/PROGRAMME_PROJECTION.json,,c93aa7c4,Filename/path inference; editable in the app
347858,contributions/OPENMATH-2026/OM26-H3/WP02/lifecycle/OM26-H3-WP02-IA-001/PROGRAMME_PROJECTION.json,General / shared,903,Latest public revision collected separately; not an author-designated final | adcfa0537f43327f4bb9acfe1692f757fce353c4,https://codeload.github.com/grandchallenge/MATHSOLVE/zip/adcfa0537f43327f4bb9acfe1692f757fce353c4,,contestants/E10/13-archives/E10-grandchallenge-MATHSOLVE-adcfa0537f43327f4bb9acfe1692f757fce353c4.zip,MATHSOLVE-adcfa0537f43327f4bb9acfe1692f757fce353c4/contributions/OPENMATH-2026/OM26-H3/WP02/lifecycle/OM26-H3-WP02-IA-001/PROGRAMME_PROJECTION.json,,c93aa7c4,Filename/path inference; editable in the app
344836,contributions/OPENMATH-2026/OM26-H3/WP02/lifecycle/OM26-H3-WP02-IA-001/REPLAY.json,General / shared,729,Pinned collected revision; final designation governed by team receipt | 2fd9fd643bf3e9e98d121dc2e7af1cf1be411ae2,https://codeload.github.com/grandchallenge/MATHSOLVE/zip/2fd9fd643bf3e9e98d121dc2e7af1cf1be411ae2,,contestants/E10/13-archives/E10-grandchallenge-MATHSOLVE-2fd9fd643bf3e9e98d121dc2e7af1cf1be411ae2.zip,MATHSOLVE-2fd9fd643bf3e9e98d121dc2e7af1cf1be411ae2/contributions/OPENMATH-2026/OM26-H3/WP02/lifecycle/OM26-H3-WP02-IA-001/REPLAY.json,,baff1035,Filename/path inference; editable in the app
347859,contributions/OPENMATH-2026/OM26-H3/WP02/lifecycle/OM26-H3-WP02-IA-001/REPLAY.json,General / shared,729,Latest public revision collected separately; not an author-designated final | adcfa0537f43327f4bb9acfe1692f757fce353c4,https://codeload.github.com/grandchallenge/MATHSOLVE/zip/adcfa0537f43327f4bb9acfe1692f757fce353c4,,contestants/E10/13-archives/E10-grandchallenge-MATHSOLVE-adcfa0537f43327f4bb9acfe1692f757fce353c4.zip,MATHSOLVE-adcfa0537f43327f4bb9acfe1692f757fce353c4/contributions/OPENMATH-2026/OM26-H3/WP02/lifecycle/OM26-H3-WP02-IA-001/REPLAY.json,,baff1035,Filename/path inference; editable in the app
344838,contributions/OPENMATH-2026/OM26-H3/WP02/receipts/OM26-H3-WP02-IA-001/github-comment-5921341565.json,General / shared,1566,Pinned collected revision; final designation governed by team receipt | 2fd9fd643bf3e9e98d121dc2e7af1cf1be411ae2,https://codeload.github.com/grandchallenge/MATHSOLVE/zip/2fd9fd643bf3e9e98d121dc2e7af1cf1be411ae2,,contestants/E10/13-archives/E10-grandchallenge-MATHSOLVE-2fd9fd643bf3e9e98d121dc2e7af1cf1be411ae2.zip,MATHSOLVE-2fd9fd643bf3e9e98d121dc2e7af1cf1be411ae2/contributions/OPENMATH-2026/OM26-H3/WP02/receipts/OM26-H3-WP02-IA-001/github-comment-5921341565.json,,afed8f7b,Filename/path inference; editable in the app
347861,contributions/OPENMATH-2026/OM26-H3/WP02/receipts/OM26-H3-WP02-IA-001/github-comment-5921341565.json,General / shared,1566,Latest public revision collected separately; not an author-designated final | adcfa0537f43327f4bb9acfe1692f757fce353c4,https://codeload.github.com/grandchallenge/MATHSOLVE/zip/adcfa0537f43327f4bb9acfe1692f757fce353c4,,contestants/E10/13-archives/E10-grandchallenge-MATHSOLVE-adcfa0537f43327f4bb9acfe1692f757fce353c4.zip,MATHSOLVE-adcfa0537f43327f4bb9acfe1692f757fce353c4/contributions/OPENMATH-2026/OM26-H3/WP02/receipts/OM26-H3-WP02-IA-001/github-comment-5921341565.json,,afed8f7b,Filename/path inference; editable in the app
344839,contributions/OPENMATH-2026/OM26-H3/WP03/dispatches/OM26-H3-WP03-IA-001.json,General / shared,932,Pinned collected revision; final designation governed by team receipt | 2fd9fd643bf3e9e98d121dc2e7af1cf1be411ae2,https://codeload.github.com/grandchallenge/MATHSOLVE/zip/2fd9fd643bf3e9e98d121dc2e7af1cf1be411ae2,,contestants/E10/13-archives/E10-grandchallenge-MATHSOLVE-2fd9fd643bf3e9e98d121dc2e7af1cf1be411ae2.zip,MATHSOLVE-2fd9fd643bf3e9e98d121dc2e7af1cf1be411ae2/contributions/OPENMATH-2026/OM26-H3/WP03/dispatches/OM26-H3-WP03-IA-001.json,,d4328f67,Filename/path inference; editable in the app
347862,contributions/OPENMATH-2026/OM26-H3/WP03/dispatches/OM26-H3-WP03-IA-001.json,General / shared,932,Latest public revision collected separately; not an author-designated final | adcfa0537f43327f4bb9acfe1692f757fce353c4,https://codeload.github.com/grandchallenge/MATHSOLVE/zip/adcfa0537f43327f4bb9acfe1692f757fce353c4,,contestants/E10/13-archives/E10-grandchallenge-MATHSOLVE-adcfa0537f43327f4bb9acfe1692f757fce353c4.zip,MATHSOLVE-adcfa0537f43327f4bb9acfe1692f757fce353c4/contributions/OPENMATH-2026/OM26-H3/WP03/dispatches/OM26-H3-WP03-IA-001.json,,d4328f67,Filename/path inference; editable in the app
344840,contributions/OPENMATH-2026/OM26-H3/WP04/dispatches/OM26-H3-WP04-IA-001.json,General / shared,958,Pinned collected revision; final designation governed by team receipt | 2fd9fd643bf3e9e98d121dc2e7af1cf1be411ae2,https://codeload.github.com/grandchallenge/MATHSOLVE/zip/2fd9fd643bf3e9e98d121dc2e7af1cf1be411ae2,,contestants/E10/13-archives/E10-grandchallenge-MATHSOLVE-2fd9fd643bf3e9e98d121dc2e7af1cf1be411ae2.zip,MATHSOLVE-2fd9fd643bf3e9e98d121dc2e7af1cf1be411ae2/contributions/OPENMATH-2026/OM26-H3/WP04/dispatches/OM26-H3-WP04-IA-001.json,,bc6b1575,Filename/path inference; editable in the app
347863,contributions/OPENMATH-2026/OM26-H3/WP04/dispatches/OM26-H3-WP04-IA-001.json,General / shared,958,Latest public revision collected separately; not an author-designated final | adcfa0537f43327f4bb9acfe1692f757fce353c4,https://codeload.github.com/grandchallenge/MATHSOLVE/zip/adcfa0537f43327f4bb9acfe1692f757fce353c4,,contestants/E10/13-archives/E10-grandchallenge-MATHSOLVE-adcfa0537f43327f4bb9acfe1692f757fce353c4.zip,MATHSOLVE-adcfa0537f43327f4bb9acfe1692f757fce353c4/contributions/OPENMATH-2026/OM26-H3/WP04/dispatches/OM26-H3-WP04-IA-001.json,,bc6b1575,Filename/path inference; editable in the app
344841,contributions/OPENMATH-2026/OM26-H3/WP04/lifecycle/OM26-H3-WP04-IA-001/ADJUDICATION.json,General / shared,760,Pinned collected revision; final designation governed by team receipt | 2fd9fd643bf3e9e98d121dc2e7af1cf1be411ae2,https://codeload.github.com/grandchallenge/MATHSOLVE/zip/2fd9fd643bf3e9e98d121dc2e7af1cf1be411ae2,,contestants/E10/13-archives/E10-grandchallenge-MATHSOLVE-2fd9fd643bf3e9e98d121dc2e7af1cf1be411ae2.zip,MATHSOLVE-2fd9fd643bf3e9e98d121dc2e7af1cf1be411ae2/contributions/OPENMATH-2026/OM26-H3/WP04/lifecycle/OM26-H3-WP04-IA-001/ADJUDICATION.json,,710c4be2,Filename/path inference; editable in the app
347864,contributions/OPENMATH-2026/OM26-H3/WP04/lifecycle/OM26-H3-WP04-IA-001/ADJUDICATION.json,General / shared,760,Latest public revision collected separately; not an author-designated final | adcfa0537f43327f4bb9acfe1692f757fce353c4,https://codeload.github.com/grandchallenge/MATHSOLVE/zip/adcfa0537f43327f4bb9acfe1692f757fce353c4,,contestants/E10/13-archives/E10-grandchallenge-MATHSOLVE-adcfa0537f43327f4bb9acfe1692f757fce353c4.zip,MATHSOLVE-adcfa0537f43327f4bb9acfe1692f757fce353c4/contributions/OPENMATH-2026/OM26-H3/WP04/lifecycle/OM26-H3-WP04-IA-001/ADJUDICATION.json,,710c4be2,Filename/path inference; editable in the app
344842,contributions/OPENMATH-2026/OM26-H3/WP04/lifecycle/OM26-H3-WP04-IA-001/MANIFEST.json,General / shared,1857,Pinned collected revision; final designation governed by team receipt | 2fd9fd643bf3e9e98d121dc2e7af1cf1be411ae2,https://codeload.github.com/grandchallenge/MATHSOLVE/zip/2fd9fd643bf3e9e98d121dc2e7af1cf1be411ae2,,contestants/E10/13-archives/E10-grandchallenge-MATHSOLVE-2fd9fd643bf3e9e98d121dc2e7af1cf1be411ae2.zip,MATHSOLVE-2fd9fd643bf3e9e98d121dc2e7af1cf1be411ae2/contributions/OPENMATH-2026/OM26-H3/WP04/lifecycle/OM26-H3-WP04-IA-001/MANIFEST.json,,9738e340,Filename/path inference; editable in the app
347865,contributions/OPENMATH-2026/OM26-H3/WP04/lifecycle/OM26-H3-WP04-IA-001/MANIFEST.json,General / shared,1857,Latest public revision collected separately; not an author-designated final | adcfa0537f43327f4bb9acfe1692f757fce353c4,https://codeload.github.com/grandchallenge/MATHSOLVE/zip/adcfa0537f43327f4bb9acfe1692f757fce353c4,,contestants/E10/13-archives/E10-grandchallenge-MATHSOLVE-adcfa0537f43327f4bb9acfe1692f757fce353c4.zip,MATHSOLVE-adcfa0537f43327f4bb9acfe1692f757fce353c4/contributions/OPENMATH-2026/OM26-H3/WP04/lifecycle/OM26-H3-WP04-IA-001/MANIFEST.json,,9738e340,Filename/path inference; editable in the app
344843,contributions/OPENMATH-2026/OM26-H3/WP04/lifecycle/OM26-H3-WP04-IA-001/PROGRAMME_PROJECTION.json,General / shared,953,Pinned collected revision; final designation governed by team receipt | 2fd9fd643bf3e9e98d121dc2e7af1cf1be411ae2,https://codeload.github.com/grandchallenge/MATHSOLVE/zip/2fd9fd643bf3e9e98d121dc2e7af1cf1be411ae2,,contestants/E10/13-archives/E10-grandchallenge-MATHSOLVE-2fd9fd643bf3e9e98d121dc2e7af1cf1be411ae2.zip,MATHSOLVE-2fd9fd643bf3e9e98d121dc2e7af1cf1be411ae2/contributions/OPENMATH-2026/OM26-H3/WP04/lifecycle/OM26-H3-WP04-IA-001/PROGRAMME_PROJECTION.json,,1e661f8e,Filename/path inference; editable in the app
347866,contributions/OPENMATH-2026/OM26-H3/WP04/lifecycle/OM26-H3-WP04-IA-001/PROGRAMME_PROJECTION.json,General / shared,953,Latest public revision collected separately; not an author-designated final | adcfa0537f43327f4bb9acfe1692f757fce353c4,https://codeload.github.com/grandchallenge/MATHSOLVE/zip/adcfa0537f43327f4bb9acfe1692f757fce353c4,,contestants/E10/13-archives/E10-grandchallenge-MATHSOLVE-adcfa0537f43327f4bb9acfe1692f757fce353c4.zip,MATHSOLVE-adcfa0537f43327f4bb9acfe1692f757fce353c4/contributions/OPENMATH-2026/OM26-H3/WP04/lifecycle/OM26-H3-WP04-IA-001/PROGRAMME_PROJECTION.json,,1e661f8e,Filename/path inference; editable in the app
344844,contributions/OPENMATH-2026/OM26-H3/WP04/lifecycle/OM26-H3-WP04-IA-001/REPLAY.json,General / shared,729,Pinned collected revision; final designation governed by team receipt | 2fd9fd643bf3e9e98d121dc2e7af1cf1be411ae2,https://codeload.github.com/grandchallenge/MATHSOLVE/zip/2fd9fd643bf3e9e98d121dc2e7af1cf1be411ae2,,contestants/E10/13-archives/E10-grandchallenge-MATHSOLVE-2fd9fd643bf3e9e98d121dc2e7af1cf1be411ae2.zip,MATHSOLVE-2fd9fd643bf3e9e98d121dc2e7af1cf1be411ae2/contributions/OPENMATH-2026/OM26-H3/WP04/lifecycle/OM26-H3-WP04-IA-001/REPLAY.json,,8c814cbd,Filename/path inference; editable in the app
347867,contributions/OPENMATH-2026/OM26-H3/WP04/lifecycle/OM26-H3-WP04-IA-001/REPLAY.json,General / shared,729,Latest public revision collected separately; not an author-designated final | adcfa0537f43327f4bb9acfe1692f757fce353c4,https://codeload.github.com/grandchallenge/MATHSOLVE/zip/adcfa0537f43327f4bb9acfe1692f757fce353c4,,contestants/E10/13-archives/E10-grandchallenge-MATHSOLVE-adcfa0537f43327f4bb9acfe1692f757fce353c4.zip,MATHSOLVE-adcfa0537f43327f4bb9acfe1692f757fce353c4/contributions/OPENMATH-2026/OM26-H3/WP04/lifecycle/OM26-H3-WP04-IA-001/REPLAY.json,,8c814cbd,Filename/path inference; editable in the app
344846,contributions/OPENMATH-2026/OM26-H3/WP04/receipts/OM26-H3-WP04-IA-001/github-comment-5942509690.json,General / shared,9708,Pinned collected revision; final designation governed by team receipt | 2fd9fd643bf3e9e98d121dc2e7af1cf1be411ae2,https://codeload.github.com/grandchallenge/MATHSOLVE/zip/2fd9fd643bf3e9e98d121dc2e7af1cf1be411ae2,,contestants/E10/13-archives/E10-grandchallenge-MATHSOLVE-2fd9fd643bf3e9e98d121dc2e7af1cf1be411ae2.zip,MATHSOLVE-2fd9fd643bf3e9e98d121dc2e7af1cf1be411ae2/contributions/OPENMATH-2026/OM26-H3/WP04/receipts/OM26-H3-WP04-IA-001/github-comment-5942509690.json,,ef26ff3e,Filename/path inference; editable in the app
347869,contributions/OPENMATH-2026/OM26-H3/WP04/receipts/OM26-H3-WP04-IA-001/github-comment-5942509690.json,General / shared,9708,Latest public revision collected separately; not an author-designated final | adcfa0537f43327f4bb9acfe1692f757fce353c4,https://codeload.github.com/grandchallenge/MATHSOLVE/zip/adcfa0537f43327f4bb9acfe1692f757fce353c4,,contestants/E10/13-archives/E10-grandchallenge-MATHSOLVE-adcfa0537f43327f4bb9acfe1692f757fce353c4.zip,MATHSOLVE-adcfa0537f43327f4bb9acfe1692f757fce353c4/contributions/OPENMATH-2026/OM26-H3/WP04/receipts/OM26-H3-WP04-IA-001/github-comment-5942509690.json,,ef26ff3e,Filename/path inference; editable in the app
344847,contributions/OPENMATH-2026/OM26-H3/WP05/dispatches/OM26-H3-WP05-IA-001.json,General / shared,974,Pinned collected revision; final designation governed by team receipt | 2fd9fd643bf3e9e98d121dc2e7af1cf1be411ae2,https://codeload.github.com/grandchallenge/MATHSOLVE/zip/2fd9fd643bf3e9e98d121dc2e7af1cf1be411ae2,,contestants/E10/13-archives/E10-grandchallenge-MATHSOLVE-2fd9fd643bf3e9e98d121dc2e7af1cf1be411ae2.zip,MATHSOLVE-2fd9fd643bf3e9e98d121dc2e7af1cf1be411ae2/contributions/OPENMATH-2026/OM26-H3/WP05/dispatches/OM26-H3-WP05-IA-001.json,,5ab51175,Filename/path inference; editable in the app
347870,contributions/OPENMATH-2026/OM26-H3/WP05/dispatches/OM26-H3-WP05-IA-001.json,General / shared,974,Latest public revision collected separately; not an author-designated final | adcfa0537f43327f4bb9acfe1692f757fce353c4,https://codeload.github.com/grandchallenge/MATHSOLVE/zip/adcfa0537f43327f4bb9acfe1692f757fce353c4,,contestants/E10/13-archives/E10-grandchallenge-MATHSOLVE-adcfa0537f43327f4bb9acfe1692f757fce353c4.zip,MATHSOLVE-adcfa0537f43327f4bb9acfe1692f757fce353c4/contributions/OPENMATH-2026/OM26-H3/WP05/dispatches/OM26-H3-WP05-IA-001.json,,5ab51175,Filename/path inference; editable in the app
344848,contributions/OPENMATH-2026/OM26-H3/WP06/dispatches/OM26-H3-WP06-IA-001.json,General / shared,1057,Pinned collected revision; final designation governed by team receipt | 2fd9fd643bf3e9e98d121dc2e7af1cf1be411ae2,https://codeload.github.com/grandchallenge/MATHSOLVE/zip/2fd9fd643bf3e9e98d121dc2e7af1cf1be411ae2,,contestants/E10/13-archives/E10-grandchallenge-MATHSOLVE-2fd9fd643bf3e9e98d121dc2e7af1cf1be411ae2.zip,MATHSOLVE-2fd9fd643bf3e9e98d121dc2e7af1cf1be411ae2/contributions/OPENMATH-2026/OM26-H3/WP06/dispatches/OM26-H3-WP06-IA-001.json,,d296e4da,Filename/path inference; editable in the app
347871,contributions/OPENMATH-2026/OM26-H3/WP06/dispatches/OM26-H3-WP06-IA-001.json,General / shared,1057,Latest public revision collected separately; not an author-designated final | adcfa0537f43327f4bb9acfe1692f757fce353c4,https://codeload.github.com/grandchallenge/MATHSOLVE/zip/adcfa0537f43327f4bb9acfe1692f757fce353c4,,contestants/E10/13-archives/E10-grandchallenge-MATHSOLVE-adcfa0537f43327f4bb9acfe1692f757fce353c4.zip,MATHSOLVE-adcfa0537f43327f4bb9acfe1692f757fce353c4/contributions/OPENMATH-2026/OM26-H3/WP06/dispatches/OM26-H3-WP06-IA-001.json,,d296e4da,Filename/path inference; editable in the app
344849,contributions/OPENMATH-2026/OM26-H3/WP06/lifecycle/OM26-H3-WP06-IA-001/ADJUDICATION.json,General / shared,760,Pinned collected revision; final designation governed by team receipt | 2fd9fd643bf3e9e98d121dc2e7af1cf1be411ae2,https://codeload.github.com/grandchallenge/MATHSOLVE/zip/2fd9fd643bf3e9e98d121dc2e7af1cf1be411ae2,,contestants/E10/13-archives/E10-grandchallenge-MATHSOLVE-2fd9fd643bf3e9e98d121dc2e7af1cf1be411ae2.zip,MATHSOLVE-2fd9fd643bf3e9e98d121dc2e7af1cf1be411ae2/contributions/OPENMATH-2026/OM26-H3/WP06/lifecycle/OM26-H3-WP06-IA-001/ADJUDICATION.json,,65ff5cb7,Filename/path inference; editable in the app
347872,contributions/OPENMATH-2026/OM26-H3/WP06/lifecycle/OM26-H3-WP06-IA-001/ADJUDICATION.json,General / shared,760,Latest public revision collected separately; not an author-designated final | adcfa0537f43327f4bb9acfe1692f757fce353c4,https://codeload.github.com/grandchallenge/MATHSOLVE/zip/adcfa0537f43327f4bb9acfe1692f757fce353c4,,contestants/E10/13-archives/E10-grandchallenge-MATHSOLVE-adcfa0537f43327f4bb9acfe1692f757fce353c4.zip,MATHSOLVE-adcfa0537f43327f4bb9acfe1692f757fce353c4/contributions/OPENMATH-2026/OM26-H3/WP06/lifecycle/OM26-H3-WP06-IA-001/ADJUDICATION.json,,65ff5cb7,Filename/path inference; editable in the app
344850,contributions/OPENMATH-2026/OM26-H3/WP06/lifecycle/OM26-H3-WP06-IA-001/MANIFEST.json,General / shared,1857,Pinned collected revision; final designation governed by team receipt | 2fd9fd643bf3e9e98d121dc2e7af1cf1be411ae2,https://codeload.github.com/grandchallenge/MATHSOLVE/zip/2fd9fd643bf3e9e98d121dc2e7af1cf1be411ae2,,contestants/E10/13-archives/E10-grandchallenge-MATHSOLVE-2fd9fd643bf3e9e98d121dc2e7af1cf1be411ae2.zip,MATHSOLVE-2fd9fd643bf3e9e98d121dc2e7af1cf1be411ae2/contributions/OPENMATH-2026/OM26-H3/WP06/lifecycle/OM26-H3-WP06-IA-001/MANIFEST.json,,3f4ad79e,Filename/path inference; editable in the app
347873,contributions/OPENMATH-2026/OM26-H3/WP06/lifecycle/OM26-H3-WP06-IA-001/MANIFEST.json,General / shared,1857,Latest public revision collected separately; not an author-designated final | adcfa0537f43327f4bb9acfe1692f757fce353c4,https://codeload.github.com/grandchallenge/MATHSOLVE/zip/adcfa0537f43327f4bb9acfe1692f757fce353c4,,contestants/E10/13-archives/E10-grandchallenge-MATHSOLVE-adcfa0537f43327f4bb9acfe1692f757fce353c4.zip,MATHSOLVE-adcfa0537f43327f4bb9acfe1692f757fce353c4/contributions/OPENMATH-2026/OM26-H3/WP06/lifecycle/OM26-H3-WP06-IA-001/MANIFEST.json,,3f4ad79e,Filename/path inference; editable in the app
344851,contributions/OPENMATH-2026/OM26-H3/WP06/lifecycle/OM26-H3-WP06-IA-001/PROGRAMME_PROJECTION.json,General / shared,953,Pinned collected revision; final designation governed by team receipt | 2fd9fd643bf3e9e98d121dc2e7af1cf1be411ae2,https://codeload.github.com/grandchallenge/MATHSOLVE/zip/2fd9fd643bf3e9e98d121dc2e7af1cf1be411ae2,,contestants/E10/13-archives/E10-grandchallenge-MATHSOLVE-2fd9fd643bf3e9e98d121dc2e7af1cf1be411ae2.zip,MATHSOLVE-2fd9fd643bf3e9e98d121dc2e7af1cf1be411ae2/contributions/OPENMATH-2026/OM26-H3/WP06/lifecycle/OM26-H3-WP06-IA-001/PROGRAMME_PROJECTION.json,,faccde32,Filename/path inference; editable in the app
347874,contributions/OPENMATH-2026/OM26-H3/WP06/lifecycle/OM26-H3-WP06-IA-001/PROGRAMME_PROJECTION.json,General / shared,953,Latest public revision collected separately; not an author-designated final | adcfa0537f43327f4bb9acfe1692f757fce353c4,https://codeload.github.com/grandchallenge/MATHSOLVE/zip/adcfa0537f43327f4bb9acfe1692f757fce353c4,,contestants/E10/13-archives/E10-grandchallenge-MATHSOLVE-adcfa0537f43327f4bb9acfe1692f757fce353c4.zip,MATHSOLVE-adcfa0537f43327f4bb9acfe1692f757fce353c4/contributions/OPENMATH-2026/OM26-H3/WP06/lifecycle/OM26-H3-WP06-IA-001/PROGRAMME_PROJECTION.json,,faccde32,Filename/path inference; editable in the app
344852,contributions/OPENMATH-2026/OM26-H3/WP06/lifecycle/OM26-H3-WP06-IA-001/REPLAY.json,General / shared,729,Pinned collected revision; final designation governed by team receipt | 2fd9fd643bf3e9e98d121dc2e7af1cf1be411ae2,https://codeload.github.com/grandchallenge/MATHSOLVE/zip/2fd9fd643bf3e9e98d121dc2e7af1cf1be411ae2,,contestants/E10/13-archives/E10-grandchallenge-MATHSOLVE-2fd9fd643bf3e9e98d121dc2e7af1cf1be411ae2.zip,MATHSOLVE-2fd9fd643bf3e9e98d121dc2e7af1cf1be411ae2/contributions/OPENMATH-2026/OM26-H3/WP06/lifecycle/OM26-H3-WP06-IA-001/REPLAY.json,,9eab78c5,Filename/path inference; editable in the app
347875,contributions/OPENMATH-2026/OM26-H3/WP06/lifecycle/OM26-H3-WP06-IA-001/REPLAY.json,General / shared,729,Latest public revision collected separately; not an author-designated final | adcfa0537f43327f4bb9acfe1692f757fce353c4,https://codeload.github.com/grandchallenge/MATHSOLVE/zip/adcfa0537f43327f4bb9acfe1692f757fce353c4,,contestants/E10/13-archives/E10-grandchallenge-MATHSOLVE-adcfa0537f43327f4bb9acfe1692f757fce353c4.zip,MATHSOLVE-adcfa0537f43327f4bb9acfe1692f757fce353c4/contributions/OPENMATH-2026/OM26-H3/WP06/lifecycle/OM26-H3-WP06-IA-001/REPLAY.json,,9eab78c5,Filename/path inference; editable in the app
344854,contributions/OPENMATH-2026/OM26-H3/WP06/receipts/OM26-H3-WP06-IA-001/github-comment-5962958009.json,General / shared,11821,Pinned collected revision; final designation governed by team receipt | 2fd9fd643bf3e9e98d121dc2e7af1cf1be411ae2,https://codeload.github.com/grandchallenge/MATHSOLVE/zip/2fd9fd643bf3e9e98d121dc2e7af1cf1be411ae2,,contestants/E10/13-archives/E10-grandchallenge-MATHSOLVE-2fd9fd643bf3e9e98d121dc2e7af1cf1be411ae2.zip,MATHSOLVE-2fd9fd643bf3e9e98d121dc2e7af1cf1be411ae2/contributions/OPENMATH-2026/OM26-H3/WP06/receipts/OM26-H3-WP06-IA-001/github-comment-5962958009.json,,39d1b83d,Filename/path inference; editable in the app
347877,contributions/OPENMATH-2026/OM26-H3/WP06/receipts/OM26-H3-WP06-IA-001/github-comment-5962958009.json,General / shared,11821,Latest public revision collected separately; not an author-designated final | adcfa0537f43327f4bb9acfe1692f757fce353c4,https://codeload.github.com/grandchallenge/MATHSOLVE/zip/adcfa0537f43327f4bb9acfe1692f757fce353c4,,contestants/E10/13-archives/E10-grandchallenge-MATHSOLVE-adcfa0537f43327f4bb9acfe1692f757fce353c4.zip,MATHSOLVE-adcfa0537f43327f4bb9acfe1692f757fce353c4/contributions/OPENMATH-2026/OM26-H3/WP06/receipts/OM26-H3-WP06-IA-001/github-comment-5962958009.json,,39d1b83d,Filename/path inference; editable in the app
344855,contributions/OPENMATH-2026/OM26-H3/WP07/dispatches/OM26-H3-WP07-IA-001.json,General / shared,974,Pinned collected revision; final designation governed by team receipt | 2fd9fd643bf3e9e98d121dc2e7af1cf1be411ae2,https://codeload.github.com/grandchallenge/MATHSOLVE/zip/2fd9fd643bf3e9e98d121dc2e7af1cf1be411ae2,,contestants/E10/13-archives/E10-grandchallenge-MATHSOLVE-2fd9fd643bf3e9e98d121dc2e7af1cf1be411ae2.zip,MATHSOLVE-2fd9fd643bf3e9e98d121dc2e7af1cf1be411ae2/contributions/OPENMATH-2026/OM26-H3/WP07/dispatches/OM26-H3-WP07-IA-001.json,,053545d2,Filename/path inference; editable in the app
347878,contributions/OPENMATH-2026/OM26-H3/WP07/dispatches/OM26-H3-WP07-IA-001.json,General / shared,974,Latest public revision collected separately; not an author-designated final | adcfa0537f43327f4bb9acfe1692f757fce353c4,https://codeload.github.com/grandchallenge/MATHSOLVE/zip/adcfa0537f43327f4bb9acfe1692f757fce353c4,,contestants/E10/13-archives/E10-grandchallenge-MATHSOLVE-adcfa0537f43327f4bb9acfe1692f757fce353c4.zip,MATHSOLVE-adcfa0537f43327f4bb9acfe1692f757fce353c4/contributions/OPENMATH-2026/OM26-H3/WP07/dispatches/OM26-H3-WP07-IA-001.json,,053545d2,Filename/path inference; editable in the app
347879,contributions/OPENMATH-2026/OM26-H3/WP07/lifecycle/OM26-H3-WP07-IA-001/ADJUDICATION.json,General / shared,760,Latest public revision collected separately; not an author-designated final | adcfa0537f43327f4bb9acfe1692f757fce353c4,https://codeload.github.com/grandchallenge/MATHSOLVE/zip/adcfa0537f43327f4bb9acfe1692f757fce353c4,,contestants/E10/13-archives/E10-grandchallenge-MATHSOLVE-adcfa0537f43327f4bb9acfe1692f757fce353c4.zip,MATHSOLVE-adcfa0537f43327f4bb9acfe1692f757fce353c4/contributions/OPENMATH-2026/OM26-H3/WP07/lifecycle/OM26-H3-WP07-IA-001/ADJUDICATION.json,,72a9e9af,Filename/path inference; editable in the app
347880,contributions/OPENMATH-2026/OM26-H3/WP07/lifecycle/OM26-H3-WP07-IA-001/MANIFEST.json,General / shared,1857,Latest public revision collected separately; not an author-designated final | adcfa0537f43327f4bb9acfe1692f757fce353c4,https://codeload.github.com/grandchallenge/MATHSOLVE/zip/adcfa0537f43327f4bb9acfe1692f757fce353c4,,contestants/E10/13-archives/E10-grandchallenge-MATHSOLVE-adcfa0537f43327f4bb9acfe1692f757fce353c4.zip,MATHSOLVE-adcfa0537f43327f4bb9acfe1692f757fce353c4/contributions/OPENMATH-2026/OM26-H3/WP07/lifecycle/OM26-H3-WP07-IA-001/MANIFEST.json,,954fd483,Filename/path inference; editable in the app
347881,contributions/OPENMATH-2026/OM26-H3/WP07/lifecycle/OM26-H3-WP07-IA-001/PROGRAMME_PROJECTION.json,General / shared,953,Latest public revision collected separately; not an author-designated final | adcfa0537f43327f4bb9acfe1692f757fce353c4,https://codeload.github.com/grandchallenge/MATHSOLVE/zip/adcfa0537f43327f4bb9acfe1692f757fce353c4,,contestants/E10/13-archives/E10-grandchallenge-MATHSOLVE-adcfa0537f43327f4bb9acfe1692f757fce353c4.zip,MATHSOLVE-adcfa0537f43327f4bb9acfe1692f757fce353c4/contributions/OPENMATH-2026/OM26-H3/WP07/lifecycle/OM26-H3-WP07-IA-001/PROGRAMME_PROJECTION.json,,4a6ac60a,Filename/path inference; editable in the app
347882,contributions/OPENMATH-2026/OM26-H3/WP07/lifecycle/OM26-H3-WP07-IA-001/REPLAY.json,General / shared,729,Latest public revision collected separately; not an author-designated final | adcfa0537f43327f4bb9acfe1692f757fce353c4,https://codeload.github.com/grandchallenge/MATHSOLVE/zip/adcfa0537f43327f4bb9acfe1692f757fce353c4,,contestants/E10/13-archives/E10-grandchallenge-MATHSOLVE-adcfa0537f43327f4bb9acfe1692f757fce353c4.zip,MATHSOLVE-adcfa0537f43327f4bb9acfe1692f757fce353c4/contributions/OPENMATH-2026/OM26-H3/WP07/lifecycle/OM26-H3-WP07-IA-001/REPLAY.json,,97be62f9,Filename/path inference; editable in the app
347884,contributions/OPENMATH-2026/OM26-H3/WP07/receipts/OM26-H3-WP07-IA-001/github-comment-5964202326.json,General / shared,8162,Latest public revision collected separately; not an author-designated final | adcfa0537f43327f4bb9acfe1692f757fce353c4,https://codeload.github.com/grandchallenge/MATHSOLVE/zip/adcfa0537f43327f4bb9acfe1692f757fce353c4,,contestants/E10/13-archives/E10-grandchallenge-MATHSOLVE-adcfa0537f43327f4bb9acfe1692f757fce353c4.zip,MATHSOLVE-adcfa0537f43327f4bb9acfe1692f757fce353c4/contributions/OPENMATH-2026/OM26-H3/WP07/receipts/OM26-H3-WP07-IA-001/github-comment-5964202326.json,,5ff74ba0,Filename/path inference; editable in the app
347885,contributions/OPENMATH-2026/OM26-H3/WP08/dispatches/OM26-H3-WP08-IA-001.json,General / shared,971,Latest public revision collected separately; not an author-designated final | adcfa0537f43327f4bb9acfe1692f757fce353c4,https://codeload.github.com/grandchallenge/MATHSOLVE/zip/adcfa0537f43327f4bb9acfe1692f757fce353c4,,contestants/E10/13-archives/E10-grandchallenge-MATHSOLVE-adcfa0537f43327f4bb9acfe1692f757fce353c4.zip,MATHSOLVE-adcfa0537f43327f4bb9acfe1692f757fce353c4/contributions/OPENMATH-2026/OM26-H3/WP08/dispatches/OM26-H3-WP08-IA-001.json,,79dc6ee3,Filename/path inference; editable in the app
347886,contributions/OPENMATH-2026/OM26-H3/WP08/lifecycle/OM26-H3-WP08-IA-001/ADJUDICATION.json,General / shared,760,Latest public revision collected separately; not an author-designated final | adcfa0537f43327f4bb9acfe1692f757fce353c4,https://codeload.github.com/grandchallenge/MATHSOLVE/zip/adcfa0537f43327f4bb9acfe1692f757fce353c4,,contestants/E10/13-archives/E10-grandchallenge-MATHSOLVE-adcfa0537f43327f4bb9acfe1692f757fce353c4.zip,MATHSOLVE-adcfa0537f43327f4bb9acfe1692f757fce353c4/contributions/OPENMATH-2026/OM26-H3/WP08/lifecycle/OM26-H3-WP08-IA-001/ADJUDICATION.json,,14f1e924,Filename/path inference; editable in the app
347887,contributions/OPENMATH-2026/OM26-H3/WP08/lifecycle/OM26-H3-WP08-IA-001/MANIFEST.json,General / shared,1857,Latest public revision collected separately; not an author-designated final | adcfa0537f43327f4bb9acfe1692f757fce353c4,https://codeload.github.com/grandchallenge/MATHSOLVE/zip/adcfa0537f43327f4bb9acfe1692f757fce353c4,,contestants/E10/13-archives/E10-grandchallenge-MATHSOLVE-adcfa0537f43327f4bb9acfe1692f757fce353c4.zip,MATHSOLVE-adcfa0537f43327f4bb9acfe1692f757fce353c4/contributions/OPENMATH-2026/OM26-H3/WP08/lifecycle/OM26-H3-WP08-IA-001/MANIFEST.json,,f3048600,Filename/path inference; editable in the app
347888,contributions/OPENMATH-2026/OM26-H3/WP08/lifecycle/OM26-H3-WP08-IA-001/PROGRAMME_PROJECTION.json,General / shared,953,Latest public revision collected separately; not an author-designated final | adcfa0537f43327f4bb9acfe1692f757fce353c4,https://codeload.github.com/grandchallenge/MATHSOLVE/zip/adcfa0537f43327f4bb9acfe1692f757fce353c4,,contestants/E10/13-archives/E10-grandchallenge-MATHSOLVE-adcfa0537f43327f4bb9acfe1692f757fce353c4.zip,MATHSOLVE-adcfa0537f43327f4bb9acfe1692f757fce353c4/contributions/OPENMATH-2026/OM26-H3/WP08/lifecycle/OM26-H3-WP08-IA-001/PROGRAMME_PROJECTION.json,,b8cbecba,Filename/path inference; editable in the app
347889,contributions/OPENMATH-2026/OM26-H3/WP08/lifecycle/OM26-H3-WP08-IA-001/REPLAY.json,General / shared,729,Latest public revision collected separately; not an author-designated final | adcfa0537f43327f4bb9acfe1692f757fce353c4,https://codeload.github.com/grandchallenge/MATHSOLVE/zip/adcfa0537f43327f4bb9acfe1692f757fce353c4,,contestants/E10/13-archives/E10-grandchallenge-MATHSOLVE-adcfa0537f43327f4bb9acfe1692f757fce353c4.zip,MATHSOLVE-adcfa0537f43327f4bb9acfe1692f757fce353c4/contributions/OPENMATH-2026/OM26-H3/WP08/lifecycle/OM26-H3-WP08-IA-001/REPLAY.json,,e07df5ad,Filename/path inference; editable in the app
347891,contributions/OPENMATH-2026/OM26-H3/WP08/receipts/OM26-H3-WP08-IA-001/github-comment-5966151142.json,General / shared,1561,Latest public revision collected separately; not an author-designated final | adcfa0537f43327f4bb9acfe1692f757fce353c4,https://codeload.github.com/grandchallenge/MATHSOLVE/zip/adcfa0537f43327f4bb9acfe1692f757fce353c4,,contestants/E10/13-archives/E10-grandchallenge-MATHSOLVE-adcfa0537f43327f4bb9acfe1692f757fce353c4.zip,MATHSOLVE-adcfa0537f43327f4bb9acfe1692f757fce353c4/contributions/OPENMATH-2026/OM26-H3/WP08/receipts/OM26-H3-WP08-IA-001/github-comment-5966151142.json,,1de5179b,Filename/path inference; editable in the app
347892,contributions/OPENMATH-2026/OM26-H3/WP09/dispatches/OM26-H3-WP09-IA-001.json,General / shared,974,Latest public revision collected separately; not an author-designated final | adcfa0537f43327f4bb9acfe1692f757fce353c4,https://codeload.github.com/grandchallenge/MATHSOLVE/zip/adcfa0537f43327f4bb9acfe1692f757fce353c4,,contestants/E10/13-archives/E10-grandchallenge-MATHSOLVE-adcfa0537f43327f4bb9acfe1692f757fce353c4.zip,MATHSOLVE-adcfa0537f43327f4bb9acfe1692f757fce353c4/contributions/OPENMATH-2026/OM26-H3/WP09/dispatches/OM26-H3-WP09-IA-001.json,,24b920eb,Filename/path inference; editable in the app
344856,contributions/OPENMATH-2026/OM26-H4/WP01/dispatches/OM26-H4-WP01-IA-001.json,General / shared,1256,Pinned collected revision; final designation governed by team receipt | 2fd9fd643bf3e9e98d121dc2e7af1cf1be411ae2,https://codeload.github.com/grandchallenge/MATHSOLVE/zip/2fd9fd643bf3e9e98d121dc2e7af1cf1be411ae2,,contestants/E10/13-archives/E10-grandchallenge-MATHSOLVE-2fd9fd643bf3e9e98d121dc2e7af1cf1be411ae2.zip,MATHSOLVE-2fd9fd643bf3e9e98d121dc2e7af1cf1be411ae2/contributions/OPENMATH-2026/OM26-H4/WP01/dispatches/OM26-H4-WP01-IA-001.json,,27619833,Filename/path inference; editable in the app
347893,contributions/OPENMATH-2026/OM26-H4/WP01/dispatches/OM26-H4-WP01-IA-001.json,General / shared,1256,Latest public revision collected separately; not an author-designated final | adcfa0537f43327f4bb9acfe1692f757fce353c4,https://codeload.github.com/grandchallenge/MATHSOLVE/zip/adcfa0537f43327f4bb9acfe1692f757fce353c4,,contestants/E10/13-archives/E10-grandchallenge-MATHSOLVE-adcfa0537f43327f4bb9acfe1692f757fce353c4.zip,MATHSOLVE-adcfa0537f43327f4bb9acfe1692f757fce353c4/contributions/OPENMATH-2026/OM26-H4/WP01/dispatches/OM26-H4-WP01-IA-001.json,,27619833,Filename/path inference; editable in the app
344857,contributions/OPENMATH-2026/OM26-H4/WP01/lifecycle/OM26-H4-WP01-IA-001/ADJUDICATION.json,General / shared,760,Pinned collected revision; final designation governed by team receipt | 2fd9fd643bf3e9e98d121dc2e7af1cf1be411ae2,https://codeload.github.com/grandchallenge/MATHSOLVE/zip/2fd9fd643bf3e9e98d121dc2e7af1cf1be411ae2,,contestants/E10/13-archives/E10-grandchallenge-MATHSOLVE-2fd9fd643bf3e9e98d121dc2e7af1cf1be411ae2.zip,MATHSOLVE-2fd9fd643bf3e9e98d121dc2e7af1cf1be411ae2/contributions/OPENMATH-2026/OM26-H4/WP01/lifecycle/OM26-H4-WP01-IA-001/ADJUDICATION.json,,46b836fd,Filename/path inference; editable in the app
347894,contributions/OPENMATH-2026/OM26-H4/WP01/lifecycle/OM26-H4-WP01-IA-001/ADJUDICATION.json,General / shared,760,Latest public revision collected separately; not an author-designated final | adcfa0537f43327f4bb9acfe1692f757fce353c4,https://codeload.github.com/grandchallenge/MATHSOLVE/zip/adcfa0537f43327f4bb9acfe1692f757fce353c4,,contestants/E10/13-archives/E10-grandchallenge-MATHSOLVE-adcfa0537f43327f4bb9acfe1692f757fce353c4.zip,MATHSOLVE-adcfa0537f43327f4bb9acfe1692f757fce353c4/contributions/OPENMATH-2026/OM26-H4/WP01/lifecycle/OM26-H4-WP01-IA-001/ADJUDICATION.json,,46b836fd,Filename/path inference; editable in the app
344858,contributions/OPENMATH-2026/OM26-H4/WP01/lifecycle/OM26-H4-WP01-IA-001/MANIFEST.json,General / shared,1766,Pinned collected revision; final designation governed by team receipt | 2fd9fd643bf3e9e98d121dc2e7af1cf1be411ae2,https://codeload.github.com/grandchallenge/MATHSOLVE/zip/2fd9fd643bf3e9e98d121dc2e7af1cf1be411ae2,,contestants/E10/13-archives/E10-grandchallenge-MATHSOLVE-2fd9fd643bf3e9e98d121dc2e7af1cf1be411ae2.zip,MATHSOLVE-2fd9fd643bf3e9e98d121dc2e7af1cf1be411ae2/contributions/OPENMATH-2026/OM26-H4/WP01/lifecycle/OM26-H4-WP01-IA-001/MANIFEST.json,,67cb967a,Filename/path inference; editable in the app
347895,contributions/OPENMATH-2026/OM26-H4/WP01/lifecycle/OM26-H4-WP01-IA-001/MANIFEST.json,General / shared,1766,Latest public revision collected separately; not an author-designated final | adcfa0537f43327f4bb9acfe1692f757fce353c4,https://codeload.github.com/grandchallenge/MATHSOLVE/zip/adcfa0537f43327f4bb9acfe1692f757fce353c4,,contestants/E10/13-archives/E10-grandchallenge-MATHSOLVE-adcfa0537f43327f4bb9acfe1692f757fce353c4.zip,MATHSOLVE-adcfa0537f43327f4bb9acfe1692f757fce353c4/contributions/OPENMATH-2026/OM26-H4/WP01/lifecycle/OM26-H4-WP01-IA-001/MANIFEST.json,,67cb967a,Filename/path inference; editable in the app
344859,contributions/OPENMATH-2026/OM26-H4/WP01/lifecycle/OM26-H4-WP01-IA-001/PROGRAMME_PROJECTION.json,General / shared,903,Pinned collected revision; final designation governed by team receipt | 2fd9fd643bf3e9e98d121dc2e7af1cf1be411ae2,https://codeload.github.com/grandchallenge/MATHSOLVE/zip/2fd9fd643bf3e9e98d121dc2e7af1cf1be411ae2,,contestants/E10/13-archives/E10-grandchallenge-MATHSOLVE-2fd9fd643bf3e9e98d121dc2e7af1cf1be411ae2.zip,MATHSOLVE-2fd9fd643bf3e9e98d121dc2e7af1cf1be411ae2/contributions/OPENMATH-2026/OM26-H4/WP01/lifecycle/OM26-H4-WP01-IA-001/PROGRAMME_PROJECTION.json,,cefd3e3e,Filename/path inference; editable in the app
347896,contributions/OPENMATH-2026/OM26-H4/WP01/lifecycle/OM26-H4-WP01-IA-001/PROGRAMME_PROJECTION.json,General / shared,903,Latest public revision collected separately; not an author-designated final | adcfa0537f43327f4bb9acfe1692f757fce353c4,https://codeload.github.com/grandchallenge/MATHSOLVE/zip/adcfa0537f43327f4bb9acfe1692f757fce353c4,,contestants/E10/13-archives/E10-grandchallenge-MATHSOLVE-adcfa0537f43327f4bb9acfe1692f757fce353c4.zip,MATHSOLVE-adcfa0537f43327f4bb9acfe1692f757fce353c4/contributions/OPENMATH-2026/OM26-H4/WP01/lifecycle/OM26-H4-WP01-IA-001/PROGRAMME_PROJECTION.json,,cefd3e3e,Filename/path inference; editable in the app
344860,contributions/OPENMATH-2026/OM26-H4/WP01/lifecycle/OM26-H4-WP01-IA-001/REPLAY.json,General / shared,729,Pinned collected revision; final designation governed by team receipt | 2fd9fd643bf3e9e98d121dc2e7af1cf1be411ae2,https://codeload.github.com/grandchallenge/MATHSOLVE/zip/2fd9fd643bf3e9e98d121dc2e7af1cf1be411ae2,,contestants/E10/13-archives/E10-grandchallenge-MATHSOLVE-2fd9fd643bf3e9e98d121dc2e7af1cf1be411ae2.zip,MATHSOLVE-2fd9fd643bf3e9e98d121dc2e7af1cf1be411ae2/contributions/OPENMATH-2026/OM26-H4/WP01/lifecycle/OM26-H4-WP01-IA-001/REPLAY.json,,bf7eaff9,Filename/path inference; editable in the app
347897,contributions/OPENMATH-2026/OM26-H4/WP01/lifecycle/OM26-H4-WP01-IA-001/REPLAY.json,General / shared,729,Latest public revision collected separately; not an author-designated final | adcfa0537f43327f4bb9acfe1692f757fce353c4,https://codeload.github.com/grandchallenge/MATHSOLVE/zip/adcfa0537f43327f4bb9acfe1692f757fce353c4,,contestants/E10/13-archives/E10-grandchallenge-MATHSOLVE-adcfa0537f43327f4bb9acfe1692f757fce353c4.zip,MATHSOLVE-adcfa0537f43327f4bb9acfe1692f757fce353c4/contributions/OPENMATH-2026/OM26-H4/WP01/lifecycle/OM26-H4-WP01-IA-001/REPLAY.json,,bf7eaff9,Filename/path inference; editable in the app
344862,contributions/OPENMATH-2026/OM26-H4/WP01/receipts/OM26-H4-WP01-IA-001/github-comment-5921309643.json,General / shared,1554,Pinned collected revision; final designation governed by team receipt | 2fd9fd643bf3e9e98d121dc2e7af1cf1be411ae2,https://codeload.github.com/grandchallenge/MATHSOLVE/zip/2fd9fd643bf3e9e98d121dc2e7af1cf1be411ae2,,contestants/E10/13-archives/E10-grandchallenge-MATHSOLVE-2fd9fd643bf3e9e98d121dc2e7af1cf1be411ae2.zip,MATHSOLVE-2fd9fd643bf3e9e98d121dc2e7af1cf1be411ae2/contributions/OPENMATH-2026/OM26-H4/WP01/receipts/OM26-H4-WP01-IA-001/github-comment-5921309643.json,,2a2272dc,Filename/path inference; editable in the app
347899,contributions/OPENMATH-2026/OM26-H4/WP01/receipts/OM26-H4-WP01-IA-001/github-comment-5921309643.json,General / shared,1554,Latest public revision collected separately; not an author-designated final | adcfa0537f43327f4bb9acfe1692f757fce353c4,https://codeload.github.com/grandchallenge/MATHSOLVE/zip/adcfa0537f43327f4bb9acfe1692f757fce353c4,,contestants/E10/13-archives/E10-grandchallenge-MATHSOLVE-adcfa0537f43327f4bb9acfe1692f757fce353c4.zip,MATHSOLVE-adcfa0537f43327f4bb9acfe1692f757fce353c4/contributions/OPENMATH-2026/OM26-H4/WP01/receipts/OM26-H4-WP01-IA-001/github-comment-5921309643.json,,2a2272dc,Filename/path inference; editable in the app
344863,contributions/OPENMATH-2026/OM26-H4/WP02/dispatches/OM26-H4-WP02-IA-001.json,General / shared,932,Pinned collected revision; final designation governed by team receipt | 2fd9fd643bf3e9e98d121dc2e7af1cf1be411ae2,https://codeload.github.com/grandchallenge/MATHSOLVE/zip/2fd9fd643bf3e9e98d121dc2e7af1cf1be411ae2,,contestants/E10/13-archives/E10-grandchallenge-MATHSOLVE-2fd9fd643bf3e9e98d121dc2e7af1cf1be411ae2.zip,MATHSOLVE-2fd9fd643bf3e9e98d121dc2e7af1cf1be411ae2/contributions/OPENMATH-2026/OM26-H4/WP02/dispatches/OM26-H4-WP02-IA-001.json,,1158788b,Filename/path inference; editable in the app
347900,contributions/OPENMATH-2026/OM26-H4/WP02/dispatches/OM26-H4-WP02-IA-001.json,General / shared,932,Latest public revision collected separately; not an author-designated final | adcfa0537f43327f4bb9acfe1692f757fce353c4,https://codeload.github.com/grandchallenge/MATHSOLVE/zip/adcfa0537f43327f4bb9acfe1692f757fce353c4,,contestants/E10/13-archives/E10-grandchallenge-MATHSOLVE-adcfa0537f43327f4bb9acfe1692f757fce353c4.zip,MATHSOLVE-adcfa0537f43327f4bb9acfe1692f757fce353c4/contributions/OPENMATH-2026/OM26-H4/WP02/dispatches/OM26-H4-WP02-IA-001.json,,1158788b,Filename/path inference; editable in the app
344864,contributions/OPENMATH-2026/OM26-H4/WP03/dispatches/OM26-H4-WP03-IA-001.json,General / shared,959,Pinned collected revision; final designation governed by team receipt | 2fd9fd643bf3e9e98d121dc2e7af1cf1be411ae2,https://codeload.github.com/grandchallenge/MATHSOLVE/zip/2fd9fd643bf3e9e98d121dc2e7af1cf1be411ae2,,contestants/E10/13-archives/E10-grandchallenge-MATHSOLVE-2fd9fd643bf3e9e98d121dc2e7af1cf1be411ae2.zip,MATHSOLVE-2fd9fd643bf3e9e98d121dc2e7af1cf1be411ae2/contributions/OPENMATH-2026/OM26-H4/WP03/dispatches/OM26-H4-WP03-IA-001.json,,24b85511,Filename/path inference; editable in the app
347901,contributions/OPENMATH-2026/OM26-H4/WP03/dispatches/OM26-H4-WP03-IA-001.json,General / shared,959,Latest public revision collected separately; not an author-designated final | adcfa0537f43327f4bb9acfe1692f757fce353c4,https://codeload.github.com/grandchallenge/MATHSOLVE/zip/adcfa0537f43327f4bb9acfe1692f757fce353c4,,contestants/E10/13-archives/E10-grandchallenge-MATHSOLVE-adcfa0537f43327f4bb9acfe1692f757fce353c4.zip,MATHSOLVE-adcfa0537f43327f4bb9acfe1692f757fce353c4/contributions/OPENMATH-2026/OM26-H4/WP03/dispatches/OM26-H4-WP03-IA-001.json,,24b85511,Filename/path inference; editable in the app
344865,contributions/OPENMATH-2026/OM26-H4/WP03/lifecycle/OM26-H4-WP03-IA-001/ADJUDICATION.json,General / shared,760,Pinned collected revision; final designation governed by team receipt | 2fd9fd643bf3e9e98d121dc2e7af1cf1be411ae2,https://codeload.github.com/grandchallenge/MATHSOLVE/zip/2fd9fd643bf3e9e98d121dc2e7af1cf1be411ae2,,contestants/E10/13-archives/E10-grandchallenge-MATHSOLVE-2fd9fd643bf3e9e98d121dc2e7af1cf1be411ae2.zip,MATHSOLVE-2fd9fd643bf3e9e98d121dc2e7af1cf1be411ae2/contributions/OPENMATH-2026/OM26-H4/WP03/lifecycle/OM26-H4-WP03-IA-001/ADJUDICATION.json,,b51616ac,Filename/path inference; editable in the app
347902,contributions/OPENMATH-2026/OM26-H4/WP03/lifecycle/OM26-H4-WP03-IA-001/ADJUDICATION.json,General / shared,760,Latest public revision collected separately; not an author-designated final | adcfa0537f43327f4bb9acfe1692f757fce353c4,https://codeload.github.com/grandchallenge/MATHSOLVE/zip/adcfa0537f43327f4bb9acfe1692f757fce353c4,,contestants/E10/13-archives/E10-grandchallenge-MATHSOLVE-adcfa0537f43327f4bb9acfe1692f757fce353c4.zip,MATHSOLVE-adcfa0537f43327f4bb9acfe1692f757fce353c4/contributions/OPENMATH-2026/OM26-H4/WP03/lifecycle/OM26-H4-WP03-IA-001/ADJUDICATION.json,,b51616ac,Filename/path inference; editable in the app
344866,contributions/OPENMATH-2026/OM26-H4/WP03/lifecycle/OM26-H4-WP03-IA-001/MANIFEST.json,General / shared,1857,Pinned collected revision; final designation governed by team receipt | 2fd9fd643bf3e9e98d121dc2e7af1cf1be411ae2,https://codeload.github.com/grandchallenge/MATHSOLVE/zip/2fd9fd643bf3e9e98d121dc2e7af1cf1be411ae2,,contestants/E10/13-archives/E10-grandchallenge-MATHSOLVE-2fd9fd643bf3e9e98d121dc2e7af1cf1be411ae2.zip,MATHSOLVE-2fd9fd643bf3e9e98d121dc2e7af1cf1be411ae2/contributions/OPENMATH-2026/OM26-H4/WP03/lifecycle/OM26-H4-WP03-IA-001/MANIFEST.json,,afa59088,Filename/path inference; editable in the app
347903,contributions/OPENMATH-2026/OM26-H4/WP03/lifecycle/OM26-H4-WP03-IA-001/MANIFEST.json,General / shared,1857,Latest public revision collected separately; not an author-designated final | adcfa0537f43327f4bb9acfe1692f757fce353c4,https://codeload.github.com/grandchallenge/MATHSOLVE/zip/adcfa0537f43327f4bb9acfe1692f757fce353c4,,contestants/E10/13-archives/E10-grandchallenge-MATHSOLVE-adcfa0537f43327f4bb9acfe1692f757fce353c4.zip,MATHSOLVE-adcfa0537f43327f4bb9acfe1692f757fce353c4/contributions/OPENMATH-2026/OM26-H4/WP03/lifecycle/OM26-H4-WP03-IA-001/MANIFEST.json,,afa59088,Filename/path inference; editable in the app
344867,contributions/OPENMATH-2026/OM26-H4/WP03/lifecycle/OM26-H4-WP03-IA-001/PROGRAMME_PROJECTION.json,General / shared,953,Pinned collected revision; final designation governed by team receipt | 2fd9fd643bf3e9e98d121dc2e7af1cf1be411ae2,https://codeload.github.com/grandchallenge/MATHSOLVE/zip/2fd9fd643bf3e9e98d121dc2e7af1cf1be411ae2,,contestants/E10/13-archives/E10-grandchallenge-MATHSOLVE-2fd9fd643bf3e9e98d121dc2e7af1cf1be411ae2.zip,MATHSOLVE-2fd9fd643bf3e9e98d121dc2e7af1cf1be411ae2/contributions/OPENMATH-2026/OM26-H4/WP03/lifecycle/OM26-H4-WP03-IA-001/PROGRAMME_PROJECTION.json,,75c3fbee,Filename/path inference; editable in the app
347904,contributions/OPENMATH-2026/OM26-H4/WP03/lifecycle/OM26-H4-WP03-IA-001/PROGRAMME_PROJECTION.json,General / shared,953,Latest public revision collected separately; not an author-designated final | adcfa0537f43327f4bb9acfe1692f757fce353c4,https://codeload.github.com/grandchallenge/MATHSOLVE/zip/adcfa0537f43327f4bb9acfe1692f757fce353c4,,contestants/E10/13-archives/E10-grandchallenge-MATHSOLVE-adcfa0537f43327f4bb9acfe1692f757fce353c4.zip,MATHSOLVE-adcfa0537f43327f4bb9acfe1692f757fce353c4/contributions/OPENMATH-2026/OM26-H4/WP03/lifecycle/OM26-H4-WP03-IA-001/PROGRAMME_PROJECTION.json,,75c3fbee,Filename/path inference; editable in the app
344868,contributions/OPENMATH-2026/OM26-H4/WP03/lifecycle/OM26-H4-WP03-IA-001/REPLAY.json,General / shared,729,Pinned collected revision; final designation governed by team receipt | 2fd9fd643bf3e9e98d121dc2e7af1cf1be411ae2,https://codeload.github.com/grandchallenge/MATHSOLVE/zip/2fd9fd643bf3e9e98d121dc2e7af1cf1be411ae2,,contestants/E10/13-archives/E10-grandchallenge-MATHSOLVE-2fd9fd643bf3e9e98d121dc2e7af1cf1be411ae2.zip,MATHSOLVE-2fd9fd643bf3e9e98d121dc2e7af1cf1be411ae2/contributions/OPENMATH-2026/OM26-H4/WP03/lifecycle/OM26-H4-WP03-IA-001/REPLAY.json,,ad549b81,Filename/path inference; editable in the app
347905,contributions/OPENMATH-2026/OM26-H4/WP03/lifecycle/OM26-H4-WP03-IA-001/REPLAY.json,General / shared,729,Latest public revision collected separately; not an author-designated final | adcfa0537f43327f4bb9acfe1692f757fce353c4,https://codeload.github.com/grandchallenge/MATHSOLVE/zip/adcfa0537f43327f4bb9acfe1692f757fce353c4,,contestants/E10/13-archives/E10-grandchallenge-MATHSOLVE-adcfa0537f43327f4bb9acfe1692f757fce353c4.zip,MATHSOLVE-adcfa0537f43327f4bb9acfe1692f757fce353c4/contributions/OPENMATH-2026/OM26-H4/WP03/lifecycle/OM26-H4-WP03-IA-001/REPLAY.json,,ad549b81,Filename/path inference; editable in the app
344870,contributions/OPENMATH-2026/OM26-H4/WP03/receipts/OM26-H4-WP03-IA-001/github-comment-5942549290.json,General / shared,19750,Pinned collected revision; final designation governed by team receipt | 2fd9fd643bf3e9e98d121dc2e7af1cf1be411ae2,https://codeload.github.com/grandchallenge/MATHSOLVE/zip/2fd9fd643bf3e9e98d121dc2e7af1cf1be411ae2,,contestants/E10/13-archives/E10-grandchallenge-MATHSOLVE-2fd9fd643bf3e9e98d121dc2e7af1cf1be411ae2.zip,MATHSOLVE-2fd9fd643bf3e9e98d121dc2e7af1cf1be411ae2/contributions/OPENMATH-2026/OM26-H4/WP03/receipts/OM26-H4-WP03-IA-001/github-comment-5942549290.json,,fe8989fa,Filename/path inference; editable in the app
347907,contributions/OPENMATH-2026/OM26-H4/WP03/receipts/OM26-H4-WP03-IA-001/github-comment-5942549290.json,General / shared,19750,Latest public revision collected separately; not an author-designated final | adcfa0537f43327f4bb9acfe1692f757fce353c4,https://codeload.github.com/grandchallenge/MATHSOLVE/zip/adcfa0537f43327f4bb9acfe1692f757fce353c4,,contestants/E10/13-archives/E10-grandchallenge-MATHSOLVE-adcfa0537f43327f4bb9acfe1692f757fce353c4.zip,MATHSOLVE-adcfa0537f43327f4bb9acfe1692f757fce353c4/contributions/OPENMATH-2026/OM26-H4/WP03/receipts/OM26-H4-WP03-IA-001/github-comment-5942549290.json,,fe8989fa,Filename/path inference; editable in the app
344871,contributions/OPENMATH-2026/OM26-H4/WP04/dispatches/OM26-H4-WP04-IA-001.json,General / shared,974,Pinned collected revision; final designation governed by team receipt | 2fd9fd643bf3e9e98d121dc2e7af1cf1be411ae2,https://codeload.github.com/grandchallenge/MATHSOLVE/zip/2fd9fd643bf3e9e98d121dc2e7af1cf1be411ae2,,contestants/E10/13-archives/E10-grandchallenge-MATHSOLVE-2fd9fd643bf3e9e98d121dc2e7af1cf1be411ae2.zip,MATHSOLVE-2fd9fd643bf3e9e98d121dc2e7af1cf1be411ae2/contributions/OPENMATH-2026/OM26-H4/WP04/dispatches/OM26-H4-WP04-IA-001.json,,d50960ea,Filename/path inference; editable in the app
347908,contributions/OPENMATH-2026/OM26-H4/WP04/dispatches/OM26-H4-WP04-IA-001.json,General / shared,974,Latest public revision collected separately; not an author-designated final | adcfa0537f43327f4bb9acfe1692f757fce353c4,https://codeload.github.com/grandchallenge/MATHSOLVE/zip/adcfa0537f43327f4bb9acfe1692f757fce353c4,,contestants/E10/13-archives/E10-grandchallenge-MATHSOLVE-adcfa0537f43327f4bb9acfe1692f757fce353c4.zip,MATHSOLVE-adcfa0537f43327f4bb9acfe1692f757fce353c4/contributions/OPENMATH-2026/OM26-H4/WP04/dispatches/OM26-H4-WP04-IA-001.json,,d50960ea,Filename/path inference; editable in the app
344872,contributions/OPENMATH-2026/OM26-H4/WP04/lifecycle/OM26-H4-WP04-IA-001/ADJUDICATION.json,General / shared,760,Pinned collected revision; final designation governed by team receipt | 2fd9fd643bf3e9e98d121dc2e7af1cf1be411ae2,https://codeload.github.com/grandchallenge/MATHSOLVE/zip/2fd9fd643bf3e9e98d121dc2e7af1cf1be411ae2,,contestants/E10/13-archives/E10-grandchallenge-MATHSOLVE-2fd9fd643bf3e9e98d121dc2e7af1cf1be411ae2.zip,MATHSOLVE-2fd9fd643bf3e9e98d121dc2e7af1cf1be411ae2/contributions/OPENMATH-2026/OM26-H4/WP04/lifecycle/OM26-H4-WP04-IA-001/ADJUDICATION.json,,80781fe4,Filename/path inference; editable in the app
347909,contributions/OPENMATH-2026/OM26-H4/WP04/lifecycle/OM26-H4-WP04-IA-001/ADJUDICATION.json,General / shared,760,Latest public revision collected separately; not an author-designated final | adcfa0537f43327f4bb9acfe1692f757fce353c4,https://codeload.github.com/grandchallenge/MATHSOLVE/zip/adcfa0537f43327f4bb9acfe1692f757fce353c4,,contestants/E10/13-archives/E10-grandchallenge-MATHSOLVE-adcfa0537f43327f4bb9acfe1692f757fce353c4.zip,MATHSOLVE-adcfa0537f43327f4bb9acfe1692f757fce353c4/contributions/OPENMATH-2026/OM26-H4/WP04/lifecycle/OM26-H4-WP04-IA-001/ADJUDICATION.json,,80781fe4,Filename/path inference; editable in the app
344873,contributions/OPENMATH-2026/OM26-H4/WP04/lifecycle/OM26-H4-WP04-IA-001/MANIFEST.json,General / shared,1857,Pinned collected revision; final designation governed by team receipt | 2fd9fd643bf3e9e98d121dc2e7af1cf1be411ae2,https://codeload.github.com/grandchallenge/MATHSOLVE/zip/2fd9fd643bf3e9e98d121dc2e7af1cf1be411ae2,,contestants/E10/13-archives/E10-grandchallenge-MATHSOLVE-2fd9fd643bf3e9e98d121dc2e7af1cf1be411ae2.zip,MATHSOLVE-2fd9fd643bf3e9e98d121dc2e7af1cf1be411ae2/contributions/OPENMATH-2026/OM26-H4/WP04/lifecycle/OM26-H4-WP04-IA-001/MANIFEST.json,,cd5b923d,Filename/path inference; editable in the app
347910,contributions/OPENMATH-2026/OM26-H4/WP04/lifecycle/OM26-H4-WP04-IA-001/MANIFEST.json,General / shared,1857,Latest public revision collected separately; not an author-designated final | adcfa0537f43327f4bb9acfe1692f757fce353c4,https://codeload.github.com/grandchallenge/MATHSOLVE/zip/adcfa0537f43327f4bb9acfe1692f757fce353c4,,contestants/E10/13-archives/E10-grandchallenge-MATHSOLVE-adcfa0537f43327f4bb9acfe1692f757fce353c4.zip,MATHSOLVE-adcfa0537f43327f4bb9acfe1692f757fce353c4/contributions/OPENMATH-2026/OM26-H4/WP04/lifecycle/OM26-H4-WP04-IA-001/MANIFEST.json,,cd5b923d,Filename/path inference; editable in the app
344874,contributions/OPENMATH-2026/OM26-H4/WP04/lifecycle/OM26-H4-WP04-IA-001/PROGRAMME_PROJECTION.json,General / shared,953,Pinned collected revision; final designation governed by team receipt | 2fd9fd643bf3e9e98d121dc2e7af1cf1be411ae2,https://codeload.github.com/grandchallenge/MATHSOLVE/zip/2fd9fd643bf3e9e98d121dc2e7af1cf1be411ae2,,contestants/E10/13-archives/E10-grandchallenge-MATHSOLVE-2fd9fd643bf3e9e98d121dc2e7af1cf1be411ae2.zip,MATHSOLVE-2fd9fd643bf3e9e98d121dc2e7af1cf1be411ae2/contributions/OPENMATH-2026/OM26-H4/WP04/lifecycle/OM26-H4-WP04-IA-001/PROGRAMME_PROJECTION.json,,a2ba7d59,Filename/path inference; editable in the app
347911,contributions/OPENMATH-2026/OM26-H4/WP04/lifecycle/OM26-H4-WP04-IA-001/PROGRAMME_PROJECTION.json,General / shared,953,Latest public revision collected separately; not an author-designated final | adcfa0537f43327f4bb9acfe1692f757fce353c4,https://codeload.github.com/grandchallenge/MATHSOLVE/zip/adcfa0537f43327f4bb9acfe1692f757fce353c4,,contestants/E10/13-archives/E10-grandchallenge-MATHSOLVE-adcfa0537f43327f4bb9acfe1692f757fce353c4.zip,MATHSOLVE-adcfa0537f43327f4bb9acfe1692f757fce353c4/contributions/OPENMATH-2026/OM26-H4/WP04/lifecycle/OM26-H4-WP04-IA-001/PROGRAMME_PROJECTION.json,,a2ba7d59,Filename/path inference; editable in the app
344875,contributions/OPENMATH-2026/OM26-H4/WP04/lifecycle/OM26-H4-WP04-IA-001/REPLAY.json,General / shared,729,Pinned collected revision; final designation governed by team receipt | 2fd9fd643bf3e9e98d121dc2e7af1cf1be411ae2,https://codeload.github.com/grandchallenge/MATHSOLVE/zip/2fd9fd643bf3e9e98d121dc2e7af1cf1be411ae2,,contestants/E10/13-archives/E10-grandchallenge-MATHSOLVE-2fd9fd643bf3e9e98d121dc2e7af1cf1be411ae2.zip,MATHSOLVE-2fd9fd643bf3e9e98d121dc2e7af1cf1be411ae2/contributions/OPENMATH-2026/OM26-H4/WP04/lifecycle/OM26-H4-WP04-IA-001/REPLAY.json,,923fdd35,Filename/path inference; editable in the app
347912,contributions/OPENMATH-2026/OM26-H4/WP04/lifecycle/OM26-H4-WP04-IA-001/REPLAY.json,General / shared,729,Latest public revision collected separately; not an author-designated final | adcfa0537f43327f4bb9acfe1692f757fce353c4,https://codeload.github.com/grandchallenge/MATHSOLVE/zip/adcfa0537f43327f4bb9acfe1692f757fce353c4,,contestants/E10/13-archives/E10-grandchallenge-MATHSOLVE-adcfa0537f43327f4bb9acfe1692f757fce353c4.zip,MATHSOLVE-adcfa0537f43327f4bb9acfe1692f757fce353c4/contributions/OPENMATH-2026/OM26-H4/WP04/lifecycle/OM26-H4-WP04-IA-001/REPLAY.json,,923fdd35,Filename/path inference; editable in the app
344877,contributions/OPENMATH-2026/OM26-H4/WP04/receipts/OM26-H4-WP04-IA-001/github-comment-5951254588.json,General / shared,10045,Pinned collected revision; final designation governed by team receipt | 2fd9fd643bf3e9e98d121dc2e7af1cf1be411ae2,https://codeload.github.com/grandchallenge/MATHSOLVE/zip/2fd9fd643bf3e9e98d121dc2e7af1cf1be411ae2,,contestants/E10/13-archives/E10-grandchallenge-MATHSOLVE-2fd9fd643bf3e9e98d121dc2e7af1cf1be411ae2.zip,MATHSOLVE-2fd9fd643bf3e9e98d121dc2e7af1cf1be411ae2/contributions/OPENMATH-2026/OM26-H4/WP04/receipts/OM26-H4-WP04-IA-001/github-comment-5951254588.json,,b434b79b,Filename/path inference; editable in the app
347914,contributions/OPENMATH-2026/OM26-H4/WP04/receipts/OM26-H4-WP04-IA-001/github-comment-5951254588.json,General / shared,10045,Latest public revision collected separately; not an author-designated final | adcfa0537f43327f4bb9acfe1692f757fce353c4,https://codeload.github.com/grandchallenge/MATHSOLVE/zip/adcfa0537f43327f4bb9acfe1692f757fce353c4,,contestants/E10/13-archives/E10-grandchallenge-MATHSOLVE-adcfa0537f43327f4bb9acfe1692f757fce353c4.zip,MATHSOLVE-adcfa0537f43327f4bb9acfe1692f757fce353c4/contributions/OPENMATH-2026/OM26-H4/WP04/receipts/OM26-H4-WP04-IA-001/github-comment-5951254588.json,,b434b79b,Filename/path inference; editable in the app
344878,contributions/OPENMATH-2026/OM26-H4/WP05/dispatches/OM26-H4-WP05-IA-001.json,General / shared,971,Pinned collected revision; final designation governed by team receipt | 2fd9fd643bf3e9e98d121dc2e7af1cf1be411ae2,https://codeload.github.com/grandchallenge/MATHSOLVE/zip/2fd9fd643bf3e9e98d121dc2e7af1cf1be411ae2,,contestants/E10/13-archives/E10-grandchallenge-MATHSOLVE-2fd9fd643bf3e9e98d121dc2e7af1cf1be411ae2.zip,MATHSOLVE-2fd9fd643bf3e9e98d121dc2e7af1cf1be411ae2/contributions/OPENMATH-2026/OM26-H4/WP05/dispatches/OM26-H4-WP05-IA-001.json,,2dbc4c78,Filename/path inference; editable in the app
347915,contributions/OPENMATH-2026/OM26-H4/WP05/dispatches/OM26-H4-WP05-IA-001.json,General / shared,971,Latest public revision collected separately; not an author-designated final | adcfa0537f43327f4bb9acfe1692f757fce353c4,https://codeload.github.com/grandchallenge/MATHSOLVE/zip/adcfa0537f43327f4bb9acfe1692f757fce353c4,,contestants/E10/13-archives/E10-grandchallenge-MATHSOLVE-adcfa0537f43327f4bb9acfe1692f757fce353c4.zip,MATHSOLVE-adcfa0537f43327f4bb9acfe1692f757fce353c4/contributions/OPENMATH-2026/OM26-H4/WP05/dispatches/OM26-H4-WP05-IA-001.json,,2dbc4c78,Filename/path inference; editable in the app
344879,contributions/OPENMATH-2026/OM26-H4/WP05/lifecycle/OM26-H4-WP05-IA-001/ADJUDICATION.json,General / shared,760,Pinned collected revision; final designation governed by team receipt | 2fd9fd643bf3e9e98d121dc2e7af1cf1be411ae2,https://codeload.github.com/grandchallenge/MATHSOLVE/zip/2fd9fd643bf3e9e98d121dc2e7af1cf1be411ae2,,contestants/E10/13-archives/E10-grandchallenge-MATHSOLVE-2fd9fd643bf3e9e98d121dc2e7af1cf1be411ae2.zip,MATHSOLVE-2fd9fd643bf3e9e98d121dc2e7af1cf1be411ae2/contributions/OPENMATH-2026/OM26-H4/WP05/lifecycle/OM26-H4-WP05-IA-001/ADJUDICATION.json,,2f4ffac4,Filename/path inference; editable in the app
347916,contributions/OPENMATH-2026/OM26-H4/WP05/lifecycle/OM26-H4-WP05-IA-001/ADJUDICATION.json,General / shared,760,Latest public revision collected separately; not an author-designated final | adcfa0537f43327f4bb9acfe1692f757fce353c4,https://codeload.github.com/grandchallenge/MATHSOLVE/zip/adcfa0537f43327f4bb9acfe1692f757fce353c4,,contestants/E10/13-archives/E10-grandchallenge-MATHSOLVE-adcfa0537f43327f4bb9acfe1692f757fce353c4.zip,MATHSOLVE-adcfa0537f43327f4bb9acfe1692f757fce353c4/contributions/OPENMATH-2026/OM26-H4/WP05/lifecycle/OM26-H4-WP05-IA-001/ADJUDICATION.json,,2f4ffac4,Filename/path inference; editable in the app
344880,contributions/OPENMATH-2026/OM26-H4/WP05/lifecycle/OM26-H4-WP05-IA-001/MANIFEST.json,General / shared,1857,Pinned collected revision; final designation governed by team receipt | 2fd9fd643bf3e9e98d121dc2e7af1cf1be411ae2,https://codeload.github.com/grandchallenge/MATHSOLVE/zip/2fd9fd643bf3e9e98d121dc2e7af1cf1be411ae2,,contestants/E10/13-archives/E10-grandchallenge-MATHSOLVE-2fd9fd643bf3e9e98d121dc2e7af1cf1be411ae2.zip,MATHSOLVE-2fd9fd643bf3e9e98d121dc2e7af1cf1be411ae2/contributions/OPENMATH-2026/OM26-H4/WP05/lifecycle/OM26-H4-WP05-IA-001/MANIFEST.json,,fb6ae552,Filename/path inference; editable in the app
347917,contributions/OPENMATH-2026/OM26-H4/WP05/lifecycle/OM26-H4-WP05-IA-001/MANIFEST.json,General / shared,1857,Latest public revision collected separately; not an author-designated final | adcfa0537f43327f4bb9acfe1692f757fce353c4,https://codeload.github.com/grandchallenge/MATHSOLVE/zip/adcfa0537f43327f4bb9acfe1692f757fce353c4,,contestants/E10/13-archives/E10-grandchallenge-MATHSOLVE-adcfa0537f43327f4bb9acfe1692f757fce353c4.zip,MATHSOLVE-adcfa0537f43327f4bb9acfe1692f757fce353c4/contributions/OPENMATH-2026/OM26-H4/WP05/lifecycle/OM26-H4-WP05-IA-001/MANIFEST.json,,fb6ae552,Filename/path inference; editable in the app
344881,contributions/OPENMATH-2026/OM26-H4/WP05/lifecycle/OM26-H4-WP05-IA-001/PROGRAMME_PROJECTION.json,General / shared,953,Pinned collected revision; final designation governed by team receipt | 2fd9fd643bf3e9e98d121dc2e7af1cf1be411ae2,https://codeload.github.com/grandchallenge/MATHSOLVE/zip/2fd9fd643bf3e9e98d121dc2e7af1cf1be411ae2,,contestants/E10/13-archives/E10-grandchallenge-MATHSOLVE-2fd9fd643bf3e9e98d121dc2e7af1cf1be411ae2.zip,MATHSOLVE-2fd9fd643bf3e9e98d121dc2e7af1cf1be411ae2/contributions/OPENMATH-2026/OM26-H4/WP05/lifecycle/OM26-H4-WP05-IA-001/PROGRAMME_PROJECTION.json,,0043c0a8,Filename/path inference; editable in the app
347918,contributions/OPENMATH-2026/OM26-H4/WP05/lifecycle/OM26-H4-WP05-IA-001/PROGRAMME_PROJECTION.json,General / shared,953,Latest public revision collected separately; not an author-designated final | adcfa0537f43327f4bb9acfe1692f757fce353c4,https://codeload.github.com/grandchallenge/MATHSOLVE/zip/adcfa0537f43327f4bb9acfe1692f757fce353c4,,contestants/E10/13-archives/E10-grandchallenge-MATHSOLVE-adcfa0537f43327f4bb9acfe1692f757fce353c4.zip,MATHSOLVE-adcfa0537f43327f4bb9acfe1692f757fce353c4/contributions/OPENMATH-2026/OM26-H4/WP05/lifecycle/OM26-H4-WP05-IA-001/PROGRAMME_PROJECTION.json,,0043c0a8,Filename/path inference; editable in the app
344882,contributions/OPENMATH-2026/OM26-H4/WP05/lifecycle/OM26-H4-WP05-IA-001/REPLAY.json,General / shared,729,Pinned collected revision; final designation governed by team receipt | 2fd9fd643bf3e9e98d121dc2e7af1cf1be411ae2,https://codeload.github.com/grandchallenge/MATHSOLVE/zip/2fd9fd643bf3e9e98d121dc2e7af1cf1be411ae2,,contestants/E10/13-archives/E10-grandchallenge-MATHSOLVE-2fd9fd643bf3e9e98d121dc2e7af1cf1be411ae2.zip,MATHSOLVE-2fd9fd643bf3e9e98d121dc2e7af1cf1be411ae2/contributions/OPENMATH-2026/OM26-H4/WP05/lifecycle/OM26-H4-WP05-IA-001/REPLAY.json,,9b2ac709,Filename/path inference; editable in the app
347919,contributions/OPENMATH-2026/OM26-H4/WP05/lifecycle/OM26-H4-WP05-IA-001/REPLAY.json,General / shared,729,Latest public revision collected separately; not an author-designated final | adcfa0537f43327f4bb9acfe1692f757fce353c4,https://codeload.github.com/grandchallenge/MATHSOLVE/zip/adcfa0537f43327f4bb9acfe1692f757fce353c4,,contestants/E10/13-archives/E10-grandchallenge-MATHSOLVE-adcfa0537f43327f4bb9acfe1692f757fce353c4.zip,MATHSOLVE-adcfa0537f43327f4bb9acfe1692f757fce353c4/contributions/OPENMATH-2026/OM26-H4/WP05/lifecycle/OM26-H4-WP05-IA-001/REPLAY.json,,9b2ac709,Filename/path inference; editable in the app
344884,contributions/OPENMATH-2026/OM26-H4/WP05/receipts/OM26-H4-WP05-IA-001/github-comment-5962943119.json,General / shared,10235,Pinned collected revision; final designation governed by team receipt | 2fd9fd643bf3e9e98d121dc2e7af1cf1be411ae2,https://codeload.github.com/grandchallenge/MATHSOLVE/zip/2fd9fd643bf3e9e98d121dc2e7af1cf1be411ae2,,contestants/E10/13-archives/E10-grandchallenge-MATHSOLVE-2fd9fd643bf3e9e98d121dc2e7af1cf1be411ae2.zip,MATHSOLVE-2fd9fd643bf3e9e98d121dc2e7af1cf1be411ae2/contributions/OPENMATH-2026/OM26-H4/WP05/receipts/OM26-H4-WP05-IA-001/github-comment-5962943119.json,,03ed82f1,Filename/path inference; editable in the app
347921,contributions/OPENMATH-2026/OM26-H4/WP05/receipts/OM26-H4-WP05-IA-001/github-comment-5962943119.json,General / shared,10235,Latest public revision collected separately; not an author-designated final | adcfa0537f43327f4bb9acfe1692f757fce353c4,https://codeload.github.com/grandchallenge/MATHSOLVE/zip/adcfa0537f43327f4bb9acfe1692f757fce353c4,,contestants/E10/13-archives/E10-grandchallenge-MATHSOLVE-adcfa0537f43327f4bb9acfe1692f757fce353c4.zip,MATHSOLVE-adcfa0537f43327f4bb9acfe1692f757fce353c4/contributions/OPENMATH-2026/OM26-H4/WP05/receipts/OM26-H4-WP05-IA-001/github-comment-5962943119.json,,03ed82f1,Filename/path inference; editable in the app
344885,contributions/OPENMATH-2026/OM26-H4/WP06/dispatches/OM26-H4-WP06-IA-001.json,General / shared,974,Pinned collected revision; final designation governed by team receipt | 2fd9fd643bf3e9e98d121dc2e7af1cf1be411ae2,https://codeload.github.com/grandchallenge/MATHSOLVE/zip/2fd9fd643bf3e9e98d121dc2e7af1cf1be411ae2,,contestants/E10/13-archives/E10-grandchallenge-MATHSOLVE-2fd9fd643bf3e9e98d121dc2e7af1cf1be411ae2.zip,MATHSOLVE-2fd9fd643bf3e9e98d121dc2e7af1cf1be411ae2/contributions/OPENMATH-2026/OM26-H4/WP06/dispatches/OM26-H4-WP06-IA-001.json,,f6fa45db,Filename/path inference; editable in the app
347922,contributions/OPENMATH-2026/OM26-H4/WP06/dispatches/OM26-H4-WP06-IA-001.json,General / shared,974,Latest public revision collected separately; not an author-designated final | adcfa0537f43327f4bb9acfe1692f757fce353c4,https://codeload.github.com/grandchallenge/MATHSOLVE/zip/adcfa0537f43327f4bb9acfe1692f757fce353c4,,contestants/E10/13-archives/E10-grandchallenge-MATHSOLVE-adcfa0537f43327f4bb9acfe1692f757fce353c4.zip,MATHSOLVE-adcfa0537f43327f4bb9acfe1692f757fce353c4/contributions/OPENMATH-2026/OM26-H4/WP06/dispatches/OM26-H4-WP06-IA-001.json,,f6fa45db,Filename/path inference; editable in the app
344886,contributions/OPENMATH-2026/OM26-H5/WP01/dispatches/OM26-H5-WP01-IA-001.json,General / shared,1261,Pinned collected revision; final designation governed by team receipt | 2fd9fd643bf3e9e98d121dc2e7af1cf1be411ae2,https://codeload.github.com/grandchallenge/MATHSOLVE/zip/2fd9fd643bf3e9e98d121dc2e7af1cf1be411ae2,,contestants/E10/13-archives/E10-grandchallenge-MATHSOLVE-2fd9fd643bf3e9e98d121dc2e7af1cf1be411ae2.zip,MATHSOLVE-2fd9fd643bf3e9e98d121dc2e7af1cf1be411ae2/contributions/OPENMATH-2026/OM26-H5/WP01/dispatches/OM26-H5-WP01-IA-001.json,,a1514af8,Filename/path inference; editable in the app
347923,contributions/OPENMATH-2026/OM26-H5/WP01/dispatches/OM26-H5-WP01-IA-001.json,General / shared,1261,Latest public revision collected separately; not an author-designated final | adcfa0537f43327f4bb9acfe1692f757fce353c4,https://codeload.github.com/grandchallenge/MATHSOLVE/zip/adcfa0537f43327f4bb9acfe1692f757fce353c4,,contestants/E10/13-archives/E10-grandchallenge-MATHSOLVE-adcfa0537f43327f4bb9acfe1692f757fce353c4.zip,MATHSOLVE-adcfa0537f43327f4bb9acfe1692f757fce353c4/contributions/OPENMATH-2026/OM26-H5/WP01/dispatches/OM26-H5-WP01-IA-001.json,,a1514af8,Filename/path inference; editable in the app
344887,contributions/OPENMATH-2026/OM26-H5/WP01/lifecycle/OM26-H5-WP01-IA-001/ADJUDICATION.json,General / shared,760,Pinned collected revision; final designation governed by team receipt | 2fd9fd643bf3e9e98d121dc2e7af1cf1be411ae2,https://codeload.github.com/grandchallenge/MATHSOLVE/zip/2fd9fd643bf3e9e98d121dc2e7af1cf1be411ae2,,contestants/E10/13-archives/E10-grandchallenge-MATHSOLVE-2fd9fd643bf3e9e98d121dc2e7af1cf1be411ae2.zip,MATHSOLVE-2fd9fd643bf3e9e98d121dc2e7af1cf1be411ae2/contributions/OPENMATH-2026/OM26-H5/WP01/lifecycle/OM26-H5-WP01-IA-001/ADJUDICATION.json,,22dc6807,Filename/path inference; editable in the app
347924,contributions/OPENMATH-2026/OM26-H5/WP01/lifecycle/OM26-H5-WP01-IA-001/ADJUDICATION.json,General / shared,760,Latest public revision collected separately; not an author-designated final | adcfa0537f43327f4bb9acfe1692f757fce353c4,https://codeload.github.com/grandchallenge/MATHSOLVE/zip/adcfa0537f43327f4bb9acfe1692f757fce353c4,,contestants/E10/13-archives/E10-grandchallenge-MATHSOLVE-adcfa0537f43327f4bb9acfe1692f757fce353c4.zip,MATHSOLVE-adcfa0537f43327f4bb9acfe1692f757fce353c4/contributions/OPENMATH-2026/OM26-H5/WP01/lifecycle/OM26-H5-WP01-IA-001/ADJUDICATION.json,,22dc6807,Filename/path inference; editable in the app
344888,contributions/OPENMATH-2026/OM26-H5/WP01/lifecycle/OM26-H5-WP01-IA-001/MANIFEST.json,General / shared,1766,Pinned collected revision; final designation governed by team receipt | 2fd9fd643bf3e9e98d121dc2e7af1cf1be411ae2,https://codeload.github.com/grandchallenge/MATHSOLVE/zip/2fd9fd643bf3e9e98d121dc2e7af1cf1be411ae2,,contestants/E10/13-archives/E10-grandchallenge-MATHSOLVE-2fd9fd643bf3e9e98d121dc2e7af1cf1be411ae2.zip,MATHSOLVE-2fd9fd643bf3e9e98d121dc2e7af1cf1be411ae2/contributions/OPENMATH-2026/OM26-H5/WP01/lifecycle/OM26-H5-WP01-IA-001/MANIFEST.json,,26fc21d0,Filename/path inference; editable in the app
347925,contributions/OPENMATH-2026/OM26-H5/WP01/lifecycle/OM26-H5-WP01-IA-001/MANIFEST.json,General / shared,1766,Latest public revision collected separately; not an author-designated final | adcfa0537f43327f4bb9acfe1692f757fce353c4,https://codeload.github.com/grandchallenge/MATHSOLVE/zip/adcfa0537f43327f4bb9acfe1692f757fce353c4,,contestants/E10/13-archives/E10-grandchallenge-MATHSOLVE-adcfa0537f43327f4bb9acfe1692f757fce353c4.zip,MATHSOLVE-adcfa0537f43327f4bb9acfe1692f757fce353c4/contributions/OPENMATH-2026/OM26-H5/WP01/lifecycle/OM26-H5-WP01-IA-001/MANIFEST.json,,26fc21d0,Filename/path inference; editable in the app
344889,contributions/OPENMATH-2026/OM26-H5/WP01/lifecycle/OM26-H5-WP01-IA-001/PROGRAMME_PROJECTION.json,General / shared,903,Pinned collected revision; final designation governed by team receipt | 2fd9fd643bf3e9e98d121dc2e7af1cf1be411ae2,https://codeload.github.com/grandchallenge/MATHSOLVE/zip/2fd9fd643bf3e9e98d121dc2e7af1cf1be411ae2,,contestants/E10/13-archives/E10-grandchallenge-MATHSOLVE-2fd9fd643bf3e9e98d121dc2e7af1cf1be411ae2.zip,MATHSOLVE-2fd9fd643bf3e9e98d121dc2e7af1cf1be411ae2/contributions/OPENMATH-2026/OM26-H5/WP01/lifecycle/OM26-H5-WP01-IA-001/PROGRAMME_PROJECTION.json,,b93463f0,Filename/path inference; editable in the app
347926,contributions/OPENMATH-2026/OM26-H5/WP01/lifecycle/OM26-H5-WP01-IA-001/PROGRAMME_PROJECTION.json,General / shared,903,Latest public revision collected separately; not an author-designated final | adcfa0537f43327f4bb9acfe1692f757fce353c4,https://codeload.github.com/grandchallenge/MATHSOLVE/zip/adcfa0537f43327f4bb9acfe1692f757fce353c4,,contestants/E10/13-archives/E10-grandchallenge-MATHSOLVE-adcfa0537f43327f4bb9acfe1692f757fce353c4.zip,MATHSOLVE-adcfa0537f43327f4bb9acfe1692f757fce353c4/contributions/OPENMATH-2026/OM26-H5/WP01/lifecycle/OM26-H5-WP01-IA-001/PROGRAMME_PROJECTION.json,,b93463f0,Filename/path inference; editable in the app
344890,contributions/OPENMATH-2026/OM26-H5/WP01/lifecycle/OM26-H5-WP01-IA-001/REPLAY.json,General / shared,729,Pinned collected revision; final designation governed by team receipt | 2fd9fd643bf3e9e98d121dc2e7af1cf1be411ae2,https://codeload.github.com/grandchallenge/MATHSOLVE/zip/2fd9fd643bf3e9e98d121dc2e7af1cf1be411ae2,,contestants/E10/13-archives/E10-grandchallenge-MATHSOLVE-2fd9fd643bf3e9e98d121dc2e7af1cf1be411ae2.zip,MATHSOLVE-2fd9fd643bf3e9e98d121dc2e7af1cf1be411ae2/contributions/OPENMATH-2026/OM26-H5/WP01/lifecycle/OM26-H5-WP01-IA-001/REPLAY.json,,74aaf18c,Filename/path inference; editable in the app
347927,contributions/OPENMATH-2026/OM26-H5/WP01/lifecycle/OM26-H5-WP01-IA-001/REPLAY.json,General / shared,729,Latest public revision collected separately; not an author-designated final | adcfa0537f43327f4bb9acfe1692f757fce353c4,https://codeload.github.com/grandchallenge/MATHSOLVE/zip/adcfa0537f43327f4bb9acfe1692f757fce353c4,,contestants/E10/13-archives/E10-grandchallenge-MATHSOLVE-adcfa0537f43327f4bb9acfe1692f757fce353c4.zip,MATHSOLVE-adcfa0537f43327f4bb9acfe1692f757fce353c4/contributions/OPENMATH-2026/OM26-H5/WP01/lifecycle/OM26-H5-WP01-IA-001/REPLAY.json,,74aaf18c,Filename/path inference; editable in the app
344892,contributions/OPENMATH-2026/OM26-H5/WP01/receipts/OM26-H5-WP01-IA-001/github-comment-5921328716.json,General / shared,1561,Pinned collected revision; final designation governed by team receipt | 2fd9fd643bf3e9e98d121dc2e7af1cf1be411ae2,https://codeload.github.com/grandchallenge/MATHSOLVE/zip/2fd9fd643bf3e9e98d121dc2e7af1cf1be411ae2,,contestants/E10/13-archives/E10-grandchallenge-MATHSOLVE-2fd9fd643bf3e9e98d121dc2e7af1cf1be411ae2.zip,MATHSOLVE-2fd9fd643bf3e9e98d121dc2e7af1cf1be411ae2/contributions/OPENMATH-2026/OM26-H5/WP01/receipts/OM26-H5-WP01-IA-001/github-comment-5921328716.json,,8cd8ff08,Filename/path inference; editable in the app
347929,contributions/OPENMATH-2026/OM26-H5/WP01/receipts/OM26-H5-WP01-IA-001/github-comment-5921328716.json,General / shared,1561,Latest public revision collected separately; not an author-designated final | adcfa0537f43327f4bb9acfe1692f757fce353c4,https://codeload.github.com/grandchallenge/MATHSOLVE/zip/adcfa0537f43327f4bb9acfe1692f757fce353c4,,contestants/E10/13-archives/E10-grandchallenge-MATHSOLVE-adcfa0537f43327f4bb9acfe1692f757fce353c4.zip,MATHSOLVE-adcfa0537f43327f4bb9acfe1692f757fce353c4/contributions/OPENMATH-2026/OM26-H5/WP01/receipts/OM26-H5-WP01-IA-001/github-comment-5921328716.json,,8cd8ff08,Filename/path inference; editable in the app
344893,contributions/OPENMATH-2026/OM26-H5/WP02/dispatches/OM26-H5-WP02-IA-001.json,General / shared,932,Pinned collected revision; final designation governed by team receipt | 2fd9fd643bf3e9e98d121dc2e7af1cf1be411ae2,https://codeload.github.com/grandchallenge/MATHSOLVE/zip/2fd9fd643bf3e9e98d121dc2e7af1cf1be411ae2,,contestants/E10/13-archives/E10-grandchallenge-MATHSOLVE-2fd9fd643bf3e9e98d121dc2e7af1cf1be411ae2.zip,MATHSOLVE-2fd9fd643bf3e9e98d121dc2e7af1cf1be411ae2/contributions/OPENMATH-2026/OM26-H5/WP02/dispatches/OM26-H5-WP02-IA-001.json,,9c481f0b,Filename/path inference; editable in the app
347930,contributions/OPENMATH-2026/OM26-H5/WP02/dispatches/OM26-H5-WP02-IA-001.json,General / shared,932,Latest public revision collected separately; not an author-designated final | adcfa0537f43327f4bb9acfe1692f757fce353c4,https://codeload.github.com/grandchallenge/MATHSOLVE/zip/adcfa0537f43327f4bb9acfe1692f757fce353c4,,contestants/E10/13-archives/E10-grandchallenge-MATHSOLVE-adcfa0537f43327f4bb9acfe1692f757fce353c4.zip,MATHSOLVE-adcfa0537f43327f4bb9acfe1692f757fce353c4/contributions/OPENMATH-2026/OM26-H5/WP02/dispatches/OM26-H5-WP02-IA-001.json,,9c481f0b,Filename/path inference; editable in the app
344894,contributions/OPENMATH-2026/OM26-H5/WP03/dispatches/OM26-H5-WP03-IA-001.json,General / shared,964,Pinned collected revision; final designation governed by team receipt | 2fd9fd643bf3e9e98d121dc2e7af1cf1be411ae2,https://codeload.github.com/grandchallenge/MATHSOLVE/zip/2fd9fd643bf3e9e98d121dc2e7af1cf1be411ae2,,contestants/E10/13-archives/E10-grandchallenge-MATHSOLVE-2fd9fd643bf3e9e98d121dc2e7af1cf1be411ae2.zip,MATHSOLVE-2fd9fd643bf3e9e98d121dc2e7af1cf1be411ae2/contributions/OPENMATH-2026/OM26-H5/WP03/dispatches/OM26-H5-WP03-IA-001.json,,4e983d0f,Filename/path inference; editable in the app
347931,contributions/OPENMATH-2026/OM26-H5/WP03/dispatches/OM26-H5-WP03-IA-001.json,General / shared,964,Latest public revision collected separately; not an author-designated final | adcfa0537f43327f4bb9acfe1692f757fce353c4,https://codeload.github.com/grandchallenge/MATHSOLVE/zip/adcfa0537f43327f4bb9acfe1692f757fce353c4,,contestants/E10/13-archives/E10-grandchallenge-MATHSOLVE-adcfa0537f43327f4bb9acfe1692f757fce353c4.zip,MATHSOLVE-adcfa0537f43327f4bb9acfe1692f757fce353c4/contributions/OPENMATH-2026/OM26-H5/WP03/dispatches/OM26-H5-WP03-IA-001.json,,4e983d0f,Filename/path inference; editable in the app
344895,contributions/OPENMATH-2026/OM26-H5/WP03/lifecycle/OM26-H5-WP03-IA-001/ADJUDICATION.json,General / shared,760,Pinned collected revision; final designation governed by team receipt | 2fd9fd643bf3e9e98d121dc2e7af1cf1be411ae2,https://codeload.github.com/grandchallenge/MATHSOLVE/zip/2fd9fd643bf3e9e98d121dc2e7af1cf1be411ae2,,contestants/E10/13-archives/E10-grandchallenge-MATHSOLVE-2fd9fd643bf3e9e98d121dc2e7af1cf1be411ae2.zip,MATHSOLVE-2fd9fd643bf3e9e98d121dc2e7af1cf1be411ae2/contributions/OPENMATH-2026/OM26-H5/WP03/lifecycle/OM26-H5-WP03-IA-001/ADJUDICATION.json,,b6ec93a1,Filename/path inference; editable in the app
347932,contributions/OPENMATH-2026/OM26-H5/WP03/lifecycle/OM26-H5-WP03-IA-001/ADJUDICATION.json,General / shared,760,Latest public revision collected separately; not an author-designated final | adcfa0537f43327f4bb9acfe1692f757fce353c4,https://codeload.github.com/grandchallenge/MATHSOLVE/zip/adcfa0537f43327f4bb9acfe1692f757fce353c4,,contestants/E10/13-archives/E10-grandchallenge-MATHSOLVE-adcfa0537f43327f4bb9acfe1692f757fce353c4.zip,MATHSOLVE-adcfa0537f43327f4bb9acfe1692f757fce353c4/contributions/OPENMATH-2026/OM26-H5/WP03/lifecycle/OM26-H5-WP03-IA-001/ADJUDICATION.json,,b6ec93a1,Filename/path inference; editable in the app
344896,contributions/OPENMATH-2026/OM26-H5/WP03/lifecycle/OM26-H5-WP03-IA-001/MANIFEST.json,General / shared,1857,Pinned collected revision; final designation governed by team receipt | 2fd9fd643bf3e9e98d121dc2e7af1cf1be411ae2,https://codeload.github.com/grandchallenge/MATHSOLVE/zip/2fd9fd643bf3e9e98d121dc2e7af1cf1be411ae2,,contestants/E10/13-archives/E10-grandchallenge-MATHSOLVE-2fd9fd643bf3e9e98d121dc2e7af1cf1be411ae2.zip,MATHSOLVE-2fd9fd643bf3e9e98d121dc2e7af1cf1be411ae2/contributions/OPENMATH-2026/OM26-H5/WP03/lifecycle/OM26-H5-WP03-IA-001/MANIFEST.json,,4a7ab425,Filename/path inference; editable in the app
347933,contributions/OPENMATH-2026/OM26-H5/WP03/lifecycle/OM26-H5-WP03-IA-001/MANIFEST.json,General / shared,1857,Latest public revision collected separately; not an author-designated final | adcfa0537f43327f4bb9acfe1692f757fce353c4,https://codeload.github.com/grandchallenge/MATHSOLVE/zip/adcfa0537f43327f4bb9acfe1692f757fce353c4,,contestants/E10/13-archives/E10-grandchallenge-MATHSOLVE-adcfa0537f43327f4bb9acfe1692f757fce353c4.zip,MATHSOLVE-adcfa0537f43327f4bb9acfe1692f757fce353c4/contributions/OPENMATH-2026/OM26-H5/WP03/lifecycle/OM26-H5-WP03-IA-001/MANIFEST.json,,4a7ab425,Filename/path inference; editable in the app
344897,contributions/OPENMATH-2026/OM26-H5/WP03/lifecycle/OM26-H5-WP03-IA-001/PROGRAMME_PROJECTION.json,General / shared,953,Pinned collected revision; final designation governed by team receipt | 2fd9fd643bf3e9e98d121dc2e7af1cf1be411ae2,https://codeload.github.com/grandchallenge/MATHSOLVE/zip/2fd9fd643bf3e9e98d121dc2e7af1cf1be411ae2,,contestants/E10/13-archives/E10-grandchallenge-MATHSOLVE-2fd9fd643bf3e9e98d121dc2e7af1cf1be411ae2.zip,MATHSOLVE-2fd9fd643bf3e9e98d121dc2e7af1cf1be411ae2/contributions/OPENMATH-2026/OM26-H5/WP03/lifecycle/OM26-H5-WP03-IA-001/PROGRAMME_PROJECTION.json,,238262fa,Filename/path inference; editable in the app
347934,contributions/OPENMATH-2026/OM26-H5/WP03/lifecycle/OM26-H5-WP03-IA-001/PROGRAMME_PROJECTION.json,General / shared,953,Latest public revision collected separately; not an author-designated final | adcfa0537f43327f4bb9acfe1692f757fce353c4,https://codeload.github.com/grandchallenge/MATHSOLVE/zip/adcfa0537f43327f4bb9acfe1692f757fce353c4,,contestants/E10/13-archives/E10-grandchallenge-MATHSOLVE-adcfa0537f43327f4bb9acfe1692f757fce353c4.zip,MATHSOLVE-adcfa0537f43327f4bb9acfe1692f757fce353c4/contributions/OPENMATH-2026/OM26-H5/WP03/lifecycle/OM26-H5-WP03-IA-001/PROGRAMME_PROJECTION.json,,238262fa,Filename/path inference; editable in the app
344898,contributions/OPENMATH-2026/OM26-H5/WP03/lifecycle/OM26-H5-WP03-IA-001/REPLAY.json,General / shared,729,Pinned collected revision; final designation governed by team receipt | 2fd9fd643bf3e9e98d121dc2e7af1cf1be411ae2,https://codeload.github.com/grandchallenge/MATHSOLVE/zip/2fd9fd643bf3e9e98d121dc2e7af1cf1be411ae2,,contestants/E10/13-archives/E10-grandchallenge-MATHSOLVE-2fd9fd643bf3e9e98d121dc2e7af1cf1be411ae2.zip,MATHSOLVE-2fd9fd643bf3e9e98d121dc2e7af1cf1be411ae2/contributions/OPENMATH-2026/OM26-H5/WP03/lifecycle/OM26-H5-WP03-IA-001/REPLAY.json,,6680c5f4,Filename/path inference; editable in the app
347935,contributions/OPENMATH-2026/OM26-H5/WP03/lifecycle/OM26-H5-WP03-IA-001/REPLAY.json,General / shared,729,Latest public revision collected separately; not an author-designated final | adcfa0537f43327f4bb9acfe1692f757fce353c4,https://codeload.github.com/grandchallenge/MATHSOLVE/zip/adcfa0537f43327f4bb9acfe1692f757fce353c4,,contestants/E10/13-archives/E10-grandchallenge-MATHSOLVE-adcfa0537f43327f4bb9acfe1692f757fce353c4.zip,MATHSOLVE-adcfa0537f43327f4bb9acfe1692f757fce353c4/contributions/OPENMATH-2026/OM26-H5/WP03/lifecycle/OM26-H5-WP03-IA-001/REPLAY.json,,6680c5f4,Filename/path inference; editable in the app
344900,contributions/OPENMATH-2026/OM26-H5/WP03/receipts/OM26-H5-WP03-IA-001/github-comment-5942558283.json,General / shared,11824,Pinned collected revision; final designation governed by team receipt | 2fd9fd643bf3e9e98d121dc2e7af1cf1be411ae2,https://codeload.github.com/grandchallenge/MATHSOLVE/zip/2fd9fd643bf3e9e98d121dc2e7af1cf1be411ae2,,contestants/E10/13-archives/E10-grandchallenge-MATHSOLVE-2fd9fd643bf3e9e98d121dc2e7af1cf1be411ae2.zip,MATHSOLVE-2fd9fd643bf3e9e98d121dc2e7af1cf1be411ae2/contributions/OPENMATH-2026/OM26-H5/WP03/receipts/OM26-H5-WP03-IA-001/github-comment-5942558283.json,,201bca17,Filename/path inference; editable in the app
347937,contributions/OPENMATH-2026/OM26-H5/WP03/receipts/OM26-H5-WP03-IA-001/github-comment-5942558283.json,General / shared,11824,Latest public revision collected separately; not an author-designated final | adcfa0537f43327f4bb9acfe1692f757fce353c4,https://codeload.github.com/grandchallenge/MATHSOLVE/zip/adcfa0537f43327f4bb9acfe1692f757fce353c4,,contestants/E10/13-archives/E10-grandchallenge-MATHSOLVE-adcfa0537f43327f4bb9acfe1692f757fce353c4.zip,MATHSOLVE-adcfa0537f43327f4bb9acfe1692f757fce353c4/contributions/OPENMATH-2026/OM26-H5/WP03/receipts/OM26-H5-WP03-IA-001/github-comment-5942558283.json,,201bca17,Filename/path inference; editable in the app
344901,contributions/OPENMATH-2026/OM26-H5/WP04/dispatches/OM26-H5-WP04-IA-001.json,General / shared,974,Pinned collected revision; final designation governed by team receipt | 2fd9fd643bf3e9e98d121dc2e7af1cf1be411ae2,https://codeload.github.com/grandchallenge/MATHSOLVE/zip/2fd9fd643bf3e9e98d121dc2e7af1cf1be411ae2,,contestants/E10/13-archives/E10-grandchallenge-MATHSOLVE-2fd9fd643bf3e9e98d121dc2e7af1cf1be411ae2.zip,MATHSOLVE-2fd9fd643bf3e9e98d121dc2e7af1cf1be411ae2/contributions/OPENMATH-2026/OM26-H5/WP04/dispatches/OM26-H5-WP04-IA-001.json,,3bd17fdb,Filename/path inference; editable in the app
347938,contributions/OPENMATH-2026/OM26-H5/WP04/dispatches/OM26-H5-WP04-IA-001.json,General / shared,974,Latest public revision collected separately; not an author-designated final | adcfa0537f43327f4bb9acfe1692f757fce353c4,https://codeload.github.com/grandchallenge/MATHSOLVE/zip/adcfa0537f43327f4bb9acfe1692f757fce353c4,,contestants/E10/13-archives/E10-grandchallenge-MATHSOLVE-adcfa0537f43327f4bb9acfe1692f757fce353c4.zip,MATHSOLVE-adcfa0537f43327f4bb9acfe1692f757fce353c4/contributions/OPENMATH-2026/OM26-H5/WP04/dispatches/OM26-H5-WP04-IA-001.json,,3bd17fdb,Filename/path inference; editable in the app
344902,contributions/OPENMATH-2026/OM26-H5/WP05/dispatches/OM26-H5-WP05-IA-001.json,General / shared,1057,Pinned collected revision; final designation governed by team receipt | 2fd9fd643bf3e9e98d121dc2e7af1cf1be411ae2,https://codeload.github.com/grandchallenge/MATHSOLVE/zip/2fd9fd643bf3e9e98d121dc2e7af1cf1be411ae2,,contestants/E10/13-archives/E10-grandchallenge-MATHSOLVE-2fd9fd643bf3e9e98d121dc2e7af1cf1be411ae2.zip,MATHSOLVE-2fd9fd643bf3e9e98d121dc2e7af1cf1be411ae2/contributions/OPENMATH-2026/OM26-H5/WP05/dispatches/OM26-H5-WP05-IA-001.json,,a314788f,Filename/path inference; editable in the app
347939,contributions/OPENMATH-2026/OM26-H5/WP05/dispatches/OM26-H5-WP05-IA-001.json,General / shared,1057,Latest public revision collected separately; not an author-designated final | adcfa0537f43327f4bb9acfe1692f757fce353c4,https://codeload.github.com/grandchallenge/MATHSOLVE/zip/adcfa0537f43327f4bb9acfe1692f757fce353c4,,contestants/E10/13-archives/E10-grandchallenge-MATHSOLVE-adcfa0537f43327f4bb9acfe1692f757fce353c4.zip,MATHSOLVE-adcfa0537f43327f4bb9acfe1692f757fce353c4/contributions/OPENMATH-2026/OM26-H5/WP05/dispatches/OM26-H5-WP05-IA-001.json,,a314788f,Filename/path inference; editable in the app
344903,contributions/OPENMATH-2026/OM26-H5/WP05/lifecycle/OM26-H5-WP05-IA-001/ADJUDICATION.json,General / shared,760,Pinned collected revision; final designation governed by team receipt | 2fd9fd643bf3e9e98d121dc2e7af1cf1be411ae2,https://codeload.github.com/grandchallenge/MATHSOLVE/zip/2fd9fd643bf3e9e98d121dc2e7af1cf1be411ae2,,contestants/E10/13-archives/E10-grandchallenge-MATHSOLVE-2fd9fd643bf3e9e98d121dc2e7af1cf1be411ae2.zip,MATHSOLVE-2fd9fd643bf3e9e98d121dc2e7af1cf1be411ae2/contributions/OPENMATH-2026/OM26-H5/WP05/lifecycle/OM26-H5-WP05-IA-001/ADJUDICATION.json,,27751be3,Filename/path inference; editable in the app
347940,contributions/OPENMATH-2026/OM26-H5/WP05/lifecycle/OM26-H5-WP05-IA-001/ADJUDICATION.json,General / shared,760,Latest public revision collected separately; not an author-designated final | adcfa0537f43327f4bb9acfe1692f757fce353c4,https://codeload.github.com/grandchallenge/MATHSOLVE/zip/adcfa0537f43327f4bb9acfe1692f757fce353c4,,contestants/E10/13-archives/E10-grandchallenge-MATHSOLVE-adcfa0537f43327f4bb9acfe1692f757fce353c4.zip,MATHSOLVE-adcfa0537f43327f4bb9acfe1692f757fce353c4/contributions/OPENMATH-2026/OM26-H5/WP05/lifecycle/OM26-H5-WP05-IA-001/ADJUDICATION.json,,27751be3,Filename/path inference; editable in the app
344904,contributions/OPENMATH-2026/OM26-H5/WP05/lifecycle/OM26-H5-WP05-IA-001/MANIFEST.json,General / shared,1857,Pinned collected revision; final designation governed by team receipt | 2fd9fd643bf3e9e98d121dc2e7af1cf1be411ae2,https://codeload.github.com/grandchallenge/MATHSOLVE/zip/2fd9fd643bf3e9e98d121dc2e7af1cf1be411ae2,,contestants/E10/13-archives/E10-grandchallenge-MATHSOLVE-2fd9fd643bf3e9e98d121dc2e7af1cf1be411ae2.zip,MATHSOLVE-2fd9fd643bf3e9e98d121dc2e7af1cf1be411ae2/contributions/OPENMATH-2026/OM26-H5/WP05/lifecycle/OM26-H5-WP05-IA-001/MANIFEST.json,,df7ab0bd,Filename/path inference; editable in the app
347941,contributions/OPENMATH-2026/OM26-H5/WP05/lifecycle/OM26-H5-WP05-IA-001/MANIFEST.json,General / shared,1857,Latest public revision collected separately; not an author-designated final | adcfa0537f43327f4bb9acfe1692f757fce353c4,https://codeload.github.com/grandchallenge/MATHSOLVE/zip/adcfa0537f43327f4bb9acfe1692f757fce353c4,,contestants/E10/13-archives/E10-grandchallenge-MATHSOLVE-adcfa0537f43327f4bb9acfe1692f757fce353c4.zip,MATHSOLVE-adcfa0537f43327f4bb9acfe1692f757fce353c4/contributions/OPENMATH-2026/OM26-H5/WP05/lifecycle/OM26-H5-WP05-IA-001/MANIFEST.json,,df7ab0bd,Filename/path inference; editable in the app
344905,contributions/OPENMATH-2026/OM26-H5/WP05/lifecycle/OM26-H5-WP05-IA-001/PROGRAMME_PROJECTION.json,General / shared,953,Pinned collected revision; final designation governed by team receipt | 2fd9fd643bf3e9e98d121dc2e7af1cf1be411ae2,https://codeload.github.com/grandchallenge/MATHSOLVE/zip/2fd9fd643bf3e9e98d121dc2e7af1cf1be411ae2,,contestants/E10/13-archives/E10-grandchallenge-MATHSOLVE-2fd9fd643bf3e9e98d121dc2e7af1cf1be411ae2.zip,MATHSOLVE-2fd9fd643bf3e9e98d121dc2e7af1cf1be411ae2/contributions/OPENMATH-2026/OM26-H5/WP05/lifecycle/OM26-H5-WP05-IA-001/PROGRAMME_PROJECTION.json,,5b5db012,Filename/path inference; editable in the app
347942,contributions/OPENMATH-2026/OM26-H5/WP05/lifecycle/OM26-H5-WP05-IA-001/PROGRAMME_PROJECTION.json,General / shared,953,Latest public revision collected separately; not an author-designated final | adcfa0537f43327f4bb9acfe1692f757fce353c4,https://codeload.github.com/grandchallenge/MATHSOLVE/zip/adcfa0537f43327f4bb9acfe1692f757fce353c4,,contestants/E10/13-archives/E10-grandchallenge-MATHSOLVE-adcfa0537f43327f4bb9acfe1692f757fce353c4.zip,MATHSOLVE-adcfa0537f43327f4bb9acfe1692f757fce353c4/contributions/OPENMATH-2026/OM26-H5/WP05/lifecycle/OM26-H5-WP05-IA-001/PROGRAMME_PROJECTION.json,,5b5db012,Filename/path inference; editable in the app
344906,contributions/OPENMATH-2026/OM26-H5/WP05/lifecycle/OM26-H5-WP05-IA-001/REPLAY.json,General / shared,729,Pinned collected revision; final designation governed by team receipt | 2fd9fd643bf3e9e98d121dc2e7af1cf1be411ae2,https://codeload.github.com/grandchallenge/MATHSOLVE/zip/2fd9fd643bf3e9e98d121dc2e7af1cf1be411ae2,,contestants/E10/13-archives/E10-grandchallenge-MATHSOLVE-2fd9fd643bf3e9e98d121dc2e7af1cf1be411ae2.zip,MATHSOLVE-2fd9fd643bf3e9e98d121dc2e7af1cf1be411ae2/contributions/OPENMATH-2026/OM26-H5/WP05/lifecycle/OM26-H5-WP05-IA-001/REPLAY.json,,50fe997c,Filename/path inference; editable in the app
347943,contributions/OPENMATH-2026/OM26-H5/WP05/lifecycle/OM26-H5-WP05-IA-001/REPLAY.json,General / shared,729,Latest public revision collected separately; not an author-designated final | adcfa0537f43327f4bb9acfe1692f757fce353c4,https://codeload.github.com/grandchallenge/MATHSOLVE/zip/adcfa0537f43327f4bb9acfe1692f757fce353c4,,contestants/E10/13-archives/E10-grandchallenge-MATHSOLVE-adcfa0537f43327f4bb9acfe1692f757fce353c4.zip,MATHSOLVE-adcfa0537f43327f4bb9acfe1692f757fce353c4/contributions/OPENMATH-2026/OM26-H5/WP05/lifecycle/OM26-H5-WP05-IA-001/REPLAY.json,,50fe997c,Filename/path inference; editable in the app
344908,contributions/OPENMATH-2026/OM26-H5/WP05/receipts/OM26-H5-WP05-IA-001/github-comment-5962949396.json,General / shared,8617,Pinned collected revision; final designation governed by team receipt | 2fd9fd643bf3e9e98d121dc2e7af1cf1be411ae2,https://codeload.github.com/grandchallenge/MATHSOLVE/zip/2fd9fd643bf3e9e98d121dc2e7af1cf1be411ae2,,contestants/E10/13-archives/E10-grandchallenge-MATHSOLVE-2fd9fd643bf3e9e98d121dc2e7af1cf1be411ae2.zip,MATHSOLVE-2fd9fd643bf3e9e98d121dc2e7af1cf1be411ae2/contributions/OPENMATH-2026/OM26-H5/WP05/receipts/OM26-H5-WP05-IA-001/github-comment-5962949396.json,,c7b06346,Filename/path inference; editable in the app
347945,contributions/OPENMATH-2026/OM26-H5/WP05/receipts/OM26-H5-WP05-IA-001/github-comment-5962949396.json,General / shared,8617,Latest public revision collected separately; not an author-designated final | adcfa0537f43327f4bb9acfe1692f757fce353c4,https://codeload.github.com/grandchallenge/MATHSOLVE/zip/adcfa0537f43327f4bb9acfe1692f757fce353c4,,contestants/E10/13-archives/E10-grandchallenge-MATHSOLVE-adcfa0537f43327f4bb9acfe1692f757fce353c4.zip,MATHSOLVE-adcfa0537f43327f4bb9acfe1692f757fce353c4/contributions/OPENMATH-2026/OM26-H5/WP05/receipts/OM26-H5-WP05-IA-001/github-comment-5962949396.json,,c7b06346,Filename/path inference; editable in the app
344909,contributions/OPENMATH-2026/OM26-H5/WP06/dispatches/OM26-H5-WP06-IA-001.json,General / shared,974,Pinned collected revision; final designation governed by team receipt | 2fd9fd643bf3e9e98d121dc2e7af1cf1be411ae2,https://codeload.github.com/grandchallenge/MATHSOLVE/zip/2fd9fd643bf3e9e98d121dc2e7af1cf1be411ae2,,contestants/E10/13-archives/E10-grandchallenge-MATHSOLVE-2fd9fd643bf3e9e98d121dc2e7af1cf1be411ae2.zip,MATHSOLVE-2fd9fd643bf3e9e98d121dc2e7af1cf1be411ae2/contributions/OPENMATH-2026/OM26-H5/WP06/dispatches/OM26-H5-WP06-IA-001.json,,19419132,Filename/path inference; editable in the app
347946,contributions/OPENMATH-2026/OM26-H5/WP06/dispatches/OM26-H5-WP06-IA-001.json,General / shared,974,Latest public revision collected separately; not an author-designated final | adcfa0537f43327f4bb9acfe1692f757fce353c4,https://codeload.github.com/grandchallenge/MATHSOLVE/zip/adcfa0537f43327f4bb9acfe1692f757fce353c4,,contestants/E10/13-archives/E10-grandchallenge-MATHSOLVE-adcfa0537f43327f4bb9acfe1692f757fce353c4.zip,MATHSOLVE-adcfa0537f43327f4bb9acfe1692f757fce353c4/contributions/OPENMATH-2026/OM26-H5/WP06/dispatches/OM26-H5-WP06-IA-001.json,,19419132,Filename/path inference; editable in the app
344910,contributions/OPENMATH-2026/OM26-H6/WP01/dispatches/OM26-H6-WP01-IA-001.json,General / shared,1251,Pinned collected revision; final designation governed by team receipt | 2fd9fd643bf3e9e98d121dc2e7af1cf1be411ae2,https://codeload.github.com/grandchallenge/MATHSOLVE/zip/2fd9fd643bf3e9e98d121dc2e7af1cf1be411ae2,,contestants/E10/13-archives/E10-grandchallenge-MATHSOLVE-2fd9fd643bf3e9e98d121dc2e7af1cf1be411ae2.zip,MATHSOLVE-2fd9fd643bf3e9e98d121dc2e7af1cf1be411ae2/contributions/OPENMATH-2026/OM26-H6/WP01/dispatches/OM26-H6-WP01-IA-001.json,,9af229b7,Filename/path inference; editable in the app
347947,contributions/OPENMATH-2026/OM26-H6/WP01/dispatches/OM26-H6-WP01-IA-001.json,General / shared,1251,Latest public revision collected separately; not an author-designated final | adcfa0537f43327f4bb9acfe1692f757fce353c4,https://codeload.github.com/grandchallenge/MATHSOLVE/zip/adcfa0537f43327f4bb9acfe1692f757fce353c4,,contestants/E10/13-archives/E10-grandchallenge-MATHSOLVE-adcfa0537f43327f4bb9acfe1692f757fce353c4.zip,MATHSOLVE-adcfa0537f43327f4bb9acfe1692f757fce353c4/contributions/OPENMATH-2026/OM26-H6/WP01/dispatches/OM26-H6-WP01-IA-001.json,,9af229b7,Filename/path inference; editable in the app
344911,contributions/OPENMATH-2026/OM26-H6/WP01/lifecycle/OM26-H6-WP01-IA-001/ADJUDICATION.json,General / shared,760,Pinned collected revision; final designation governed by team receipt | 2fd9fd643bf3e9e98d121dc2e7af1cf1be411ae2,https://codeload.github.com/grandchallenge/MATHSOLVE/zip/2fd9fd643bf3e9e98d121dc2e7af1cf1be411ae2,,contestants/E10/13-archives/E10-grandchallenge-MATHSOLVE-2fd9fd643bf3e9e98d121dc2e7af1cf1be411ae2.zip,MATHSOLVE-2fd9fd643bf3e9e98d121dc2e7af1cf1be411ae2/contributions/OPENMATH-2026/OM26-H6/WP01/lifecycle/OM26-H6-WP01-IA-001/ADJUDICATION.json,,042ae428,Filename/path inference; editable in the app
347948,contributions/OPENMATH-2026/OM26-H6/WP01/lifecycle/OM26-H6-WP01-IA-001/ADJUDICATION.json,General / shared,760,Latest public revision collected separately; not an author-designated final | adcfa0537f43327f4bb9acfe1692f757fce353c4,https://codeload.github.com/grandchallenge/MATHSOLVE/zip/adcfa0537f43327f4bb9acfe1692f757fce353c4,,contestants/E10/13-archives/E10-grandchallenge-MATHSOLVE-adcfa0537f43327f4bb9acfe1692f757fce353c4.zip,MATHSOLVE-adcfa0537f43327f4bb9acfe1692f757fce353c4/contributions/OPENMATH-2026/OM26-H6/WP01/lifecycle/OM26-H6-WP01-IA-001/ADJUDICATION.json,,042ae428,Filename/path inference; editable in the app
344912,contributions/OPENMATH-2026/OM26-H6/WP01/lifecycle/OM26-H6-WP01-IA-001/LEGACY_SOURCE.json,General / shared,703,Pinned collected revision; final designation governed by team receipt | 2fd9fd643bf3e9e98d121dc2e7af1cf1be411ae2,https://codeload.github.com/grandchallenge/MATHSOLVE/zip/2fd9fd643bf3e9e98d121dc2e7af1cf1be411ae2,,contestants/E10/13-archives/E10-grandchallenge-MATHSOLVE-2fd9fd643bf3e9e98d121dc2e7af1cf1be411ae2.zip,MATHSOLVE-2fd9fd643bf3e9e98d121dc2e7af1cf1be411ae2/contributions/OPENMATH-2026/OM26-H6/WP01/lifecycle/OM26-H6-WP01-IA-001/LEGACY_SOURCE.json,,30e960c9,Filename/path inference; editable in the app
347949,contributions/OPENMATH-2026/OM26-H6/WP01/lifecycle/OM26-H6-WP01-IA-001/LEGACY_SOURCE.json,General / shared,703,Latest public revision collected separately; not an author-designated final | adcfa0537f43327f4bb9acfe1692f757fce353c4,https://codeload.github.com/grandchallenge/MATHSOLVE/zip/adcfa0537f43327f4bb9acfe1692f757fce353c4,,contestants/E10/13-archives/E10-grandchallenge-MATHSOLVE-adcfa0537f43327f4bb9acfe1692f757fce353c4.zip,MATHSOLVE-adcfa0537f43327f4bb9acfe1692f757fce353c4/contributions/OPENMATH-2026/OM26-H6/WP01/lifecycle/OM26-H6-WP01-IA-001/LEGACY_SOURCE.json,,30e960c9,Filename/path inference; editable in the app
344913,contributions/OPENMATH-2026/OM26-H6/WP01/lifecycle/OM26-H6-WP01-IA-001/MANIFEST.json,General / shared,1984,Pinned collected revision; final designation governed by team receipt | 2fd9fd643bf3e9e98d121dc2e7af1cf1be411ae2,https://codeload.github.com/grandchallenge/MATHSOLVE/zip/2fd9fd643bf3e9e98d121dc2e7af1cf1be411ae2,,contestants/E10/13-archives/E10-grandchallenge-MATHSOLVE-2fd9fd643bf3e9e98d121dc2e7af1cf1be411ae2.zip,MATHSOLVE-2fd9fd643bf3e9e98d121dc2e7af1cf1be411ae2/contributions/OPENMATH-2026/OM26-H6/WP01/lifecycle/OM26-H6-WP01-IA-001/MANIFEST.json,,ffceae68,Filename/path inference; editable in the app
347950,contributions/OPENMATH-2026/OM26-H6/WP01/lifecycle/OM26-H6-WP01-IA-001/MANIFEST.json,General / shared,1984,Latest public revision collected separately; not an author-designated final | adcfa0537f43327f4bb9acfe1692f757fce353c4,https://codeload.github.com/grandchallenge/MATHSOLVE/zip/adcfa0537f43327f4bb9acfe1692f757fce353c4,,contestants/E10/13-archives/E10-grandchallenge-MATHSOLVE-adcfa0537f43327f4bb9acfe1692f757fce353c4.zip,MATHSOLVE-adcfa0537f43327f4bb9acfe1692f757fce353c4/contributions/OPENMATH-2026/OM26-H6/WP01/lifecycle/OM26-H6-WP01-IA-001/MANIFEST.json,,ffceae68,Filename/path inference; editable in the app
344914,contributions/OPENMATH-2026/OM26-H6/WP01/lifecycle/OM26-H6-WP01-IA-001/PROGRAMME_PROJECTION.json,General / shared,902,Pinned collected revision; final designation governed by team receipt | 2fd9fd643bf3e9e98d121dc2e7af1cf1be411ae2,https://codeload.github.com/grandchallenge/MATHSOLVE/zip/2fd9fd643bf3e9e98d121dc2e7af1cf1be411ae2,,contestants/E10/13-archives/E10-grandchallenge-MATHSOLVE-2fd9fd643bf3e9e98d121dc2e7af1cf1be411ae2.zip,MATHSOLVE-2fd9fd643bf3e9e98d121dc2e7af1cf1be411ae2/contributions/OPENMATH-2026/OM26-H6/WP01/lifecycle/OM26-H6-WP01-IA-001/PROGRAMME_PROJECTION.json,,51cd5b46,Filename/path inference; editable in the app
347951,contributions/OPENMATH-2026/OM26-H6/WP01/lifecycle/OM26-H6-WP01-IA-001/PROGRAMME_PROJECTION.json,General / shared,902,Latest public revision collected separately; not an author-designated final | adcfa0537f43327f4bb9acfe1692f757fce353c4,https://codeload.github.com/grandchallenge/MATHSOLVE/zip/adcfa0537f43327f4bb9acfe1692f757fce353c4,,contestants/E10/13-archives/E10-grandchallenge-MATHSOLVE-adcfa0537f43327f4bb9acfe1692f757fce353c4.zip,MATHSOLVE-adcfa0537f43327f4bb9acfe1692f757fce353c4/contributions/OPENMATH-2026/OM26-H6/WP01/lifecycle/OM26-H6-WP01-IA-001/PROGRAMME_PROJECTION.json,,51cd5b46,Filename/path inference; editable in the app
344915,contributions/OPENMATH-2026/OM26-H6/WP01/lifecycle/OM26-H6-WP01-IA-001/REPLAY.json,General / shared,729,Pinned collected revision; final designation governed by team receipt | 2fd9fd643bf3e9e98d121dc2e7af1cf1be411ae2,https://codeload.github.com/grandchallenge/MATHSOLVE/zip/2fd9fd643bf3e9e98d121dc2e7af1cf1be411ae2,,contestants/E10/13-archives/E10-grandchallenge-MATHSOLVE-2fd9fd643bf3e9e98d121dc2e7af1cf1be411ae2.zip,MATHSOLVE-2fd9fd643bf3e9e98d121dc2e7af1cf1be411ae2/contributions/OPENMATH-2026/OM26-H6/WP01/lifecycle/OM26-H6-WP01-IA-001/REPLAY.json,,f3a71552,Filename/path inference; editable in the app
347952,contributions/OPENMATH-2026/OM26-H6/WP01/lifecycle/OM26-H6-WP01-IA-001/REPLAY.json,General / shared,729,Latest public revision collected separately; not an author-designated final | adcfa0537f43327f4bb9acfe1692f757fce353c4,https://codeload.github.com/grandchallenge/MATHSOLVE/zip/adcfa0537f43327f4bb9acfe1692f757fce353c4,,contestants/E10/13-archives/E10-grandchallenge-MATHSOLVE-adcfa0537f43327f4bb9acfe1692f757fce353c4.zip,MATHSOLVE-adcfa0537f43327f4bb9acfe1692f757fce353c4/contributions/OPENMATH-2026/OM26-H6/WP01/lifecycle/OM26-H6-WP01-IA-001/REPLAY.json,,f3a71552,Filename/path inference; editable in the app
344917,contributions/OPENMATH-2026/OM26-H6/WP01/receipts/OM26-H6-WP01-IA-001/github-comment-5886999388.json,General / shared,1561,Pinned collected revision; final designation governed by team receipt | 2fd9fd643bf3e9e98d121dc2e7af1cf1be411ae2,https://codeload.github.com/grandchallenge/MATHSOLVE/zip/2fd9fd643bf3e9e98d121dc2e7af1cf1be411ae2,,contestants/E10/13-archives/E10-grandchallenge-MATHSOLVE-2fd9fd643bf3e9e98d121dc2e7af1cf1be411ae2.zip,MATHSOLVE-2fd9fd643bf3e9e98d121dc2e7af1cf1be411ae2/contributions/OPENMATH-2026/OM26-H6/WP01/receipts/OM26-H6-WP01-IA-001/github-comment-5886999388.json,,41d0c5e7,Filename/path inference; editable in the app
347954,contributions/OPENMATH-2026/OM26-H6/WP01/receipts/OM26-H6-WP01-IA-001/github-comment-5886999388.json,General / shared,1561,Latest public revision collected separately; not an author-designated final | adcfa0537f43327f4bb9acfe1692f757fce353c4,https://codeload.github.com/grandchallenge/MATHSOLVE/zip/adcfa0537f43327f4bb9acfe1692f757fce353c4,,contestants/E10/13-archives/E10-grandchallenge-MATHSOLVE-adcfa0537f43327f4bb9acfe1692f757fce353c4.zip,MATHSOLVE-adcfa0537f43327f4bb9acfe1692f757fce353c4/contributions/OPENMATH-2026/OM26-H6/WP01/receipts/OM26-H6-WP01-IA-001/github-comment-5886999388.json,,41d0c5e7,Filename/path inference; editable in the app
344918,contributions/OPENMATH-2026/OM26-H6/WP02/dispatches/OM26-H6-WP02-IA-001.json,General / shared,938,Pinned collected revision; final designation governed by team receipt | 2fd9fd643bf3e9e98d121dc2e7af1cf1be411ae2,https://codeload.github.com/grandchallenge/MATHSOLVE/zip/2fd9fd643bf3e9e98d121dc2e7af1cf1be411ae2,,contestants/E10/13-archives/E10-grandchallenge-MATHSOLVE-2fd9fd643bf3e9e98d121dc2e7af1cf1be411ae2.zip,MATHSOLVE-2fd9fd643bf3e9e98d121dc2e7af1cf1be411ae2/contributions/OPENMATH-2026/OM26-H6/WP02/dispatches/OM26-H6-WP02-IA-001.json,,99502e69,Filename/path inference; editable in the app
347955,contributions/OPENMATH-2026/OM26-H6/WP02/dispatches/OM26-H6-WP02-IA-001.json,General / shared,938,Latest public revision collected separately; not an author-designated final | adcfa0537f43327f4bb9acfe1692f757fce353c4,https://codeload.github.com/grandchallenge/MATHSOLVE/zip/adcfa0537f43327f4bb9acfe1692f757fce353c4,,contestants/E10/13-archives/E10-grandchallenge-MATHSOLVE-adcfa0537f43327f4bb9acfe1692f757fce353c4.zip,MATHSOLVE-adcfa0537f43327f4bb9acfe1692f757fce353c4/contributions/OPENMATH-2026/OM26-H6/WP02/dispatches/OM26-H6-WP02-IA-001.json,,99502e69,Filename/path inference; editable in the app
344919,contributions/OPENMATH-2026/OM26-H6/WP02/lifecycle/OM26-H6-WP02-IA-001/ADJUDICATION.json,General / shared,760,Pinned collected revision; final designation governed by team receipt | 2fd9fd643bf3e9e98d121dc2e7af1cf1be411ae2,https://codeload.github.com/grandchallenge/MATHSOLVE/zip/2fd9fd643bf3e9e98d121dc2e7af1cf1be411ae2,,contestants/E10/13-archives/E10-grandchallenge-MATHSOLVE-2fd9fd643bf3e9e98d121dc2e7af1cf1be411ae2.zip,MATHSOLVE-2fd9fd643bf3e9e98d121dc2e7af1cf1be411ae2/contributions/OPENMATH-2026/OM26-H6/WP02/lifecycle/OM26-H6-WP02-IA-001/ADJUDICATION.json,,4cdd4f8c,Filename/path inference; editable in the app
347956,contributions/OPENMATH-2026/OM26-H6/WP02/lifecycle/OM26-H6-WP02-IA-001/ADJUDICATION.json,General / shared,760,Latest public revision collected separately; not an author-designated final | adcfa0537f43327f4bb9acfe1692f757fce353c4,https://codeload.github.com/grandchallenge/MATHSOLVE/zip/adcfa0537f43327f4bb9acfe1692f757fce353c4,,contestants/E10/13-archives/E10-grandchallenge-MATHSOLVE-adcfa0537f43327f4bb9acfe1692f757fce353c4.zip,MATHSOLVE-adcfa0537f43327f4bb9acfe1692f757fce353c4/contributions/OPENMATH-2026/OM26-H6/WP02/lifecycle/OM26-H6-WP02-IA-001/ADJUDICATION.json,,4cdd4f8c,Filename/path inference; editable in the app
344920,contributions/OPENMATH-2026/OM26-H6/WP02/lifecycle/OM26-H6-WP02-IA-001/MANIFEST.json,General / shared,1766,Pinned collected revision; final designation governed by team receipt | 2fd9fd643bf3e9e98d121dc2e7af1cf1be411ae2,https://codeload.github.com/grandchallenge/MATHSOLVE/zip/2fd9fd643bf3e9e98d121dc2e7af1cf1be411ae2,,contestants/E10/13-archives/E10-grandchallenge-MATHSOLVE-2fd9fd643bf3e9e98d121dc2e7af1cf1be411ae2.zip,MATHSOLVE-2fd9fd643bf3e9e98d121dc2e7af1cf1be411ae2/contributions/OPENMATH-2026/OM26-H6/WP02/lifecycle/OM26-H6-WP02-IA-001/MANIFEST.json,,8c45f53d,Filename/path inference; editable in the app
347957,contributions/OPENMATH-2026/OM26-H6/WP02/lifecycle/OM26-H6-WP02-IA-001/MANIFEST.json,General / shared,1766,Latest public revision collected separately; not an author-designated final | adcfa0537f43327f4bb9acfe1692f757fce353c4,https://codeload.github.com/grandchallenge/MATHSOLVE/zip/adcfa0537f43327f4bb9acfe1692f757fce353c4,,contestants/E10/13-archives/E10-grandchallenge-MATHSOLVE-adcfa0537f43327f4bb9acfe1692f757fce353c4.zip,MATHSOLVE-adcfa0537f43327f4bb9acfe1692f757fce353c4/contributions/OPENMATH-2026/OM26-H6/WP02/lifecycle/OM26-H6-WP02-IA-001/MANIFEST.json,,8c45f53d,Filename/path inference; editable in the app
344921,contributions/OPENMATH-2026/OM26-H6/WP02/lifecycle/OM26-H6-WP02-IA-001/PROGRAMME_PROJECTION.json,General / shared,902,Pinned collected revision; final designation governed by team receipt | 2fd9fd643bf3e9e98d121dc2e7af1cf1be411ae2,https://codeload.github.com/grandchallenge/MATHSOLVE/zip/2fd9fd643bf3e9e98d121dc2e7af1cf1be411ae2,,contestants/E10/13-archives/E10-grandchallenge-MATHSOLVE-2fd9fd643bf3e9e98d121dc2e7af1cf1be411ae2.zip,MATHSOLVE-2fd9fd643bf3e9e98d121dc2e7af1cf1be411ae2/contributions/OPENMATH-2026/OM26-H6/WP02/lifecycle/OM26-H6-WP02-IA-001/PROGRAMME_PROJECTION.json,,bfb2c49d,Filename/path inference; editable in the app
347958,contributions/OPENMATH-2026/OM26-H6/WP02/lifecycle/OM26-H6-WP02-IA-001/PROGRAMME_PROJECTION.json,General / shared,902,Latest public revision collected separately; not an author-designated final | adcfa0537f43327f4bb9acfe1692f757fce353c4,https://codeload.github.com/grandchallenge/MATHSOLVE/zip/adcfa0537f43327f4bb9acfe1692f757fce353c4,,contestants/E10/13-archives/E10-grandchallenge-MATHSOLVE-adcfa0537f43327f4bb9acfe1692f757fce353c4.zip,MATHSOLVE-adcfa0537f43327f4bb9acfe1692f757fce353c4/contributions/OPENMATH-2026/OM26-H6/WP02/lifecycle/OM26-H6-WP02-IA-001/PROGRAMME_PROJECTION.json,,bfb2c49d,Filename/path inference; editable in the app
344922,contributions/OPENMATH-2026/OM26-H6/WP02/lifecycle/OM26-H6-WP02-IA-001/REPLAY.json,General / shared,729,Pinned collected revision; final designation governed by team receipt | 2fd9fd643bf3e9e98d121dc2e7af1cf1be411ae2,https://codeload.github.com/grandchallenge/MATHSOLVE/zip/2fd9fd643bf3e9e98d121dc2e7af1cf1be411ae2,,contestants/E10/13-archives/E10-grandchallenge-MATHSOLVE-2fd9fd643bf3e9e98d121dc2e7af1cf1be411ae2.zip,MATHSOLVE-2fd9fd643bf3e9e98d121dc2e7af1cf1be411ae2/contributions/OPENMATH-2026/OM26-H6/WP02/lifecycle/OM26-H6-WP02-IA-001/REPLAY.json,,e8983b16,Filename/path inference; editable in the app
347959,contributions/OPENMATH-2026/OM26-H6/WP02/lifecycle/OM26-H6-WP02-IA-001/REPLAY.json,General / shared,729,Latest public revision collected separately; not an author-designated final | adcfa0537f43327f4bb9acfe1692f757fce353c4,https://codeload.github.com/grandchallenge/MATHSOLVE/zip/adcfa0537f43327f4bb9acfe1692f757fce353c4,,contestants/E10/13-archives/E10-grandchallenge-MATHSOLVE-adcfa0537f43327f4bb9acfe1692f757fce353c4.zip,MATHSOLVE-adcfa0537f43327f4bb9acfe1692f757fce353c4/contributions/OPENMATH-2026/OM26-H6/WP02/lifecycle/OM26-H6-WP02-IA-001/REPLAY.json,,e8983b16,Filename/path inference; editable in the app
344924,contributions/OPENMATH-2026/OM26-H6/WP02/receipts/OM26-H6-WP02-IA-001/github-comment-5921276527.json,General / shared,1566,Pinned collected revision; final designation governed by team receipt | 2fd9fd643bf3e9e98d121dc2e7af1cf1be411ae2,https://codeload.github.com/grandchallenge/MATHSOLVE/zip/2fd9fd643bf3e9e98d121dc2e7af1cf1be411ae2,,contestants/E10/13-archives/E10-grandchallenge-MATHSOLVE-2fd9fd643bf3e9e98d121dc2e7af1cf1be411ae2.zip,MATHSOLVE-2fd9fd643bf3e9e98d121dc2e7af1cf1be411ae2/contributions/OPENMATH-2026/OM26-H6/WP02/receipts/OM26-H6-WP02-IA-001/github-comment-5921276527.json,,f2e6d2ab,Filename/path inference; editable in the app
347961,contributions/OPENMATH-2026/OM26-H6/WP02/receipts/OM26-H6-WP02-IA-001/github-comment-5921276527.json,General / shared,1566,Latest public revision collected separately; not an author-designated final | adcfa0537f43327f4bb9acfe1692f757fce353c4,https://codeload.github.com/grandchallenge/MATHSOLVE/zip/adcfa0537f43327f4bb9acfe1692f757fce353c4,,contestants/E10/13-archives/E10-grandchallenge-MATHSOLVE-adcfa0537f43327f4bb9acfe1692f757fce353c4.zip,MATHSOLVE-adcfa0537f43327f4bb9acfe1692f757fce353c4/contributions/OPENMATH-2026/OM26-H6/WP02/receipts/OM26-H6-WP02-IA-001/github-comment-5921276527.json,,f2e6d2ab,Filename/path inference; editable in the app
344925,contributions/OPENMATH-2026/OM26-H6/WP03/dispatches/OM26-H6-WP03-IA-001.json,General / shared,932,Pinned collected revision; final designation governed by team receipt | 2fd9fd643bf3e9e98d121dc2e7af1cf1be411ae2,https://codeload.github.com/grandchallenge/MATHSOLVE/zip/2fd9fd643bf3e9e98d121dc2e7af1cf1be411ae2,,contestants/E10/13-archives/E10-grandchallenge-MATHSOLVE-2fd9fd643bf3e9e98d121dc2e7af1cf1be411ae2.zip,MATHSOLVE-2fd9fd643bf3e9e98d121dc2e7af1cf1be411ae2/contributions/OPENMATH-2026/OM26-H6/WP03/dispatches/OM26-H6-WP03-IA-001.json,,23c9412a,Filename/path inference; editable in the app
347962,contributions/OPENMATH-2026/OM26-H6/WP03/dispatches/OM26-H6-WP03-IA-001.json,General / shared,932,Latest public revision collected separately; not an author-designated final | adcfa0537f43327f4bb9acfe1692f757fce353c4,https://codeload.github.com/grandchallenge/MATHSOLVE/zip/adcfa0537f43327f4bb9acfe1692f757fce353c4,,contestants/E10/13-archives/E10-grandchallenge-MATHSOLVE-adcfa0537f43327f4bb9acfe1692f757fce353c4.zip,MATHSOLVE-adcfa0537f43327f4bb9acfe1692f757fce353c4/contributions/OPENMATH-2026/OM26-H6/WP03/dispatches/OM26-H6-WP03-IA-001.json,,23c9412a,Filename/path inference; editable in the app
344926,contributions/OPENMATH-2026/OM26-H6/WP04/dispatches/OM26-H6-WP04-IA-001.json,General / shared,962,Pinned collected revision; final designation governed by team receipt | 2fd9fd643bf3e9e98d121dc2e7af1cf1be411ae2,https://codeload.github.com/grandchallenge/MATHSOLVE/zip/2fd9fd643bf3e9e98d121dc2e7af1cf1be411ae2,,contestants/E10/13-archives/E10-grandchallenge-MATHSOLVE-2fd9fd643bf3e9e98d121dc2e7af1cf1be411ae2.zip,MATHSOLVE-2fd9fd643bf3e9e98d121dc2e7af1cf1be411ae2/contributions/OPENMATH-2026/OM26-H6/WP04/dispatches/OM26-H6-WP04-IA-001.json,,65ff3da3,Filename/path inference; editable in the app
347963,contributions/OPENMATH-2026/OM26-H6/WP04/dispatches/OM26-H6-WP04-IA-001.json,General / shared,962,Latest public revision collected separately; not an author-designated final | adcfa0537f43327f4bb9acfe1692f757fce353c4,https://codeload.github.com/grandchallenge/MATHSOLVE/zip/adcfa0537f43327f4bb9acfe1692f757fce353c4,,contestants/E10/13-archives/E10-grandchallenge-MATHSOLVE-adcfa0537f43327f4bb9acfe1692f757fce353c4.zip,MATHSOLVE-adcfa0537f43327f4bb9acfe1692f757fce353c4/contributions/OPENMATH-2026/OM26-H6/WP04/dispatches/OM26-H6-WP04-IA-001.json,,65ff3da3,Filename/path inference; editable in the app
344927,contributions/OPENMATH-2026/OM26-H6/WP04/lifecycle/OM26-H6-WP04-IA-001/ADJUDICATION.json,General / shared,760,Pinned collected revision; final designation governed by team receipt | 2fd9fd643bf3e9e98d121dc2e7af1cf1be411ae2,https://codeload.github.com/grandchallenge/MATHSOLVE/zip/2fd9fd643bf3e9e98d121dc2e7af1cf1be411ae2,,contestants/E10/13-archives/E10-grandchallenge-MATHSOLVE-2fd9fd643bf3e9e98d121dc2e7af1cf1be411ae2.zip,MATHSOLVE-2fd9fd643bf3e9e98d121dc2e7af1cf1be411ae2/contributions/OPENMATH-2026/OM26-H6/WP04/lifecycle/OM26-H6-WP04-IA-001/ADJUDICATION.json,,6a9c128f,Filename/path inference; editable in the app
347964,contributions/OPENMATH-2026/OM26-H6/WP04/lifecycle/OM26-H6-WP04-IA-001/ADJUDICATION.json,General / shared,760,Latest public revision collected separately; not an author-designated final | adcfa0537f43327f4bb9acfe1692f757fce353c4,https://codeload.github.com/grandchallenge/MATHSOLVE/zip/adcfa0537f43327f4bb9acfe1692f757fce353c4,,contestants/E10/13-archives/E10-grandchallenge-MATHSOLVE-adcfa0537f43327f4bb9acfe1692f757fce353c4.zip,MATHSOLVE-adcfa0537f43327f4bb9acfe1692f757fce353c4/contributions/OPENMATH-2026/OM26-H6/WP04/lifecycle/OM26-H6-WP04-IA-001/ADJUDICATION.json,,6a9c128f,Filename/path inference; editable in the app
344928,contributions/OPENMATH-2026/OM26-H6/WP04/lifecycle/OM26-H6-WP04-IA-001/MANIFEST.json,General / shared,1857,Pinned collected revision; final designation governed by team receipt | 2fd9fd643bf3e9e98d121dc2e7af1cf1be411ae2,https://codeload.github.com/grandchallenge/MATHSOLVE/zip/2fd9fd643bf3e9e98d121dc2e7af1cf1be411ae2,,contestants/E10/13-archives/E10-grandchallenge-MATHSOLVE-2fd9fd643bf3e9e98d121dc2e7af1cf1be411ae2.zip,MATHSOLVE-2fd9fd643bf3e9e98d121dc2e7af1cf1be411ae2/contributions/OPENMATH-2026/OM26-H6/WP04/lifecycle/OM26-H6-WP04-IA-001/MANIFEST.json,,0d68daa4,Filename/path inference; editable in the app
347965,contributions/OPENMATH-2026/OM26-H6/WP04/lifecycle/OM26-H6-WP04-IA-001/MANIFEST.json,General / shared,1857,Latest public revision collected separately; not an author-designated final | adcfa0537f43327f4bb9acfe1692f757fce353c4,https://codeload.github.com/grandchallenge/MATHSOLVE/zip/adcfa0537f43327f4bb9acfe1692f757fce353c4,,contestants/E10/13-archives/E10-grandchallenge-MATHSOLVE-adcfa0537f43327f4bb9acfe1692f757fce353c4.zip,MATHSOLVE-adcfa0537f43327f4bb9acfe1692f757fce353c4/contributions/OPENMATH-2026/OM26-H6/WP04/lifecycle/OM26-H6-WP04-IA-001/MANIFEST.json,,0d68daa4,Filename/path inference; editable in the app
344929,contributions/OPENMATH-2026/OM26-H6/WP04/lifecycle/OM26-H6-WP04-IA-001/PROGRAMME_PROJECTION.json,General / shared,953,Pinned collected revision; final designation governed by team receipt | 2fd9fd643bf3e9e98d121dc2e7af1cf1be411ae2,https://codeload.github.com/grandchallenge/MATHSOLVE/zip/2fd9fd643bf3e9e98d121dc2e7af1cf1be411ae2,,contestants/E10/13-archives/E10-grandchallenge-MATHSOLVE-2fd9fd643bf3e9e98d121dc2e7af1cf1be411ae2.zip,MATHSOLVE-2fd9fd643bf3e9e98d121dc2e7af1cf1be411ae2/contributions/OPENMATH-2026/OM26-H6/WP04/lifecycle/OM26-H6-WP04-IA-001/PROGRAMME_PROJECTION.json,,cf773333,Filename/path inference; editable in the app
347966,contributions/OPENMATH-2026/OM26-H6/WP04/lifecycle/OM26-H6-WP04-IA-001/PROGRAMME_PROJECTION.json,General / shared,953,Latest public revision collected separately; not an author-designated final | adcfa0537f43327f4bb9acfe1692f757fce353c4,https://codeload.github.com/grandchallenge/MATHSOLVE/zip/adcfa0537f43327f4bb9acfe1692f757fce353c4,,contestants/E10/13-archives/E10-grandchallenge-MATHSOLVE-adcfa0537f43327f4bb9acfe1692f757fce353c4.zip,MATHSOLVE-adcfa0537f43327f4bb9acfe1692f757fce353c4/contributions/OPENMATH-2026/OM26-H6/WP04/lifecycle/OM26-H6-WP04-IA-001/PROGRAMME_PROJECTION.json,,cf773333,Filename/path inference; editable in the app
344930,contributions/OPENMATH-2026/OM26-H6/WP04/lifecycle/OM26-H6-WP04-IA-001/REPLAY.json,General / shared,729,Pinned collected revision; final designation governed by team receipt | 2fd9fd643bf3e9e98d121dc2e7af1cf1be411ae2,https://codeload.github.com/grandchallenge/MATHSOLVE/zip/2fd9fd643bf3e9e98d121dc2e7af1cf1be411ae2,,contestants/E10/13-archives/E10-grandchallenge-MATHSOLVE-2fd9fd643bf3e9e98d121dc2e7af1cf1be411ae2.zip,MATHSOLVE-2fd9fd643bf3e9e98d121dc2e7af1cf1be411ae2/contributions/OPENMATH-2026/OM26-H6/WP04/lifecycle/OM26-H6-WP04-IA-001/REPLAY.json,,dee6679e,Filename/path inference; editable in the app
347967,contributions/OPENMATH-2026/OM26-H6/WP04/lifecycle/OM26-H6-WP04-IA-001/REPLAY.json,General / shared,729,Latest public revision collected separately; not an author-designated final | adcfa0537f43327f4bb9acfe1692f757fce353c4,https://codeload.github.com/grandchallenge/MATHSOLVE/zip/adcfa0537f43327f4bb9acfe1692f757fce353c4,,contestants/E10/13-archives/E10-grandchallenge-MATHSOLVE-adcfa0537f43327f4bb9acfe1692f757fce353c4.zip,MATHSOLVE-adcfa0537f43327f4bb9acfe1692f757fce353c4/contributions/OPENMATH-2026/OM26-H6/WP04/lifecycle/OM26-H6-WP04-IA-001/REPLAY.json,,dee6679e,Filename/path inference; editable in the app
344932,contributions/OPENMATH-2026/OM26-H6/WP04/receipts/OM26-H6-WP04-IA-001/github-comment-5942614522.json,General / shared,12256,Pinned collected revision; final designation governed by team receipt | 2fd9fd643bf3e9e98d121dc2e7af1cf1be411ae2,https://codeload.github.com/grandchallenge/MATHSOLVE/zip/2fd9fd643bf3e9e98d121dc2e7af1cf1be411ae2,,contestants/E10/13-archives/E10-grandchallenge-MATHSOLVE-2fd9fd643bf3e9e98d121dc2e7af1cf1be411ae2.zip,MATHSOLVE-2fd9fd643bf3e9e98d121dc2e7af1cf1be411ae2/contributions/OPENMATH-2026/OM26-H6/WP04/receipts/OM26-H6-WP04-IA-001/github-comment-5942614522.json,,b1b5d91a,Filename/path inference; editable in the app
347969,contributions/OPENMATH-2026/OM26-H6/WP04/receipts/OM26-H6-WP04-IA-001/github-comment-5942614522.json,General / shared,12256,Latest public revision collected separately; not an author-designated final | adcfa0537f43327f4bb9acfe1692f757fce353c4,https://codeload.github.com/grandchallenge/MATHSOLVE/zip/adcfa0537f43327f4bb9acfe1692f757fce353c4,,contestants/E10/13-archives/E10-grandchallenge-MATHSOLVE-adcfa0537f43327f4bb9acfe1692f757fce353c4.zip,MATHSOLVE-adcfa0537f43327f4bb9acfe1692f757fce353c4/contributions/OPENMATH-2026/OM26-H6/WP04/receipts/OM26-H6-WP04-IA-001/github-comment-5942614522.json,,b1b5d91a,Filename/path inference; editable in the app
344933,contributions/OPENMATH-2026/OM26-H6/WP05/dispatches/OM26-H6-WP05-IA-001.json,General / shared,974,Pinned collected revision; final designation governed by team receipt | 2fd9fd643bf3e9e98d121dc2e7af1cf1be411ae2,https://codeload.github.com/grandchallenge/MATHSOLVE/zip/2fd9fd643bf3e9e98d121dc2e7af1cf1be411ae2,,contestants/E10/13-archives/E10-grandchallenge-MATHSOLVE-2fd9fd643bf3e9e98d121dc2e7af1cf1be411ae2.zip,MATHSOLVE-2fd9fd643bf3e9e98d121dc2e7af1cf1be411ae2/contributions/OPENMATH-2026/OM26-H6/WP05/dispatches/OM26-H6-WP05-IA-001.json,,bbe52754,Filename/path inference; editable in the app
347970,contributions/OPENMATH-2026/OM26-H6/WP05/dispatches/OM26-H6-WP05-IA-001.json,General / shared,974,Latest public revision collected separately; not an author-designated final | adcfa0537f43327f4bb9acfe1692f757fce353c4,https://codeload.github.com/grandchallenge/MATHSOLVE/zip/adcfa0537f43327f4bb9acfe1692f757fce353c4,,contestants/E10/13-archives/E10-grandchallenge-MATHSOLVE-adcfa0537f43327f4bb9acfe1692f757fce353c4.zip,MATHSOLVE-adcfa0537f43327f4bb9acfe1692f757fce353c4/contributions/OPENMATH-2026/OM26-H6/WP05/dispatches/OM26-H6-WP05-IA-001.json,,bbe52754,Filename/path inference; editable in the app
344934,contributions/OPENMATH-2026/OM26-H6/WP05/lifecycle/OM26-H6-WP05-IA-001/ADJUDICATION.json,General / shared,760,Pinned collected revision; final designation governed by team receipt | 2fd9fd643bf3e9e98d121dc2e7af1cf1be411ae2,https://codeload.github.com/grandchallenge/MATHSOLVE/zip/2fd9fd643bf3e9e98d121dc2e7af1cf1be411ae2,,contestants/E10/13-archives/E10-grandchallenge-MATHSOLVE-2fd9fd643bf3e9e98d121dc2e7af1cf1be411ae2.zip,MATHSOLVE-2fd9fd643bf3e9e98d121dc2e7af1cf1be411ae2/contributions/OPENMATH-2026/OM26-H6/WP05/lifecycle/OM26-H6-WP05-IA-001/ADJUDICATION.json,,86bb7222,Filename/path inference; editable in the app
347971,contributions/OPENMATH-2026/OM26-H6/WP05/lifecycle/OM26-H6-WP05-IA-001/ADJUDICATION.json,General / shared,760,Latest public revision collected separately; not an author-designated final | adcfa0537f43327f4bb9acfe1692f757fce353c4,https://codeload.github.com/grandchallenge/MATHSOLVE/zip/adcfa0537f43327f4bb9acfe1692f757fce353c4,,contestants/E10/13-archives/E10-grandchallenge-MATHSOLVE-adcfa0537f43327f4bb9acfe1692f757fce353c4.zip,MATHSOLVE-adcfa0537f43327f4bb9acfe1692f757fce353c4/contributions/OPENMATH-2026/OM26-H6/WP05/lifecycle/OM26-H6-WP05-IA-001/ADJUDICATION.json,,86bb7222,Filename/path inference; editable in the app
344935,contributions/OPENMATH-2026/OM26-H6/WP05/lifecycle/OM26-H6-WP05-IA-001/MANIFEST.json,General / shared,1857,Pinned collected revision; final designation governed by team receipt | 2fd9fd643bf3e9e98d121dc2e7af1cf1be411ae2,https://codeload.github.com/grandchallenge/MATHSOLVE/zip/2fd9fd643bf3e9e98d121dc2e7af1cf1be411ae2,,contestants/E10/13-archives/E10-grandchallenge-MATHSOLVE-2fd9fd643bf3e9e98d121dc2e7af1cf1be411ae2.zip,MATHSOLVE-2fd9fd643bf3e9e98d121dc2e7af1cf1be411ae2/contributions/OPENMATH-2026/OM26-H6/WP05/lifecycle/OM26-H6-WP05-IA-001/MANIFEST.json,,c662690a,Filename/path inference; editable in the app
347972,contributions/OPENMATH-2026/OM26-H6/WP05/lifecycle/OM26-H6-WP05-IA-001/MANIFEST.json,General / shared,1857,Latest public revision collected separately; not an author-designated final | adcfa0537f43327f4bb9acfe1692f757fce353c4,https://codeload.github.com/grandchallenge/MATHSOLVE/zip/adcfa0537f43327f4bb9acfe1692f757fce353c4,,contestants/E10/13-archives/E10-grandchallenge-MATHSOLVE-adcfa0537f43327f4bb9acfe1692f757fce353c4.zip,MATHSOLVE-adcfa0537f43327f4bb9acfe1692f757fce353c4/contributions/OPENMATH-2026/OM26-H6/WP05/lifecycle/OM26-H6-WP05-IA-001/MANIFEST.json,,c662690a,Filename/path inference; editable in the app
344936,contributions/OPENMATH-2026/OM26-H6/WP05/lifecycle/OM26-H6-WP05-IA-001/PROGRAMME_PROJECTION.json,General / shared,953,Pinned collected revision; final designation governed by team receipt | 2fd9fd643bf3e9e98d121dc2e7af1cf1be411ae2,https://codeload.github.com/grandchallenge/MATHSOLVE/zip/2fd9fd643bf3e9e98d121dc2e7af1cf1be411ae2,,contestants/E10/13-archives/E10-grandchallenge-MATHSOLVE-2fd9fd643bf3e9e98d121dc2e7af1cf1be411ae2.zip,MATHSOLVE-2fd9fd643bf3e9e98d121dc2e7af1cf1be411ae2/contributions/OPENMATH-2026/OM26-H6/WP05/lifecycle/OM26-H6-WP05-IA-001/PROGRAMME_PROJECTION.json,,df526e71,Filename/path inference; editable in the app
347973,contributions/OPENMATH-2026/OM26-H6/WP05/lifecycle/OM26-H6-WP05-IA-001/PROGRAMME_PROJECTION.json,General / shared,953,Latest public revision collected separately; not an author-designated final | adcfa0537f43327f4bb9acfe1692f757fce353c4,https://codeload.github.com/grandchallenge/MATHSOLVE/zip/adcfa0537f43327f4bb9acfe1692f757fce353c4,,contestants/E10/13-archives/E10-grandchallenge-MATHSOLVE-adcfa0537f43327f4bb9acfe1692f757fce353c4.zip,MATHSOLVE-adcfa0537f43327f4bb9acfe1692f757fce353c4/contributions/OPENMATH-2026/OM26-H6/WP05/lifecycle/OM26-H6-WP05-IA-001/PROGRAMME_PROJECTION.json,,df526e71,Filename/path inference; editable in the app
344937,contributions/OPENMATH-2026/OM26-H6/WP05/lifecycle/OM26-H6-WP05-IA-001/REPLAY.json,General / shared,729,Pinned collected revision; final designation governed by team receipt | 2fd9fd643bf3e9e98d121dc2e7af1cf1be411ae2,https://codeload.github.com/grandchallenge/MATHSOLVE/zip/2fd9fd643bf3e9e98d121dc2e7af1cf1be411ae2,,contestants/E10/13-archives/E10-grandchallenge-MATHSOLVE-2fd9fd643bf3e9e98d121dc2e7af1cf1be411ae2.zip,MATHSOLVE-2fd9fd643bf3e9e98d121dc2e7af1cf1be411ae2/contributions/OPENMATH-2026/OM26-H6/WP05/lifecycle/OM26-H6-WP05-IA-001/REPLAY.json,,d7f37da2,Filename/path inference; editable in the app
347974,contributions/OPENMATH-2026/OM26-H6/WP05/lifecycle/OM26-H6-WP05-IA-001/REPLAY.json,General / shared,729,Latest public revision collected separately; not an author-designated final | adcfa0537f43327f4bb9acfe1692f757fce353c4,https://codeload.github.com/grandchallenge/MATHSOLVE/zip/adcfa0537f43327f4bb9acfe1692f757fce353c4,,contestants/E10/13-archives/E10-grandchallenge-MATHSOLVE-adcfa0537f43327f4bb9acfe1692f757fce353c4.zip,MATHSOLVE-adcfa0537f43327f4bb9acfe1692f757fce353c4/contributions/OPENMATH-2026/OM26-H6/WP05/lifecycle/OM26-H6-WP05-IA-001/REPLAY.json,,d7f37da2,Filename/path inference; editable in the app
344939,contributions/OPENMATH-2026/OM26-H6/WP05/receipts/OM26-H6-WP05-IA-001/github-comment-5951785225.json,General / shared,11640,Pinned collected revision; final designation governed by team receipt | 2fd9fd643bf3e9e98d121dc2e7af1cf1be411ae2,https://codeload.github.com/grandchallenge/MATHSOLVE/zip/2fd9fd643bf3e9e98d121dc2e7af1cf1be411ae2,,contestants/E10/13-archives/E10-grandchallenge-MATHSOLVE-2fd9fd643bf3e9e98d121dc2e7af1cf1be411ae2.zip,MATHSOLVE-2fd9fd643bf3e9e98d121dc2e7af1cf1be411ae2/contributions/OPENMATH-2026/OM26-H6/WP05/receipts/OM26-H6-WP05-IA-001/github-comment-5951785225.json,,007977e9,Filename/path inference; editable in the app
347976,contributions/OPENMATH-2026/OM26-H6/WP05/receipts/OM26-H6-WP05-IA-001/github-comment-5951785225.json,General / shared,11640,Latest public revision collected separately; not an author-designated final | adcfa0537f43327f4bb9acfe1692f757fce353c4,https://codeload.github.com/grandchallenge/MATHSOLVE/zip/adcfa0537f43327f4bb9acfe1692f757fce353c4,,contestants/E10/13-archives/E10-grandchallenge-MATHSOLVE-adcfa0537f43327f4bb9acfe1692f757fce353c4.zip,MATHSOLVE-adcfa0537f43327f4bb9acfe1692f757fce353c4/contributions/OPENMATH-2026/OM26-H6/WP05/receipts/OM26-H6-WP05-IA-001/github-comment-5951785225.json,,007977e9,Filename/path inference; editable in the app
344940,contributions/OPENMATH-2026/OM26-H6/WP06/dispatches/OM26-H6-WP06-IA-001.json,General / shared,971,Pinned collected revision; final designation governed by team receipt | 2fd9fd643bf3e9e98d121dc2e7af1cf1be411ae2,https://codeload.github.com/grandchallenge/MATHSOLVE/zip/2fd9fd643bf3e9e98d121dc2e7af1cf1be411ae2,,contestants/E10/13-archives/E10-grandchallenge-MATHSOLVE-2fd9fd643bf3e9e98d121dc2e7af1cf1be411ae2.zip,MATHSOLVE-2fd9fd643bf3e9e98d121dc2e7af1cf1be411ae2/contributions/OPENMATH-2026/OM26-H6/WP06/dispatches/OM26-H6-WP06-IA-001.json,,d5f47025,Filename/path inference; editable in the app
347977,contributions/OPENMATH-2026/OM26-H6/WP06/dispatches/OM26-H6-WP06-IA-001.json,General / shared,971,Latest public revision collected separately; not an author-designated final | adcfa0537f43327f4bb9acfe1692f757fce353c4,https://codeload.github.com/grandchallenge/MATHSOLVE/zip/adcfa0537f43327f4bb9acfe1692f757fce353c4,,contestants/E10/13-archives/E10-grandchallenge-MATHSOLVE-adcfa0537f43327f4bb9acfe1692f757fce353c4.zip,MATHSOLVE-adcfa0537f43327f4bb9acfe1692f757fce353c4/contributions/OPENMATH-2026/OM26-H6/WP06/dispatches/OM26-H6-WP06-IA-001.json,,d5f47025,Filename/path inference; editable in the app
344941,contributions/OPENMATH-2026/OM26-H6/WP06/lifecycle/OM26-H6-WP06-IA-001/ADJUDICATION.json,General / shared,760,Pinned collected revision; final designation governed by team receipt | 2fd9fd643bf3e9e98d121dc2e7af1cf1be411ae2,https://codeload.github.com/grandchallenge/MATHSOLVE/zip/2fd9fd643bf3e9e98d121dc2e7af1cf1be411ae2,,contestants/E10/13-archives/E10-grandchallenge-MATHSOLVE-2fd9fd643bf3e9e98d121dc2e7af1cf1be411ae2.zip,MATHSOLVE-2fd9fd643bf3e9e98d121dc2e7af1cf1be411ae2/contributions/OPENMATH-2026/OM26-H6/WP06/lifecycle/OM26-H6-WP06-IA-001/ADJUDICATION.json,,548ea767,Filename/path inference; editable in the app
347978,contributions/OPENMATH-2026/OM26-H6/WP06/lifecycle/OM26-H6-WP06-IA-001/ADJUDICATION.json,General / shared,760,Latest public revision collected separately; not an author-designated final | adcfa0537f43327f4bb9acfe1692f757fce353c4,https://codeload.github.com/grandchallenge/MATHSOLVE/zip/adcfa0537f43327f4bb9acfe1692f757fce353c4,,contestants/E10/13-archives/E10-grandchallenge-MATHSOLVE-adcfa0537f43327f4bb9acfe1692f757fce353c4.zip,MATHSOLVE-adcfa0537f43327f4bb9acfe1692f757fce353c4/contributions/OPENMATH-2026/OM26-H6/WP06/lifecycle/OM26-H6-WP06-IA-001/ADJUDICATION.json,,548ea767,Filename/path inference; editable in the app
344942,contributions/OPENMATH-2026/OM26-H6/WP06/lifecycle/OM26-H6-WP06-IA-001/MANIFEST.json,General / shared,1857,Pinned collected revision; final designation governed by team receipt | 2fd9fd643bf3e9e98d121dc2e7af1cf1be411ae2,https://codeload.github.com/grandchallenge/MATHSOLVE/zip/2fd9fd643bf3e9e98d121dc2e7af1cf1be411ae2,,contestants/E10/13-archives/E10-grandchallenge-MATHSOLVE-2fd9fd643bf3e9e98d121dc2e7af1cf1be411ae2.zip,MATHSOLVE-2fd9fd643bf3e9e98d121dc2e7af1cf1be411ae2/contributions/OPENMATH-2026/OM26-H6/WP06/lifecycle/OM26-H6-WP06-IA-001/MANIFEST.json,,ebaadc9d,Filename/path inference; editable in the app
347979,contributions/OPENMATH-2026/OM26-H6/WP06/lifecycle/OM26-H6-WP06-IA-001/MANIFEST.json,General / shared,1857,Latest public revision collected separately; not an author-designated final | adcfa0537f43327f4bb9acfe1692f757fce353c4,https://codeload.github.com/grandchallenge/MATHSOLVE/zip/adcfa0537f43327f4bb9acfe1692f757fce353c4,,contestants/E10/13-archives/E10-grandchallenge-MATHSOLVE-adcfa0537f43327f4bb9acfe1692f757fce353c4.zip,MATHSOLVE-adcfa0537f43327f4bb9acfe1692f757fce353c4/contributions/OPENMATH-2026/OM26-H6/WP06/lifecycle/OM26-H6-WP06-IA-001/MANIFEST.json,,ebaadc9d,Filename/path inference; editable in the app
344943,contributions/OPENMATH-2026/OM26-H6/WP06/lifecycle/OM26-H6-WP06-IA-001/PROGRAMME_PROJECTION.json,General / shared,953,Pinned collected revision; final designation governed by team receipt | 2fd9fd643bf3e9e98d121dc2e7af1cf1be411ae2,https://codeload.github.com/grandchallenge/MATHSOLVE/zip/2fd9fd643bf3e9e98d121dc2e7af1cf1be411ae2,,contestants/E10/13-archives/E10-grandchallenge-MATHSOLVE-2fd9fd643bf3e9e98d121dc2e7af1cf1be411ae2.zip,MATHSOLVE-2fd9fd643bf3e9e98d121dc2e7af1cf1be411ae2/contributions/OPENMATH-2026/OM26-H6/WP06/lifecycle/OM26-H6-WP06-IA-001/PROGRAMME_PROJECTION.json,,2f17aa63,Filename/path inference; editable in the app
347980,contributions/OPENMATH-2026/OM26-H6/WP06/lifecycle/OM26-H6-WP06-IA-001/PROGRAMME_PROJECTION.json,General / shared,953,Latest public revision collected separately; not an author-designated final | adcfa0537f43327f4bb9acfe1692f757fce353c4,https://codeload.github.com/grandchallenge/MATHSOLVE/zip/adcfa0537f43327f4bb9acfe1692f757fce353c4,,contestants/E10/13-archives/E10-grandchallenge-MATHSOLVE-adcfa0537f43327f4bb9acfe1692f757fce353c4.zip,MATHSOLVE-adcfa0537f43327f4bb9acfe1692f757fce353c4/contributions/OPENMATH-2026/OM26-H6/WP06/lifecycle/OM26-H6-WP06-IA-001/PROGRAMME_PROJECTION.json,,2f17aa63,Filename/path inference; editable in the app
344944,contributions/OPENMATH-2026/OM26-H6/WP06/lifecycle/OM26-H6-WP06-IA-001/REPLAY.json,General / shared,729,Pinned collected revision; final designation governed by team receipt | 2fd9fd643bf3e9e98d121dc2e7af1cf1be411ae2,https://codeload.github.com/grandchallenge/MATHSOLVE/zip/2fd9fd643bf3e9e98d121dc2e7af1cf1be411ae2,,contestants/E10/13-archives/E10-grandchallenge-MATHSOLVE-2fd9fd643bf3e9e98d121dc2e7af1cf1be411ae2.zip,MATHSOLVE-2fd9fd643bf3e9e98d121dc2e7af1cf1be411ae2/contributions/OPENMATH-2026/OM26-H6/WP06/lifecycle/OM26-H6-WP06-IA-001/REPLAY.json,,cccc53e6,Filename/path inference; editable in the app
347981,contributions/OPENMATH-2026/OM26-H6/WP06/lifecycle/OM26-H6-WP06-IA-001/REPLAY.json,General / shared,729,Latest public revision collected separately; not an author-designated final | adcfa0537f43327f4bb9acfe1692f757fce353c4,https://codeload.github.com/grandchallenge/MATHSOLVE/zip/adcfa0537f43327f4bb9acfe1692f757fce353c4,,contestants/E10/13-archives/E10-grandchallenge-MATHSOLVE-adcfa0537f43327f4bb9acfe1692f757fce353c4.zip,MATHSOLVE-adcfa0537f43327f4bb9acfe1692f757fce353c4/contributions/OPENMATH-2026/OM26-H6/WP06/lifecycle/OM26-H6-WP06-IA-001/REPLAY.json,,cccc53e6,Filename/path inference; editable in the app
344946,contributions/OPENMATH-2026/OM26-H6/WP06/receipts/OM26-H6-WP06-IA-001/github-comment-5962958919.json,General / shared,11041,Pinned collected revision; final designation governed by team receipt | 2fd9fd643bf3e9e98d121dc2e7af1cf1be411ae2,https://codeload.github.com/grandchallenge/MATHSOLVE/zip/2fd9fd643bf3e9e98d121dc2e7af1cf1be411ae2,,contestants/E10/13-archives/E10-grandchallenge-MATHSOLVE-2fd9fd643bf3e9e98d121dc2e7af1cf1be411ae2.zip,MATHSOLVE-2fd9fd643bf3e9e98d121dc2e7af1cf1be411ae2/contributions/OPENMATH-2026/OM26-H6/WP06/receipts/OM26-H6-WP06-IA-001/github-comment-5962958919.json,,5493e615,Filename/path inference; editable in the app
347983,contributions/OPENMATH-2026/OM26-H6/WP06/receipts/OM26-H6-WP06-IA-001/github-comment-5962958919.json,General / shared,11041,Latest public revision collected separately; not an author-designated final | adcfa0537f43327f4bb9acfe1692f757fce353c4,https://codeload.github.com/grandchallenge/MATHSOLVE/zip/adcfa0537f43327f4bb9acfe1692f757fce353c4,,contestants/E10/13-archives/E10-grandchallenge-MATHSOLVE-adcfa0537f43327f4bb9acfe1692f757fce353c4.zip,MATHSOLVE-adcfa0537f43327f4bb9acfe1692f757fce353c4/contributions/OPENMATH-2026/OM26-H6/WP06/receipts/OM26-H6-WP06-IA-001/github-comment-5962958919.json,,5493e615,Filename/path inference; editable in the app
344947,contributions/OPENMATH-2026/OM26-H6/WP07/dispatches/OM26-H6-WP07-IA-001.json,General / shared,974,Pinned collected revision; final designation governed by team receipt | 2fd9fd643bf3e9e98d121dc2e7af1cf1be411ae2,https://codeload.github.com/grandchallenge/MATHSOLVE/zip/2fd9fd643bf3e9e98d121dc2e7af1cf1be411ae2,,contestants/E10/13-archives/E10-grandchallenge-MATHSOLVE-2fd9fd643bf3e9e98d121dc2e7af1cf1be411ae2.zip,MATHSOLVE-2fd9fd643bf3e9e98d121dc2e7af1cf1be411ae2/contributions/OPENMATH-2026/OM26-H6/WP07/dispatches/OM26-H6-WP07-IA-001.json,,17b8d273,Filename/path inference; editable in the app
347984,contributions/OPENMATH-2026/OM26-H6/WP07/dispatches/OM26-H6-WP07-IA-001.json,General / shared,974,Latest public revision collected separately; not an author-designated final | adcfa0537f43327f4bb9acfe1692f757fce353c4,https://codeload.github.com/grandchallenge/MATHSOLVE/zip/adcfa0537f43327f4bb9acfe1692f757fce353c4,,contestants/E10/13-archives/E10-grandchallenge-MATHSOLVE-adcfa0537f43327f4bb9acfe1692f757fce353c4.zip,MATHSOLVE-adcfa0537f43327f4bb9acfe1692f757fce353c4/contributions/OPENMATH-2026/OM26-H6/WP07/dispatches/OM26-H6-WP07-IA-001.json,,17b8d273,Filename/path inference; editable in the app
344948,contributions/OPENMATH-2026/OM26-H7/WP01/dispatches/OM26-H7-WP01-IA-001.json,General / shared,1249,Pinned collected revision; final designation governed by team receipt | 2fd9fd643bf3e9e98d121dc2e7af1cf1be411ae2,https://codeload.github.com/grandchallenge/MATHSOLVE/zip/2fd9fd643bf3e9e98d121dc2e7af1cf1be411ae2,,contestants/E10/13-archives/E10-grandchallenge-MATHSOLVE-2fd9fd643bf3e9e98d121dc2e7af1cf1be411ae2.zip,MATHSOLVE-2fd9fd643bf3e9e98d121dc2e7af1cf1be411ae2/contributions/OPENMATH-2026/OM26-H7/WP01/dispatches/OM26-H7-WP01-IA-001.json,,da4d6963,Filename/path inference; editable in the app
347985,contributions/OPENMATH-2026/OM26-H7/WP01/dispatches/OM26-H7-WP01-IA-001.json,General / shared,1249,Latest public revision collected separately; not an author-designated final | adcfa0537f43327f4bb9acfe1692f757fce353c4,https://codeload.github.com/grandchallenge/MATHSOLVE/zip/adcfa0537f43327f4bb9acfe1692f757fce353c4,,contestants/E10/13-archives/E10-grandchallenge-MATHSOLVE-adcfa0537f43327f4bb9acfe1692f757fce353c4.zip,MATHSOLVE-adcfa0537f43327f4bb9acfe1692f757fce353c4/contributions/OPENMATH-2026/OM26-H7/WP01/dispatches/OM26-H7-WP01-IA-001.json,,da4d6963,Filename/path inference; editable in the app
344949,contributions/OPENMATH-2026/OM26-H7/WP01/lifecycle/OM26-H7-WP01-IA-001/ADJUDICATION.json,General / shared,760,Pinned collected revision; final designation governed by team receipt | 2fd9fd643bf3e9e98d121dc2e7af1cf1be411ae2,https://codeload.github.com/grandchallenge/MATHSOLVE/zip/2fd9fd643bf3e9e98d121dc2e7af1cf1be411ae2,,contestants/E10/13-archives/E10-grandchallenge-MATHSOLVE-2fd9fd643bf3e9e98d121dc2e7af1cf1be411ae2.zip,MATHSOLVE-2fd9fd643bf3e9e98d121dc2e7af1cf1be411ae2/contributions/OPENMATH-2026/OM26-H7/WP01/lifecycle/OM26-H7-WP01-IA-001/ADJUDICATION.json,,bbfeb360,Filename/path inference; editable in the app
347986,contributions/OPENMATH-2026/OM26-H7/WP01/lifecycle/OM26-H7-WP01-IA-001/ADJUDICATION.json,General / shared,760,Latest public revision collected separately; not an author-designated final | adcfa0537f43327f4bb9acfe1692f757fce353c4,https://codeload.github.com/grandchallenge/MATHSOLVE/zip/adcfa0537f43327f4bb9acfe1692f757fce353c4,,contestants/E10/13-archives/E10-grandchallenge-MATHSOLVE-adcfa0537f43327f4bb9acfe1692f757fce353c4.zip,MATHSOLVE-adcfa0537f43327f4bb9acfe1692f757fce353c4/contributions/OPENMATH-2026/OM26-H7/WP01/lifecycle/OM26-H7-WP01-IA-001/ADJUDICATION.json,,bbfeb360,Filename/path inference; editable in the app
344950,contributions/OPENMATH-2026/OM26-H7/WP01/lifecycle/OM26-H7-WP01-IA-001/MANIFEST.json,General / shared,1766,Pinned collected revision; final designation governed by team receipt | 2fd9fd643bf3e9e98d121dc2e7af1cf1be411ae2,https://codeload.github.com/grandchallenge/MATHSOLVE/zip/2fd9fd643bf3e9e98d121dc2e7af1cf1be411ae2,,contestants/E10/13-archives/E10-grandchallenge-MATHSOLVE-2fd9fd643bf3e9e98d121dc2e7af1cf1be411ae2.zip,MATHSOLVE-2fd9fd643bf3e9e98d121dc2e7af1cf1be411ae2/contributions/OPENMATH-2026/OM26-H7/WP01/lifecycle/OM26-H7-WP01-IA-001/MANIFEST.json,,a882d26b,Filename/path inference; editable in the app
347987,contributions/OPENMATH-2026/OM26-H7/WP01/lifecycle/OM26-H7-WP01-IA-001/MANIFEST.json,General / shared,1766,Latest public revision collected separately; not an author-designated final | adcfa0537f43327f4bb9acfe1692f757fce353c4,https://codeload.github.com/grandchallenge/MATHSOLVE/zip/adcfa0537f43327f4bb9acfe1692f757fce353c4,,contestants/E10/13-archives/E10-grandchallenge-MATHSOLVE-adcfa0537f43327f4bb9acfe1692f757fce353c4.zip,MATHSOLVE-adcfa0537f43327f4bb9acfe1692f757fce353c4/contributions/OPENMATH-2026/OM26-H7/WP01/lifecycle/OM26-H7-WP01-IA-001/MANIFEST.json,,a882d26b,Filename/path inference; editable in the app
344951,contributions/OPENMATH-2026/OM26-H7/WP01/lifecycle/OM26-H7-WP01-IA-001/PROGRAMME_PROJECTION.json,General / shared,902,Pinned collected revision; final designation governed by team receipt | 2fd9fd643bf3e9e98d121dc2e7af1cf1be411ae2,https://codeload.github.com/grandchallenge/MATHSOLVE/zip/2fd9fd643bf3e9e98d121dc2e7af1cf1be411ae2,,contestants/E10/13-archives/E10-grandchallenge-MATHSOLVE-2fd9fd643bf3e9e98d121dc2e7af1cf1be411ae2.zip,MATHSOLVE-2fd9fd643bf3e9e98d121dc2e7af1cf1be411ae2/contributions/OPENMATH-2026/OM26-H7/WP01/lifecycle/OM26-H7-WP01-IA-001/PROGRAMME_PROJECTION.json,,ea2d7134,Filename/path inference; editable in the app
347988,contributions/OPENMATH-2026/OM26-H7/WP01/lifecycle/OM26-H7-WP01-IA-001/PROGRAMME_PROJECTION.json,General / shared,902,Latest public revision collected separately; not an author-designated final | adcfa0537f43327f4bb9acfe1692f757fce353c4,https://codeload.github.com/grandchallenge/MATHSOLVE/zip/adcfa0537f43327f4bb9acfe1692f757fce353c4,,contestants/E10/13-archives/E10-grandchallenge-MATHSOLVE-adcfa0537f43327f4bb9acfe1692f757fce353c4.zip,MATHSOLVE-adcfa0537f43327f4bb9acfe1692f757fce353c4/contributions/OPENMATH-2026/OM26-H7/WP01/lifecycle/OM26-H7-WP01-IA-001/PROGRAMME_PROJECTION.json,,ea2d7134,Filename/path inference; editable in the app
344952,contributions/OPENMATH-2026/OM26-H7/WP01/lifecycle/OM26-H7-WP01-IA-001/REPLAY.json,General / shared,729,Pinned collected revision; final designation governed by team receipt | 2fd9fd643bf3e9e98d121dc2e7af1cf1be411ae2,https://codeload.github.com/grandchallenge/MATHSOLVE/zip/2fd9fd643bf3e9e98d121dc2e7af1cf1be411ae2,,contestants/E10/13-archives/E10-grandchallenge-MATHSOLVE-2fd9fd643bf3e9e98d121dc2e7af1cf1be411ae2.zip,MATHSOLVE-2fd9fd643bf3e9e98d121dc2e7af1cf1be411ae2/contributions/OPENMATH-2026/OM26-H7/WP01/lifecycle/OM26-H7-WP01-IA-001/REPLAY.json,,38734b27,Filename/path inference; editable in the app
347989,contributions/OPENMATH-2026/OM26-H7/WP01/lifecycle/OM26-H7-WP01-IA-001/REPLAY.json,General / shared,729,Latest public revision collected separately; not an author-designated final | adcfa0537f43327f4bb9acfe1692f757fce353c4,https://codeload.github.com/grandchallenge/MATHSOLVE/zip/adcfa0537f43327f4bb9acfe1692f757fce353c4,,contestants/E10/13-archives/E10-grandchallenge-MATHSOLVE-adcfa0537f43327f4bb9acfe1692f757fce353c4.zip,MATHSOLVE-adcfa0537f43327f4bb9acfe1692f757fce353c4/contributions/OPENMATH-2026/OM26-H7/WP01/lifecycle/OM26-H7-WP01-IA-001/REPLAY.json,,38734b27,Filename/path inference; editable in the app
344954,contributions/OPENMATH-2026/OM26-H7/WP01/receipts/OM26-H7-WP01-IA-001/github-comment-5909810515.json,General / shared,1571,Pinned collected revision; final designation governed by team receipt | 2fd9fd643bf3e9e98d121dc2e7af1cf1be411ae2,https://codeload.github.com/grandchallenge/MATHSOLVE/zip/2fd9fd643bf3e9e98d121dc2e7af1cf1be411ae2,,contestants/E10/13-archives/E10-grandchallenge-MATHSOLVE-2fd9fd643bf3e9e98d121dc2e7af1cf1be411ae2.zip,MATHSOLVE-2fd9fd643bf3e9e98d121dc2e7af1cf1be411ae2/contributions/OPENMATH-2026/OM26-H7/WP01/receipts/OM26-H7-WP01-IA-001/github-comment-5909810515.json,,36dce954,Filename/path inference; editable in the app
347991,contributions/OPENMATH-2026/OM26-H7/WP01/receipts/OM26-H7-WP01-IA-001/github-comment-5909810515.json,General / shared,1571,Latest public revision collected separately; not an author-designated final | adcfa0537f43327f4bb9acfe1692f757fce353c4,https://codeload.github.com/grandchallenge/MATHSOLVE/zip/adcfa0537f43327f4bb9acfe1692f757fce353c4,,contestants/E10/13-archives/E10-grandchallenge-MATHSOLVE-adcfa0537f43327f4bb9acfe1692f757fce353c4.zip,MATHSOLVE-adcfa0537f43327f4bb9acfe1692f757fce353c4/contributions/OPENMATH-2026/OM26-H7/WP01/receipts/OM26-H7-WP01-IA-001/github-comment-5909810515.json,,36dce954,Filename/path inference; editable in the app
344955,contributions/OPENMATH-2026/OM26-H7/WP02/dispatches/OM26-H7-WP02-IA-001.json,General / shared,938,Pinned collected revision; final designation governed by team receipt | 2fd9fd643bf3e9e98d121dc2e7af1cf1be411ae2,https://codeload.github.com/grandchallenge/MATHSOLVE/zip/2fd9fd643bf3e9e98d121dc2e7af1cf1be411ae2,,contestants/E10/13-archives/E10-grandchallenge-MATHSOLVE-2fd9fd643bf3e9e98d121dc2e7af1cf1be411ae2.zip,MATHSOLVE-2fd9fd643bf3e9e98d121dc2e7af1cf1be411ae2/contributions/OPENMATH-2026/OM26-H7/WP02/dispatches/OM26-H7-WP02-IA-001.json,,2376bff2,Filename/path inference; editable in the app
347992,contributions/OPENMATH-2026/OM26-H7/WP02/dispatches/OM26-H7-WP02-IA-001.json,General / shared,938,Latest public revision collected separately; not an author-designated final | adcfa0537f43327f4bb9acfe1692f757fce353c4,https://codeload.github.com/grandchallenge/MATHSOLVE/zip/adcfa0537f43327f4bb9acfe1692f757fce353c4,,contestants/E10/13-archives/E10-grandchallenge-MATHSOLVE-adcfa0537f43327f4bb9acfe1692f757fce353c4.zip,MATHSOLVE-adcfa0537f43327f4bb9acfe1692f757fce353c4/contributions/OPENMATH-2026/OM26-H7/WP02/dispatches/OM26-H7-WP02-IA-001.json,,2376bff2,Filename/path inference; editable in the app
344956,contributions/OPENMATH-2026/OM26-H7/WP02/lifecycle/OM26-H7-WP02-IA-001/ADJUDICATION.json,General / shared,760,Pinned collected revision; final designation governed by team receipt | 2fd9fd643bf3e9e98d121dc2e7af1cf1be411ae2,https://codeload.github.com/grandchallenge/MATHSOLVE/zip/2fd9fd643bf3e9e98d121dc2e7af1cf1be411ae2,,contestants/E10/13-archives/E10-grandchallenge-MATHSOLVE-2fd9fd643bf3e9e98d121dc2e7af1cf1be411ae2.zip,MATHSOLVE-2fd9fd643bf3e9e98d121dc2e7af1cf1be411ae2/contributions/OPENMATH-2026/OM26-H7/WP02/lifecycle/OM26-H7-WP02-IA-001/ADJUDICATION.json,,44e7aeab,Filename/path inference; editable in the app
347993,contributions/OPENMATH-2026/OM26-H7/WP02/lifecycle/OM26-H7-WP02-IA-001/ADJUDICATION.json,General / shared,760,Latest public revision collected separately; not an author-designated final | adcfa0537f43327f4bb9acfe1692f757fce353c4,https://codeload.github.com/grandchallenge/MATHSOLVE/zip/adcfa0537f43327f4bb9acfe1692f757fce353c4,,contestants/E10/13-archives/E10-grandchallenge-MATHSOLVE-adcfa0537f43327f4bb9acfe1692f757fce353c4.zip,MATHSOLVE-adcfa0537f43327f4bb9acfe1692f757fce353c4/contributions/OPENMATH-2026/OM26-H7/WP02/lifecycle/OM26-H7-WP02-IA-001/ADJUDICATION.json,,44e7aeab,Filename/path inference; editable in the app
344957,contributions/OPENMATH-2026/OM26-H7/WP02/lifecycle/OM26-H7-WP02-IA-001/MANIFEST.json,General / shared,1766,Pinned collected revision; final designation governed by team receipt | 2fd9fd643bf3e9e98d121dc2e7af1cf1be411ae2,https://codeload.github.com/grandchallenge/MATHSOLVE/zip/2fd9fd643bf3e9e98d121dc2e7af1cf1be411ae2,,contestants/E10/13-archives/E10-grandchallenge-MATHSOLVE-2fd9fd643bf3e9e98d121dc2e7af1cf1be411ae2.zip,MATHSOLVE-2fd9fd643bf3e9e98d121dc2e7af1cf1be411ae2/contributions/OPENMATH-2026/OM26-H7/WP02/lifecycle/OM26-H7-WP02-IA-001/MANIFEST.json,,a119593b,Filename/path inference; editable in the app
347994,contributions/OPENMATH-2026/OM26-H7/WP02/lifecycle/OM26-H7-WP02-IA-001/MANIFEST.json,General / shared,1766,Latest public revision collected separately; not an author-designated final | adcfa0537f43327f4bb9acfe1692f757fce353c4,https://codeload.github.com/grandchallenge/MATHSOLVE/zip/adcfa0537f43327f4bb9acfe1692f757fce353c4,,contestants/E10/13-archives/E10-grandchallenge-MATHSOLVE-adcfa0537f43327f4bb9acfe1692f757fce353c4.zip,MATHSOLVE-adcfa0537f43327f4bb9acfe1692f757fce353c4/contributions/OPENMATH-2026/OM26-H7/WP02/lifecycle/OM26-H7-WP02-IA-001/MANIFEST.json,,a119593b,Filename/path inference; editable in the app
344958,contributions/OPENMATH-2026/OM26-H7/WP02/lifecycle/OM26-H7-WP02-IA-001/PROGRAMME_PROJECTION.json,General / shared,903,Pinned collected revision; final designation governed by team receipt | 2fd9fd643bf3e9e98d121dc2e7af1cf1be411ae2,https://codeload.github.com/grandchallenge/MATHSOLVE/zip/2fd9fd643bf3e9e98d121dc2e7af1cf1be411ae2,,contestants/E10/13-archives/E10-grandchallenge-MATHSOLVE-2fd9fd643bf3e9e98d121dc2e7af1cf1be411ae2.zip,MATHSOLVE-2fd9fd643bf3e9e98d121dc2e7af1cf1be411ae2/contributions/OPENMATH-2026/OM26-H7/WP02/lifecycle/OM26-H7-WP02-IA-001/PROGRAMME_PROJECTION.json,,e8eacaa6,Filename/path inference; editable in the app
347995,contributions/OPENMATH-2026/OM26-H7/WP02/lifecycle/OM26-H7-WP02-IA-001/PROGRAMME_PROJECTION.json,General / shared,903,Latest public revision collected separately; not an author-designated final | adcfa0537f43327f4bb9acfe1692f757fce353c4,https://codeload.github.com/grandchallenge/MATHSOLVE/zip/adcfa0537f43327f4bb9acfe1692f757fce353c4,,contestants/E10/13-archives/E10-grandchallenge-MATHSOLVE-adcfa0537f43327f4bb9acfe1692f757fce353c4.zip,MATHSOLVE-adcfa0537f43327f4bb9acfe1692f757fce353c4/contributions/OPENMATH-2026/OM26-H7/WP02/lifecycle/OM26-H7-WP02-IA-001/PROGRAMME_PROJECTION.json,,e8eacaa6,Filename/path inference; editable in the app
344959,contributions/OPENMATH-2026/OM26-H7/WP02/lifecycle/OM26-H7-WP02-IA-001/REPLAY.json,General / shared,729,Pinned collected revision; final designation governed by team receipt | 2fd9fd643bf3e9e98d121dc2e7af1cf1be411ae2,https://codeload.github.com/grandchallenge/MATHSOLVE/zip/2fd9fd643bf3e9e98d121dc2e7af1cf1be411ae2,,contestants/E10/13-archives/E10-grandchallenge-MATHSOLVE-2fd9fd643bf3e9e98d121dc2e7af1cf1be411ae2.zip,MATHSOLVE-2fd9fd643bf3e9e98d121dc2e7af1cf1be411ae2/contributions/OPENMATH-2026/OM26-H7/WP02/lifecycle/OM26-H7-WP02-IA-001/REPLAY.json,,234c6563,Filename/path inference; editable in the app
347996,contributions/OPENMATH-2026/OM26-H7/WP02/lifecycle/OM26-H7-WP02-IA-001/REPLAY.json,General / shared,729,Latest public revision collected separately; not an author-designated final | adcfa0537f43327f4bb9acfe1692f757fce353c4,https://codeload.github.com/grandchallenge/MATHSOLVE/zip/adcfa0537f43327f4bb9acfe1692f757fce353c4,,contestants/E10/13-archives/E10-grandchallenge-MATHSOLVE-adcfa0537f43327f4bb9acfe1692f757fce353c4.zip,MATHSOLVE-adcfa0537f43327f4bb9acfe1692f757fce353c4/contributions/OPENMATH-2026/OM26-H7/WP02/lifecycle/OM26-H7-WP02-IA-001/REPLAY.json,,234c6563,Filename/path inference; editable in the app
344961,contributions/OPENMATH-2026/OM26-H7/WP02/receipts/OM26-H7-WP02-IA-001/github-comment-5921278456.json,General / shared,1550,Pinned collected revision; final designation governed by team receipt | 2fd9fd643bf3e9e98d121dc2e7af1cf1be411ae2,https://codeload.github.com/grandchallenge/MATHSOLVE/zip/2fd9fd643bf3e9e98d121dc2e7af1cf1be411ae2,,contestants/E10/13-archives/E10-grandchallenge-MATHSOLVE-2fd9fd643bf3e9e98d121dc2e7af1cf1be411ae2.zip,MATHSOLVE-2fd9fd643bf3e9e98d121dc2e7af1cf1be411ae2/contributions/OPENMATH-2026/OM26-H7/WP02/receipts/OM26-H7-WP02-IA-001/github-comment-5921278456.json,,6d39ae53,Filename/path inference; editable in the app
347998,contributions/OPENMATH-2026/OM26-H7/WP02/receipts/OM26-H7-WP02-IA-001/github-comment-5921278456.json,General / shared,1550,Latest public revision collected separately; not an author-designated final | adcfa0537f43327f4bb9acfe1692f757fce353c4,https://codeload.github.com/grandchallenge/MATHSOLVE/zip/adcfa0537f43327f4bb9acfe1692f757fce353c4,,contestants/E10/13-archives/E10-grandchallenge-MATHSOLVE-adcfa0537f43327f4bb9acfe1692f757fce353c4.zip,MATHSOLVE-adcfa0537f43327f4bb9acfe1692f757fce353c4/contributions/OPENMATH-2026/OM26-H7/WP02/receipts/OM26-H7-WP02-IA-001/github-comment-5921278456.json,,6d39ae53,Filename/path inference; editable in the app
344962,contributions/OPENMATH-2026/OM26-H7/WP03/dispatches/OM26-H7-WP03-IA-001.json,General / shared,932,Pinned collected revision; final designation governed by team receipt | 2fd9fd643bf3e9e98d121dc2e7af1cf1be411ae2,https://codeload.github.com/grandchallenge/MATHSOLVE/zip/2fd9fd643bf3e9e98d121dc2e7af1cf1be411ae2,,contestants/E10/13-archives/E10-grandchallenge-MATHSOLVE-2fd9fd643bf3e9e98d121dc2e7af1cf1be411ae2.zip,MATHSOLVE-2fd9fd643bf3e9e98d121dc2e7af1cf1be411ae2/contributions/OPENMATH-2026/OM26-H7/WP03/dispatches/OM26-H7-WP03-IA-001.json,,659a2f85,Filename/path inference; editable in the app
347999,contributions/OPENMATH-2026/OM26-H7/WP03/dispatches/OM26-H7-WP03-IA-001.json,General / shared,932,Latest public revision collected separately; not an author-designated final | adcfa0537f43327f4bb9acfe1692f757fce353c4,https://codeload.github.com/grandchallenge/MATHSOLVE/zip/adcfa0537f43327f4bb9acfe1692f757fce353c4,,contestants/E10/13-archives/E10-grandchallenge-MATHSOLVE-adcfa0537f43327f4bb9acfe1692f757fce353c4.zip,MATHSOLVE-adcfa0537f43327f4bb9acfe1692f757fce353c4/contributions/OPENMATH-2026/OM26-H7/WP03/dispatches/OM26-H7-WP03-IA-001.json,,659a2f85,Filename/path inference; editable in the app
344963,contributions/OPENMATH-2026/OM26-H7/WP04/dispatches/OM26-H7-WP04-IA-001.json,General / shared,963,Pinned collected revision; final designation governed by team receipt | 2fd9fd643bf3e9e98d121dc2e7af1cf1be411ae2,https://codeload.github.com/grandchallenge/MATHSOLVE/zip/2fd9fd643bf3e9e98d121dc2e7af1cf1be411ae2,,contestants/E10/13-archives/E10-grandchallenge-MATHSOLVE-2fd9fd643bf3e9e98d121dc2e7af1cf1be411ae2.zip,MATHSOLVE-2fd9fd643bf3e9e98d121dc2e7af1cf1be411ae2/contributions/OPENMATH-2026/OM26-H7/WP04/dispatches/OM26-H7-WP04-IA-001.json,,a20f0092,Filename/path inference; editable in the app
348000,contributions/OPENMATH-2026/OM26-H7/WP04/dispatches/OM26-H7-WP04-IA-001.json,General / shared,963,Latest public revision collected separately; not an author-designated final | adcfa0537f43327f4bb9acfe1692f757fce353c4,https://codeload.github.com/grandchallenge/MATHSOLVE/zip/adcfa0537f43327f4bb9acfe1692f757fce353c4,,contestants/E10/13-archives/E10-grandchallenge-MATHSOLVE-adcfa0537f43327f4bb9acfe1692f757fce353c4.zip,MATHSOLVE-adcfa0537f43327f4bb9acfe1692f757fce353c4/contributions/OPENMATH-2026/OM26-H7/WP04/dispatches/OM26-H7-WP04-IA-001.json,,a20f0092,Filename/path inference; editable in the app
344964,contributions/OPENMATH-2026/OM26-H7/WP04/lifecycle/OM26-H7-WP04-IA-001/ADJUDICATION.json,General / shared,760,Pinned collected revision; final designation governed by team receipt | 2fd9fd643bf3e9e98d121dc2e7af1cf1be411ae2,https://codeload.github.com/grandchallenge/MATHSOLVE/zip/2fd9fd643bf3e9e98d121dc2e7af1cf1be411ae2,,contestants/E10/13-archives/E10-grandchallenge-MATHSOLVE-2fd9fd643bf3e9e98d121dc2e7af1cf1be411ae2.zip,MATHSOLVE-2fd9fd643bf3e9e98d121dc2e7af1cf1be411ae2/contributions/OPENMATH-2026/OM26-H7/WP04/lifecycle/OM26-H7-WP04-IA-001/ADJUDICATION.json,,48475115,Filename/path inference; editable in the app
348001,contributions/OPENMATH-2026/OM26-H7/WP04/lifecycle/OM26-H7-WP04-IA-001/ADJUDICATION.json,General / shared,760,Latest public revision collected separately; not an author-designated final | adcfa0537f43327f4bb9acfe1692f757fce353c4,https://codeload.github.com/grandchallenge/MATHSOLVE/zip/adcfa0537f43327f4bb9acfe1692f757fce353c4,,contestants/E10/13-archives/E10-grandchallenge-MATHSOLVE-adcfa0537f43327f4bb9acfe1692f757fce353c4.zip,MATHSOLVE-adcfa0537f43327f4bb9acfe1692f757fce353c4/contributions/OPENMATH-2026/OM26-H7/WP04/lifecycle/OM26-H7-WP04-IA-001/ADJUDICATION.json,,48475115,Filename/path inference; editable in the app
344965,contributions/OPENMATH-2026/OM26-H7/WP04/lifecycle/OM26-H7-WP04-IA-001/MANIFEST.json,General / shared,1857,Pinned collected revision; final designation governed by team receipt | 2fd9fd643bf3e9e98d121dc2e7af1cf1be411ae2,https://codeload.github.com/grandchallenge/MATHSOLVE/zip/2fd9fd643bf3e9e98d121dc2e7af1cf1be411ae2,,contestants/E10/13-archives/E10-grandchallenge-MATHSOLVE-2fd9fd643bf3e9e98d121dc2e7af1cf1be411ae2.zip,MATHSOLVE-2fd9fd643bf3e9e98d121dc2e7af1cf1be411ae2/contributions/OPENMATH-2026/OM26-H7/WP04/lifecycle/OM26-H7-WP04-IA-001/MANIFEST.json,,04426147,Filename/path inference; editable in the app
348002,contributions/OPENMATH-2026/OM26-H7/WP04/lifecycle/OM26-H7-WP04-IA-001/MANIFEST.json,General / shared,1857,Latest public revision collected separately; not an author-designated final | adcfa0537f43327f4bb9acfe1692f757fce353c4,https://codeload.github.com/grandchallenge/MATHSOLVE/zip/adcfa0537f43327f4bb9acfe1692f757fce353c4,,contestants/E10/13-archives/E10-grandchallenge-MATHSOLVE-adcfa0537f43327f4bb9acfe1692f757fce353c4.zip,MATHSOLVE-adcfa0537f43327f4bb9acfe1692f757fce353c4/contributions/OPENMATH-2026/OM26-H7/WP04/lifecycle/OM26-H7-WP04-IA-001/MANIFEST.json,,04426147,Filename/path inference; editable in the app
344966,contributions/OPENMATH-2026/OM26-H7/WP04/lifecycle/OM26-H7-WP04-IA-001/PROGRAMME_PROJECTION.json,General / shared,953,Pinned collected revision; final designation governed by team receipt | 2fd9fd643bf3e9e98d121dc2e7af1cf1be411ae2,https://codeload.github.com/grandchallenge/MATHSOLVE/zip/2fd9fd643bf3e9e98d121dc2e7af1cf1be411ae2,,contestants/E10/13-archives/E10-grandchallenge-MATHSOLVE-2fd9fd643bf3e9e98d121dc2e7af1cf1be411ae2.zip,MATHSOLVE-2fd9fd643bf3e9e98d121dc2e7af1cf1be411ae2/contributions/OPENMATH-2026/OM26-H7/WP04/lifecycle/OM26-H7-WP04-IA-001/PROGRAMME_PROJECTION.json,,9664778f,Filename/path inference; editable in the app
348003,contributions/OPENMATH-2026/OM26-H7/WP04/lifecycle/OM26-H7-WP04-IA-001/PROGRAMME_PROJECTION.json,General / shared,953,Latest public revision collected separately; not an author-designated final | adcfa0537f43327f4bb9acfe1692f757fce353c4,https://codeload.github.com/grandchallenge/MATHSOLVE/zip/adcfa0537f43327f4bb9acfe1692f757fce353c4,,contestants/E10/13-archives/E10-grandchallenge-MATHSOLVE-adcfa0537f43327f4bb9acfe1692f757fce353c4.zip,MATHSOLVE-adcfa0537f43327f4bb9acfe1692f757fce353c4/contributions/OPENMATH-2026/OM26-H7/WP04/lifecycle/OM26-H7-WP04-IA-001/PROGRAMME_PROJECTION.json,,9664778f,Filename/path inference; editable in the app
344967,contributions/OPENMATH-2026/OM26-H7/WP04/lifecycle/OM26-H7-WP04-IA-001/REPLAY.json,General / shared,729,Pinned collected revision; final designation governed by team receipt | 2fd9fd643bf3e9e98d121dc2e7af1cf1be411ae2,https://codeload.github.com/grandchallenge/MATHSOLVE/zip/2fd9fd643bf3e9e98d121dc2e7af1cf1be411ae2,,contestants/E10/13-archives/E10-grandchallenge-MATHSOLVE-2fd9fd643bf3e9e98d121dc2e7af1cf1be411ae2.zip,MATHSOLVE-2fd9fd643bf3e9e98d121dc2e7af1cf1be411ae2/contributions/OPENMATH-2026/OM26-H7/WP04/lifecycle/OM26-H7-WP04-IA-001/REPLAY.json,,153239eb,Filename/path inference; editable in the app
348004,contributions/OPENMATH-2026/OM26-H7/WP04/lifecycle/OM26-H7-WP04-IA-001/REPLAY.json,General / shared,729,Latest public revision collected separately; not an author-designated final | adcfa0537f43327f4bb9acfe1692f757fce353c4,https://codeload.github.com/grandchallenge/MATHSOLVE/zip/adcfa0537f43327f4bb9acfe1692f757fce353c4,,contestants/E10/13-archives/E10-grandchallenge-MATHSOLVE-adcfa0537f43327f4bb9acfe1692f757fce353c4.zip,MATHSOLVE-adcfa0537f43327f4bb9acfe1692f757fce353c4/contributions/OPENMATH-2026/OM26-H7/WP04/lifecycle/OM26-H7-WP04-IA-001/REPLAY.json,,153239eb,Filename/path inference; editable in the app
344969,contributions/OPENMATH-2026/OM26-H7/WP04/receipts/OM26-H7-WP04-IA-001/github-comment-5942424919.json,General / shared,11944,Pinned collected revision; final designation governed by team receipt | 2fd9fd643bf3e9e98d121dc2e7af1cf1be411ae2,https://codeload.github.com/grandchallenge/MATHSOLVE/zip/2fd9fd643bf3e9e98d121dc2e7af1cf1be411ae2,,contestants/E10/13-archives/E10-grandchallenge-MATHSOLVE-2fd9fd643bf3e9e98d121dc2e7af1cf1be411ae2.zip,MATHSOLVE-2fd9fd643bf3e9e98d121dc2e7af1cf1be411ae2/contributions/OPENMATH-2026/OM26-H7/WP04/receipts/OM26-H7-WP04-IA-001/github-comment-5942424919.json,,e8c7e79e,Filename/path inference; editable in the app
348006,contributions/OPENMATH-2026/OM26-H7/WP04/receipts/OM26-H7-WP04-IA-001/github-comment-5942424919.json,General / shared,11944,Latest public revision collected separately; not an author-designated final | adcfa0537f43327f4bb9acfe1692f757fce353c4,https://codeload.github.com/grandchallenge/MATHSOLVE/zip/adcfa0537f43327f4bb9acfe1692f757fce353c4,,contestants/E10/13-archives/E10-grandchallenge-MATHSOLVE-adcfa0537f43327f4bb9acfe1692f757fce353c4.zip,MATHSOLVE-adcfa0537f43327f4bb9acfe1692f757fce353c4/contributions/OPENMATH-2026/OM26-H7/WP04/receipts/OM26-H7-WP04-IA-001/github-comment-5942424919.json,,e8c7e79e,Filename/path inference; editable in the app
344970,contributions/OPENMATH-2026/OM26-H7/WP05/dispatches/OM26-H7-WP05-IA-001.json,General / shared,971,Pinned collected revision; final designation governed by team receipt | 2fd9fd643bf3e9e98d121dc2e7af1cf1be411ae2,https://codeload.github.com/grandchallenge/MATHSOLVE/zip/2fd9fd643bf3e9e98d121dc2e7af1cf1be411ae2,,contestants/E10/13-archives/E10-grandchallenge-MATHSOLVE-2fd9fd643bf3e9e98d121dc2e7af1cf1be411ae2.zip,MATHSOLVE-2fd9fd643bf3e9e98d121dc2e7af1cf1be411ae2/contributions/OPENMATH-2026/OM26-H7/WP05/dispatches/OM26-H7-WP05-IA-001.json,,68923b92,Filename/path inference; editable in the app
348007,contributions/OPENMATH-2026/OM26-H7/WP05/dispatches/OM26-H7-WP05-IA-001.json,General / shared,971,Latest public revision collected separately; not an author-designated final | adcfa0537f43327f4bb9acfe1692f757fce353c4,https://codeload.github.com/grandchallenge/MATHSOLVE/zip/adcfa0537f43327f4bb9acfe1692f757fce353c4,,contestants/E10/13-archives/E10-grandchallenge-MATHSOLVE-adcfa0537f43327f4bb9acfe1692f757fce353c4.zip,MATHSOLVE-adcfa0537f43327f4bb9acfe1692f757fce353c4/contributions/OPENMATH-2026/OM26-H7/WP05/dispatches/OM26-H7-WP05-IA-001.json,,68923b92,Filename/path inference; editable in the app
348008,contributions/OPENMATH-2026/OM26-H7/WP05/lifecycle/OM26-H7-WP05-IA-001/ADJUDICATION.json,General / shared,760,Latest public revision collected separately; not an author-designated final | adcfa0537f43327f4bb9acfe1692f757fce353c4,https://codeload.github.com/grandchallenge/MATHSOLVE/zip/adcfa0537f43327f4bb9acfe1692f757fce353c4,,contestants/E10/13-archives/E10-grandchallenge-MATHSOLVE-adcfa0537f43327f4bb9acfe1692f757fce353c4.zip,MATHSOLVE-adcfa0537f43327f4bb9acfe1692f757fce353c4/contributions/OPENMATH-2026/OM26-H7/WP05/lifecycle/OM26-H7-WP05-IA-001/ADJUDICATION.json,,8488e6d3,Filename/path inference; editable in the app
348009,contributions/OPENMATH-2026/OM26-H7/WP05/lifecycle/OM26-H7-WP05-IA-001/MANIFEST.json,General / shared,1857,Latest public revision collected separately; not an author-designated final | adcfa0537f43327f4bb9acfe1692f757fce353c4,https://codeload.github.com/grandchallenge/MATHSOLVE/zip/adcfa0537f43327f4bb9acfe1692f757fce353c4,,contestants/E10/13-archives/E10-grandchallenge-MATHSOLVE-adcfa0537f43327f4bb9acfe1692f757fce353c4.zip,MATHSOLVE-adcfa0537f43327f4bb9acfe1692f757fce353c4/contributions/OPENMATH-2026/OM26-H7/WP05/lifecycle/OM26-H7-WP05-IA-001/MANIFEST.json,,c18e8912,Filename/path inference; editable in the app
348010,contributions/OPENMATH-2026/OM26-H7/WP05/lifecycle/OM26-H7-WP05-IA-001/PROGRAMME_PROJECTION.json,General / shared,953,Latest public revision collected separately; not an author-designated final | adcfa0537f43327f4bb9acfe1692f757fce353c4,https://codeload.github.com/grandchallenge/MATHSOLVE/zip/adcfa0537f43327f4bb9acfe1692f757fce353c4,,contestants/E10/13-archives/E10-grandchallenge-MATHSOLVE-adcfa0537f43327f4bb9acfe1692f757fce353c4.zip,MATHSOLVE-adcfa0537f43327f4bb9acfe1692f757fce353c4/contributions/OPENMATH-2026/OM26-H7/WP05/lifecycle/OM26-H7-WP05-IA-001/PROGRAMME_PROJECTION.json,,3fe19cbe,Filename/path inference; editable in the app
348011,contributions/OPENMATH-2026/OM26-H7/WP05/lifecycle/OM26-H7-WP05-IA-001/REPLAY.json,General / shared,729,Latest public revision collected separately; not an author-designated final | adcfa0537f43327f4bb9acfe1692f757fce353c4,https://codeload.github.com/grandchallenge/MATHSOLVE/zip/adcfa0537f43327f4bb9acfe1692f757fce353c4,,contestants/E10/13-archives/E10-grandchallenge-MATHSOLVE-adcfa0537f43327f4bb9acfe1692f757fce353c4.zip,MATHSOLVE-adcfa0537f43327f4bb9acfe1692f757fce353c4/contributions/OPENMATH-2026/OM26-H7/WP05/lifecycle/OM26-H7-WP05-IA-001/REPLAY.json,,1c2723d7,Filename/path inference; editable in the app
348013,contributions/OPENMATH-2026/OM26-H7/WP05/receipts/OM26-H7-WP05-IA-001/github-comment-5963054326.json,General / shared,8492,Latest public revision collected separately; not an author-designated final | adcfa0537f43327f4bb9acfe1692f757fce353c4,https://codeload.github.com/grandchallenge/MATHSOLVE/zip/adcfa0537f43327f4bb9acfe1692f757fce353c4,,contestants/E10/13-archives/E10-grandchallenge-MATHSOLVE-adcfa0537f43327f4bb9acfe1692f757fce353c4.zip,MATHSOLVE-adcfa0537f43327f4bb9acfe1692f757fce353c4/contributions/OPENMATH-2026/OM26-H7/WP05/receipts/OM26-H7-WP05-IA-001/github-comment-5963054326.json,,252991fb,Filename/path inference; editable in the app
348014,contributions/OPENMATH-2026/OM26-H7/WP06/dispatches/OM26-H7-WP06-IA-001.json,General / shared,974,Latest public revision collected separately; not an author-designated final | adcfa0537f43327f4bb9acfe1692f757fce353c4,https://codeload.github.com/grandchallenge/MATHSOLVE/zip/adcfa0537f43327f4bb9acfe1692f757fce353c4,,contestants/E10/13-archives/E10-grandchallenge-MATHSOLVE-adcfa0537f43327f4bb9acfe1692f757fce353c4.zip,MATHSOLVE-adcfa0537f43327f4bb9acfe1692f757fce353c4/contributions/OPENMATH-2026/OM26-H7/WP06/dispatches/OM26-H7-WP06-IA-001.json,,b89af890,Filename/path inference; editable in the app
348015,contributions/UC-001/WP08_D004_INCIDENCE_INTERFACE/ACTIVATION_RECEIPT.json,General / shared,3972,Latest public revision collected separately; not an author-designated final | adcfa0537f43327f4bb9acfe1692f757fce353c4,https://codeload.github.com/grandchallenge/MATHSOLVE/zip/adcfa0537f43327f4bb9acfe1692f757fce353c4,,contestants/E10/13-archives/E10-grandchallenge-MATHSOLVE-adcfa0537f43327f4bb9acfe1692f757fce353c4.zip,MATHSOLVE-adcfa0537f43327f4bb9acfe1692f757fce353c4/contributions/UC-001/WP08_D004_INCIDENCE_INTERFACE/ACTIVATION_RECEIPT.json,,ec906079,Filename/path inference; editable in the app
348016,contributions/UC-001/WP08_D004_INCIDENCE_INTERFACE/DISPATCH_REGISTRY.json,General / shared,913,Latest public revision collected separately; not an author-designated final | adcfa0537f43327f4bb9acfe1692f757fce353c4,https://codeload.github.com/grandchallenge/MATHSOLVE/zip/adcfa0537f43327f4bb9acfe1692f757fce353c4,,contestants/E10/13-archives/E10-grandchallenge-MATHSOLVE-adcfa0537f43327f4bb9acfe1692f757fce353c4.zip,MATHSOLVE-adcfa0537f43327f4bb9acfe1692f757fce353c4/contributions/UC-001/WP08_D004_INCIDENCE_INTERFACE/DISPATCH_REGISTRY.json,,034ab42a,Filename/path inference; editable in the app
348017,contributions/UC-001/WP08_D004_INCIDENCE_INTERFACE/cohorts/UC-WP08-D004-BLIND-COHORT-001.json,General / shared,1032,Latest public revision collected separately; not an author-designated final | adcfa0537f43327f4bb9acfe1692f757fce353c4,https://codeload.github.com/grandchallenge/MATHSOLVE/zip/adcfa0537f43327f4bb9acfe1692f757fce353c4,,contestants/E10/13-archives/E10-grandchallenge-MATHSOLVE-adcfa0537f43327f4bb9acfe1692f757fce353c4.zip,MATHSOLVE-adcfa0537f43327f4bb9acfe1692f757fce353c4/contributions/UC-001/WP08_D004_INCIDENCE_INTERFACE/cohorts/UC-WP08-D004-BLIND-COHORT-001.json,,b8b375d2,Filename/path inference; editable in the app
348018,contributions/UC-001/WP08_D004_INCIDENCE_INTERFACE/dispatches/UC-WP08-D004-WP01-IA-001.json,General / shared,2385,Latest public revision collected separately; not an author-designated final | adcfa0537f43327f4bb9acfe1692f757fce353c4,https://codeload.github.com/grandchallenge/MATHSOLVE/zip/adcfa0537f43327f4bb9acfe1692f757fce353c4,,contestants/E10/13-archives/E10-grandchallenge-MATHSOLVE-adcfa0537f43327f4bb9acfe1692f757fce353c4.zip,MATHSOLVE-adcfa0537f43327f4bb9acfe1692f757fce353c4/contributions/UC-001/WP08_D004_INCIDENCE_INTERFACE/dispatches/UC-WP08-D004-WP01-IA-001.json,,d91d8575,Filename/path inference; editable in the app
348019,contributions/UC-001/WP08_D004_INCIDENCE_INTERFACE/dispatches/UC-WP08-D004-WP02-IA-001.json,General / shared,2392,Latest public revision collected separately; not an author-designated final | adcfa0537f43327f4bb9acfe1692f757fce353c4,https://codeload.github.com/grandchallenge/MATHSOLVE/zip/adcfa0537f43327f4bb9acfe1692f757fce353c4,,contestants/E10/13-archives/E10-grandchallenge-MATHSOLVE-adcfa0537f43327f4bb9acfe1692f757fce353c4.zip,MATHSOLVE-adcfa0537f43327f4bb9acfe1692f757fce353c4/contributions/UC-001/WP08_D004_INCIDENCE_INTERFACE/dispatches/UC-WP08-D004-WP02-IA-001.json,,992f6889,Filename/path inference; editable in the app
348020,contributions/UC-001/WP08_D004_INCIDENCE_INTERFACE/dispatches/UC-WP08-D004-WP03-IA-001.json,General / shared,2387,Latest public revision collected separately; not an author-designated final | adcfa0537f43327f4bb9acfe1692f757fce353c4,https://codeload.github.com/grandchallenge/MATHSOLVE/zip/adcfa0537f43327f4bb9acfe1692f757fce353c4,,contestants/E10/13-archives/E10-grandchallenge-MATHSOLVE-adcfa0537f43327f4bb9acfe1692f757fce353c4.zip,MATHSOLVE-adcfa0537f43327f4bb9acfe1692f757fce353c4/contributions/UC-001/WP08_D004_INCIDENCE_INTERFACE/dispatches/UC-WP08-D004-WP03-IA-001.json,,6251d794,Filename/path inference; editable in the app
348021,contributions/UC-001/WP08_D004_INCIDENCE_INTERFACE/dispatches/UC-WP08-D004-WP04-IA-001.json,General / shared,2392,Latest public revision collected separately; not an author-designated final | adcfa0537f43327f4bb9acfe1692f757fce353c4,https://codeload.github.com/grandchallenge/MATHSOLVE/zip/adcfa0537f43327f4bb9acfe1692f757fce353c4,,contestants/E10/13-archives/E10-grandchallenge-MATHSOLVE-adcfa0537f43327f4bb9acfe1692f757fce353c4.zip,MATHSOLVE-adcfa0537f43327f4bb9acfe1692f757fce353c4/contributions/UC-001/WP08_D004_INCIDENCE_INTERFACE/dispatches/UC-WP08-D004-WP04-IA-001.json,,13f9b213,Filename/path inference; editable in the app
348022,contributions/UC-001/WP08_D004_INCIDENCE_INTERFACE/dispatches/UC-WP08-D004-WP05-IA-001.json,General / shared,2372,Latest public revision collected separately; not an author-designated final | adcfa0537f43327f4bb9acfe1692f757fce353c4,https://codeload.github.com/grandchallenge/MATHSOLVE/zip/adcfa0537f43327f4bb9acfe1692f757fce353c4,,contestants/E10/13-archives/E10-grandchallenge-MATHSOLVE-adcfa0537f43327f4bb9acfe1692f757fce353c4.zip,MATHSOLVE-adcfa0537f43327f4bb9acfe1692f757fce353c4/contributions/UC-001/WP08_D004_INCIDENCE_INTERFACE/dispatches/UC-WP08-D004-WP05-IA-001.json,,66485c3f,Filename/path inference; editable in the app
348023,contributions/YM-001/YM_D003_MRS_R002/dispatches/YM-D003-MRS-R002-WP-A-IA-001.json,General / shared,1189,Latest public revision collected separately; not an author-designated final | adcfa0537f43327f4bb9acfe1692f757fce353c4,https://codeload.github.com/grandchallenge/MATHSOLVE/zip/adcfa0537f43327f4bb9acfe1692f757fce353c4,,contestants/E10/13-archives/E10-grandchallenge-MATHSOLVE-adcfa0537f43327f4bb9acfe1692f757fce353c4.zip,MATHSOLVE-adcfa0537f43327f4bb9acfe1692f757fce353c4/contributions/YM-001/YM_D003_MRS_R002/dispatches/YM-D003-MRS-R002-WP-A-IA-001.json,,3adaa392,Filename/path inference; editable in the app
348024,contributions/YM-001/YM_D003_MRS_R002/dispatches/YM-D003-MRS-R002-WP-B-IA-001.json,General / shared,1188,Latest public revision collected separately; not an author-designated final | adcfa0537f43327f4bb9acfe1692f757fce353c4,https://codeload.github.com/grandchallenge/MATHSOLVE/zip/adcfa0537f43327f4bb9acfe1692f757fce353c4,,contestants/E10/13-archives/E10-grandchallenge-MATHSOLVE-adcfa0537f43327f4bb9acfe1692f757fce353c4.zip,MATHSOLVE-adcfa0537f43327f4bb9acfe1692f757fce353c4/contributions/YM-001/YM_D003_MRS_R002/dispatches/YM-D003-MRS-R002-WP-B-IA-001.json,,de4df7e0,Filename/path inference; editable in the app
348025,contributions/YM-001/YM_D003_MRS_R002/dispatches/YM-D003-MRS-R002-WP-C-IA-001.json,General / shared,1189,Latest public revision collected separately; not an author-designated final | adcfa0537f43327f4bb9acfe1692f757fce353c4,https://codeload.github.com/grandchallenge/MATHSOLVE/zip/adcfa0537f43327f4bb9acfe1692f757fce353c4,,contestants/E10/13-archives/E10-grandchallenge-MATHSOLVE-adcfa0537f43327f4bb9acfe1692f757fce353c4.zip,MATHSOLVE-adcfa0537f43327f4bb9acfe1692f757fce353c4/contributions/YM-001/YM_D003_MRS_R002/dispatches/YM-D003-MRS-R002-WP-C-IA-001.json,,1493929d,Filename/path inference; editable in the app
348029,contributions/YM-001/YM_D003_MRS_R002/receipts/YM-D003-MRS-R002-WP-A-IA-001/github-comment-5967005635.json,General / shared,1097,Latest public revision collected separately; not an author-designated final | adcfa0537f43327f4bb9acfe1692f757fce353c4,https://codeload.github.com/grandchallenge/MATHSOLVE/zip/adcfa0537f43327f4bb9acfe1692f757fce353c4,,contestants/E10/13-archives/E10-grandchallenge-MATHSOLVE-adcfa0537f43327f4bb9acfe1692f757fce353c4.zip,MATHSOLVE-adcfa0537f43327f4bb9acfe1692f757fce353c4/contributions/YM-001/YM_D003_MRS_R002/receipts/YM-D003-MRS-R002-WP-A-IA-001/github-comment-5967005635.json,,4233b37d,Filename/path inference; editable in the app
348030,contributions/YM-001/YM_D003_MRS_R002/receipts/YM-D003-MRS-R002-WP-B-IA-001/github-comment-5966952070.json,General / shared,1096,Latest public revision collected separately; not an author-designated final | adcfa0537f43327f4bb9acfe1692f757fce353c4,https://codeload.github.com/grandchallenge/MATHSOLVE/zip/adcfa0537f43327f4bb9acfe1692f757fce353c4,,contestants/E10/13-archives/E10-grandchallenge-MATHSOLVE-adcfa0537f43327f4bb9acfe1692f757fce353c4.zip,MATHSOLVE-adcfa0537f43327f4bb9acfe1692f757fce353c4/contributions/YM-001/YM_D003_MRS_R002/receipts/YM-D003-MRS-R002-WP-B-IA-001/github-comment-5966952070.json,,f005b2dc,Filename/path inference; editable in the app
348031,contributions/YM-001/YM_D003_MRS_R002/receipts/YM-D003-MRS-R002-WP-C-IA-001/github-comment-5966936787.json,General / shared,1095,Latest public revision collected separately; not an author-designated final | adcfa0537f43327f4bb9acfe1692f757fce353c4,https://codeload.github.com/grandchallenge/MATHSOLVE/zip/adcfa0537f43327f4bb9acfe1692f757fce353c4,,contestants/E10/13-archives/E10-grandchallenge-MATHSOLVE-adcfa0537f43327f4bb9acfe1692f757fce353c4.zip,MATHSOLVE-adcfa0537f43327f4bb9acfe1692f757fce353c4/contributions/YM-001/YM_D003_MRS_R002/receipts/YM-D003-MRS-R002-WP-C-IA-001/github-comment-5966936787.json,,1cf9699a,Filename/path inference; editable in the app
344981,domains/researchmath/RM-DIO-004/exact_screen.json,General / shared,777,Pinned collected revision; final designation governed by team receipt | 2fd9fd643bf3e9e98d121dc2e7af1cf1be411ae2,https://codeload.github.com/grandchallenge/MATHSOLVE/zip/2fd9fd643bf3e9e98d121dc2e7af1cf1be411ae2,,contestants/E10/13-archives/E10-grandchallenge-MATHSOLVE-2fd9fd643bf3e9e98d121dc2e7af1cf1be411ae2.zip,MATHSOLVE-2fd9fd643bf3e9e98d121dc2e7af1cf1be411ae2/domains/researchmath/RM-DIO-004/exact_screen.json,,08b00479,Filename/path inference; editable in the app
348042,domains/researchmath/RM-DIO-004/exact_screen.json,General / shared,777,Latest public revision collected separately; not an author-designated final | adcfa0537f43327f4bb9acfe1692f757fce353c4,https://codeload.github.com/grandchallenge/MATHSOLVE/zip/adcfa0537f43327f4bb9acfe1692f757fce353c4,,contestants/E10/13-archives/E10-grandchallenge-MATHSOLVE-adcfa0537f43327f4bb9acfe1692f757fce353c4.zip,MATHSOLVE-adcfa0537f43327f4bb9acfe1692f757fce353c4/domains/researchmath/RM-DIO-004/exact_screen.json,,08b00479,Filename/path inference; editable in the app
344982,domains/researchmath/RM-DIO-004/mathcert_handoff.json,General / shared,911,Pinned collected revision; final designation governed by team receipt | 2fd9fd643bf3e9e98d121dc2e7af1cf1be411ae2,https://codeload.github.com/grandchallenge/MATHSOLVE/zip/2fd9fd643bf3e9e98d121dc2e7af1cf1be411ae2,,contestants/E10/13-archives/E10-grandchallenge-MATHSOLVE-2fd9fd643bf3e9e98d121dc2e7af1cf1be411ae2.zip,MATHSOLVE-2fd9fd643bf3e9e98d121dc2e7af1cf1be411ae2/domains/researchmath/RM-DIO-004/mathcert_handoff.json,,e76ced14,Filename/path inference; editable in the app
348043,domains/researchmath/RM-DIO-004/mathcert_handoff.json,General / shared,911,Latest public revision collected separately; not an author-designated final | adcfa0537f43327f4bb9acfe1692f757fce353c4,https://codeload.github.com/grandchallenge/MATHSOLVE/zip/adcfa0537f43327f4bb9acfe1692f757fce353c4,,contestants/E10/13-archives/E10-grandchallenge-MATHSOLVE-adcfa0537f43327f4bb9acfe1692f757fce353c4.zip,MATHSOLVE-adcfa0537f43327f4bb9acfe1692f757fce353c4/domains/researchmath/RM-DIO-004/mathcert_handoff.json,,e76ced14,Filename/path inference; editable in the app
344983,domains/researchmath/RM-DIO-004/source_binding.json,General / shared,1027,Pinned collected revision; final designation governed by team receipt | 2fd9fd643bf3e9e98d121dc2e7af1cf1be411ae2,https://codeload.github.com/grandchallenge/MATHSOLVE/zip/2fd9fd643bf3e9e98d121dc2e7af1cf1be411ae2,,contestants/E10/13-archives/E10-grandchallenge-MATHSOLVE-2fd9fd643bf3e9e98d121dc2e7af1cf1be411ae2.zip,MATHSOLVE-2fd9fd643bf3e9e98d121dc2e7af1cf1be411ae2/domains/researchmath/RM-DIO-004/source_binding.json,,513f46c3,Filename/path inference; editable in the app
348044,domains/researchmath/RM-DIO-004/source_binding.json,General / shared,1027,Latest public revision collected separately; not an author-designated final | adcfa0537f43327f4bb9acfe1692f757fce353c4,https://codeload.github.com/grandchallenge/MATHSOLVE/zip/adcfa0537f43327f4bb9acfe1692f757fce353c4,,contestants/E10/13-archives/E10-grandchallenge-MATHSOLVE-adcfa0537f43327f4bb9acfe1692f757fce353c4.zip,MATHSOLVE-adcfa0537f43327f4bb9acfe1692f757fce353c4/domains/researchmath/RM-DIO-004/source_binding.json,,513f46c3,Filename/path inference; editable in the app
345023,domains/union_closed/WP06_ideal_family_bridge/chaidez_v2_conformance.json,General / shared,15312,Pinned collected revision; final designation governed by team receipt | 2fd9fd643bf3e9e98d121dc2e7af1cf1be411ae2,https://codeload.github.com/grandchallenge/MATHSOLVE/zip/2fd9fd643bf3e9e98d121dc2e7af1cf1be411ae2,,contestants/E10/13-archives/E10-grandchallenge-MATHSOLVE-2fd9fd643bf3e9e98d121dc2e7af1cf1be411ae2.zip,MATHSOLVE-2fd9fd643bf3e9e98d121dc2e7af1cf1be411ae2/domains/union_closed/WP06_ideal_family_bridge/chaidez_v2_conformance.json,,d02c35e2,Filename/path inference; editable in the app
348084,domains/union_closed/WP06_ideal_family_bridge/chaidez_v2_conformance.json,General / shared,15312,Latest public revision collected separately; not an author-designated final | adcfa0537f43327f4bb9acfe1692f757fce353c4,https://codeload.github.com/grandchallenge/MATHSOLVE/zip/adcfa0537f43327f4bb9acfe1692f757fce353c4,,contestants/E10/13-archives/E10-grandchallenge-MATHSOLVE-adcfa0537f43327f4bb9acfe1692f757fce353c4.zip,MATHSOLVE-adcfa0537f43327f4bb9acfe1692f757fce353c4/domains/union_closed/WP06_ideal_family_bridge/chaidez_v2_conformance.json,,d02c35e2,Filename/path inference; editable in the app
345034,examples/grobner_tactic_invocations/GB-TACTIC-DEMO-001.json,General / shared,2069,Pinned collected revision; final designation governed by team receipt | 2fd9fd643bf3e9e98d121dc2e7af1cf1be411ae2,https://codeload.github.com/grandchallenge/MATHSOLVE/zip/2fd9fd643bf3e9e98d121dc2e7af1cf1be411ae2,,contestants/E10/13-archives/E10-grandchallenge-MATHSOLVE-2fd9fd643bf3e9e98d121dc2e7af1cf1be411ae2.zip,MATHSOLVE-2fd9fd643bf3e9e98d121dc2e7af1cf1be411ae2/examples/grobner_tactic_invocations/GB-TACTIC-DEMO-001.json,,bf5583a7,Filename/path inference; editable in the app
348096,examples/grobner_tactic_invocations/GB-TACTIC-DEMO-001.json,General / shared,2069,Latest public revision collected separately; not an author-designated final | adcfa0537f43327f4bb9acfe1692f757fce353c4,https://codeload.github.com/grandchallenge/MATHSOLVE/zip/adcfa0537f43327f4bb9acfe1692f757fce353c4,,contestants/E10/13-archives/E10-grandchallenge-MATHSOLVE-adcfa0537f43327f4bb9acfe1692f757fce353c4.zip,MATHSOLVE-adcfa0537f43327f4bb9acfe1692f757fce353c4/examples/grobner_tactic_invocations/GB-TACTIC-DEMO-001.json,,bf5583a7,Filename/path inference; editable in the app
345088,formal_sources/formal_conjectures/MS-FC-WP00.json,General / shared,3644,Pinned collected revision; final designation governed by team receipt | 2fd9fd643bf3e9e98d121dc2e7af1cf1be411ae2,https://codeload.github.com/grandchallenge/MATHSOLVE/zip/2fd9fd643bf3e9e98d121dc2e7af1cf1be411ae2,,contestants/E10/13-archives/E10-grandchallenge-MATHSOLVE-2fd9fd643bf3e9e98d121dc2e7af1cf1be411ae2.zip,MATHSOLVE-2fd9fd643bf3e9e98d121dc2e7af1cf1be411ae2/formal_sources/formal_conjectures/MS-FC-WP00.json,,76b8838c,Filename/path inference; editable in the app
348150,formal_sources/formal_conjectures/MS-FC-WP00.json,General / shared,3644,Latest public revision collected separately; not an author-designated final | adcfa0537f43327f4bb9acfe1692f757fce353c4,https://codeload.github.com/grandchallenge/MATHSOLVE/zip/adcfa0537f43327f4bb9acfe1692f757fce353c4,,contestants/E10/13-archives/E10-grandchallenge-MATHSOLVE-adcfa0537f43327f4bb9acfe1692f757fce353c4.zip,MATHSOLVE-adcfa0537f43327f4bb9acfe1692f757fce353c4/formal_sources/formal_conjectures/MS-FC-WP00.json,,76b8838c,Filename/path inference; editable in the app
345089,formal_sources/formal_conjectures/MS-FC-WP01.json,General / shared,5658,Pinned collected revision; final designation governed by team receipt | 2fd9fd643bf3e9e98d121dc2e7af1cf1be411ae2,https://codeload.github.com/grandchallenge/MATHSOLVE/zip/2fd9fd643bf3e9e98d121dc2e7af1cf1be411ae2,,contestants/E10/13-archives/E10-grandchallenge-MATHSOLVE-2fd9fd643bf3e9e98d121dc2e7af1cf1be411ae2.zip,MATHSOLVE-2fd9fd643bf3e9e98d121dc2e7af1cf1be411ae2/formal_sources/formal_conjectures/MS-FC-WP01.json,,b689e10e,Filename/path inference; editable in the app
348151,formal_sources/formal_conjectures/MS-FC-WP01.json,General / shared,5658,Latest public revision collected separately; not an author-designated final | adcfa0537f43327f4bb9acfe1692f757fce353c4,https://codeload.github.com/grandchallenge/MATHSOLVE/zip/adcfa0537f43327f4bb9acfe1692f757fce353c4,,contestants/E10/13-archives/E10-grandchallenge-MATHSOLVE-adcfa0537f43327f4bb9acfe1692f757fce353c4.zip,MATHSOLVE-adcfa0537f43327f4bb9acfe1692f757fce353c4/formal_sources/formal_conjectures/MS-FC-WP01.json,,b689e10e,Filename/path inference; editable in the app
345090,governance/GCL-AGENT-STAFFING-001-ADOPTION.json,General / shared,781,Pinned collected revision; final designation governed by team receipt | 2fd9fd643bf3e9e98d121dc2e7af1cf1be411ae2,https://codeload.github.com/grandchallenge/MATHSOLVE/zip/2fd9fd643bf3e9e98d121dc2e7af1cf1be411ae2,,contestants/E10/13-archives/E10-grandchallenge-MATHSOLVE-2fd9fd643bf3e9e98d121dc2e7af1cf1be411ae2.zip,MATHSOLVE-2fd9fd643bf3e9e98d121dc2e7af1cf1be411ae2/governance/GCL-AGENT-STAFFING-001-ADOPTION.json,,ef0caf30,Filename/path inference; editable in the app
348152,governance/GCL-AGENT-STAFFING-001-ADOPTION.json,General / shared,781,Latest public revision collected separately; not an author-designated final | adcfa0537f43327f4bb9acfe1692f757fce353c4,https://codeload.github.com/grandchallenge/MATHSOLVE/zip/adcfa0537f43327f4bb9acfe1692f757fce353c4,,contestants/E10/13-archives/E10-grandchallenge-MATHSOLVE-adcfa0537f43327f4bb9acfe1692f757fce353c4.zip,MATHSOLVE-adcfa0537f43327f4bb9acfe1692f757fce353c4/governance/GCL-AGENT-STAFFING-001-ADOPTION.json,,ef0caf30,Filename/path inference; editable in the app
345091,governance/external_catalog_legacy_migration.json,General / shared,735,Pinned collected revision; final designation governed by team receipt | 2fd9fd643bf3e9e98d121dc2e7af1cf1be411ae2,https://codeload.github.com/grandchallenge/MATHSOLVE/zip/2fd9fd643bf3e9e98d121dc2e7af1cf1be411ae2,,contestants/E10/13-archives/E10-grandchallenge-MATHSOLVE-2fd9fd643bf3e9e98d121dc2e7af1cf1be411ae2.zip,MATHSOLVE-2fd9fd643bf3e9e98d121dc2e7af1cf1be411ae2/governance/external_catalog_legacy_migration.json,,4f1c8712,Filename/path inference; editable in the app
348153,governance/external_catalog_legacy_migration.json,General / shared,735,Latest public revision collected separately; not an author-designated final | adcfa0537f43327f4bb9acfe1692f757fce353c4,https://codeload.github.com/grandchallenge/MATHSOLVE/zip/adcfa0537f43327f4bb9acfe1692f757fce353c4,,contestants/E10/13-archives/E10-grandchallenge-MATHSOLVE-adcfa0537f43327f4bb9acfe1692f757fce353c4.zip,MATHSOLVE-adcfa0537f43327f4bb9acfe1692f757fce353c4/governance/external_catalog_legacy_migration.json,,4f1c8712,Filename/path inference; editable in the app
345092,governance/external_catalog_promotion_registry.json,General / shared,127,Pinned collected revision; final designation governed by team receipt | 2fd9fd643bf3e9e98d121dc2e7af1cf1be411ae2,https://codeload.github.com/grandchallenge/MATHSOLVE/zip/2fd9fd643bf3e9e98d121dc2e7af1cf1be411ae2,,contestants/E10/13-archives/E10-grandchallenge-MATHSOLVE-2fd9fd643bf3e9e98d121dc2e7af1cf1be411ae2.zip,MATHSOLVE-2fd9fd643bf3e9e98d121dc2e7af1cf1be411ae2/governance/external_catalog_promotion_registry.json,,e20f80ba,Filename/path inference; editable in the app
348154,governance/external_catalog_promotion_registry.json,General / shared,127,Latest public revision collected separately; not an author-designated final | adcfa0537f43327f4bb9acfe1692f757fce353c4,https://codeload.github.com/grandchallenge/MATHSOLVE/zip/adcfa0537f43327f4bb9acfe1692f757fce353c4,,contestants/E10/13-archives/E10-grandchallenge-MATHSOLVE-adcfa0537f43327f4bb9acfe1692f757fce353c4.zip,MATHSOLVE-adcfa0537f43327f4bb9acfe1692f757fce353c4/governance/external_catalog_promotion_registry.json,,e20f80ba,Filename/path inference; editable in the app
345093,governance/external_semantic_catalog_intake.json,General / shared,2083,Pinned collected revision; final designation governed by team receipt | 2fd9fd643bf3e9e98d121dc2e7af1cf1be411ae2,https://codeload.github.com/grandchallenge/MATHSOLVE/zip/2fd9fd643bf3e9e98d121dc2e7af1cf1be411ae2,,contestants/E10/13-archives/E10-grandchallenge-MATHSOLVE-2fd9fd643bf3e9e98d121dc2e7af1cf1be411ae2.zip,MATHSOLVE-2fd9fd643bf3e9e98d121dc2e7af1cf1be411ae2/governance/external_semantic_catalog_intake.json,,5e7a0220,Filename/path inference; editable in the app
348155,governance/external_semantic_catalog_intake.json,General / shared,2083,Latest public revision collected separately; not an author-designated final | adcfa0537f43327f4bb9acfe1692f757fce353c4,https://codeload.github.com/grandchallenge/MATHSOLVE/zip/adcfa0537f43327f4bb9acfe1692f757fce353c4,,contestants/E10/13-archives/E10-grandchallenge-MATHSOLVE-adcfa0537f43327f4bb9acfe1692f757fce353c4.zip,MATHSOLVE-adcfa0537f43327f4bb9acfe1692f757fce353c4/governance/external_semantic_catalog_intake.json,,5e7a0220,Filename/path inference; editable in the app
345094,governance/grobner_tactic_registry.json,General / shared,412,Pinned collected revision; final designation governed by team receipt | 2fd9fd643bf3e9e98d121dc2e7af1cf1be411ae2,https://codeload.github.com/grandchallenge/MATHSOLVE/zip/2fd9fd643bf3e9e98d121dc2e7af1cf1be411ae2,,contestants/E10/13-archives/E10-grandchallenge-MATHSOLVE-2fd9fd643bf3e9e98d121dc2e7af1cf1be411ae2.zip,MATHSOLVE-2fd9fd643bf3e9e98d121dc2e7af1cf1be411ae2/governance/grobner_tactic_registry.json,,8819c026,Filename/path inference; editable in the app
348156,governance/grobner_tactic_registry.json,General / shared,412,Latest public revision collected separately; not an author-designated final | adcfa0537f43327f4bb9acfe1692f757fce353c4,https://codeload.github.com/grandchallenge/MATHSOLVE/zip/adcfa0537f43327f4bb9acfe1692f757fce353c4,,contestants/E10/13-archives/E10-grandchallenge-MATHSOLVE-adcfa0537f43327f4bb9acfe1692f757fce353c4.zip,MATHSOLVE-adcfa0537f43327f4bb9acfe1692f757fce353c4/governance/grobner_tactic_registry.json,,8819c026,Filename/path inference; editable in the app
345095,governance/openmath_participation_integrity_20261001.json,General / shared,2154,Pinned collected revision; final designation governed by team receipt | 2fd9fd643bf3e9e98d121dc2e7af1cf1be411ae2,https://codeload.github.com/grandchallenge/MATHSOLVE/zip/2fd9fd643bf3e9e98d121dc2e7af1cf1be411ae2,,contestants/E10/13-archives/E10-grandchallenge-MATHSOLVE-2fd9fd643bf3e9e98d121dc2e7af1cf1be411ae2.zip,MATHSOLVE-2fd9fd643bf3e9e98d121dc2e7af1cf1be411ae2/governance/openmath_participation_integrity_20261001.json,,7b462b91,Filename/path inference; editable in the app
348157,governance/openmath_participation_integrity_20261001.json,General / shared,2154,Latest public revision collected separately; not an author-designated final | adcfa0537f43327f4bb9acfe1692f757fce353c4,https://codeload.github.com/grandchallenge/MATHSOLVE/zip/adcfa0537f43327f4bb9acfe1692f757fce353c4,,contestants/E10/13-archives/E10-grandchallenge-MATHSOLVE-adcfa0537f43327f4bb9acfe1692f757fce353c4.zip,MATHSOLVE-adcfa0537f43327f4bb9acfe1692f757fce353c4/governance/openmath_participation_integrity_20261001.json,,7b462b91,Filename/path inference; editable in the app
345173,handoffs/OPENMATH-2026/event-window/ACTIVATION.json,General / shared,11808,Pinned collected revision; final designation governed by team receipt | 2fd9fd643bf3e9e98d121dc2e7af1cf1be411ae2,https://codeload.github.com/grandchallenge/MATHSOLVE/zip/2fd9fd643bf3e9e98d121dc2e7af1cf1be411ae2,,contestants/E10/13-archives/E10-grandchallenge-MATHSOLVE-2fd9fd643bf3e9e98d121dc2e7af1cf1be411ae2.zip,MATHSOLVE-2fd9fd643bf3e9e98d121dc2e7af1cf1be411ae2/handoffs/OPENMATH-2026/event-window/ACTIVATION.json,,27fd1111,Filename/path inference; editable in the app
348235,handoffs/OPENMATH-2026/event-window/ACTIVATION.json,General / shared,11808,Latest public revision collected separately; not an author-designated final | adcfa0537f43327f4bb9acfe1692f757fce353c4,https://codeload.github.com/grandchallenge/MATHSOLVE/zip/adcfa0537f43327f4bb9acfe1692f757fce353c4,,contestants/E10/13-archives/E10-grandchallenge-MATHSOLVE-adcfa0537f43327f4bb9acfe1692f757fce353c4.zip,MATHSOLVE-adcfa0537f43327f4bb9acfe1692f757fce353c4/handoffs/OPENMATH-2026/event-window/ACTIVATION.json,,27fd1111,Filename/path inference; editable in the app
345183,handoffs/OPENMATH-2026/event-window/MANIFEST.json,General / shared,3121,Pinned collected revision; final designation governed by team receipt | 2fd9fd643bf3e9e98d121dc2e7af1cf1be411ae2,https://codeload.github.com/grandchallenge/MATHSOLVE/zip/2fd9fd643bf3e9e98d121dc2e7af1cf1be411ae2,,contestants/E10/13-archives/E10-grandchallenge-MATHSOLVE-2fd9fd643bf3e9e98d121dc2e7af1cf1be411ae2.zip,MATHSOLVE-2fd9fd643bf3e9e98d121dc2e7af1cf1be411ae2/handoffs/OPENMATH-2026/event-window/MANIFEST.json,,0c8d8f20,Filename/path inference; editable in the app
348245,handoffs/OPENMATH-2026/event-window/MANIFEST.json,General / shared,3121,Latest public revision collected separately; not an author-designated final | adcfa0537f43327f4bb9acfe1692f757fce353c4,https://codeload.github.com/grandchallenge/MATHSOLVE/zip/adcfa0537f43327f4bb9acfe1692f757fce353c4,,contestants/E10/13-archives/E10-grandchallenge-MATHSOLVE-adcfa0537f43327f4bb9acfe1692f757fce353c4.zip,MATHSOLVE-adcfa0537f43327f4bb9acfe1692f757fce353c4/handoffs/OPENMATH-2026/event-window/MANIFEST.json,,0c8d8f20,Filename/path inference; editable in the app
345313,handoffs/RH-001/routes/prompts/ROUTE_A_ZERO_CONTEXT.txt,General / shared,3362,Pinned collected revision; final designation governed by team receipt | 2fd9fd643bf3e9e98d121dc2e7af1cf1be411ae2,https://codeload.github.com/grandchallenge/MATHSOLVE/zip/2fd9fd643bf3e9e98d121dc2e7af1cf1be411ae2,,contestants/E10/13-archives/E10-grandchallenge-MATHSOLVE-2fd9fd643bf3e9e98d121dc2e7af1cf1be411ae2.zip,MATHSOLVE-2fd9fd643bf3e9e98d121dc2e7af1cf1be411ae2/handoffs/RH-001/routes/prompts/ROUTE_A_ZERO_CONTEXT.txt,,da6464a9,Filename/path inference; editable in the app
348397,handoffs/RH-001/routes/prompts/ROUTE_A_ZERO_CONTEXT.txt,General / shared,3903,Latest public revision collected separately; not an author-designated final | adcfa0537f43327f4bb9acfe1692f757fce353c4,https://codeload.github.com/grandchallenge/MATHSOLVE/zip/adcfa0537f43327f4bb9acfe1692f757fce353c4,,contestants/E10/13-archives/E10-grandchallenge-MATHSOLVE-adcfa0537f43327f4bb9acfe1692f757fce353c4.zip,MATHSOLVE-adcfa0537f43327f4bb9acfe1692f757fce353c4/handoffs/RH-001/routes/prompts/ROUTE_A_ZERO_CONTEXT.txt,,588dabf5,Filename/path inference; editable in the app
345314,handoffs/RH-001/routes/prompts/ROUTE_B_ZERO_CONTEXT.txt,General / shared,3275,Pinned collected revision; final designation governed by team receipt | 2fd9fd643bf3e9e98d121dc2e7af1cf1be411ae2,https://codeload.github.com/grandchallenge/MATHSOLVE/zip/2fd9fd643bf3e9e98d121dc2e7af1cf1be411ae2,,contestants/E10/13-archives/E10-grandchallenge-MATHSOLVE-2fd9fd643bf3e9e98d121dc2e7af1cf1be411ae2.zip,MATHSOLVE-2fd9fd643bf3e9e98d121dc2e7af1cf1be411ae2/handoffs/RH-001/routes/prompts/ROUTE_B_ZERO_CONTEXT.txt,,2d1417b5,Filename/path inference; editable in the app
348398,handoffs/RH-001/routes/prompts/ROUTE_B_ZERO_CONTEXT.txt,General / shared,4267,Latest public revision collected separately; not an author-designated final | adcfa0537f43327f4bb9acfe1692f757fce353c4,https://codeload.github.com/grandchallenge/MATHSOLVE/zip/adcfa0537f43327f4bb9acfe1692f757fce353c4,,contestants/E10/13-archives/E10-grandchallenge-MATHSOLVE-adcfa0537f43327f4bb9acfe1692f757fce353c4.zip,MATHSOLVE-adcfa0537f43327f4bb9acfe1692f757fce353c4/handoffs/RH-001/routes/prompts/ROUTE_B_ZERO_CONTEXT.txt,,6ac54a92,Filename/path inference; editable in the app
345315,handoffs/RH-001/routes/prompts/ROUTE_C_ZERO_CONTEXT.txt,General / shared,4142,Pinned collected revision; final designation governed by team receipt | 2fd9fd643bf3e9e98d121dc2e7af1cf1be411ae2,https://codeload.github.com/grandchallenge/MATHSOLVE/zip/2fd9fd643bf3e9e98d121dc2e7af1cf1be411ae2,,contestants/E10/13-archives/E10-grandchallenge-MATHSOLVE-2fd9fd643bf3e9e98d121dc2e7af1cf1be411ae2.zip,MATHSOLVE-2fd9fd643bf3e9e98d121dc2e7af1cf1be411ae2/handoffs/RH-001/routes/prompts/ROUTE_C_ZERO_CONTEXT.txt,,fbdfb213,Filename/path inference; editable in the app
348399,handoffs/RH-001/routes/prompts/ROUTE_C_ZERO_CONTEXT.txt,General / shared,6304,Latest public revision collected separately; not an author-designated final | adcfa0537f43327f4bb9acfe1692f757fce353c4,https://codeload.github.com/grandchallenge/MATHSOLVE/zip/adcfa0537f43327f4bb9acfe1692f757fce353c4,,contestants/E10/13-archives/E10-grandchallenge-MATHSOLVE-adcfa0537f43327f4bb9acfe1692f757fce353c4.zip,MATHSOLVE-adcfa0537f43327f4bb9acfe1692f757fce353c4/handoffs/RH-001/routes/prompts/ROUTE_C_ZERO_CONTEXT.txt,,3255980a,Filename/path inference; editable in the app
345317,handoffs/UC-001/WP07_D005_MATHCERT_INTAKE.json,General / shared,2390,Pinned collected revision; final designation governed by team receipt | 2fd9fd643bf3e9e98d121dc2e7af1cf1be411ae2,https://codeload.github.com/grandchallenge/MATHSOLVE/zip/2fd9fd643bf3e9e98d121dc2e7af1cf1be411ae2,,contestants/E10/13-archives/E10-grandchallenge-MATHSOLVE-2fd9fd643bf3e9e98d121dc2e7af1cf1be411ae2.zip,MATHSOLVE-2fd9fd643bf3e9e98d121dc2e7af1cf1be411ae2/handoffs/UC-001/WP07_D005_MATHCERT_INTAKE.json,,b94ffc10,Filename/path inference; editable in the app
348401,handoffs/UC-001/WP07_D005_MATHCERT_INTAKE.json,General / shared,2390,Latest public revision collected separately; not an author-designated final | adcfa0537f43327f4bb9acfe1692f757fce353c4,https://codeload.github.com/grandchallenge/MATHSOLVE/zip/adcfa0537f43327f4bb9acfe1692f757fce353c4,,contestants/E10/13-archives/E10-grandchallenge-MATHSOLVE-adcfa0537f43327f4bb9acfe1692f757fce353c4.zip,MATHSOLVE-adcfa0537f43327f4bb9acfe1692f757fce353c4/handoffs/UC-001/WP07_D005_MATHCERT_INTAKE.json,,b94ffc10,Filename/path inference; editable in the app
345322,requirements-ci.txt,General / shared,33,Pinned collected revision; final designation governed by team receipt | 2fd9fd643bf3e9e98d121dc2e7af1cf1be411ae2,https://codeload.github.com/grandchallenge/MATHSOLVE/zip/2fd9fd643bf3e9e98d121dc2e7af1cf1be411ae2,,contestants/E10/13-archives/E10-grandchallenge-MATHSOLVE-2fd9fd643bf3e9e98d121dc2e7af1cf1be411ae2.zip,MATHSOLVE-2fd9fd643bf3e9e98d121dc2e7af1cf1be411ae2/requirements-ci.txt,,aaad1d7d,Filename/path inference; editable in the app
348419,requirements-ci.txt,General / shared,33,Latest public revision collected separately; not an author-designated final | adcfa0537f43327f4bb9acfe1692f757fce353c4,https://codeload.github.com/grandchallenge/MATHSOLVE/zip/adcfa0537f43327f4bb9acfe1692f757fce353c4,,contestants/E10/13-archives/E10-grandchallenge-MATHSOLVE-adcfa0537f43327f4bb9acfe1692f757fce353c4.zip,MATHSOLVE-adcfa0537f43327f4bb9acfe1692f757fce353c4/requirements-ci.txt,,aaad1d7d,Filename/path inference; editable in the app
345324,schemas/agent_continuity_adoption.schema.json,General / shared,1607,Pinned collected revision; final designation governed by team receipt | 2fd9fd643bf3e9e98d121dc2e7af1cf1be411ae2,https://codeload.github.com/grandchallenge/MATHSOLVE/zip/2fd9fd643bf3e9e98d121dc2e7af1cf1be411ae2,,contestants/E10/13-archives/E10-grandchallenge-MATHSOLVE-2fd9fd643bf3e9e98d121dc2e7af1cf1be411ae2.zip,MATHSOLVE-2fd9fd643bf3e9e98d121dc2e7af1cf1be411ae2/schemas/agent_continuity_adoption.schema.json,,6241fb07,Filename/path inference; editable in the app
348421,schemas/agent_continuity_adoption.schema.json,General / shared,1607,Latest public revision collected separately; not an author-designated final | adcfa0537f43327f4bb9acfe1692f757fce353c4,https://codeload.github.com/grandchallenge/MATHSOLVE/zip/adcfa0537f43327f4bb9acfe1692f757fce353c4,,contestants/E10/13-archives/E10-grandchallenge-MATHSOLVE-adcfa0537f43327f4bb9acfe1692f757fce353c4.zip,MATHSOLVE-adcfa0537f43327f4bb9acfe1692f757fce353c4/schemas/agent_continuity_adoption.schema.json,,6241fb07,Filename/path inference; editable in the app
345325,schemas/campaign_manifest.schema.json,General / shared,7180,Pinned collected revision; final designation governed by team receipt | 2fd9fd643bf3e9e98d121dc2e7af1cf1be411ae2,https://codeload.github.com/grandchallenge/MATHSOLVE/zip/2fd9fd643bf3e9e98d121dc2e7af1cf1be411ae2,,contestants/E10/13-archives/E10-grandchallenge-MATHSOLVE-2fd9fd643bf3e9e98d121dc2e7af1cf1be411ae2.zip,MATHSOLVE-2fd9fd643bf3e9e98d121dc2e7af1cf1be411ae2/schemas/campaign_manifest.schema.json,,bb36e110,Filename/path inference; editable in the app
348422,schemas/campaign_manifest.schema.json,General / shared,7180,Latest public revision collected separately; not an author-designated final | adcfa0537f43327f4bb9acfe1692f757fce353c4,https://codeload.github.com/grandchallenge/MATHSOLVE/zip/adcfa0537f43327f4bb9acfe1692f757fce353c4,,contestants/E10/13-archives/E10-grandchallenge-MATHSOLVE-adcfa0537f43327f4bb9acfe1692f757fce353c4.zip,MATHSOLVE-adcfa0537f43327f4bb9acfe1692f757fce353c4/schemas/campaign_manifest.schema.json,,bb36e110,Filename/path inference; editable in the app
345327,schemas/euclid_diophantine_candidate.schema.json,General / shared,6966,Pinned collected revision; final designation governed by team receipt | 2fd9fd643bf3e9e98d121dc2e7af1cf1be411ae2,https://codeload.github.com/grandchallenge/MATHSOLVE/zip/2fd9fd643bf3e9e98d121dc2e7af1cf1be411ae2,,contestants/E10/13-archives/E10-grandchallenge-MATHSOLVE-2fd9fd643bf3e9e98d121dc2e7af1cf1be411ae2.zip,MATHSOLVE-2fd9fd643bf3e9e98d121dc2e7af1cf1be411ae2/schemas/euclid_diophantine_candidate.schema.json,,02f32001,Filename/path inference; editable in the app
348424,schemas/euclid_diophantine_candidate.schema.json,General / shared,6966,Latest public revision collected separately; not an author-designated final | adcfa0537f43327f4bb9acfe1692f757fce353c4,https://codeload.github.com/grandchallenge/MATHSOLVE/zip/adcfa0537f43327f4bb9acfe1692f757fce353c4,,contestants/E10/13-archives/E10-grandchallenge-MATHSOLVE-adcfa0537f43327f4bb9acfe1692f757fce353c4.zip,MATHSOLVE-adcfa0537f43327f4bb9acfe1692f757fce353c4/schemas/euclid_diophantine_candidate.schema.json,,02f32001,Filename/path inference; editable in the app
345328,schemas/euclid_gcd_candidate.schema.json,General / shared,3647,Pinned collected revision; final designation governed by team receipt | 2fd9fd643bf3e9e98d121dc2e7af1cf1be411ae2,https://codeload.github.com/grandchallenge/MATHSOLVE/zip/2fd9fd643bf3e9e98d121dc2e7af1cf1be411ae2,,contestants/E10/13-archives/E10-grandchallenge-MATHSOLVE-2fd9fd643bf3e9e98d121dc2e7af1cf1be411ae2.zip,MATHSOLVE-2fd9fd643bf3e9e98d121dc2e7af1cf1be411ae2/schemas/euclid_gcd_candidate.schema.json,,c49c36e8,Filename/path inference; editable in the app
348425,schemas/euclid_gcd_candidate.schema.json,General / shared,3647,Latest public revision collected separately; not an author-designated final | adcfa0537f43327f4bb9acfe1692f757fce353c4,https://codeload.github.com/grandchallenge/MATHSOLVE/zip/adcfa0537f43327f4bb9acfe1692f757fce353c4,,contestants/E10/13-archives/E10-grandchallenge-MATHSOLVE-adcfa0537f43327f4bb9acfe1692f757fce353c4.zip,MATHSOLVE-adcfa0537f43327f4bb9acfe1692f757fce353c4/schemas/euclid_gcd_candidate.schema.json,,c49c36e8,Filename/path inference; editable in the app
345329,schemas/external_catalog_mathcert_handoff.schema.json,General / shared,17113,Pinned collected revision; final designation governed by team receipt | 2fd9fd643bf3e9e98d121dc2e7af1cf1be411ae2,https://codeload.github.com/grandchallenge/MATHSOLVE/zip/2fd9fd643bf3e9e98d121dc2e7af1cf1be411ae2,,contestants/E10/13-archives/E10-grandchallenge-MATHSOLVE-2fd9fd643bf3e9e98d121dc2e7af1cf1be411ae2.zip,MATHSOLVE-2fd9fd643bf3e9e98d121dc2e7af1cf1be411ae2/schemas/external_catalog_mathcert_handoff.schema.json,,319743ad,Filename/path inference; editable in the app
348426,schemas/external_catalog_mathcert_handoff.schema.json,General / shared,17113,Latest public revision collected separately; not an author-designated final | adcfa0537f43327f4bb9acfe1692f757fce353c4,https://codeload.github.com/grandchallenge/MATHSOLVE/zip/adcfa0537f43327f4bb9acfe1692f757fce353c4,,contestants/E10/13-archives/E10-grandchallenge-MATHSOLVE-adcfa0537f43327f4bb9acfe1692f757fce353c4.zip,MATHSOLVE-adcfa0537f43327f4bb9acfe1692f757fce353c4/schemas/external_catalog_mathcert_handoff.schema.json,,319743ad,Filename/path inference; editable in the app
345330,schemas/external_catalog_promotion_dossier.schema.json,General / shared,47601,Pinned collected revision; final designation governed by team receipt | 2fd9fd643bf3e9e98d121dc2e7af1cf1be411ae2,https://codeload.github.com/grandchallenge/MATHSOLVE/zip/2fd9fd643bf3e9e98d121dc2e7af1cf1be411ae2,,contestants/E10/13-archives/E10-grandchallenge-MATHSOLVE-2fd9fd643bf3e9e98d121dc2e7af1cf1be411ae2.zip,MATHSOLVE-2fd9fd643bf3e9e98d121dc2e7af1cf1be411ae2/schemas/external_catalog_promotion_dossier.schema.json,,29addf38,Filename/path inference; editable in the app
348427,schemas/external_catalog_promotion_dossier.schema.json,General / shared,47601,Latest public revision collected separately; not an author-designated final | adcfa0537f43327f4bb9acfe1692f757fce353c4,https://codeload.github.com/grandchallenge/MATHSOLVE/zip/adcfa0537f43327f4bb9acfe1692f757fce353c4,,contestants/E10/13-archives/E10-grandchallenge-MATHSOLVE-adcfa0537f43327f4bb9acfe1692f757fce353c4.zip,MATHSOLVE-adcfa0537f43327f4bb9acfe1692f757fce353c4/schemas/external_catalog_promotion_dossier.schema.json,,29addf38,Filename/path inference; editable in the app
345331,schemas/external_catalog_promotion_registry.schema.json,General / shared,1712,Pinned collected revision; final designation governed by team receipt | 2fd9fd643bf3e9e98d121dc2e7af1cf1be411ae2,https://codeload.github.com/grandchallenge/MATHSOLVE/zip/2fd9fd643bf3e9e98d121dc2e7af1cf1be411ae2,,contestants/E10/13-archives/E10-grandchallenge-MATHSOLVE-2fd9fd643bf3e9e98d121dc2e7af1cf1be411ae2.zip,MATHSOLVE-2fd9fd643bf3e9e98d121dc2e7af1cf1be411ae2/schemas/external_catalog_promotion_registry.schema.json,,75ad9e89,Filename/path inference; editable in the app
348428,schemas/external_catalog_promotion_registry.schema.json,General / shared,1712,Latest public revision collected separately; not an author-designated final | adcfa0537f43327f4bb9acfe1692f757fce353c4,https://codeload.github.com/grandchallenge/MATHSOLVE/zip/adcfa0537f43327f4bb9acfe1692f757fce353c4,,contestants/E10/13-archives/E10-grandchallenge-MATHSOLVE-adcfa0537f43327f4bb9acfe1692f757fce353c4.zip,MATHSOLVE-adcfa0537f43327f4bb9acfe1692f757fce353c4/schemas/external_catalog_promotion_registry.schema.json,,75ad9e89,Filename/path inference; editable in the app
345332,schemas/external_semantic_catalog_intake.schema.json,General / shared,3894,Pinned collected revision; final designation governed by team receipt | 2fd9fd643bf3e9e98d121dc2e7af1cf1be411ae2,https://codeload.github.com/grandchallenge/MATHSOLVE/zip/2fd9fd643bf3e9e98d121dc2e7af1cf1be411ae2,,contestants/E10/13-archives/E10-grandchallenge-MATHSOLVE-2fd9fd643bf3e9e98d121dc2e7af1cf1be411ae2.zip,MATHSOLVE-2fd9fd643bf3e9e98d121dc2e7af1cf1be411ae2/schemas/external_semantic_catalog_intake.schema.json,,7051b583,Filename/path inference; editable in the app
348429,schemas/external_semantic_catalog_intake.schema.json,General / shared,3894,Latest public revision collected separately; not an author-designated final | adcfa0537f43327f4bb9acfe1692f757fce353c4,https://codeload.github.com/grandchallenge/MATHSOLVE/zip/adcfa0537f43327f4bb9acfe1692f757fce353c4,,contestants/E10/13-archives/E10-grandchallenge-MATHSOLVE-adcfa0537f43327f4bb9acfe1692f757fce353c4.zip,MATHSOLVE-adcfa0537f43327f4bb9acfe1692f757fce353c4/schemas/external_semantic_catalog_intake.schema.json,,7051b583,Filename/path inference; editable in the app
345333,schemas/formal_target_package.schema.json,General / shared,1226,Pinned collected revision; final designation governed by team receipt | 2fd9fd643bf3e9e98d121dc2e7af1cf1be411ae2,https://codeload.github.com/grandchallenge/MATHSOLVE/zip/2fd9fd643bf3e9e98d121dc2e7af1cf1be411ae2,,contestants/E10/13-archives/E10-grandchallenge-MATHSOLVE-2fd9fd643bf3e9e98d121dc2e7af1cf1be411ae2.zip,MATHSOLVE-2fd9fd643bf3e9e98d121dc2e7af1cf1be411ae2/schemas/formal_target_package.schema.json,,3d30ef19,Filename/path inference; editable in the app
348430,schemas/formal_target_package.schema.json,General / shared,1226,Latest public revision collected separately; not an author-designated final | adcfa0537f43327f4bb9acfe1692f757fce353c4,https://codeload.github.com/grandchallenge/MATHSOLVE/zip/adcfa0537f43327f4bb9acfe1692f757fce353c4,,contestants/E10/13-archives/E10-grandchallenge-MATHSOLVE-adcfa0537f43327f4bb9acfe1692f757fce353c4.zip,MATHSOLVE-adcfa0537f43327f4bb9acfe1692f757fce353c4/schemas/formal_target_package.schema.json,,3d30ef19,Filename/path inference; editable in the app
345334,schemas/grobner_tactic_invocation.schema.json,General / shared,6521,Pinned collected revision; final designation governed by team receipt | 2fd9fd643bf3e9e98d121dc2e7af1cf1be411ae2,https://codeload.github.com/grandchallenge/MATHSOLVE/zip/2fd9fd643bf3e9e98d121dc2e7af1cf1be411ae2,,contestants/E10/13-archives/E10-grandchallenge-MATHSOLVE-2fd9fd643bf3e9e98d121dc2e7af1cf1be411ae2.zip,MATHSOLVE-2fd9fd643bf3e9e98d121dc2e7af1cf1be411ae2/schemas/grobner_tactic_invocation.schema.json,,66b5cd35,Filename/path inference; editable in the app
348431,schemas/grobner_tactic_invocation.schema.json,General / shared,6521,Latest public revision collected separately; not an author-designated final | adcfa0537f43327f4bb9acfe1692f757fce353c4,https://codeload.github.com/grandchallenge/MATHSOLVE/zip/adcfa0537f43327f4bb9acfe1692f757fce353c4,,contestants/E10/13-archives/E10-grandchallenge-MATHSOLVE-adcfa0537f43327f4bb9acfe1692f757fce353c4.zip,MATHSOLVE-adcfa0537f43327f4bb9acfe1692f757fce353c4/schemas/grobner_tactic_invocation.schema.json,,66b5cd35,Filename/path inference; editable in the app
345335,schemas/grobner_tactic_registry.schema.json,General / shared,1393,Pinned collected revision; final designation governed by team receipt | 2fd9fd643bf3e9e98d121dc2e7af1cf1be411ae2,https://codeload.github.com/grandchallenge/MATHSOLVE/zip/2fd9fd643bf3e9e98d121dc2e7af1cf1be411ae2,,contestants/E10/13-archives/E10-grandchallenge-MATHSOLVE-2fd9fd643bf3e9e98d121dc2e7af1cf1be411ae2.zip,MATHSOLVE-2fd9fd643bf3e9e98d121dc2e7af1cf1be411ae2/schemas/grobner_tactic_registry.schema.json,,c531bf6b,Filename/path inference; editable in the app
348432,schemas/grobner_tactic_registry.schema.json,General / shared,1393,Latest public revision collected separately; not an author-designated final | adcfa0537f43327f4bb9acfe1692f757fce353c4,https://codeload.github.com/grandchallenge/MATHSOLVE/zip/adcfa0537f43327f4bb9acfe1692f757fce353c4,,contestants/E10/13-archives/E10-grandchallenge-MATHSOLVE-adcfa0537f43327f4bb9acfe1692f757fce353c4.zip,MATHSOLVE-adcfa0537f43327f4bb9acfe1692f757fce353c4/schemas/grobner_tactic_registry.schema.json,,c531bf6b,Filename/path inference; editable in the app
345336,schemas/mathcert_current_routes.schema.json,General / shared,5608,Pinned collected revision; final designation governed by team receipt | 2fd9fd643bf3e9e98d121dc2e7af1cf1be411ae2,https://codeload.github.com/grandchallenge/MATHSOLVE/zip/2fd9fd643bf3e9e98d121dc2e7af1cf1be411ae2,,contestants/E10/13-archives/E10-grandchallenge-MATHSOLVE-2fd9fd643bf3e9e98d121dc2e7af1cf1be411ae2.zip,MATHSOLVE-2fd9fd643bf3e9e98d121dc2e7af1cf1be411ae2/schemas/mathcert_current_routes.schema.json,,d72e7d90,Filename/path inference; editable in the app
348433,schemas/mathcert_current_routes.schema.json,General / shared,5608,Latest public revision collected separately; not an author-designated final | adcfa0537f43327f4bb9acfe1692f757fce353c4,https://codeload.github.com/grandchallenge/MATHSOLVE/zip/adcfa0537f43327f4bb9acfe1692f757fce353c4,,contestants/E10/13-archives/E10-grandchallenge-MATHSOLVE-adcfa0537f43327f4bb9acfe1692f757fce353c4.zip,MATHSOLVE-adcfa0537f43327f4bb9acfe1692f757fce353c4/schemas/mathcert_current_routes.schema.json,,d72e7d90,Filename/path inference; editable in the app
345337,schemas/mathcert_current_routes_euclid_diophantine_overlay.schema.json,General / shared,2886,Pinned collected revision; final designation governed by team receipt | 2fd9fd643bf3e9e98d121dc2e7af1cf1be411ae2,https://codeload.github.com/grandchallenge/MATHSOLVE/zip/2fd9fd643bf3e9e98d121dc2e7af1cf1be411ae2,,contestants/E10/13-archives/E10-grandchallenge-MATHSOLVE-2fd9fd643bf3e9e98d121dc2e7af1cf1be411ae2.zip,MATHSOLVE-2fd9fd643bf3e9e98d121dc2e7af1cf1be411ae2/schemas/mathcert_current_routes_euclid_diophantine_overlay.schema.json,,b3bbeb30,Filename/path inference; editable in the app
348434,schemas/mathcert_current_routes_euclid_diophantine_overlay.schema.json,General / shared,2886,Latest public revision collected separately; not an author-designated final | adcfa0537f43327f4bb9acfe1692f757fce353c4,https://codeload.github.com/grandchallenge/MATHSOLVE/zip/adcfa0537f43327f4bb9acfe1692f757fce353c4,,contestants/E10/13-archives/E10-grandchallenge-MATHSOLVE-adcfa0537f43327f4bb9acfe1692f757fce353c4.zip,MATHSOLVE-adcfa0537f43327f4bb9acfe1692f757fce353c4/schemas/mathcert_current_routes_euclid_diophantine_overlay.schema.json,,b3bbeb30,Filename/path inference; editable in the app
345338,schemas/mathcert_current_routes_euclid_gcd_overlay.schema.json,General / shared,2846,Pinned collected revision; final designation governed by team receipt | 2fd9fd643bf3e9e98d121dc2e7af1cf1be411ae2,https://codeload.github.com/grandchallenge/MATHSOLVE/zip/2fd9fd643bf3e9e98d121dc2e7af1cf1be411ae2,,contestants/E10/13-archives/E10-grandchallenge-MATHSOLVE-2fd9fd643bf3e9e98d121dc2e7af1cf1be411ae2.zip,MATHSOLVE-2fd9fd643bf3e9e98d121dc2e7af1cf1be411ae2/schemas/mathcert_current_routes_euclid_gcd_overlay.schema.json,,185c2161,Filename/path inference; editable in the app
348435,schemas/mathcert_current_routes_euclid_gcd_overlay.schema.json,General / shared,2846,Latest public revision collected separately; not an author-designated final | adcfa0537f43327f4bb9acfe1692f757fce353c4,https://codeload.github.com/grandchallenge/MATHSOLVE/zip/adcfa0537f43327f4bb9acfe1692f757fce353c4,,contestants/E10/13-archives/E10-grandchallenge-MATHSOLVE-adcfa0537f43327f4bb9acfe1692f757fce353c4.zip,MATHSOLVE-adcfa0537f43327f4bb9acfe1692f757fce353c4/schemas/mathcert_current_routes_euclid_gcd_overlay.schema.json,,185c2161,Filename/path inference; editable in the app
345339,schemas/mathcert_current_routes_vgse_overlay.schema.json,General / shared,3509,Pinned collected revision; final designation governed by team receipt | 2fd9fd643bf3e9e98d121dc2e7af1cf1be411ae2,https://codeload.github.com/grandchallenge/MATHSOLVE/zip/2fd9fd643bf3e9e98d121dc2e7af1cf1be411ae2,,contestants/E10/13-archives/E10-grandchallenge-MATHSOLVE-2fd9fd643bf3e9e98d121dc2e7af1cf1be411ae2.zip,MATHSOLVE-2fd9fd643bf3e9e98d121dc2e7af1cf1be411ae2/schemas/mathcert_current_routes_vgse_overlay.schema.json,,f4fb2484,Filename/path inference; editable in the app
348436,schemas/mathcert_current_routes_vgse_overlay.schema.json,General / shared,3509,Latest public revision collected separately; not an author-designated final | adcfa0537f43327f4bb9acfe1692f757fce353c4,https://codeload.github.com/grandchallenge/MATHSOLVE/zip/adcfa0537f43327f4bb9acfe1692f757fce353c4,,contestants/E10/13-archives/E10-grandchallenge-MATHSOLVE-adcfa0537f43327f4bb9acfe1692f757fce353c4.zip,MATHSOLVE-adcfa0537f43327f4bb9acfe1692f757fce353c4/schemas/mathcert_current_routes_vgse_overlay.schema.json,,f4fb2484,Filename/path inference; editable in the app
345340,schemas/mathcert_handoff.schema.json,General / shared,5011,Pinned collected revision; final designation governed by team receipt | 2fd9fd643bf3e9e98d121dc2e7af1cf1be411ae2,https://codeload.github.com/grandchallenge/MATHSOLVE/zip/2fd9fd643bf3e9e98d121dc2e7af1cf1be411ae2,,contestants/E10/13-archives/E10-grandchallenge-MATHSOLVE-2fd9fd643bf3e9e98d121dc2e7af1cf1be411ae2.zip,MATHSOLVE-2fd9fd643bf3e9e98d121dc2e7af1cf1be411ae2/schemas/mathcert_handoff.schema.json,,f31d0ddc,Filename/path inference; editable in the app
348437,schemas/mathcert_handoff.schema.json,General / shared,5011,Latest public revision collected separately; not an author-designated final | adcfa0537f43327f4bb9acfe1692f757fce353c4,https://codeload.github.com/grandchallenge/MATHSOLVE/zip/adcfa0537f43327f4bb9acfe1692f757fce353c4,,contestants/E10/13-archives/E10-grandchallenge-MATHSOLVE-adcfa0537f43327f4bb9acfe1692f757fce353c4.zip,MATHSOLVE-adcfa0537f43327f4bb9acfe1692f757fce353c4/schemas/mathcert_handoff.schema.json,,f31d0ddc,Filename/path inference; editable in the app
345341,schemas/openai_ten_proofs_a_sphere_packing_handoff.schema.json,General / shared,1382,Pinned collected revision; final designation governed by team receipt | 2fd9fd643bf3e9e98d121dc2e7af1cf1be411ae2,https://codeload.github.com/grandchallenge/MATHSOLVE/zip/2fd9fd643bf3e9e98d121dc2e7af1cf1be411ae2,,contestants/E10/13-archives/E10-grandchallenge-MATHSOLVE-2fd9fd643bf3e9e98d121dc2e7af1cf1be411ae2.zip,MATHSOLVE-2fd9fd643bf3e9e98d121dc2e7af1cf1be411ae2/schemas/openai_ten_proofs_a_sphere_packing_handoff.schema.json,,41367257,Filename/path inference; editable in the app
348438,schemas/openai_ten_proofs_a_sphere_packing_handoff.schema.json,General / shared,1382,Latest public revision collected separately; not an author-designated final | adcfa0537f43327f4bb9acfe1692f757fce353c4,https://codeload.github.com/grandchallenge/MATHSOLVE/zip/adcfa0537f43327f4bb9acfe1692f757fce353c4,,contestants/E10/13-archives/E10-grandchallenge-MATHSOLVE-adcfa0537f43327f4bb9acfe1692f757fce353c4.zip,MATHSOLVE-adcfa0537f43327f4bb9acfe1692f757fce353c4/schemas/openai_ten_proofs_a_sphere_packing_handoff.schema.json,,41367257,Filename/path inference; editable in the app
345342,schemas/openai_ten_proofs_b1_binary_codes_handoff.schema.json,General / shared,2200,Pinned collected revision; final designation governed by team receipt | 2fd9fd643bf3e9e98d121dc2e7af1cf1be411ae2,https://codeload.github.com/grandchallenge/MATHSOLVE/zip/2fd9fd643bf3e9e98d121dc2e7af1cf1be411ae2,,contestants/E10/13-archives/E10-grandchallenge-MATHSOLVE-2fd9fd643bf3e9e98d121dc2e7af1cf1be411ae2.zip,MATHSOLVE-2fd9fd643bf3e9e98d121dc2e7af1cf1be411ae2/schemas/openai_ten_proofs_b1_binary_codes_handoff.schema.json,,fea6d8b1,Filename/path inference; editable in the app
348439,schemas/openai_ten_proofs_b1_binary_codes_handoff.schema.json,General / shared,2200,Latest public revision collected separately; not an author-designated final | adcfa0537f43327f4bb9acfe1692f757fce353c4,https://codeload.github.com/grandchallenge/MATHSOLVE/zip/adcfa0537f43327f4bb9acfe1692f757fce353c4,,contestants/E10/13-archives/E10-grandchallenge-MATHSOLVE-adcfa0537f43327f4bb9acfe1692f757fce353c4.zip,MATHSOLVE-adcfa0537f43327f4bb9acfe1692f757fce353c4/schemas/openai_ten_proofs_b1_binary_codes_handoff.schema.json,,fea6d8b1,Filename/path inference; editable in the app
345343,schemas/openai_ten_proofs_b2_spherical_codes_handoff.schema.json,General / shared,1390,Pinned collected revision; final designation governed by team receipt | 2fd9fd643bf3e9e98d121dc2e7af1cf1be411ae2,https://codeload.github.com/grandchallenge/MATHSOLVE/zip/2fd9fd643bf3e9e98d121dc2e7af1cf1be411ae2,,contestants/E10/13-archives/E10-grandchallenge-MATHSOLVE-2fd9fd643bf3e9e98d121dc2e7af1cf1be411ae2.zip,MATHSOLVE-2fd9fd643bf3e9e98d121dc2e7af1cf1be411ae2/schemas/openai_ten_proofs_b2_spherical_codes_handoff.schema.json,,040e809d,Filename/path inference; editable in the app
348440,schemas/openai_ten_proofs_b2_spherical_codes_handoff.schema.json,General / shared,1390,Latest public revision collected separately; not an author-designated final | adcfa0537f43327f4bb9acfe1692f757fce353c4,https://codeload.github.com/grandchallenge/MATHSOLVE/zip/adcfa0537f43327f4bb9acfe1692f757fce353c4,,contestants/E10/13-archives/E10-grandchallenge-MATHSOLVE-adcfa0537f43327f4bb9acfe1692f757fce353c4.zip,MATHSOLVE-adcfa0537f43327f4bb9acfe1692f757fce353c4/schemas/openai_ten_proofs_b2_spherical_codes_handoff.schema.json,,040e809d,Filename/path inference; editable in the app
345344,schemas/openai_ten_proofs_d_non_sofic_handoff.schema.json,General / shared,2167,Pinned collected revision; final designation governed by team receipt | 2fd9fd643bf3e9e98d121dc2e7af1cf1be411ae2,https://codeload.github.com/grandchallenge/MATHSOLVE/zip/2fd9fd643bf3e9e98d121dc2e7af1cf1be411ae2,,contestants/E10/13-archives/E10-grandchallenge-MATHSOLVE-2fd9fd643bf3e9e98d121dc2e7af1cf1be411ae2.zip,MATHSOLVE-2fd9fd643bf3e9e98d121dc2e7af1cf1be411ae2/schemas/openai_ten_proofs_d_non_sofic_handoff.schema.json,,77ebb47d,Filename/path inference; editable in the app
348441,schemas/openai_ten_proofs_d_non_sofic_handoff.schema.json,General / shared,2167,Latest public revision collected separately; not an author-designated final | adcfa0537f43327f4bb9acfe1692f757fce353c4,https://codeload.github.com/grandchallenge/MATHSOLVE/zip/adcfa0537f43327f4bb9acfe1692f757fce353c4,,contestants/E10/13-archives/E10-grandchallenge-MATHSOLVE-adcfa0537f43327f4bb9acfe1692f757fce353c4.zip,MATHSOLVE-adcfa0537f43327f4bb9acfe1692f757fce353c4/schemas/openai_ten_proofs_d_non_sofic_handoff.schema.json,,77ebb47d,Filename/path inference; editable in the app
345345,schemas/openai_ten_proofs_downstream_certification_observation.schema.json,General / shared,2370,Pinned collected revision; final designation governed by team receipt | 2fd9fd643bf3e9e98d121dc2e7af1cf1be411ae2,https://codeload.github.com/grandchallenge/MATHSOLVE/zip/2fd9fd643bf3e9e98d121dc2e7af1cf1be411ae2,,contestants/E10/13-archives/E10-grandchallenge-MATHSOLVE-2fd9fd643bf3e9e98d121dc2e7af1cf1be411ae2.zip,MATHSOLVE-2fd9fd643bf3e9e98d121dc2e7af1cf1be411ae2/schemas/openai_ten_proofs_downstream_certification_observation.schema.json,,b6e85197,Filename/path inference; editable in the app
348442,schemas/openai_ten_proofs_downstream_certification_observation.schema.json,General / shared,2370,Latest public revision collected separately; not an author-designated final | adcfa0537f43327f4bb9acfe1692f757fce353c4,https://codeload.github.com/grandchallenge/MATHSOLVE/zip/adcfa0537f43327f4bb9acfe1692f757fce353c4,,contestants/E10/13-archives/E10-grandchallenge-MATHSOLVE-adcfa0537f43327f4bb9acfe1692f757fce353c4.zip,MATHSOLVE-adcfa0537f43327f4bb9acfe1692f757fce353c4/schemas/openai_ten_proofs_downstream_certification_observation.schema.json,,b6e85197,Filename/path inference; editable in the app
345346,schemas/openai_ten_proofs_e_connes_rigidity_handoff.schema.json,General / shared,2191,Pinned collected revision; final designation governed by team receipt | 2fd9fd643bf3e9e98d121dc2e7af1cf1be411ae2,https://codeload.github.com/grandchallenge/MATHSOLVE/zip/2fd9fd643bf3e9e98d121dc2e7af1cf1be411ae2,,contestants/E10/13-archives/E10-grandchallenge-MATHSOLVE-2fd9fd643bf3e9e98d121dc2e7af1cf1be411ae2.zip,MATHSOLVE-2fd9fd643bf3e9e98d121dc2e7af1cf1be411ae2/schemas/openai_ten_proofs_e_connes_rigidity_handoff.schema.json,,0382565e,Filename/path inference; editable in the app
348443,schemas/openai_ten_proofs_e_connes_rigidity_handoff.schema.json,General / shared,2191,Latest public revision collected separately; not an author-designated final | adcfa0537f43327f4bb9acfe1692f757fce353c4,https://codeload.github.com/grandchallenge/MATHSOLVE/zip/adcfa0537f43327f4bb9acfe1692f757fce353c4,,contestants/E10/13-archives/E10-grandchallenge-MATHSOLVE-adcfa0537f43327f4bb9acfe1692f757fce353c4.zip,MATHSOLVE-adcfa0537f43327f4bb9acfe1692f757fce353c4/schemas/openai_ten_proofs_e_connes_rigidity_handoff.schema.json,,0382565e,Filename/path inference; editable in the app
345347,schemas/openai_ten_proofs_g_quantum_parallel_repetition_handoff.schema.json,General / shared,2248,Pinned collected revision; final designation governed by team receipt | 2fd9fd643bf3e9e98d121dc2e7af1cf1be411ae2,https://codeload.github.com/grandchallenge/MATHSOLVE/zip/2fd9fd643bf3e9e98d121dc2e7af1cf1be411ae2,,contestants/E10/13-archives/E10-grandchallenge-MATHSOLVE-2fd9fd643bf3e9e98d121dc2e7af1cf1be411ae2.zip,MATHSOLVE-2fd9fd643bf3e9e98d121dc2e7af1cf1be411ae2/schemas/openai_ten_proofs_g_quantum_parallel_repetition_handoff.schema.json,,5202f283,Filename/path inference; editable in the app
348444,schemas/openai_ten_proofs_g_quantum_parallel_repetition_handoff.schema.json,General / shared,2248,Latest public revision collected separately; not an author-designated final | adcfa0537f43327f4bb9acfe1692f757fce353c4,https://codeload.github.com/grandchallenge/MATHSOLVE/zip/adcfa0537f43327f4bb9acfe1692f757fce353c4,,contestants/E10/13-archives/E10-grandchallenge-MATHSOLVE-adcfa0537f43327f4bb9acfe1692f757fce353c4.zip,MATHSOLVE-adcfa0537f43327f4bb9acfe1692f757fce353c4/schemas/openai_ten_proofs_g_quantum_parallel_repetition_handoff.schema.json,,5202f283,Filename/path inference; editable in the app
345348,schemas/openai_ten_proofs_h_gapcvp_handoff.schema.json,General / shared,1350,Pinned collected revision; final designation governed by team receipt | 2fd9fd643bf3e9e98d121dc2e7af1cf1be411ae2,https://codeload.github.com/grandchallenge/MATHSOLVE/zip/2fd9fd643bf3e9e98d121dc2e7af1cf1be411ae2,,contestants/E10/13-archives/E10-grandchallenge-MATHSOLVE-2fd9fd643bf3e9e98d121dc2e7af1cf1be411ae2.zip,MATHSOLVE-2fd9fd643bf3e9e98d121dc2e7af1cf1be411ae2/schemas/openai_ten_proofs_h_gapcvp_handoff.schema.json,,22fbf550,Filename/path inference; editable in the app
348445,schemas/openai_ten_proofs_h_gapcvp_handoff.schema.json,General / shared,1350,Latest public revision collected separately; not an author-designated final | adcfa0537f43327f4bb9acfe1692f757fce353c4,https://codeload.github.com/grandchallenge/MATHSOLVE/zip/adcfa0537f43327f4bb9acfe1692f757fce353c4,,contestants/E10/13-archives/E10-grandchallenge-MATHSOLVE-adcfa0537f43327f4bb9acfe1692f757fce353c4.zip,MATHSOLVE-adcfa0537f43327f4bb9acfe1692f757fce353c4/schemas/openai_ten_proofs_h_gapcvp_handoff.schema.json,,22fbf550,Filename/path inference; editable in the app
345349,schemas/openai_ten_proofs_i_ramsey_handoff.schema.json,Ramsey multiplicity,2164,Pinned collected revision; final designation governed by team receipt | 2fd9fd643bf3e9e98d121dc2e7af1cf1be411ae2,https://codeload.github.com/grandchallenge/MATHSOLVE/zip/2fd9fd643bf3e9e98d121dc2e7af1cf1be411ae2,,contestants/E10/13-archives/E10-grandchallenge-MATHSOLVE-2fd9fd643bf3e9e98d121dc2e7af1cf1be411ae2.zip,MATHSOLVE-2fd9fd643bf3e9e98d121dc2e7af1cf1be411ae2/schemas/openai_ten_proofs_i_ramsey_handoff.schema.json,,fd3da587,Filename/path inference; editable in the app
348446,schemas/openai_ten_proofs_i_ramsey_handoff.schema.json,Ramsey multiplicity,2164,Latest public revision collected separately; not an author-designated final | adcfa0537f43327f4bb9acfe1692f757fce353c4,https://codeload.github.com/grandchallenge/MATHSOLVE/zip/adcfa0537f43327f4bb9acfe1692f757fce353c4,,contestants/E10/13-archives/E10-grandchallenge-MATHSOLVE-adcfa0537f43327f4bb9acfe1692f757fce353c4.zip,MATHSOLVE-adcfa0537f43327f4bb9acfe1692f757fce353c4/schemas/openai_ten_proofs_i_ramsey_handoff.schema.json,,fd3da587,Filename/path inference; editable in the app
345350,schemas/openai_ten_proofs_permanent_circuit_handoff.schema.json,General / shared,10328,Pinned collected revision; final designation governed by team receipt | 2fd9fd643bf3e9e98d121dc2e7af1cf1be411ae2,https://codeload.github.com/grandchallenge/MATHSOLVE/zip/2fd9fd643bf3e9e98d121dc2e7af1cf1be411ae2,,contestants/E10/13-archives/E10-grandchallenge-MATHSOLVE-2fd9fd643bf3e9e98d121dc2e7af1cf1be411ae2.zip,MATHSOLVE-2fd9fd643bf3e9e98d121dc2e7af1cf1be411ae2/schemas/openai_ten_proofs_permanent_circuit_handoff.schema.json,,5e689186,Filename/path inference; editable in the app
348447,schemas/openai_ten_proofs_permanent_circuit_handoff.schema.json,General / shared,10328,Latest public revision collected separately; not an author-designated final | adcfa0537f43327f4bb9acfe1692f757fce353c4,https://codeload.github.com/grandchallenge/MATHSOLVE/zip/adcfa0537f43327f4bb9acfe1692f757fce353c4,,contestants/E10/13-archives/E10-grandchallenge-MATHSOLVE-adcfa0537f43327f4bb9acfe1692f757fce353c4.zip,MATHSOLVE-adcfa0537f43327f4bb9acfe1692f757fce353c4/schemas/openai_ten_proofs_permanent_circuit_handoff.schema.json,,5e689186,Filename/path inference; editable in the app
345351,schemas/openai_ten_proofs_permanent_full_formula_handoff.schema.json,General / shared,9689,Pinned collected revision; final designation governed by team receipt | 2fd9fd643bf3e9e98d121dc2e7af1cf1be411ae2,https://codeload.github.com/grandchallenge/MATHSOLVE/zip/2fd9fd643bf3e9e98d121dc2e7af1cf1be411ae2,,contestants/E10/13-archives/E10-grandchallenge-MATHSOLVE-2fd9fd643bf3e9e98d121dc2e7af1cf1be411ae2.zip,MATHSOLVE-2fd9fd643bf3e9e98d121dc2e7af1cf1be411ae2/schemas/openai_ten_proofs_permanent_full_formula_handoff.schema.json,,ba6e1083,Filename/path inference; editable in the app
348448,schemas/openai_ten_proofs_permanent_full_formula_handoff.schema.json,General / shared,9689,Latest public revision collected separately; not an author-designated final | adcfa0537f43327f4bb9acfe1692f757fce353c4,https://codeload.github.com/grandchallenge/MATHSOLVE/zip/adcfa0537f43327f4bb9acfe1692f757fce353c4,,contestants/E10/13-archives/E10-grandchallenge-MATHSOLVE-adcfa0537f43327f4bb9acfe1692f757fce353c4.zip,MATHSOLVE-adcfa0537f43327f4bb9acfe1692f757fce353c4/schemas/openai_ten_proofs_permanent_full_formula_handoff.schema.json,,ba6e1083,Filename/path inference; editable in the app
345352,schemas/openai_ten_proofs_permanent_result_family_handoff.schema.json,General / shared,9749,Pinned collected revision; final designation governed by team receipt | 2fd9fd643bf3e9e98d121dc2e7af1cf1be411ae2,https://codeload.github.com/grandchallenge/MATHSOLVE/zip/2fd9fd643bf3e9e98d121dc2e7af1cf1be411ae2,,contestants/E10/13-archives/E10-grandchallenge-MATHSOLVE-2fd9fd643bf3e9e98d121dc2e7af1cf1be411ae2.zip,MATHSOLVE-2fd9fd643bf3e9e98d121dc2e7af1cf1be411ae2/schemas/openai_ten_proofs_permanent_result_family_handoff.schema.json,,a2f74163,Filename/path inference; editable in the app
348449,schemas/openai_ten_proofs_permanent_result_family_handoff.schema.json,General / shared,9749,Latest public revision collected separately; not an author-designated final | adcfa0537f43327f4bb9acfe1692f757fce353c4,https://codeload.github.com/grandchallenge/MATHSOLVE/zip/adcfa0537f43327f4bb9acfe1692f757fce353c4,,contestants/E10/13-archives/E10-grandchallenge-MATHSOLVE-adcfa0537f43327f4bb9acfe1692f757fce353c4.zip,MATHSOLVE-adcfa0537f43327f4bb9acfe1692f757fce353c4/schemas/openai_ten_proofs_permanent_result_family_handoff.schema.json,,a2f74163,Filename/path inference; editable in the app
345353,schemas/openai_ten_proofs_result_family_handoff.schema.json,General / shared,7110,Pinned collected revision; final designation governed by team receipt | 2fd9fd643bf3e9e98d121dc2e7af1cf1be411ae2,https://codeload.github.com/grandchallenge/MATHSOLVE/zip/2fd9fd643bf3e9e98d121dc2e7af1cf1be411ae2,,contestants/E10/13-archives/E10-grandchallenge-MATHSOLVE-2fd9fd643bf3e9e98d121dc2e7af1cf1be411ae2.zip,MATHSOLVE-2fd9fd643bf3e9e98d121dc2e7af1cf1be411ae2/schemas/openai_ten_proofs_result_family_handoff.schema.json,,a368fb26,Filename/path inference; editable in the app
348450,schemas/openai_ten_proofs_result_family_handoff.schema.json,General / shared,7110,Latest public revision collected separately; not an author-designated final | adcfa0537f43327f4bb9acfe1692f757fce353c4,https://codeload.github.com/grandchallenge/MATHSOLVE/zip/adcfa0537f43327f4bb9acfe1692f757fce353c4,,contestants/E10/13-archives/E10-grandchallenge-MATHSOLVE-adcfa0537f43327f4bb9acfe1692f757fce353c4.zip,MATHSOLVE-adcfa0537f43327f4bb9acfe1692f757fce353c4/schemas/openai_ten_proofs_result_family_handoff.schema.json,,a368fb26,Filename/path inference; editable in the app
345354,schemas/openai_ten_proofs_result_family_handoff_registry.schema.json,General / shared,8113,Pinned collected revision; final designation governed by team receipt | 2fd9fd643bf3e9e98d121dc2e7af1cf1be411ae2,https://codeload.github.com/grandchallenge/MATHSOLVE/zip/2fd9fd643bf3e9e98d121dc2e7af1cf1be411ae2,,contestants/E10/13-archives/E10-grandchallenge-MATHSOLVE-2fd9fd643bf3e9e98d121dc2e7af1cf1be411ae2.zip,MATHSOLVE-2fd9fd643bf3e9e98d121dc2e7af1cf1be411ae2/schemas/openai_ten_proofs_result_family_handoff_registry.schema.json,,6206da04,Filename/path inference; editable in the app
348451,schemas/openai_ten_proofs_result_family_handoff_registry.schema.json,General / shared,8113,Latest public revision collected separately; not an author-designated final | adcfa0537f43327f4bb9acfe1692f757fce353c4,https://codeload.github.com/grandchallenge/MATHSOLVE/zip/adcfa0537f43327f4bb9acfe1692f757fce353c4,,contestants/E10/13-archives/E10-grandchallenge-MATHSOLVE-adcfa0537f43327f4bb9acfe1692f757fce353c4.zip,MATHSOLVE-adcfa0537f43327f4bb9acfe1692f757fce353c4/schemas/openai_ten_proofs_result_family_handoff_registry.schema.json,,6206da04,Filename/path inference; editable in the app
345355,schemas/openai_ten_proofs_umbrella_sync.schema.json,General / shared,5739,Pinned collected revision; final designation governed by team receipt | 2fd9fd643bf3e9e98d121dc2e7af1cf1be411ae2,https://codeload.github.com/grandchallenge/MATHSOLVE/zip/2fd9fd643bf3e9e98d121dc2e7af1cf1be411ae2,,contestants/E10/13-archives/E10-grandchallenge-MATHSOLVE-2fd9fd643bf3e9e98d121dc2e7af1cf1be411ae2.zip,MATHSOLVE-2fd9fd643bf3e9e98d121dc2e7af1cf1be411ae2/schemas/openai_ten_proofs_umbrella_sync.schema.json,,63b8f49b,Filename/path inference; editable in the app
348452,schemas/openai_ten_proofs_umbrella_sync.schema.json,General / shared,5739,Latest public revision collected separately; not an author-designated final | adcfa0537f43327f4bb9acfe1692f757fce353c4,https://codeload.github.com/grandchallenge/MATHSOLVE/zip/adcfa0537f43327f4bb9acfe1692f757fce353c4,,contestants/E10/13-archives/E10-grandchallenge-MATHSOLVE-adcfa0537f43327f4bb9acfe1692f757fce353c4.zip,MATHSOLVE-adcfa0537f43327f4bb9acfe1692f757fce353c4/schemas/openai_ten_proofs_umbrella_sync.schema.json,,63b8f49b,Filename/path inference; editable in the app
345356,schemas/wp06_chaidez_conformance.schema.json,General / shared,34584,Pinned collected revision; final designation governed by team receipt | 2fd9fd643bf3e9e98d121dc2e7af1cf1be411ae2,https://codeload.github.com/grandchallenge/MATHSOLVE/zip/2fd9fd643bf3e9e98d121dc2e7af1cf1be411ae2,,contestants/E10/13-archives/E10-grandchallenge-MATHSOLVE-2fd9fd643bf3e9e98d121dc2e7af1cf1be411ae2.zip,MATHSOLVE-2fd9fd643bf3e9e98d121dc2e7af1cf1be411ae2/schemas/wp06_chaidez_conformance.schema.json,,5f83daba,Filename/path inference; editable in the app
348453,schemas/wp06_chaidez_conformance.schema.json,General / shared,34584,Latest public revision collected separately; not an author-designated final | adcfa0537f43327f4bb9acfe1692f757fce353c4,https://codeload.github.com/grandchallenge/MATHSOLVE/zip/adcfa0537f43327f4bb9acfe1692f757fce353c4,,contestants/E10/13-archives/E10-grandchallenge-MATHSOLVE-adcfa0537f43327f4bb9acfe1692f757fce353c4.zip,MATHSOLVE-adcfa0537f43327f4bb9acfe1692f757fce353c4/schemas/wp06_chaidez_conformance.schema.json,,5f83daba,Filename/path inference; editable in the app
345368,templates/external_catalog_mathcert_handoff.json,General / shared,4085,Pinned collected revision; final designation governed by team receipt | 2fd9fd643bf3e9e98d121dc2e7af1cf1be411ae2,https://codeload.github.com/grandchallenge/MATHSOLVE/zip/2fd9fd643bf3e9e98d121dc2e7af1cf1be411ae2,,contestants/E10/13-archives/E10-grandchallenge-MATHSOLVE-2fd9fd643bf3e9e98d121dc2e7af1cf1be411ae2.zip,MATHSOLVE-2fd9fd643bf3e9e98d121dc2e7af1cf1be411ae2/templates/external_catalog_mathcert_handoff.json,,09170209,Filename/path inference; editable in the app
348472,templates/external_catalog_mathcert_handoff.json,General / shared,4085,Latest public revision collected separately; not an author-designated final | adcfa0537f43327f4bb9acfe1692f757fce353c4,https://codeload.github.com/grandchallenge/MATHSOLVE/zip/adcfa0537f43327f4bb9acfe1692f757fce353c4,,contestants/E10/13-archives/E10-grandchallenge-MATHSOLVE-adcfa0537f43327f4bb9acfe1692f757fce353c4.zip,MATHSOLVE-adcfa0537f43327f4bb9acfe1692f757fce353c4/templates/external_catalog_mathcert_handoff.json,,09170209,Filename/path inference; editable in the app
345370,templates/mathcert_handoff.json,General / shared,2133,Pinned collected revision; final designation governed by team receipt | 2fd9fd643bf3e9e98d121dc2e7af1cf1be411ae2,https://codeload.github.com/grandchallenge/MATHSOLVE/zip/2fd9fd643bf3e9e98d121dc2e7af1cf1be411ae2,,contestants/E10/13-archives/E10-grandchallenge-MATHSOLVE-2fd9fd643bf3e9e98d121dc2e7af1cf1be411ae2.zip,MATHSOLVE-2fd9fd643bf3e9e98d121dc2e7af1cf1be411ae2/templates/mathcert_handoff.json,,1821434b,Filename/path inference; editable in the app
348474,templates/mathcert_handoff.json,General / shared,2133,Latest public revision collected separately; not an author-designated final | adcfa0537f43327f4bb9acfe1692f757fce353c4,https://codeload.github.com/grandchallenge/MATHSOLVE/zip/adcfa0537f43327f4bb9acfe1692f757fce353c4,,contestants/E10/13-archives/E10-grandchallenge-MATHSOLVE-adcfa0537f43327f4bb9acfe1692f757fce353c4.zip,MATHSOLVE-adcfa0537f43327f4bb9acfe1692f757fce353c4/templates/mathcert_handoff.json,,1821434b,Filename/path inference; editable in the app
345373,tests/fixtures/external_catalog_promotion/forge/catalog/entries/canary.jsonl,General / shared,1215,Pinned collected revision; final designation governed by team receipt | 2fd9fd643bf3e9e98d121dc2e7af1cf1be411ae2,https://codeload.github.com/grandchallenge/MATHSOLVE/zip/2fd9fd643bf3e9e98d121dc2e7af1cf1be411ae2,,contestants/E10/13-archives/E10-grandchallenge-MATHSOLVE-2fd9fd643bf3e9e98d121dc2e7af1cf1be411ae2.zip,MATHSOLVE-2fd9fd643bf3e9e98d121dc2e7af1cf1be411ae2/tests/fixtures/external_catalog_promotion/forge/catalog/entries/canary.jsonl,,944a456e,Filename/path inference; editable in the app
348477,tests/fixtures/external_catalog_promotion/forge/catalog/entries/canary.jsonl,General / shared,1215,Latest public revision collected separately; not an author-designated final | adcfa0537f43327f4bb9acfe1692f757fce353c4,https://codeload.github.com/grandchallenge/MATHSOLVE/zip/adcfa0537f43327f4bb9acfe1692f757fce353c4,,contestants/E10/13-archives/E10-grandchallenge-MATHSOLVE-adcfa0537f43327f4bb9acfe1692f757fce353c4.zip,MATHSOLVE-adcfa0537f43327f4bb9acfe1692f757fce353c4/tests/fixtures/external_catalog_promotion/forge/catalog/entries/canary.jsonl,,944a456e,Filename/path inference; editable in the app
345374,tests/fixtures/external_catalog_promotion/forge/catalog/relations/relations.json,General / shared,42,Pinned collected revision; final designation governed by team receipt | 2fd9fd643bf3e9e98d121dc2e7af1cf1be411ae2,https://codeload.github.com/grandchallenge/MATHSOLVE/zip/2fd9fd643bf3e9e98d121dc2e7af1cf1be411ae2,,contestants/E10/13-archives/E10-grandchallenge-MATHSOLVE-2fd9fd643bf3e9e98d121dc2e7af1cf1be411ae2.zip,MATHSOLVE-2fd9fd643bf3e9e98d121dc2e7af1cf1be411ae2/tests/fixtures/external_catalog_promotion/forge/catalog/relations/relations.json,,a3310c99,Filename/path inference; editable in the app
348478,tests/fixtures/external_catalog_promotion/forge/catalog/relations/relations.json,General / shared,42,Latest public revision collected separately; not an author-designated final | adcfa0537f43327f4bb9acfe1692f757fce353c4,https://codeload.github.com/grandchallenge/MATHSOLVE/zip/adcfa0537f43327f4bb9acfe1692f757fce353c4,,contestants/E10/13-archives/E10-grandchallenge-MATHSOLVE-adcfa0537f43327f4bb9acfe1692f757fce353c4.zip,MATHSOLVE-adcfa0537f43327f4bb9acfe1692f757fce353c4/tests/fixtures/external_catalog_promotion/forge/catalog/relations/relations.json,,a3310c99,Filename/path inference; editable in the app
345375,tests/fixtures/external_catalog_promotion/programme/governance/mathforge_external_source_imports.json,General / shared,1038,Pinned collected revision; final designation governed by team receipt | 2fd9fd643bf3e9e98d121dc2e7af1cf1be411ae2,https://codeload.github.com/grandchallenge/MATHSOLVE/zip/2fd9fd643bf3e9e98d121dc2e7af1cf1be411ae2,,contestants/E10/13-archives/E10-grandchallenge-MATHSOLVE-2fd9fd643bf3e9e98d121dc2e7af1cf1be411ae2.zip,MATHSOLVE-2fd9fd643bf3e9e98d121dc2e7af1cf1be411ae2/tests/fixtures/external_catalog_promotion/programme/governance/mathforge_external_source_imports.json,,26434c8f,Filename/path inference; editable in the app
348479,tests/fixtures/external_catalog_promotion/programme/governance/mathforge_external_source_imports.json,General / shared,1038,Latest public revision collected separately; not an author-designated final | adcfa0537f43327f4bb9acfe1692f757fce353c4,https://codeload.github.com/grandchallenge/MATHSOLVE/zip/adcfa0537f43327f4bb9acfe1692f757fce353c4,,contestants/E10/13-archives/E10-grandchallenge-MATHSOLVE-adcfa0537f43327f4bb9acfe1692f757fce353c4.zip,MATHSOLVE-adcfa0537f43327f4bb9acfe1692f757fce353c4/tests/fixtures/external_catalog_promotion/programme/governance/mathforge_external_source_imports.json,,26434c8f,Filename/path inference; editable in the app
345376,tests/fixtures/external_catalog_promotion/solve/cert_handoffs/canary-generic.json,General / shared,2169,Pinned collected revision; final designation governed by team receipt | 2fd9fd643bf3e9e98d121dc2e7af1cf1be411ae2,https://codeload.github.com/grandchallenge/MATHSOLVE/zip/2fd9fd643bf3e9e98d121dc2e7af1cf1be411ae2,,contestants/E10/13-archives/E10-grandchallenge-MATHSOLVE-2fd9fd643bf3e9e98d121dc2e7af1cf1be411ae2.zip,MATHSOLVE-2fd9fd643bf3e9e98d121dc2e7af1cf1be411ae2/tests/fixtures/external_catalog_promotion/solve/cert_handoffs/canary-generic.json,,a32e200e,Filename/path inference; editable in the app
348480,tests/fixtures/external_catalog_promotion/solve/cert_handoffs/canary-generic.json,General / shared,2169,Latest public revision collected separately; not an author-designated final | adcfa0537f43327f4bb9acfe1692f757fce353c4,https://codeload.github.com/grandchallenge/MATHSOLVE/zip/adcfa0537f43327f4bb9acfe1692f757fce353c4,,contestants/E10/13-archives/E10-grandchallenge-MATHSOLVE-adcfa0537f43327f4bb9acfe1692f757fce353c4.zip,MATHSOLVE-adcfa0537f43327f4bb9acfe1692f757fce353c4/tests/fixtures/external_catalog_promotion/solve/cert_handoffs/canary-generic.json,,a32e200e,Filename/path inference; editable in the app
345377,tests/fixtures/external_catalog_promotion/solve/cert_handoffs/external_catalog/MS-CAT-HANDOFF-CANARY.json,General / shared,4085,Pinned collected revision; final designation governed by team receipt | 2fd9fd643bf3e9e98d121dc2e7af1cf1be411ae2,https://codeload.github.com/grandchallenge/MATHSOLVE/zip/2fd9fd643bf3e9e98d121dc2e7af1cf1be411ae2,,contestants/E10/13-archives/E10-grandchallenge-MATHSOLVE-2fd9fd643bf3e9e98d121dc2e7af1cf1be411ae2.zip,MATHSOLVE-2fd9fd643bf3e9e98d121dc2e7af1cf1be411ae2/tests/fixtures/external_catalog_promotion/solve/cert_handoffs/external_catalog/MS-CAT-HANDOFF-CANARY.json,,09170209,Filename/path inference; editable in the app
348481,tests/fixtures/external_catalog_promotion/solve/cert_handoffs/external_catalog/MS-CAT-HANDOFF-CANARY.json,General / shared,4085,Latest public revision collected separately; not an author-designated final | adcfa0537f43327f4bb9acfe1692f757fce353c4,https://codeload.github.com/grandchallenge/MATHSOLVE/zip/adcfa0537f43327f4bb9acfe1692f757fce353c4,,contestants/E10/13-archives/E10-grandchallenge-MATHSOLVE-adcfa0537f43327f4bb9acfe1692f757fce353c4.zip,MATHSOLVE-adcfa0537f43327f4bb9acfe1692f757fce353c4/tests/fixtures/external_catalog_promotion/solve/cert_handoffs/external_catalog/MS-CAT-HANDOFF-CANARY.json,,09170209,Filename/path inference; editable in the app
345378,tests/fixtures/external_catalog_promotion/solve/governance/external_catalog_promotion_registry.json,General / shared,448,Pinned collected revision; final designation governed by team receipt | 2fd9fd643bf3e9e98d121dc2e7af1cf1be411ae2,https://codeload.github.com/grandchallenge/MATHSOLVE/zip/2fd9fd643bf3e9e98d121dc2e7af1cf1be411ae2,,contestants/E10/13-archives/E10-grandchallenge-MATHSOLVE-2fd9fd643bf3e9e98d121dc2e7af1cf1be411ae2.zip,MATHSOLVE-2fd9fd643bf3e9e98d121dc2e7af1cf1be411ae2/tests/fixtures/external_catalog_promotion/solve/governance/external_catalog_promotion_registry.json,,42d1d662,Filename/path inference; editable in the app
348482,tests/fixtures/external_catalog_promotion/solve/governance/external_catalog_promotion_registry.json,General / shared,448,Latest public revision collected separately; not an author-designated final | adcfa0537f43327f4bb9acfe1692f757fce353c4,https://codeload.github.com/grandchallenge/MATHSOLVE/zip/adcfa0537f43327f4bb9acfe1692f757fce353c4,,contestants/E10/13-archives/E10-grandchallenge-MATHSOLVE-adcfa0537f43327f4bb9acfe1692f757fce353c4.zip,MATHSOLVE-adcfa0537f43327f4bb9acfe1692f757fce353c4/tests/fixtures/external_catalog_promotion/solve/governance/external_catalog_promotion_registry.json,,42d1d662,Filename/path inference; editable in the app
345379,tests/fixtures/external_catalog_promotion/solve/promotions/external_catalog/MS-CAT-PROMOTION-CANARY.json,General / shared,10209,Pinned collected revision; final designation governed by team receipt | 2fd9fd643bf3e9e98d121dc2e7af1cf1be411ae2,https://codeload.github.com/grandchallenge/MATHSOLVE/zip/2fd9fd643bf3e9e98d121dc2e7af1cf1be411ae2,,contestants/E10/13-archives/E10-grandchallenge-MATHSOLVE-2fd9fd643bf3e9e98d121dc2e7af1cf1be411ae2.zip,MATHSOLVE-2fd9fd643bf3e9e98d121dc2e7af1cf1be411ae2/tests/fixtures/external_catalog_promotion/solve/promotions/external_catalog/MS-CAT-PROMOTION-CANARY.json,,90ad82dd,Filename/path inference; editable in the app
348483,tests/fixtures/external_catalog_promotion/solve/promotions/external_catalog/MS-CAT-PROMOTION-CANARY.json,General / shared,10209,Latest public revision collected separately; not an author-designated final | adcfa0537f43327f4bb9acfe1692f757fce353c4,https://codeload.github.com/grandchallenge/MATHSOLVE/zip/adcfa0537f43327f4bb9acfe1692f757fce353c4,,contestants/E10/13-archives/E10-grandchallenge-MATHSOLVE-adcfa0537f43327f4bb9acfe1692f757fce353c4.zip,MATHSOLVE-adcfa0537f43327f4bb9acfe1692f757fce353c4/tests/fixtures/external_catalog_promotion/solve/promotions/external_catalog/MS-CAT-PROMOTION-CANARY.json,,90ad82dd,Filename/path inference; editable in the app
345381,tests/fixtures/external_catalog_promotion/solve/work_packages/CANARY/dependency_dag.json,General / shared,22,Pinned collected revision; final designation governed by team receipt | 2fd9fd643bf3e9e98d121dc2e7af1cf1be411ae2,https://codeload.github.com/grandchallenge/MATHSOLVE/zip/2fd9fd643bf3e9e98d121dc2e7af1cf1be411ae2,,contestants/E10/13-archives/E10-grandchallenge-MATHSOLVE-2fd9fd643bf3e9e98d121dc2e7af1cf1be411ae2.zip,MATHSOLVE-2fd9fd643bf3e9e98d121dc2e7af1cf1be411ae2/tests/fixtures/external_catalog_promotion/solve/work_packages/CANARY/dependency_dag.json,,9eb20bf4,Filename/path inference; editable in the app
348485,tests/fixtures/external_catalog_promotion/solve/work_packages/CANARY/dependency_dag.json,General / shared,22,Latest public revision collected separately; not an author-designated final | adcfa0537f43327f4bb9acfe1692f757fce353c4,https://codeload.github.com/grandchallenge/MATHSOLVE/zip/adcfa0537f43327f4bb9acfe1692f757fce353c4,,contestants/E10/13-archives/E10-grandchallenge-MATHSOLVE-adcfa0537f43327f4bb9acfe1692f757fce353c4.zip,MATHSOLVE-adcfa0537f43327f4bb9acfe1692f757fce353c4/tests/fixtures/external_catalog_promotion/solve/work_packages/CANARY/dependency_dag.json,,9eb20bf4,Filename/path inference; editable in the app
345383,tests/fixtures/external_catalog_promotion/solve/work_packages/CANARY/handoff_intent.json,General / shared,1176,Pinned collected revision; final designation governed by team receipt | 2fd9fd643bf3e9e98d121dc2e7af1cf1be411ae2,https://codeload.github.com/grandchallenge/MATHSOLVE/zip/2fd9fd643bf3e9e98d121dc2e7af1cf1be411ae2,,contestants/E10/13-archives/E10-grandchallenge-MATHSOLVE-2fd9fd643bf3e9e98d121dc2e7af1cf1be411ae2.zip,MATHSOLVE-2fd9fd643bf3e9e98d121dc2e7af1cf1be411ae2/tests/fixtures/external_catalog_promotion/solve/work_packages/CANARY/handoff_intent.json,,3eb25890,Filename/path inference; editable in the app
348487,tests/fixtures/external_catalog_promotion/solve/work_packages/CANARY/handoff_intent.json,General / shared,1176,Latest public revision collected separately; not an author-designated final | adcfa0537f43327f4bb9acfe1692f757fce353c4,https://codeload.github.com/grandchallenge/MATHSOLVE/zip/adcfa0537f43327f4bb9acfe1692f757fce353c4,,contestants/E10/13-archives/E10-grandchallenge-MATHSOLVE-adcfa0537f43327f4bb9acfe1692f757fce353c4.zip,MATHSOLVE-adcfa0537f43327f4bb9acfe1692f757fce353c4/tests/fixtures/external_catalog_promotion/solve/work_packages/CANARY/handoff_intent.json,,3eb25890,Filename/path inference; editable in the app
345387,tests/fixtures/external_catalog_promotion/solve/work_packages/CANARY/proof_debt.json,General / shared,440,Pinned collected revision; final designation governed by team receipt | 2fd9fd643bf3e9e98d121dc2e7af1cf1be411ae2,https://codeload.github.com/grandchallenge/MATHSOLVE/zip/2fd9fd643bf3e9e98d121dc2e7af1cf1be411ae2,,contestants/E10/13-archives/E10-grandchallenge-MATHSOLVE-2fd9fd643bf3e9e98d121dc2e7af1cf1be411ae2.zip,MATHSOLVE-2fd9fd643bf3e9e98d121dc2e7af1cf1be411ae2/tests/fixtures/external_catalog_promotion/solve/work_packages/CANARY/proof_debt.json,,0e7ed38b,Filename/path inference; editable in the app
348491,tests/fixtures/external_catalog_promotion/solve/work_packages/CANARY/proof_debt.json,General / shared,440,Latest public revision collected separately; not an author-designated final | adcfa0537f43327f4bb9acfe1692f757fce353c4,https://codeload.github.com/grandchallenge/MATHSOLVE/zip/adcfa0537f43327f4bb9acfe1692f757fce353c4,,contestants/E10/13-archives/E10-grandchallenge-MATHSOLVE-adcfa0537f43327f4bb9acfe1692f757fce353c4.zip,MATHSOLVE-adcfa0537f43327f4bb9acfe1692f757fce353c4/tests/fixtures/external_catalog_promotion/solve/work_packages/CANARY/proof_debt.json,,0e7ed38b,Filename/path inference; editable in the app
345393,tests/fixtures/external_catalog_promotion/solve/work_packages/CANARY/theorem_spine.json,General / shared,348,Pinned collected revision; final designation governed by team receipt | 2fd9fd643bf3e9e98d121dc2e7af1cf1be411ae2,https://codeload.github.com/grandchallenge/MATHSOLVE/zip/2fd9fd643bf3e9e98d121dc2e7af1cf1be411ae2,,contestants/E10/13-archives/E10-grandchallenge-MATHSOLVE-2fd9fd643bf3e9e98d121dc2e7af1cf1be411ae2.zip,MATHSOLVE-2fd9fd643bf3e9e98d121dc2e7af1cf1be411ae2/tests/fixtures/external_catalog_promotion/solve/work_packages/CANARY/theorem_spine.json,,07a8233c,Filename/path inference; editable in the app
348497,tests/fixtures/external_catalog_promotion/solve/work_packages/CANARY/theorem_spine.json,General / shared,348,Latest public revision collected separately; not an author-designated final | adcfa0537f43327f4bb9acfe1692f757fce353c4,https://codeload.github.com/grandchallenge/MATHSOLVE/zip/adcfa0537f43327f4bb9acfe1692f757fce353c4,,contestants/E10/13-archives/E10-grandchallenge-MATHSOLVE-adcfa0537f43327f4bb9acfe1692f757fce353c4.zip,MATHSOLVE-adcfa0537f43327f4bb9acfe1692f757fce353c4/tests/fixtures/external_catalog_promotion/solve/work_packages/CANARY/theorem_spine.json,,07a8233c,Filename/path inference; editable in the app
345554,work_packages/BSD_R2_A1_WP18B_SELMER2/01_RAW_EVIDENCE.json,General / shared,1534,Pinned collected revision; final designation governed by team receipt | 2fd9fd643bf3e9e98d121dc2e7af1cf1be411ae2,https://codeload.github.com/grandchallenge/MATHSOLVE/zip/2fd9fd643bf3e9e98d121dc2e7af1cf1be411ae2,,contestants/E10/13-archives/E10-grandchallenge-MATHSOLVE-2fd9fd643bf3e9e98d121dc2e7af1cf1be411ae2.zip,MATHSOLVE-2fd9fd643bf3e9e98d121dc2e7af1cf1be411ae2/work_packages/BSD_R2_A1_WP18B_SELMER2/01_RAW_EVIDENCE.json,,e4014af9,Filename/path inference; editable in the app
348660,work_packages/BSD_R2_A1_WP18B_SELMER2/01_RAW_EVIDENCE.json,General / shared,1534,Latest public revision collected separately; not an author-designated final | adcfa0537f43327f4bb9acfe1692f757fce353c4,https://codeload.github.com/grandchallenge/MATHSOLVE/zip/adcfa0537f43327f4bb9acfe1692f757fce353c4,,contestants/E10/13-archives/E10-grandchallenge-MATHSOLVE-adcfa0537f43327f4bb9acfe1692f757fce353c4.zip,MATHSOLVE-adcfa0537f43327f4bb9acfe1692f757fce353c4/work_packages/BSD_R2_A1_WP18B_SELMER2/01_RAW_EVIDENCE.json,,e4014af9,Filename/path inference; editable in the app
345874,work_packages/OPENAI_TEN_PROOFS_WP00/downstream_certification_observation.json,General / shared,4288,Pinned collected revision; final designation governed by team receipt | 2fd9fd643bf3e9e98d121dc2e7af1cf1be411ae2,https://codeload.github.com/grandchallenge/MATHSOLVE/zip/2fd9fd643bf3e9e98d121dc2e7af1cf1be411ae2,,contestants/E10/13-archives/E10-grandchallenge-MATHSOLVE-2fd9fd643bf3e9e98d121dc2e7af1cf1be411ae2.zip,MATHSOLVE-2fd9fd643bf3e9e98d121dc2e7af1cf1be411ae2/work_packages/OPENAI_TEN_PROOFS_WP00/downstream_certification_observation.json,,3368b618,Filename/path inference; editable in the app
348980,work_packages/OPENAI_TEN_PROOFS_WP00/downstream_certification_observation.json,General / shared,4288,Latest public revision collected separately; not an author-designated final | adcfa0537f43327f4bb9acfe1692f757fce353c4,https://codeload.github.com/grandchallenge/MATHSOLVE/zip/adcfa0537f43327f4bb9acfe1692f757fce353c4,,contestants/E10/13-archives/E10-grandchallenge-MATHSOLVE-adcfa0537f43327f4bb9acfe1692f757fce353c4.zip,MATHSOLVE-adcfa0537f43327f4bb9acfe1692f757fce353c4/work_packages/OPENAI_TEN_PROOFS_WP00/downstream_certification_observation.json,,3368b618,Filename/path inference; editable in the app
345875,work_packages/OPENAI_TEN_PROOFS_WP00/pre_route_candidate.json,General / shared,2572,Pinned collected revision; final designation governed by team receipt | 2fd9fd643bf3e9e98d121dc2e7af1cf1be411ae2,https://codeload.github.com/grandchallenge/MATHSOLVE/zip/2fd9fd643bf3e9e98d121dc2e7af1cf1be411ae2,,contestants/E10/13-archives/E10-grandchallenge-MATHSOLVE-2fd9fd643bf3e9e98d121dc2e7af1cf1be411ae2.zip,MATHSOLVE-2fd9fd643bf3e9e98d121dc2e7af1cf1be411ae2/work_packages/OPENAI_TEN_PROOFS_WP00/pre_route_candidate.json,,ecb2f8f9,Filename/path inference; editable in the app
348981,work_packages/OPENAI_TEN_PROOFS_WP00/pre_route_candidate.json,General / shared,2572,Latest public revision collected separately; not an author-designated final | adcfa0537f43327f4bb9acfe1692f757fce353c4,https://codeload.github.com/grandchallenge/MATHSOLVE/zip/adcfa0537f43327f4bb9acfe1692f757fce353c4,,contestants/E10/13-archives/E10-grandchallenge-MATHSOLVE-adcfa0537f43327f4bb9acfe1692f757fce353c4.zip,MATHSOLVE-adcfa0537f43327f4bb9acfe1692f757fce353c4/work_packages/OPENAI_TEN_PROOFS_WP00/pre_route_candidate.json,,ecb2f8f9,Filename/path inference; editable in the app
345876,work_packages/OPENAI_TEN_PROOFS_WP00/result_family_handoff_registry.json,General / shared,6687,Pinned collected revision; final designation governed by team receipt | 2fd9fd643bf3e9e98d121dc2e7af1cf1be411ae2,https://codeload.github.com/grandchallenge/MATHSOLVE/zip/2fd9fd643bf3e9e98d121dc2e7af1cf1be411ae2,,contestants/E10/13-archives/E10-grandchallenge-MATHSOLVE-2fd9fd643bf3e9e98d121dc2e7af1cf1be411ae2.zip,MATHSOLVE-2fd9fd643bf3e9e98d121dc2e7af1cf1be411ae2/work_packages/OPENAI_TEN_PROOFS_WP00/result_family_handoff_registry.json,,c7739b7b,Filename/path inference; editable in the app
348982,work_packages/OPENAI_TEN_PROOFS_WP00/result_family_handoff_registry.json,General / shared,6687,Latest public revision collected separately; not an author-designated final | adcfa0537f43327f4bb9acfe1692f757fce353c4,https://codeload.github.com/grandchallenge/MATHSOLVE/zip/adcfa0537f43327f4bb9acfe1692f757fce353c4,,contestants/E10/13-archives/E10-grandchallenge-MATHSOLVE-adcfa0537f43327f4bb9acfe1692f757fce353c4.zip,MATHSOLVE-adcfa0537f43327f4bb9acfe1692f757fce353c4/work_packages/OPENAI_TEN_PROOFS_WP00/result_family_handoff_registry.json,,c7739b7b,Filename/path inference; editable in the app
345877,work_packages/OPENAI_TEN_PROOFS_WP00/result_family_handoff_successors/OTP-A-SPHERE-PACKING.json,General / shared,7096,Pinned collected revision; final designation governed by team receipt | 2fd9fd643bf3e9e98d121dc2e7af1cf1be411ae2,https://codeload.github.com/grandchallenge/MATHSOLVE/zip/2fd9fd643bf3e9e98d121dc2e7af1cf1be411ae2,,contestants/E10/13-archives/E10-grandchallenge-MATHSOLVE-2fd9fd643bf3e9e98d121dc2e7af1cf1be411ae2.zip,MATHSOLVE-2fd9fd643bf3e9e98d121dc2e7af1cf1be411ae2/work_packages/OPENAI_TEN_PROOFS_WP00/result_family_handoff_successors/OTP-A-SPHERE-PACKING.json,,2a9babdc,Filename/path inference; editable in the app
348983,work_packages/OPENAI_TEN_PROOFS_WP00/result_family_handoff_successors/OTP-A-SPHERE-PACKING.json,General / shared,7096,Latest public revision collected separately; not an author-designated final | adcfa0537f43327f4bb9acfe1692f757fce353c4,https://codeload.github.com/grandchallenge/MATHSOLVE/zip/adcfa0537f43327f4bb9acfe1692f757fce353c4,,contestants/E10/13-archives/E10-grandchallenge-MATHSOLVE-adcfa0537f43327f4bb9acfe1692f757fce353c4.zip,MATHSOLVE-adcfa0537f43327f4bb9acfe1692f757fce353c4/work_packages/OPENAI_TEN_PROOFS_WP00/result_family_handoff_successors/OTP-A-SPHERE-PACKING.json,,2a9babdc,Filename/path inference; editable in the app
345878,work_packages/OPENAI_TEN_PROOFS_WP00/result_family_handoff_successors/OTP-B1-BINARY-CODES.json,General / shared,6626,Pinned collected revision; final designation governed by team receipt | 2fd9fd643bf3e9e98d121dc2e7af1cf1be411ae2,https://codeload.github.com/grandchallenge/MATHSOLVE/zip/2fd9fd643bf3e9e98d121dc2e7af1cf1be411ae2,,contestants/E10/13-archives/E10-grandchallenge-MATHSOLVE-2fd9fd643bf3e9e98d121dc2e7af1cf1be411ae2.zip,MATHSOLVE-2fd9fd643bf3e9e98d121dc2e7af1cf1be411ae2/work_packages/OPENAI_TEN_PROOFS_WP00/result_family_handoff_successors/OTP-B1-BINARY-CODES.json,,9dc9ca8d,Filename/path inference; editable in the app
348984,work_packages/OPENAI_TEN_PROOFS_WP00/result_family_handoff_successors/OTP-B1-BINARY-CODES.json,General / shared,6626,Latest public revision collected separately; not an author-designated final | adcfa0537f43327f4bb9acfe1692f757fce353c4,https://codeload.github.com/grandchallenge/MATHSOLVE/zip/adcfa0537f43327f4bb9acfe1692f757fce353c4,,contestants/E10/13-archives/E10-grandchallenge-MATHSOLVE-adcfa0537f43327f4bb9acfe1692f757fce353c4.zip,MATHSOLVE-adcfa0537f43327f4bb9acfe1692f757fce353c4/work_packages/OPENAI_TEN_PROOFS_WP00/result_family_handoff_successors/OTP-B1-BINARY-CODES.json,,9dc9ca8d,Filename/path inference; editable in the app
345879,work_packages/OPENAI_TEN_PROOFS_WP00/result_family_handoff_successors/OTP-B2-SPHERICAL-CODES.json,General / shared,6665,Pinned collected revision; final designation governed by team receipt | 2fd9fd643bf3e9e98d121dc2e7af1cf1be411ae2,https://codeload.github.com/grandchallenge/MATHSOLVE/zip/2fd9fd643bf3e9e98d121dc2e7af1cf1be411ae2,,contestants/E10/13-archives/E10-grandchallenge-MATHSOLVE-2fd9fd643bf3e9e98d121dc2e7af1cf1be411ae2.zip,MATHSOLVE-2fd9fd643bf3e9e98d121dc2e7af1cf1be411ae2/work_packages/OPENAI_TEN_PROOFS_WP00/result_family_handoff_successors/OTP-B2-SPHERICAL-CODES.json,,5a73f0cc,Filename/path inference; editable in the app
348985,work_packages/OPENAI_TEN_PROOFS_WP00/result_family_handoff_successors/OTP-B2-SPHERICAL-CODES.json,General / shared,6665,Latest public revision collected separately; not an author-designated final | adcfa0537f43327f4bb9acfe1692f757fce353c4,https://codeload.github.com/grandchallenge/MATHSOLVE/zip/adcfa0537f43327f4bb9acfe1692f757fce353c4,,contestants/E10/13-archives/E10-grandchallenge-MATHSOLVE-adcfa0537f43327f4bb9acfe1692f757fce353c4.zip,MATHSOLVE-adcfa0537f43327f4bb9acfe1692f757fce353c4/work_packages/OPENAI_TEN_PROOFS_WP00/result_family_handoff_successors/OTP-B2-SPHERICAL-CODES.json,,5a73f0cc,Filename/path inference; editable in the app
345880,work_packages/OPENAI_TEN_PROOFS_WP00/result_family_handoff_successors/OTP-D-NON-SOFIC.json,General / shared,6796,Pinned collected revision; final designation governed by team receipt | 2fd9fd643bf3e9e98d121dc2e7af1cf1be411ae2,https://codeload.github.com/grandchallenge/MATHSOLVE/zip/2fd9fd643bf3e9e98d121dc2e7af1cf1be411ae2,,contestants/E10/13-archives/E10-grandchallenge-MATHSOLVE-2fd9fd643bf3e9e98d121dc2e7af1cf1be411ae2.zip,MATHSOLVE-2fd9fd643bf3e9e98d121dc2e7af1cf1be411ae2/work_packages/OPENAI_TEN_PROOFS_WP00/result_family_handoff_successors/OTP-D-NON-SOFIC.json,,0bbdeecd,Filename/path inference; editable in the app
348986,work_packages/OPENAI_TEN_PROOFS_WP00/result_family_handoff_successors/OTP-D-NON-SOFIC.json,General / shared,6796,Latest public revision collected separately; not an author-designated final | adcfa0537f43327f4bb9acfe1692f757fce353c4,https://codeload.github.com/grandchallenge/MATHSOLVE/zip/adcfa0537f43327f4bb9acfe1692f757fce353c4,,contestants/E10/13-archives/E10-grandchallenge-MATHSOLVE-adcfa0537f43327f4bb9acfe1692f757fce353c4.zip,MATHSOLVE-adcfa0537f43327f4bb9acfe1692f757fce353c4/work_packages/OPENAI_TEN_PROOFS_WP00/result_family_handoff_successors/OTP-D-NON-SOFIC.json,,0bbdeecd,Filename/path inference; editable in the app
345881,work_packages/OPENAI_TEN_PROOFS_WP00/result_family_handoff_successors/OTP-E-CONNES-RIGIDITY.json,General / shared,7542,Pinned collected revision; final designation governed by team receipt | 2fd9fd643bf3e9e98d121dc2e7af1cf1be411ae2,https://codeload.github.com/grandchallenge/MATHSOLVE/zip/2fd9fd643bf3e9e98d121dc2e7af1cf1be411ae2,,contestants/E10/13-archives/E10-grandchallenge-MATHSOLVE-2fd9fd643bf3e9e98d121dc2e7af1cf1be411ae2.zip,MATHSOLVE-2fd9fd643bf3e9e98d121dc2e7af1cf1be411ae2/work_packages/OPENAI_TEN_PROOFS_WP00/result_family_handoff_successors/OTP-E-CONNES-RIGIDITY.json,,e1b075c3,Filename/path inference; editable in the app
348987,work_packages/OPENAI_TEN_PROOFS_WP00/result_family_handoff_successors/OTP-E-CONNES-RIGIDITY.json,General / shared,7542,Latest public revision collected separately; not an author-designated final | adcfa0537f43327f4bb9acfe1692f757fce353c4,https://codeload.github.com/grandchallenge/MATHSOLVE/zip/adcfa0537f43327f4bb9acfe1692f757fce353c4,,contestants/E10/13-archives/E10-grandchallenge-MATHSOLVE-adcfa0537f43327f4bb9acfe1692f757fce353c4.zip,MATHSOLVE-adcfa0537f43327f4bb9acfe1692f757fce353c4/work_packages/OPENAI_TEN_PROOFS_WP00/result_family_handoff_successors/OTP-E-CONNES-RIGIDITY.json,,e1b075c3,Filename/path inference; editable in the app
345882,work_packages/OPENAI_TEN_PROOFS_WP00/result_family_handoff_successors/OTP-G-QUANTUM-PARALLEL-REPETITION.json,General / shared,6846,Pinned collected revision; final designation governed by team receipt | 2fd9fd643bf3e9e98d121dc2e7af1cf1be411ae2,https://codeload.github.com/grandchallenge/MATHSOLVE/zip/2fd9fd643bf3e9e98d121dc2e7af1cf1be411ae2,,contestants/E10/13-archives/E10-grandchallenge-MATHSOLVE-2fd9fd643bf3e9e98d121dc2e7af1cf1be411ae2.zip,MATHSOLVE-2fd9fd643bf3e9e98d121dc2e7af1cf1be411ae2/work_packages/OPENAI_TEN_PROOFS_WP00/result_family_handoff_successors/OTP-G-QUANTUM-PARALLEL-REPETITION.json,,d9712088,Filename/path inference; editable in the app
348988,work_packages/OPENAI_TEN_PROOFS_WP00/result_family_handoff_successors/OTP-G-QUANTUM-PARALLEL-REPETITION.json,General / shared,6846,Latest public revision collected separately; not an author-designated final | adcfa0537f43327f4bb9acfe1692f757fce353c4,https://codeload.github.com/grandchallenge/MATHSOLVE/zip/adcfa0537f43327f4bb9acfe1692f757fce353c4,,contestants/E10/13-archives/E10-grandchallenge-MATHSOLVE-adcfa0537f43327f4bb9acfe1692f757fce353c4.zip,MATHSOLVE-adcfa0537f43327f4bb9acfe1692f757fce353c4/work_packages/OPENAI_TEN_PROOFS_WP00/result_family_handoff_successors/OTP-G-QUANTUM-PARALLEL-REPETITION.json,,d9712088,Filename/path inference; editable in the app
345883,work_packages/OPENAI_TEN_PROOFS_WP00/result_family_handoff_successors/OTP-H-GAPCVP.json,General / shared,6796,Pinned collected revision; final designation governed by team receipt | 2fd9fd643bf3e9e98d121dc2e7af1cf1be411ae2,https://codeload.github.com/grandchallenge/MATHSOLVE/zip/2fd9fd643bf3e9e98d121dc2e7af1cf1be411ae2,,contestants/E10/13-archives/E10-grandchallenge-MATHSOLVE-2fd9fd643bf3e9e98d121dc2e7af1cf1be411ae2.zip,MATHSOLVE-2fd9fd643bf3e9e98d121dc2e7af1cf1be411ae2/work_packages/OPENAI_TEN_PROOFS_WP00/result_family_handoff_successors/OTP-H-GAPCVP.json,,1c5b297c,Filename/path inference; editable in the app
348989,work_packages/OPENAI_TEN_PROOFS_WP00/result_family_handoff_successors/OTP-H-GAPCVP.json,General / shared,6796,Latest public revision collected separately; not an author-designated final | adcfa0537f43327f4bb9acfe1692f757fce353c4,https://codeload.github.com/grandchallenge/MATHSOLVE/zip/adcfa0537f43327f4bb9acfe1692f757fce353c4,,contestants/E10/13-archives/E10-grandchallenge-MATHSOLVE-adcfa0537f43327f4bb9acfe1692f757fce353c4.zip,MATHSOLVE-adcfa0537f43327f4bb9acfe1692f757fce353c4/work_packages/OPENAI_TEN_PROOFS_WP00/result_family_handoff_successors/OTP-H-GAPCVP.json,,1c5b297c,Filename/path inference; editable in the app
345884,work_packages/OPENAI_TEN_PROOFS_WP00/result_family_handoff_successors/OTP-I-RAMSEY.json,Ramsey multiplicity,7009,Pinned collected revision; final designation governed by team receipt | 2fd9fd643bf3e9e98d121dc2e7af1cf1be411ae2,https://codeload.github.com/grandchallenge/MATHSOLVE/zip/2fd9fd643bf3e9e98d121dc2e7af1cf1be411ae2,,contestants/E10/13-archives/E10-grandchallenge-MATHSOLVE-2fd9fd643bf3e9e98d121dc2e7af1cf1be411ae2.zip,MATHSOLVE-2fd9fd643bf3e9e98d121dc2e7af1cf1be411ae2/work_packages/OPENAI_TEN_PROOFS_WP00/result_family_handoff_successors/OTP-I-RAMSEY.json,,c319b462,Filename/path inference; editable in the app
348990,work_packages/OPENAI_TEN_PROOFS_WP00/result_family_handoff_successors/OTP-I-RAMSEY.json,Ramsey multiplicity,7009,Latest public revision collected separately; not an author-designated final | adcfa0537f43327f4bb9acfe1692f757fce353c4,https://codeload.github.com/grandchallenge/MATHSOLVE/zip/adcfa0537f43327f4bb9acfe1692f757fce353c4,,contestants/E10/13-archives/E10-grandchallenge-MATHSOLVE-adcfa0537f43327f4bb9acfe1692f757fce353c4.zip,MATHSOLVE-adcfa0537f43327f4bb9acfe1692f757fce353c4/work_packages/OPENAI_TEN_PROOFS_WP00/result_family_handoff_successors/OTP-I-RAMSEY.json,,c319b462,Filename/path inference; editable in the app
345885,work_packages/OPENAI_TEN_PROOFS_WP00/result_family_handoffs/OTP-C-PERMANENT-CIRCUIT.json,General / shared,6698,Pinned collected revision; final designation governed by team receipt | 2fd9fd643bf3e9e98d121dc2e7af1cf1be411ae2,https://codeload.github.com/grandchallenge/MATHSOLVE/zip/2fd9fd643bf3e9e98d121dc2e7af1cf1be411ae2,,contestants/E10/13-archives/E10-grandchallenge-MATHSOLVE-2fd9fd643bf3e9e98d121dc2e7af1cf1be411ae2.zip,MATHSOLVE-2fd9fd643bf3e9e98d121dc2e7af1cf1be411ae2/work_packages/OPENAI_TEN_PROOFS_WP00/result_family_handoffs/OTP-C-PERMANENT-CIRCUIT.json,,aa3ef451,Filename/path inference; editable in the app
348991,work_packages/OPENAI_TEN_PROOFS_WP00/result_family_handoffs/OTP-C-PERMANENT-CIRCUIT.json,General / shared,6698,Latest public revision collected separately; not an author-designated final | adcfa0537f43327f4bb9acfe1692f757fce353c4,https://codeload.github.com/grandchallenge/MATHSOLVE/zip/adcfa0537f43327f4bb9acfe1692f757fce353c4,,contestants/E10/13-archives/E10-grandchallenge-MATHSOLVE-adcfa0537f43327f4bb9acfe1692f757fce353c4.zip,MATHSOLVE-adcfa0537f43327f4bb9acfe1692f757fce353c4/work_packages/OPENAI_TEN_PROOFS_WP00/result_family_handoffs/OTP-C-PERMANENT-CIRCUIT.json,,aa3ef451,Filename/path inference; editable in the app
345886,work_packages/OPENAI_TEN_PROOFS_WP00/result_family_handoffs/OTP-C-PERMANENT-FULL-FORMULA.json,General / shared,6330,Pinned collected revision; final designation governed by team receipt | 2fd9fd643bf3e9e98d121dc2e7af1cf1be411ae2,https://codeload.github.com/grandchallenge/MATHSOLVE/zip/2fd9fd643bf3e9e98d121dc2e7af1cf1be411ae2,,contestants/E10/13-archives/E10-grandchallenge-MATHSOLVE-2fd9fd643bf3e9e98d121dc2e7af1cf1be411ae2.zip,MATHSOLVE-2fd9fd643bf3e9e98d121dc2e7af1cf1be411ae2/work_packages/OPENAI_TEN_PROOFS_WP00/result_family_handoffs/OTP-C-PERMANENT-FULL-FORMULA.json,,2ecd96c4,Filename/path inference; editable in the app
348992,work_packages/OPENAI_TEN_PROOFS_WP00/result_family_handoffs/OTP-C-PERMANENT-FULL-FORMULA.json,General / shared,6330,Latest public revision collected separately; not an author-designated final | adcfa0537f43327f4bb9acfe1692f757fce353c4,https://codeload.github.com/grandchallenge/MATHSOLVE/zip/adcfa0537f43327f4bb9acfe1692f757fce353c4,,contestants/E10/13-archives/E10-grandchallenge-MATHSOLVE-adcfa0537f43327f4bb9acfe1692f757fce353c4.zip,MATHSOLVE-adcfa0537f43327f4bb9acfe1692f757fce353c4/work_packages/OPENAI_TEN_PROOFS_WP00/result_family_handoffs/OTP-C-PERMANENT-FULL-FORMULA.json,,2ecd96c4,Filename/path inference; editable in the app
345887,work_packages/OPENAI_TEN_PROOFS_WP00/result_family_handoffs/OTP-C-PERMANENT.json,General / shared,6273,Pinned collected revision; final designation governed by team receipt | 2fd9fd643bf3e9e98d121dc2e7af1cf1be411ae2,https://codeload.github.com/grandchallenge/MATHSOLVE/zip/2fd9fd643bf3e9e98d121dc2e7af1cf1be411ae2,,contestants/E10/13-archives/E10-grandchallenge-MATHSOLVE-2fd9fd643bf3e9e98d121dc2e7af1cf1be411ae2.zip,MATHSOLVE-2fd9fd643bf3e9e98d121dc2e7af1cf1be411ae2/work_packages/OPENAI_TEN_PROOFS_WP00/result_family_handoffs/OTP-C-PERMANENT.json,,61264d71,Filename/path inference; editable in the app
348993,work_packages/OPENAI_TEN_PROOFS_WP00/result_family_handoffs/OTP-C-PERMANENT.json,General / shared,6273,Latest public revision collected separately; not an author-designated final | adcfa0537f43327f4bb9acfe1692f757fce353c4,https://codeload.github.com/grandchallenge/MATHSOLVE/zip/adcfa0537f43327f4bb9acfe1692f757fce353c4,,contestants/E10/13-archives/E10-grandchallenge-MATHSOLVE-adcfa0537f43327f4bb9acfe1692f757fce353c4.zip,MATHSOLVE-adcfa0537f43327f4bb9acfe1692f757fce353c4/work_packages/OPENAI_TEN_PROOFS_WP00/result_family_handoffs/OTP-C-PERMANENT.json,,61264d71,Filename/path inference; editable in the app
345888,work_packages/OPENAI_TEN_PROOFS_WP00/result_family_handoffs/OTP-F-EHRHART.json,General / shared,4427,Pinned collected revision; final designation governed by team receipt | 2fd9fd643bf3e9e98d121dc2e7af1cf1be411ae2,https://codeload.github.com/grandchallenge/MATHSOLVE/zip/2fd9fd643bf3e9e98d121dc2e7af1cf1be411ae2,,contestants/E10/13-archives/E10-grandchallenge-MATHSOLVE-2fd9fd643bf3e9e98d121dc2e7af1cf1be411ae2.zip,MATHSOLVE-2fd9fd643bf3e9e98d121dc2e7af1cf1be411ae2/work_packages/OPENAI_TEN_PROOFS_WP00/result_family_handoffs/OTP-F-EHRHART.json,,bef80e61,Filename/path inference; editable in the app
348994,work_packages/OPENAI_TEN_PROOFS_WP00/result_family_handoffs/OTP-F-EHRHART.json,General / shared,4427,Latest public revision collected separately; not an author-designated final | adcfa0537f43327f4bb9acfe1692f757fce353c4,https://codeload.github.com/grandchallenge/MATHSOLVE/zip/adcfa0537f43327f4bb9acfe1692f757fce353c4,,contestants/E10/13-archives/E10-grandchallenge-MATHSOLVE-adcfa0537f43327f4bb9acfe1692f757fce353c4.zip,MATHSOLVE-adcfa0537f43327f4bb9acfe1692f757fce353c4/work_packages/OPENAI_TEN_PROOFS_WP00/result_family_handoffs/OTP-F-EHRHART.json,,bef80e61,Filename/path inference; editable in the app
345889,work_packages/OPENAI_TEN_PROOFS_WP00/result_family_handoffs/OTP-J1-COMPACTNESS.json,General / shared,4403,Pinned collected revision; final designation governed by team receipt | 2fd9fd643bf3e9e98d121dc2e7af1cf1be411ae2,https://codeload.github.com/grandchallenge/MATHSOLVE/zip/2fd9fd643bf3e9e98d121dc2e7af1cf1be411ae2,,contestants/E10/13-archives/E10-grandchallenge-MATHSOLVE-2fd9fd643bf3e9e98d121dc2e7af1cf1be411ae2.zip,MATHSOLVE-2fd9fd643bf3e9e98d121dc2e7af1cf1be411ae2/work_packages/OPENAI_TEN_PROOFS_WP00/result_family_handoffs/OTP-J1-COMPACTNESS.json,,0612225a,Filename/path inference; editable in the app
348995,work_packages/OPENAI_TEN_PROOFS_WP00/result_family_handoffs/OTP-J1-COMPACTNESS.json,General / shared,4403,Latest public revision collected separately; not an author-designated final | adcfa0537f43327f4bb9acfe1692f757fce353c4,https://codeload.github.com/grandchallenge/MATHSOLVE/zip/adcfa0537f43327f4bb9acfe1692f757fce353c4,,contestants/E10/13-archives/E10-grandchallenge-MATHSOLVE-adcfa0537f43327f4bb9acfe1692f757fce353c4.zip,MATHSOLVE-adcfa0537f43327f4bb9acfe1692f757fce353c4/work_packages/OPENAI_TEN_PROOFS_WP00/result_family_handoffs/OTP-J1-COMPACTNESS.json,,0612225a,Filename/path inference; editable in the app
345890,work_packages/OPENAI_TEN_PROOFS_WP00/result_family_handoffs/OTP-J2-TWO-DEGENERATE.json,General / shared,4369,Pinned collected revision; final designation governed by team receipt | 2fd9fd643bf3e9e98d121dc2e7af1cf1be411ae2,https://codeload.github.com/grandchallenge/MATHSOLVE/zip/2fd9fd643bf3e9e98d121dc2e7af1cf1be411ae2,,contestants/E10/13-archives/E10-grandchallenge-MATHSOLVE-2fd9fd643bf3e9e98d121dc2e7af1cf1be411ae2.zip,MATHSOLVE-2fd9fd643bf3e9e98d121dc2e7af1cf1be411ae2/work_packages/OPENAI_TEN_PROOFS_WP00/result_family_handoffs/OTP-J2-TWO-DEGENERATE.json,,d175ab5c,Filename/path inference; editable in the app
348996,work_packages/OPENAI_TEN_PROOFS_WP00/result_family_handoffs/OTP-J2-TWO-DEGENERATE.json,General / shared,4369,Latest public revision collected separately; not an author-designated final | adcfa0537f43327f4bb9acfe1692f757fce353c4,https://codeload.github.com/grandchallenge/MATHSOLVE/zip/adcfa0537f43327f4bb9acfe1692f757fce353c4,,contestants/E10/13-archives/E10-grandchallenge-MATHSOLVE-adcfa0537f43327f4bb9acfe1692f757fce353c4.zip,MATHSOLVE-adcfa0537f43327f4bb9acfe1692f757fce353c4/work_packages/OPENAI_TEN_PROOFS_WP00/result_family_handoffs/OTP-J2-TWO-DEGENERATE.json,,d175ab5c,Filename/path inference; editable in the app
345891,work_packages/OPENAI_TEN_PROOFS_WP00/umbrella_sync.json,General / shared,3093,Pinned collected revision; final designation governed by team receipt | 2fd9fd643bf3e9e98d121dc2e7af1cf1be411ae2,https://codeload.github.com/grandchallenge/MATHSOLVE/zip/2fd9fd643bf3e9e98d121dc2e7af1cf1be411ae2,,contestants/E10/13-archives/E10-grandchallenge-MATHSOLVE-2fd9fd643bf3e9e98d121dc2e7af1cf1be411ae2.zip,MATHSOLVE-2fd9fd643bf3e9e98d121dc2e7af1cf1be411ae2/work_packages/OPENAI_TEN_PROOFS_WP00/umbrella_sync.json,,a0389a14,Filename/path inference; editable in the app
348997,work_packages/OPENAI_TEN_PROOFS_WP00/umbrella_sync.json,General / shared,3093,Latest public revision collected separately; not an author-designated final | adcfa0537f43327f4bb9acfe1692f757fce353c4,https://codeload.github.com/grandchallenge/MATHSOLVE/zip/adcfa0537f43327f4bb9acfe1692f757fce353c4,,contestants/E10/13-archives/E10-grandchallenge-MATHSOLVE-adcfa0537f43327f4bb9acfe1692f757fce353c4.zip,MATHSOLVE-adcfa0537f43327f4bb9acfe1692f757fce353c4/work_packages/OPENAI_TEN_PROOFS_WP00/umbrella_sync.json,,a0389a14,Filename/path inference; editable in the app
345892,work_packages/OPENMATH_2026/AUTHORITATIVE_SOURCE_POOL/PUBLIC_SOURCE_CAPTURE.json,General / shared,2358,Pinned collected revision; final designation governed by team receipt | 2fd9fd643bf3e9e98d121dc2e7af1cf1be411ae2,https://codeload.github.com/grandchallenge/MATHSOLVE/zip/2fd9fd643bf3e9e98d121dc2e7af1cf1be411ae2,,contestants/E10/13-archives/E10-grandchallenge-MATHSOLVE-2fd9fd643bf3e9e98d121dc2e7af1cf1be411ae2.zip,MATHSOLVE-2fd9fd643bf3e9e98d121dc2e7af1cf1be411ae2/work_packages/OPENMATH_2026/AUTHORITATIVE_SOURCE_POOL/PUBLIC_SOURCE_CAPTURE.json,,244cf5b2,Filename/path inference; editable in the app
348998,work_packages/OPENMATH_2026/AUTHORITATIVE_SOURCE_POOL/PUBLIC_SOURCE_CAPTURE.json,General / shared,2358,Latest public revision collected separately; not an author-designated final | adcfa0537f43327f4bb9acfe1692f757fce353c4,https://codeload.github.com/grandchallenge/MATHSOLVE/zip/adcfa0537f43327f4bb9acfe1692f757fce353c4,,contestants/E10/13-archives/E10-grandchallenge-MATHSOLVE-adcfa0537f43327f4bb9acfe1692f757fce353c4.zip,MATHSOLVE-adcfa0537f43327f4bb9acfe1692f757fce353c4/work_packages/OPENMATH_2026/AUTHORITATIVE_SOURCE_POOL/PUBLIC_SOURCE_CAPTURE.json,,244cf5b2,Filename/path inference; editable in the app
345893,work_packages/OPENMATH_2026/AUTHORITATIVE_SOURCE_POOL/SOURCE_POOL_MANIFEST.json,General / shared,8751,Pinned collected revision; final designation governed by team receipt | 2fd9fd643bf3e9e98d121dc2e7af1cf1be411ae2,https://codeload.github.com/grandchallenge/MATHSOLVE/zip/2fd9fd643bf3e9e98d121dc2e7af1cf1be411ae2,,contestants/E10/13-archives/E10-grandchallenge-MATHSOLVE-2fd9fd643bf3e9e98d121dc2e7af1cf1be411ae2.zip,MATHSOLVE-2fd9fd643bf3e9e98d121dc2e7af1cf1be411ae2/work_packages/OPENMATH_2026/AUTHORITATIVE_SOURCE_POOL/SOURCE_POOL_MANIFEST.json,,ebd61610,Filename/path inference; editable in the app
348999,work_packages/OPENMATH_2026/AUTHORITATIVE_SOURCE_POOL/SOURCE_POOL_MANIFEST.json,General / shared,8751,Latest public revision collected separately; not an author-designated final | adcfa0537f43327f4bb9acfe1692f757fce353c4,https://codeload.github.com/grandchallenge/MATHSOLVE/zip/adcfa0537f43327f4bb9acfe1692f757fce353c4,,contestants/E10/13-archives/E10-grandchallenge-MATHSOLVE-adcfa0537f43327f4bb9acfe1692f757fce353c4.zip,MATHSOLVE-adcfa0537f43327f4bb9acfe1692f757fce353c4/work_packages/OPENMATH_2026/AUTHORITATIVE_SOURCE_POOL/SOURCE_POOL_MANIFEST.json,,ebd61610,Filename/path inference; editable in the app
345894,work_packages/OPENMATH_2026/AUTHORITATIVE_SOURCE_POOL/busy-beaver-6-certificates/DESCRIBE.json,Busy Beaver,3768,Pinned collected revision; final designation governed by team receipt | 2fd9fd643bf3e9e98d121dc2e7af1cf1be411ae2,https://codeload.github.com/grandchallenge/MATHSOLVE/zip/2fd9fd643bf3e9e98d121dc2e7af1cf1be411ae2,,contestants/E10/13-archives/E10-grandchallenge-MATHSOLVE-2fd9fd643bf3e9e98d121dc2e7af1cf1be411ae2.zip,MATHSOLVE-2fd9fd643bf3e9e98d121dc2e7af1cf1be411ae2/work_packages/OPENMATH_2026/AUTHORITATIVE_SOURCE_POOL/busy-beaver-6-certificates/DESCRIBE.json,,961cbac8,Filename/path inference; editable in the app
349000,work_packages/OPENMATH_2026/AUTHORITATIVE_SOURCE_POOL/busy-beaver-6-certificates/DESCRIBE.json,Busy Beaver,3768,Latest public revision collected separately; not an author-designated final | adcfa0537f43327f4bb9acfe1692f757fce353c4,https://codeload.github.com/grandchallenge/MATHSOLVE/zip/adcfa0537f43327f4bb9acfe1692f757fce353c4,,contestants/E10/13-archives/E10-grandchallenge-MATHSOLVE-adcfa0537f43327f4bb9acfe1692f757fce353c4.zip,MATHSOLVE-adcfa0537f43327f4bb9acfe1692f757fce353c4/work_packages/OPENMATH_2026/AUTHORITATIVE_SOURCE_POOL/busy-beaver-6-certificates/DESCRIBE.json,,961cbac8,Filename/path inference; editable in the app
345895,work_packages/OPENMATH_2026/AUTHORITATIVE_SOURCE_POOL/busy-beaver-6-certificates/PUBLIC_FILE_MANIFEST.json,Busy Beaver,2321,Pinned collected revision; final designation governed by team receipt | 2fd9fd643bf3e9e98d121dc2e7af1cf1be411ae2,https://codeload.github.com/grandchallenge/MATHSOLVE/zip/2fd9fd643bf3e9e98d121dc2e7af1cf1be411ae2,,contestants/E10/13-archives/E10-grandchallenge-MATHSOLVE-2fd9fd643bf3e9e98d121dc2e7af1cf1be411ae2.zip,MATHSOLVE-2fd9fd643bf3e9e98d121dc2e7af1cf1be411ae2/work_packages/OPENMATH_2026/AUTHORITATIVE_SOURCE_POOL/busy-beaver-6-certificates/PUBLIC_FILE_MANIFEST.json,,dd48be7f,Filename/path inference; editable in the app
349001,work_packages/OPENMATH_2026/AUTHORITATIVE_SOURCE_POOL/busy-beaver-6-certificates/PUBLIC_FILE_MANIFEST.json,Busy Beaver,2321,Latest public revision collected separately; not an author-designated final | adcfa0537f43327f4bb9acfe1692f757fce353c4,https://codeload.github.com/grandchallenge/MATHSOLVE/zip/adcfa0537f43327f4bb9acfe1692f757fce353c4,,contestants/E10/13-archives/E10-grandchallenge-MATHSOLVE-adcfa0537f43327f4bb9acfe1692f757fce353c4.zip,MATHSOLVE-adcfa0537f43327f4bb9acfe1692f757fce353c4/work_packages/OPENMATH_2026/AUTHORITATIVE_SOURCE_POOL/busy-beaver-6-certificates/PUBLIC_FILE_MANIFEST.json,,dd48be7f,Filename/path inference; editable in the app
345904,work_packages/OPENMATH_2026/AUTHORITATIVE_SOURCE_POOL/clique-cluster-ramsey-multiplicity/DESCRIBE.json,Ramsey multiplicity,9652,Pinned collected revision; final designation governed by team receipt | 2fd9fd643bf3e9e98d121dc2e7af1cf1be411ae2,https://codeload.github.com/grandchallenge/MATHSOLVE/zip/2fd9fd643bf3e9e98d121dc2e7af1cf1be411ae2,,contestants/E10/13-archives/E10-grandchallenge-MATHSOLVE-2fd9fd643bf3e9e98d121dc2e7af1cf1be411ae2.zip,MATHSOLVE-2fd9fd643bf3e9e98d121dc2e7af1cf1be411ae2/work_packages/OPENMATH_2026/AUTHORITATIVE_SOURCE_POOL/clique-cluster-ramsey-multiplicity/DESCRIBE.json,,869502b5,Filename/path inference; editable in the app
349010,work_packages/OPENMATH_2026/AUTHORITATIVE_SOURCE_POOL/clique-cluster-ramsey-multiplicity/DESCRIBE.json,Ramsey multiplicity,9652,Latest public revision collected separately; not an author-designated final | adcfa0537f43327f4bb9acfe1692f757fce353c4,https://codeload.github.com/grandchallenge/MATHSOLVE/zip/adcfa0537f43327f4bb9acfe1692f757fce353c4,,contestants/E10/13-archives/E10-grandchallenge-MATHSOLVE-adcfa0537f43327f4bb9acfe1692f757fce353c4.zip,MATHSOLVE-adcfa0537f43327f4bb9acfe1692f757fce353c4/work_packages/OPENMATH_2026/AUTHORITATIVE_SOURCE_POOL/clique-cluster-ramsey-multiplicity/DESCRIBE.json,,869502b5,Filename/path inference; editable in the app
345905,work_packages/OPENMATH_2026/AUTHORITATIVE_SOURCE_POOL/clique-cluster-ramsey-multiplicity/PUBLIC_FILE_MANIFEST.json,Ramsey multiplicity,2967,Pinned collected revision; final designation governed by team receipt | 2fd9fd643bf3e9e98d121dc2e7af1cf1be411ae2,https://codeload.github.com/grandchallenge/MATHSOLVE/zip/2fd9fd643bf3e9e98d121dc2e7af1cf1be411ae2,,contestants/E10/13-archives/E10-grandchallenge-MATHSOLVE-2fd9fd643bf3e9e98d121dc2e7af1cf1be411ae2.zip,MATHSOLVE-2fd9fd643bf3e9e98d121dc2e7af1cf1be411ae2/work_packages/OPENMATH_2026/AUTHORITATIVE_SOURCE_POOL/clique-cluster-ramsey-multiplicity/PUBLIC_FILE_MANIFEST.json,,20d83136,Filename/path inference; editable in the app
349011,work_packages/OPENMATH_2026/AUTHORITATIVE_SOURCE_POOL/clique-cluster-ramsey-multiplicity/PUBLIC_FILE_MANIFEST.json,Ramsey multiplicity,2967,Latest public revision collected separately; not an author-designated final | adcfa0537f43327f4bb9acfe1692f757fce353c4,https://codeload.github.com/grandchallenge/MATHSOLVE/zip/adcfa0537f43327f4bb9acfe1692f757fce353c4,,contestants/E10/13-archives/E10-grandchallenge-MATHSOLVE-adcfa0537f43327f4bb9acfe1692f757fce353c4.zip,MATHSOLVE-adcfa0537f43327f4bb9acfe1692f757fce353c4/work_packages/OPENMATH_2026/AUTHORITATIVE_SOURCE_POOL/clique-cluster-ramsey-multiplicity/PUBLIC_FILE_MANIFEST.json,,20d83136,Filename/path inference; editable in the app
345916,work_packages/OPENMATH_2026/AUTHORITATIVE_SOURCE_POOL/collatz-modular-descent/DESCRIBE.json,Collatz,3780,Pinned collected revision; final designation governed by team receipt | 2fd9fd643bf3e9e98d121dc2e7af1cf1be411ae2,https://codeload.github.com/grandchallenge/MATHSOLVE/zip/2fd9fd643bf3e9e98d121dc2e7af1cf1be411ae2,,contestants/E10/13-archives/E10-grandchallenge-MATHSOLVE-2fd9fd643bf3e9e98d121dc2e7af1cf1be411ae2.zip,MATHSOLVE-2fd9fd643bf3e9e98d121dc2e7af1cf1be411ae2/work_packages/OPENMATH_2026/AUTHORITATIVE_SOURCE_POOL/collatz-modular-descent/DESCRIBE.json,,4ce1bf72,Filename/path inference; editable in the app
349022,work_packages/OPENMATH_2026/AUTHORITATIVE_SOURCE_POOL/collatz-modular-descent/DESCRIBE.json,Collatz,3780,Latest public revision collected separately; not an author-designated final | adcfa0537f43327f4bb9acfe1692f757fce353c4,https://codeload.github.com/grandchallenge/MATHSOLVE/zip/adcfa0537f43327f4bb9acfe1692f757fce353c4,,contestants/E10/13-archives/E10-grandchallenge-MATHSOLVE-adcfa0537f43327f4bb9acfe1692f757fce353c4.zip,MATHSOLVE-adcfa0537f43327f4bb9acfe1692f757fce353c4/work_packages/OPENMATH_2026/AUTHORITATIVE_SOURCE_POOL/collatz-modular-descent/DESCRIBE.json,,4ce1bf72,Filename/path inference; editable in the app
345917,work_packages/OPENMATH_2026/AUTHORITATIVE_SOURCE_POOL/collatz-modular-descent/PUBLIC_FILE_MANIFEST.json,Collatz,2318,Pinned collected revision; final designation governed by team receipt | 2fd9fd643bf3e9e98d121dc2e7af1cf1be411ae2,https://codeload.github.com/grandchallenge/MATHSOLVE/zip/2fd9fd643bf3e9e98d121dc2e7af1cf1be411ae2,,contestants/E10/13-archives/E10-grandchallenge-MATHSOLVE-2fd9fd643bf3e9e98d121dc2e7af1cf1be411ae2.zip,MATHSOLVE-2fd9fd643bf3e9e98d121dc2e7af1cf1be411ae2/work_packages/OPENMATH_2026/AUTHORITATIVE_SOURCE_POOL/collatz-modular-descent/PUBLIC_FILE_MANIFEST.json,,12b82bc3,Filename/path inference; editable in the app
349023,work_packages/OPENMATH_2026/AUTHORITATIVE_SOURCE_POOL/collatz-modular-descent/PUBLIC_FILE_MANIFEST.json,Collatz,2318,Latest public revision collected separately; not an author-designated final | adcfa0537f43327f4bb9acfe1692f757fce353c4,https://codeload.github.com/grandchallenge/MATHSOLVE/zip/adcfa0537f43327f4bb9acfe1692f757fce353c4,,contestants/E10/13-archives/E10-grandchallenge-MATHSOLVE-adcfa0537f43327f4bb9acfe1692f757fce353c4.zip,MATHSOLVE-adcfa0537f43327f4bb9acfe1692f757fce353c4/work_packages/OPENMATH_2026/AUTHORITATIVE_SOURCE_POOL/collatz-modular-descent/PUBLIC_FILE_MANIFEST.json,,12b82bc3,Filename/path inference; editable in the app
345926,work_packages/OPENMATH_2026/AUTHORITATIVE_SOURCE_POOL/erdos-3/DESCRIBE.json,Erdos 3,2285,Pinned collected revision; final designation governed by team receipt | 2fd9fd643bf3e9e98d121dc2e7af1cf1be411ae2,https://codeload.github.com/grandchallenge/MATHSOLVE/zip/2fd9fd643bf3e9e98d121dc2e7af1cf1be411ae2,,contestants/E10/13-archives/E10-grandchallenge-MATHSOLVE-2fd9fd643bf3e9e98d121dc2e7af1cf1be411ae2.zip,MATHSOLVE-2fd9fd643bf3e9e98d121dc2e7af1cf1be411ae2/work_packages/OPENMATH_2026/AUTHORITATIVE_SOURCE_POOL/erdos-3/DESCRIBE.json,,6effaf4d,Filename/path inference; editable in the app
349032,work_packages/OPENMATH_2026/AUTHORITATIVE_SOURCE_POOL/erdos-3/DESCRIBE.json,Erdos 3,2285,Latest public revision collected separately; not an author-designated final | adcfa0537f43327f4bb9acfe1692f757fce353c4,https://codeload.github.com/grandchallenge/MATHSOLVE/zip/adcfa0537f43327f4bb9acfe1692f757fce353c4,,contestants/E10/13-archives/E10-grandchallenge-MATHSOLVE-adcfa0537f43327f4bb9acfe1692f757fce353c4.zip,MATHSOLVE-adcfa0537f43327f4bb9acfe1692f757fce353c4/work_packages/OPENMATH_2026/AUTHORITATIVE_SOURCE_POOL/erdos-3/DESCRIBE.json,,6effaf4d,Filename/path inference; editable in the app
345927,work_packages/OPENMATH_2026/AUTHORITATIVE_SOURCE_POOL/erdos-3/PUBLIC_FILE_MANIFEST.json,Erdos 3,2463,Pinned collected revision; final designation governed by team receipt | 2fd9fd643bf3e9e98d121dc2e7af1cf1be411ae2,https://codeload.github.com/grandchallenge/MATHSOLVE/zip/2fd9fd643bf3e9e98d121dc2e7af1cf1be411ae2,,contestants/E10/13-archives/E10-grandchallenge-MATHSOLVE-2fd9fd643bf3e9e98d121dc2e7af1cf1be411ae2.zip,MATHSOLVE-2fd9fd643bf3e9e98d121dc2e7af1cf1be411ae2/work_packages/OPENMATH_2026/AUTHORITATIVE_SOURCE_POOL/erdos-3/PUBLIC_FILE_MANIFEST.json,,d644e9c8,Filename/path inference; editable in the app
349033,work_packages/OPENMATH_2026/AUTHORITATIVE_SOURCE_POOL/erdos-3/PUBLIC_FILE_MANIFEST.json,Erdos 3,2463,Latest public revision collected separately; not an author-designated final | adcfa0537f43327f4bb9acfe1692f757fce353c4,https://codeload.github.com/grandchallenge/MATHSOLVE/zip/adcfa0537f43327f4bb9acfe1692f757fce353c4,,contestants/E10/13-archives/E10-grandchallenge-MATHSOLVE-adcfa0537f43327f4bb9acfe1692f757fce353c4.zip,MATHSOLVE-adcfa0537f43327f4bb9acfe1692f757fce353c4/work_packages/OPENMATH_2026/AUTHORITATIVE_SOURCE_POOL/erdos-3/PUBLIC_FILE_MANIFEST.json,,d644e9c8,Filename/path inference; editable in the app
345937,work_packages/OPENMATH_2026/AUTHORITATIVE_SOURCE_POOL/grothendieck-constant-witnesses/DESCRIBE.json,Grothendieck / CHSH,4159,Pinned collected revision; final designation governed by team receipt | 2fd9fd643bf3e9e98d121dc2e7af1cf1be411ae2,https://codeload.github.com/grandchallenge/MATHSOLVE/zip/2fd9fd643bf3e9e98d121dc2e7af1cf1be411ae2,,contestants/E10/13-archives/E10-grandchallenge-MATHSOLVE-2fd9fd643bf3e9e98d121dc2e7af1cf1be411ae2.zip,MATHSOLVE-2fd9fd643bf3e9e98d121dc2e7af1cf1be411ae2/work_packages/OPENMATH_2026/AUTHORITATIVE_SOURCE_POOL/grothendieck-constant-witnesses/DESCRIBE.json,,2874fcd1,Filename/path inference; editable in the app
349043,work_packages/OPENMATH_2026/AUTHORITATIVE_SOURCE_POOL/grothendieck-constant-witnesses/DESCRIBE.json,Grothendieck / CHSH,4159,Latest public revision collected separately; not an author-designated final | adcfa0537f43327f4bb9acfe1692f757fce353c4,https://codeload.github.com/grandchallenge/MATHSOLVE/zip/adcfa0537f43327f4bb9acfe1692f757fce353c4,,contestants/E10/13-archives/E10-grandchallenge-MATHSOLVE-adcfa0537f43327f4bb9acfe1692f757fce353c4.zip,MATHSOLVE-adcfa0537f43327f4bb9acfe1692f757fce353c4/work_packages/OPENMATH_2026/AUTHORITATIVE_SOURCE_POOL/grothendieck-constant-witnesses/DESCRIBE.json,,2874fcd1,Filename/path inference; editable in the app
345938,work_packages/OPENMATH_2026/AUTHORITATIVE_SOURCE_POOL/grothendieck-constant-witnesses/PUBLIC_FILE_MANIFEST.json,Grothendieck / CHSH,2326,Pinned collected revision; final designation governed by team receipt | 2fd9fd643bf3e9e98d121dc2e7af1cf1be411ae2,https://codeload.github.com/grandchallenge/MATHSOLVE/zip/2fd9fd643bf3e9e98d121dc2e7af1cf1be411ae2,,contestants/E10/13-archives/E10-grandchallenge-MATHSOLVE-2fd9fd643bf3e9e98d121dc2e7af1cf1be411ae2.zip,MATHSOLVE-2fd9fd643bf3e9e98d121dc2e7af1cf1be411ae2/work_packages/OPENMATH_2026/AUTHORITATIVE_SOURCE_POOL/grothendieck-constant-witnesses/PUBLIC_FILE_MANIFEST.json,,82dfad7c,Filename/path inference; editable in the app
349044,work_packages/OPENMATH_2026/AUTHORITATIVE_SOURCE_POOL/grothendieck-constant-witnesses/PUBLIC_FILE_MANIFEST.json,Grothendieck / CHSH,2326,Latest public revision collected separately; not an author-designated final | adcfa0537f43327f4bb9acfe1692f757fce353c4,https://codeload.github.com/grandchallenge/MATHSOLVE/zip/adcfa0537f43327f4bb9acfe1692f757fce353c4,,contestants/E10/13-archives/E10-grandchallenge-MATHSOLVE-adcfa0537f43327f4bb9acfe1692f757fce353c4.zip,MATHSOLVE-adcfa0537f43327f4bb9acfe1692f757fce353c4/work_packages/OPENMATH_2026/AUTHORITATIVE_SOURCE_POOL/grothendieck-constant-witnesses/PUBLIC_FILE_MANIFEST.json,,82dfad7c,Filename/path inference; editable in the app
345947,work_packages/OPENMATH_2026/AUTHORITATIVE_SOURCE_POOL/matrix-multiplication-tensor-3x3/DESCRIBE.json,Matrix multiplication,3697,Pinned collected revision; final designation governed by team receipt | 2fd9fd643bf3e9e98d121dc2e7af1cf1be411ae2,https://codeload.github.com/grandchallenge/MATHSOLVE/zip/2fd9fd643bf3e9e98d121dc2e7af1cf1be411ae2,,contestants/E10/13-archives/E10-grandchallenge-MATHSOLVE-2fd9fd643bf3e9e98d121dc2e7af1cf1be411ae2.zip,MATHSOLVE-2fd9fd643bf3e9e98d121dc2e7af1cf1be411ae2/work_packages/OPENMATH_2026/AUTHORITATIVE_SOURCE_POOL/matrix-multiplication-tensor-3x3/DESCRIBE.json,,46ed4ce9,Filename/path inference; editable in the app
349053,work_packages/OPENMATH_2026/AUTHORITATIVE_SOURCE_POOL/matrix-multiplication-tensor-3x3/DESCRIBE.json,Matrix multiplication,3697,Latest public revision collected separately; not an author-designated final | adcfa0537f43327f4bb9acfe1692f757fce353c4,https://codeload.github.com/grandchallenge/MATHSOLVE/zip/adcfa0537f43327f4bb9acfe1692f757fce353c4,,contestants/E10/13-archives/E10-grandchallenge-MATHSOLVE-adcfa0537f43327f4bb9acfe1692f757fce353c4.zip,MATHSOLVE-adcfa0537f43327f4bb9acfe1692f757fce353c4/work_packages/OPENMATH_2026/AUTHORITATIVE_SOURCE_POOL/matrix-multiplication-tensor-3x3/DESCRIBE.json,,46ed4ce9,Filename/path inference; editable in the app
345948,work_packages/OPENMATH_2026/AUTHORITATIVE_SOURCE_POOL/matrix-multiplication-tensor-3x3/PUBLIC_FILE_MANIFEST.json,Matrix multiplication,2328,Pinned collected revision; final designation governed by team receipt | 2fd9fd643bf3e9e98d121dc2e7af1cf1be411ae2,https://codeload.github.com/grandchallenge/MATHSOLVE/zip/2fd9fd643bf3e9e98d121dc2e7af1cf1be411ae2,,contestants/E10/13-archives/E10-grandchallenge-MATHSOLVE-2fd9fd643bf3e9e98d121dc2e7af1cf1be411ae2.zip,MATHSOLVE-2fd9fd643bf3e9e98d121dc2e7af1cf1be411ae2/work_packages/OPENMATH_2026/AUTHORITATIVE_SOURCE_POOL/matrix-multiplication-tensor-3x3/PUBLIC_FILE_MANIFEST.json,,23953220,Filename/path inference; editable in the app
349054,work_packages/OPENMATH_2026/AUTHORITATIVE_SOURCE_POOL/matrix-multiplication-tensor-3x3/PUBLIC_FILE_MANIFEST.json,Matrix multiplication,2328,Latest public revision collected separately; not an author-designated final | adcfa0537f43327f4bb9acfe1692f757fce353c4,https://codeload.github.com/grandchallenge/MATHSOLVE/zip/adcfa0537f43327f4bb9acfe1692f757fce353c4,,contestants/E10/13-archives/E10-grandchallenge-MATHSOLVE-adcfa0537f43327f4bb9acfe1692f757fce353c4.zip,MATHSOLVE-adcfa0537f43327f4bb9acfe1692f757fce353c4/work_packages/OPENMATH_2026/AUTHORITATIVE_SOURCE_POOL/matrix-multiplication-tensor-3x3/PUBLIC_FILE_MANIFEST.json,,23953220,Filename/path inference; editable in the app
345958,work_packages/OPENMATH_2026/CEX_H2_H7_PREPARATION.json,General / shared,15800,Pinned collected revision; final designation governed by team receipt | 2fd9fd643bf3e9e98d121dc2e7af1cf1be411ae2,https://codeload.github.com/grandchallenge/MATHSOLVE/zip/2fd9fd643bf3e9e98d121dc2e7af1cf1be411ae2,,contestants/E10/13-archives/E10-grandchallenge-MATHSOLVE-2fd9fd643bf3e9e98d121dc2e7af1cf1be411ae2.zip,MATHSOLVE-2fd9fd643bf3e9e98d121dc2e7af1cf1be411ae2/work_packages/OPENMATH_2026/CEX_H2_H7_PREPARATION.json,,8f4953bf,Filename/path inference; editable in the app
349064,work_packages/OPENMATH_2026/CEX_H2_H7_PREPARATION.json,General / shared,15800,Latest public revision collected separately; not an author-designated final | adcfa0537f43327f4bb9acfe1692f757fce353c4,https://codeload.github.com/grandchallenge/MATHSOLVE/zip/adcfa0537f43327f4bb9acfe1692f757fce353c4,,contestants/E10/13-archives/E10-grandchallenge-MATHSOLVE-adcfa0537f43327f4bb9acfe1692f757fce353c4.zip,MATHSOLVE-adcfa0537f43327f4bb9acfe1692f757fce353c4/work_packages/OPENMATH_2026/CEX_H2_H7_PREPARATION.json,,8f4953bf,Filename/path inference; editable in the app
345960,work_packages/OPENMATH_2026/COMPETITION_PACKETS/H1.json,General / shared,2390,Pinned collected revision; final designation governed by team receipt | 2fd9fd643bf3e9e98d121dc2e7af1cf1be411ae2,https://codeload.github.com/grandchallenge/MATHSOLVE/zip/2fd9fd643bf3e9e98d121dc2e7af1cf1be411ae2,,contestants/E10/13-archives/E10-grandchallenge-MATHSOLVE-2fd9fd643bf3e9e98d121dc2e7af1cf1be411ae2.zip,MATHSOLVE-2fd9fd643bf3e9e98d121dc2e7af1cf1be411ae2/work_packages/OPENMATH_2026/COMPETITION_PACKETS/H1.json,,441de4fa,Filename/path inference; editable in the app
349066,work_packages/OPENMATH_2026/COMPETITION_PACKETS/H1.json,General / shared,2390,Latest public revision collected separately; not an author-designated final | adcfa0537f43327f4bb9acfe1692f757fce353c4,https://codeload.github.com/grandchallenge/MATHSOLVE/zip/adcfa0537f43327f4bb9acfe1692f757fce353c4,,contestants/E10/13-archives/E10-grandchallenge-MATHSOLVE-adcfa0537f43327f4bb9acfe1692f757fce353c4.zip,MATHSOLVE-adcfa0537f43327f4bb9acfe1692f757fce353c4/work_packages/OPENMATH_2026/COMPETITION_PACKETS/H1.json,,441de4fa,Filename/path inference; editable in the app
345961,work_packages/OPENMATH_2026/COMPETITION_PACKETS/H1_PARTIAL_SECTION8_DRAFT.json,General / shared,5177,Pinned collected revision; final designation governed by team receipt | 2fd9fd643bf3e9e98d121dc2e7af1cf1be411ae2,https://codeload.github.com/grandchallenge/MATHSOLVE/zip/2fd9fd643bf3e9e98d121dc2e7af1cf1be411ae2,,contestants/E10/13-archives/E10-grandchallenge-MATHSOLVE-2fd9fd643bf3e9e98d121dc2e7af1cf1be411ae2.zip,MATHSOLVE-2fd9fd643bf3e9e98d121dc2e7af1cf1be411ae2/work_packages/OPENMATH_2026/COMPETITION_PACKETS/H1_PARTIAL_SECTION8_DRAFT.json,,10768b06,Filename/path inference; editable in the app
349067,work_packages/OPENMATH_2026/COMPETITION_PACKETS/H1_PARTIAL_SECTION8_DRAFT.json,General / shared,5177,Latest public revision collected separately; not an author-designated final | adcfa0537f43327f4bb9acfe1692f757fce353c4,https://codeload.github.com/grandchallenge/MATHSOLVE/zip/adcfa0537f43327f4bb9acfe1692f757fce353c4,,contestants/E10/13-archives/E10-grandchallenge-MATHSOLVE-adcfa0537f43327f4bb9acfe1692f757fce353c4.zip,MATHSOLVE-adcfa0537f43327f4bb9acfe1692f757fce353c4/work_packages/OPENMATH_2026/COMPETITION_PACKETS/H1_PARTIAL_SECTION8_DRAFT.json,,10768b06,Filename/path inference; editable in the app
345962,work_packages/OPENMATH_2026/COMPETITION_PACKETS/H1_STATUS_REVIEW.json,General / shared,1136,Pinned collected revision; final designation governed by team receipt | 2fd9fd643bf3e9e98d121dc2e7af1cf1be411ae2,https://codeload.github.com/grandchallenge/MATHSOLVE/zip/2fd9fd643bf3e9e98d121dc2e7af1cf1be411ae2,,contestants/E10/13-archives/E10-grandchallenge-MATHSOLVE-2fd9fd643bf3e9e98d121dc2e7af1cf1be411ae2.zip,MATHSOLVE-2fd9fd643bf3e9e98d121dc2e7af1cf1be411ae2/work_packages/OPENMATH_2026/COMPETITION_PACKETS/H1_STATUS_REVIEW.json,,ebb1427b,Filename/path inference; editable in the app
349068,work_packages/OPENMATH_2026/COMPETITION_PACKETS/H1_STATUS_REVIEW.json,General / shared,1136,Latest public revision collected separately; not an author-designated final | adcfa0537f43327f4bb9acfe1692f757fce353c4,https://codeload.github.com/grandchallenge/MATHSOLVE/zip/adcfa0537f43327f4bb9acfe1692f757fce353c4,,contestants/E10/13-archives/E10-grandchallenge-MATHSOLVE-adcfa0537f43327f4bb9acfe1692f757fce353c4.zip,MATHSOLVE-adcfa0537f43327f4bb9acfe1692f757fce353c4/work_packages/OPENMATH_2026/COMPETITION_PACKETS/H1_STATUS_REVIEW.json,,ebb1427b,Filename/path inference; editable in the app
345964,work_packages/OPENMATH_2026/COMPETITION_PACKETS/H2.json,General / shared,2309,Pinned collected revision; final designation governed by team receipt | 2fd9fd643bf3e9e98d121dc2e7af1cf1be411ae2,https://codeload.github.com/grandchallenge/MATHSOLVE/zip/2fd9fd643bf3e9e98d121dc2e7af1cf1be411ae2,,contestants/E10/13-archives/E10-grandchallenge-MATHSOLVE-2fd9fd643bf3e9e98d121dc2e7af1cf1be411ae2.zip,MATHSOLVE-2fd9fd643bf3e9e98d121dc2e7af1cf1be411ae2/work_packages/OPENMATH_2026/COMPETITION_PACKETS/H2.json,,22be74c8,Filename/path inference; editable in the app
349070,work_packages/OPENMATH_2026/COMPETITION_PACKETS/H2.json,General / shared,2309,Latest public revision collected separately; not an author-designated final | adcfa0537f43327f4bb9acfe1692f757fce353c4,https://codeload.github.com/grandchallenge/MATHSOLVE/zip/adcfa0537f43327f4bb9acfe1692f757fce353c4,,contestants/E10/13-archives/E10-grandchallenge-MATHSOLVE-adcfa0537f43327f4bb9acfe1692f757fce353c4.zip,MATHSOLVE-adcfa0537f43327f4bb9acfe1692f757fce353c4/work_packages/OPENMATH_2026/COMPETITION_PACKETS/H2.json,,22be74c8,Filename/path inference; editable in the app
345965,work_packages/OPENMATH_2026/COMPETITION_PACKETS/H2_STATUS_REVIEW.json,General / shared,837,Pinned collected revision; final designation governed by team receipt | 2fd9fd643bf3e9e98d121dc2e7af1cf1be411ae2,https://codeload.github.com/grandchallenge/MATHSOLVE/zip/2fd9fd643bf3e9e98d121dc2e7af1cf1be411ae2,,contestants/E10/13-archives/E10-grandchallenge-MATHSOLVE-2fd9fd643bf3e9e98d121dc2e7af1cf1be411ae2.zip,MATHSOLVE-2fd9fd643bf3e9e98d121dc2e7af1cf1be411ae2/work_packages/OPENMATH_2026/COMPETITION_PACKETS/H2_STATUS_REVIEW.json,,44757224,Filename/path inference; editable in the app
349071,work_packages/OPENMATH_2026/COMPETITION_PACKETS/H2_STATUS_REVIEW.json,General / shared,837,Latest public revision collected separately; not an author-designated final | adcfa0537f43327f4bb9acfe1692f757fce353c4,https://codeload.github.com/grandchallenge/MATHSOLVE/zip/adcfa0537f43327f4bb9acfe1692f757fce353c4,,contestants/E10/13-archives/E10-grandchallenge-MATHSOLVE-adcfa0537f43327f4bb9acfe1692f757fce353c4.zip,MATHSOLVE-adcfa0537f43327f4bb9acfe1692f757fce353c4/work_packages/OPENMATH_2026/COMPETITION_PACKETS/H2_STATUS_REVIEW.json,,44757224,Filename/path inference; editable in the app
345967,work_packages/OPENMATH_2026/COMPETITION_PACKETS/H4.json,General / shared,2382,Pinned collected revision; final designation governed by team receipt | 2fd9fd643bf3e9e98d121dc2e7af1cf1be411ae2,https://codeload.github.com/grandchallenge/MATHSOLVE/zip/2fd9fd643bf3e9e98d121dc2e7af1cf1be411ae2,,contestants/E10/13-archives/E10-grandchallenge-MATHSOLVE-2fd9fd643bf3e9e98d121dc2e7af1cf1be411ae2.zip,MATHSOLVE-2fd9fd643bf3e9e98d121dc2e7af1cf1be411ae2/work_packages/OPENMATH_2026/COMPETITION_PACKETS/H4.json,,cbf4110b,Filename/path inference; editable in the app
349073,work_packages/OPENMATH_2026/COMPETITION_PACKETS/H4.json,General / shared,2382,Latest public revision collected separately; not an author-designated final | adcfa0537f43327f4bb9acfe1692f757fce353c4,https://codeload.github.com/grandchallenge/MATHSOLVE/zip/adcfa0537f43327f4bb9acfe1692f757fce353c4,,contestants/E10/13-archives/E10-grandchallenge-MATHSOLVE-adcfa0537f43327f4bb9acfe1692f757fce353c4.zip,MATHSOLVE-adcfa0537f43327f4bb9acfe1692f757fce353c4/work_packages/OPENMATH_2026/COMPETITION_PACKETS/H4.json,,cbf4110b,Filename/path inference; editable in the app
345968,work_packages/OPENMATH_2026/COMPETITION_PACKETS/H4_SECTION8_DRAFT.json,General / shared,5072,Pinned collected revision; final designation governed by team receipt | 2fd9fd643bf3e9e98d121dc2e7af1cf1be411ae2,https://codeload.github.com/grandchallenge/MATHSOLVE/zip/2fd9fd643bf3e9e98d121dc2e7af1cf1be411ae2,,contestants/E10/13-archives/E10-grandchallenge-MATHSOLVE-2fd9fd643bf3e9e98d121dc2e7af1cf1be411ae2.zip,MATHSOLVE-2fd9fd643bf3e9e98d121dc2e7af1cf1be411ae2/work_packages/OPENMATH_2026/COMPETITION_PACKETS/H4_SECTION8_DRAFT.json,,400c50cd,Filename/path inference; editable in the app
349074,work_packages/OPENMATH_2026/COMPETITION_PACKETS/H4_SECTION8_DRAFT.json,General / shared,5072,Latest public revision collected separately; not an author-designated final | adcfa0537f43327f4bb9acfe1692f757fce353c4,https://codeload.github.com/grandchallenge/MATHSOLVE/zip/adcfa0537f43327f4bb9acfe1692f757fce353c4,,contestants/E10/13-archives/E10-grandchallenge-MATHSOLVE-adcfa0537f43327f4bb9acfe1692f757fce353c4.zip,MATHSOLVE-adcfa0537f43327f4bb9acfe1692f757fce353c4/work_packages/OPENMATH_2026/COMPETITION_PACKETS/H4_SECTION8_DRAFT.json,,400c50cd,Filename/path inference; editable in the app
345969,work_packages/OPENMATH_2026/COMPETITION_PACKETS/H5.json,General / shared,2374,Pinned collected revision; final designation governed by team receipt | 2fd9fd643bf3e9e98d121dc2e7af1cf1be411ae2,https://codeload.github.com/grandchallenge/MATHSOLVE/zip/2fd9fd643bf3e9e98d121dc2e7af1cf1be411ae2,,contestants/E10/13-archives/E10-grandchallenge-MATHSOLVE-2fd9fd643bf3e9e98d121dc2e7af1cf1be411ae2.zip,MATHSOLVE-2fd9fd643bf3e9e98d121dc2e7af1cf1be411ae2/work_packages/OPENMATH_2026/COMPETITION_PACKETS/H5.json,,bad0b80a,Filename/path inference; editable in the app
349075,work_packages/OPENMATH_2026/COMPETITION_PACKETS/H5.json,General / shared,2374,Latest public revision collected separately; not an author-designated final | adcfa0537f43327f4bb9acfe1692f757fce353c4,https://codeload.github.com/grandchallenge/MATHSOLVE/zip/adcfa0537f43327f4bb9acfe1692f757fce353c4,,contestants/E10/13-archives/E10-grandchallenge-MATHSOLVE-adcfa0537f43327f4bb9acfe1692f757fce353c4.zip,MATHSOLVE-adcfa0537f43327f4bb9acfe1692f757fce353c4/work_packages/OPENMATH_2026/COMPETITION_PACKETS/H5.json,,bad0b80a,Filename/path inference; editable in the app
345970,work_packages/OPENMATH_2026/COMPETITION_PACKETS/H6.json,General / shared,2352,Pinned collected revision; final designation governed by team receipt | 2fd9fd643bf3e9e98d121dc2e7af1cf1be411ae2,https://codeload.github.com/grandchallenge/MATHSOLVE/zip/2fd9fd643bf3e9e98d121dc2e7af1cf1be411ae2,,contestants/E10/13-archives/E10-grandchallenge-MATHSOLVE-2fd9fd643bf3e9e98d121dc2e7af1cf1be411ae2.zip,MATHSOLVE-2fd9fd643bf3e9e98d121dc2e7af1cf1be411ae2/work_packages/OPENMATH_2026/COMPETITION_PACKETS/H6.json,,6dc7aed2,Filename/path inference; editable in the app
349076,work_packages/OPENMATH_2026/COMPETITION_PACKETS/H6.json,General / shared,2352,Latest public revision collected separately; not an author-designated final | adcfa0537f43327f4bb9acfe1692f757fce353c4,https://codeload.github.com/grandchallenge/MATHSOLVE/zip/adcfa0537f43327f4bb9acfe1692f757fce353c4,,contestants/E10/13-archives/E10-grandchallenge-MATHSOLVE-adcfa0537f43327f4bb9acfe1692f757fce353c4.zip,MATHSOLVE-adcfa0537f43327f4bb9acfe1692f757fce353c4/work_packages/OPENMATH_2026/COMPETITION_PACKETS/H6.json,,6dc7aed2,Filename/path inference; editable in the app
345971,work_packages/OPENMATH_2026/COMPETITION_PACKETS/H7_SECTION8_DRAFT.json,General / shared,4388,Pinned collected revision; final designation governed by team receipt | 2fd9fd643bf3e9e98d121dc2e7af1cf1be411ae2,https://codeload.github.com/grandchallenge/MATHSOLVE/zip/2fd9fd643bf3e9e98d121dc2e7af1cf1be411ae2,,contestants/E10/13-archives/E10-grandchallenge-MATHSOLVE-2fd9fd643bf3e9e98d121dc2e7af1cf1be411ae2.zip,MATHSOLVE-2fd9fd643bf3e9e98d121dc2e7af1cf1be411ae2/work_packages/OPENMATH_2026/COMPETITION_PACKETS/H7_SECTION8_DRAFT.json,,60ab2db3,Filename/path inference; editable in the app
349077,work_packages/OPENMATH_2026/COMPETITION_PACKETS/H7_SECTION8_DRAFT.json,General / shared,4388,Latest public revision collected separately; not an author-designated final | adcfa0537f43327f4bb9acfe1692f757fce353c4,https://codeload.github.com/grandchallenge/MATHSOLVE/zip/adcfa0537f43327f4bb9acfe1692f757fce353c4,,contestants/E10/13-archives/E10-grandchallenge-MATHSOLVE-adcfa0537f43327f4bb9acfe1692f757fce353c4.zip,MATHSOLVE-adcfa0537f43327f4bb9acfe1692f757fce353c4/work_packages/OPENMATH_2026/COMPETITION_PACKETS/H7_SECTION8_DRAFT.json,,60ab2db3,Filename/path inference; editable in the app
345976,work_packages/OPENMATH_2026/COMPETITION_PACKETS/SECTION8_EVIDENCE_REVIEW_QUEUE.json,General / shared,13484,Pinned collected revision; final designation governed by team receipt | 2fd9fd643bf3e9e98d121dc2e7af1cf1be411ae2,https://codeload.github.com/grandchallenge/MATHSOLVE/zip/2fd9fd643bf3e9e98d121dc2e7af1cf1be411ae2,,contestants/E10/13-archives/E10-grandchallenge-MATHSOLVE-2fd9fd643bf3e9e98d121dc2e7af1cf1be411ae2.zip,MATHSOLVE-2fd9fd643bf3e9e98d121dc2e7af1cf1be411ae2/work_packages/OPENMATH_2026/COMPETITION_PACKETS/SECTION8_EVIDENCE_REVIEW_QUEUE.json,,443c6957,Filename/path inference; editable in the app
349082,work_packages/OPENMATH_2026/COMPETITION_PACKETS/SECTION8_EVIDENCE_REVIEW_QUEUE.json,General / shared,20227,Latest public revision collected separately; not an author-designated final | adcfa0537f43327f4bb9acfe1692f757fce353c4,https://codeload.github.com/grandchallenge/MATHSOLVE/zip/adcfa0537f43327f4bb9acfe1692f757fce353c4,,contestants/E10/13-archives/E10-grandchallenge-MATHSOLVE-adcfa0537f43327f4bb9acfe1692f757fce353c4.zip,MATHSOLVE-adcfa0537f43327f4bb9acfe1692f757fce353c4/work_packages/OPENMATH_2026/COMPETITION_PACKETS/SECTION8_EVIDENCE_REVIEW_QUEUE.json,,ed7cf447,Filename/path inference; editable in the app
345977,work_packages/OPENMATH_2026/COMPETITION_PACKETS/SECTION8_SHARED_DRAFT.json,General / shared,2875,Pinned collected revision; final designation governed by team receipt | 2fd9fd643bf3e9e98d121dc2e7af1cf1be411ae2,https://codeload.github.com/grandchallenge/MATHSOLVE/zip/2fd9fd643bf3e9e98d121dc2e7af1cf1be411ae2,,contestants/E10/13-archives/E10-grandchallenge-MATHSOLVE-2fd9fd643bf3e9e98d121dc2e7af1cf1be411ae2.zip,MATHSOLVE-2fd9fd643bf3e9e98d121dc2e7af1cf1be411ae2/work_packages/OPENMATH_2026/COMPETITION_PACKETS/SECTION8_SHARED_DRAFT.json,,777e1ade,Filename/path inference; editable in the app
349083,work_packages/OPENMATH_2026/COMPETITION_PACKETS/SECTION8_SHARED_DRAFT.json,General / shared,2875,Latest public revision collected separately; not an author-designated final | adcfa0537f43327f4bb9acfe1692f757fce353c4,https://codeload.github.com/grandchallenge/MATHSOLVE/zip/adcfa0537f43327f4bb9acfe1692f757fce353c4,,contestants/E10/13-archives/E10-grandchallenge-MATHSOLVE-adcfa0537f43327f4bb9acfe1692f757fce353c4.zip,MATHSOLVE-adcfa0537f43327f4bb9acfe1692f757fce353c4/work_packages/OPENMATH_2026/COMPETITION_PACKETS/SECTION8_SHARED_DRAFT.json,,777e1ade,Filename/path inference; editable in the app
345983,work_packages/OPENMATH_2026/CONTEST_CANDIDATES/READINESS.json,General / shared,1059,Pinned collected revision; final designation governed by team receipt | 2fd9fd643bf3e9e98d121dc2e7af1cf1be411ae2,https://codeload.github.com/grandchallenge/MATHSOLVE/zip/2fd9fd643bf3e9e98d121dc2e7af1cf1be411ae2,,contestants/E10/13-archives/E10-grandchallenge-MATHSOLVE-2fd9fd643bf3e9e98d121dc2e7af1cf1be411ae2.zip,MATHSOLVE-2fd9fd643bf3e9e98d121dc2e7af1cf1be411ae2/work_packages/OPENMATH_2026/CONTEST_CANDIDATES/READINESS.json,,162901d8,Filename/path inference; editable in the app
349089,work_packages/OPENMATH_2026/CONTEST_CANDIDATES/READINESS.json,General / shared,1059,Latest public revision collected separately; not an author-designated final | adcfa0537f43327f4bb9acfe1692f757fce353c4,https://codeload.github.com/grandchallenge/MATHSOLVE/zip/adcfa0537f43327f4bb9acfe1692f757fce353c4,,contestants/E10/13-archives/E10-grandchallenge-MATHSOLVE-adcfa0537f43327f4bb9acfe1692f757fce353c4.zip,MATHSOLVE-adcfa0537f43327f4bb9acfe1692f757fce353c4/work_packages/OPENMATH_2026/CONTEST_CANDIDATES/READINESS.json,,162901d8,Filename/path inference; editable in the app
345984,work_packages/OPENMATH_2026/CORE_CLARITY_LIFECYCLE_READBACK.json,General / shared,2790,Pinned collected revision; final designation governed by team receipt | 2fd9fd643bf3e9e98d121dc2e7af1cf1be411ae2,https://codeload.github.com/grandchallenge/MATHSOLVE/zip/2fd9fd643bf3e9e98d121dc2e7af1cf1be411ae2,,contestants/E10/13-archives/E10-grandchallenge-MATHSOLVE-2fd9fd643bf3e9e98d121dc2e7af1cf1be411ae2.zip,MATHSOLVE-2fd9fd643bf3e9e98d121dc2e7af1cf1be411ae2/work_packages/OPENMATH_2026/CORE_CLARITY_LIFECYCLE_READBACK.json,,16f2495b,Filename/path inference; editable in the app
349090,work_packages/OPENMATH_2026/CORE_CLARITY_LIFECYCLE_READBACK.json,General / shared,2790,Latest public revision collected separately; not an author-designated final | adcfa0537f43327f4bb9acfe1692f757fce353c4,https://codeload.github.com/grandchallenge/MATHSOLVE/zip/adcfa0537f43327f4bb9acfe1692f757fce353c4,,contestants/E10/13-archives/E10-grandchallenge-MATHSOLVE-adcfa0537f43327f4bb9acfe1692f757fce353c4.zip,MATHSOLVE-adcfa0537f43327f4bb9acfe1692f757fce353c4/work_packages/OPENMATH_2026/CORE_CLARITY_LIFECYCLE_READBACK.json,,16f2495b,Filename/path inference; editable in the app
345987,work_packages/OPENMATH_2026/H2_H7_FORGE_IMPORT.json,General / shared,9207,Pinned collected revision; final designation governed by team receipt | 2fd9fd643bf3e9e98d121dc2e7af1cf1be411ae2,https://codeload.github.com/grandchallenge/MATHSOLVE/zip/2fd9fd643bf3e9e98d121dc2e7af1cf1be411ae2,,contestants/E10/13-archives/E10-grandchallenge-MATHSOLVE-2fd9fd643bf3e9e98d121dc2e7af1cf1be411ae2.zip,MATHSOLVE-2fd9fd643bf3e9e98d121dc2e7af1cf1be411ae2/work_packages/OPENMATH_2026/H2_H7_FORGE_IMPORT.json,,8d67ea3c,Filename/path inference; editable in the app
349093,work_packages/OPENMATH_2026/H2_H7_FORGE_IMPORT.json,General / shared,9207,Latest public revision collected separately; not an author-designated final | adcfa0537f43327f4bb9acfe1692f757fce353c4,https://codeload.github.com/grandchallenge/MATHSOLVE/zip/adcfa0537f43327f4bb9acfe1692f757fce353c4,,contestants/E10/13-archives/E10-grandchallenge-MATHSOLVE-adcfa0537f43327f4bb9acfe1692f757fce353c4.zip,MATHSOLVE-adcfa0537f43327f4bb9acfe1692f757fce353c4/work_packages/OPENMATH_2026/H2_H7_FORGE_IMPORT.json,,8d67ea3c,Filename/path inference; editable in the app
345988,work_packages/OPENMATH_2026/H2_H7_SOLVE_IMPORT_READBACK.json,General / shared,2031,Pinned collected revision; final designation governed by team receipt | 2fd9fd643bf3e9e98d121dc2e7af1cf1be411ae2,https://codeload.github.com/grandchallenge/MATHSOLVE/zip/2fd9fd643bf3e9e98d121dc2e7af1cf1be411ae2,,contestants/E10/13-archives/E10-grandchallenge-MATHSOLVE-2fd9fd643bf3e9e98d121dc2e7af1cf1be411ae2.zip,MATHSOLVE-2fd9fd643bf3e9e98d121dc2e7af1cf1be411ae2/work_packages/OPENMATH_2026/H2_H7_SOLVE_IMPORT_READBACK.json,,f4098c49,Filename/path inference; editable in the app
349094,work_packages/OPENMATH_2026/H2_H7_SOLVE_IMPORT_READBACK.json,General / shared,2031,Latest public revision collected separately; not an author-designated final | adcfa0537f43327f4bb9acfe1692f757fce353c4,https://codeload.github.com/grandchallenge/MATHSOLVE/zip/adcfa0537f43327f4bb9acfe1692f757fce353c4,,contestants/E10/13-archives/E10-grandchallenge-MATHSOLVE-adcfa0537f43327f4bb9acfe1692f757fce353c4.zip,MATHSOLVE-adcfa0537f43327f4bb9acfe1692f757fce353c4/work_packages/OPENMATH_2026/H2_H7_SOLVE_IMPORT_READBACK.json,,f4098c49,Filename/path inference; editable in the app
345989,work_packages/OPENMATH_2026/H2_H7_WP01_DECOMPOSITION.json,General / shared,5064,Pinned collected revision; final designation governed by team receipt | 2fd9fd643bf3e9e98d121dc2e7af1cf1be411ae2,https://codeload.github.com/grandchallenge/MATHSOLVE/zip/2fd9fd643bf3e9e98d121dc2e7af1cf1be411ae2,,contestants/E10/13-archives/E10-grandchallenge-MATHSOLVE-2fd9fd643bf3e9e98d121dc2e7af1cf1be411ae2.zip,MATHSOLVE-2fd9fd643bf3e9e98d121dc2e7af1cf1be411ae2/work_packages/OPENMATH_2026/H2_H7_WP01_DECOMPOSITION.json,,7674dc8c,Filename/path inference; editable in the app
349095,work_packages/OPENMATH_2026/H2_H7_WP01_DECOMPOSITION.json,General / shared,5064,Latest public revision collected separately; not an author-designated final | adcfa0537f43327f4bb9acfe1692f757fce353c4,https://codeload.github.com/grandchallenge/MATHSOLVE/zip/adcfa0537f43327f4bb9acfe1692f757fce353c4,,contestants/E10/13-archives/E10-grandchallenge-MATHSOLVE-adcfa0537f43327f4bb9acfe1692f757fce353c4.zip,MATHSOLVE-adcfa0537f43327f4bb9acfe1692f757fce353c4/work_packages/OPENMATH_2026/H2_H7_WP01_DECOMPOSITION.json,,7674dc8c,Filename/path inference; editable in the app
345990,work_packages/OPENMATH_2026/H2_H7_WP01_LEASES.json,General / shared,3867,Pinned collected revision; final designation governed by team receipt | 2fd9fd643bf3e9e98d121dc2e7af1cf1be411ae2,https://codeload.github.com/grandchallenge/MATHSOLVE/zip/2fd9fd643bf3e9e98d121dc2e7af1cf1be411ae2,,contestants/E10/13-archives/E10-grandchallenge-MATHSOLVE-2fd9fd643bf3e9e98d121dc2e7af1cf1be411ae2.zip,MATHSOLVE-2fd9fd643bf3e9e98d121dc2e7af1cf1be411ae2/work_packages/OPENMATH_2026/H2_H7_WP01_LEASES.json,,f8d9857a,Filename/path inference; editable in the app
349096,work_packages/OPENMATH_2026/H2_H7_WP01_LEASES.json,General / shared,3867,Latest public revision collected separately; not an author-designated final | adcfa0537f43327f4bb9acfe1692f757fce353c4,https://codeload.github.com/grandchallenge/MATHSOLVE/zip/adcfa0537f43327f4bb9acfe1692f757fce353c4,,contestants/E10/13-archives/E10-grandchallenge-MATHSOLVE-adcfa0537f43327f4bb9acfe1692f757fce353c4.zip,MATHSOLVE-adcfa0537f43327f4bb9acfe1692f757fce353c4/work_packages/OPENMATH_2026/H2_H7_WP01_LEASES.json,,f8d9857a,Filename/path inference; editable in the app
345991,work_packages/OPENMATH_2026/HILL_LANES.json,General / shared,33929,Pinned collected revision; final designation governed by team receipt | 2fd9fd643bf3e9e98d121dc2e7af1cf1be411ae2,https://codeload.github.com/grandchallenge/MATHSOLVE/zip/2fd9fd643bf3e9e98d121dc2e7af1cf1be411ae2,,contestants/E10/13-archives/E10-grandchallenge-MATHSOLVE-2fd9fd643bf3e9e98d121dc2e7af1cf1be411ae2.zip,MATHSOLVE-2fd9fd643bf3e9e98d121dc2e7af1cf1be411ae2/work_packages/OPENMATH_2026/HILL_LANES.json,,d2fb9211,Filename/path inference; editable in the app
349097,work_packages/OPENMATH_2026/HILL_LANES.json,General / shared,33929,Latest public revision collected separately; not an author-designated final | adcfa0537f43327f4bb9acfe1692f757fce353c4,https://codeload.github.com/grandchallenge/MATHSOLVE/zip/adcfa0537f43327f4bb9acfe1692f757fce353c4,,contestants/E10/13-archives/E10-grandchallenge-MATHSOLVE-adcfa0537f43327f4bb9acfe1692f757fce353c4.zip,MATHSOLVE-adcfa0537f43327f4bb9acfe1692f757fce353c4/work_packages/OPENMATH_2026/HILL_LANES.json,,fb9df00a,Filename/path inference; editable in the app
345992,work_packages/OPENMATH_2026/HISTORICAL_TRANCHE_REGISTRY.json,General / shared,4089,Pinned collected revision; final designation governed by team receipt | 2fd9fd643bf3e9e98d121dc2e7af1cf1be411ae2,https://codeload.github.com/grandchallenge/MATHSOLVE/zip/2fd9fd643bf3e9e98d121dc2e7af1cf1be411ae2,,contestants/E10/13-archives/E10-grandchallenge-MATHSOLVE-2fd9fd643bf3e9e98d121dc2e7af1cf1be411ae2.zip,MATHSOLVE-2fd9fd643bf3e9e98d121dc2e7af1cf1be411ae2/work_packages/OPENMATH_2026/HISTORICAL_TRANCHE_REGISTRY.json,,38b5f79c,Filename/path inference; editable in the app
349098,work_packages/OPENMATH_2026/HISTORICAL_TRANCHE_REGISTRY.json,General / shared,4089,Latest public revision collected separately; not an author-designated final | adcfa0537f43327f4bb9acfe1692f757fce353c4,https://codeload.github.com/grandchallenge/MATHSOLVE/zip/adcfa0537f43327f4bb9acfe1692f757fce353c4,,contestants/E10/13-archives/E10-grandchallenge-MATHSOLVE-adcfa0537f43327f4bb9acfe1692f757fce353c4.zip,MATHSOLVE-adcfa0537f43327f4bb9acfe1692f757fce353c4/work_packages/OPENMATH_2026/HISTORICAL_TRANCHE_REGISTRY.json,,38b5f79c,Filename/path inference; editable in the app
345995,work_packages/OPENMATH_2026/OM26_H1_KOBON_TRIANGLES/BADER_93_ORDER_TABLE.json,Kobon triangles,3549,Pinned collected revision; final designation governed by team receipt | 2fd9fd643bf3e9e98d121dc2e7af1cf1be411ae2,https://codeload.github.com/grandchallenge/MATHSOLVE/zip/2fd9fd643bf3e9e98d121dc2e7af1cf1be411ae2,,contestants/E10/13-archives/E10-grandchallenge-MATHSOLVE-2fd9fd643bf3e9e98d121dc2e7af1cf1be411ae2.zip,MATHSOLVE-2fd9fd643bf3e9e98d121dc2e7af1cf1be411ae2/work_packages/OPENMATH_2026/OM26_H1_KOBON_TRIANGLES/BADER_93_ORDER_TABLE.json,,a6e615a9,Filename/path inference; editable in the app
349101,work_packages/OPENMATH_2026/OM26_H1_KOBON_TRIANGLES/BADER_93_ORDER_TABLE.json,Kobon triangles,3549,Latest public revision collected separately; not an author-designated final | adcfa0537f43327f4bb9acfe1692f757fce353c4,https://codeload.github.com/grandchallenge/MATHSOLVE/zip/adcfa0537f43327f4bb9acfe1692f757fce353c4,,contestants/E10/13-archives/E10-grandchallenge-MATHSOLVE-adcfa0537f43327f4bb9acfe1692f757fce353c4.zip,MATHSOLVE-adcfa0537f43327f4bb9acfe1692f757fce353c4/work_packages/OPENMATH_2026/OM26_H1_KOBON_TRIANGLES/BADER_93_ORDER_TABLE.json,,a6e615a9,Filename/path inference; editable in the app
345997,work_packages/OPENMATH_2026/OM26_H1_KOBON_TRIANGLES/BADER_93_SOURCE.json,Kobon triangles,2067,Pinned collected revision; final designation governed by team receipt | 2fd9fd643bf3e9e98d121dc2e7af1cf1be411ae2,https://codeload.github.com/grandchallenge/MATHSOLVE/zip/2fd9fd643bf3e9e98d121dc2e7af1cf1be411ae2,,contestants/E10/13-archives/E10-grandchallenge-MATHSOLVE-2fd9fd643bf3e9e98d121dc2e7af1cf1be411ae2.zip,MATHSOLVE-2fd9fd643bf3e9e98d121dc2e7af1cf1be411ae2/work_packages/OPENMATH_2026/OM26_H1_KOBON_TRIANGLES/BADER_93_SOURCE.json,,7126de0f,Filename/path inference; editable in the app
349103,work_packages/OPENMATH_2026/OM26_H1_KOBON_TRIANGLES/BADER_93_SOURCE.json,Kobon triangles,2067,Latest public revision collected separately; not an author-designated final | adcfa0537f43327f4bb9acfe1692f757fce353c4,https://codeload.github.com/grandchallenge/MATHSOLVE/zip/adcfa0537f43327f4bb9acfe1692f757fce353c4,,contestants/E10/13-archives/E10-grandchallenge-MATHSOLVE-adcfa0537f43327f4bb9acfe1692f757fce353c4.zip,MATHSOLVE-adcfa0537f43327f4bb9acfe1692f757fce353c4/work_packages/OPENMATH_2026/OM26_H1_KOBON_TRIANGLES/BADER_93_SOURCE.json,,7126de0f,Filename/path inference; editable in the app
345998,work_packages/OPENMATH_2026/OM26_H1_KOBON_TRIANGLES/BASELINE_AUTOLAB_RECEIPT.json,Kobon triangles,2227,Pinned collected revision; final designation governed by team receipt | 2fd9fd643bf3e9e98d121dc2e7af1cf1be411ae2,https://codeload.github.com/grandchallenge/MATHSOLVE/zip/2fd9fd643bf3e9e98d121dc2e7af1cf1be411ae2,,contestants/E10/13-archives/E10-grandchallenge-MATHSOLVE-2fd9fd643bf3e9e98d121dc2e7af1cf1be411ae2.zip,MATHSOLVE-2fd9fd643bf3e9e98d121dc2e7af1cf1be411ae2/work_packages/OPENMATH_2026/OM26_H1_KOBON_TRIANGLES/BASELINE_AUTOLAB_RECEIPT.json,,c67e197c,Filename/path inference; editable in the app
349104,work_packages/OPENMATH_2026/OM26_H1_KOBON_TRIANGLES/BASELINE_AUTOLAB_RECEIPT.json,Kobon triangles,2227,Latest public revision collected separately; not an author-designated final | adcfa0537f43327f4bb9acfe1692f757fce353c4,https://codeload.github.com/grandchallenge/MATHSOLVE/zip/adcfa0537f43327f4bb9acfe1692f757fce353c4,,contestants/E10/13-archives/E10-grandchallenge-MATHSOLVE-adcfa0537f43327f4bb9acfe1692f757fce353c4.zip,MATHSOLVE-adcfa0537f43327f4bb9acfe1692f757fce353c4/work_packages/OPENMATH_2026/OM26_H1_KOBON_TRIANGLES/BASELINE_AUTOLAB_RECEIPT.json,,c67e197c,Filename/path inference; editable in the app
345999,work_packages/OPENMATH_2026/OM26_H1_KOBON_TRIANGLES/BASELINE_GATE_STATUS.json,Kobon triangles,2241,Pinned collected revision; final designation governed by team receipt | 2fd9fd643bf3e9e98d121dc2e7af1cf1be411ae2,https://codeload.github.com/grandchallenge/MATHSOLVE/zip/2fd9fd643bf3e9e98d121dc2e7af1cf1be411ae2,,contestants/E10/13-archives/E10-grandchallenge-MATHSOLVE-2fd9fd643bf3e9e98d121dc2e7af1cf1be411ae2.zip,MATHSOLVE-2fd9fd643bf3e9e98d121dc2e7af1cf1be411ae2/work_packages/OPENMATH_2026/OM26_H1_KOBON_TRIANGLES/BASELINE_GATE_STATUS.json,,84500831,Filename/path inference; editable in the app
349105,work_packages/OPENMATH_2026/OM26_H1_KOBON_TRIANGLES/BASELINE_GATE_STATUS.json,Kobon triangles,2241,Latest public revision collected separately; not an author-designated final | adcfa0537f43327f4bb9acfe1692f757fce353c4,https://codeload.github.com/grandchallenge/MATHSOLVE/zip/adcfa0537f43327f4bb9acfe1692f757fce353c4,,contestants/E10/13-archives/E10-grandchallenge-MATHSOLVE-adcfa0537f43327f4bb9acfe1692f757fce353c4.zip,MATHSOLVE-adcfa0537f43327f4bb9acfe1692f757fce353c4/work_packages/OPENMATH_2026/OM26_H1_KOBON_TRIANGLES/BASELINE_GATE_STATUS.json,,84500831,Filename/path inference; editable in the app
346000,work_packages/OPENMATH_2026/OM26_H1_KOBON_TRIANGLES/BASELINE_INTERNAL_RECEIPT.json,Kobon triangles,3388,Pinned collected revision; final designation governed by team receipt | 2fd9fd643bf3e9e98d121dc2e7af1cf1be411ae2,https://codeload.github.com/grandchallenge/MATHSOLVE/zip/2fd9fd643bf3e9e98d121dc2e7af1cf1be411ae2,,contestants/E10/13-archives/E10-grandchallenge-MATHSOLVE-2fd9fd643bf3e9e98d121dc2e7af1cf1be411ae2.zip,MATHSOLVE-2fd9fd643bf3e9e98d121dc2e7af1cf1be411ae2/work_packages/OPENMATH_2026/OM26_H1_KOBON_TRIANGLES/BASELINE_INTERNAL_RECEIPT.json,,3e8ee790,Filename/path inference; editable in the app
349106,work_packages/OPENMATH_2026/OM26_H1_KOBON_TRIANGLES/BASELINE_INTERNAL_RECEIPT.json,Kobon triangles,3388,Latest public revision collected separately; not an author-designated final | adcfa0537f43327f4bb9acfe1692f757fce353c4,https://codeload.github.com/grandchallenge/MATHSOLVE/zip/adcfa0537f43327f4bb9acfe1692f757fce353c4,,contestants/E10/13-archives/E10-grandchallenge-MATHSOLVE-adcfa0537f43327f4bb9acfe1692f757fce353c4.zip,MATHSOLVE-adcfa0537f43327f4bb9acfe1692f757fce353c4/work_packages/OPENMATH_2026/OM26_H1_KOBON_TRIANGLES/BASELINE_INTERNAL_RECEIPT.json,,3e8ee790,Filename/path inference; editable in the app
346001,work_packages/OPENMATH_2026/OM26_H1_KOBON_TRIANGLES/BOUND_SOURCE_STATUS.json,Kobon triangles,1996,Pinned collected revision; final designation governed by team receipt | 2fd9fd643bf3e9e98d121dc2e7af1cf1be411ae2,https://codeload.github.com/grandchallenge/MATHSOLVE/zip/2fd9fd643bf3e9e98d121dc2e7af1cf1be411ae2,,contestants/E10/13-archives/E10-grandchallenge-MATHSOLVE-2fd9fd643bf3e9e98d121dc2e7af1cf1be411ae2.zip,MATHSOLVE-2fd9fd643bf3e9e98d121dc2e7af1cf1be411ae2/work_packages/OPENMATH_2026/OM26_H1_KOBON_TRIANGLES/BOUND_SOURCE_STATUS.json,,11270c74,Filename/path inference; editable in the app
349107,work_packages/OPENMATH_2026/OM26_H1_KOBON_TRIANGLES/BOUND_SOURCE_STATUS.json,Kobon triangles,1996,Latest public revision collected separately; not an author-designated final | adcfa0537f43327f4bb9acfe1692f757fce353c4,https://codeload.github.com/grandchallenge/MATHSOLVE/zip/adcfa0537f43327f4bb9acfe1692f757fce353c4,,contestants/E10/13-archives/E10-grandchallenge-MATHSOLVE-adcfa0537f43327f4bb9acfe1692f757fce353c4.zip,MATHSOLVE-adcfa0537f43327f4bb9acfe1692f757fce353c4/work_packages/OPENMATH_2026/OM26_H1_KOBON_TRIANGLES/BOUND_SOURCE_STATUS.json,,11270c74,Filename/path inference; editable in the app
346002,work_packages/OPENMATH_2026/OM26_H1_KOBON_TRIANGLES/CANDIDATE_LADDER.json,Kobon triangles,1553,Pinned collected revision; final designation governed by team receipt | 2fd9fd643bf3e9e98d121dc2e7af1cf1be411ae2,https://codeload.github.com/grandchallenge/MATHSOLVE/zip/2fd9fd643bf3e9e98d121dc2e7af1cf1be411ae2,,contestants/E10/13-archives/E10-grandchallenge-MATHSOLVE-2fd9fd643bf3e9e98d121dc2e7af1cf1be411ae2.zip,MATHSOLVE-2fd9fd643bf3e9e98d121dc2e7af1cf1be411ae2/work_packages/OPENMATH_2026/OM26_H1_KOBON_TRIANGLES/CANDIDATE_LADDER.json,,f073dabd,Filename/path inference; editable in the app
349108,work_packages/OPENMATH_2026/OM26_H1_KOBON_TRIANGLES/CANDIDATE_LADDER.json,Kobon triangles,1553,Latest public revision collected separately; not an author-designated final | adcfa0537f43327f4bb9acfe1692f757fce353c4,https://codeload.github.com/grandchallenge/MATHSOLVE/zip/adcfa0537f43327f4bb9acfe1692f757fce353c4,,contestants/E10/13-archives/E10-grandchallenge-MATHSOLVE-adcfa0537f43327f4bb9acfe1692f757fce353c4.zip,MATHSOLVE-adcfa0537f43327f4bb9acfe1692f757fce353c4/work_packages/OPENMATH_2026/OM26_H1_KOBON_TRIANGLES/CANDIDATE_LADDER.json,,f073dabd,Filename/path inference; editable in the app
346009,work_packages/OPENMATH_2026/OM26_H1_KOBON_TRIANGLES/H1_02_PROOF_RECEIPT.json,Kobon triangles,1769,Pinned collected revision; final designation governed by team receipt | 2fd9fd643bf3e9e98d121dc2e7af1cf1be411ae2,https://codeload.github.com/grandchallenge/MATHSOLVE/zip/2fd9fd643bf3e9e98d121dc2e7af1cf1be411ae2,,contestants/E10/13-archives/E10-grandchallenge-MATHSOLVE-2fd9fd643bf3e9e98d121dc2e7af1cf1be411ae2.zip,MATHSOLVE-2fd9fd643bf3e9e98d121dc2e7af1cf1be411ae2/work_packages/OPENMATH_2026/OM26_H1_KOBON_TRIANGLES/H1_02_PROOF_RECEIPT.json,,83d01ee5,Filename/path inference; editable in the app
349115,work_packages/OPENMATH_2026/OM26_H1_KOBON_TRIANGLES/H1_02_PROOF_RECEIPT.json,Kobon triangles,1769,Latest public revision collected separately; not an author-designated final | adcfa0537f43327f4bb9acfe1692f757fce353c4,https://codeload.github.com/grandchallenge/MATHSOLVE/zip/adcfa0537f43327f4bb9acfe1692f757fce353c4,,contestants/E10/13-archives/E10-grandchallenge-MATHSOLVE-adcfa0537f43327f4bb9acfe1692f757fce353c4.zip,MATHSOLVE-adcfa0537f43327f4bb9acfe1692f757fce353c4/work_packages/OPENMATH_2026/OM26_H1_KOBON_TRIANGLES/H1_02_PROOF_RECEIPT.json,,83d01ee5,Filename/path inference; editable in the app
346010,work_packages/OPENMATH_2026/OM26_H1_KOBON_TRIANGLES/H1_06_SEARCH_RECEIPT.json,Kobon triangles,1872,Pinned collected revision; final designation governed by team receipt | 2fd9fd643bf3e9e98d121dc2e7af1cf1be411ae2,https://codeload.github.com/grandchallenge/MATHSOLVE/zip/2fd9fd643bf3e9e98d121dc2e7af1cf1be411ae2,,contestants/E10/13-archives/E10-grandchallenge-MATHSOLVE-2fd9fd643bf3e9e98d121dc2e7af1cf1be411ae2.zip,MATHSOLVE-2fd9fd643bf3e9e98d121dc2e7af1cf1be411ae2/work_packages/OPENMATH_2026/OM26_H1_KOBON_TRIANGLES/H1_06_SEARCH_RECEIPT.json,,4611acf4,Filename/path inference; editable in the app
349116,work_packages/OPENMATH_2026/OM26_H1_KOBON_TRIANGLES/H1_06_SEARCH_RECEIPT.json,Kobon triangles,1872,Latest public revision collected separately; not an author-designated final | adcfa0537f43327f4bb9acfe1692f757fce353c4,https://codeload.github.com/grandchallenge/MATHSOLVE/zip/adcfa0537f43327f4bb9acfe1692f757fce353c4,,contestants/E10/13-archives/E10-grandchallenge-MATHSOLVE-adcfa0537f43327f4bb9acfe1692f757fce353c4.zip,MATHSOLVE-adcfa0537f43327f4bb9acfe1692f757fce353c4/work_packages/OPENMATH_2026/OM26_H1_KOBON_TRIANGLES/H1_06_SEARCH_RECEIPT.json,,4611acf4,Filename/path inference; editable in the app
346011,work_packages/OPENMATH_2026/OM26_H1_KOBON_TRIANGLES/H1_07_REPLAY_RECEIPT.json,Kobon triangles,1828,Pinned collected revision; final designation governed by team receipt | 2fd9fd643bf3e9e98d121dc2e7af1cf1be411ae2,https://codeload.github.com/grandchallenge/MATHSOLVE/zip/2fd9fd643bf3e9e98d121dc2e7af1cf1be411ae2,,contestants/E10/13-archives/E10-grandchallenge-MATHSOLVE-2fd9fd643bf3e9e98d121dc2e7af1cf1be411ae2.zip,MATHSOLVE-2fd9fd643bf3e9e98d121dc2e7af1cf1be411ae2/work_packages/OPENMATH_2026/OM26_H1_KOBON_TRIANGLES/H1_07_REPLAY_RECEIPT.json,,f4f492ac,Filename/path inference; editable in the app
349117,work_packages/OPENMATH_2026/OM26_H1_KOBON_TRIANGLES/H1_07_REPLAY_RECEIPT.json,Kobon triangles,1828,Latest public revision collected separately; not an author-designated final | adcfa0537f43327f4bb9acfe1692f757fce353c4,https://codeload.github.com/grandchallenge/MATHSOLVE/zip/adcfa0537f43327f4bb9acfe1692f757fce353c4,,contestants/E10/13-archives/E10-grandchallenge-MATHSOLVE-adcfa0537f43327f4bb9acfe1692f757fce353c4.zip,MATHSOLVE-adcfa0537f43327f4bb9acfe1692f757fce353c4/work_packages/OPENMATH_2026/OM26_H1_KOBON_TRIANGLES/H1_07_REPLAY_RECEIPT.json,,f4f492ac,Filename/path inference; editable in the app
346012,work_packages/OPENMATH_2026/OM26_H1_KOBON_TRIANGLES/H1_07_RH_BADER93_REPLAY_RECEIPT.json,Kobon triangles,1753,Pinned collected revision; final designation governed by team receipt | 2fd9fd643bf3e9e98d121dc2e7af1cf1be411ae2,https://codeload.github.com/grandchallenge/MATHSOLVE/zip/2fd9fd643bf3e9e98d121dc2e7af1cf1be411ae2,,contestants/E10/13-archives/E10-grandchallenge-MATHSOLVE-2fd9fd643bf3e9e98d121dc2e7af1cf1be411ae2.zip,MATHSOLVE-2fd9fd643bf3e9e98d121dc2e7af1cf1be411ae2/work_packages/OPENMATH_2026/OM26_H1_KOBON_TRIANGLES/H1_07_RH_BADER93_REPLAY_RECEIPT.json,,0b82b858,Filename/path inference; editable in the app
349118,work_packages/OPENMATH_2026/OM26_H1_KOBON_TRIANGLES/H1_07_RH_BADER93_REPLAY_RECEIPT.json,Kobon triangles,1753,Latest public revision collected separately; not an author-designated final | adcfa0537f43327f4bb9acfe1692f757fce353c4,https://codeload.github.com/grandchallenge/MATHSOLVE/zip/adcfa0537f43327f4bb9acfe1692f757fce353c4,,contestants/E10/13-archives/E10-grandchallenge-MATHSOLVE-adcfa0537f43327f4bb9acfe1692f757fce353c4.zip,MATHSOLVE-adcfa0537f43327f4bb9acfe1692f757fce353c4/work_packages/OPENMATH_2026/OM26_H1_KOBON_TRIANGLES/H1_07_RH_BADER93_REPLAY_RECEIPT.json,,0b82b858,Filename/path inference; editable in the app
346028,work_packages/OPENMATH_2026/OM26_H1_KOBON_TRIANGLES/H1_12_H1_13_SPEC.json,Kobon triangles,1062,Pinned collected revision; final designation governed by team receipt | 2fd9fd643bf3e9e98d121dc2e7af1cf1be411ae2,https://codeload.github.com/grandchallenge/MATHSOLVE/zip/2fd9fd643bf3e9e98d121dc2e7af1cf1be411ae2,,contestants/E10/13-archives/E10-grandchallenge-MATHSOLVE-2fd9fd643bf3e9e98d121dc2e7af1cf1be411ae2.zip,MATHSOLVE-2fd9fd643bf3e9e98d121dc2e7af1cf1be411ae2/work_packages/OPENMATH_2026/OM26_H1_KOBON_TRIANGLES/H1_12_H1_13_SPEC.json,,3da6971e,Filename/path inference; editable in the app
349134,work_packages/OPENMATH_2026/OM26_H1_KOBON_TRIANGLES/H1_12_H1_13_SPEC.json,Kobon triangles,1062,Latest public revision collected separately; not an author-designated final | adcfa0537f43327f4bb9acfe1692f757fce353c4,https://codeload.github.com/grandchallenge/MATHSOLVE/zip/adcfa0537f43327f4bb9acfe1692f757fce353c4,,contestants/E10/13-archives/E10-grandchallenge-MATHSOLVE-adcfa0537f43327f4bb9acfe1692f757fce353c4.zip,MATHSOLVE-adcfa0537f43327f4bb9acfe1692f757fce353c4/work_packages/OPENMATH_2026/OM26_H1_KOBON_TRIANGLES/H1_12_H1_13_SPEC.json,,3da6971e,Filename/path inference; editable in the app
346030,work_packages/OPENMATH_2026/OM26_H1_KOBON_TRIANGLES/H1_12_PROJECTIVE_NORMALIZATION_RECEIPT.json,Kobon triangles,1043,Pinned collected revision; final designation governed by team receipt | 2fd9fd643bf3e9e98d121dc2e7af1cf1be411ae2,https://codeload.github.com/grandchallenge/MATHSOLVE/zip/2fd9fd643bf3e9e98d121dc2e7af1cf1be411ae2,,contestants/E10/13-archives/E10-grandchallenge-MATHSOLVE-2fd9fd643bf3e9e98d121dc2e7af1cf1be411ae2.zip,MATHSOLVE-2fd9fd643bf3e9e98d121dc2e7af1cf1be411ae2/work_packages/OPENMATH_2026/OM26_H1_KOBON_TRIANGLES/H1_12_PROJECTIVE_NORMALIZATION_RECEIPT.json,,3036637f,Filename/path inference; editable in the app
349136,work_packages/OPENMATH_2026/OM26_H1_KOBON_TRIANGLES/H1_12_PROJECTIVE_NORMALIZATION_RECEIPT.json,Kobon triangles,1043,Latest public revision collected separately; not an author-designated final | adcfa0537f43327f4bb9acfe1692f757fce353c4,https://codeload.github.com/grandchallenge/MATHSOLVE/zip/adcfa0537f43327f4bb9acfe1692f757fce353c4,,contestants/E10/13-archives/E10-grandchallenge-MATHSOLVE-adcfa0537f43327f4bb9acfe1692f757fce353c4.zip,MATHSOLVE-adcfa0537f43327f4bb9acfe1692f757fce353c4/work_packages/OPENMATH_2026/OM26_H1_KOBON_TRIANGLES/H1_12_PROJECTIVE_NORMALIZATION_RECEIPT.json,,3036637f,Filename/path inference; editable in the app
346038,work_packages/OPENMATH_2026/OM26_H1_KOBON_TRIANGLES/H1_12_STATUS.json,Kobon triangles,20765,Pinned collected revision; final designation governed by team receipt | 2fd9fd643bf3e9e98d121dc2e7af1cf1be411ae2,https://codeload.github.com/grandchallenge/MATHSOLVE/zip/2fd9fd643bf3e9e98d121dc2e7af1cf1be411ae2,,contestants/E10/13-archives/E10-grandchallenge-MATHSOLVE-2fd9fd643bf3e9e98d121dc2e7af1cf1be411ae2.zip,MATHSOLVE-2fd9fd643bf3e9e98d121dc2e7af1cf1be411ae2/work_packages/OPENMATH_2026/OM26_H1_KOBON_TRIANGLES/H1_12_STATUS.json,,08e047cd,Filename/path inference; editable in the app
349144,work_packages/OPENMATH_2026/OM26_H1_KOBON_TRIANGLES/H1_12_STATUS.json,Kobon triangles,20765,Latest public revision collected separately; not an author-designated final | adcfa0537f43327f4bb9acfe1692f757fce353c4,https://codeload.github.com/grandchallenge/MATHSOLVE/zip/adcfa0537f43327f4bb9acfe1692f757fce353c4,,contestants/E10/13-archives/E10-grandchallenge-MATHSOLVE-adcfa0537f43327f4bb9acfe1692f757fce353c4.zip,MATHSOLVE-adcfa0537f43327f4bb9acfe1692f757fce353c4/work_packages/OPENMATH_2026/OM26_H1_KOBON_TRIANGLES/H1_12_STATUS.json,,08e047cd,Filename/path inference; editable in the app
346041,work_packages/OPENMATH_2026/OM26_H1_KOBON_TRIANGLES/H1_13_TRANCHE1_RECEIPT.json,Kobon triangles,1989,Pinned collected revision; final designation governed by team receipt | 2fd9fd643bf3e9e98d121dc2e7af1cf1be411ae2,https://codeload.github.com/grandchallenge/MATHSOLVE/zip/2fd9fd643bf3e9e98d121dc2e7af1cf1be411ae2,,contestants/E10/13-archives/E10-grandchallenge-MATHSOLVE-2fd9fd643bf3e9e98d121dc2e7af1cf1be411ae2.zip,MATHSOLVE-2fd9fd643bf3e9e98d121dc2e7af1cf1be411ae2/work_packages/OPENMATH_2026/OM26_H1_KOBON_TRIANGLES/H1_13_TRANCHE1_RECEIPT.json,,0c73db8f,Filename/path inference; editable in the app
349147,work_packages/OPENMATH_2026/OM26_H1_KOBON_TRIANGLES/H1_13_TRANCHE1_RECEIPT.json,Kobon triangles,1989,Latest public revision collected separately; not an author-designated final | adcfa0537f43327f4bb9acfe1692f757fce353c4,https://codeload.github.com/grandchallenge/MATHSOLVE/zip/adcfa0537f43327f4bb9acfe1692f757fce353c4,,contestants/E10/13-archives/E10-grandchallenge-MATHSOLVE-adcfa0537f43327f4bb9acfe1692f757fce353c4.zip,MATHSOLVE-adcfa0537f43327f4bb9acfe1692f757fce353c4/work_packages/OPENMATH_2026/OM26_H1_KOBON_TRIANGLES/H1_13_TRANCHE1_RECEIPT.json,,0c73db8f,Filename/path inference; editable in the app
346042,work_packages/OPENMATH_2026/OM26_H1_KOBON_TRIANGLES/H1_13_TRANCHE2_RECEIPT.json,Kobon triangles,1702,Pinned collected revision; final designation governed by team receipt | 2fd9fd643bf3e9e98d121dc2e7af1cf1be411ae2,https://codeload.github.com/grandchallenge/MATHSOLVE/zip/2fd9fd643bf3e9e98d121dc2e7af1cf1be411ae2,,contestants/E10/13-archives/E10-grandchallenge-MATHSOLVE-2fd9fd643bf3e9e98d121dc2e7af1cf1be411ae2.zip,MATHSOLVE-2fd9fd643bf3e9e98d121dc2e7af1cf1be411ae2/work_packages/OPENMATH_2026/OM26_H1_KOBON_TRIANGLES/H1_13_TRANCHE2_RECEIPT.json,,bcbb9487,Filename/path inference; editable in the app
349148,work_packages/OPENMATH_2026/OM26_H1_KOBON_TRIANGLES/H1_13_TRANCHE2_RECEIPT.json,Kobon triangles,1702,Latest public revision collected separately; not an author-designated final | adcfa0537f43327f4bb9acfe1692f757fce353c4,https://codeload.github.com/grandchallenge/MATHSOLVE/zip/adcfa0537f43327f4bb9acfe1692f757fce353c4,,contestants/E10/13-archives/E10-grandchallenge-MATHSOLVE-adcfa0537f43327f4bb9acfe1692f757fce353c4.zip,MATHSOLVE-adcfa0537f43327f4bb9acfe1692f757fce353c4/work_packages/OPENMATH_2026/OM26_H1_KOBON_TRIANGLES/H1_13_TRANCHE2_RECEIPT.json,,bcbb9487,Filename/path inference; editable in the app
346044,work_packages/OPENMATH_2026/OM26_H1_KOBON_TRIANGLES/H1_13_TRANCHE3_RECEIPT.json,Kobon triangles,1457,Pinned collected revision; final designation governed by team receipt | 2fd9fd643bf3e9e98d121dc2e7af1cf1be411ae2,https://codeload.github.com/grandchallenge/MATHSOLVE/zip/2fd9fd643bf3e9e98d121dc2e7af1cf1be411ae2,,contestants/E10/13-archives/E10-grandchallenge-MATHSOLVE-2fd9fd643bf3e9e98d121dc2e7af1cf1be411ae2.zip,MATHSOLVE-2fd9fd643bf3e9e98d121dc2e7af1cf1be411ae2/work_packages/OPENMATH_2026/OM26_H1_KOBON_TRIANGLES/H1_13_TRANCHE3_RECEIPT.json,,894bf2cf,Filename/path inference; editable in the app
349150,work_packages/OPENMATH_2026/OM26_H1_KOBON_TRIANGLES/H1_13_TRANCHE3_RECEIPT.json,Kobon triangles,1457,Latest public revision collected separately; not an author-designated final | adcfa0537f43327f4bb9acfe1692f757fce353c4,https://codeload.github.com/grandchallenge/MATHSOLVE/zip/adcfa0537f43327f4bb9acfe1692f757fce353c4,,contestants/E10/13-archives/E10-grandchallenge-MATHSOLVE-adcfa0537f43327f4bb9acfe1692f757fce353c4.zip,MATHSOLVE-adcfa0537f43327f4bb9acfe1692f757fce353c4/work_packages/OPENMATH_2026/OM26_H1_KOBON_TRIANGLES/H1_13_TRANCHE3_RECEIPT.json,,894bf2cf,Filename/path inference; editable in the app
346045,work_packages/OPENMATH_2026/OM26_H1_KOBON_TRIANGLES/H1_13_TRANCHE3_SOURCE.json,Kobon triangles,3036,Pinned collected revision; final designation governed by team receipt | 2fd9fd643bf3e9e98d121dc2e7af1cf1be411ae2,https://codeload.github.com/grandchallenge/MATHSOLVE/zip/2fd9fd643bf3e9e98d121dc2e7af1cf1be411ae2,,contestants/E10/13-archives/E10-grandchallenge-MATHSOLVE-2fd9fd643bf3e9e98d121dc2e7af1cf1be411ae2.zip,MATHSOLVE-2fd9fd643bf3e9e98d121dc2e7af1cf1be411ae2/work_packages/OPENMATH_2026/OM26_H1_KOBON_TRIANGLES/H1_13_TRANCHE3_SOURCE.json,,2c146439,Filename/path inference; editable in the app
349151,work_packages/OPENMATH_2026/OM26_H1_KOBON_TRIANGLES/H1_13_TRANCHE3_SOURCE.json,Kobon triangles,3036,Latest public revision collected separately; not an author-designated final | adcfa0537f43327f4bb9acfe1692f757fce353c4,https://codeload.github.com/grandchallenge/MATHSOLVE/zip/adcfa0537f43327f4bb9acfe1692f757fce353c4,,contestants/E10/13-archives/E10-grandchallenge-MATHSOLVE-adcfa0537f43327f4bb9acfe1692f757fce353c4.zip,MATHSOLVE-adcfa0537f43327f4bb9acfe1692f757fce353c4/work_packages/OPENMATH_2026/OM26_H1_KOBON_TRIANGLES/H1_13_TRANCHE3_SOURCE.json,,2c146439,Filename/path inference; editable in the app
346047,work_packages/OPENMATH_2026/OM26_H1_KOBON_TRIANGLES/H1_333335_OBSTRUCTION_RECEIPT.json,Kobon triangles,5592,Pinned collected revision; final designation governed by team receipt | 2fd9fd643bf3e9e98d121dc2e7af1cf1be411ae2,https://codeload.github.com/grandchallenge/MATHSOLVE/zip/2fd9fd643bf3e9e98d121dc2e7af1cf1be411ae2,,contestants/E10/13-archives/E10-grandchallenge-MATHSOLVE-2fd9fd643bf3e9e98d121dc2e7af1cf1be411ae2.zip,MATHSOLVE-2fd9fd643bf3e9e98d121dc2e7af1cf1be411ae2/work_packages/OPENMATH_2026/OM26_H1_KOBON_TRIANGLES/H1_333335_OBSTRUCTION_RECEIPT.json,,92006837,Filename/path inference; editable in the app
349153,work_packages/OPENMATH_2026/OM26_H1_KOBON_TRIANGLES/H1_333335_OBSTRUCTION_RECEIPT.json,Kobon triangles,5592,Latest public revision collected separately; not an author-designated final | adcfa0537f43327f4bb9acfe1692f757fce353c4,https://codeload.github.com/grandchallenge/MATHSOLVE/zip/adcfa0537f43327f4bb9acfe1692f757fce353c4,,contestants/E10/13-archives/E10-grandchallenge-MATHSOLVE-adcfa0537f43327f4bb9acfe1692f757fce353c4.zip,MATHSOLVE-adcfa0537f43327f4bb9acfe1692f757fce353c4/work_packages/OPENMATH_2026/OM26_H1_KOBON_TRIANGLES/H1_333335_OBSTRUCTION_RECEIPT.json,,92006837,Filename/path inference; editable in the app
346050,work_packages/OPENMATH_2026/OM26_H1_KOBON_TRIANGLES/H1_Q6_INTERNAL_REPLAY_RECEIPT.json,Kobon triangles,31328,Pinned collected revision; final designation governed by team receipt | 2fd9fd643bf3e9e98d121dc2e7af1cf1be411ae2,https://codeload.github.com/grandchallenge/MATHSOLVE/zip/2fd9fd643bf3e9e98d121dc2e7af1cf1be411ae2,,contestants/E10/13-archives/E10-grandchallenge-MATHSOLVE-2fd9fd643bf3e9e98d121dc2e7af1cf1be411ae2.zip,MATHSOLVE-2fd9fd643bf3e9e98d121dc2e7af1cf1be411ae2/work_packages/OPENMATH_2026/OM26_H1_KOBON_TRIANGLES/H1_Q6_INTERNAL_REPLAY_RECEIPT.json,,731d2a82,Filename/path inference; editable in the app
349156,work_packages/OPENMATH_2026/OM26_H1_KOBON_TRIANGLES/H1_Q6_INTERNAL_REPLAY_RECEIPT.json,Kobon triangles,31328,Latest public revision collected separately; not an author-designated final | adcfa0537f43327f4bb9acfe1692f757fce353c4,https://codeload.github.com/grandchallenge/MATHSOLVE/zip/adcfa0537f43327f4bb9acfe1692f757fce353c4,,contestants/E10/13-archives/E10-grandchallenge-MATHSOLVE-adcfa0537f43327f4bb9acfe1692f757fce353c4.zip,MATHSOLVE-adcfa0537f43327f4bb9acfe1692f757fce353c4/work_packages/OPENMATH_2026/OM26_H1_KOBON_TRIANGLES/H1_Q6_INTERNAL_REPLAY_RECEIPT.json,,731d2a82,Filename/path inference; editable in the app
346052,work_packages/OPENMATH_2026/OM26_H1_KOBON_TRIANGLES/H1_SATURATED_PRISM_OBSTRUCTION_RECEIPT.json,Kobon triangles,9700,Pinned collected revision; final designation governed by team receipt | 2fd9fd643bf3e9e98d121dc2e7af1cf1be411ae2,https://codeload.github.com/grandchallenge/MATHSOLVE/zip/2fd9fd643bf3e9e98d121dc2e7af1cf1be411ae2,,contestants/E10/13-archives/E10-grandchallenge-MATHSOLVE-2fd9fd643bf3e9e98d121dc2e7af1cf1be411ae2.zip,MATHSOLVE-2fd9fd643bf3e9e98d121dc2e7af1cf1be411ae2/work_packages/OPENMATH_2026/OM26_H1_KOBON_TRIANGLES/H1_SATURATED_PRISM_OBSTRUCTION_RECEIPT.json,,a680089b,Filename/path inference; editable in the app
349158,work_packages/OPENMATH_2026/OM26_H1_KOBON_TRIANGLES/H1_SATURATED_PRISM_OBSTRUCTION_RECEIPT.json,Kobon triangles,9700,Latest public revision collected separately; not an author-designated final | adcfa0537f43327f4bb9acfe1692f757fce353c4,https://codeload.github.com/grandchallenge/MATHSOLVE/zip/adcfa0537f43327f4bb9acfe1692f757fce353c4,,contestants/E10/13-archives/E10-grandchallenge-MATHSOLVE-adcfa0537f43327f4bb9acfe1692f757fce353c4.zip,MATHSOLVE-adcfa0537f43327f4bb9acfe1692f757fce353c4/work_packages/OPENMATH_2026/OM26_H1_KOBON_TRIANGLES/H1_SATURATED_PRISM_OBSTRUCTION_RECEIPT.json,,a680089b,Filename/path inference; editable in the app
346055,work_packages/OPENMATH_2026/OM26_H1_KOBON_TRIANGLES/HILL_LOCK.json,Kobon triangles,2931,Pinned collected revision; final designation governed by team receipt | 2fd9fd643bf3e9e98d121dc2e7af1cf1be411ae2,https://codeload.github.com/grandchallenge/MATHSOLVE/zip/2fd9fd643bf3e9e98d121dc2e7af1cf1be411ae2,,contestants/E10/13-archives/E10-grandchallenge-MATHSOLVE-2fd9fd643bf3e9e98d121dc2e7af1cf1be411ae2.zip,MATHSOLVE-2fd9fd643bf3e9e98d121dc2e7af1cf1be411ae2/work_packages/OPENMATH_2026/OM26_H1_KOBON_TRIANGLES/HILL_LOCK.json,,81efad2d,Filename/path inference; editable in the app
349161,work_packages/OPENMATH_2026/OM26_H1_KOBON_TRIANGLES/HILL_LOCK.json,Kobon triangles,2931,Latest public revision collected separately; not an author-designated final | adcfa0537f43327f4bb9acfe1692f757fce353c4,https://codeload.github.com/grandchallenge/MATHSOLVE/zip/adcfa0537f43327f4bb9acfe1692f757fce353c4,,contestants/E10/13-archives/E10-grandchallenge-MATHSOLVE-adcfa0537f43327f4bb9acfe1692f757fce353c4.zip,MATHSOLVE-adcfa0537f43327f4bb9acfe1692f757fce353c4/work_packages/OPENMATH_2026/OM26_H1_KOBON_TRIANGLES/HILL_LOCK.json,,81efad2d,Filename/path inference; editable in the app
346061,work_packages/OPENMATH_2026/OM26_H1_KOBON_TRIANGLES/POST_BASELINE_TRANCHE_SPEC.json,Kobon triangles,1069,Pinned collected revision; final designation governed by team receipt | 2fd9fd643bf3e9e98d121dc2e7af1cf1be411ae2,https://codeload.github.com/grandchallenge/MATHSOLVE/zip/2fd9fd643bf3e9e98d121dc2e7af1cf1be411ae2,,contestants/E10/13-archives/E10-grandchallenge-MATHSOLVE-2fd9fd643bf3e9e98d121dc2e7af1cf1be411ae2.zip,MATHSOLVE-2fd9fd643bf3e9e98d121dc2e7af1cf1be411ae2/work_packages/OPENMATH_2026/OM26_H1_KOBON_TRIANGLES/POST_BASELINE_TRANCHE_SPEC.json,,853743d5,Filename/path inference; editable in the app
349167,work_packages/OPENMATH_2026/OM26_H1_KOBON_TRIANGLES/POST_BASELINE_TRANCHE_SPEC.json,Kobon triangles,1069,Latest public revision collected separately; not an author-designated final | adcfa0537f43327f4bb9acfe1692f757fce353c4,https://codeload.github.com/grandchallenge/MATHSOLVE/zip/adcfa0537f43327f4bb9acfe1692f757fce353c4,,contestants/E10/13-archives/E10-grandchallenge-MATHSOLVE-adcfa0537f43327f4bb9acfe1692f757fce353c4.zip,MATHSOLVE-adcfa0537f43327f4bb9acfe1692f757fce353c4/work_packages/OPENMATH_2026/OM26_H1_KOBON_TRIANGLES/POST_BASELINE_TRANCHE_SPEC.json,,853743d5,Filename/path inference; editable in the app
346080,work_packages/OPENMATH_2026/OM26_H2_BUSY_BEAVER_6/WP01_STATUS.json,Busy Beaver,1387,Pinned collected revision; final designation governed by team receipt | 2fd9fd643bf3e9e98d121dc2e7af1cf1be411ae2,https://codeload.github.com/grandchallenge/MATHSOLVE/zip/2fd9fd643bf3e9e98d121dc2e7af1cf1be411ae2,,contestants/E10/13-archives/E10-grandchallenge-MATHSOLVE-2fd9fd643bf3e9e98d121dc2e7af1cf1be411ae2.zip,MATHSOLVE-2fd9fd643bf3e9e98d121dc2e7af1cf1be411ae2/work_packages/OPENMATH_2026/OM26_H2_BUSY_BEAVER_6/WP01_STATUS.json,,3626d1b6,Filename/path inference; editable in the app
349186,work_packages/OPENMATH_2026/OM26_H2_BUSY_BEAVER_6/WP01_STATUS.json,Busy Beaver,1387,Latest public revision collected separately; not an author-designated final | adcfa0537f43327f4bb9acfe1692f757fce353c4,https://codeload.github.com/grandchallenge/MATHSOLVE/zip/adcfa0537f43327f4bb9acfe1692f757fce353c4,,contestants/E10/13-archives/E10-grandchallenge-MATHSOLVE-adcfa0537f43327f4bb9acfe1692f757fce353c4.zip,MATHSOLVE-adcfa0537f43327f4bb9acfe1692f757fce353c4/work_packages/OPENMATH_2026/OM26_H2_BUSY_BEAVER_6/WP01_STATUS.json,,3626d1b6,Filename/path inference; editable in the app
346081,work_packages/OPENMATH_2026/OM26_H2_BUSY_BEAVER_6/WP02_STATUS.json,Busy Beaver,1329,Pinned collected revision; final designation governed by team receipt | 2fd9fd643bf3e9e98d121dc2e7af1cf1be411ae2,https://codeload.github.com/grandchallenge/MATHSOLVE/zip/2fd9fd643bf3e9e98d121dc2e7af1cf1be411ae2,,contestants/E10/13-archives/E10-grandchallenge-MATHSOLVE-2fd9fd643bf3e9e98d121dc2e7af1cf1be411ae2.zip,MATHSOLVE-2fd9fd643bf3e9e98d121dc2e7af1cf1be411ae2/work_packages/OPENMATH_2026/OM26_H2_BUSY_BEAVER_6/WP02_STATUS.json,,b710001b,Filename/path inference; editable in the app
349187,work_packages/OPENMATH_2026/OM26_H2_BUSY_BEAVER_6/WP02_STATUS.json,Busy Beaver,1329,Latest public revision collected separately; not an author-designated final | adcfa0537f43327f4bb9acfe1692f757fce353c4,https://codeload.github.com/grandchallenge/MATHSOLVE/zip/adcfa0537f43327f4bb9acfe1692f757fce353c4,,contestants/E10/13-archives/E10-grandchallenge-MATHSOLVE-adcfa0537f43327f4bb9acfe1692f757fce353c4.zip,MATHSOLVE-adcfa0537f43327f4bb9acfe1692f757fce353c4/work_packages/OPENMATH_2026/OM26_H2_BUSY_BEAVER_6/WP02_STATUS.json,,b710001b,Filename/path inference; editable in the app
346084,work_packages/OPENMATH_2026/OM26_H4_COLLATZ_MODULAR_DESCENT/TARGET_CORRESPONDENCE_AND_STATUS.json,Collatz,1650,Pinned collected revision; final designation governed by team receipt | 2fd9fd643bf3e9e98d121dc2e7af1cf1be411ae2,https://codeload.github.com/grandchallenge/MATHSOLVE/zip/2fd9fd643bf3e9e98d121dc2e7af1cf1be411ae2,,contestants/E10/13-archives/E10-grandchallenge-MATHSOLVE-2fd9fd643bf3e9e98d121dc2e7af1cf1be411ae2.zip,MATHSOLVE-2fd9fd643bf3e9e98d121dc2e7af1cf1be411ae2/work_packages/OPENMATH_2026/OM26_H4_COLLATZ_MODULAR_DESCENT/TARGET_CORRESPONDENCE_AND_STATUS.json,,1329cf33,Filename/path inference; editable in the app
349190,work_packages/OPENMATH_2026/OM26_H4_COLLATZ_MODULAR_DESCENT/TARGET_CORRESPONDENCE_AND_STATUS.json,Collatz,1650,Latest public revision collected separately; not an author-designated final | adcfa0537f43327f4bb9acfe1692f757fce353c4,https://codeload.github.com/grandchallenge/MATHSOLVE/zip/adcfa0537f43327f4bb9acfe1692f757fce353c4,,contestants/E10/13-archives/E10-grandchallenge-MATHSOLVE-adcfa0537f43327f4bb9acfe1692f757fce353c4.zip,MATHSOLVE-adcfa0537f43327f4bb9acfe1692f757fce353c4/work_packages/OPENMATH_2026/OM26_H4_COLLATZ_MODULAR_DESCENT/TARGET_CORRESPONDENCE_AND_STATUS.json,,1329cf33,Filename/path inference; editable in the app
346089,work_packages/OPENMATH_2026/OM26_H7_ERDOS_3/H7_D3_PROOF_RECEIPT.json,Erdos 3,1188,Pinned collected revision; final designation governed by team receipt | 2fd9fd643bf3e9e98d121dc2e7af1cf1be411ae2,https://codeload.github.com/grandchallenge/MATHSOLVE/zip/2fd9fd643bf3e9e98d121dc2e7af1cf1be411ae2,,contestants/E10/13-archives/E10-grandchallenge-MATHSOLVE-2fd9fd643bf3e9e98d121dc2e7af1cf1be411ae2.zip,MATHSOLVE-2fd9fd643bf3e9e98d121dc2e7af1cf1be411ae2/work_packages/OPENMATH_2026/OM26_H7_ERDOS_3/H7_D3_PROOF_RECEIPT.json,,1919ab72,Filename/path inference; editable in the app
349195,work_packages/OPENMATH_2026/OM26_H7_ERDOS_3/H7_D3_PROOF_RECEIPT.json,Erdos 3,1188,Latest public revision collected separately; not an author-designated final | adcfa0537f43327f4bb9acfe1692f757fce353c4,https://codeload.github.com/grandchallenge/MATHSOLVE/zip/adcfa0537f43327f4bb9acfe1692f757fce353c4,,contestants/E10/13-archives/E10-grandchallenge-MATHSOLVE-adcfa0537f43327f4bb9acfe1692f757fce353c4.zip,MATHSOLVE-adcfa0537f43327f4bb9acfe1692f757fce353c4/work_packages/OPENMATH_2026/OM26_H7_ERDOS_3/H7_D3_PROOF_RECEIPT.json,,1919ab72,Filename/path inference; editable in the app
346091,work_packages/OPENMATH_2026/OM26_H7_ERDOS_3/H7_D4_PROOF_RECEIPT.json,Erdos 3,1628,Pinned collected revision; final designation governed by team receipt | 2fd9fd643bf3e9e98d121dc2e7af1cf1be411ae2,https://codeload.github.com/grandchallenge/MATHSOLVE/zip/2fd9fd643bf3e9e98d121dc2e7af1cf1be411ae2,,contestants/E10/13-archives/E10-grandchallenge-MATHSOLVE-2fd9fd643bf3e9e98d121dc2e7af1cf1be411ae2.zip,MATHSOLVE-2fd9fd643bf3e9e98d121dc2e7af1cf1be411ae2/work_packages/OPENMATH_2026/OM26_H7_ERDOS_3/H7_D4_PROOF_RECEIPT.json,,7e16bae7,Filename/path inference; editable in the app
349197,work_packages/OPENMATH_2026/OM26_H7_ERDOS_3/H7_D4_PROOF_RECEIPT.json,Erdos 3,1628,Latest public revision collected separately; not an author-designated final | adcfa0537f43327f4bb9acfe1692f757fce353c4,https://codeload.github.com/grandchallenge/MATHSOLVE/zip/adcfa0537f43327f4bb9acfe1692f757fce353c4,,contestants/E10/13-archives/E10-grandchallenge-MATHSOLVE-adcfa0537f43327f4bb9acfe1692f757fce353c4.zip,MATHSOLVE-adcfa0537f43327f4bb9acfe1692f757fce353c4/work_packages/OPENMATH_2026/OM26_H7_ERDOS_3/H7_D4_PROOF_RECEIPT.json,,7e16bae7,Filename/path inference; editable in the app
346093,work_packages/OPENMATH_2026/OM26_H7_ERDOS_3/H7_STATUS_REVIEW.json,Erdos 3,1235,Pinned collected revision; final designation governed by team receipt | 2fd9fd643bf3e9e98d121dc2e7af1cf1be411ae2,https://codeload.github.com/grandchallenge/MATHSOLVE/zip/2fd9fd643bf3e9e98d121dc2e7af1cf1be411ae2,,contestants/E10/13-archives/E10-grandchallenge-MATHSOLVE-2fd9fd643bf3e9e98d121dc2e7af1cf1be411ae2.zip,MATHSOLVE-2fd9fd643bf3e9e98d121dc2e7af1cf1be411ae2/work_packages/OPENMATH_2026/OM26_H7_ERDOS_3/H7_STATUS_REVIEW.json,,11912cb0,Filename/path inference; editable in the app
349199,work_packages/OPENMATH_2026/OM26_H7_ERDOS_3/H7_STATUS_REVIEW.json,Erdos 3,1235,Latest public revision collected separately; not an author-designated final | adcfa0537f43327f4bb9acfe1692f757fce353c4,https://codeload.github.com/grandchallenge/MATHSOLVE/zip/adcfa0537f43327f4bb9acfe1692f757fce353c4,,contestants/E10/13-archives/E10-grandchallenge-MATHSOLVE-adcfa0537f43327f4bb9acfe1692f757fce353c4.zip,MATHSOLVE-adcfa0537f43327f4bb9acfe1692f757fce353c4/work_packages/OPENMATH_2026/OM26_H7_ERDOS_3/H7_STATUS_REVIEW.json,,11912cb0,Filename/path inference; editable in the app
346098,work_packages/PNP_BRIDGE_001/bridge_status.json,General / shared,3227,Pinned collected revision; final designation governed by team receipt | 2fd9fd643bf3e9e98d121dc2e7af1cf1be411ae2,https://codeload.github.com/grandchallenge/MATHSOLVE/zip/2fd9fd643bf3e9e98d121dc2e7af1cf1be411ae2,,contestants/E10/13-archives/E10-grandchallenge-MATHSOLVE-2fd9fd643bf3e9e98d121dc2e7af1cf1be411ae2.zip,MATHSOLVE-2fd9fd643bf3e9e98d121dc2e7af1cf1be411ae2/work_packages/PNP_BRIDGE_001/bridge_status.json,,736535f3,Filename/path inference; editable in the app
349204,work_packages/PNP_BRIDGE_001/bridge_status.json,General / shared,3227,Latest public revision collected separately; not an author-designated final | adcfa0537f43327f4bb9acfe1692f757fce353c4,https://codeload.github.com/grandchallenge/MATHSOLVE/zip/adcfa0537f43327f4bb9acfe1692f757fce353c4,,contestants/E10/13-archives/E10-grandchallenge-MATHSOLVE-adcfa0537f43327f4bb9acfe1692f757fce353c4.zip,MATHSOLVE-adcfa0537f43327f4bb9acfe1692f757fce353c4/work_packages/PNP_BRIDGE_001/bridge_status.json,,736535f3,Filename/path inference; editable in the app
346100,work_packages/PNP_DEFINITION_CONCORDANCE_001/concordance.json,General / shared,9499,Pinned collected revision; final designation governed by team receipt | 2fd9fd643bf3e9e98d121dc2e7af1cf1be411ae2,https://codeload.github.com/grandchallenge/MATHSOLVE/zip/2fd9fd643bf3e9e98d121dc2e7af1cf1be411ae2,,contestants/E10/13-archives/E10-grandchallenge-MATHSOLVE-2fd9fd643bf3e9e98d121dc2e7af1cf1be411ae2.zip,MATHSOLVE-2fd9fd643bf3e9e98d121dc2e7af1cf1be411ae2/work_packages/PNP_DEFINITION_CONCORDANCE_001/concordance.json,,74aa9858,Filename/path inference; editable in the app
349206,work_packages/PNP_DEFINITION_CONCORDANCE_001/concordance.json,General / shared,9499,Latest public revision collected separately; not an author-designated final | adcfa0537f43327f4bb9acfe1692f757fce353c4,https://codeload.github.com/grandchallenge/MATHSOLVE/zip/adcfa0537f43327f4bb9acfe1692f757fce353c4,,contestants/E10/13-archives/E10-grandchallenge-MATHSOLVE-adcfa0537f43327f4bb9acfe1692f757fce353c4.zip,MATHSOLVE-adcfa0537f43327f4bb9acfe1692f757fce353c4/work_packages/PNP_DEFINITION_CONCORDANCE_001/concordance.json,,74aa9858,Filename/path inference; editable in the app
346110,work_packages/RH_R039_QW_PARITY_GAP_EVIDENCE/evidence.csv,General / shared,2511,Pinned collected revision; final designation governed by team receipt | 2fd9fd643bf3e9e98d121dc2e7af1cf1be411ae2,https://codeload.github.com/grandchallenge/MATHSOLVE/zip/2fd9fd643bf3e9e98d121dc2e7af1cf1be411ae2,,contestants/E10/13-archives/E10-grandchallenge-MATHSOLVE-2fd9fd643bf3e9e98d121dc2e7af1cf1be411ae2.zip,MATHSOLVE-2fd9fd643bf3e9e98d121dc2e7af1cf1be411ae2/work_packages/RH_R039_QW_PARITY_GAP_EVIDENCE/evidence.csv,,e5c5b128,Filename/path inference; editable in the app
349216,work_packages/RH_R039_QW_PARITY_GAP_EVIDENCE/evidence.csv,General / shared,2511,Latest public revision collected separately; not an author-designated final | adcfa0537f43327f4bb9acfe1692f757fce353c4,https://codeload.github.com/grandchallenge/MATHSOLVE/zip/adcfa0537f43327f4bb9acfe1692f757fce353c4,,contestants/E10/13-archives/E10-grandchallenge-MATHSOLVE-adcfa0537f43327f4bb9acfe1692f757fce353c4.zip,MATHSOLVE-adcfa0537f43327f4bb9acfe1692f757fce353c4/work_packages/RH_R039_QW_PARITY_GAP_EVIDENCE/evidence.csv,,e5c5b128,Filename/path inference; editable in the app
346111,work_packages/RH_R039_QW_PARITY_GAP_EVIDENCE/evidence.json,General / shared,8631,Pinned collected revision; final designation governed by team receipt | 2fd9fd643bf3e9e98d121dc2e7af1cf1be411ae2,https://codeload.github.com/grandchallenge/MATHSOLVE/zip/2fd9fd643bf3e9e98d121dc2e7af1cf1be411ae2,,contestants/E10/13-archives/E10-grandchallenge-MATHSOLVE-2fd9fd643bf3e9e98d121dc2e7af1cf1be411ae2.zip,MATHSOLVE-2fd9fd643bf3e9e98d121dc2e7af1cf1be411ae2/work_packages/RH_R039_QW_PARITY_GAP_EVIDENCE/evidence.json,,c04448f5,Filename/path inference; editable in the app
349217,work_packages/RH_R039_QW_PARITY_GAP_EVIDENCE/evidence.json,General / shared,8631,Latest public revision collected separately; not an author-designated final | adcfa0537f43327f4bb9acfe1692f757fce353c4,https://codeload.github.com/grandchallenge/MATHSOLVE/zip/adcfa0537f43327f4bb9acfe1692f757fce353c4,,contestants/E10/13-archives/E10-grandchallenge-MATHSOLVE-adcfa0537f43327f4bb9acfe1692f757fce353c4.zip,MATHSOLVE-adcfa0537f43327f4bb9acfe1692f757fce353c4/work_packages/RH_R039_QW_PARITY_GAP_EVIDENCE/evidence.json,,c04448f5,Filename/path inference; editable in the app
349250,work_packages/UC_WP08_D004_INCIDENCE_INTERFACE/02_PROOF_OBLIGATION_DAG.json,General / shared,2187,Latest public revision collected separately; not an author-designated final | adcfa0537f43327f4bb9acfe1692f757fce353c4,https://codeload.github.com/grandchallenge/MATHSOLVE/zip/adcfa0537f43327f4bb9acfe1692f757fce353c4,,contestants/E10/13-archives/E10-grandchallenge-MATHSOLVE-adcfa0537f43327f4bb9acfe1692f757fce353c4.zip,MATHSOLVE-adcfa0537f43327f4bb9acfe1692f757fce353c4/work_packages/UC_WP08_D004_INCIDENCE_INTERFACE/02_PROOF_OBLIGATION_DAG.json,,2c8d68f2,Filename/path inference; editable in the app
346148,work_packages/VGSE_WP00/artifacts/data/expected_replay.json,General / shared,7985,Pinned collected revision; final designation governed by team receipt | 2fd9fd643bf3e9e98d121dc2e7af1cf1be411ae2,https://codeload.github.com/grandchallenge/MATHSOLVE/zip/2fd9fd643bf3e9e98d121dc2e7af1cf1be411ae2,,contestants/E10/13-archives/E10-grandchallenge-MATHSOLVE-2fd9fd643bf3e9e98d121dc2e7af1cf1be411ae2.zip,MATHSOLVE-2fd9fd643bf3e9e98d121dc2e7af1cf1be411ae2/work_packages/VGSE_WP00/artifacts/data/expected_replay.json,,3a3833b7,Filename/path inference; editable in the app
349270,work_packages/VGSE_WP00/artifacts/data/expected_replay.json,General / shared,7985,Latest public revision collected separately; not an author-designated final | adcfa0537f43327f4bb9acfe1692f757fce353c4,https://codeload.github.com/grandchallenge/MATHSOLVE/zip/adcfa0537f43327f4bb9acfe1692f757fce353c4,,contestants/E10/13-archives/E10-grandchallenge-MATHSOLVE-adcfa0537f43327f4bb9acfe1692f757fce353c4.zip,MATHSOLVE-adcfa0537f43327f4bb9acfe1692f757fce353c4/work_packages/VGSE_WP00/artifacts/data/expected_replay.json,,3a3833b7,Filename/path inference; editable in the app
346150,work_packages/VGSE_WP00/artifacts/data/figure16_source_vectors.json,General / shared,8875,Pinned collected revision; final designation governed by team receipt | 2fd9fd643bf3e9e98d121dc2e7af1cf1be411ae2,https://codeload.github.com/grandchallenge/MATHSOLVE/zip/2fd9fd643bf3e9e98d121dc2e7af1cf1be411ae2,,contestants/E10/13-archives/E10-grandchallenge-MATHSOLVE-2fd9fd643bf3e9e98d121dc2e7af1cf1be411ae2.zip,MATHSOLVE-2fd9fd643bf3e9e98d121dc2e7af1cf1be411ae2/work_packages/VGSE_WP00/artifacts/data/figure16_source_vectors.json,,9acf38af,Filename/path inference; editable in the app
349272,work_packages/VGSE_WP00/artifacts/data/figure16_source_vectors.json,General / shared,8875,Latest public revision collected separately; not an author-designated final | adcfa0537f43327f4bb9acfe1692f757fce353c4,https://codeload.github.com/grandchallenge/MATHSOLVE/zip/adcfa0537f43327f4bb9acfe1692f757fce353c4,,contestants/E10/13-archives/E10-grandchallenge-MATHSOLVE-adcfa0537f43327f4bb9acfe1692f757fce353c4.zip,MATHSOLVE-adcfa0537f43327f4bb9acfe1692f757fce353c4/work_packages/VGSE_WP00/artifacts/data/figure16_source_vectors.json,,9acf38af,Filename/path inference; editable in the app
346152,work_packages/VGSE_WP00/artifacts/data/graph_weight_fixture.json,General / shared,1819,Pinned collected revision; final designation governed by team receipt | 2fd9fd643bf3e9e98d121dc2e7af1cf1be411ae2,https://codeload.github.com/grandchallenge/MATHSOLVE/zip/2fd9fd643bf3e9e98d121dc2e7af1cf1be411ae2,,contestants/E10/13-archives/E10-grandchallenge-MATHSOLVE-2fd9fd643bf3e9e98d121dc2e7af1cf1be411ae2.zip,MATHSOLVE-2fd9fd643bf3e9e98d121dc2e7af1cf1be411ae2/work_packages/VGSE_WP00/artifacts/data/graph_weight_fixture.json,,ca18f5cf,Filename/path inference; editable in the app
349274,work_packages/VGSE_WP00/artifacts/data/graph_weight_fixture.json,General / shared,1819,Latest public revision collected separately; not an author-designated final | adcfa0537f43327f4bb9acfe1692f757fce353c4,https://codeload.github.com/grandchallenge/MATHSOLVE/zip/adcfa0537f43327f4bb9acfe1692f757fce353c4,,contestants/E10/13-archives/E10-grandchallenge-MATHSOLVE-adcfa0537f43327f4bb9acfe1692f757fce353c4.zip,MATHSOLVE-adcfa0537f43327f4bb9acfe1692f757fce353c4/work_packages/VGSE_WP00/artifacts/data/graph_weight_fixture.json,,ca18f5cf,Filename/path inference; editable in the app
346154,work_packages/VGSE_WP00/candidate_admission.json,General / shared,5461,Pinned collected revision; final designation governed by team receipt | 2fd9fd643bf3e9e98d121dc2e7af1cf1be411ae2,https://codeload.github.com/grandchallenge/MATHSOLVE/zip/2fd9fd643bf3e9e98d121dc2e7af1cf1be411ae2,,contestants/E10/13-archives/E10-grandchallenge-MATHSOLVE-2fd9fd643bf3e9e98d121dc2e7af1cf1be411ae2.zip,MATHSOLVE-2fd9fd643bf3e9e98d121dc2e7af1cf1be411ae2/work_packages/VGSE_WP00/candidate_admission.json,,eb0f8e9c,Filename/path inference; editable in the app
349276,work_packages/VGSE_WP00/candidate_admission.json,General / shared,5461,Latest public revision collected separately; not an author-designated final | adcfa0537f43327f4bb9acfe1692f757fce353c4,https://codeload.github.com/grandchallenge/MATHSOLVE/zip/adcfa0537f43327f4bb9acfe1692f757fce353c4,,contestants/E10/13-archives/E10-grandchallenge-MATHSOLVE-adcfa0537f43327f4bb9acfe1692f757fce353c4.zip,MATHSOLVE-adcfa0537f43327f4bb9acfe1692f757fce353c4/work_packages/VGSE_WP00/candidate_admission.json,,eb0f8e9c,Filename/path inference; editable in the app
346156,work_packages/VGSE_WP00/failed_route_ledger.json,General / shared,2009,Pinned collected revision; final designation governed by team receipt | 2fd9fd643bf3e9e98d121dc2e7af1cf1be411ae2,https://codeload.github.com/grandchallenge/MATHSOLVE/zip/2fd9fd643bf3e9e98d121dc2e7af1cf1be411ae2,,contestants/E10/13-archives/E10-grandchallenge-MATHSOLVE-2fd9fd643bf3e9e98d121dc2e7af1cf1be411ae2.zip,MATHSOLVE-2fd9fd643bf3e9e98d121dc2e7af1cf1be411ae2/work_packages/VGSE_WP00/failed_route_ledger.json,,1fdef2d8,Filename/path inference; editable in the app
349278,work_packages/VGSE_WP00/failed_route_ledger.json,General / shared,2009,Latest public revision collected separately; not an author-designated final | adcfa0537f43327f4bb9acfe1692f757fce353c4,https://codeload.github.com/grandchallenge/MATHSOLVE/zip/adcfa0537f43327f4bb9acfe1692f757fce353c4,,contestants/E10/13-archives/E10-grandchallenge-MATHSOLVE-adcfa0537f43327f4bb9acfe1692f757fce353c4.zip,MATHSOLVE-adcfa0537f43327f4bb9acfe1692f757fce353c4/work_packages/VGSE_WP00/failed_route_ledger.json,,1fdef2d8,Filename/path inference; editable in the app
346157,work_packages/VGSE_WP00/proof_obligations.json,General / shared,5322,Pinned collected revision; final designation governed by team receipt | 2fd9fd643bf3e9e98d121dc2e7af1cf1be411ae2,https://codeload.github.com/grandchallenge/MATHSOLVE/zip/2fd9fd643bf3e9e98d121dc2e7af1cf1be411ae2,,contestants/E10/13-archives/E10-grandchallenge-MATHSOLVE-2fd9fd643bf3e9e98d121dc2e7af1cf1be411ae2.zip,MATHSOLVE-2fd9fd643bf3e9e98d121dc2e7af1cf1be411ae2/work_packages/VGSE_WP00/proof_obligations.json,,c8628ed1,Filename/path inference; editable in the app
349279,work_packages/VGSE_WP00/proof_obligations.json,General / shared,5322,Latest public revision collected separately; not an author-designated final | adcfa0537f43327f4bb9acfe1692f757fce353c4,https://codeload.github.com/grandchallenge/MATHSOLVE/zip/adcfa0537f43327f4bb9acfe1692f757fce353c4,,contestants/E10/13-archives/E10-grandchallenge-MATHSOLVE-adcfa0537f43327f4bb9acfe1692f757fce353c4.zip,MATHSOLVE-adcfa0537f43327f4bb9acfe1692f757fce353c4/work_packages/VGSE_WP00/proof_obligations.json,,c8628ed1,Filename/path inference; editable in the app
346158,work_packages/VGSE_WP00/resource_ledger.json,General / shared,1962,Pinned collected revision; final designation governed by team receipt | 2fd9fd643bf3e9e98d121dc2e7af1cf1be411ae2,https://codeload.github.com/grandchallenge/MATHSOLVE/zip/2fd9fd643bf3e9e98d121dc2e7af1cf1be411ae2,,contestants/E10/13-archives/E10-grandchallenge-MATHSOLVE-2fd9fd643bf3e9e98d121dc2e7af1cf1be411ae2.zip,MATHSOLVE-2fd9fd643bf3e9e98d121dc2e7af1cf1be411ae2/work_packages/VGSE_WP00/resource_ledger.json,,9a6c00d0,Filename/path inference; editable in the app
349280,work_packages/VGSE_WP00/resource_ledger.json,General / shared,1962,Latest public revision collected separately; not an author-designated final | adcfa0537f43327f4bb9acfe1692f757fce353c4,https://codeload.github.com/grandchallenge/MATHSOLVE/zip/adcfa0537f43327f4bb9acfe1692f757fce353c4,,contestants/E10/13-archives/E10-grandchallenge-MATHSOLVE-adcfa0537f43327f4bb9acfe1692f757fce353c4.zip,MATHSOLVE-adcfa0537f43327f4bb9acfe1692f757fce353c4/work_packages/VGSE_WP00/resource_ledger.json,,9a6c00d0,Filename/path inference; editable in the app
346163,work_packages/YM_D001_INTERSCALE_GENERATOR_INTERFACE/03_PROOF_OBLIGATION_DAG.json,General / shared,4441,Pinned collected revision; final designation governed by team receipt | 2fd9fd643bf3e9e98d121dc2e7af1cf1be411ae2,https://codeload.github.com/grandchallenge/MATHSOLVE/zip/2fd9fd643bf3e9e98d121dc2e7af1cf1be411ae2,,contestants/E10/13-archives/E10-grandchallenge-MATHSOLVE-2fd9fd643bf3e9e98d121dc2e7af1cf1be411ae2.zip,MATHSOLVE-2fd9fd643bf3e9e98d121dc2e7af1cf1be411ae2/work_packages/YM_D001_INTERSCALE_GENERATOR_INTERFACE/03_PROOF_OBLIGATION_DAG.json,,000a9988,Filename/path inference; editable in the app
349285,work_packages/YM_D001_INTERSCALE_GENERATOR_INTERFACE/03_PROOF_OBLIGATION_DAG.json,General / shared,4441,Latest public revision collected separately; not an author-designated final | adcfa0537f43327f4bb9acfe1692f757fce353c4,https://codeload.github.com/grandchallenge/MATHSOLVE/zip/adcfa0537f43327f4bb9acfe1692f757fce353c4,,contestants/E10/13-archives/E10-grandchallenge-MATHSOLVE-adcfa0537f43327f4bb9acfe1692f757fce353c4.zip,MATHSOLVE-adcfa0537f43327f4bb9acfe1692f757fce353c4/work_packages/YM_D001_INTERSCALE_GENERATOR_INTERFACE/03_PROOF_OBLIGATION_DAG.json,,000a9988,Filename/path inference; editable in the app
346167,work_packages/YM_D001_PHYSICAL_SCALE_NORMAL_FORM/03_PROOF_OBLIGATION_DAG.json,General / shared,3487,Pinned collected revision; final designation governed by team receipt | 2fd9fd643bf3e9e98d121dc2e7af1cf1be411ae2,https://codeload.github.com/grandchallenge/MATHSOLVE/zip/2fd9fd643bf3e9e98d121dc2e7af1cf1be411ae2,,contestants/E10/13-archives/E10-grandchallenge-MATHSOLVE-2fd9fd643bf3e9e98d121dc2e7af1cf1be411ae2.zip,MATHSOLVE-2fd9fd643bf3e9e98d121dc2e7af1cf1be411ae2/work_packages/YM_D001_PHYSICAL_SCALE_NORMAL_FORM/03_PROOF_OBLIGATION_DAG.json,,34dab16f,Filename/path inference; editable in the app
349289,work_packages/YM_D001_PHYSICAL_SCALE_NORMAL_FORM/03_PROOF_OBLIGATION_DAG.json,General / shared,3487,Latest public revision collected separately; not an author-designated final | adcfa0537f43327f4bb9acfe1692f757fce353c4,https://codeload.github.com/grandchallenge/MATHSOLVE/zip/adcfa0537f43327f4bb9acfe1692f757fce353c4,,contestants/E10/13-archives/E10-grandchallenge-MATHSOLVE-adcfa0537f43327f4bb9acfe1692f757fce353c4.zip,MATHSOLVE-adcfa0537f43327f4bb9acfe1692f757fce353c4/work_packages/YM_D001_PHYSICAL_SCALE_NORMAL_FORM/03_PROOF_OBLIGATION_DAG.json,,34dab16f,Filename/path inference; editable in the app
346171,work_packages/YM_D001_REFERENCE_SCALE_QUOTIENT/03_PROOF_OBLIGATION_DAG.json,General / shared,3325,Pinned collected revision; final designation governed by team receipt | 2fd9fd643bf3e9e98d121dc2e7af1cf1be411ae2,https://codeload.github.com/grandchallenge/MATHSOLVE/zip/2fd9fd643bf3e9e98d121dc2e7af1cf1be411ae2,,contestants/E10/13-archives/E10-grandchallenge-MATHSOLVE-2fd9fd643bf3e9e98d121dc2e7af1cf1be411ae2.zip,MATHSOLVE-2fd9fd643bf3e9e98d121dc2e7af1cf1be411ae2/work_packages/YM_D001_REFERENCE_SCALE_QUOTIENT/03_PROOF_OBLIGATION_DAG.json,,f4597eb4,Filename/path inference; editable in the app
349293,work_packages/YM_D001_REFERENCE_SCALE_QUOTIENT/03_PROOF_OBLIGATION_DAG.json,General / shared,3325,Latest public revision collected separately; not an author-designated final | adcfa0537f43327f4bb9acfe1692f757fce353c4,https://codeload.github.com/grandchallenge/MATHSOLVE/zip/adcfa0537f43327f4bb9acfe1692f757fce353c4,,contestants/E10/13-archives/E10-grandchallenge-MATHSOLVE-adcfa0537f43327f4bb9acfe1692f757fce353c4.zip,MATHSOLVE-adcfa0537f43327f4bb9acfe1692f757fce353c4/work_packages/YM_D001_REFERENCE_SCALE_QUOTIENT/03_PROOF_OBLIGATION_DAG.json,,f4597eb4,Filename/path inference; editable in the app
346179,work_packages/YM_D001_STRONG_RESOLVENT_GAP_STABILITY/03_PROOF_OBLIGATION_DAG.json,General / shared,4190,Pinned collected revision; final designation governed by team receipt | 2fd9fd643bf3e9e98d121dc2e7af1cf1be411ae2,https://codeload.github.com/grandchallenge/MATHSOLVE/zip/2fd9fd643bf3e9e98d121dc2e7af1cf1be411ae2,,contestants/E10/13-archives/E10-grandchallenge-MATHSOLVE-2fd9fd643bf3e9e98d121dc2e7af1cf1be411ae2.zip,MATHSOLVE-2fd9fd643bf3e9e98d121dc2e7af1cf1be411ae2/work_packages/YM_D001_STRONG_RESOLVENT_GAP_STABILITY/03_PROOF_OBLIGATION_DAG.json,,2dc5dd76,Filename/path inference; editable in the app
349301,work_packages/YM_D001_STRONG_RESOLVENT_GAP_STABILITY/03_PROOF_OBLIGATION_DAG.json,General / shared,4190,Latest public revision collected separately; not an author-designated final | adcfa0537f43327f4bb9acfe1692f757fce353c4,https://codeload.github.com/grandchallenge/MATHSOLVE/zip/adcfa0537f43327f4bb9acfe1692f757fce353c4,,contestants/E10/13-archives/E10-grandchallenge-MATHSOLVE-adcfa0537f43327f4bb9acfe1692f757fce353c4.zip,MATHSOLVE-adcfa0537f43327f4bb9acfe1692f757fce353c4/work_packages/YM_D001_STRONG_RESOLVENT_GAP_STABILITY/03_PROOF_OBLIGATION_DAG.json,,2dc5dd76,Filename/path inference; editable in the app
346183,work_packages/YM_D001_VARYING_HILBERT_GAP_STABILITY/03_PROOF_OBLIGATION_DAG.json,General / shared,3610,Pinned collected revision; final designation governed by team receipt | 2fd9fd643bf3e9e98d121dc2e7af1cf1be411ae2,https://codeload.github.com/grandchallenge/MATHSOLVE/zip/2fd9fd643bf3e9e98d121dc2e7af1cf1be411ae2,,contestants/E10/13-archives/E10-grandchallenge-MATHSOLVE-2fd9fd643bf3e9e98d121dc2e7af1cf1be411ae2.zip,MATHSOLVE-2fd9fd643bf3e9e98d121dc2e7af1cf1be411ae2/work_packages/YM_D001_VARYING_HILBERT_GAP_STABILITY/03_PROOF_OBLIGATION_DAG.json,,f27b7610,Filename/path inference; editable in the app
349305,work_packages/YM_D001_VARYING_HILBERT_GAP_STABILITY/03_PROOF_OBLIGATION_DAG.json,General / shared,3610,Latest public revision collected separately; not an author-designated final | adcfa0537f43327f4bb9acfe1692f757fce353c4,https://codeload.github.com/grandchallenge/MATHSOLVE/zip/adcfa0537f43327f4bb9acfe1692f757fce353c4,,contestants/E10/13-archives/E10-grandchallenge-MATHSOLVE-adcfa0537f43327f4bb9acfe1692f757fce353c4.zip,MATHSOLVE-adcfa0537f43327f4bb9acfe1692f757fce353c4/work_packages/YM_D001_VARYING_HILBERT_GAP_STABILITY/03_PROOF_OBLIGATION_DAG.json,,f27b7610,Filename/path inference; editable in the app
346187,work_packages/YM_D002_OS_ALGEBRAIC_LIMIT_CLOSURE/03_PROOF_OBLIGATION_DAG.json,General / shared,3712,Pinned collected revision; final designation governed by team receipt | 2fd9fd643bf3e9e98d121dc2e7af1cf1be411ae2,https://codeload.github.com/grandchallenge/MATHSOLVE/zip/2fd9fd643bf3e9e98d121dc2e7af1cf1be411ae2,,contestants/E10/13-archives/E10-grandchallenge-MATHSOLVE-2fd9fd643bf3e9e98d121dc2e7af1cf1be411ae2.zip,MATHSOLVE-2fd9fd643bf3e9e98d121dc2e7af1cf1be411ae2/work_packages/YM_D002_OS_ALGEBRAIC_LIMIT_CLOSURE/03_PROOF_OBLIGATION_DAG.json,,efc69084,Filename/path inference; editable in the app
349309,work_packages/YM_D002_OS_ALGEBRAIC_LIMIT_CLOSURE/03_PROOF_OBLIGATION_DAG.json,General / shared,3712,Latest public revision collected separately; not an author-designated final | adcfa0537f43327f4bb9acfe1692f757fce353c4,https://codeload.github.com/grandchallenge/MATHSOLVE/zip/adcfa0537f43327f4bb9acfe1692f757fce353c4,,contestants/E10/13-archives/E10-grandchallenge-MATHSOLVE-adcfa0537f43327f4bb9acfe1692f757fce353c4.zip,MATHSOLVE-adcfa0537f43327f4bb9acfe1692f757fce353c4/work_packages/YM_D002_OS_ALGEBRAIC_LIMIT_CLOSURE/03_PROOF_OBLIGATION_DAG.json,,efc69084,Filename/path inference; editable in the app
349311,work_packages/YM_D003_MRS_PROOF_COMPLETENESS_CLOSURE/01_PROOF_OBLIGATION_DAG.json,General / shared,5906,Latest public revision collected separately; not an author-designated final | adcfa0537f43327f4bb9acfe1692f757fce353c4,https://codeload.github.com/grandchallenge/MATHSOLVE/zip/adcfa0537f43327f4bb9acfe1692f757fce353c4,,contestants/E10/13-archives/E10-grandchallenge-MATHSOLVE-adcfa0537f43327f4bb9acfe1692f757fce353c4.zip,MATHSOLVE-adcfa0537f43327f4bb9acfe1692f757fce353c4/work_packages/YM_D003_MRS_PROOF_COMPLETENESS_CLOSURE/01_PROOF_OBLIGATION_DAG.json,,a5619089,Filename/path inference; editable in the app
349312,work_packages/YM_D003_MRS_PROOF_COMPLETENESS_CLOSURE/02_AGENT_SUPPORT_PLAN.json,General / shared,4115,Latest public revision collected separately; not an author-designated final | adcfa0537f43327f4bb9acfe1692f757fce353c4,https://codeload.github.com/grandchallenge/MATHSOLVE/zip/adcfa0537f43327f4bb9acfe1692f757fce353c4,,contestants/E10/13-archives/E10-grandchallenge-MATHSOLVE-adcfa0537f43327f4bb9acfe1692f757fce353c4.zip,MATHSOLVE-adcfa0537f43327f4bb9acfe1692f757fce353c4/work_packages/YM_D003_MRS_PROOF_COMPLETENESS_CLOSURE/02_AGENT_SUPPORT_PLAN.json,,b8b7ccc8,Filename/path inference; editable in the app
349313,work_packages/YM_D003_MRS_PROOF_COMPLETENESS_CLOSURE/03_CONTROLLER_STATE.json,General / shared,2403,Latest public revision collected separately; not an author-designated final | adcfa0537f43327f4bb9acfe1692f757fce353c4,https://codeload.github.com/grandchallenge/MATHSOLVE/zip/adcfa0537f43327f4bb9acfe1692f757fce353c4,,contestants/E10/13-archives/E10-grandchallenge-MATHSOLVE-adcfa0537f43327f4bb9acfe1692f757fce353c4.zip,MATHSOLVE-adcfa0537f43327f4bb9acfe1692f757fce353c4/work_packages/YM_D003_MRS_PROOF_COMPLETENESS_CLOSURE/03_CONTROLLER_STATE.json,,cf68a688,Filename/path inference; editable in the app
346191,work_packages/YM_D003_UV_LARGE_FIELD_COMPOSITION/03_PROOF_OBLIGATION_DAG.json,General / shared,4460,Pinned collected revision; final designation governed by team receipt | 2fd9fd643bf3e9e98d121dc2e7af1cf1be411ae2,https://codeload.github.com/grandchallenge/MATHSOLVE/zip/2fd9fd643bf3e9e98d121dc2e7af1cf1be411ae2,,contestants/E10/13-archives/E10-grandchallenge-MATHSOLVE-2fd9fd643bf3e9e98d121dc2e7af1cf1be411ae2.zip,MATHSOLVE-2fd9fd643bf3e9e98d121dc2e7af1cf1be411ae2/work_packages/YM_D003_UV_LARGE_FIELD_COMPOSITION/03_PROOF_OBLIGATION_DAG.json,,3f87438e,Filename/path inference; editable in the app
349320,work_packages/YM_D003_UV_LARGE_FIELD_COMPOSITION/03_PROOF_OBLIGATION_DAG.json,General / shared,4460,Latest public revision collected separately; not an author-designated final | adcfa0537f43327f4bb9acfe1692f757fce353c4,https://codeload.github.com/grandchallenge/MATHSOLVE/zip/adcfa0537f43327f4bb9acfe1692f757fce353c4,,contestants/E10/13-archives/E10-grandchallenge-MATHSOLVE-adcfa0537f43327f4bb9acfe1692f757fce353c4.zip,MATHSOLVE-adcfa0537f43327f4bb9acfe1692f757fce353c4/work_packages/YM_D003_UV_LARGE_FIELD_COMPOSITION/03_PROOF_OBLIGATION_DAG.json,,3f87438e,Filename/path inference; editable in the app
346195,work_packages/YM_D004_OBSERVABLE_INTERFACE_GAP/03_PROOF_OBLIGATION_DAG.json,General / shared,3377,Pinned collected revision; final designation governed by team receipt | 2fd9fd643bf3e9e98d121dc2e7af1cf1be411ae2,https://codeload.github.com/grandchallenge/MATHSOLVE/zip/2fd9fd643bf3e9e98d121dc2e7af1cf1be411ae2,,contestants/E10/13-archives/E10-grandchallenge-MATHSOLVE-2fd9fd643bf3e9e98d121dc2e7af1cf1be411ae2.zip,MATHSOLVE-2fd9fd643bf3e9e98d121dc2e7af1cf1be411ae2/work_packages/YM_D004_OBSERVABLE_INTERFACE_GAP/03_PROOF_OBLIGATION_DAG.json,,f335d792,Filename/path inference; editable in the app
349324,work_packages/YM_D004_OBSERVABLE_INTERFACE_GAP/03_PROOF_OBLIGATION_DAG.json,General / shared,3377,Latest public revision collected separately; not an author-designated final | adcfa0537f43327f4bb9acfe1692f757fce353c4,https://codeload.github.com/grandchallenge/MATHSOLVE/zip/adcfa0537f43327f4bb9acfe1692f757fce353c4,,contestants/E10/13-archives/E10-grandchallenge-MATHSOLVE-adcfa0537f43327f4bb9acfe1692f757fce353c4.zip,MATHSOLVE-adcfa0537f43327f4bb9acfe1692f757fce353c4/work_packages/YM_D004_OBSERVABLE_INTERFACE_GAP/03_PROOF_OBLIGATION_DAG.json,,f335d792,Filename/path inference; editable in the app
346199,work_packages/YM_D005_CONVERSE_SPECTRAL_BRIDGE/03_PROOF_OBLIGATION_DAG.json,General / shared,4337,Pinned collected revision; final designation governed by team receipt | 2fd9fd643bf3e9e98d121dc2e7af1cf1be411ae2,https://codeload.github.com/grandchallenge/MATHSOLVE/zip/2fd9fd643bf3e9e98d121dc2e7af1cf1be411ae2,,contestants/E10/13-archives/E10-grandchallenge-MATHSOLVE-2fd9fd643bf3e9e98d121dc2e7af1cf1be411ae2.zip,MATHSOLVE-2fd9fd643bf3e9e98d121dc2e7af1cf1be411ae2/work_packages/YM_D005_CONVERSE_SPECTRAL_BRIDGE/03_PROOF_OBLIGATION_DAG.json,,5d851897,Filename/path inference; editable in the app
349328,work_packages/YM_D005_CONVERSE_SPECTRAL_BRIDGE/03_PROOF_OBLIGATION_DAG.json,General / shared,4337,Latest public revision collected separately; not an author-designated final | adcfa0537f43327f4bb9acfe1692f757fce353c4,https://codeload.github.com/grandchallenge/MATHSOLVE/zip/adcfa0537f43327f4bb9acfe1692f757fce353c4,,contestants/E10/13-archives/E10-grandchallenge-MATHSOLVE-adcfa0537f43327f4bb9acfe1692f757fce353c4.zip,MATHSOLVE-adcfa0537f43327f4bb9acfe1692f757fce353c4/work_packages/YM_D005_CONVERSE_SPECTRAL_BRIDGE/03_PROOF_OBLIGATION_DAG.json,,5d851897,Filename/path inference; editable in the app
346203,work_packages/openmath_2026/SHARED_SPRINT_STATE.json,General / shared,2454,Pinned collected revision; final designation governed by team receipt | 2fd9fd643bf3e9e98d121dc2e7af1cf1be411ae2,https://codeload.github.com/grandchallenge/MATHSOLVE/zip/2fd9fd643bf3e9e98d121dc2e7af1cf1be411ae2,,contestants/E10/13-archives/E10-grandchallenge-MATHSOLVE-2fd9fd643bf3e9e98d121dc2e7af1cf1be411ae2.zip,MATHSOLVE-2fd9fd643bf3e9e98d121dc2e7af1cf1be411ae2/work_packages/openmath_2026/SHARED_SPRINT_STATE.json,,625d2e91,Filename/path inference; editable in the app
349332,work_packages/openmath_2026/SHARED_SPRINT_STATE.json,General / shared,2454,Latest public revision collected separately; not an author-designated final | adcfa0537f43327f4bb9acfe1692f757fce353c4,https://codeload.github.com/grandchallenge/MATHSOLVE/zip/adcfa0537f43327f4bb9acfe1692f757fce353c4,,contestants/E10/13-archives/E10-grandchallenge-MATHSOLVE-adcfa0537f43327f4bb9acfe1692f757fce353c4.zip,MATHSOLVE-adcfa0537f43327f4bb9acfe1692f757fce353c4/work_packages/openmath_2026/SHARED_SPRINT_STATE.json,,625d2e91,Filename/path inference; editable in the app
