id,original_path,topic,bytes,version,source,local_path,archive_path,archive_member,sha256,crc32,basis
344338,.gcl/completions/BSD-R5-CW-P2-WEIGHT/COMPLETION_RECEIPT.json,General / shared,5529,Pinned collected revision; final designation governed by team receipt | 2fd9fd643bf3e9e98d121dc2e7af1cf1be411ae2,https://codeload.github.com/grandchallenge/MATHSOLVE/zip/2fd9fd643bf3e9e98d121dc2e7af1cf1be411ae2,,contestants/E10/13-archives/E10-grandchallenge-MATHSOLVE-2fd9fd643bf3e9e98d121dc2e7af1cf1be411ae2.zip,MATHSOLVE-2fd9fd643bf3e9e98d121dc2e7af1cf1be411ae2/.gcl/completions/BSD-R5-CW-P2-WEIGHT/COMPLETION_RECEIPT.json,,3bc1b497,Filename/path inference; editable in the app
347285,.gcl/completions/BSD-R5-CW-P2-WEIGHT/COMPLETION_RECEIPT.json,General / shared,5529,Latest public revision collected separately; not an author-designated final | adcfa0537f43327f4bb9acfe1692f757fce353c4,https://codeload.github.com/grandchallenge/MATHSOLVE/zip/adcfa0537f43327f4bb9acfe1692f757fce353c4,,contestants/E10/13-archives/E10-grandchallenge-MATHSOLVE-adcfa0537f43327f4bb9acfe1692f757fce353c4.zip,MATHSOLVE-adcfa0537f43327f4bb9acfe1692f757fce353c4/.gcl/completions/BSD-R5-CW-P2-WEIGHT/COMPLETION_RECEIPT.json,,3bc1b497,Filename/path inference; editable in the app
344339,.gcl/completions/BSD-R5-LIFT-EQUIV/COMPLETION_RECEIPT.json,General / shared,8218,Pinned collected revision; final designation governed by team receipt | 2fd9fd643bf3e9e98d121dc2e7af1cf1be411ae2,https://codeload.github.com/grandchallenge/MATHSOLVE/zip/2fd9fd643bf3e9e98d121dc2e7af1cf1be411ae2,,contestants/E10/13-archives/E10-grandchallenge-MATHSOLVE-2fd9fd643bf3e9e98d121dc2e7af1cf1be411ae2.zip,MATHSOLVE-2fd9fd643bf3e9e98d121dc2e7af1cf1be411ae2/.gcl/completions/BSD-R5-LIFT-EQUIV/COMPLETION_RECEIPT.json,,1e68d919,Filename/path inference; editable in the app
347286,.gcl/completions/BSD-R5-LIFT-EQUIV/COMPLETION_RECEIPT.json,General / shared,8218,Latest public revision collected separately; not an author-designated final | adcfa0537f43327f4bb9acfe1692f757fce353c4,https://codeload.github.com/grandchallenge/MATHSOLVE/zip/adcfa0537f43327f4bb9acfe1692f757fce353c4,,contestants/E10/13-archives/E10-grandchallenge-MATHSOLVE-adcfa0537f43327f4bb9acfe1692f757fce353c4.zip,MATHSOLVE-adcfa0537f43327f4bb9acfe1692f757fce353c4/.gcl/completions/BSD-R5-LIFT-EQUIV/COMPLETION_RECEIPT.json,,1e68d919,Filename/path inference; editable in the app
344340,.gcl/completions/BSD-R5-PRIM/COMPLETION_RECEIPT.json,General / shared,7346,Pinned collected revision; final designation governed by team receipt | 2fd9fd643bf3e9e98d121dc2e7af1cf1be411ae2,https://codeload.github.com/grandchallenge/MATHSOLVE/zip/2fd9fd643bf3e9e98d121dc2e7af1cf1be411ae2,,contestants/E10/13-archives/E10-grandchallenge-MATHSOLVE-2fd9fd643bf3e9e98d121dc2e7af1cf1be411ae2.zip,MATHSOLVE-2fd9fd643bf3e9e98d121dc2e7af1cf1be411ae2/.gcl/completions/BSD-R5-PRIM/COMPLETION_RECEIPT.json,,f7371c2d,Filename/path inference; editable in the app
347287,.gcl/completions/BSD-R5-PRIM/COMPLETION_RECEIPT.json,General / shared,7346,Latest public revision collected separately; not an author-designated final | adcfa0537f43327f4bb9acfe1692f757fce353c4,https://codeload.github.com/grandchallenge/MATHSOLVE/zip/adcfa0537f43327f4bb9acfe1692f757fce353c4,,contestants/E10/13-archives/E10-grandchallenge-MATHSOLVE-adcfa0537f43327f4bb9acfe1692f757fce353c4.zip,MATHSOLVE-adcfa0537f43327f4bb9acfe1692f757fce353c4/.gcl/completions/BSD-R5-PRIM/COMPLETION_RECEIPT.json,,f7371c2d,Filename/path inference; editable in the app
344341,.gcl/completions/BSD-R5-RECIP/COMPLETION_RECEIPT.json,General / shared,3999,Pinned collected revision; final designation governed by team receipt | 2fd9fd643bf3e9e98d121dc2e7af1cf1be411ae2,https://codeload.github.com/grandchallenge/MATHSOLVE/zip/2fd9fd643bf3e9e98d121dc2e7af1cf1be411ae2,,contestants/E10/13-archives/E10-grandchallenge-MATHSOLVE-2fd9fd643bf3e9e98d121dc2e7af1cf1be411ae2.zip,MATHSOLVE-2fd9fd643bf3e9e98d121dc2e7af1cf1be411ae2/.gcl/completions/BSD-R5-RECIP/COMPLETION_RECEIPT.json,,e3c748a4,Filename/path inference; editable in the app
347288,.gcl/completions/BSD-R5-RECIP/COMPLETION_RECEIPT.json,General / shared,3999,Latest public revision collected separately; not an author-designated final | adcfa0537f43327f4bb9acfe1692f757fce353c4,https://codeload.github.com/grandchallenge/MATHSOLVE/zip/adcfa0537f43327f4bb9acfe1692f757fce353c4,,contestants/E10/13-archives/E10-grandchallenge-MATHSOLVE-adcfa0537f43327f4bb9acfe1692f757fce353c4.zip,MATHSOLVE-adcfa0537f43327f4bb9acfe1692f757fce353c4/.gcl/completions/BSD-R5-RECIP/COMPLETION_RECEIPT.json,,e3c748a4,Filename/path inference; editable in the app
344342,.gcl/completions/BSD-R5-RES/COMPLETION_RECEIPT.json,General / shared,7196,Pinned collected revision; final designation governed by team receipt | 2fd9fd643bf3e9e98d121dc2e7af1cf1be411ae2,https://codeload.github.com/grandchallenge/MATHSOLVE/zip/2fd9fd643bf3e9e98d121dc2e7af1cf1be411ae2,,contestants/E10/13-archives/E10-grandchallenge-MATHSOLVE-2fd9fd643bf3e9e98d121dc2e7af1cf1be411ae2.zip,MATHSOLVE-2fd9fd643bf3e9e98d121dc2e7af1cf1be411ae2/.gcl/completions/BSD-R5-RES/COMPLETION_RECEIPT.json,,4a8fdb54,Filename/path inference; editable in the app
347289,.gcl/completions/BSD-R5-RES/COMPLETION_RECEIPT.json,General / shared,7196,Latest public revision collected separately; not an author-designated final | adcfa0537f43327f4bb9acfe1692f757fce353c4,https://codeload.github.com/grandchallenge/MATHSOLVE/zip/adcfa0537f43327f4bb9acfe1692f757fce353c4,,contestants/E10/13-archives/E10-grandchallenge-MATHSOLVE-adcfa0537f43327f4bb9acfe1692f757fce353c4.zip,MATHSOLVE-adcfa0537f43327f4bb9acfe1692f757fce353c4/.gcl/completions/BSD-R5-RES/COMPLETION_RECEIPT.json,,4a8fdb54,Filename/path inference; editable in the app
344343,.gcl/completions/BSD-R5-WIT/COMPLETION_RECEIPT.json,General / shared,4967,Pinned collected revision; final designation governed by team receipt | 2fd9fd643bf3e9e98d121dc2e7af1cf1be411ae2,https://codeload.github.com/grandchallenge/MATHSOLVE/zip/2fd9fd643bf3e9e98d121dc2e7af1cf1be411ae2,,contestants/E10/13-archives/E10-grandchallenge-MATHSOLVE-2fd9fd643bf3e9e98d121dc2e7af1cf1be411ae2.zip,MATHSOLVE-2fd9fd643bf3e9e98d121dc2e7af1cf1be411ae2/.gcl/completions/BSD-R5-WIT/COMPLETION_RECEIPT.json,,814f75a6,Filename/path inference; editable in the app
347290,.gcl/completions/BSD-R5-WIT/COMPLETION_RECEIPT.json,General / shared,4967,Latest public revision collected separately; not an author-designated final | adcfa0537f43327f4bb9acfe1692f757fce353c4,https://codeload.github.com/grandchallenge/MATHSOLVE/zip/adcfa0537f43327f4bb9acfe1692f757fce353c4,,contestants/E10/13-archives/E10-grandchallenge-MATHSOLVE-adcfa0537f43327f4bb9acfe1692f757fce353c4.zip,MATHSOLVE-adcfa0537f43327f4bb9acfe1692f757fce353c4/.gcl/completions/BSD-R5-WIT/COMPLETION_RECEIPT.json,,814f75a6,Filename/path inference; editable in the app
344344,.gcl/completions/BSD-WP60S/COMPLETION_RECEIPT.json,General / shared,7064,Pinned collected revision; final designation governed by team receipt | 2fd9fd643bf3e9e98d121dc2e7af1cf1be411ae2,https://codeload.github.com/grandchallenge/MATHSOLVE/zip/2fd9fd643bf3e9e98d121dc2e7af1cf1be411ae2,,contestants/E10/13-archives/E10-grandchallenge-MATHSOLVE-2fd9fd643bf3e9e98d121dc2e7af1cf1be411ae2.zip,MATHSOLVE-2fd9fd643bf3e9e98d121dc2e7af1cf1be411ae2/.gcl/completions/BSD-WP60S/COMPLETION_RECEIPT.json,,47877c57,Filename/path inference; editable in the app
347291,.gcl/completions/BSD-WP60S/COMPLETION_RECEIPT.json,General / shared,7064,Latest public revision collected separately; not an author-designated final | adcfa0537f43327f4bb9acfe1692f757fce353c4,https://codeload.github.com/grandchallenge/MATHSOLVE/zip/adcfa0537f43327f4bb9acfe1692f757fce353c4,,contestants/E10/13-archives/E10-grandchallenge-MATHSOLVE-adcfa0537f43327f4bb9acfe1692f757fce353c4.zip,MATHSOLVE-adcfa0537f43327f4bb9acfe1692f757fce353c4/.gcl/completions/BSD-WP60S/COMPLETION_RECEIPT.json,,47877c57,Filename/path inference; editable in the app
344345,.gcl/completions/BSD-WP60T/COMPLETION_RECEIPT.json,General / shared,7712,Pinned collected revision; final designation governed by team receipt | 2fd9fd643bf3e9e98d121dc2e7af1cf1be411ae2,https://codeload.github.com/grandchallenge/MATHSOLVE/zip/2fd9fd643bf3e9e98d121dc2e7af1cf1be411ae2,,contestants/E10/13-archives/E10-grandchallenge-MATHSOLVE-2fd9fd643bf3e9e98d121dc2e7af1cf1be411ae2.zip,MATHSOLVE-2fd9fd643bf3e9e98d121dc2e7af1cf1be411ae2/.gcl/completions/BSD-WP60T/COMPLETION_RECEIPT.json,,9e549bb2,Filename/path inference; editable in the app
347292,.gcl/completions/BSD-WP60T/COMPLETION_RECEIPT.json,General / shared,7712,Latest public revision collected separately; not an author-designated final | adcfa0537f43327f4bb9acfe1692f757fce353c4,https://codeload.github.com/grandchallenge/MATHSOLVE/zip/adcfa0537f43327f4bb9acfe1692f757fce353c4,,contestants/E10/13-archives/E10-grandchallenge-MATHSOLVE-adcfa0537f43327f4bb9acfe1692f757fce353c4.zip,MATHSOLVE-adcfa0537f43327f4bb9acfe1692f757fce353c4/.gcl/completions/BSD-WP60T/COMPLETION_RECEIPT.json,,9e549bb2,Filename/path inference; editable in the app
344346,.gcl/completions/OM26-CORE-CLARITY-RECONCILE-001/COMPLETION_RECEIPT.json,General / shared,2851,Pinned collected revision; final designation governed by team receipt | 2fd9fd643bf3e9e98d121dc2e7af1cf1be411ae2,https://codeload.github.com/grandchallenge/MATHSOLVE/zip/2fd9fd643bf3e9e98d121dc2e7af1cf1be411ae2,,contestants/E10/13-archives/E10-grandchallenge-MATHSOLVE-2fd9fd643bf3e9e98d121dc2e7af1cf1be411ae2.zip,MATHSOLVE-2fd9fd643bf3e9e98d121dc2e7af1cf1be411ae2/.gcl/completions/OM26-CORE-CLARITY-RECONCILE-001/COMPLETION_RECEIPT.json,,5ec4acce,Filename/path inference; editable in the app
347293,.gcl/completions/OM26-CORE-CLARITY-RECONCILE-001/COMPLETION_RECEIPT.json,General / shared,2851,Latest public revision collected separately; not an author-designated final | adcfa0537f43327f4bb9acfe1692f757fce353c4,https://codeload.github.com/grandchallenge/MATHSOLVE/zip/adcfa0537f43327f4bb9acfe1692f757fce353c4,,contestants/E10/13-archives/E10-grandchallenge-MATHSOLVE-adcfa0537f43327f4bb9acfe1692f757fce353c4.zip,MATHSOLVE-adcfa0537f43327f4bb9acfe1692f757fce353c4/.gcl/completions/OM26-CORE-CLARITY-RECONCILE-001/COMPLETION_RECEIPT.json,,5ec4acce,Filename/path inference; editable in the app
344347,.gcl/completions/OM26-H1-H1-12-ADJ-001/COMPLETION_RECEIPT.json,General / shared,2710,Pinned collected revision; final designation governed by team receipt | 2fd9fd643bf3e9e98d121dc2e7af1cf1be411ae2,https://codeload.github.com/grandchallenge/MATHSOLVE/zip/2fd9fd643bf3e9e98d121dc2e7af1cf1be411ae2,,contestants/E10/13-archives/E10-grandchallenge-MATHSOLVE-2fd9fd643bf3e9e98d121dc2e7af1cf1be411ae2.zip,MATHSOLVE-2fd9fd643bf3e9e98d121dc2e7af1cf1be411ae2/.gcl/completions/OM26-H1-H1-12-ADJ-001/COMPLETION_RECEIPT.json,,7853e056,Filename/path inference; editable in the app
347294,.gcl/completions/OM26-H1-H1-12-ADJ-001/COMPLETION_RECEIPT.json,General / shared,2710,Latest public revision collected separately; not an author-designated final | adcfa0537f43327f4bb9acfe1692f757fce353c4,https://codeload.github.com/grandchallenge/MATHSOLVE/zip/adcfa0537f43327f4bb9acfe1692f757fce353c4,,contestants/E10/13-archives/E10-grandchallenge-MATHSOLVE-adcfa0537f43327f4bb9acfe1692f757fce353c4.zip,MATHSOLVE-adcfa0537f43327f4bb9acfe1692f757fce353c4/.gcl/completions/OM26-H1-H1-12-ADJ-001/COMPLETION_RECEIPT.json,,7853e056,Filename/path inference; editable in the app
344348,.gcl/completions/OM26-H2-H7-SOURCE-ACQ/COMPLETION_RECEIPT.json,General / shared,1652,Pinned collected revision; final designation governed by team receipt | 2fd9fd643bf3e9e98d121dc2e7af1cf1be411ae2,https://codeload.github.com/grandchallenge/MATHSOLVE/zip/2fd9fd643bf3e9e98d121dc2e7af1cf1be411ae2,,contestants/E10/13-archives/E10-grandchallenge-MATHSOLVE-2fd9fd643bf3e9e98d121dc2e7af1cf1be411ae2.zip,MATHSOLVE-2fd9fd643bf3e9e98d121dc2e7af1cf1be411ae2/.gcl/completions/OM26-H2-H7-SOURCE-ACQ/COMPLETION_RECEIPT.json,,f1c9771d,Filename/path inference; editable in the app
347295,.gcl/completions/OM26-H2-H7-SOURCE-ACQ/COMPLETION_RECEIPT.json,General / shared,1652,Latest public revision collected separately; not an author-designated final | adcfa0537f43327f4bb9acfe1692f757fce353c4,https://codeload.github.com/grandchallenge/MATHSOLVE/zip/adcfa0537f43327f4bb9acfe1692f757fce353c4,,contestants/E10/13-archives/E10-grandchallenge-MATHSOLVE-adcfa0537f43327f4bb9acfe1692f757fce353c4.zip,MATHSOLVE-adcfa0537f43327f4bb9acfe1692f757fce353c4/.gcl/completions/OM26-H2-H7-SOURCE-ACQ/COMPLETION_RECEIPT.json,,f1c9771d,Filename/path inference; editable in the app
344349,.gcl/completions/OM26-H2-H7-WP01-DECOMPOSITION/COMPLETION_RECEIPT.json,General / shared,2785,Pinned collected revision; final designation governed by team receipt | 2fd9fd643bf3e9e98d121dc2e7af1cf1be411ae2,https://codeload.github.com/grandchallenge/MATHSOLVE/zip/2fd9fd643bf3e9e98d121dc2e7af1cf1be411ae2,,contestants/E10/13-archives/E10-grandchallenge-MATHSOLVE-2fd9fd643bf3e9e98d121dc2e7af1cf1be411ae2.zip,MATHSOLVE-2fd9fd643bf3e9e98d121dc2e7af1cf1be411ae2/.gcl/completions/OM26-H2-H7-WP01-DECOMPOSITION/COMPLETION_RECEIPT.json,,88e49415,Filename/path inference; editable in the app
347296,.gcl/completions/OM26-H2-H7-WP01-DECOMPOSITION/COMPLETION_RECEIPT.json,General / shared,2785,Latest public revision collected separately; not an author-designated final | adcfa0537f43327f4bb9acfe1692f757fce353c4,https://codeload.github.com/grandchallenge/MATHSOLVE/zip/adcfa0537f43327f4bb9acfe1692f757fce353c4,,contestants/E10/13-archives/E10-grandchallenge-MATHSOLVE-adcfa0537f43327f4bb9acfe1692f757fce353c4.zip,MATHSOLVE-adcfa0537f43327f4bb9acfe1692f757fce353c4/.gcl/completions/OM26-H2-H7-WP01-DECOMPOSITION/COMPLETION_RECEIPT.json,,88e49415,Filename/path inference; editable in the app
344350,.gcl/completions/OM26-H2-H7-WP01-LEASES/COMPLETION_RECEIPT.json,General / shared,3086,Pinned collected revision; final designation governed by team receipt | 2fd9fd643bf3e9e98d121dc2e7af1cf1be411ae2,https://codeload.github.com/grandchallenge/MATHSOLVE/zip/2fd9fd643bf3e9e98d121dc2e7af1cf1be411ae2,,contestants/E10/13-archives/E10-grandchallenge-MATHSOLVE-2fd9fd643bf3e9e98d121dc2e7af1cf1be411ae2.zip,MATHSOLVE-2fd9fd643bf3e9e98d121dc2e7af1cf1be411ae2/.gcl/completions/OM26-H2-H7-WP01-LEASES/COMPLETION_RECEIPT.json,,00cdcd70,Filename/path inference; editable in the app
347297,.gcl/completions/OM26-H2-H7-WP01-LEASES/COMPLETION_RECEIPT.json,General / shared,3086,Latest public revision collected separately; not an author-designated final | adcfa0537f43327f4bb9acfe1692f757fce353c4,https://codeload.github.com/grandchallenge/MATHSOLVE/zip/adcfa0537f43327f4bb9acfe1692f757fce353c4,,contestants/E10/13-archives/E10-grandchallenge-MATHSOLVE-adcfa0537f43327f4bb9acfe1692f757fce353c4.zip,MATHSOLVE-adcfa0537f43327f4bb9acfe1692f757fce353c4/.gcl/completions/OM26-H2-H7-WP01-LEASES/COMPLETION_RECEIPT.json,,00cdcd70,Filename/path inference; editable in the app
344351,.gcl/completions/OM26-H2-WP01-ADJ-001/COMPLETION_RECEIPT.json,General / shared,3265,Pinned collected revision; final designation governed by team receipt | 2fd9fd643bf3e9e98d121dc2e7af1cf1be411ae2,https://codeload.github.com/grandchallenge/MATHSOLVE/zip/2fd9fd643bf3e9e98d121dc2e7af1cf1be411ae2,,contestants/E10/13-archives/E10-grandchallenge-MATHSOLVE-2fd9fd643bf3e9e98d121dc2e7af1cf1be411ae2.zip,MATHSOLVE-2fd9fd643bf3e9e98d121dc2e7af1cf1be411ae2/.gcl/completions/OM26-H2-WP01-ADJ-001/COMPLETION_RECEIPT.json,,09740285,Filename/path inference; editable in the app
347298,.gcl/completions/OM26-H2-WP01-ADJ-001/COMPLETION_RECEIPT.json,General / shared,3265,Latest public revision collected separately; not an author-designated final | adcfa0537f43327f4bb9acfe1692f757fce353c4,https://codeload.github.com/grandchallenge/MATHSOLVE/zip/adcfa0537f43327f4bb9acfe1692f757fce353c4,,contestants/E10/13-archives/E10-grandchallenge-MATHSOLVE-adcfa0537f43327f4bb9acfe1692f757fce353c4.zip,MATHSOLVE-adcfa0537f43327f4bb9acfe1692f757fce353c4/.gcl/completions/OM26-H2-WP01-ADJ-001/COMPLETION_RECEIPT.json,,09740285,Filename/path inference; editable in the app
344352,.gcl/completions/OM26-H2-WP02-ADJ-001/COMPLETION_RECEIPT.json,General / shared,3741,Pinned collected revision; final designation governed by team receipt | 2fd9fd643bf3e9e98d121dc2e7af1cf1be411ae2,https://codeload.github.com/grandchallenge/MATHSOLVE/zip/2fd9fd643bf3e9e98d121dc2e7af1cf1be411ae2,,contestants/E10/13-archives/E10-grandchallenge-MATHSOLVE-2fd9fd643bf3e9e98d121dc2e7af1cf1be411ae2.zip,MATHSOLVE-2fd9fd643bf3e9e98d121dc2e7af1cf1be411ae2/.gcl/completions/OM26-H2-WP02-ADJ-001/COMPLETION_RECEIPT.json,,f87799f5,Filename/path inference; editable in the app
347299,.gcl/completions/OM26-H2-WP02-ADJ-001/COMPLETION_RECEIPT.json,General / shared,3741,Latest public revision collected separately; not an author-designated final | adcfa0537f43327f4bb9acfe1692f757fce353c4,https://codeload.github.com/grandchallenge/MATHSOLVE/zip/adcfa0537f43327f4bb9acfe1692f757fce353c4,,contestants/E10/13-archives/E10-grandchallenge-MATHSOLVE-adcfa0537f43327f4bb9acfe1692f757fce353c4.zip,MATHSOLVE-adcfa0537f43327f4bb9acfe1692f757fce353c4/.gcl/completions/OM26-H2-WP02-ADJ-001/COMPLETION_RECEIPT.json,,f87799f5,Filename/path inference; editable in the app
344353,.gcl/completions/OM26-H2-WP02-INSTANTIATE/COMPLETION_RECEIPT.json,General / shared,2628,Pinned collected revision; final designation governed by team receipt | 2fd9fd643bf3e9e98d121dc2e7af1cf1be411ae2,https://codeload.github.com/grandchallenge/MATHSOLVE/zip/2fd9fd643bf3e9e98d121dc2e7af1cf1be411ae2,,contestants/E10/13-archives/E10-grandchallenge-MATHSOLVE-2fd9fd643bf3e9e98d121dc2e7af1cf1be411ae2.zip,MATHSOLVE-2fd9fd643bf3e9e98d121dc2e7af1cf1be411ae2/.gcl/completions/OM26-H2-WP02-INSTANTIATE/COMPLETION_RECEIPT.json,,8e9863c0,Filename/path inference; editable in the app
347300,.gcl/completions/OM26-H2-WP02-INSTANTIATE/COMPLETION_RECEIPT.json,General / shared,2628,Latest public revision collected separately; not an author-designated final | adcfa0537f43327f4bb9acfe1692f757fce353c4,https://codeload.github.com/grandchallenge/MATHSOLVE/zip/adcfa0537f43327f4bb9acfe1692f757fce353c4,,contestants/E10/13-archives/E10-grandchallenge-MATHSOLVE-adcfa0537f43327f4bb9acfe1692f757fce353c4.zip,MATHSOLVE-adcfa0537f43327f4bb9acfe1692f757fce353c4/.gcl/completions/OM26-H2-WP02-INSTANTIATE/COMPLETION_RECEIPT.json,,8e9863c0,Filename/path inference; editable in the app
344354,.gcl/completions/OM26-SEVEN-HILL-CONSOLIDATION-001/COMPLETION_RECEIPT.json,General / shared,2931,Pinned collected revision; final designation governed by team receipt | 2fd9fd643bf3e9e98d121dc2e7af1cf1be411ae2,https://codeload.github.com/grandchallenge/MATHSOLVE/zip/2fd9fd643bf3e9e98d121dc2e7af1cf1be411ae2,,contestants/E10/13-archives/E10-grandchallenge-MATHSOLVE-2fd9fd643bf3e9e98d121dc2e7af1cf1be411ae2.zip,MATHSOLVE-2fd9fd643bf3e9e98d121dc2e7af1cf1be411ae2/.gcl/completions/OM26-SEVEN-HILL-CONSOLIDATION-001/COMPLETION_RECEIPT.json,,05d5d7fd,Filename/path inference; editable in the app
347301,.gcl/completions/OM26-SEVEN-HILL-CONSOLIDATION-001/COMPLETION_RECEIPT.json,General / shared,2931,Latest public revision collected separately; not an author-designated final | adcfa0537f43327f4bb9acfe1692f757fce353c4,https://codeload.github.com/grandchallenge/MATHSOLVE/zip/adcfa0537f43327f4bb9acfe1692f757fce353c4,,contestants/E10/13-archives/E10-grandchallenge-MATHSOLVE-adcfa0537f43327f4bb9acfe1692f757fce353c4.zip,MATHSOLVE-adcfa0537f43327f4bb9acfe1692f757fce353c4/.gcl/completions/OM26-SEVEN-HILL-CONSOLIDATION-001/COMPLETION_RECEIPT.json,,05d5d7fd,Filename/path inference; editable in the app
344524,campaign_ledgers/BSD-001/claim_ledger.json,General / shared,1295,Pinned collected revision; final designation governed by team receipt | 2fd9fd643bf3e9e98d121dc2e7af1cf1be411ae2,https://codeload.github.com/grandchallenge/MATHSOLVE/zip/2fd9fd643bf3e9e98d121dc2e7af1cf1be411ae2,,contestants/E10/13-archives/E10-grandchallenge-MATHSOLVE-2fd9fd643bf3e9e98d121dc2e7af1cf1be411ae2.zip,MATHSOLVE-2fd9fd643bf3e9e98d121dc2e7af1cf1be411ae2/campaign_ledgers/BSD-001/claim_ledger.json,,5c067bc3,Filename/path inference; editable in the app
347488,campaign_ledgers/BSD-001/claim_ledger.json,General / shared,1295,Latest public revision collected separately; not an author-designated final | adcfa0537f43327f4bb9acfe1692f757fce353c4,https://codeload.github.com/grandchallenge/MATHSOLVE/zip/adcfa0537f43327f4bb9acfe1692f757fce353c4,,contestants/E10/13-archives/E10-grandchallenge-MATHSOLVE-adcfa0537f43327f4bb9acfe1692f757fce353c4.zip,MATHSOLVE-adcfa0537f43327f4bb9acfe1692f757fce353c4/campaign_ledgers/BSD-001/claim_ledger.json,,5c067bc3,Filename/path inference; editable in the app
344528,campaign_ledgers/EUCLID-DIOPHANTINE-E2E-002/claim_ledger.json,General / shared,2934,Pinned collected revision; final designation governed by team receipt | 2fd9fd643bf3e9e98d121dc2e7af1cf1be411ae2,https://codeload.github.com/grandchallenge/MATHSOLVE/zip/2fd9fd643bf3e9e98d121dc2e7af1cf1be411ae2,,contestants/E10/13-archives/E10-grandchallenge-MATHSOLVE-2fd9fd643bf3e9e98d121dc2e7af1cf1be411ae2.zip,MATHSOLVE-2fd9fd643bf3e9e98d121dc2e7af1cf1be411ae2/campaign_ledgers/EUCLID-DIOPHANTINE-E2E-002/claim_ledger.json,,f0a6a326,Filename/path inference; editable in the app
347492,campaign_ledgers/EUCLID-DIOPHANTINE-E2E-002/claim_ledger.json,General / shared,2934,Latest public revision collected separately; not an author-designated final | adcfa0537f43327f4bb9acfe1692f757fce353c4,https://codeload.github.com/grandchallenge/MATHSOLVE/zip/adcfa0537f43327f4bb9acfe1692f757fce353c4,,contestants/E10/13-archives/E10-grandchallenge-MATHSOLVE-adcfa0537f43327f4bb9acfe1692f757fce353c4.zip,MATHSOLVE-adcfa0537f43327f4bb9acfe1692f757fce353c4/campaign_ledgers/EUCLID-DIOPHANTINE-E2E-002/claim_ledger.json,,f0a6a326,Filename/path inference; editable in the app
344532,campaign_ledgers/EUCLID-GCD-E2E-001/claim_ledger.json,General / shared,2390,Pinned collected revision; final designation governed by team receipt | 2fd9fd643bf3e9e98d121dc2e7af1cf1be411ae2,https://codeload.github.com/grandchallenge/MATHSOLVE/zip/2fd9fd643bf3e9e98d121dc2e7af1cf1be411ae2,,contestants/E10/13-archives/E10-grandchallenge-MATHSOLVE-2fd9fd643bf3e9e98d121dc2e7af1cf1be411ae2.zip,MATHSOLVE-2fd9fd643bf3e9e98d121dc2e7af1cf1be411ae2/campaign_ledgers/EUCLID-GCD-E2E-001/claim_ledger.json,,954e63f4,Filename/path inference; editable in the app
347496,campaign_ledgers/EUCLID-GCD-E2E-001/claim_ledger.json,General / shared,2390,Latest public revision collected separately; not an author-designated final | adcfa0537f43327f4bb9acfe1692f757fce353c4,https://codeload.github.com/grandchallenge/MATHSOLVE/zip/adcfa0537f43327f4bb9acfe1692f757fce353c4,,contestants/E10/13-archives/E10-grandchallenge-MATHSOLVE-adcfa0537f43327f4bb9acfe1692f757fce353c4.zip,MATHSOLVE-adcfa0537f43327f4bb9acfe1692f757fce353c4/campaign_ledgers/EUCLID-GCD-E2E-001/claim_ledger.json,,954e63f4,Filename/path inference; editable in the app
344536,campaign_ledgers/HC-001/claim_ledger.json,General / shared,939,Pinned collected revision; final designation governed by team receipt | 2fd9fd643bf3e9e98d121dc2e7af1cf1be411ae2,https://codeload.github.com/grandchallenge/MATHSOLVE/zip/2fd9fd643bf3e9e98d121dc2e7af1cf1be411ae2,,contestants/E10/13-archives/E10-grandchallenge-MATHSOLVE-2fd9fd643bf3e9e98d121dc2e7af1cf1be411ae2.zip,MATHSOLVE-2fd9fd643bf3e9e98d121dc2e7af1cf1be411ae2/campaign_ledgers/HC-001/claim_ledger.json,,de816e26,Filename/path inference; editable in the app
347500,campaign_ledgers/HC-001/claim_ledger.json,General / shared,939,Latest public revision collected separately; not an author-designated final | adcfa0537f43327f4bb9acfe1692f757fce353c4,https://codeload.github.com/grandchallenge/MATHSOLVE/zip/adcfa0537f43327f4bb9acfe1692f757fce353c4,,contestants/E10/13-archives/E10-grandchallenge-MATHSOLVE-adcfa0537f43327f4bb9acfe1692f757fce353c4.zip,MATHSOLVE-adcfa0537f43327f4bb9acfe1692f757fce353c4/campaign_ledgers/HC-001/claim_ledger.json,,de816e26,Filename/path inference; editable in the app
344541,campaign_ledgers/NS-CI-001/claim_ledger.json,General / shared,906,Pinned collected revision; final designation governed by team receipt | 2fd9fd643bf3e9e98d121dc2e7af1cf1be411ae2,https://codeload.github.com/grandchallenge/MATHSOLVE/zip/2fd9fd643bf3e9e98d121dc2e7af1cf1be411ae2,,contestants/E10/13-archives/E10-grandchallenge-MATHSOLVE-2fd9fd643bf3e9e98d121dc2e7af1cf1be411ae2.zip,MATHSOLVE-2fd9fd643bf3e9e98d121dc2e7af1cf1be411ae2/campaign_ledgers/NS-CI-001/claim_ledger.json,,8befc217,Filename/path inference; editable in the app
347505,campaign_ledgers/NS-CI-001/claim_ledger.json,General / shared,906,Latest public revision collected separately; not an author-designated final | adcfa0537f43327f4bb9acfe1692f757fce353c4,https://codeload.github.com/grandchallenge/MATHSOLVE/zip/adcfa0537f43327f4bb9acfe1692f757fce353c4,,contestants/E10/13-archives/E10-grandchallenge-MATHSOLVE-adcfa0537f43327f4bb9acfe1692f757fce353c4.zip,MATHSOLVE-adcfa0537f43327f4bb9acfe1692f757fce353c4/campaign_ledgers/NS-CI-001/claim_ledger.json,,8befc217,Filename/path inference; editable in the app
344545,campaign_ledgers/UC-001/claim_ledger.json,General / shared,1245,Pinned collected revision; final designation governed by team receipt | 2fd9fd643bf3e9e98d121dc2e7af1cf1be411ae2,https://codeload.github.com/grandchallenge/MATHSOLVE/zip/2fd9fd643bf3e9e98d121dc2e7af1cf1be411ae2,,contestants/E10/13-archives/E10-grandchallenge-MATHSOLVE-2fd9fd643bf3e9e98d121dc2e7af1cf1be411ae2.zip,MATHSOLVE-2fd9fd643bf3e9e98d121dc2e7af1cf1be411ae2/campaign_ledgers/UC-001/claim_ledger.json,,a52ead0d,Filename/path inference; editable in the app
347509,campaign_ledgers/UC-001/claim_ledger.json,General / shared,1245,Latest public revision collected separately; not an author-designated final | adcfa0537f43327f4bb9acfe1692f757fce353c4,https://codeload.github.com/grandchallenge/MATHSOLVE/zip/adcfa0537f43327f4bb9acfe1692f757fce353c4,,contestants/E10/13-archives/E10-grandchallenge-MATHSOLVE-adcfa0537f43327f4bb9acfe1692f757fce353c4.zip,MATHSOLVE-adcfa0537f43327f4bb9acfe1692f757fce353c4/campaign_ledgers/UC-001/claim_ledger.json,,a52ead0d,Filename/path inference; editable in the app
344980,domains/researchmath/RM-DIO-004/claim_ledger.yaml,General / shared,2022,Pinned collected revision; final designation governed by team receipt | 2fd9fd643bf3e9e98d121dc2e7af1cf1be411ae2,https://codeload.github.com/grandchallenge/MATHSOLVE/zip/2fd9fd643bf3e9e98d121dc2e7af1cf1be411ae2,,contestants/E10/13-archives/E10-grandchallenge-MATHSOLVE-2fd9fd643bf3e9e98d121dc2e7af1cf1be411ae2.zip,MATHSOLVE-2fd9fd643bf3e9e98d121dc2e7af1cf1be411ae2/domains/researchmath/RM-DIO-004/claim_ledger.yaml,,8c1a9064,Filename/path inference; editable in the app
348041,domains/researchmath/RM-DIO-004/claim_ledger.yaml,General / shared,2022,Latest public revision collected separately; not an author-designated final | adcfa0537f43327f4bb9acfe1692f757fce353c4,https://codeload.github.com/grandchallenge/MATHSOLVE/zip/adcfa0537f43327f4bb9acfe1692f757fce353c4,,contestants/E10/13-archives/E10-grandchallenge-MATHSOLVE-adcfa0537f43327f4bb9acfe1692f757fce353c4.zip,MATHSOLVE-adcfa0537f43327f4bb9acfe1692f757fce353c4/domains/researchmath/RM-DIO-004/claim_ledger.yaml,,8c1a9064,Filename/path inference; editable in the app
344993,domains/union_closed/WP02_lean_handoff/07_CLAIM_LEDGER.yaml,General / shared,3000,Pinned collected revision; final designation governed by team receipt | 2fd9fd643bf3e9e98d121dc2e7af1cf1be411ae2,https://codeload.github.com/grandchallenge/MATHSOLVE/zip/2fd9fd643bf3e9e98d121dc2e7af1cf1be411ae2,,contestants/E10/13-archives/E10-grandchallenge-MATHSOLVE-2fd9fd643bf3e9e98d121dc2e7af1cf1be411ae2.zip,MATHSOLVE-2fd9fd643bf3e9e98d121dc2e7af1cf1be411ae2/domains/union_closed/WP02_lean_handoff/07_CLAIM_LEDGER.yaml,,76bf63c9,Filename/path inference; editable in the app
348054,domains/union_closed/WP02_lean_handoff/07_CLAIM_LEDGER.yaml,General / shared,3000,Latest public revision collected separately; not an author-designated final | adcfa0537f43327f4bb9acfe1692f757fce353c4,https://codeload.github.com/grandchallenge/MATHSOLVE/zip/adcfa0537f43327f4bb9acfe1692f757fce353c4,,contestants/E10/13-archives/E10-grandchallenge-MATHSOLVE-adcfa0537f43327f4bb9acfe1692f757fce353c4.zip,MATHSOLVE-adcfa0537f43327f4bb9acfe1692f757fce353c4/domains/union_closed/WP02_lean_handoff/07_CLAIM_LEDGER.yaml,,76bf63c9,Filename/path inference; editable in the app
344999,domains/union_closed/WP03_known_bounds_synthesis/claim_ledger_wp03.yaml,General / shared,3665,Pinned collected revision; final designation governed by team receipt | 2fd9fd643bf3e9e98d121dc2e7af1cf1be411ae2,https://codeload.github.com/grandchallenge/MATHSOLVE/zip/2fd9fd643bf3e9e98d121dc2e7af1cf1be411ae2,,contestants/E10/13-archives/E10-grandchallenge-MATHSOLVE-2fd9fd643bf3e9e98d121dc2e7af1cf1be411ae2.zip,MATHSOLVE-2fd9fd643bf3e9e98d121dc2e7af1cf1be411ae2/domains/union_closed/WP03_known_bounds_synthesis/claim_ledger_wp03.yaml,,73446d01,Filename/path inference; editable in the app
348060,domains/union_closed/WP03_known_bounds_synthesis/claim_ledger_wp03.yaml,General / shared,3665,Latest public revision collected separately; not an author-designated final | adcfa0537f43327f4bb9acfe1692f757fce353c4,https://codeload.github.com/grandchallenge/MATHSOLVE/zip/adcfa0537f43327f4bb9acfe1692f757fce353c4,,contestants/E10/13-archives/E10-grandchallenge-MATHSOLVE-adcfa0537f43327f4bb9acfe1692f757fce353c4.zip,MATHSOLVE-adcfa0537f43327f4bb9acfe1692f757fce353c4/domains/union_closed/WP03_known_bounds_synthesis/claim_ledger_wp03.yaml,,73446d01,Filename/path inference; editable in the app
345005,domains/union_closed/WP05_lattice_minimal_counterexample/claim_ledger_wp05.yaml,General / shared,34522,Pinned collected revision; final designation governed by team receipt | 2fd9fd643bf3e9e98d121dc2e7af1cf1be411ae2,https://codeload.github.com/grandchallenge/MATHSOLVE/zip/2fd9fd643bf3e9e98d121dc2e7af1cf1be411ae2,,contestants/E10/13-archives/E10-grandchallenge-MATHSOLVE-2fd9fd643bf3e9e98d121dc2e7af1cf1be411ae2.zip,MATHSOLVE-2fd9fd643bf3e9e98d121dc2e7af1cf1be411ae2/domains/union_closed/WP05_lattice_minimal_counterexample/claim_ledger_wp05.yaml,,54200e8f,Filename/path inference; editable in the app
348066,domains/union_closed/WP05_lattice_minimal_counterexample/claim_ledger_wp05.yaml,General / shared,34522,Latest public revision collected separately; not an author-designated final | adcfa0537f43327f4bb9acfe1692f757fce353c4,https://codeload.github.com/grandchallenge/MATHSOLVE/zip/adcfa0537f43327f4bb9acfe1692f757fce353c4,,contestants/E10/13-archives/E10-grandchallenge-MATHSOLVE-adcfa0537f43327f4bb9acfe1692f757fce353c4.zip,MATHSOLVE-adcfa0537f43327f4bb9acfe1692f757fce353c4/domains/union_closed/WP05_lattice_minimal_counterexample/claim_ledger_wp05.yaml,,54200e8f,Filename/path inference; editable in the app
345015,domains/union_closed/WP06_ideal_family_bridge/09_CLAIM_LEDGER.yaml,General / shared,12380,Pinned collected revision; final designation governed by team receipt | 2fd9fd643bf3e9e98d121dc2e7af1cf1be411ae2,https://codeload.github.com/grandchallenge/MATHSOLVE/zip/2fd9fd643bf3e9e98d121dc2e7af1cf1be411ae2,,contestants/E10/13-archives/E10-grandchallenge-MATHSOLVE-2fd9fd643bf3e9e98d121dc2e7af1cf1be411ae2.zip,MATHSOLVE-2fd9fd643bf3e9e98d121dc2e7af1cf1be411ae2/domains/union_closed/WP06_ideal_family_bridge/09_CLAIM_LEDGER.yaml,,0b2200df,Filename/path inference; editable in the app
348076,domains/union_closed/WP06_ideal_family_bridge/09_CLAIM_LEDGER.yaml,General / shared,12380,Latest public revision collected separately; not an author-designated final | adcfa0537f43327f4bb9acfe1692f757fce353c4,https://codeload.github.com/grandchallenge/MATHSOLVE/zip/adcfa0537f43327f4bb9acfe1692f757fce353c4,,contestants/E10/13-archives/E10-grandchallenge-MATHSOLVE-adcfa0537f43327f4bb9acfe1692f757fce353c4.zip,MATHSOLVE-adcfa0537f43327f4bb9acfe1692f757fce353c4/domains/union_closed/WP06_ideal_family_bridge/09_CLAIM_LEDGER.yaml,,0b2200df,Filename/path inference; editable in the app
345028,domains/union_closed/WP07_functional_preorder_bridge/04_CLAIM_LEDGER.yaml,General / shared,9013,Pinned collected revision; final designation governed by team receipt | 2fd9fd643bf3e9e98d121dc2e7af1cf1be411ae2,https://codeload.github.com/grandchallenge/MATHSOLVE/zip/2fd9fd643bf3e9e98d121dc2e7af1cf1be411ae2,,contestants/E10/13-archives/E10-grandchallenge-MATHSOLVE-2fd9fd643bf3e9e98d121dc2e7af1cf1be411ae2.zip,MATHSOLVE-2fd9fd643bf3e9e98d121dc2e7af1cf1be411ae2/domains/union_closed/WP07_functional_preorder_bridge/04_CLAIM_LEDGER.yaml,,9270a318,Filename/path inference; editable in the app
348089,domains/union_closed/WP07_functional_preorder_bridge/04_CLAIM_LEDGER.yaml,General / shared,9013,Latest public revision collected separately; not an author-designated final | adcfa0537f43327f4bb9acfe1692f757fce353c4,https://codeload.github.com/grandchallenge/MATHSOLVE/zip/adcfa0537f43327f4bb9acfe1692f757fce353c4,,contestants/E10/13-archives/E10-grandchallenge-MATHSOLVE-adcfa0537f43327f4bb9acfe1692f757fce353c4.zip,MATHSOLVE-adcfa0537f43327f4bb9acfe1692f757fce353c4/domains/union_closed/WP07_functional_preorder_bridge/04_CLAIM_LEDGER.yaml,,9270a318,Filename/path inference; editable in the app
345326,schemas/claim_ledger.schema.json,General / shared,3005,Pinned collected revision; final designation governed by team receipt | 2fd9fd643bf3e9e98d121dc2e7af1cf1be411ae2,https://codeload.github.com/grandchallenge/MATHSOLVE/zip/2fd9fd643bf3e9e98d121dc2e7af1cf1be411ae2,,contestants/E10/13-archives/E10-grandchallenge-MATHSOLVE-2fd9fd643bf3e9e98d121dc2e7af1cf1be411ae2.zip,MATHSOLVE-2fd9fd643bf3e9e98d121dc2e7af1cf1be411ae2/schemas/claim_ledger.schema.json,,31fc44a2,Filename/path inference; editable in the app
348423,schemas/claim_ledger.schema.json,General / shared,3005,Latest public revision collected separately; not an author-designated final | adcfa0537f43327f4bb9acfe1692f757fce353c4,https://codeload.github.com/grandchallenge/MATHSOLVE/zip/adcfa0537f43327f4bb9acfe1692f757fce353c4,,contestants/E10/13-archives/E10-grandchallenge-MATHSOLVE-adcfa0537f43327f4bb9acfe1692f757fce353c4.zip,MATHSOLVE-adcfa0537f43327f4bb9acfe1692f757fce353c4/schemas/claim_ledger.schema.json,,31fc44a2,Filename/path inference; editable in the app
345367,templates/claim_ledger_template.yaml,General / shared,393,Pinned collected revision; final designation governed by team receipt | 2fd9fd643bf3e9e98d121dc2e7af1cf1be411ae2,https://codeload.github.com/grandchallenge/MATHSOLVE/zip/2fd9fd643bf3e9e98d121dc2e7af1cf1be411ae2,,contestants/E10/13-archives/E10-grandchallenge-MATHSOLVE-2fd9fd643bf3e9e98d121dc2e7af1cf1be411ae2.zip,MATHSOLVE-2fd9fd643bf3e9e98d121dc2e7af1cf1be411ae2/templates/claim_ledger_template.yaml,,b32884c6,Filename/path inference; editable in the app
348471,templates/claim_ledger_template.yaml,General / shared,393,Latest public revision collected separately; not an author-designated final | adcfa0537f43327f4bb9acfe1692f757fce353c4,https://codeload.github.com/grandchallenge/MATHSOLVE/zip/adcfa0537f43327f4bb9acfe1692f757fce353c4,,contestants/E10/13-archives/E10-grandchallenge-MATHSOLVE-adcfa0537f43327f4bb9acfe1692f757fce353c4.zip,MATHSOLVE-adcfa0537f43327f4bb9acfe1692f757fce353c4/templates/claim_ledger_template.yaml,,b32884c6,Filename/path inference; editable in the app
345380,tests/fixtures/external_catalog_promotion/solve/work_packages/CANARY/claim_ledger.json,General / shared,353,Pinned collected revision; final designation governed by team receipt | 2fd9fd643bf3e9e98d121dc2e7af1cf1be411ae2,https://codeload.github.com/grandchallenge/MATHSOLVE/zip/2fd9fd643bf3e9e98d121dc2e7af1cf1be411ae2,,contestants/E10/13-archives/E10-grandchallenge-MATHSOLVE-2fd9fd643bf3e9e98d121dc2e7af1cf1be411ae2.zip,MATHSOLVE-2fd9fd643bf3e9e98d121dc2e7af1cf1be411ae2/tests/fixtures/external_catalog_promotion/solve/work_packages/CANARY/claim_ledger.json,,5528f08d,Filename/path inference; editable in the app
348484,tests/fixtures/external_catalog_promotion/solve/work_packages/CANARY/claim_ledger.json,General / shared,353,Latest public revision collected separately; not an author-designated final | adcfa0537f43327f4bb9acfe1692f757fce353c4,https://codeload.github.com/grandchallenge/MATHSOLVE/zip/adcfa0537f43327f4bb9acfe1692f757fce353c4,,contestants/E10/13-archives/E10-grandchallenge-MATHSOLVE-adcfa0537f43327f4bb9acfe1692f757fce353c4.zip,MATHSOLVE-adcfa0537f43327f4bb9acfe1692f757fce353c4/tests/fixtures/external_catalog_promotion/solve/work_packages/CANARY/claim_ledger.json,,5528f08d,Filename/path inference; editable in the app
345480,work_packages/BSD_R2_A1_WP05_SOURCE_INTERFACE/07_CLAIM_LEDGER.yaml,General / shared,1536,Pinned collected revision; final designation governed by team receipt | 2fd9fd643bf3e9e98d121dc2e7af1cf1be411ae2,https://codeload.github.com/grandchallenge/MATHSOLVE/zip/2fd9fd643bf3e9e98d121dc2e7af1cf1be411ae2,,contestants/E10/13-archives/E10-grandchallenge-MATHSOLVE-2fd9fd643bf3e9e98d121dc2e7af1cf1be411ae2.zip,MATHSOLVE-2fd9fd643bf3e9e98d121dc2e7af1cf1be411ae2/work_packages/BSD_R2_A1_WP05_SOURCE_INTERFACE/07_CLAIM_LEDGER.yaml,,cab53f54,Filename/path inference; editable in the app
348586,work_packages/BSD_R2_A1_WP05_SOURCE_INTERFACE/07_CLAIM_LEDGER.yaml,General / shared,1536,Latest public revision collected separately; not an author-designated final | adcfa0537f43327f4bb9acfe1692f757fce353c4,https://codeload.github.com/grandchallenge/MATHSOLVE/zip/adcfa0537f43327f4bb9acfe1692f757fce353c4,,contestants/E10/13-archives/E10-grandchallenge-MATHSOLVE-adcfa0537f43327f4bb9acfe1692f757fce353c4.zip,MATHSOLVE-adcfa0537f43327f4bb9acfe1692f757fce353c4/work_packages/BSD_R2_A1_WP05_SOURCE_INTERFACE/07_CLAIM_LEDGER.yaml,,cab53f54,Filename/path inference; editable in the app
345490,work_packages/BSD_R2_A1_WP06_2DESCENT_CONTROL/07_CLAIM_LEDGER.yaml,General / shared,1860,Pinned collected revision; final designation governed by team receipt | 2fd9fd643bf3e9e98d121dc2e7af1cf1be411ae2,https://codeload.github.com/grandchallenge/MATHSOLVE/zip/2fd9fd643bf3e9e98d121dc2e7af1cf1be411ae2,,contestants/E10/13-archives/E10-grandchallenge-MATHSOLVE-2fd9fd643bf3e9e98d121dc2e7af1cf1be411ae2.zip,MATHSOLVE-2fd9fd643bf3e9e98d121dc2e7af1cf1be411ae2/work_packages/BSD_R2_A1_WP06_2DESCENT_CONTROL/07_CLAIM_LEDGER.yaml,,1682884a,Filename/path inference; editable in the app
348596,work_packages/BSD_R2_A1_WP06_2DESCENT_CONTROL/07_CLAIM_LEDGER.yaml,General / shared,1860,Latest public revision collected separately; not an author-designated final | adcfa0537f43327f4bb9acfe1692f757fce353c4,https://codeload.github.com/grandchallenge/MATHSOLVE/zip/adcfa0537f43327f4bb9acfe1692f757fce353c4,,contestants/E10/13-archives/E10-grandchallenge-MATHSOLVE-adcfa0537f43327f4bb9acfe1692f757fce353c4.zip,MATHSOLVE-adcfa0537f43327f4bb9acfe1692f757fce353c4/work_packages/BSD_R2_A1_WP06_2DESCENT_CONTROL/07_CLAIM_LEDGER.yaml,,1682884a,Filename/path inference; editable in the app
345498,work_packages/BSD_R2_A1_WP07_2RECIPROCITY_LENGTH/05_CLAIM_LEDGER.yaml,General / shared,2244,Pinned collected revision; final designation governed by team receipt | 2fd9fd643bf3e9e98d121dc2e7af1cf1be411ae2,https://codeload.github.com/grandchallenge/MATHSOLVE/zip/2fd9fd643bf3e9e98d121dc2e7af1cf1be411ae2,,contestants/E10/13-archives/E10-grandchallenge-MATHSOLVE-2fd9fd643bf3e9e98d121dc2e7af1cf1be411ae2.zip,MATHSOLVE-2fd9fd643bf3e9e98d121dc2e7af1cf1be411ae2/work_packages/BSD_R2_A1_WP07_2RECIPROCITY_LENGTH/05_CLAIM_LEDGER.yaml,,59e57053,Filename/path inference; editable in the app
348604,work_packages/BSD_R2_A1_WP07_2RECIPROCITY_LENGTH/05_CLAIM_LEDGER.yaml,General / shared,2244,Latest public revision collected separately; not an author-designated final | adcfa0537f43327f4bb9acfe1692f757fce353c4,https://codeload.github.com/grandchallenge/MATHSOLVE/zip/adcfa0537f43327f4bb9acfe1692f757fce353c4,,contestants/E10/13-archives/E10-grandchallenge-MATHSOLVE-adcfa0537f43327f4bb9acfe1692f757fce353c4.zip,MATHSOLVE-adcfa0537f43327f4bb9acfe1692f757fce353c4/work_packages/BSD_R2_A1_WP07_2RECIPROCITY_LENGTH/05_CLAIM_LEDGER.yaml,,59e57053,Filename/path inference; editable in the app
345505,work_packages/BSD_R2_A1_WP08_2MU_FIREWALL/05_CLAIM_LEDGER.yaml,General / shared,2367,Pinned collected revision; final designation governed by team receipt | 2fd9fd643bf3e9e98d121dc2e7af1cf1be411ae2,https://codeload.github.com/grandchallenge/MATHSOLVE/zip/2fd9fd643bf3e9e98d121dc2e7af1cf1be411ae2,,contestants/E10/13-archives/E10-grandchallenge-MATHSOLVE-2fd9fd643bf3e9e98d121dc2e7af1cf1be411ae2.zip,MATHSOLVE-2fd9fd643bf3e9e98d121dc2e7af1cf1be411ae2/work_packages/BSD_R2_A1_WP08_2MU_FIREWALL/05_CLAIM_LEDGER.yaml,,992ae312,Filename/path inference; editable in the app
348611,work_packages/BSD_R2_A1_WP08_2MU_FIREWALL/05_CLAIM_LEDGER.yaml,General / shared,2367,Latest public revision collected separately; not an author-designated final | adcfa0537f43327f4bb9acfe1692f757fce353c4,https://codeload.github.com/grandchallenge/MATHSOLVE/zip/adcfa0537f43327f4bb9acfe1692f757fce353c4,,contestants/E10/13-archives/E10-grandchallenge-MATHSOLVE-adcfa0537f43327f4bb9acfe1692f757fce353c4.zip,MATHSOLVE-adcfa0537f43327f4bb9acfe1692f757fce353c4/work_packages/BSD_R2_A1_WP08_2MU_FIREWALL/05_CLAIM_LEDGER.yaml,,992ae312,Filename/path inference; editable in the app
345511,work_packages/BSD_R2_A1_WP09_DISEGNI_APPLICABILITY/04_CLAIM_LEDGER.yaml,General / shared,1990,Pinned collected revision; final designation governed by team receipt | 2fd9fd643bf3e9e98d121dc2e7af1cf1be411ae2,https://codeload.github.com/grandchallenge/MATHSOLVE/zip/2fd9fd643bf3e9e98d121dc2e7af1cf1be411ae2,,contestants/E10/13-archives/E10-grandchallenge-MATHSOLVE-2fd9fd643bf3e9e98d121dc2e7af1cf1be411ae2.zip,MATHSOLVE-2fd9fd643bf3e9e98d121dc2e7af1cf1be411ae2/work_packages/BSD_R2_A1_WP09_DISEGNI_APPLICABILITY/04_CLAIM_LEDGER.yaml,,cf07ac02,Filename/path inference; editable in the app
348617,work_packages/BSD_R2_A1_WP09_DISEGNI_APPLICABILITY/04_CLAIM_LEDGER.yaml,General / shared,1990,Latest public revision collected separately; not an author-designated final | adcfa0537f43327f4bb9acfe1692f757fce353c4,https://codeload.github.com/grandchallenge/MATHSOLVE/zip/adcfa0537f43327f4bb9acfe1692f757fce353c4,,contestants/E10/13-archives/E10-grandchallenge-MATHSOLVE-adcfa0537f43327f4bb9acfe1692f757fce353c4.zip,MATHSOLVE-adcfa0537f43327f4bb9acfe1692f757fce353c4/work_packages/BSD_R2_A1_WP09_DISEGNI_APPLICABILITY/04_CLAIM_LEDGER.yaml,,cf07ac02,Filename/path inference; editable in the app
345516,work_packages/BSD_R2_A1_WP10_P2_HEEGNER_BARRIER/03_CLAIM_LEDGER.yaml,General / shared,1793,Pinned collected revision; final designation governed by team receipt | 2fd9fd643bf3e9e98d121dc2e7af1cf1be411ae2,https://codeload.github.com/grandchallenge/MATHSOLVE/zip/2fd9fd643bf3e9e98d121dc2e7af1cf1be411ae2,,contestants/E10/13-archives/E10-grandchallenge-MATHSOLVE-2fd9fd643bf3e9e98d121dc2e7af1cf1be411ae2.zip,MATHSOLVE-2fd9fd643bf3e9e98d121dc2e7af1cf1be411ae2/work_packages/BSD_R2_A1_WP10_P2_HEEGNER_BARRIER/03_CLAIM_LEDGER.yaml,,589978bb,Filename/path inference; editable in the app
348622,work_packages/BSD_R2_A1_WP10_P2_HEEGNER_BARRIER/03_CLAIM_LEDGER.yaml,General / shared,1793,Latest public revision collected separately; not an author-designated final | adcfa0537f43327f4bb9acfe1692f757fce353c4,https://codeload.github.com/grandchallenge/MATHSOLVE/zip/adcfa0537f43327f4bb9acfe1692f757fce353c4,,contestants/E10/13-archives/E10-grandchallenge-MATHSOLVE-adcfa0537f43327f4bb9acfe1692f757fce353c4.zip,MATHSOLVE-adcfa0537f43327f4bb9acfe1692f757fce353c4/work_packages/BSD_R2_A1_WP10_P2_HEEGNER_BARRIER/03_CLAIM_LEDGER.yaml,,589978bb,Filename/path inference; editable in the app
345522,work_packages/BSD_R2_A1_WP11_C3_ODD_DEGREE_CONTROL/04_CLAIM_LEDGER.yaml,General / shared,1815,Pinned collected revision; final designation governed by team receipt | 2fd9fd643bf3e9e98d121dc2e7af1cf1be411ae2,https://codeload.github.com/grandchallenge/MATHSOLVE/zip/2fd9fd643bf3e9e98d121dc2e7af1cf1be411ae2,,contestants/E10/13-archives/E10-grandchallenge-MATHSOLVE-2fd9fd643bf3e9e98d121dc2e7af1cf1be411ae2.zip,MATHSOLVE-2fd9fd643bf3e9e98d121dc2e7af1cf1be411ae2/work_packages/BSD_R2_A1_WP11_C3_ODD_DEGREE_CONTROL/04_CLAIM_LEDGER.yaml,,3a69a8e9,Filename/path inference; editable in the app
348628,work_packages/BSD_R2_A1_WP11_C3_ODD_DEGREE_CONTROL/04_CLAIM_LEDGER.yaml,General / shared,1815,Latest public revision collected separately; not an author-designated final | adcfa0537f43327f4bb9acfe1692f757fce353c4,https://codeload.github.com/grandchallenge/MATHSOLVE/zip/adcfa0537f43327f4bb9acfe1692f757fce353c4,,contestants/E10/13-archives/E10-grandchallenge-MATHSOLVE-adcfa0537f43327f4bb9acfe1692f757fce353c4.zip,MATHSOLVE-adcfa0537f43327f4bb9acfe1692f757fce353c4/work_packages/BSD_R2_A1_WP11_C3_ODD_DEGREE_CONTROL/04_CLAIM_LEDGER.yaml,,3a69a8e9,Filename/path inference; editable in the app
345526,work_packages/BSD_R2_A1_WP12_C3_ELIMINATION/02_CLAIM_LEDGER.yaml,General / shared,1219,Pinned collected revision; final designation governed by team receipt | 2fd9fd643bf3e9e98d121dc2e7af1cf1be411ae2,https://codeload.github.com/grandchallenge/MATHSOLVE/zip/2fd9fd643bf3e9e98d121dc2e7af1cf1be411ae2,,contestants/E10/13-archives/E10-grandchallenge-MATHSOLVE-2fd9fd643bf3e9e98d121dc2e7af1cf1be411ae2.zip,MATHSOLVE-2fd9fd643bf3e9e98d121dc2e7af1cf1be411ae2/work_packages/BSD_R2_A1_WP12_C3_ELIMINATION/02_CLAIM_LEDGER.yaml,,71a5622f,Filename/path inference; editable in the app
348632,work_packages/BSD_R2_A1_WP12_C3_ELIMINATION/02_CLAIM_LEDGER.yaml,General / shared,1219,Latest public revision collected separately; not an author-designated final | adcfa0537f43327f4bb9acfe1692f757fce353c4,https://codeload.github.com/grandchallenge/MATHSOLVE/zip/adcfa0537f43327f4bb9acfe1692f757fce353c4,,contestants/E10/13-archives/E10-grandchallenge-MATHSOLVE-adcfa0537f43327f4bb9acfe1692f757fce353c4.zip,MATHSOLVE-adcfa0537f43327f4bb9acfe1692f757fce353c4/work_packages/BSD_R2_A1_WP12_C3_ELIMINATION/02_CLAIM_LEDGER.yaml,,71a5622f,Filename/path inference; editable in the app
345530,work_packages/BSD_R2_A1_WP13_TAMAGAWA_INERTIA_DEPTH/02_CLAIM_LEDGER.yaml,General / shared,1369,Pinned collected revision; final designation governed by team receipt | 2fd9fd643bf3e9e98d121dc2e7af1cf1be411ae2,https://codeload.github.com/grandchallenge/MATHSOLVE/zip/2fd9fd643bf3e9e98d121dc2e7af1cf1be411ae2,,contestants/E10/13-archives/E10-grandchallenge-MATHSOLVE-2fd9fd643bf3e9e98d121dc2e7af1cf1be411ae2.zip,MATHSOLVE-2fd9fd643bf3e9e98d121dc2e7af1cf1be411ae2/work_packages/BSD_R2_A1_WP13_TAMAGAWA_INERTIA_DEPTH/02_CLAIM_LEDGER.yaml,,c9b91cf6,Filename/path inference; editable in the app
348636,work_packages/BSD_R2_A1_WP13_TAMAGAWA_INERTIA_DEPTH/02_CLAIM_LEDGER.yaml,General / shared,1369,Latest public revision collected separately; not an author-designated final | adcfa0537f43327f4bb9acfe1692f757fce353c4,https://codeload.github.com/grandchallenge/MATHSOLVE/zip/adcfa0537f43327f4bb9acfe1692f757fce353c4,,contestants/E10/13-archives/E10-grandchallenge-MATHSOLVE-adcfa0537f43327f4bb9acfe1692f757fce353c4.zip,MATHSOLVE-adcfa0537f43327f4bb9acfe1692f757fce353c4/work_packages/BSD_R2_A1_WP13_TAMAGAWA_INERTIA_DEPTH/02_CLAIM_LEDGER.yaml,,c9b91cf6,Filename/path inference; editable in the app
345536,work_packages/BSD_R2_A1_WP14_CHAO_LI_APPLICABILITY/04_CLAIM_LEDGER.yaml,General / shared,1983,Pinned collected revision; final designation governed by team receipt | 2fd9fd643bf3e9e98d121dc2e7af1cf1be411ae2,https://codeload.github.com/grandchallenge/MATHSOLVE/zip/2fd9fd643bf3e9e98d121dc2e7af1cf1be411ae2,,contestants/E10/13-archives/E10-grandchallenge-MATHSOLVE-2fd9fd643bf3e9e98d121dc2e7af1cf1be411ae2.zip,MATHSOLVE-2fd9fd643bf3e9e98d121dc2e7af1cf1be411ae2/work_packages/BSD_R2_A1_WP14_CHAO_LI_APPLICABILITY/04_CLAIM_LEDGER.yaml,,6736b84d,Filename/path inference; editable in the app
348642,work_packages/BSD_R2_A1_WP14_CHAO_LI_APPLICABILITY/04_CLAIM_LEDGER.yaml,General / shared,1983,Latest public revision collected separately; not an author-designated final | adcfa0537f43327f4bb9acfe1692f757fce353c4,https://codeload.github.com/grandchallenge/MATHSOLVE/zip/adcfa0537f43327f4bb9acfe1692f757fce353c4,,contestants/E10/13-archives/E10-grandchallenge-MATHSOLVE-adcfa0537f43327f4bb9acfe1692f757fce353c4.zip,MATHSOLVE-adcfa0537f43327f4bb9acfe1692f757fce353c4/work_packages/BSD_R2_A1_WP14_CHAO_LI_APPLICABILITY/04_CLAIM_LEDGER.yaml,,6736b84d,Filename/path inference; editable in the app
345541,work_packages/BSD_R2_A1_WP15_P2_LENGTH_SOURCE_CLOSURE/03_CLAIM_LEDGER.yaml,General / shared,1552,Pinned collected revision; final designation governed by team receipt | 2fd9fd643bf3e9e98d121dc2e7af1cf1be411ae2,https://codeload.github.com/grandchallenge/MATHSOLVE/zip/2fd9fd643bf3e9e98d121dc2e7af1cf1be411ae2,,contestants/E10/13-archives/E10-grandchallenge-MATHSOLVE-2fd9fd643bf3e9e98d121dc2e7af1cf1be411ae2.zip,MATHSOLVE-2fd9fd643bf3e9e98d121dc2e7af1cf1be411ae2/work_packages/BSD_R2_A1_WP15_P2_LENGTH_SOURCE_CLOSURE/03_CLAIM_LEDGER.yaml,,d9742c8d,Filename/path inference; editable in the app
348647,work_packages/BSD_R2_A1_WP15_P2_LENGTH_SOURCE_CLOSURE/03_CLAIM_LEDGER.yaml,General / shared,1552,Latest public revision collected separately; not an author-designated final | adcfa0537f43327f4bb9acfe1692f757fce353c4,https://codeload.github.com/grandchallenge/MATHSOLVE/zip/adcfa0537f43327f4bb9acfe1692f757fce353c4,,contestants/E10/13-archives/E10-grandchallenge-MATHSOLVE-adcfa0537f43327f4bb9acfe1692f757fce353c4.zip,MATHSOLVE-adcfa0537f43327f4bb9acfe1692f757fce353c4/work_packages/BSD_R2_A1_WP15_P2_LENGTH_SOURCE_CLOSURE/03_CLAIM_LEDGER.yaml,,d9742c8d,Filename/path inference; editable in the app
345545,work_packages/BSD_R2_A1_WP16A_FINITE_SELMER_STABILIZATION/02_CLAIM_LEDGER.yaml,General / shared,2190,Pinned collected revision; final designation governed by team receipt | 2fd9fd643bf3e9e98d121dc2e7af1cf1be411ae2,https://codeload.github.com/grandchallenge/MATHSOLVE/zip/2fd9fd643bf3e9e98d121dc2e7af1cf1be411ae2,,contestants/E10/13-archives/E10-grandchallenge-MATHSOLVE-2fd9fd643bf3e9e98d121dc2e7af1cf1be411ae2.zip,MATHSOLVE-2fd9fd643bf3e9e98d121dc2e7af1cf1be411ae2/work_packages/BSD_R2_A1_WP16A_FINITE_SELMER_STABILIZATION/02_CLAIM_LEDGER.yaml,,66bf336a,Filename/path inference; editable in the app
348651,work_packages/BSD_R2_A1_WP16A_FINITE_SELMER_STABILIZATION/02_CLAIM_LEDGER.yaml,General / shared,2190,Latest public revision collected separately; not an author-designated final | adcfa0537f43327f4bb9acfe1692f757fce353c4,https://codeload.github.com/grandchallenge/MATHSOLVE/zip/adcfa0537f43327f4bb9acfe1692f757fce353c4,,contestants/E10/13-archives/E10-grandchallenge-MATHSOLVE-adcfa0537f43327f4bb9acfe1692f757fce353c4.zip,MATHSOLVE-adcfa0537f43327f4bb9acfe1692f757fce353c4/work_packages/BSD_R2_A1_WP16A_FINITE_SELMER_STABILIZATION/02_CLAIM_LEDGER.yaml,,66bf336a,Filename/path inference; editable in the app
345549,work_packages/BSD_R2_A1_WP16B_INTEGRAL_SELMER_FITTING/03_CLAIM_LEDGER.yaml,General / shared,3627,Pinned collected revision; final designation governed by team receipt | 2fd9fd643bf3e9e98d121dc2e7af1cf1be411ae2,https://codeload.github.com/grandchallenge/MATHSOLVE/zip/2fd9fd643bf3e9e98d121dc2e7af1cf1be411ae2,,contestants/E10/13-archives/E10-grandchallenge-MATHSOLVE-2fd9fd643bf3e9e98d121dc2e7af1cf1be411ae2.zip,MATHSOLVE-2fd9fd643bf3e9e98d121dc2e7af1cf1be411ae2/work_packages/BSD_R2_A1_WP16B_INTEGRAL_SELMER_FITTING/03_CLAIM_LEDGER.yaml,,27806bbf,Filename/path inference; editable in the app
348655,work_packages/BSD_R2_A1_WP16B_INTEGRAL_SELMER_FITTING/03_CLAIM_LEDGER.yaml,General / shared,3627,Latest public revision collected separately; not an author-designated final | adcfa0537f43327f4bb9acfe1692f757fce353c4,https://codeload.github.com/grandchallenge/MATHSOLVE/zip/adcfa0537f43327f4bb9acfe1692f757fce353c4,,contestants/E10/13-archives/E10-grandchallenge-MATHSOLVE-adcfa0537f43327f4bb9acfe1692f757fce353c4.zip,MATHSOLVE-adcfa0537f43327f4bb9acfe1692f757fce353c4/work_packages/BSD_R2_A1_WP16B_INTEGRAL_SELMER_FITTING/03_CLAIM_LEDGER.yaml,,27806bbf,Filename/path inference; editable in the app
345555,work_packages/BSD_R2_A1_WP18B_SELMER2/02_CLAIM_LEDGER.yaml,General / shared,3071,Pinned collected revision; final designation governed by team receipt | 2fd9fd643bf3e9e98d121dc2e7af1cf1be411ae2,https://codeload.github.com/grandchallenge/MATHSOLVE/zip/2fd9fd643bf3e9e98d121dc2e7af1cf1be411ae2,,contestants/E10/13-archives/E10-grandchallenge-MATHSOLVE-2fd9fd643bf3e9e98d121dc2e7af1cf1be411ae2.zip,MATHSOLVE-2fd9fd643bf3e9e98d121dc2e7af1cf1be411ae2/work_packages/BSD_R2_A1_WP18B_SELMER2/02_CLAIM_LEDGER.yaml,,247fca93,Filename/path inference; editable in the app
348661,work_packages/BSD_R2_A1_WP18B_SELMER2/02_CLAIM_LEDGER.yaml,General / shared,3071,Latest public revision collected separately; not an author-designated final | adcfa0537f43327f4bb9acfe1692f757fce353c4,https://codeload.github.com/grandchallenge/MATHSOLVE/zip/adcfa0537f43327f4bb9acfe1692f757fce353c4,,contestants/E10/13-archives/E10-grandchallenge-MATHSOLVE-adcfa0537f43327f4bb9acfe1692f757fce353c4.zip,MATHSOLVE-adcfa0537f43327f4bb9acfe1692f757fce353c4/work_packages/BSD_R2_A1_WP18B_SELMER2/02_CLAIM_LEDGER.yaml,,247fca93,Filename/path inference; editable in the app
345558,work_packages/BSD_R2_A1_WP18C_ANALYTIC_DELTA2/01_CLAIM_LEDGER.yaml,General / shared,3429,Pinned collected revision; final designation governed by team receipt | 2fd9fd643bf3e9e98d121dc2e7af1cf1be411ae2,https://codeload.github.com/grandchallenge/MATHSOLVE/zip/2fd9fd643bf3e9e98d121dc2e7af1cf1be411ae2,,contestants/E10/13-archives/E10-grandchallenge-MATHSOLVE-2fd9fd643bf3e9e98d121dc2e7af1cf1be411ae2.zip,MATHSOLVE-2fd9fd643bf3e9e98d121dc2e7af1cf1be411ae2/work_packages/BSD_R2_A1_WP18C_ANALYTIC_DELTA2/01_CLAIM_LEDGER.yaml,,04e52085,Filename/path inference; editable in the app
348664,work_packages/BSD_R2_A1_WP18C_ANALYTIC_DELTA2/01_CLAIM_LEDGER.yaml,General / shared,3429,Latest public revision collected separately; not an author-designated final | adcfa0537f43327f4bb9acfe1692f757fce353c4,https://codeload.github.com/grandchallenge/MATHSOLVE/zip/adcfa0537f43327f4bb9acfe1692f757fce353c4,,contestants/E10/13-archives/E10-grandchallenge-MATHSOLVE-adcfa0537f43327f4bb9acfe1692f757fce353c4.zip,MATHSOLVE-adcfa0537f43327f4bb9acfe1692f757fce353c4/work_packages/BSD_R2_A1_WP18C_ANALYTIC_DELTA2/01_CLAIM_LEDGER.yaml,,04e52085,Filename/path inference; editable in the app
345562,work_packages/BSD_R2_A1_WP19_DERIVED_PRIMITIVE_FITTING/03_CLAIM_LEDGER.yaml,General / shared,2987,Pinned collected revision; final designation governed by team receipt | 2fd9fd643bf3e9e98d121dc2e7af1cf1be411ae2,https://codeload.github.com/grandchallenge/MATHSOLVE/zip/2fd9fd643bf3e9e98d121dc2e7af1cf1be411ae2,,contestants/E10/13-archives/E10-grandchallenge-MATHSOLVE-2fd9fd643bf3e9e98d121dc2e7af1cf1be411ae2.zip,MATHSOLVE-2fd9fd643bf3e9e98d121dc2e7af1cf1be411ae2/work_packages/BSD_R2_A1_WP19_DERIVED_PRIMITIVE_FITTING/03_CLAIM_LEDGER.yaml,,ea69141f,Filename/path inference; editable in the app
348668,work_packages/BSD_R2_A1_WP19_DERIVED_PRIMITIVE_FITTING/03_CLAIM_LEDGER.yaml,General / shared,2987,Latest public revision collected separately; not an author-designated final | adcfa0537f43327f4bb9acfe1692f757fce353c4,https://codeload.github.com/grandchallenge/MATHSOLVE/zip/adcfa0537f43327f4bb9acfe1692f757fce353c4,,contestants/E10/13-archives/E10-grandchallenge-MATHSOLVE-adcfa0537f43327f4bb9acfe1692f757fce353c4.zip,MATHSOLVE-adcfa0537f43327f4bb9acfe1692f757fce353c4/work_packages/BSD_R2_A1_WP19_DERIVED_PRIMITIVE_FITTING/03_CLAIM_LEDGER.yaml,,ea69141f,Filename/path inference; editable in the app
345566,work_packages/BSD_R2_A1_WP20_RANK1_BOCKSTEIN_FACTORIZATION/03_CLAIM_LEDGER.yaml,General / shared,2589,Pinned collected revision; final designation governed by team receipt | 2fd9fd643bf3e9e98d121dc2e7af1cf1be411ae2,https://codeload.github.com/grandchallenge/MATHSOLVE/zip/2fd9fd643bf3e9e98d121dc2e7af1cf1be411ae2,,contestants/E10/13-archives/E10-grandchallenge-MATHSOLVE-2fd9fd643bf3e9e98d121dc2e7af1cf1be411ae2.zip,MATHSOLVE-2fd9fd643bf3e9e98d121dc2e7af1cf1be411ae2/work_packages/BSD_R2_A1_WP20_RANK1_BOCKSTEIN_FACTORIZATION/03_CLAIM_LEDGER.yaml,,e8b36266,Filename/path inference; editable in the app
348672,work_packages/BSD_R2_A1_WP20_RANK1_BOCKSTEIN_FACTORIZATION/03_CLAIM_LEDGER.yaml,General / shared,2589,Latest public revision collected separately; not an author-designated final | adcfa0537f43327f4bb9acfe1692f757fce353c4,https://codeload.github.com/grandchallenge/MATHSOLVE/zip/adcfa0537f43327f4bb9acfe1692f757fce353c4,,contestants/E10/13-archives/E10-grandchallenge-MATHSOLVE-adcfa0537f43327f4bb9acfe1692f757fce353c4.zip,MATHSOLVE-adcfa0537f43327f4bb9acfe1692f757fce353c4/work_packages/BSD_R2_A1_WP20_RANK1_BOCKSTEIN_FACTORIZATION/03_CLAIM_LEDGER.yaml,,e8b36266,Filename/path inference; editable in the app
345570,work_packages/BSD_R2_A1_WP21_PRIMITIVE_CYCLOTOMIC_CONTROL/03_CLAIM_LEDGER.yaml,General / shared,3088,Pinned collected revision; final designation governed by team receipt | 2fd9fd643bf3e9e98d121dc2e7af1cf1be411ae2,https://codeload.github.com/grandchallenge/MATHSOLVE/zip/2fd9fd643bf3e9e98d121dc2e7af1cf1be411ae2,,contestants/E10/13-archives/E10-grandchallenge-MATHSOLVE-2fd9fd643bf3e9e98d121dc2e7af1cf1be411ae2.zip,MATHSOLVE-2fd9fd643bf3e9e98d121dc2e7af1cf1be411ae2/work_packages/BSD_R2_A1_WP21_PRIMITIVE_CYCLOTOMIC_CONTROL/03_CLAIM_LEDGER.yaml,,5cc663f8,Filename/path inference; editable in the app
348676,work_packages/BSD_R2_A1_WP21_PRIMITIVE_CYCLOTOMIC_CONTROL/03_CLAIM_LEDGER.yaml,General / shared,3088,Latest public revision collected separately; not an author-designated final | adcfa0537f43327f4bb9acfe1692f757fce353c4,https://codeload.github.com/grandchallenge/MATHSOLVE/zip/adcfa0537f43327f4bb9acfe1692f757fce353c4,,contestants/E10/13-archives/E10-grandchallenge-MATHSOLVE-adcfa0537f43327f4bb9acfe1692f757fce353c4.zip,MATHSOLVE-adcfa0537f43327f4bb9acfe1692f757fce353c4/work_packages/BSD_R2_A1_WP21_PRIMITIVE_CYCLOTOMIC_CONTROL/03_CLAIM_LEDGER.yaml,,5cc663f8,Filename/path inference; editable in the app
345594,work_packages/BSD_R2_A1_WP33_ODD_BAD_POINT_COMPLETION/01_ODD_BAD_POINT_COMPLETION_THEOREM.md,General / shared,7542,Pinned collected revision; final designation governed by team receipt | 2fd9fd643bf3e9e98d121dc2e7af1cf1be411ae2,https://codeload.github.com/grandchallenge/MATHSOLVE/zip/2fd9fd643bf3e9e98d121dc2e7af1cf1be411ae2,,contestants/E10/13-archives/E10-grandchallenge-MATHSOLVE-2fd9fd643bf3e9e98d121dc2e7af1cf1be411ae2.zip,MATHSOLVE-2fd9fd643bf3e9e98d121dc2e7af1cf1be411ae2/work_packages/BSD_R2_A1_WP33_ODD_BAD_POINT_COMPLETION/01_ODD_BAD_POINT_COMPLETION_THEOREM.md,,953da064,Filename/path inference; editable in the app
348700,work_packages/BSD_R2_A1_WP33_ODD_BAD_POINT_COMPLETION/01_ODD_BAD_POINT_COMPLETION_THEOREM.md,General / shared,7542,Latest public revision collected separately; not an author-designated final | adcfa0537f43327f4bb9acfe1692f757fce353c4,https://codeload.github.com/grandchallenge/MATHSOLVE/zip/adcfa0537f43327f4bb9acfe1692f757fce353c4,,contestants/E10/13-archives/E10-grandchallenge-MATHSOLVE-adcfa0537f43327f4bb9acfe1692f757fce353c4.zip,MATHSOLVE-adcfa0537f43327f4bb9acfe1692f757fce353c4/work_packages/BSD_R2_A1_WP33_ODD_BAD_POINT_COMPLETION/01_ODD_BAD_POINT_COMPLETION_THEOREM.md,,953da064,Filename/path inference; editable in the app
345605,work_packages/BSD_R2_A1_WP37_P2_K_BOCKSTEIN_HEIGHT/03_CLAIM_LEDGER.yaml,General / shared,1785,Pinned collected revision; final designation governed by team receipt | 2fd9fd643bf3e9e98d121dc2e7af1cf1be411ae2,https://codeload.github.com/grandchallenge/MATHSOLVE/zip/2fd9fd643bf3e9e98d121dc2e7af1cf1be411ae2,,contestants/E10/13-archives/E10-grandchallenge-MATHSOLVE-2fd9fd643bf3e9e98d121dc2e7af1cf1be411ae2.zip,MATHSOLVE-2fd9fd643bf3e9e98d121dc2e7af1cf1be411ae2/work_packages/BSD_R2_A1_WP37_P2_K_BOCKSTEIN_HEIGHT/03_CLAIM_LEDGER.yaml,,3d274421,Filename/path inference; editable in the app
348711,work_packages/BSD_R2_A1_WP37_P2_K_BOCKSTEIN_HEIGHT/03_CLAIM_LEDGER.yaml,General / shared,1785,Latest public revision collected separately; not an author-designated final | adcfa0537f43327f4bb9acfe1692f757fce353c4,https://codeload.github.com/grandchallenge/MATHSOLVE/zip/adcfa0537f43327f4bb9acfe1692f757fce353c4,,contestants/E10/13-archives/E10-grandchallenge-MATHSOLVE-adcfa0537f43327f4bb9acfe1692f757fce353c4.zip,MATHSOLVE-adcfa0537f43327f4bb9acfe1692f757fce353c4/work_packages/BSD_R2_A1_WP37_P2_K_BOCKSTEIN_HEIGHT/03_CLAIM_LEDGER.yaml,,3d274421,Filename/path inference; editable in the app
345608,work_packages/BSD_R2_A1_WP38_KUMMER_LATTICE_REDUCTION/02_CLAIM_LEDGER.yaml,General / shared,2586,Pinned collected revision; final designation governed by team receipt | 2fd9fd643bf3e9e98d121dc2e7af1cf1be411ae2,https://codeload.github.com/grandchallenge/MATHSOLVE/zip/2fd9fd643bf3e9e98d121dc2e7af1cf1be411ae2,,contestants/E10/13-archives/E10-grandchallenge-MATHSOLVE-2fd9fd643bf3e9e98d121dc2e7af1cf1be411ae2.zip,MATHSOLVE-2fd9fd643bf3e9e98d121dc2e7af1cf1be411ae2/work_packages/BSD_R2_A1_WP38_KUMMER_LATTICE_REDUCTION/02_CLAIM_LEDGER.yaml,,f3e1e7db,Filename/path inference; editable in the app
348714,work_packages/BSD_R2_A1_WP38_KUMMER_LATTICE_REDUCTION/02_CLAIM_LEDGER.yaml,General / shared,2586,Latest public revision collected separately; not an author-designated final | adcfa0537f43327f4bb9acfe1692f757fce353c4,https://codeload.github.com/grandchallenge/MATHSOLVE/zip/adcfa0537f43327f4bb9acfe1692f757fce353c4,,contestants/E10/13-archives/E10-grandchallenge-MATHSOLVE-adcfa0537f43327f4bb9acfe1692f757fce353c4.zip,MATHSOLVE-adcfa0537f43327f4bb9acfe1692f757fce353c4/work_packages/BSD_R2_A1_WP38_KUMMER_LATTICE_REDUCTION/02_CLAIM_LEDGER.yaml,,f3e1e7db,Filename/path inference; editable in the app
345611,work_packages/BSD_R2_A1_WP39_KUMMER_GREENBERG_COMPARISON/02_CLAIM_LEDGER.yaml,General / shared,2002,Pinned collected revision; final designation governed by team receipt | 2fd9fd643bf3e9e98d121dc2e7af1cf1be411ae2,https://codeload.github.com/grandchallenge/MATHSOLVE/zip/2fd9fd643bf3e9e98d121dc2e7af1cf1be411ae2,,contestants/E10/13-archives/E10-grandchallenge-MATHSOLVE-2fd9fd643bf3e9e98d121dc2e7af1cf1be411ae2.zip,MATHSOLVE-2fd9fd643bf3e9e98d121dc2e7af1cf1be411ae2/work_packages/BSD_R2_A1_WP39_KUMMER_GREENBERG_COMPARISON/02_CLAIM_LEDGER.yaml,,1a8e7854,Filename/path inference; editable in the app
348717,work_packages/BSD_R2_A1_WP39_KUMMER_GREENBERG_COMPARISON/02_CLAIM_LEDGER.yaml,General / shared,2002,Latest public revision collected separately; not an author-designated final | adcfa0537f43327f4bb9acfe1692f757fce353c4,https://codeload.github.com/grandchallenge/MATHSOLVE/zip/adcfa0537f43327f4bb9acfe1692f757fce353c4,,contestants/E10/13-archives/E10-grandchallenge-MATHSOLVE-adcfa0537f43327f4bb9acfe1692f757fce353c4.zip,MATHSOLVE-adcfa0537f43327f4bb9acfe1692f757fce353c4/work_packages/BSD_R2_A1_WP39_KUMMER_GREENBERG_COMPARISON/02_CLAIM_LEDGER.yaml,,1a8e7854,Filename/path inference; editable in the app
345614,work_packages/BSD_R2_A1_WP40_POITOU_TATE_ANNIHILATOR/02_CLAIM_LEDGER.yaml,General / shared,1972,Pinned collected revision; final designation governed by team receipt | 2fd9fd643bf3e9e98d121dc2e7af1cf1be411ae2,https://codeload.github.com/grandchallenge/MATHSOLVE/zip/2fd9fd643bf3e9e98d121dc2e7af1cf1be411ae2,,contestants/E10/13-archives/E10-grandchallenge-MATHSOLVE-2fd9fd643bf3e9e98d121dc2e7af1cf1be411ae2.zip,MATHSOLVE-2fd9fd643bf3e9e98d121dc2e7af1cf1be411ae2/work_packages/BSD_R2_A1_WP40_POITOU_TATE_ANNIHILATOR/02_CLAIM_LEDGER.yaml,,fee31c4a,Filename/path inference; editable in the app
348720,work_packages/BSD_R2_A1_WP40_POITOU_TATE_ANNIHILATOR/02_CLAIM_LEDGER.yaml,General / shared,1972,Latest public revision collected separately; not an author-designated final | adcfa0537f43327f4bb9acfe1692f757fce353c4,https://codeload.github.com/grandchallenge/MATHSOLVE/zip/adcfa0537f43327f4bb9acfe1692f757fce353c4,,contestants/E10/13-archives/E10-grandchallenge-MATHSOLVE-adcfa0537f43327f4bb9acfe1692f757fce353c4.zip,MATHSOLVE-adcfa0537f43327f4bb9acfe1692f757fce353c4/work_packages/BSD_R2_A1_WP40_POITOU_TATE_ANNIHILATOR/02_CLAIM_LEDGER.yaml,,fee31c4a,Filename/path inference; editable in the app
345617,work_packages/BSD_R2_A1_WP41A_BOCKSTEIN_DUAL_HIT_COMPATIBILITY/02_CLAIM_LEDGER.yaml,General / shared,874,Pinned collected revision; final designation governed by team receipt | 2fd9fd643bf3e9e98d121dc2e7af1cf1be411ae2,https://codeload.github.com/grandchallenge/MATHSOLVE/zip/2fd9fd643bf3e9e98d121dc2e7af1cf1be411ae2,,contestants/E10/13-archives/E10-grandchallenge-MATHSOLVE-2fd9fd643bf3e9e98d121dc2e7af1cf1be411ae2.zip,MATHSOLVE-2fd9fd643bf3e9e98d121dc2e7af1cf1be411ae2/work_packages/BSD_R2_A1_WP41A_BOCKSTEIN_DUAL_HIT_COMPATIBILITY/02_CLAIM_LEDGER.yaml,,b8e00cca,Filename/path inference; editable in the app
348723,work_packages/BSD_R2_A1_WP41A_BOCKSTEIN_DUAL_HIT_COMPATIBILITY/02_CLAIM_LEDGER.yaml,General / shared,874,Latest public revision collected separately; not an author-designated final | adcfa0537f43327f4bb9acfe1692f757fce353c4,https://codeload.github.com/grandchallenge/MATHSOLVE/zip/adcfa0537f43327f4bb9acfe1692f757fce353c4,,contestants/E10/13-archives/E10-grandchallenge-MATHSOLVE-adcfa0537f43327f4bb9acfe1692f757fce353c4.zip,MATHSOLVE-adcfa0537f43327f4bb9acfe1692f757fce353c4/work_packages/BSD_R2_A1_WP41A_BOCKSTEIN_DUAL_HIT_COMPATIBILITY/02_CLAIM_LEDGER.yaml,,b8e00cca,Filename/path inference; editable in the app
345620,work_packages/BSD_R2_A1_WP41B_DISEGNI_ORDINARY_NORMALIZATION/02_CLAIM_LEDGER.yaml,General / shared,1107,Pinned collected revision; final designation governed by team receipt | 2fd9fd643bf3e9e98d121dc2e7af1cf1be411ae2,https://codeload.github.com/grandchallenge/MATHSOLVE/zip/2fd9fd643bf3e9e98d121dc2e7af1cf1be411ae2,,contestants/E10/13-archives/E10-grandchallenge-MATHSOLVE-2fd9fd643bf3e9e98d121dc2e7af1cf1be411ae2.zip,MATHSOLVE-2fd9fd643bf3e9e98d121dc2e7af1cf1be411ae2/work_packages/BSD_R2_A1_WP41B_DISEGNI_ORDINARY_NORMALIZATION/02_CLAIM_LEDGER.yaml,,a4f133cf,Filename/path inference; editable in the app
348726,work_packages/BSD_R2_A1_WP41B_DISEGNI_ORDINARY_NORMALIZATION/02_CLAIM_LEDGER.yaml,General / shared,1107,Latest public revision collected separately; not an author-designated final | adcfa0537f43327f4bb9acfe1692f757fce353c4,https://codeload.github.com/grandchallenge/MATHSOLVE/zip/adcfa0537f43327f4bb9acfe1692f757fce353c4,,contestants/E10/13-archives/E10-grandchallenge-MATHSOLVE-adcfa0537f43327f4bb9acfe1692f757fce353c4.zip,MATHSOLVE-adcfa0537f43327f4bb9acfe1692f757fce353c4/work_packages/BSD_R2_A1_WP41B_DISEGNI_ORDINARY_NORMALIZATION/02_CLAIM_LEDGER.yaml,,a4f133cf,Filename/path inference; editable in the app
345623,work_packages/BSD_R2_A1_WP42B_P2_QORD_LOCAL_FACTOR/02_CLAIM_LEDGER.yaml,General / shared,1246,Pinned collected revision; final designation governed by team receipt | 2fd9fd643bf3e9e98d121dc2e7af1cf1be411ae2,https://codeload.github.com/grandchallenge/MATHSOLVE/zip/2fd9fd643bf3e9e98d121dc2e7af1cf1be411ae2,,contestants/E10/13-archives/E10-grandchallenge-MATHSOLVE-2fd9fd643bf3e9e98d121dc2e7af1cf1be411ae2.zip,MATHSOLVE-2fd9fd643bf3e9e98d121dc2e7af1cf1be411ae2/work_packages/BSD_R2_A1_WP42B_P2_QORD_LOCAL_FACTOR/02_CLAIM_LEDGER.yaml,,488ddc01,Filename/path inference; editable in the app
348729,work_packages/BSD_R2_A1_WP42B_P2_QORD_LOCAL_FACTOR/02_CLAIM_LEDGER.yaml,General / shared,1246,Latest public revision collected separately; not an author-designated final | adcfa0537f43327f4bb9acfe1692f757fce353c4,https://codeload.github.com/grandchallenge/MATHSOLVE/zip/adcfa0537f43327f4bb9acfe1692f757fce353c4,,contestants/E10/13-archives/E10-grandchallenge-MATHSOLVE-adcfa0537f43327f4bb9acfe1692f757fce353c4.zip,MATHSOLVE-adcfa0537f43327f4bb9acfe1692f757fce353c4/work_packages/BSD_R2_A1_WP42B_P2_QORD_LOCAL_FACTOR/02_CLAIM_LEDGER.yaml,,488ddc01,Filename/path inference; editable in the app
345626,work_packages/BSD_R2_A1_WP43A_GREENBERG_AUGMENTATION_NATURALITY/02_CLAIM_LEDGER.yaml,General / shared,938,Pinned collected revision; final designation governed by team receipt | 2fd9fd643bf3e9e98d121dc2e7af1cf1be411ae2,https://codeload.github.com/grandchallenge/MATHSOLVE/zip/2fd9fd643bf3e9e98d121dc2e7af1cf1be411ae2,,contestants/E10/13-archives/E10-grandchallenge-MATHSOLVE-2fd9fd643bf3e9e98d121dc2e7af1cf1be411ae2.zip,MATHSOLVE-2fd9fd643bf3e9e98d121dc2e7af1cf1be411ae2/work_packages/BSD_R2_A1_WP43A_GREENBERG_AUGMENTATION_NATURALITY/02_CLAIM_LEDGER.yaml,,f9a853d7,Filename/path inference; editable in the app
348732,work_packages/BSD_R2_A1_WP43A_GREENBERG_AUGMENTATION_NATURALITY/02_CLAIM_LEDGER.yaml,General / shared,938,Latest public revision collected separately; not an author-designated final | adcfa0537f43327f4bb9acfe1692f757fce353c4,https://codeload.github.com/grandchallenge/MATHSOLVE/zip/adcfa0537f43327f4bb9acfe1692f757fce353c4,,contestants/E10/13-archives/E10-grandchallenge-MATHSOLVE-adcfa0537f43327f4bb9acfe1692f757fce353c4.zip,MATHSOLVE-adcfa0537f43327f4bb9acfe1692f757fce353c4/work_packages/BSD_R2_A1_WP43A_GREENBERG_AUGMENTATION_NATURALITY/02_CLAIM_LEDGER.yaml,,f9a853d7,Filename/path inference; editable in the app
345630,work_packages/BSD_R2_A1_WP44A_KUMMER_IWASAWA_CONTROL_OVER_K/03_CLAIM_LEDGER.yaml,General / shared,2583,Pinned collected revision; final designation governed by team receipt | 2fd9fd643bf3e9e98d121dc2e7af1cf1be411ae2,https://codeload.github.com/grandchallenge/MATHSOLVE/zip/2fd9fd643bf3e9e98d121dc2e7af1cf1be411ae2,,contestants/E10/13-archives/E10-grandchallenge-MATHSOLVE-2fd9fd643bf3e9e98d121dc2e7af1cf1be411ae2.zip,MATHSOLVE-2fd9fd643bf3e9e98d121dc2e7af1cf1be411ae2/work_packages/BSD_R2_A1_WP44A_KUMMER_IWASAWA_CONTROL_OVER_K/03_CLAIM_LEDGER.yaml,,b16654af,Filename/path inference; editable in the app
348736,work_packages/BSD_R2_A1_WP44A_KUMMER_IWASAWA_CONTROL_OVER_K/03_CLAIM_LEDGER.yaml,General / shared,2583,Latest public revision collected separately; not an author-designated final | adcfa0537f43327f4bb9acfe1692f757fce353c4,https://codeload.github.com/grandchallenge/MATHSOLVE/zip/adcfa0537f43327f4bb9acfe1692f757fce353c4,,contestants/E10/13-archives/E10-grandchallenge-MATHSOLVE-adcfa0537f43327f4bb9acfe1692f757fce353c4.zip,MATHSOLVE-adcfa0537f43327f4bb9acfe1692f757fce353c4/work_packages/BSD_R2_A1_WP44A_KUMMER_IWASAWA_CONTROL_OVER_K/03_CLAIM_LEDGER.yaml,,b16654af,Filename/path inference; editable in the app
345631,work_packages/BSD_R2_A1_WP44A_KUMMER_IWASAWA_CONTROL_OVER_K/04_NORM_LIMIT_COMPLETION_NOTE.md,General / shared,2336,Pinned collected revision; final designation governed by team receipt | 2fd9fd643bf3e9e98d121dc2e7af1cf1be411ae2,https://codeload.github.com/grandchallenge/MATHSOLVE/zip/2fd9fd643bf3e9e98d121dc2e7af1cf1be411ae2,,contestants/E10/13-archives/E10-grandchallenge-MATHSOLVE-2fd9fd643bf3e9e98d121dc2e7af1cf1be411ae2.zip,MATHSOLVE-2fd9fd643bf3e9e98d121dc2e7af1cf1be411ae2/work_packages/BSD_R2_A1_WP44A_KUMMER_IWASAWA_CONTROL_OVER_K/04_NORM_LIMIT_COMPLETION_NOTE.md,,51b27118,Filename/path inference; editable in the app
348737,work_packages/BSD_R2_A1_WP44A_KUMMER_IWASAWA_CONTROL_OVER_K/04_NORM_LIMIT_COMPLETION_NOTE.md,General / shared,2336,Latest public revision collected separately; not an author-designated final | adcfa0537f43327f4bb9acfe1692f757fce353c4,https://codeload.github.com/grandchallenge/MATHSOLVE/zip/adcfa0537f43327f4bb9acfe1692f757fce353c4,,contestants/E10/13-archives/E10-grandchallenge-MATHSOLVE-adcfa0537f43327f4bb9acfe1692f757fce353c4.zip,MATHSOLVE-adcfa0537f43327f4bb9acfe1692f757fce353c4/work_packages/BSD_R2_A1_WP44A_KUMMER_IWASAWA_CONTROL_OVER_K/04_NORM_LIMIT_COMPLETION_NOTE.md,,51b27118,Filename/path inference; editable in the app
345634,work_packages/BSD_R2_A1_WP45A_DERIVED_KUMMER_LOCAL_CONDITION/02_CLAIM_LEDGER.yaml,General / shared,3094,Pinned collected revision; final designation governed by team receipt | 2fd9fd643bf3e9e98d121dc2e7af1cf1be411ae2,https://codeload.github.com/grandchallenge/MATHSOLVE/zip/2fd9fd643bf3e9e98d121dc2e7af1cf1be411ae2,,contestants/E10/13-archives/E10-grandchallenge-MATHSOLVE-2fd9fd643bf3e9e98d121dc2e7af1cf1be411ae2.zip,MATHSOLVE-2fd9fd643bf3e9e98d121dc2e7af1cf1be411ae2/work_packages/BSD_R2_A1_WP45A_DERIVED_KUMMER_LOCAL_CONDITION/02_CLAIM_LEDGER.yaml,,0bc4483a,Filename/path inference; editable in the app
348740,work_packages/BSD_R2_A1_WP45A_DERIVED_KUMMER_LOCAL_CONDITION/02_CLAIM_LEDGER.yaml,General / shared,3094,Latest public revision collected separately; not an author-designated final | adcfa0537f43327f4bb9acfe1692f757fce353c4,https://codeload.github.com/grandchallenge/MATHSOLVE/zip/adcfa0537f43327f4bb9acfe1692f757fce353c4,,contestants/E10/13-archives/E10-grandchallenge-MATHSOLVE-adcfa0537f43327f4bb9acfe1692f757fce353c4.zip,MATHSOLVE-adcfa0537f43327f4bb9acfe1692f757fce353c4/work_packages/BSD_R2_A1_WP45A_DERIVED_KUMMER_LOCAL_CONDITION/02_CLAIM_LEDGER.yaml,,0bc4483a,Filename/path inference; editable in the app
345638,work_packages/BSD_R2_A1_WP46A_STRICT_KUMMER_POSTNIKOV_OBSTRUCTION/03_CLAIM_LEDGER.yaml,General / shared,3012,Pinned collected revision; final designation governed by team receipt | 2fd9fd643bf3e9e98d121dc2e7af1cf1be411ae2,https://codeload.github.com/grandchallenge/MATHSOLVE/zip/2fd9fd643bf3e9e98d121dc2e7af1cf1be411ae2,,contestants/E10/13-archives/E10-grandchallenge-MATHSOLVE-2fd9fd643bf3e9e98d121dc2e7af1cf1be411ae2.zip,MATHSOLVE-2fd9fd643bf3e9e98d121dc2e7af1cf1be411ae2/work_packages/BSD_R2_A1_WP46A_STRICT_KUMMER_POSTNIKOV_OBSTRUCTION/03_CLAIM_LEDGER.yaml,,75f08d68,Filename/path inference; editable in the app
348744,work_packages/BSD_R2_A1_WP46A_STRICT_KUMMER_POSTNIKOV_OBSTRUCTION/03_CLAIM_LEDGER.yaml,General / shared,3012,Latest public revision collected separately; not an author-designated final | adcfa0537f43327f4bb9acfe1692f757fce353c4,https://codeload.github.com/grandchallenge/MATHSOLVE/zip/adcfa0537f43327f4bb9acfe1692f757fce353c4,,contestants/E10/13-archives/E10-grandchallenge-MATHSOLVE-adcfa0537f43327f4bb9acfe1692f757fce353c4.zip,MATHSOLVE-adcfa0537f43327f4bb9acfe1692f757fce353c4/work_packages/BSD_R2_A1_WP46A_STRICT_KUMMER_POSTNIKOV_OBSTRUCTION/03_CLAIM_LEDGER.yaml,,75f08d68,Filename/path inference; editable in the app
345641,work_packages/BSD_R2_A1_WP47A_LOCAL_FILTRATION_RECONCILIATION/02_CLAIM_LEDGER.yaml,General / shared,2501,Pinned collected revision; final designation governed by team receipt | 2fd9fd643bf3e9e98d121dc2e7af1cf1be411ae2,https://codeload.github.com/grandchallenge/MATHSOLVE/zip/2fd9fd643bf3e9e98d121dc2e7af1cf1be411ae2,,contestants/E10/13-archives/E10-grandchallenge-MATHSOLVE-2fd9fd643bf3e9e98d121dc2e7af1cf1be411ae2.zip,MATHSOLVE-2fd9fd643bf3e9e98d121dc2e7af1cf1be411ae2/work_packages/BSD_R2_A1_WP47A_LOCAL_FILTRATION_RECONCILIATION/02_CLAIM_LEDGER.yaml,,e1a862f9,Filename/path inference; editable in the app
348747,work_packages/BSD_R2_A1_WP47A_LOCAL_FILTRATION_RECONCILIATION/02_CLAIM_LEDGER.yaml,General / shared,2501,Latest public revision collected separately; not an author-designated final | adcfa0537f43327f4bb9acfe1692f757fce353c4,https://codeload.github.com/grandchallenge/MATHSOLVE/zip/adcfa0537f43327f4bb9acfe1692f757fce353c4,,contestants/E10/13-archives/E10-grandchallenge-MATHSOLVE-adcfa0537f43327f4bb9acfe1692f757fce353c4.zip,MATHSOLVE-adcfa0537f43327f4bb9acfe1692f757fce353c4/work_packages/BSD_R2_A1_WP47A_LOCAL_FILTRATION_RECONCILIATION/02_CLAIM_LEDGER.yaml,,e1a862f9,Filename/path inference; editable in the app
345644,work_packages/BSD_R2_A1_WP48A_GLOBAL_COMPARISON_CONE/02_CLAIM_LEDGER.yaml,General / shared,3080,Pinned collected revision; final designation governed by team receipt | 2fd9fd643bf3e9e98d121dc2e7af1cf1be411ae2,https://codeload.github.com/grandchallenge/MATHSOLVE/zip/2fd9fd643bf3e9e98d121dc2e7af1cf1be411ae2,,contestants/E10/13-archives/E10-grandchallenge-MATHSOLVE-2fd9fd643bf3e9e98d121dc2e7af1cf1be411ae2.zip,MATHSOLVE-2fd9fd643bf3e9e98d121dc2e7af1cf1be411ae2/work_packages/BSD_R2_A1_WP48A_GLOBAL_COMPARISON_CONE/02_CLAIM_LEDGER.yaml,,ac817c0c,Filename/path inference; editable in the app
348750,work_packages/BSD_R2_A1_WP48A_GLOBAL_COMPARISON_CONE/02_CLAIM_LEDGER.yaml,General / shared,3080,Latest public revision collected separately; not an author-designated final | adcfa0537f43327f4bb9acfe1692f757fce353c4,https://codeload.github.com/grandchallenge/MATHSOLVE/zip/adcfa0537f43327f4bb9acfe1692f757fce353c4,,contestants/E10/13-archives/E10-grandchallenge-MATHSOLVE-adcfa0537f43327f4bb9acfe1692f757fce353c4.zip,MATHSOLVE-adcfa0537f43327f4bb9acfe1692f757fce353c4/work_packages/BSD_R2_A1_WP48A_GLOBAL_COMPARISON_CONE/02_CLAIM_LEDGER.yaml,,ac817c0c,Filename/path inference; editable in the app
345647,work_packages/BSD_R2_A1_WP49A_BOCKSTEIN_CONTROL_QUOTIENT/02_CLAIM_LEDGER.yaml,General / shared,2233,Pinned collected revision; final designation governed by team receipt | 2fd9fd643bf3e9e98d121dc2e7af1cf1be411ae2,https://codeload.github.com/grandchallenge/MATHSOLVE/zip/2fd9fd643bf3e9e98d121dc2e7af1cf1be411ae2,,contestants/E10/13-archives/E10-grandchallenge-MATHSOLVE-2fd9fd643bf3e9e98d121dc2e7af1cf1be411ae2.zip,MATHSOLVE-2fd9fd643bf3e9e98d121dc2e7af1cf1be411ae2/work_packages/BSD_R2_A1_WP49A_BOCKSTEIN_CONTROL_QUOTIENT/02_CLAIM_LEDGER.yaml,,3e53dbc8,Filename/path inference; editable in the app
348753,work_packages/BSD_R2_A1_WP49A_BOCKSTEIN_CONTROL_QUOTIENT/02_CLAIM_LEDGER.yaml,General / shared,2233,Latest public revision collected separately; not an author-designated final | adcfa0537f43327f4bb9acfe1692f757fce353c4,https://codeload.github.com/grandchallenge/MATHSOLVE/zip/adcfa0537f43327f4bb9acfe1692f757fce353c4,,contestants/E10/13-archives/E10-grandchallenge-MATHSOLVE-adcfa0537f43327f4bb9acfe1692f757fce353c4.zip,MATHSOLVE-adcfa0537f43327f4bb9acfe1692f757fce353c4/work_packages/BSD_R2_A1_WP49A_BOCKSTEIN_CONTROL_QUOTIENT/02_CLAIM_LEDGER.yaml,,3e53dbc8,Filename/path inference; editable in the app
345650,work_packages/BSD_R2_A1_WP50A_STRICT_H2_SILENT_KERNEL/02_CLAIM_LEDGER.yaml,General / shared,1330,Pinned collected revision; final designation governed by team receipt | 2fd9fd643bf3e9e98d121dc2e7af1cf1be411ae2,https://codeload.github.com/grandchallenge/MATHSOLVE/zip/2fd9fd643bf3e9e98d121dc2e7af1cf1be411ae2,,contestants/E10/13-archives/E10-grandchallenge-MATHSOLVE-2fd9fd643bf3e9e98d121dc2e7af1cf1be411ae2.zip,MATHSOLVE-2fd9fd643bf3e9e98d121dc2e7af1cf1be411ae2/work_packages/BSD_R2_A1_WP50A_STRICT_H2_SILENT_KERNEL/02_CLAIM_LEDGER.yaml,,c70732f3,Filename/path inference; editable in the app
348756,work_packages/BSD_R2_A1_WP50A_STRICT_H2_SILENT_KERNEL/02_CLAIM_LEDGER.yaml,General / shared,1330,Latest public revision collected separately; not an author-designated final | adcfa0537f43327f4bb9acfe1692f757fce353c4,https://codeload.github.com/grandchallenge/MATHSOLVE/zip/adcfa0537f43327f4bb9acfe1692f757fce353c4,,contestants/E10/13-archives/E10-grandchallenge-MATHSOLVE-adcfa0537f43327f4bb9acfe1692f757fce353c4.zip,MATHSOLVE-adcfa0537f43327f4bb9acfe1692f757fce353c4/work_packages/BSD_R2_A1_WP50A_STRICT_H2_SILENT_KERNEL/02_CLAIM_LEDGER.yaml,,c70732f3,Filename/path inference; editable in the app
345653,work_packages/BSD_R2_A1_WP51A_MATLIS_HEIGHT_SEPARATION/02_CLAIM_LEDGER.yaml,General / shared,1804,Pinned collected revision; final designation governed by team receipt | 2fd9fd643bf3e9e98d121dc2e7af1cf1be411ae2,https://codeload.github.com/grandchallenge/MATHSOLVE/zip/2fd9fd643bf3e9e98d121dc2e7af1cf1be411ae2,,contestants/E10/13-archives/E10-grandchallenge-MATHSOLVE-2fd9fd643bf3e9e98d121dc2e7af1cf1be411ae2.zip,MATHSOLVE-2fd9fd643bf3e9e98d121dc2e7af1cf1be411ae2/work_packages/BSD_R2_A1_WP51A_MATLIS_HEIGHT_SEPARATION/02_CLAIM_LEDGER.yaml,,1a23690a,Filename/path inference; editable in the app
348759,work_packages/BSD_R2_A1_WP51A_MATLIS_HEIGHT_SEPARATION/02_CLAIM_LEDGER.yaml,General / shared,1804,Latest public revision collected separately; not an author-designated final | adcfa0537f43327f4bb9acfe1692f757fce353c4,https://codeload.github.com/grandchallenge/MATHSOLVE/zip/adcfa0537f43327f4bb9acfe1692f757fce353c4,,contestants/E10/13-archives/E10-grandchallenge-MATHSOLVE-adcfa0537f43327f4bb9acfe1692f757fce353c4.zip,MATHSOLVE-adcfa0537f43327f4bb9acfe1692f757fce353c4/work_packages/BSD_R2_A1_WP51A_MATLIS_HEIGHT_SEPARATION/02_CLAIM_LEDGER.yaml,,1a23690a,Filename/path inference; editable in the app
345656,work_packages/BSD_R2_A1_WP52A_FINITE_CONE_DETERMINANT/02_CLAIM_LEDGER.yaml,General / shared,1690,Pinned collected revision; final designation governed by team receipt | 2fd9fd643bf3e9e98d121dc2e7af1cf1be411ae2,https://codeload.github.com/grandchallenge/MATHSOLVE/zip/2fd9fd643bf3e9e98d121dc2e7af1cf1be411ae2,,contestants/E10/13-archives/E10-grandchallenge-MATHSOLVE-2fd9fd643bf3e9e98d121dc2e7af1cf1be411ae2.zip,MATHSOLVE-2fd9fd643bf3e9e98d121dc2e7af1cf1be411ae2/work_packages/BSD_R2_A1_WP52A_FINITE_CONE_DETERMINANT/02_CLAIM_LEDGER.yaml,,d56b61e8,Filename/path inference; editable in the app
348762,work_packages/BSD_R2_A1_WP52A_FINITE_CONE_DETERMINANT/02_CLAIM_LEDGER.yaml,General / shared,1690,Latest public revision collected separately; not an author-designated final | adcfa0537f43327f4bb9acfe1692f757fce353c4,https://codeload.github.com/grandchallenge/MATHSOLVE/zip/adcfa0537f43327f4bb9acfe1692f757fce353c4,,contestants/E10/13-archives/E10-grandchallenge-MATHSOLVE-adcfa0537f43327f4bb9acfe1692f757fce353c4.zip,MATHSOLVE-adcfa0537f43327f4bb9acfe1692f757fce353c4/work_packages/BSD_R2_A1_WP52A_FINITE_CONE_DETERMINANT/02_CLAIM_LEDGER.yaml,,d56b61e8,Filename/path inference; editable in the app
345659,work_packages/BSD_R2_A1_WP53A_SPLIT_BAD_QORD/02_CLAIM_LEDGER.yaml,General / shared,1758,Pinned collected revision; final designation governed by team receipt | 2fd9fd643bf3e9e98d121dc2e7af1cf1be411ae2,https://codeload.github.com/grandchallenge/MATHSOLVE/zip/2fd9fd643bf3e9e98d121dc2e7af1cf1be411ae2,,contestants/E10/13-archives/E10-grandchallenge-MATHSOLVE-2fd9fd643bf3e9e98d121dc2e7af1cf1be411ae2.zip,MATHSOLVE-2fd9fd643bf3e9e98d121dc2e7af1cf1be411ae2/work_packages/BSD_R2_A1_WP53A_SPLIT_BAD_QORD/02_CLAIM_LEDGER.yaml,,469916c9,Filename/path inference; editable in the app
348765,work_packages/BSD_R2_A1_WP53A_SPLIT_BAD_QORD/02_CLAIM_LEDGER.yaml,General / shared,1758,Latest public revision collected separately; not an author-designated final | adcfa0537f43327f4bb9acfe1692f757fce353c4,https://codeload.github.com/grandchallenge/MATHSOLVE/zip/adcfa0537f43327f4bb9acfe1692f757fce353c4,,contestants/E10/13-archives/E10-grandchallenge-MATHSOLVE-adcfa0537f43327f4bb9acfe1692f757fce353c4.zip,MATHSOLVE-adcfa0537f43327f4bb9acfe1692f757fce353c4/work_packages/BSD_R2_A1_WP53A_SPLIT_BAD_QORD/02_CLAIM_LEDGER.yaml,,469916c9,Filename/path inference; editable in the app
345662,work_packages/BSD_R2_A1_WP54A_GLOBAL_QORD_RECONCILIATION/02_CLAIM_LEDGER.yaml,General / shared,1919,Pinned collected revision; final designation governed by team receipt | 2fd9fd643bf3e9e98d121dc2e7af1cf1be411ae2,https://codeload.github.com/grandchallenge/MATHSOLVE/zip/2fd9fd643bf3e9e98d121dc2e7af1cf1be411ae2,,contestants/E10/13-archives/E10-grandchallenge-MATHSOLVE-2fd9fd643bf3e9e98d121dc2e7af1cf1be411ae2.zip,MATHSOLVE-2fd9fd643bf3e9e98d121dc2e7af1cf1be411ae2/work_packages/BSD_R2_A1_WP54A_GLOBAL_QORD_RECONCILIATION/02_CLAIM_LEDGER.yaml,,a120862c,Filename/path inference; editable in the app
348768,work_packages/BSD_R2_A1_WP54A_GLOBAL_QORD_RECONCILIATION/02_CLAIM_LEDGER.yaml,General / shared,1919,Latest public revision collected separately; not an author-designated final | adcfa0537f43327f4bb9acfe1692f757fce353c4,https://codeload.github.com/grandchallenge/MATHSOLVE/zip/adcfa0537f43327f4bb9acfe1692f757fce353c4,,contestants/E10/13-archives/E10-grandchallenge-MATHSOLVE-adcfa0537f43327f4bb9acfe1692f757fce353c4.zip,MATHSOLVE-adcfa0537f43327f4bb9acfe1692f757fce353c4/work_packages/BSD_R2_A1_WP54A_GLOBAL_QORD_RECONCILIATION/02_CLAIM_LEDGER.yaml,,a120862c,Filename/path inference; editable in the app
345666,work_packages/BSD_R2_A1_WP55A_CLASSICAL_GZ_WP00_NORMALIZATION/03_CLAIM_LEDGER.yaml,General / shared,1531,Pinned collected revision; final designation governed by team receipt | 2fd9fd643bf3e9e98d121dc2e7af1cf1be411ae2,https://codeload.github.com/grandchallenge/MATHSOLVE/zip/2fd9fd643bf3e9e98d121dc2e7af1cf1be411ae2,,contestants/E10/13-archives/E10-grandchallenge-MATHSOLVE-2fd9fd643bf3e9e98d121dc2e7af1cf1be411ae2.zip,MATHSOLVE-2fd9fd643bf3e9e98d121dc2e7af1cf1be411ae2/work_packages/BSD_R2_A1_WP55A_CLASSICAL_GZ_WP00_NORMALIZATION/03_CLAIM_LEDGER.yaml,,92f7e7d9,Filename/path inference; editable in the app
348772,work_packages/BSD_R2_A1_WP55A_CLASSICAL_GZ_WP00_NORMALIZATION/03_CLAIM_LEDGER.yaml,General / shared,1531,Latest public revision collected separately; not an author-designated final | adcfa0537f43327f4bb9acfe1692f757fce353c4,https://codeload.github.com/grandchallenge/MATHSOLVE/zip/adcfa0537f43327f4bb9acfe1692f757fce353c4,,contestants/E10/13-archives/E10-grandchallenge-MATHSOLVE-adcfa0537f43327f4bb9acfe1692f757fce353c4.zip,MATHSOLVE-adcfa0537f43327f4bb9acfe1692f757fce353c4/work_packages/BSD_R2_A1_WP55A_CLASSICAL_GZ_WP00_NORMALIZATION/03_CLAIM_LEDGER.yaml,,92f7e7d9,Filename/path inference; editable in the app
345669,work_packages/BSD_R2_A1_WP56A_CLASSICAL_HEIGHT_REGULATOR_DESCENT/02_CLAIM_LEDGER.yaml,General / shared,1631,Pinned collected revision; final designation governed by team receipt | 2fd9fd643bf3e9e98d121dc2e7af1cf1be411ae2,https://codeload.github.com/grandchallenge/MATHSOLVE/zip/2fd9fd643bf3e9e98d121dc2e7af1cf1be411ae2,,contestants/E10/13-archives/E10-grandchallenge-MATHSOLVE-2fd9fd643bf3e9e98d121dc2e7af1cf1be411ae2.zip,MATHSOLVE-2fd9fd643bf3e9e98d121dc2e7af1cf1be411ae2/work_packages/BSD_R2_A1_WP56A_CLASSICAL_HEIGHT_REGULATOR_DESCENT/02_CLAIM_LEDGER.yaml,,75099b04,Filename/path inference; editable in the app
348775,work_packages/BSD_R2_A1_WP56A_CLASSICAL_HEIGHT_REGULATOR_DESCENT/02_CLAIM_LEDGER.yaml,General / shared,1631,Latest public revision collected separately; not an author-designated final | adcfa0537f43327f4bb9acfe1692f757fce353c4,https://codeload.github.com/grandchallenge/MATHSOLVE/zip/adcfa0537f43327f4bb9acfe1692f757fce353c4,,contestants/E10/13-archives/E10-grandchallenge-MATHSOLVE-adcfa0537f43327f4bb9acfe1692f757fce353c4.zip,MATHSOLVE-adcfa0537f43327f4bb9acfe1692f757fce353c4/work_packages/BSD_R2_A1_WP56A_CLASSICAL_HEIGHT_REGULATOR_DESCENT/02_CLAIM_LEDGER.yaml,,75099b04,Filename/path inference; editable in the app
345672,work_packages/BSD_R2_A1_WP57A_AREA_TWIST_RATIONALIZATION/02_CLAIM_LEDGER.yaml,General / shared,1865,Pinned collected revision; final designation governed by team receipt | 2fd9fd643bf3e9e98d121dc2e7af1cf1be411ae2,https://codeload.github.com/grandchallenge/MATHSOLVE/zip/2fd9fd643bf3e9e98d121dc2e7af1cf1be411ae2,,contestants/E10/13-archives/E10-grandchallenge-MATHSOLVE-2fd9fd643bf3e9e98d121dc2e7af1cf1be411ae2.zip,MATHSOLVE-2fd9fd643bf3e9e98d121dc2e7af1cf1be411ae2/work_packages/BSD_R2_A1_WP57A_AREA_TWIST_RATIONALIZATION/02_CLAIM_LEDGER.yaml,,63ceeeb6,Filename/path inference; editable in the app
348778,work_packages/BSD_R2_A1_WP57A_AREA_TWIST_RATIONALIZATION/02_CLAIM_LEDGER.yaml,General / shared,1865,Latest public revision collected separately; not an author-designated final | adcfa0537f43327f4bb9acfe1692f757fce353c4,https://codeload.github.com/grandchallenge/MATHSOLVE/zip/adcfa0537f43327f4bb9acfe1692f757fce353c4,,contestants/E10/13-archives/E10-grandchallenge-MATHSOLVE-adcfa0537f43327f4bb9acfe1692f757fce353c4.zip,MATHSOLVE-adcfa0537f43327f4bb9acfe1692f757fce353c4/work_packages/BSD_R2_A1_WP57A_AREA_TWIST_RATIONALIZATION/02_CLAIM_LEDGER.yaml,,63ceeeb6,Filename/path inference; editable in the app
345675,work_packages/BSD_R2_A1_WP58A_MODULAR_DIFFERENTIAL_2UNIT/02_CLAIM_LEDGER.yaml,General / shared,1970,Pinned collected revision; final designation governed by team receipt | 2fd9fd643bf3e9e98d121dc2e7af1cf1be411ae2,https://codeload.github.com/grandchallenge/MATHSOLVE/zip/2fd9fd643bf3e9e98d121dc2e7af1cf1be411ae2,,contestants/E10/13-archives/E10-grandchallenge-MATHSOLVE-2fd9fd643bf3e9e98d121dc2e7af1cf1be411ae2.zip,MATHSOLVE-2fd9fd643bf3e9e98d121dc2e7af1cf1be411ae2/work_packages/BSD_R2_A1_WP58A_MODULAR_DIFFERENTIAL_2UNIT/02_CLAIM_LEDGER.yaml,,91c2a4c6,Filename/path inference; editable in the app
348781,work_packages/BSD_R2_A1_WP58A_MODULAR_DIFFERENTIAL_2UNIT/02_CLAIM_LEDGER.yaml,General / shared,1970,Latest public revision collected separately; not an author-designated final | adcfa0537f43327f4bb9acfe1692f757fce353c4,https://codeload.github.com/grandchallenge/MATHSOLVE/zip/adcfa0537f43327f4bb9acfe1692f757fce353c4,,contestants/E10/13-archives/E10-grandchallenge-MATHSOLVE-adcfa0537f43327f4bb9acfe1692f757fce353c4.zip,MATHSOLVE-adcfa0537f43327f4bb9acfe1692f757fce353c4/work_packages/BSD_R2_A1_WP58A_MODULAR_DIFFERENTIAL_2UNIT/02_CLAIM_LEDGER.yaml,,91c2a4c6,Filename/path inference; editable in the app
345678,work_packages/BSD_R2_A1_WP59_LITERAL_P2_RESIDUAL_BARRIER/02_CLAIM_LEDGER.yaml,General / shared,1794,Pinned collected revision; final designation governed by team receipt | 2fd9fd643bf3e9e98d121dc2e7af1cf1be411ae2,https://codeload.github.com/grandchallenge/MATHSOLVE/zip/2fd9fd643bf3e9e98d121dc2e7af1cf1be411ae2,,contestants/E10/13-archives/E10-grandchallenge-MATHSOLVE-2fd9fd643bf3e9e98d121dc2e7af1cf1be411ae2.zip,MATHSOLVE-2fd9fd643bf3e9e98d121dc2e7af1cf1be411ae2/work_packages/BSD_R2_A1_WP59_LITERAL_P2_RESIDUAL_BARRIER/02_CLAIM_LEDGER.yaml,,4491ec6b,Filename/path inference; editable in the app
348784,work_packages/BSD_R2_A1_WP59_LITERAL_P2_RESIDUAL_BARRIER/02_CLAIM_LEDGER.yaml,General / shared,1794,Latest public revision collected separately; not an author-designated final | adcfa0537f43327f4bb9acfe1692f757fce353c4,https://codeload.github.com/grandchallenge/MATHSOLVE/zip/adcfa0537f43327f4bb9acfe1692f757fce353c4,,contestants/E10/13-archives/E10-grandchallenge-MATHSOLVE-adcfa0537f43327f4bb9acfe1692f757fce353c4.zip,MATHSOLVE-adcfa0537f43327f4bb9acfe1692f757fce353c4/work_packages/BSD_R2_A1_WP59_LITERAL_P2_RESIDUAL_BARRIER/02_CLAIM_LEDGER.yaml,,4491ec6b,Filename/path inference; editable in the app
345681,work_packages/BSD_R2_A1_WP60A_A0_DETERMINANT_DEPENDENCY_MAP/02_CLAIM_LEDGER.yaml,General / shared,2722,Pinned collected revision; final designation governed by team receipt | 2fd9fd643bf3e9e98d121dc2e7af1cf1be411ae2,https://codeload.github.com/grandchallenge/MATHSOLVE/zip/2fd9fd643bf3e9e98d121dc2e7af1cf1be411ae2,,contestants/E10/13-archives/E10-grandchallenge-MATHSOLVE-2fd9fd643bf3e9e98d121dc2e7af1cf1be411ae2.zip,MATHSOLVE-2fd9fd643bf3e9e98d121dc2e7af1cf1be411ae2/work_packages/BSD_R2_A1_WP60A_A0_DETERMINANT_DEPENDENCY_MAP/02_CLAIM_LEDGER.yaml,,35395d70,Filename/path inference; editable in the app
348787,work_packages/BSD_R2_A1_WP60A_A0_DETERMINANT_DEPENDENCY_MAP/02_CLAIM_LEDGER.yaml,General / shared,2722,Latest public revision collected separately; not an author-designated final | adcfa0537f43327f4bb9acfe1692f757fce353c4,https://codeload.github.com/grandchallenge/MATHSOLVE/zip/adcfa0537f43327f4bb9acfe1692f757fce353c4,,contestants/E10/13-archives/E10-grandchallenge-MATHSOLVE-adcfa0537f43327f4bb9acfe1692f757fce353c4.zip,MATHSOLVE-adcfa0537f43327f4bb9acfe1692f757fce353c4/work_packages/BSD_R2_A1_WP60A_A0_DETERMINANT_DEPENDENCY_MAP/02_CLAIM_LEDGER.yaml,,35395d70,Filename/path inference; editable in the app
345684,work_packages/BSD_R2_A1_WP60A_A1_DETERMINANT_MEMBERSHIP/02_CLAIM_LEDGER.yaml,General / shared,2631,Pinned collected revision; final designation governed by team receipt | 2fd9fd643bf3e9e98d121dc2e7af1cf1be411ae2,https://codeload.github.com/grandchallenge/MATHSOLVE/zip/2fd9fd643bf3e9e98d121dc2e7af1cf1be411ae2,,contestants/E10/13-archives/E10-grandchallenge-MATHSOLVE-2fd9fd643bf3e9e98d121dc2e7af1cf1be411ae2.zip,MATHSOLVE-2fd9fd643bf3e9e98d121dc2e7af1cf1be411ae2/work_packages/BSD_R2_A1_WP60A_A1_DETERMINANT_MEMBERSHIP/02_CLAIM_LEDGER.yaml,,45e54aad,Filename/path inference; editable in the app
348790,work_packages/BSD_R2_A1_WP60A_A1_DETERMINANT_MEMBERSHIP/02_CLAIM_LEDGER.yaml,General / shared,2631,Latest public revision collected separately; not an author-designated final | adcfa0537f43327f4bb9acfe1692f757fce353c4,https://codeload.github.com/grandchallenge/MATHSOLVE/zip/adcfa0537f43327f4bb9acfe1692f757fce353c4,,contestants/E10/13-archives/E10-grandchallenge-MATHSOLVE-adcfa0537f43327f4bb9acfe1692f757fce353c4.zip,MATHSOLVE-adcfa0537f43327f4bb9acfe1692f757fce353c4/work_packages/BSD_R2_A1_WP60A_A1_DETERMINANT_MEMBERSHIP/02_CLAIM_LEDGER.yaml,,45e54aad,Filename/path inference; editable in the app
345687,work_packages/BSD_R2_A1_WP60B_KRIZ_LI_TRANSPORT/02_CLAIM_LEDGER.yaml,General / shared,3554,Pinned collected revision; final designation governed by team receipt | 2fd9fd643bf3e9e98d121dc2e7af1cf1be411ae2,https://codeload.github.com/grandchallenge/MATHSOLVE/zip/2fd9fd643bf3e9e98d121dc2e7af1cf1be411ae2,,contestants/E10/13-archives/E10-grandchallenge-MATHSOLVE-2fd9fd643bf3e9e98d121dc2e7af1cf1be411ae2.zip,MATHSOLVE-2fd9fd643bf3e9e98d121dc2e7af1cf1be411ae2/work_packages/BSD_R2_A1_WP60B_KRIZ_LI_TRANSPORT/02_CLAIM_LEDGER.yaml,,7de8b1f7,Filename/path inference; editable in the app
348793,work_packages/BSD_R2_A1_WP60B_KRIZ_LI_TRANSPORT/02_CLAIM_LEDGER.yaml,General / shared,3554,Latest public revision collected separately; not an author-designated final | adcfa0537f43327f4bb9acfe1692f757fce353c4,https://codeload.github.com/grandchallenge/MATHSOLVE/zip/adcfa0537f43327f4bb9acfe1692f757fce353c4,,contestants/E10/13-archives/E10-grandchallenge-MATHSOLVE-adcfa0537f43327f4bb9acfe1692f757fce353c4.zip,MATHSOLVE-adcfa0537f43327f4bb9acfe1692f757fce353c4/work_packages/BSD_R2_A1_WP60B_KRIZ_LI_TRANSPORT/02_CLAIM_LEDGER.yaml,,7de8b1f7,Filename/path inference; editable in the app
345690,work_packages/BSD_R2_A1_WP60D_SURVIVING_ROUTE_REDUCTION/02_CLAIM_LEDGER.yaml,General / shared,2590,Pinned collected revision; final designation governed by team receipt | 2fd9fd643bf3e9e98d121dc2e7af1cf1be411ae2,https://codeload.github.com/grandchallenge/MATHSOLVE/zip/2fd9fd643bf3e9e98d121dc2e7af1cf1be411ae2,,contestants/E10/13-archives/E10-grandchallenge-MATHSOLVE-2fd9fd643bf3e9e98d121dc2e7af1cf1be411ae2.zip,MATHSOLVE-2fd9fd643bf3e9e98d121dc2e7af1cf1be411ae2/work_packages/BSD_R2_A1_WP60D_SURVIVING_ROUTE_REDUCTION/02_CLAIM_LEDGER.yaml,,80ab4efc,Filename/path inference; editable in the app
348796,work_packages/BSD_R2_A1_WP60D_SURVIVING_ROUTE_REDUCTION/02_CLAIM_LEDGER.yaml,General / shared,2590,Latest public revision collected separately; not an author-designated final | adcfa0537f43327f4bb9acfe1692f757fce353c4,https://codeload.github.com/grandchallenge/MATHSOLVE/zip/adcfa0537f43327f4bb9acfe1692f757fce353c4,,contestants/E10/13-archives/E10-grandchallenge-MATHSOLVE-adcfa0537f43327f4bb9acfe1692f757fce353c4.zip,MATHSOLVE-adcfa0537f43327f4bb9acfe1692f757fce353c4/work_packages/BSD_R2_A1_WP60D_SURVIVING_ROUTE_REDUCTION/02_CLAIM_LEDGER.yaml,,80ab4efc,Filename/path inference; editable in the app
345693,work_packages/BSD_R2_A1_WP60E_FINITE_LEVEL_R5_BARRIER/02_CLAIM_LEDGER.yaml,General / shared,2472,Pinned collected revision; final designation governed by team receipt | 2fd9fd643bf3e9e98d121dc2e7af1cf1be411ae2,https://codeload.github.com/grandchallenge/MATHSOLVE/zip/2fd9fd643bf3e9e98d121dc2e7af1cf1be411ae2,,contestants/E10/13-archives/E10-grandchallenge-MATHSOLVE-2fd9fd643bf3e9e98d121dc2e7af1cf1be411ae2.zip,MATHSOLVE-2fd9fd643bf3e9e98d121dc2e7af1cf1be411ae2/work_packages/BSD_R2_A1_WP60E_FINITE_LEVEL_R5_BARRIER/02_CLAIM_LEDGER.yaml,,6abf57d2,Filename/path inference; editable in the app
348799,work_packages/BSD_R2_A1_WP60E_FINITE_LEVEL_R5_BARRIER/02_CLAIM_LEDGER.yaml,General / shared,2472,Latest public revision collected separately; not an author-designated final | adcfa0537f43327f4bb9acfe1692f757fce353c4,https://codeload.github.com/grandchallenge/MATHSOLVE/zip/adcfa0537f43327f4bb9acfe1692f757fce353c4,,contestants/E10/13-archives/E10-grandchallenge-MATHSOLVE-adcfa0537f43327f4bb9acfe1692f757fce353c4.zip,MATHSOLVE-adcfa0537f43327f4bb9acfe1692f757fce353c4/work_packages/BSD_R2_A1_WP60E_FINITE_LEVEL_R5_BARRIER/02_CLAIM_LEDGER.yaml,,6abf57d2,Filename/path inference; editable in the app
345696,work_packages/BSD_R2_A1_WP60F_BSS_P2_PROOF_BOUNDARIES/02_CLAIM_LEDGER.yaml,General / shared,2301,Pinned collected revision; final designation governed by team receipt | 2fd9fd643bf3e9e98d121dc2e7af1cf1be411ae2,https://codeload.github.com/grandchallenge/MATHSOLVE/zip/2fd9fd643bf3e9e98d121dc2e7af1cf1be411ae2,,contestants/E10/13-archives/E10-grandchallenge-MATHSOLVE-2fd9fd643bf3e9e98d121dc2e7af1cf1be411ae2.zip,MATHSOLVE-2fd9fd643bf3e9e98d121dc2e7af1cf1be411ae2/work_packages/BSD_R2_A1_WP60F_BSS_P2_PROOF_BOUNDARIES/02_CLAIM_LEDGER.yaml,,0746a2e2,Filename/path inference; editable in the app
348802,work_packages/BSD_R2_A1_WP60F_BSS_P2_PROOF_BOUNDARIES/02_CLAIM_LEDGER.yaml,General / shared,2301,Latest public revision collected separately; not an author-designated final | adcfa0537f43327f4bb9acfe1692f757fce353c4,https://codeload.github.com/grandchallenge/MATHSOLVE/zip/adcfa0537f43327f4bb9acfe1692f757fce353c4,,contestants/E10/13-archives/E10-grandchallenge-MATHSOLVE-adcfa0537f43327f4bb9acfe1692f757fce353c4.zip,MATHSOLVE-adcfa0537f43327f4bb9acfe1692f757fce353c4/work_packages/BSD_R2_A1_WP60F_BSS_P2_PROOF_BOUNDARIES/02_CLAIM_LEDGER.yaml,,0746a2e2,Filename/path inference; editable in the app
345699,work_packages/BSD_R2_A1_WP60G_SELF_DUAL_P2_PAIRWISE_LOCALIZATION/02_CLAIM_LEDGER.yaml,General / shared,2798,Pinned collected revision; final designation governed by team receipt | 2fd9fd643bf3e9e98d121dc2e7af1cf1be411ae2,https://codeload.github.com/grandchallenge/MATHSOLVE/zip/2fd9fd643bf3e9e98d121dc2e7af1cf1be411ae2,,contestants/E10/13-archives/E10-grandchallenge-MATHSOLVE-2fd9fd643bf3e9e98d121dc2e7af1cf1be411ae2.zip,MATHSOLVE-2fd9fd643bf3e9e98d121dc2e7af1cf1be411ae2/work_packages/BSD_R2_A1_WP60G_SELF_DUAL_P2_PAIRWISE_LOCALIZATION/02_CLAIM_LEDGER.yaml,,814fa494,Filename/path inference; editable in the app
348805,work_packages/BSD_R2_A1_WP60G_SELF_DUAL_P2_PAIRWISE_LOCALIZATION/02_CLAIM_LEDGER.yaml,General / shared,2798,Latest public revision collected separately; not an author-designated final | adcfa0537f43327f4bb9acfe1692f757fce353c4,https://codeload.github.com/grandchallenge/MATHSOLVE/zip/adcfa0537f43327f4bb9acfe1692f757fce353c4,,contestants/E10/13-archives/E10-grandchallenge-MATHSOLVE-adcfa0537f43327f4bb9acfe1692f757fce353c4.zip,MATHSOLVE-adcfa0537f43327f4bb9acfe1692f757fce353c4/work_packages/BSD_R2_A1_WP60G_SELF_DUAL_P2_PAIRWISE_LOCALIZATION/02_CLAIM_LEDGER.yaml,,814fa494,Filename/path inference; editable in the app
345702,work_packages/BSD_R2_A1_WP60H_FOUR_FIBER_RELATION_REDUCTION/02_CLAIM_LEDGER.yaml,General / shared,3349,Pinned collected revision; final designation governed by team receipt | 2fd9fd643bf3e9e98d121dc2e7af1cf1be411ae2,https://codeload.github.com/grandchallenge/MATHSOLVE/zip/2fd9fd643bf3e9e98d121dc2e7af1cf1be411ae2,,contestants/E10/13-archives/E10-grandchallenge-MATHSOLVE-2fd9fd643bf3e9e98d121dc2e7af1cf1be411ae2.zip,MATHSOLVE-2fd9fd643bf3e9e98d121dc2e7af1cf1be411ae2/work_packages/BSD_R2_A1_WP60H_FOUR_FIBER_RELATION_REDUCTION/02_CLAIM_LEDGER.yaml,,a149772d,Filename/path inference; editable in the app
348808,work_packages/BSD_R2_A1_WP60H_FOUR_FIBER_RELATION_REDUCTION/02_CLAIM_LEDGER.yaml,General / shared,3349,Latest public revision collected separately; not an author-designated final | adcfa0537f43327f4bb9acfe1692f757fce353c4,https://codeload.github.com/grandchallenge/MATHSOLVE/zip/adcfa0537f43327f4bb9acfe1692f757fce353c4,,contestants/E10/13-archives/E10-grandchallenge-MATHSOLVE-adcfa0537f43327f4bb9acfe1692f757fce353c4.zip,MATHSOLVE-adcfa0537f43327f4bb9acfe1692f757fce353c4/work_packages/BSD_R2_A1_WP60H_FOUR_FIBER_RELATION_REDUCTION/02_CLAIM_LEDGER.yaml,,a149772d,Filename/path inference; editable in the app
345706,work_packages/BSD_R2_A1_WP60I_BSS_H2_H3_SELECTED_LANE/03_CLAIM_LEDGER.yaml,General / shared,2218,Pinned collected revision; final designation governed by team receipt | 2fd9fd643bf3e9e98d121dc2e7af1cf1be411ae2,https://codeload.github.com/grandchallenge/MATHSOLVE/zip/2fd9fd643bf3e9e98d121dc2e7af1cf1be411ae2,,contestants/E10/13-archives/E10-grandchallenge-MATHSOLVE-2fd9fd643bf3e9e98d121dc2e7af1cf1be411ae2.zip,MATHSOLVE-2fd9fd643bf3e9e98d121dc2e7af1cf1be411ae2/work_packages/BSD_R2_A1_WP60I_BSS_H2_H3_SELECTED_LANE/03_CLAIM_LEDGER.yaml,,8a9ddf57,Filename/path inference; editable in the app
348812,work_packages/BSD_R2_A1_WP60I_BSS_H2_H3_SELECTED_LANE/03_CLAIM_LEDGER.yaml,General / shared,2218,Latest public revision collected separately; not an author-designated final | adcfa0537f43327f4bb9acfe1692f757fce353c4,https://codeload.github.com/grandchallenge/MATHSOLVE/zip/adcfa0537f43327f4bb9acfe1692f757fce353c4,,contestants/E10/13-archives/E10-grandchallenge-MATHSOLVE-adcfa0537f43327f4bb9acfe1692f757fce353c4.zip,MATHSOLVE-adcfa0537f43327f4bb9acfe1692f757fce353c4/work_packages/BSD_R2_A1_WP60I_BSS_H2_H3_SELECTED_LANE/03_CLAIM_LEDGER.yaml,,8a9ddf57,Filename/path inference; editable in the app
345710,work_packages/BSD_R2_A1_WP60J_BSS_RESIDUAL_HYP32/03_CLAIM_LEDGER.yaml,General / shared,1532,Pinned collected revision; final designation governed by team receipt | 2fd9fd643bf3e9e98d121dc2e7af1cf1be411ae2,https://codeload.github.com/grandchallenge/MATHSOLVE/zip/2fd9fd643bf3e9e98d121dc2e7af1cf1be411ae2,,contestants/E10/13-archives/E10-grandchallenge-MATHSOLVE-2fd9fd643bf3e9e98d121dc2e7af1cf1be411ae2.zip,MATHSOLVE-2fd9fd643bf3e9e98d121dc2e7af1cf1be411ae2/work_packages/BSD_R2_A1_WP60J_BSS_RESIDUAL_HYP32/03_CLAIM_LEDGER.yaml,,69f20489,Filename/path inference; editable in the app
348816,work_packages/BSD_R2_A1_WP60J_BSS_RESIDUAL_HYP32/03_CLAIM_LEDGER.yaml,General / shared,1532,Latest public revision collected separately; not an author-designated final | adcfa0537f43327f4bb9acfe1692f757fce353c4,https://codeload.github.com/grandchallenge/MATHSOLVE/zip/adcfa0537f43327f4bb9acfe1692f757fce353c4,,contestants/E10/13-archives/E10-grandchallenge-MATHSOLVE-adcfa0537f43327f4bb9acfe1692f757fce353c4.zip,MATHSOLVE-adcfa0537f43327f4bb9acfe1692f757fce353c4/work_packages/BSD_R2_A1_WP60J_BSS_RESIDUAL_HYP32/03_CLAIM_LEDGER.yaml,,69f20489,Filename/path inference; editable in the app
345715,work_packages/BSD_R2_A1_WP60K_BSS_MOD4_HYP32_OBSTRUCTION/03_CLAIM_LEDGER.yaml,General / shared,1754,Pinned collected revision; final designation governed by team receipt | 2fd9fd643bf3e9e98d121dc2e7af1cf1be411ae2,https://codeload.github.com/grandchallenge/MATHSOLVE/zip/2fd9fd643bf3e9e98d121dc2e7af1cf1be411ae2,,contestants/E10/13-archives/E10-grandchallenge-MATHSOLVE-2fd9fd643bf3e9e98d121dc2e7af1cf1be411ae2.zip,MATHSOLVE-2fd9fd643bf3e9e98d121dc2e7af1cf1be411ae2/work_packages/BSD_R2_A1_WP60K_BSS_MOD4_HYP32_OBSTRUCTION/03_CLAIM_LEDGER.yaml,,57ace20a,Filename/path inference; editable in the app
348821,work_packages/BSD_R2_A1_WP60K_BSS_MOD4_HYP32_OBSTRUCTION/03_CLAIM_LEDGER.yaml,General / shared,1754,Latest public revision collected separately; not an author-designated final | adcfa0537f43327f4bb9acfe1692f757fce353c4,https://codeload.github.com/grandchallenge/MATHSOLVE/zip/adcfa0537f43327f4bb9acfe1692f757fce353c4,,contestants/E10/13-archives/E10-grandchallenge-MATHSOLVE-adcfa0537f43327f4bb9acfe1692f757fce353c4.zip,MATHSOLVE-adcfa0537f43327f4bb9acfe1692f757fce353c4/work_packages/BSD_R2_A1_WP60K_BSS_MOD4_HYP32_OBSTRUCTION/03_CLAIM_LEDGER.yaml,,57ace20a,Filename/path inference; editable in the app
345720,work_packages/BSD_R2_A1_WP60L_BSS_SELMER_RESTRICTED_HYP32III/03_CLAIM_LEDGER.yaml,General / shared,2248,Pinned collected revision; final designation governed by team receipt | 2fd9fd643bf3e9e98d121dc2e7af1cf1be411ae2,https://codeload.github.com/grandchallenge/MATHSOLVE/zip/2fd9fd643bf3e9e98d121dc2e7af1cf1be411ae2,,contestants/E10/13-archives/E10-grandchallenge-MATHSOLVE-2fd9fd643bf3e9e98d121dc2e7af1cf1be411ae2.zip,MATHSOLVE-2fd9fd643bf3e9e98d121dc2e7af1cf1be411ae2/work_packages/BSD_R2_A1_WP60L_BSS_SELMER_RESTRICTED_HYP32III/03_CLAIM_LEDGER.yaml,,3cfde459,Filename/path inference; editable in the app
348826,work_packages/BSD_R2_A1_WP60L_BSS_SELMER_RESTRICTED_HYP32III/03_CLAIM_LEDGER.yaml,General / shared,2248,Latest public revision collected separately; not an author-designated final | adcfa0537f43327f4bb9acfe1692f757fce353c4,https://codeload.github.com/grandchallenge/MATHSOLVE/zip/adcfa0537f43327f4bb9acfe1692f757fce353c4,,contestants/E10/13-archives/E10-grandchallenge-MATHSOLVE-adcfa0537f43327f4bb9acfe1692f757fce353c4.zip,MATHSOLVE-adcfa0537f43327f4bb9acfe1692f757fce353c4/work_packages/BSD_R2_A1_WP60L_BSS_SELMER_RESTRICTED_HYP32III/03_CLAIM_LEDGER.yaml,,3cfde459,Filename/path inference; editable in the app
345725,work_packages/BSD_R2_A1_WP60M_BSS_ALL_LEVEL_SELMER_HYP32III/03_CLAIM_LEDGER.yaml,General / shared,2244,Pinned collected revision; final designation governed by team receipt | 2fd9fd643bf3e9e98d121dc2e7af1cf1be411ae2,https://codeload.github.com/grandchallenge/MATHSOLVE/zip/2fd9fd643bf3e9e98d121dc2e7af1cf1be411ae2,,contestants/E10/13-archives/E10-grandchallenge-MATHSOLVE-2fd9fd643bf3e9e98d121dc2e7af1cf1be411ae2.zip,MATHSOLVE-2fd9fd643bf3e9e98d121dc2e7af1cf1be411ae2/work_packages/BSD_R2_A1_WP60M_BSS_ALL_LEVEL_SELMER_HYP32III/03_CLAIM_LEDGER.yaml,,0b46d721,Filename/path inference; editable in the app
348831,work_packages/BSD_R2_A1_WP60M_BSS_ALL_LEVEL_SELMER_HYP32III/03_CLAIM_LEDGER.yaml,General / shared,2244,Latest public revision collected separately; not an author-designated final | adcfa0537f43327f4bb9acfe1692f757fce353c4,https://codeload.github.com/grandchallenge/MATHSOLVE/zip/adcfa0537f43327f4bb9acfe1692f757fce353c4,,contestants/E10/13-archives/E10-grandchallenge-MATHSOLVE-adcfa0537f43327f4bb9acfe1692f757fce353c4.zip,MATHSOLVE-adcfa0537f43327f4bb9acfe1692f757fce353c4/work_packages/BSD_R2_A1_WP60M_BSS_ALL_LEVEL_SELMER_HYP32III/03_CLAIM_LEDGER.yaml,,0b46d721,Filename/path inference; editable in the app
345730,work_packages/BSD_R2_A1_WP60N_COISOTROPIC_P2_CONNECTIVITY/03_CLAIM_LEDGER.yaml,General / shared,2109,Pinned collected revision; final designation governed by team receipt | 2fd9fd643bf3e9e98d121dc2e7af1cf1be411ae2,https://codeload.github.com/grandchallenge/MATHSOLVE/zip/2fd9fd643bf3e9e98d121dc2e7af1cf1be411ae2,,contestants/E10/13-archives/E10-grandchallenge-MATHSOLVE-2fd9fd643bf3e9e98d121dc2e7af1cf1be411ae2.zip,MATHSOLVE-2fd9fd643bf3e9e98d121dc2e7af1cf1be411ae2/work_packages/BSD_R2_A1_WP60N_COISOTROPIC_P2_CONNECTIVITY/03_CLAIM_LEDGER.yaml,,d4f49121,Filename/path inference; editable in the app
348836,work_packages/BSD_R2_A1_WP60N_COISOTROPIC_P2_CONNECTIVITY/03_CLAIM_LEDGER.yaml,General / shared,2109,Latest public revision collected separately; not an author-designated final | adcfa0537f43327f4bb9acfe1692f757fce353c4,https://codeload.github.com/grandchallenge/MATHSOLVE/zip/adcfa0537f43327f4bb9acfe1692f757fce353c4,,contestants/E10/13-archives/E10-grandchallenge-MATHSOLVE-adcfa0537f43327f4bb9acfe1692f757fce353c4.zip,MATHSOLVE-adcfa0537f43327f4bb9acfe1692f757fce353c4/work_packages/BSD_R2_A1_WP60N_COISOTROPIC_P2_CONNECTIVITY/03_CLAIM_LEDGER.yaml,,d4f49121,Filename/path inference; editable in the app
345734,work_packages/BSD_R2_A1_WP60Q_SELECTED_P2_CORE_GRAPH/03_CLAIM_LEDGER.yaml,General / shared,1628,Pinned collected revision; final designation governed by team receipt | 2fd9fd643bf3e9e98d121dc2e7af1cf1be411ae2,https://codeload.github.com/grandchallenge/MATHSOLVE/zip/2fd9fd643bf3e9e98d121dc2e7af1cf1be411ae2,,contestants/E10/13-archives/E10-grandchallenge-MATHSOLVE-2fd9fd643bf3e9e98d121dc2e7af1cf1be411ae2.zip,MATHSOLVE-2fd9fd643bf3e9e98d121dc2e7af1cf1be411ae2/work_packages/BSD_R2_A1_WP60Q_SELECTED_P2_CORE_GRAPH/03_CLAIM_LEDGER.yaml,,2ee65335,Filename/path inference; editable in the app
348840,work_packages/BSD_R2_A1_WP60Q_SELECTED_P2_CORE_GRAPH/03_CLAIM_LEDGER.yaml,General / shared,1628,Latest public revision collected separately; not an author-designated final | adcfa0537f43327f4bb9acfe1692f757fce353c4,https://codeload.github.com/grandchallenge/MATHSOLVE/zip/adcfa0537f43327f4bb9acfe1692f757fce353c4,,contestants/E10/13-archives/E10-grandchallenge-MATHSOLVE-adcfa0537f43327f4bb9acfe1692f757fce353c4.zip,MATHSOLVE-adcfa0537f43327f4bb9acfe1692f757fce353c4/work_packages/BSD_R2_A1_WP60Q_SELECTED_P2_CORE_GRAPH/03_CLAIM_LEDGER.yaml,,2ee65335,Filename/path inference; editable in the app
345739,work_packages/BSD_R2_A1_WP60R_BSS_THEOREM_REPLAY/03_CLAIM_LEDGER.yaml,General / shared,3890,Pinned collected revision; final designation governed by team receipt | 2fd9fd643bf3e9e98d121dc2e7af1cf1be411ae2,https://codeload.github.com/grandchallenge/MATHSOLVE/zip/2fd9fd643bf3e9e98d121dc2e7af1cf1be411ae2,,contestants/E10/13-archives/E10-grandchallenge-MATHSOLVE-2fd9fd643bf3e9e98d121dc2e7af1cf1be411ae2.zip,MATHSOLVE-2fd9fd643bf3e9e98d121dc2e7af1cf1be411ae2/work_packages/BSD_R2_A1_WP60R_BSS_THEOREM_REPLAY/03_CLAIM_LEDGER.yaml,,44000b21,Filename/path inference; editable in the app
348845,work_packages/BSD_R2_A1_WP60R_BSS_THEOREM_REPLAY/03_CLAIM_LEDGER.yaml,General / shared,3890,Latest public revision collected separately; not an author-designated final | adcfa0537f43327f4bb9acfe1692f757fce353c4,https://codeload.github.com/grandchallenge/MATHSOLVE/zip/adcfa0537f43327f4bb9acfe1692f757fce353c4,,contestants/E10/13-archives/E10-grandchallenge-MATHSOLVE-adcfa0537f43327f4bb9acfe1692f757fce353c4.zip,MATHSOLVE-adcfa0537f43327f4bb9acfe1692f757fce353c4/work_packages/BSD_R2_A1_WP60R_BSS_THEOREM_REPLAY/03_CLAIM_LEDGER.yaml,,44000b21,Filename/path inference; editable in the app
345743,work_packages/BSD_R2_A1_WP60S_BSS_INVERSE_LIMIT/03_CLAIM_LEDGER.yaml,General / shared,3194,Pinned collected revision; final designation governed by team receipt | 2fd9fd643bf3e9e98d121dc2e7af1cf1be411ae2,https://codeload.github.com/grandchallenge/MATHSOLVE/zip/2fd9fd643bf3e9e98d121dc2e7af1cf1be411ae2,,contestants/E10/13-archives/E10-grandchallenge-MATHSOLVE-2fd9fd643bf3e9e98d121dc2e7af1cf1be411ae2.zip,MATHSOLVE-2fd9fd643bf3e9e98d121dc2e7af1cf1be411ae2/work_packages/BSD_R2_A1_WP60S_BSS_INVERSE_LIMIT/03_CLAIM_LEDGER.yaml,,ea524e03,Filename/path inference; editable in the app
348849,work_packages/BSD_R2_A1_WP60S_BSS_INVERSE_LIMIT/03_CLAIM_LEDGER.yaml,General / shared,3194,Latest public revision collected separately; not an author-designated final | adcfa0537f43327f4bb9acfe1692f757fce353c4,https://codeload.github.com/grandchallenge/MATHSOLVE/zip/adcfa0537f43327f4bb9acfe1692f757fce353c4,,contestants/E10/13-archives/E10-grandchallenge-MATHSOLVE-adcfa0537f43327f4bb9acfe1692f757fce353c4.zip,MATHSOLVE-adcfa0537f43327f4bb9acfe1692f757fce353c4/work_packages/BSD_R2_A1_WP60S_BSS_INVERSE_LIMIT/03_CLAIM_LEDGER.yaml,,ea524e03,Filename/path inference; editable in the app
345748,work_packages/BSD_R2_A1_WP60T_BSS_DERIVATIVE_APPLICATION/03_CLAIM_LEDGER.yaml,General / shared,2530,Pinned collected revision; final designation governed by team receipt | 2fd9fd643bf3e9e98d121dc2e7af1cf1be411ae2,https://codeload.github.com/grandchallenge/MATHSOLVE/zip/2fd9fd643bf3e9e98d121dc2e7af1cf1be411ae2,,contestants/E10/13-archives/E10-grandchallenge-MATHSOLVE-2fd9fd643bf3e9e98d121dc2e7af1cf1be411ae2.zip,MATHSOLVE-2fd9fd643bf3e9e98d121dc2e7af1cf1be411ae2/work_packages/BSD_R2_A1_WP60T_BSS_DERIVATIVE_APPLICATION/03_CLAIM_LEDGER.yaml,,2d5db856,Filename/path inference; editable in the app
348854,work_packages/BSD_R2_A1_WP60T_BSS_DERIVATIVE_APPLICATION/03_CLAIM_LEDGER.yaml,General / shared,2530,Latest public revision collected separately; not an author-designated final | adcfa0537f43327f4bb9acfe1692f757fce353c4,https://codeload.github.com/grandchallenge/MATHSOLVE/zip/adcfa0537f43327f4bb9acfe1692f757fce353c4,,contestants/E10/13-archives/E10-grandchallenge-MATHSOLVE-adcfa0537f43327f4bb9acfe1692f757fce353c4.zip,MATHSOLVE-adcfa0537f43327f4bb9acfe1692f757fce353c4/work_packages/BSD_R2_A1_WP60T_BSS_DERIVATIVE_APPLICATION/03_CLAIM_LEDGER.yaml,,2d5db856,Filename/path inference; editable in the app
345752,work_packages/BSD_R2_A1_WP60_P2_FRONTIER_RESEARCH_PROGRAM/02_CLAIM_LEDGER.yaml,General / shared,3769,Pinned collected revision; final designation governed by team receipt | 2fd9fd643bf3e9e98d121dc2e7af1cf1be411ae2,https://codeload.github.com/grandchallenge/MATHSOLVE/zip/2fd9fd643bf3e9e98d121dc2e7af1cf1be411ae2,,contestants/E10/13-archives/E10-grandchallenge-MATHSOLVE-2fd9fd643bf3e9e98d121dc2e7af1cf1be411ae2.zip,MATHSOLVE-2fd9fd643bf3e9e98d121dc2e7af1cf1be411ae2/work_packages/BSD_R2_A1_WP60_P2_FRONTIER_RESEARCH_PROGRAM/02_CLAIM_LEDGER.yaml,,72ed8638,Filename/path inference; editable in the app
348858,work_packages/BSD_R2_A1_WP60_P2_FRONTIER_RESEARCH_PROGRAM/02_CLAIM_LEDGER.yaml,General / shared,3769,Latest public revision collected separately; not an author-designated final | adcfa0537f43327f4bb9acfe1692f757fce353c4,https://codeload.github.com/grandchallenge/MATHSOLVE/zip/adcfa0537f43327f4bb9acfe1692f757fce353c4,,contestants/E10/13-archives/E10-grandchallenge-MATHSOLVE-adcfa0537f43327f4bb9acfe1692f757fce353c4.zip,MATHSOLVE-adcfa0537f43327f4bb9acfe1692f757fce353c4/work_packages/BSD_R2_A1_WP60_P2_FRONTIER_RESEARCH_PROGRAM/02_CLAIM_LEDGER.yaml,,72ed8638,Filename/path inference; editable in the app
345756,work_packages/BSD_R5_CW_P2_CH15_GLOBALIZATION/02_CLAIM_LEDGER.yaml,General / shared,3212,Pinned collected revision; final designation governed by team receipt | 2fd9fd643bf3e9e98d121dc2e7af1cf1be411ae2,https://codeload.github.com/grandchallenge/MATHSOLVE/zip/2fd9fd643bf3e9e98d121dc2e7af1cf1be411ae2,,contestants/E10/13-archives/E10-grandchallenge-MATHSOLVE-2fd9fd643bf3e9e98d121dc2e7af1cf1be411ae2.zip,MATHSOLVE-2fd9fd643bf3e9e98d121dc2e7af1cf1be411ae2/work_packages/BSD_R5_CW_P2_CH15_GLOBALIZATION/02_CLAIM_LEDGER.yaml,,a69da359,Filename/path inference; editable in the app
348862,work_packages/BSD_R5_CW_P2_CH15_GLOBALIZATION/02_CLAIM_LEDGER.yaml,General / shared,3212,Latest public revision collected separately; not an author-designated final | adcfa0537f43327f4bb9acfe1692f757fce353c4,https://codeload.github.com/grandchallenge/MATHSOLVE/zip/adcfa0537f43327f4bb9acfe1692f757fce353c4,,contestants/E10/13-archives/E10-grandchallenge-MATHSOLVE-adcfa0537f43327f4bb9acfe1692f757fce353c4.zip,MATHSOLVE-adcfa0537f43327f4bb9acfe1692f757fce353c4/work_packages/BSD_R5_CW_P2_CH15_GLOBALIZATION/02_CLAIM_LEDGER.yaml,,a69da359,Filename/path inference; editable in the app
345761,work_packages/BSD_R5_CW_P2_WEIGHT_COVER/02_CLAIM_LEDGER.yaml,General / shared,2553,Pinned collected revision; final designation governed by team receipt | 2fd9fd643bf3e9e98d121dc2e7af1cf1be411ae2,https://codeload.github.com/grandchallenge/MATHSOLVE/zip/2fd9fd643bf3e9e98d121dc2e7af1cf1be411ae2,,contestants/E10/13-archives/E10-grandchallenge-MATHSOLVE-2fd9fd643bf3e9e98d121dc2e7af1cf1be411ae2.zip,MATHSOLVE-2fd9fd643bf3e9e98d121dc2e7af1cf1be411ae2/work_packages/BSD_R5_CW_P2_WEIGHT_COVER/02_CLAIM_LEDGER.yaml,,2b63d7cf,Filename/path inference; editable in the app
348867,work_packages/BSD_R5_CW_P2_WEIGHT_COVER/02_CLAIM_LEDGER.yaml,General / shared,2553,Latest public revision collected separately; not an author-designated final | adcfa0537f43327f4bb9acfe1692f757fce353c4,https://codeload.github.com/grandchallenge/MATHSOLVE/zip/adcfa0537f43327f4bb9acfe1692f757fce353c4,,contestants/E10/13-archives/E10-grandchallenge-MATHSOLVE-adcfa0537f43327f4bb9acfe1692f757fce353c4.zip,MATHSOLVE-adcfa0537f43327f4bb9acfe1692f757fce353c4/work_packages/BSD_R5_CW_P2_WEIGHT_COVER/02_CLAIM_LEDGER.yaml,,2b63d7cf,Filename/path inference; editable in the app
345767,work_packages/BSD_R5_LIFT_EQUIVARIANT_DETERMINANT/03_CLAIM_LEDGER.yaml,General / shared,3654,Pinned collected revision; final designation governed by team receipt | 2fd9fd643bf3e9e98d121dc2e7af1cf1be411ae2,https://codeload.github.com/grandchallenge/MATHSOLVE/zip/2fd9fd643bf3e9e98d121dc2e7af1cf1be411ae2,,contestants/E10/13-archives/E10-grandchallenge-MATHSOLVE-2fd9fd643bf3e9e98d121dc2e7af1cf1be411ae2.zip,MATHSOLVE-2fd9fd643bf3e9e98d121dc2e7af1cf1be411ae2/work_packages/BSD_R5_LIFT_EQUIVARIANT_DETERMINANT/03_CLAIM_LEDGER.yaml,,dbc9478d,Filename/path inference; editable in the app
348873,work_packages/BSD_R5_LIFT_EQUIVARIANT_DETERMINANT/03_CLAIM_LEDGER.yaml,General / shared,3654,Latest public revision collected separately; not an author-designated final | adcfa0537f43327f4bb9acfe1692f757fce353c4,https://codeload.github.com/grandchallenge/MATHSOLVE/zip/adcfa0537f43327f4bb9acfe1692f757fce353c4,,contestants/E10/13-archives/E10-grandchallenge-MATHSOLVE-adcfa0537f43327f4bb9acfe1692f757fce353c4.zip,MATHSOLVE-adcfa0537f43327f4bb9acfe1692f757fce353c4/work_packages/BSD_R5_LIFT_EQUIVARIANT_DETERMINANT/03_CLAIM_LEDGER.yaml,,dbc9478d,Filename/path inference; editable in the app
345772,work_packages/BSD_R5_PRIM_DETERMINANTAL_PRIMITIVITY/03_CLAIM_LEDGER.yaml,General / shared,3203,Pinned collected revision; final designation governed by team receipt | 2fd9fd643bf3e9e98d121dc2e7af1cf1be411ae2,https://codeload.github.com/grandchallenge/MATHSOLVE/zip/2fd9fd643bf3e9e98d121dc2e7af1cf1be411ae2,,contestants/E10/13-archives/E10-grandchallenge-MATHSOLVE-2fd9fd643bf3e9e98d121dc2e7af1cf1be411ae2.zip,MATHSOLVE-2fd9fd643bf3e9e98d121dc2e7af1cf1be411ae2/work_packages/BSD_R5_PRIM_DETERMINANTAL_PRIMITIVITY/03_CLAIM_LEDGER.yaml,,a3d63f04,Filename/path inference; editable in the app
348878,work_packages/BSD_R5_PRIM_DETERMINANTAL_PRIMITIVITY/03_CLAIM_LEDGER.yaml,General / shared,3203,Latest public revision collected separately; not an author-designated final | adcfa0537f43327f4bb9acfe1692f757fce353c4,https://codeload.github.com/grandchallenge/MATHSOLVE/zip/adcfa0537f43327f4bb9acfe1692f757fce353c4,,contestants/E10/13-archives/E10-grandchallenge-MATHSOLVE-adcfa0537f43327f4bb9acfe1692f757fce353c4.zip,MATHSOLVE-adcfa0537f43327f4bb9acfe1692f757fce353c4/work_packages/BSD_R5_PRIM_DETERMINANTAL_PRIMITIVITY/03_CLAIM_LEDGER.yaml,,a3d63f04,Filename/path inference; editable in the app
345777,work_packages/BSD_R5_RECIP_P2_NORMALIZED_RECIPROCITY/03_CLAIM_LEDGER.yaml,General / shared,1642,Pinned collected revision; final designation governed by team receipt | 2fd9fd643bf3e9e98d121dc2e7af1cf1be411ae2,https://codeload.github.com/grandchallenge/MATHSOLVE/zip/2fd9fd643bf3e9e98d121dc2e7af1cf1be411ae2,,contestants/E10/13-archives/E10-grandchallenge-MATHSOLVE-2fd9fd643bf3e9e98d121dc2e7af1cf1be411ae2.zip,MATHSOLVE-2fd9fd643bf3e9e98d121dc2e7af1cf1be411ae2/work_packages/BSD_R5_RECIP_P2_NORMALIZED_RECIPROCITY/03_CLAIM_LEDGER.yaml,,c718f74f,Filename/path inference; editable in the app
348883,work_packages/BSD_R5_RECIP_P2_NORMALIZED_RECIPROCITY/03_CLAIM_LEDGER.yaml,General / shared,1642,Latest public revision collected separately; not an author-designated final | adcfa0537f43327f4bb9acfe1692f757fce353c4,https://codeload.github.com/grandchallenge/MATHSOLVE/zip/adcfa0537f43327f4bb9acfe1692f757fce353c4,,contestants/E10/13-archives/E10-grandchallenge-MATHSOLVE-adcfa0537f43327f4bb9acfe1692f757fce353c4.zip,MATHSOLVE-adcfa0537f43327f4bb9acfe1692f757fce353c4/work_packages/BSD_R5_RECIP_P2_NORMALIZED_RECIPROCITY/03_CLAIM_LEDGER.yaml,,c718f74f,Filename/path inference; editable in the app
345782,work_packages/BSD_R5_RES_RESIDUAL_KATO_NONVANISHING/03_CLAIM_LEDGER.yaml,General / shared,3379,Pinned collected revision; final designation governed by team receipt | 2fd9fd643bf3e9e98d121dc2e7af1cf1be411ae2,https://codeload.github.com/grandchallenge/MATHSOLVE/zip/2fd9fd643bf3e9e98d121dc2e7af1cf1be411ae2,,contestants/E10/13-archives/E10-grandchallenge-MATHSOLVE-2fd9fd643bf3e9e98d121dc2e7af1cf1be411ae2.zip,MATHSOLVE-2fd9fd643bf3e9e98d121dc2e7af1cf1be411ae2/work_packages/BSD_R5_RES_RESIDUAL_KATO_NONVANISHING/03_CLAIM_LEDGER.yaml,,35726cc2,Filename/path inference; editable in the app
348888,work_packages/BSD_R5_RES_RESIDUAL_KATO_NONVANISHING/03_CLAIM_LEDGER.yaml,General / shared,3379,Latest public revision collected separately; not an author-designated final | adcfa0537f43327f4bb9acfe1692f757fce353c4,https://codeload.github.com/grandchallenge/MATHSOLVE/zip/adcfa0537f43327f4bb9acfe1692f757fce353c4,,contestants/E10/13-archives/E10-grandchallenge-MATHSOLVE-adcfa0537f43327f4bb9acfe1692f757fce353c4.zip,MATHSOLVE-adcfa0537f43327f4bb9acfe1692f757fce353c4/work_packages/BSD_R5_RES_RESIDUAL_KATO_NONVANISHING/03_CLAIM_LEDGER.yaml,,35726cc2,Filename/path inference; editable in the app
345793,work_packages/BSD_R5_WIT_NORMALIZED_KURIHARA_WITNESS/09_CLAIM_LEDGER.yaml,General / shared,3888,Pinned collected revision; final designation governed by team receipt | 2fd9fd643bf3e9e98d121dc2e7af1cf1be411ae2,https://codeload.github.com/grandchallenge/MATHSOLVE/zip/2fd9fd643bf3e9e98d121dc2e7af1cf1be411ae2,,contestants/E10/13-archives/E10-grandchallenge-MATHSOLVE-2fd9fd643bf3e9e98d121dc2e7af1cf1be411ae2.zip,MATHSOLVE-2fd9fd643bf3e9e98d121dc2e7af1cf1be411ae2/work_packages/BSD_R5_WIT_NORMALIZED_KURIHARA_WITNESS/09_CLAIM_LEDGER.yaml,,f3df8521,Filename/path inference; editable in the app
348899,work_packages/BSD_R5_WIT_NORMALIZED_KURIHARA_WITNESS/09_CLAIM_LEDGER.yaml,General / shared,3888,Latest public revision collected separately; not an author-designated final | adcfa0537f43327f4bb9acfe1692f757fce353c4,https://codeload.github.com/grandchallenge/MATHSOLVE/zip/adcfa0537f43327f4bb9acfe1692f757fce353c4,,contestants/E10/13-archives/E10-grandchallenge-MATHSOLVE-adcfa0537f43327f4bb9acfe1692f757fce353c4.zip,MATHSOLVE-adcfa0537f43327f4bb9acfe1692f757fce353c4/work_packages/BSD_R5_WIT_NORMALIZED_KURIHARA_WITNESS/09_CLAIM_LEDGER.yaml,,f3df8521,Filename/path inference; editable in the app
345850,work_packages/NS_CI_R014_A2_L5_40_C2_DIRECTION_PACKET_OCCUPATION.md,General / shared,8552,Pinned collected revision; final designation governed by team receipt | 2fd9fd643bf3e9e98d121dc2e7af1cf1be411ae2,https://codeload.github.com/grandchallenge/MATHSOLVE/zip/2fd9fd643bf3e9e98d121dc2e7af1cf1be411ae2,,contestants/E10/13-archives/E10-grandchallenge-MATHSOLVE-2fd9fd643bf3e9e98d121dc2e7af1cf1be411ae2.zip,MATHSOLVE-2fd9fd643bf3e9e98d121dc2e7af1cf1be411ae2/work_packages/NS_CI_R014_A2_L5_40_C2_DIRECTION_PACKET_OCCUPATION.md,,c3a4971d,Filename/path inference; editable in the app
348956,work_packages/NS_CI_R014_A2_L5_40_C2_DIRECTION_PACKET_OCCUPATION.md,General / shared,8552,Latest public revision collected separately; not an author-designated final | adcfa0537f43327f4bb9acfe1692f757fce353c4,https://codeload.github.com/grandchallenge/MATHSOLVE/zip/adcfa0537f43327f4bb9acfe1692f757fce353c4,,contestants/E10/13-archives/E10-grandchallenge-MATHSOLVE-adcfa0537f43327f4bb9acfe1692f757fce353c4.zip,MATHSOLVE-adcfa0537f43327f4bb9acfe1692f757fce353c4/work_packages/NS_CI_R014_A2_L5_40_C2_DIRECTION_PACKET_OCCUPATION.md,,c3a4971d,Filename/path inference; editable in the app
345853,work_packages/NS_CI_R014_A2_L5_43_C2_DIRECTION_PACKET_COMPRESSION_OVERLAP.md,General / shared,7894,Pinned collected revision; final designation governed by team receipt | 2fd9fd643bf3e9e98d121dc2e7af1cf1be411ae2,https://codeload.github.com/grandchallenge/MATHSOLVE/zip/2fd9fd643bf3e9e98d121dc2e7af1cf1be411ae2,,contestants/E10/13-archives/E10-grandchallenge-MATHSOLVE-2fd9fd643bf3e9e98d121dc2e7af1cf1be411ae2.zip,MATHSOLVE-2fd9fd643bf3e9e98d121dc2e7af1cf1be411ae2/work_packages/NS_CI_R014_A2_L5_43_C2_DIRECTION_PACKET_COMPRESSION_OVERLAP.md,,df0d4817,Filename/path inference; editable in the app
348959,work_packages/NS_CI_R014_A2_L5_43_C2_DIRECTION_PACKET_COMPRESSION_OVERLAP.md,General / shared,7894,Latest public revision collected separately; not an author-designated final | adcfa0537f43327f4bb9acfe1692f757fce353c4,https://codeload.github.com/grandchallenge/MATHSOLVE/zip/adcfa0537f43327f4bb9acfe1692f757fce353c4,,contestants/E10/13-archives/E10-grandchallenge-MATHSOLVE-adcfa0537f43327f4bb9acfe1692f757fce353c4.zip,MATHSOLVE-adcfa0537f43327f4bb9acfe1692f757fce353c4/work_packages/NS_CI_R014_A2_L5_43_C2_DIRECTION_PACKET_COMPRESSION_OVERLAP.md,,df0d4817,Filename/path inference; editable in the app
345858,work_packages/NS_CI_R014_A2_L5_B3_PACKET_INTERMITTENCY_D1.md,General / shared,9478,Pinned collected revision; final designation governed by team receipt | 2fd9fd643bf3e9e98d121dc2e7af1cf1be411ae2,https://codeload.github.com/grandchallenge/MATHSOLVE/zip/2fd9fd643bf3e9e98d121dc2e7af1cf1be411ae2,,contestants/E10/13-archives/E10-grandchallenge-MATHSOLVE-2fd9fd643bf3e9e98d121dc2e7af1cf1be411ae2.zip,MATHSOLVE-2fd9fd643bf3e9e98d121dc2e7af1cf1be411ae2/work_packages/NS_CI_R014_A2_L5_B3_PACKET_INTERMITTENCY_D1.md,,b3c1c82a,Filename/path inference; editable in the app
348964,work_packages/NS_CI_R014_A2_L5_B3_PACKET_INTERMITTENCY_D1.md,General / shared,9478,Latest public revision collected separately; not an author-designated final | adcfa0537f43327f4bb9acfe1692f757fce353c4,https://codeload.github.com/grandchallenge/MATHSOLVE/zip/adcfa0537f43327f4bb9acfe1692f757fce353c4,,contestants/E10/13-archives/E10-grandchallenge-MATHSOLVE-adcfa0537f43327f4bb9acfe1692f757fce353c4.zip,MATHSOLVE-adcfa0537f43327f4bb9acfe1692f757fce353c4/work_packages/NS_CI_R014_A2_L5_B3_PACKET_INTERMITTENCY_D1.md,,b3c1c82a,Filename/path inference; editable in the app
345959,work_packages/OPENMATH_2026/CLAIM_LEDGER.json,General / shared,3610,Pinned collected revision; final designation governed by team receipt | 2fd9fd643bf3e9e98d121dc2e7af1cf1be411ae2,https://codeload.github.com/grandchallenge/MATHSOLVE/zip/2fd9fd643bf3e9e98d121dc2e7af1cf1be411ae2,,contestants/E10/13-archives/E10-grandchallenge-MATHSOLVE-2fd9fd643bf3e9e98d121dc2e7af1cf1be411ae2.zip,MATHSOLVE-2fd9fd643bf3e9e98d121dc2e7af1cf1be411ae2/work_packages/OPENMATH_2026/CLAIM_LEDGER.json,,22a4dcd2,Filename/path inference; editable in the app
349065,work_packages/OPENMATH_2026/CLAIM_LEDGER.json,General / shared,3610,Latest public revision collected separately; not an author-designated final | adcfa0537f43327f4bb9acfe1692f757fce353c4,https://codeload.github.com/grandchallenge/MATHSOLVE/zip/adcfa0537f43327f4bb9acfe1692f757fce353c4,,contestants/E10/13-archives/E10-grandchallenge-MATHSOLVE-adcfa0537f43327f4bb9acfe1692f757fce353c4.zip,MATHSOLVE-adcfa0537f43327f4bb9acfe1692f757fce353c4/work_packages/OPENMATH_2026/CLAIM_LEDGER.json,,22a4dcd2,Filename/path inference; editable in the app
345978,work_packages/OPENMATH_2026/COMPETITION_PACKETS/SUBMISSION_QUEUE.json,General / shared,4033,Pinned collected revision; final designation governed by team receipt | 2fd9fd643bf3e9e98d121dc2e7af1cf1be411ae2,https://codeload.github.com/grandchallenge/MATHSOLVE/zip/2fd9fd643bf3e9e98d121dc2e7af1cf1be411ae2,,contestants/E10/13-archives/E10-grandchallenge-MATHSOLVE-2fd9fd643bf3e9e98d121dc2e7af1cf1be411ae2.zip,MATHSOLVE-2fd9fd643bf3e9e98d121dc2e7af1cf1be411ae2/work_packages/OPENMATH_2026/COMPETITION_PACKETS/SUBMISSION_QUEUE.json,,53c7fb4e,Filename/path inference; editable in the app
349084,work_packages/OPENMATH_2026/COMPETITION_PACKETS/SUBMISSION_QUEUE.json,General / shared,4033,Latest public revision collected separately; not an author-designated final | adcfa0537f43327f4bb9acfe1692f757fce353c4,https://codeload.github.com/grandchallenge/MATHSOLVE/zip/adcfa0537f43327f4bb9acfe1692f757fce353c4,,contestants/E10/13-archives/E10-grandchallenge-MATHSOLVE-adcfa0537f43327f4bb9acfe1692f757fce353c4.zip,MATHSOLVE-adcfa0537f43327f4bb9acfe1692f757fce353c4/work_packages/OPENMATH_2026/COMPETITION_PACKETS/SUBMISSION_QUEUE.json,,53c7fb4e,Filename/path inference; editable in the app
346003,work_packages/OPENMATH_2026/OM26_H1_KOBON_TRIANGLES/CLAIM_LEDGER.json,Kobon triangles,32458,Pinned collected revision; final designation governed by team receipt | 2fd9fd643bf3e9e98d121dc2e7af1cf1be411ae2,https://codeload.github.com/grandchallenge/MATHSOLVE/zip/2fd9fd643bf3e9e98d121dc2e7af1cf1be411ae2,,contestants/E10/13-archives/E10-grandchallenge-MATHSOLVE-2fd9fd643bf3e9e98d121dc2e7af1cf1be411ae2.zip,MATHSOLVE-2fd9fd643bf3e9e98d121dc2e7af1cf1be411ae2/work_packages/OPENMATH_2026/OM26_H1_KOBON_TRIANGLES/CLAIM_LEDGER.json,,fe1278bf,Filename/path inference; editable in the app
349109,work_packages/OPENMATH_2026/OM26_H1_KOBON_TRIANGLES/CLAIM_LEDGER.json,Kobon triangles,32458,Latest public revision collected separately; not an author-designated final | adcfa0537f43327f4bb9acfe1692f757fce353c4,https://codeload.github.com/grandchallenge/MATHSOLVE/zip/adcfa0537f43327f4bb9acfe1692f757fce353c4,,contestants/E10/13-archives/E10-grandchallenge-MATHSOLVE-adcfa0537f43327f4bb9acfe1692f757fce353c4.zip,MATHSOLVE-adcfa0537f43327f4bb9acfe1692f757fce353c4/work_packages/OPENMATH_2026/OM26_H1_KOBON_TRIANGLES/CLAIM_LEDGER.json,,fe1278bf,Filename/path inference; editable in the app
346004,work_packages/OPENMATH_2026/OM26_H1_KOBON_TRIANGLES/CONTEST_SUBMISSION.md,Kobon triangles,3090,Pinned collected revision; final designation governed by team receipt | 2fd9fd643bf3e9e98d121dc2e7af1cf1be411ae2,https://codeload.github.com/grandchallenge/MATHSOLVE/zip/2fd9fd643bf3e9e98d121dc2e7af1cf1be411ae2,,contestants/E10/13-archives/E10-grandchallenge-MATHSOLVE-2fd9fd643bf3e9e98d121dc2e7af1cf1be411ae2.zip,MATHSOLVE-2fd9fd643bf3e9e98d121dc2e7af1cf1be411ae2/work_packages/OPENMATH_2026/OM26_H1_KOBON_TRIANGLES/CONTEST_SUBMISSION.md,,286af19d,Filename/path inference; editable in the app
349110,work_packages/OPENMATH_2026/OM26_H1_KOBON_TRIANGLES/CONTEST_SUBMISSION.md,Kobon triangles,3090,Latest public revision collected separately; not an author-designated final | adcfa0537f43327f4bb9acfe1692f757fce353c4,https://codeload.github.com/grandchallenge/MATHSOLVE/zip/adcfa0537f43327f4bb9acfe1692f757fce353c4,,contestants/E10/13-archives/E10-grandchallenge-MATHSOLVE-adcfa0537f43327f4bb9acfe1692f757fce353c4.zip,MATHSOLVE-adcfa0537f43327f4bb9acfe1692f757fce353c4/work_packages/OPENMATH_2026/OM26_H1_KOBON_TRIANGLES/CONTEST_SUBMISSION.md,,286af19d,Filename/path inference; editable in the app
346048,work_packages/OPENMATH_2026/OM26_H1_KOBON_TRIANGLES/H1_PREMISE_SCOPE_DISPOSITION.md,Kobon triangles,2755,Pinned collected revision; final designation governed by team receipt | 2fd9fd643bf3e9e98d121dc2e7af1cf1be411ae2,https://codeload.github.com/grandchallenge/MATHSOLVE/zip/2fd9fd643bf3e9e98d121dc2e7af1cf1be411ae2,,contestants/E10/13-archives/E10-grandchallenge-MATHSOLVE-2fd9fd643bf3e9e98d121dc2e7af1cf1be411ae2.zip,MATHSOLVE-2fd9fd643bf3e9e98d121dc2e7af1cf1be411ae2/work_packages/OPENMATH_2026/OM26_H1_KOBON_TRIANGLES/H1_PREMISE_SCOPE_DISPOSITION.md,,8fd21de1,Filename/path inference; editable in the app
349154,work_packages/OPENMATH_2026/OM26_H1_KOBON_TRIANGLES/H1_PREMISE_SCOPE_DISPOSITION.md,Kobon triangles,2755,Latest public revision collected separately; not an author-designated final | adcfa0537f43327f4bb9acfe1692f757fce353c4,https://codeload.github.com/grandchallenge/MATHSOLVE/zip/adcfa0537f43327f4bb9acfe1692f757fce353c4,,contestants/E10/13-archives/E10-grandchallenge-MATHSOLVE-adcfa0537f43327f4bb9acfe1692f757fce353c4.zip,MATHSOLVE-adcfa0537f43327f4bb9acfe1692f757fce353c4/work_packages/OPENMATH_2026/OM26_H1_KOBON_TRIANGLES/H1_PREMISE_SCOPE_DISPOSITION.md,,8fd21de1,Filename/path inference; editable in the app
346058,work_packages/OPENMATH_2026/OM26_H1_KOBON_TRIANGLES/NATIVE_SUBMISSION_RECEIPT.json,Kobon triangles,5637,Pinned collected revision; final designation governed by team receipt | 2fd9fd643bf3e9e98d121dc2e7af1cf1be411ae2,https://codeload.github.com/grandchallenge/MATHSOLVE/zip/2fd9fd643bf3e9e98d121dc2e7af1cf1be411ae2,,contestants/E10/13-archives/E10-grandchallenge-MATHSOLVE-2fd9fd643bf3e9e98d121dc2e7af1cf1be411ae2.zip,MATHSOLVE-2fd9fd643bf3e9e98d121dc2e7af1cf1be411ae2/work_packages/OPENMATH_2026/OM26_H1_KOBON_TRIANGLES/NATIVE_SUBMISSION_RECEIPT.json,,a71f6b89,Filename/path inference; editable in the app
349164,work_packages/OPENMATH_2026/OM26_H1_KOBON_TRIANGLES/NATIVE_SUBMISSION_RECEIPT.json,Kobon triangles,5637,Latest public revision collected separately; not an author-designated final | adcfa0537f43327f4bb9acfe1692f757fce353c4,https://codeload.github.com/grandchallenge/MATHSOLVE/zip/adcfa0537f43327f4bb9acfe1692f757fce353c4,,contestants/E10/13-archives/E10-grandchallenge-MATHSOLVE-adcfa0537f43327f4bb9acfe1692f757fce353c4.zip,MATHSOLVE-adcfa0537f43327f4bb9acfe1692f757fce353c4/work_packages/OPENMATH_2026/OM26_H1_KOBON_TRIANGLES/NATIVE_SUBMISSION_RECEIPT.json,,a71f6b89,Filename/path inference; editable in the app
346129,work_packages/RSI_CCC_001_M1/01_CLAIM_LEDGER.md,General / shared,1791,Pinned collected revision; final designation governed by team receipt | 2fd9fd643bf3e9e98d121dc2e7af1cf1be411ae2,https://codeload.github.com/grandchallenge/MATHSOLVE/zip/2fd9fd643bf3e9e98d121dc2e7af1cf1be411ae2,,contestants/E10/13-archives/E10-grandchallenge-MATHSOLVE-2fd9fd643bf3e9e98d121dc2e7af1cf1be411ae2.zip,MATHSOLVE-2fd9fd643bf3e9e98d121dc2e7af1cf1be411ae2/work_packages/RSI_CCC_001_M1/01_CLAIM_LEDGER.md,,173b9ddf,Filename/path inference; editable in the app
349243,work_packages/RSI_CCC_001_M1/01_CLAIM_LEDGER.md,General / shared,1791,Latest public revision collected separately; not an author-designated final | adcfa0537f43327f4bb9acfe1692f757fce353c4,https://codeload.github.com/grandchallenge/MATHSOLVE/zip/adcfa0537f43327f4bb9acfe1692f757fce353c4,,contestants/E10/13-archives/E10-grandchallenge-MATHSOLVE-adcfa0537f43327f4bb9acfe1692f757fce353c4.zip,MATHSOLVE-adcfa0537f43327f4bb9acfe1692f757fce353c4/work_packages/RSI_CCC_001_M1/01_CLAIM_LEDGER.md,,173b9ddf,Filename/path inference; editable in the app
346155,work_packages/VGSE_WP00/claim_ledger.json,General / shared,7020,Pinned collected revision; final designation governed by team receipt | 2fd9fd643bf3e9e98d121dc2e7af1cf1be411ae2,https://codeload.github.com/grandchallenge/MATHSOLVE/zip/2fd9fd643bf3e9e98d121dc2e7af1cf1be411ae2,,contestants/E10/13-archives/E10-grandchallenge-MATHSOLVE-2fd9fd643bf3e9e98d121dc2e7af1cf1be411ae2.zip,MATHSOLVE-2fd9fd643bf3e9e98d121dc2e7af1cf1be411ae2/work_packages/VGSE_WP00/claim_ledger.json,,c127f750,Filename/path inference; editable in the app
349277,work_packages/VGSE_WP00/claim_ledger.json,General / shared,7020,Latest public revision collected separately; not an author-designated final | adcfa0537f43327f4bb9acfe1692f757fce353c4,https://codeload.github.com/grandchallenge/MATHSOLVE/zip/adcfa0537f43327f4bb9acfe1692f757fce353c4,,contestants/E10/13-archives/E10-grandchallenge-MATHSOLVE-adcfa0537f43327f4bb9acfe1692f757fce353c4.zip,MATHSOLVE-adcfa0537f43327f4bb9acfe1692f757fce353c4/work_packages/VGSE_WP00/claim_ledger.json,,c127f750,Filename/path inference; editable in the app
346162,work_packages/YM_D001_INTERSCALE_GENERATOR_INTERFACE/02_CLAIM_LEDGER.yaml,General / shared,3338,Pinned collected revision; final designation governed by team receipt | 2fd9fd643bf3e9e98d121dc2e7af1cf1be411ae2,https://codeload.github.com/grandchallenge/MATHSOLVE/zip/2fd9fd643bf3e9e98d121dc2e7af1cf1be411ae2,,contestants/E10/13-archives/E10-grandchallenge-MATHSOLVE-2fd9fd643bf3e9e98d121dc2e7af1cf1be411ae2.zip,MATHSOLVE-2fd9fd643bf3e9e98d121dc2e7af1cf1be411ae2/work_packages/YM_D001_INTERSCALE_GENERATOR_INTERFACE/02_CLAIM_LEDGER.yaml,,fb00496c,Filename/path inference; editable in the app
349284,work_packages/YM_D001_INTERSCALE_GENERATOR_INTERFACE/02_CLAIM_LEDGER.yaml,General / shared,3338,Latest public revision collected separately; not an author-designated final | adcfa0537f43327f4bb9acfe1692f757fce353c4,https://codeload.github.com/grandchallenge/MATHSOLVE/zip/adcfa0537f43327f4bb9acfe1692f757fce353c4,,contestants/E10/13-archives/E10-grandchallenge-MATHSOLVE-adcfa0537f43327f4bb9acfe1692f757fce353c4.zip,MATHSOLVE-adcfa0537f43327f4bb9acfe1692f757fce353c4/work_packages/YM_D001_INTERSCALE_GENERATOR_INTERFACE/02_CLAIM_LEDGER.yaml,,fb00496c,Filename/path inference; editable in the app
346166,work_packages/YM_D001_PHYSICAL_SCALE_NORMAL_FORM/02_CLAIM_LEDGER.yaml,General / shared,3456,Pinned collected revision; final designation governed by team receipt | 2fd9fd643bf3e9e98d121dc2e7af1cf1be411ae2,https://codeload.github.com/grandchallenge/MATHSOLVE/zip/2fd9fd643bf3e9e98d121dc2e7af1cf1be411ae2,,contestants/E10/13-archives/E10-grandchallenge-MATHSOLVE-2fd9fd643bf3e9e98d121dc2e7af1cf1be411ae2.zip,MATHSOLVE-2fd9fd643bf3e9e98d121dc2e7af1cf1be411ae2/work_packages/YM_D001_PHYSICAL_SCALE_NORMAL_FORM/02_CLAIM_LEDGER.yaml,,7ee84f0d,Filename/path inference; editable in the app
349288,work_packages/YM_D001_PHYSICAL_SCALE_NORMAL_FORM/02_CLAIM_LEDGER.yaml,General / shared,3456,Latest public revision collected separately; not an author-designated final | adcfa0537f43327f4bb9acfe1692f757fce353c4,https://codeload.github.com/grandchallenge/MATHSOLVE/zip/adcfa0537f43327f4bb9acfe1692f757fce353c4,,contestants/E10/13-archives/E10-grandchallenge-MATHSOLVE-adcfa0537f43327f4bb9acfe1692f757fce353c4.zip,MATHSOLVE-adcfa0537f43327f4bb9acfe1692f757fce353c4/work_packages/YM_D001_PHYSICAL_SCALE_NORMAL_FORM/02_CLAIM_LEDGER.yaml,,7ee84f0d,Filename/path inference; editable in the app
346170,work_packages/YM_D001_REFERENCE_SCALE_QUOTIENT/02_CLAIM_LEDGER.yaml,General / shared,3350,Pinned collected revision; final designation governed by team receipt | 2fd9fd643bf3e9e98d121dc2e7af1cf1be411ae2,https://codeload.github.com/grandchallenge/MATHSOLVE/zip/2fd9fd643bf3e9e98d121dc2e7af1cf1be411ae2,,contestants/E10/13-archives/E10-grandchallenge-MATHSOLVE-2fd9fd643bf3e9e98d121dc2e7af1cf1be411ae2.zip,MATHSOLVE-2fd9fd643bf3e9e98d121dc2e7af1cf1be411ae2/work_packages/YM_D001_REFERENCE_SCALE_QUOTIENT/02_CLAIM_LEDGER.yaml,,d9936c66,Filename/path inference; editable in the app
349292,work_packages/YM_D001_REFERENCE_SCALE_QUOTIENT/02_CLAIM_LEDGER.yaml,General / shared,3350,Latest public revision collected separately; not an author-designated final | adcfa0537f43327f4bb9acfe1692f757fce353c4,https://codeload.github.com/grandchallenge/MATHSOLVE/zip/adcfa0537f43327f4bb9acfe1692f757fce353c4,,contestants/E10/13-archives/E10-grandchallenge-MATHSOLVE-adcfa0537f43327f4bb9acfe1692f757fce353c4.zip,MATHSOLVE-adcfa0537f43327f4bb9acfe1692f757fce353c4/work_packages/YM_D001_REFERENCE_SCALE_QUOTIENT/02_CLAIM_LEDGER.yaml,,d9936c66,Filename/path inference; editable in the app
346174,work_packages/YM_D001_REGULATED_APPLICATION_AUDIT/02_CLAIM_LEDGER.yaml,General / shared,3459,Pinned collected revision; final designation governed by team receipt | 2fd9fd643bf3e9e98d121dc2e7af1cf1be411ae2,https://codeload.github.com/grandchallenge/MATHSOLVE/zip/2fd9fd643bf3e9e98d121dc2e7af1cf1be411ae2,,contestants/E10/13-archives/E10-grandchallenge-MATHSOLVE-2fd9fd643bf3e9e98d121dc2e7af1cf1be411ae2.zip,MATHSOLVE-2fd9fd643bf3e9e98d121dc2e7af1cf1be411ae2/work_packages/YM_D001_REGULATED_APPLICATION_AUDIT/02_CLAIM_LEDGER.yaml,,11da8c81,Filename/path inference; editable in the app
349296,work_packages/YM_D001_REGULATED_APPLICATION_AUDIT/02_CLAIM_LEDGER.yaml,General / shared,3459,Latest public revision collected separately; not an author-designated final | adcfa0537f43327f4bb9acfe1692f757fce353c4,https://codeload.github.com/grandchallenge/MATHSOLVE/zip/adcfa0537f43327f4bb9acfe1692f757fce353c4,,contestants/E10/13-archives/E10-grandchallenge-MATHSOLVE-adcfa0537f43327f4bb9acfe1692f757fce353c4.zip,MATHSOLVE-adcfa0537f43327f4bb9acfe1692f757fce353c4/work_packages/YM_D001_REGULATED_APPLICATION_AUDIT/02_CLAIM_LEDGER.yaml,,11da8c81,Filename/path inference; editable in the app
346178,work_packages/YM_D001_STRONG_RESOLVENT_GAP_STABILITY/02_CLAIM_LEDGER.yaml,General / shared,3758,Pinned collected revision; final designation governed by team receipt | 2fd9fd643bf3e9e98d121dc2e7af1cf1be411ae2,https://codeload.github.com/grandchallenge/MATHSOLVE/zip/2fd9fd643bf3e9e98d121dc2e7af1cf1be411ae2,,contestants/E10/13-archives/E10-grandchallenge-MATHSOLVE-2fd9fd643bf3e9e98d121dc2e7af1cf1be411ae2.zip,MATHSOLVE-2fd9fd643bf3e9e98d121dc2e7af1cf1be411ae2/work_packages/YM_D001_STRONG_RESOLVENT_GAP_STABILITY/02_CLAIM_LEDGER.yaml,,6763d0c9,Filename/path inference; editable in the app
349300,work_packages/YM_D001_STRONG_RESOLVENT_GAP_STABILITY/02_CLAIM_LEDGER.yaml,General / shared,3758,Latest public revision collected separately; not an author-designated final | adcfa0537f43327f4bb9acfe1692f757fce353c4,https://codeload.github.com/grandchallenge/MATHSOLVE/zip/adcfa0537f43327f4bb9acfe1692f757fce353c4,,contestants/E10/13-archives/E10-grandchallenge-MATHSOLVE-adcfa0537f43327f4bb9acfe1692f757fce353c4.zip,MATHSOLVE-adcfa0537f43327f4bb9acfe1692f757fce353c4/work_packages/YM_D001_STRONG_RESOLVENT_GAP_STABILITY/02_CLAIM_LEDGER.yaml,,6763d0c9,Filename/path inference; editable in the app
346182,work_packages/YM_D001_VARYING_HILBERT_GAP_STABILITY/02_CLAIM_LEDGER.yaml,General / shared,3190,Pinned collected revision; final designation governed by team receipt | 2fd9fd643bf3e9e98d121dc2e7af1cf1be411ae2,https://codeload.github.com/grandchallenge/MATHSOLVE/zip/2fd9fd643bf3e9e98d121dc2e7af1cf1be411ae2,,contestants/E10/13-archives/E10-grandchallenge-MATHSOLVE-2fd9fd643bf3e9e98d121dc2e7af1cf1be411ae2.zip,MATHSOLVE-2fd9fd643bf3e9e98d121dc2e7af1cf1be411ae2/work_packages/YM_D001_VARYING_HILBERT_GAP_STABILITY/02_CLAIM_LEDGER.yaml,,92596d41,Filename/path inference; editable in the app
349304,work_packages/YM_D001_VARYING_HILBERT_GAP_STABILITY/02_CLAIM_LEDGER.yaml,General / shared,3190,Latest public revision collected separately; not an author-designated final | adcfa0537f43327f4bb9acfe1692f757fce353c4,https://codeload.github.com/grandchallenge/MATHSOLVE/zip/adcfa0537f43327f4bb9acfe1692f757fce353c4,,contestants/E10/13-archives/E10-grandchallenge-MATHSOLVE-adcfa0537f43327f4bb9acfe1692f757fce353c4.zip,MATHSOLVE-adcfa0537f43327f4bb9acfe1692f757fce353c4/work_packages/YM_D001_VARYING_HILBERT_GAP_STABILITY/02_CLAIM_LEDGER.yaml,,92596d41,Filename/path inference; editable in the app
346186,work_packages/YM_D002_OS_ALGEBRAIC_LIMIT_CLOSURE/02_CLAIM_LEDGER.yaml,General / shared,3455,Pinned collected revision; final designation governed by team receipt | 2fd9fd643bf3e9e98d121dc2e7af1cf1be411ae2,https://codeload.github.com/grandchallenge/MATHSOLVE/zip/2fd9fd643bf3e9e98d121dc2e7af1cf1be411ae2,,contestants/E10/13-archives/E10-grandchallenge-MATHSOLVE-2fd9fd643bf3e9e98d121dc2e7af1cf1be411ae2.zip,MATHSOLVE-2fd9fd643bf3e9e98d121dc2e7af1cf1be411ae2/work_packages/YM_D002_OS_ALGEBRAIC_LIMIT_CLOSURE/02_CLAIM_LEDGER.yaml,,873989fb,Filename/path inference; editable in the app
349308,work_packages/YM_D002_OS_ALGEBRAIC_LIMIT_CLOSURE/02_CLAIM_LEDGER.yaml,General / shared,3455,Latest public revision collected separately; not an author-designated final | adcfa0537f43327f4bb9acfe1692f757fce353c4,https://codeload.github.com/grandchallenge/MATHSOLVE/zip/adcfa0537f43327f4bb9acfe1692f757fce353c4,,contestants/E10/13-archives/E10-grandchallenge-MATHSOLVE-adcfa0537f43327f4bb9acfe1692f757fce353c4.zip,MATHSOLVE-adcfa0537f43327f4bb9acfe1692f757fce353c4/work_packages/YM_D002_OS_ALGEBRAIC_LIMIT_CLOSURE/02_CLAIM_LEDGER.yaml,,873989fb,Filename/path inference; editable in the app
346190,work_packages/YM_D003_UV_LARGE_FIELD_COMPOSITION/02_CLAIM_LEDGER.yaml,General / shared,3856,Pinned collected revision; final designation governed by team receipt | 2fd9fd643bf3e9e98d121dc2e7af1cf1be411ae2,https://codeload.github.com/grandchallenge/MATHSOLVE/zip/2fd9fd643bf3e9e98d121dc2e7af1cf1be411ae2,,contestants/E10/13-archives/E10-grandchallenge-MATHSOLVE-2fd9fd643bf3e9e98d121dc2e7af1cf1be411ae2.zip,MATHSOLVE-2fd9fd643bf3e9e98d121dc2e7af1cf1be411ae2/work_packages/YM_D003_UV_LARGE_FIELD_COMPOSITION/02_CLAIM_LEDGER.yaml,,3413f097,Filename/path inference; editable in the app
349319,work_packages/YM_D003_UV_LARGE_FIELD_COMPOSITION/02_CLAIM_LEDGER.yaml,General / shared,3856,Latest public revision collected separately; not an author-designated final | adcfa0537f43327f4bb9acfe1692f757fce353c4,https://codeload.github.com/grandchallenge/MATHSOLVE/zip/adcfa0537f43327f4bb9acfe1692f757fce353c4,,contestants/E10/13-archives/E10-grandchallenge-MATHSOLVE-adcfa0537f43327f4bb9acfe1692f757fce353c4.zip,MATHSOLVE-adcfa0537f43327f4bb9acfe1692f757fce353c4/work_packages/YM_D003_UV_LARGE_FIELD_COMPOSITION/02_CLAIM_LEDGER.yaml,,3413f097,Filename/path inference; editable in the app
346194,work_packages/YM_D004_OBSERVABLE_INTERFACE_GAP/02_CLAIM_LEDGER.yaml,General / shared,3416,Pinned collected revision; final designation governed by team receipt | 2fd9fd643bf3e9e98d121dc2e7af1cf1be411ae2,https://codeload.github.com/grandchallenge/MATHSOLVE/zip/2fd9fd643bf3e9e98d121dc2e7af1cf1be411ae2,,contestants/E10/13-archives/E10-grandchallenge-MATHSOLVE-2fd9fd643bf3e9e98d121dc2e7af1cf1be411ae2.zip,MATHSOLVE-2fd9fd643bf3e9e98d121dc2e7af1cf1be411ae2/work_packages/YM_D004_OBSERVABLE_INTERFACE_GAP/02_CLAIM_LEDGER.yaml,,2be2c043,Filename/path inference; editable in the app
349323,work_packages/YM_D004_OBSERVABLE_INTERFACE_GAP/02_CLAIM_LEDGER.yaml,General / shared,3416,Latest public revision collected separately; not an author-designated final | adcfa0537f43327f4bb9acfe1692f757fce353c4,https://codeload.github.com/grandchallenge/MATHSOLVE/zip/adcfa0537f43327f4bb9acfe1692f757fce353c4,,contestants/E10/13-archives/E10-grandchallenge-MATHSOLVE-adcfa0537f43327f4bb9acfe1692f757fce353c4.zip,MATHSOLVE-adcfa0537f43327f4bb9acfe1692f757fce353c4/work_packages/YM_D004_OBSERVABLE_INTERFACE_GAP/02_CLAIM_LEDGER.yaml,,2be2c043,Filename/path inference; editable in the app
346198,work_packages/YM_D005_CONVERSE_SPECTRAL_BRIDGE/02_CLAIM_LEDGER.yaml,General / shared,3473,Pinned collected revision; final designation governed by team receipt | 2fd9fd643bf3e9e98d121dc2e7af1cf1be411ae2,https://codeload.github.com/grandchallenge/MATHSOLVE/zip/2fd9fd643bf3e9e98d121dc2e7af1cf1be411ae2,,contestants/E10/13-archives/E10-grandchallenge-MATHSOLVE-2fd9fd643bf3e9e98d121dc2e7af1cf1be411ae2.zip,MATHSOLVE-2fd9fd643bf3e9e98d121dc2e7af1cf1be411ae2/work_packages/YM_D005_CONVERSE_SPECTRAL_BRIDGE/02_CLAIM_LEDGER.yaml,,44cdd3b9,Filename/path inference; editable in the app
349327,work_packages/YM_D005_CONVERSE_SPECTRAL_BRIDGE/02_CLAIM_LEDGER.yaml,General / shared,3473,Latest public revision collected separately; not an author-designated final | adcfa0537f43327f4bb9acfe1692f757fce353c4,https://codeload.github.com/grandchallenge/MATHSOLVE/zip/adcfa0537f43327f4bb9acfe1692f757fce353c4,,contestants/E10/13-archives/E10-grandchallenge-MATHSOLVE-adcfa0537f43327f4bb9acfe1692f757fce353c4.zip,MATHSOLVE-adcfa0537f43327f4bb9acfe1692f757fce353c4/work_packages/YM_D005_CONVERSE_SPECTRAL_BRIDGE/02_CLAIM_LEDGER.yaml,,44cdd3b9,Filename/path inference; editable in the app
346202,work_packages/openmath_2026/HILL_PACKET_TEMPLATE.md,General / shared,1584,Pinned collected revision; final designation governed by team receipt | 2fd9fd643bf3e9e98d121dc2e7af1cf1be411ae2,https://codeload.github.com/grandchallenge/MATHSOLVE/zip/2fd9fd643bf3e9e98d121dc2e7af1cf1be411ae2,,contestants/E10/13-archives/E10-grandchallenge-MATHSOLVE-2fd9fd643bf3e9e98d121dc2e7af1cf1be411ae2.zip,MATHSOLVE-2fd9fd643bf3e9e98d121dc2e7af1cf1be411ae2/work_packages/openmath_2026/HILL_PACKET_TEMPLATE.md,,d064adcc,Filename/path inference; editable in the app
349331,work_packages/openmath_2026/HILL_PACKET_TEMPLATE.md,General / shared,1584,Latest public revision collected separately; not an author-designated final | adcfa0537f43327f4bb9acfe1692f757fce353c4,https://codeload.github.com/grandchallenge/MATHSOLVE/zip/adcfa0537f43327f4bb9acfe1692f757fce353c4,,contestants/E10/13-archives/E10-grandchallenge-MATHSOLVE-adcfa0537f43327f4bb9acfe1692f757fce353c4.zip,MATHSOLVE-adcfa0537f43327f4bb9acfe1692f757fce353c4/work_packages/openmath_2026/HILL_PACKET_TEMPLATE.md,,d064adcc,Filename/path inference; editable in the app
