id,team_id,category,topic,basis,original_path,local_path,archive_path,archive_member,bytes,sha256,crc32,version,source,verification
352159,E04,07-reproduction,General / shared,Original pinned GitHub repository; static role inference,kaggle/analysis/census140/align.py,,contestants\E04\13-archives\GitHub-original-479c2416b6261ee841052eef4881df0e40054f3f.zip,ChandraguptSharma07-matrix-multiplication-tensor-3x3-479c2416b6261ee841052eef4881df0e40054f3f/kaggle/analysis/census140/align.py,2283,a09f646edf77460775888ed999309723c777b72712711e62767894e0e880559d,7f26ca82,479c2416b6261ee841052eef4881df0e40054f3f,Authenticated GitHub snapshot ChandraguptSharma07/matrix-multiplication-tensor-3x3,Original archive CRC and member SHA256 verified
352164,E04,07-reproduction,General / shared,Original pinned GitHub repository; static role inference,kaggle/analysis/census140/census_v0_killed.py,,contestants\E04\13-archives\GitHub-original-479c2416b6261ee841052eef4881df0e40054f3f.zip,ChandraguptSharma07-matrix-multiplication-tensor-3x3-479c2416b6261ee841052eef4881df0e40054f3f/kaggle/analysis/census140/census_v0_killed.py,10020,3f20fb3dd699847f5a8d7bc70f17a0eb67003b0b9f96eb6dddf39e30795c9c79,4634bbdd,479c2416b6261ee841052eef4881df0e40054f3f,Authenticated GitHub snapshot ChandraguptSharma07/matrix-multiplication-tensor-3x3,Original archive CRC and member SHA256 verified
352165,E04,07-reproduction,General / shared,Original pinned GitHub repository; static role inference,kaggle/analysis/census140/checks.py,,contestants\E04\13-archives\GitHub-original-479c2416b6261ee841052eef4881df0e40054f3f.zip,ChandraguptSharma07-matrix-multiplication-tensor-3x3-479c2416b6261ee841052eef4881df0e40054f3f/kaggle/analysis/census140/checks.py,3314,2bf95a7a7226396708da7cc4f5768e874db712994e91164029a585222c66a304,3961c84a,479c2416b6261ee841052eef4881df0e40054f3f,Authenticated GitHub snapshot ChandraguptSharma07/matrix-multiplication-tensor-3x3,Original archive CRC and member SHA256 verified
352169,E04,07-reproduction,General / shared,Original pinned GitHub repository; static role inference,kaggle/analysis/census140/classes.py,,contestants\E04\13-archives\GitHub-original-479c2416b6261ee841052eef4881df0e40054f3f.zip,ChandraguptSharma07-matrix-multiplication-tensor-3x3-479c2416b6261ee841052eef4881df0e40054f3f/kaggle/analysis/census140/classes.py,4300,46dd227c13f4e6a60135dac1f1f3254b59a7af3b4311e5edab8458fc840a093b,e4f420da,479c2416b6261ee841052eef4881df0e40054f3f,Authenticated GitHub snapshot ChandraguptSharma07/matrix-multiplication-tensor-3x3,Original archive CRC and member SHA256 verified
352172,E04,07-reproduction,General / shared,Original pinned GitHub repository; static role inference,kaggle/analysis/census140/dyadic_pair.py,,contestants\E04\13-archives\GitHub-original-479c2416b6261ee841052eef4881df0e40054f3f.zip,ChandraguptSharma07-matrix-multiplication-tensor-3x3-479c2416b6261ee841052eef4881df0e40054f3f/kaggle/analysis/census140/dyadic_pair.py,2429,a0e7d7c840ef77f310a4aee1e73a4d07d75f9967aa37ecd8651822f29c42e3e5,0837b357,479c2416b6261ee841052eef4881df0e40054f3f,Authenticated GitHub snapshot ChandraguptSharma07/matrix-multiplication-tensor-3x3,Original archive CRC and member SHA256 verified
352174,E04,07-reproduction,General / shared,Original pinned GitHub repository; static role inference,kaggle/analysis/census140/dyadic_pairs_all.py,,contestants\E04\13-archives\GitHub-original-479c2416b6261ee841052eef4881df0e40054f3f.zip,ChandraguptSharma07-matrix-multiplication-tensor-3x3-479c2416b6261ee841052eef4881df0e40054f3f/kaggle/analysis/census140/dyadic_pairs_all.py,3343,7aed9a9f7b73ccd20bdf6bb894d079d44562d652bb1649daeff09c103a978e0e,a0b77832,479c2416b6261ee841052eef4881df0e40054f3f,Authenticated GitHub snapshot ChandraguptSharma07/matrix-multiplication-tensor-3x3,Original archive CRC and member SHA256 verified
352177,E04,07-reproduction,General / shared,Original pinned GitHub repository; static role inference,kaggle/analysis/census140/exact_rel.py,,contestants\E04\13-archives\GitHub-original-479c2416b6261ee841052eef4881df0e40054f3f.zip,ChandraguptSharma07-matrix-multiplication-tensor-3x3-479c2416b6261ee841052eef4881df0e40054f3f/kaggle/analysis/census140/exact_rel.py,8113,fbba384fa6d2c4b1618fff81ca1f5a823e5949e029579f40cb03f3487033f065,6c85643b,479c2416b6261ee841052eef4881df0e40054f3f,Authenticated GitHub snapshot ChandraguptSharma07/matrix-multiplication-tensor-3x3,Original archive CRC and member SHA256 verified
352186,E04,07-reproduction,General / shared,Original pinned GitHub repository; static role inference,kaggle/analysis/census140/famdim_all.py,,contestants\E04\13-archives\GitHub-original-479c2416b6261ee841052eef4881df0e40054f3f.zip,ChandraguptSharma07-matrix-multiplication-tensor-3x3-479c2416b6261ee841052eef4881df0e40054f3f/kaggle/analysis/census140/famdim_all.py,829,bccb26f3ac6c0aebd88f75a501aa104c15a17d7ed8cb6d2fdd2cc74a23a53269,01e437a4,479c2416b6261ee841052eef4881df0e40054f3f,Authenticated GitHub snapshot ChandraguptSharma07/matrix-multiplication-tensor-3x3,Original archive CRC and member SHA256 verified
352189,E04,07-reproduction,General / shared,Original pinned GitHub repository; static role inference,kaggle/analysis/census140/finish.sh,,contestants\E04\13-archives\GitHub-original-479c2416b6261ee841052eef4881df0e40054f3f.zip,ChandraguptSharma07-matrix-multiplication-tensor-3x3-479c2416b6261ee841052eef4881df0e40054f3f/kaggle/analysis/census140/finish.sh,962,7cf945dcb2a2679e3226042b897e499f67d4185173b5a642f52800ba2092c022,84412c28,479c2416b6261ee841052eef4881df0e40054f3f,Authenticated GitHub snapshot ChandraguptSharma07/matrix-multiplication-tensor-3x3,Original archive CRC and member SHA256 verified
352190,E04,07-reproduction,General / shared,Original pinned GitHub repository; static role inference,kaggle/analysis/census140/fix_summary.py,,contestants\E04\13-archives\GitHub-original-479c2416b6261ee841052eef4881df0e40054f3f.zip,ChandraguptSharma07-matrix-multiplication-tensor-3x3-479c2416b6261ee841052eef4881df0e40054f3f/kaggle/analysis/census140/fix_summary.py,2775,02832750c1b226c53b26042abde5abdafd12e2f1c95d2dcff9900dbe4722d6c4,dec88940,479c2416b6261ee841052eef4881df0e40054f3f,Authenticated GitHub snapshot ChandraguptSharma07/matrix-multiplication-tensor-3x3,Original archive CRC and member SHA256 verified
352192,E04,07-reproduction,General / shared,Original pinned GitHub repository; static role inference,kaggle/analysis/census140/known.py,,contestants\E04\13-archives\GitHub-original-479c2416b6261ee841052eef4881df0e40054f3f.zip,ChandraguptSharma07-matrix-multiplication-tensor-3x3-479c2416b6261ee841052eef4881df0e40054f3f/kaggle/analysis/census140/known.py,3283,1a36b76f6cf9aea59912a0b34fae75d7ce438d4147522dee9d9c4aaca80c7c4d,b1c61c99,479c2416b6261ee841052eef4881df0e40054f3f,Authenticated GitHub snapshot ChandraguptSharma07/matrix-multiplication-tensor-3x3,Original archive CRC and member SHA256 verified
352194,E04,07-reproduction,General / shared,Original pinned GitHub repository; static role inference,kaggle/analysis/census140/lib.py,,contestants\E04\13-archives\GitHub-original-479c2416b6261ee841052eef4881df0e40054f3f.zip,ChandraguptSharma07-matrix-multiplication-tensor-3x3-479c2416b6261ee841052eef4881df0e40054f3f/kaggle/analysis/census140/lib.py,3773,b67a841ed94538f5bf8dc4f40c76f6a0dee986a29f7303ac582af3e9b9e8a094,4d180115,479c2416b6261ee841052eef4881df0e40054f3f,Authenticated GitHub snapshot ChandraguptSharma07/matrix-multiplication-tensor-3x3,Original archive CRC and member SHA256 verified
352257,E04,07-reproduction,General / shared,Original pinned GitHub repository; static role inference,kaggle/analysis/census140/lift_class.py,,contestants\E04\13-archives\GitHub-original-479c2416b6261ee841052eef4881df0e40054f3f.zip,ChandraguptSharma07-matrix-multiplication-tensor-3x3-479c2416b6261ee841052eef4881df0e40054f3f/kaggle/analysis/census140/lift_class.py,6594,3e19f268bdce601a087b88c3aaafe76cec10267993ba0b5b5bb5fec8c194301e,2da4f2c2,479c2416b6261ee841052eef4881df0e40054f3f,Authenticated GitHub snapshot ChandraguptSharma07/matrix-multiplication-tensor-3x3,Original archive CRC and member SHA256 verified
352259,E04,07-reproduction,General / shared,Original pinned GitHub repository; static role inference,kaggle/analysis/census140/maps.py,,contestants\E04\13-archives\GitHub-original-479c2416b6261ee841052eef4881df0e40054f3f.zip,ChandraguptSharma07-matrix-multiplication-tensor-3x3-479c2416b6261ee841052eef4881df0e40054f3f/kaggle/analysis/census140/maps.py,2668,0dd4b853d3a0fa45adf3544faef2e4c9330cfcc1e37448f562f7fee629b10eb4,ddf36ef5,479c2416b6261ee841052eef4881df0e40054f3f,Authenticated GitHub snapshot ChandraguptSharma07/matrix-multiplication-tensor-3x3,Original archive CRC and member SHA256 verified
352260,E04,07-reproduction,General / shared,Original pinned GitHub repository; static role inference,kaggle/analysis/census140/report.py,,contestants\E04\13-archives\GitHub-original-479c2416b6261ee841052eef4881df0e40054f3f.zip,ChandraguptSharma07-matrix-multiplication-tensor-3x3-479c2416b6261ee841052eef4881df0e40054f3f/kaggle/analysis/census140/report.py,20977,b02f26d491bdaca3a3ec571847087c3dbd1a8bac5fe5b9c3e74b04641864566b,ebe57b4f,479c2416b6261ee841052eef4881df0e40054f3f,Authenticated GitHub snapshot ChandraguptSharma07/matrix-multiplication-tensor-3x3,Original archive CRC and member SHA256 verified
352261,E04,07-reproduction,General / shared,Original pinned GitHub repository; static role inference,kaggle/analysis/census140/run_lifts.sh,,contestants\E04\13-archives\GitHub-original-479c2416b6261ee841052eef4881df0e40054f3f.zip,ChandraguptSharma07-matrix-multiplication-tensor-3x3-479c2416b6261ee841052eef4881df0e40054f3f/kaggle/analysis/census140/run_lifts.sh,544,9b0de117336f1309fc1692bd83b41bcd3da73372834ae353ddf90c4be0bda588,415137f4,479c2416b6261ee841052eef4881df0e40054f3f,Authenticated GitHub snapshot ChandraguptSharma07/matrix-multiplication-tensor-3x3,Original archive CRC and member SHA256 verified
352265,E04,07-reproduction,General / shared,Original pinned GitHub repository; static role inference,kaggle/analysis/census_w8/align_w8.py,,contestants\E04\13-archives\GitHub-original-479c2416b6261ee841052eef4881df0e40054f3f.zip,ChandraguptSharma07-matrix-multiplication-tensor-3x3-479c2416b6261ee841052eef4881df0e40054f3f/kaggle/analysis/census_w8/align_w8.py,4875,3467fdca28f1867b2533660fe80bab8a05039d45fd5c5b07863aef90e78e40f9,89c2212b,479c2416b6261ee841052eef4881df0e40054f3f,Authenticated GitHub snapshot ChandraguptSharma07/matrix-multiplication-tensor-3x3,Original archive CRC and member SHA256 verified
352269,E04,07-reproduction,General / shared,Original pinned GitHub repository; static role inference,kaggle/analysis/census_w8/check_144g6.py,,contestants\E04\13-archives\GitHub-original-479c2416b6261ee841052eef4881df0e40054f3f.zip,ChandraguptSharma07-matrix-multiplication-tensor-3x3-479c2416b6261ee841052eef4881df0e40054f3f/kaggle/analysis/census_w8/check_144g6.py,3597,e4ab5f49a7ebeec20d1fca0694900a0f3494c1c4455c9f196d1485b4010cfa65,ef9b1dde,479c2416b6261ee841052eef4881df0e40054f3f,Authenticated GitHub snapshot ChandraguptSharma07/matrix-multiplication-tensor-3x3,Original archive CRC and member SHA256 verified
352270,E04,07-reproduction,General / shared,Original pinned GitHub repository; static role inference,kaggle/analysis/census_w8/check_144g6_out.txt,,contestants\E04\13-archives\GitHub-original-479c2416b6261ee841052eef4881df0e40054f3f.zip,ChandraguptSharma07-matrix-multiplication-tensor-3x3-479c2416b6261ee841052eef4881df0e40054f3f/kaggle/analysis/census_w8/check_144g6_out.txt,1326,36c80f9571ba5f0f59409ecc8bb2e90333ae79fa0684bc71e5b0bd13af0c2f8e,043ab538,479c2416b6261ee841052eef4881df0e40054f3f,Authenticated GitHub snapshot ChandraguptSharma07/matrix-multiplication-tensor-3x3,Original archive CRC and member SHA256 verified
352272,E04,07-reproduction,General / shared,Original pinned GitHub repository; static role inference,kaggle/analysis/census_w8/checks_w8.py,,contestants\E04\13-archives\GitHub-original-479c2416b6261ee841052eef4881df0e40054f3f.zip,ChandraguptSharma07-matrix-multiplication-tensor-3x3-479c2416b6261ee841052eef4881df0e40054f3f/kaggle/analysis/census_w8/checks_w8.py,3478,05c0ad159cd7871e4c2a84cd8e15e0c0c5a855131c01cae6b2be97ea83ed624a,5b9d0e56,479c2416b6261ee841052eef4881df0e40054f3f,Authenticated GitHub snapshot ChandraguptSharma07/matrix-multiplication-tensor-3x3,Original archive CRC and member SHA256 verified
352276,E04,07-reproduction,General / shared,Original pinned GitHub repository; static role inference,kaggle/analysis/census_w8/classes_w8.py,,contestants\E04\13-archives\GitHub-original-479c2416b6261ee841052eef4881df0e40054f3f.zip,ChandraguptSharma07-matrix-multiplication-tensor-3x3-479c2416b6261ee841052eef4881df0e40054f3f/kaggle/analysis/census_w8/classes_w8.py,7829,5c452d96f7238d2a6a0d79ebe449c32330ba55911569ba533bf69cfc6cf92be4,da24be09,479c2416b6261ee841052eef4881df0e40054f3f,Authenticated GitHub snapshot ChandraguptSharma07/matrix-multiplication-tensor-3x3,Original archive CRC and member SHA256 verified
352281,E04,07-reproduction,General / shared,Original pinned GitHub repository; static role inference,kaggle/analysis/census_w8/dyadic_pairs_w8.py,,contestants\E04\13-archives\GitHub-original-479c2416b6261ee841052eef4881df0e40054f3f.zip,ChandraguptSharma07-matrix-multiplication-tensor-3x3-479c2416b6261ee841052eef4881df0e40054f3f/kaggle/analysis/census_w8/dyadic_pairs_w8.py,4173,87d0fdbabf18a4687a15f967331cfec38d3963568ce03ad345742419614e3a78,70ed503e,479c2416b6261ee841052eef4881df0e40054f3f,Authenticated GitHub snapshot ChandraguptSharma07/matrix-multiplication-tensor-3x3,Original archive CRC and member SHA256 verified
352285,E04,07-reproduction,General / shared,Original pinned GitHub repository; static role inference,kaggle/analysis/census_w8/exact_rel_w8.py,,contestants\E04\13-archives\GitHub-original-479c2416b6261ee841052eef4881df0e40054f3f.zip,ChandraguptSharma07-matrix-multiplication-tensor-3x3-479c2416b6261ee841052eef4881df0e40054f3f/kaggle/analysis/census_w8/exact_rel_w8.py,9065,481ada8338eea61bae25d3e51a4afd0682f627e01dfd7c57609bb3151543885d,4e5b72f4,479c2416b6261ee841052eef4881df0e40054f3f,Authenticated GitHub snapshot ChandraguptSharma07/matrix-multiplication-tensor-3x3,Original archive CRC and member SHA256 verified
352286,E04,07-reproduction,General / shared,Original pinned GitHub repository; static role inference,kaggle/analysis/census_w8/famdim_w8.py,,contestants\E04\13-archives\GitHub-original-479c2416b6261ee841052eef4881df0e40054f3f.zip,ChandraguptSharma07-matrix-multiplication-tensor-3x3-479c2416b6261ee841052eef4881df0e40054f3f/kaggle/analysis/census_w8/famdim_w8.py,1348,3ff7811255c36c93c07193d76eef695f357291dd26f1a538a8decef2a57f494d,3a2ecf26,479c2416b6261ee841052eef4881df0e40054f3f,Authenticated GitHub snapshot ChandraguptSharma07/matrix-multiplication-tensor-3x3,Original archive CRC and member SHA256 verified
352294,E04,07-reproduction,General / shared,Original pinned GitHub repository; static role inference,kaggle/analysis/census_w8/famtest_w8.py,,contestants\E04\13-archives\GitHub-original-479c2416b6261ee841052eef4881df0e40054f3f.zip,ChandraguptSharma07-matrix-multiplication-tensor-3x3-479c2416b6261ee841052eef4881df0e40054f3f/kaggle/analysis/census_w8/famtest_w8.py,4587,efd710c3a2e9cf54c3c66baea9efa477c2b5053b226ddf5ba38ca3bd2699ce5b,e5f37286,479c2416b6261ee841052eef4881df0e40054f3f,Authenticated GitHub snapshot ChandraguptSharma07/matrix-multiplication-tensor-3x3,Original archive CRC and member SHA256 verified
352295,E04,07-reproduction,General / shared,Original pinned GitHub repository; static role inference,kaggle/analysis/census_w8/hash_w8.py,,contestants\E04\13-archives\GitHub-original-479c2416b6261ee841052eef4881df0e40054f3f.zip,ChandraguptSharma07-matrix-multiplication-tensor-3x3-479c2416b6261ee841052eef4881df0e40054f3f/kaggle/analysis/census_w8/hash_w8.py,4586,e5b3252332975ed18857eecbf7e3f06377d7ad0a571b8eb0ba37e8f2b989cfb3,8cab0a4e,479c2416b6261ee841052eef4881df0e40054f3f,Authenticated GitHub snapshot ChandraguptSharma07/matrix-multiplication-tensor-3x3,Original archive CRC and member SHA256 verified
352297,E04,07-reproduction,General / shared,Original pinned GitHub repository; static role inference,kaggle/analysis/census_w8/known_w8.py,,contestants\E04\13-archives\GitHub-original-479c2416b6261ee841052eef4881df0e40054f3f.zip,ChandraguptSharma07-matrix-multiplication-tensor-3x3-479c2416b6261ee841052eef4881df0e40054f3f/kaggle/analysis/census_w8/known_w8.py,3932,68c6c09e537543b02eecb1fc8a5a2fa7dadf2e67ce5d1bfdcf87d66d7af5a85e,1dc27a6c,479c2416b6261ee841052eef4881df0e40054f3f,Authenticated GitHub snapshot ChandraguptSharma07/matrix-multiplication-tensor-3x3,Original archive CRC and member SHA256 verified
352299,E04,07-reproduction,General / shared,Original pinned GitHub repository; static role inference,kaggle/analysis/census_w8/lib_w8.py,,contestants\E04\13-archives\GitHub-original-479c2416b6261ee841052eef4881df0e40054f3f.zip,ChandraguptSharma07-matrix-multiplication-tensor-3x3-479c2416b6261ee841052eef4881df0e40054f3f/kaggle/analysis/census_w8/lib_w8.py,2021,6ca74dc1e67902e183c5f6a099756f849bd787574a864a5ed4ad068f90f0e0d2,985f78b5,479c2416b6261ee841052eef4881df0e40054f3f,Authenticated GitHub snapshot ChandraguptSharma07/matrix-multiplication-tensor-3x3,Original archive CRC and member SHA256 verified
352376,E04,07-reproduction,General / shared,Original pinned GitHub repository; static role inference,kaggle/analysis/census_w8/lift_w8.py,,contestants\E04\13-archives\GitHub-original-479c2416b6261ee841052eef4881df0e40054f3f.zip,ChandraguptSharma07-matrix-multiplication-tensor-3x3-479c2416b6261ee841052eef4881df0e40054f3f/kaggle/analysis/census_w8/lift_w8.py,6925,f224d905639f30f2a84c52ffd23f71e9ce5ac455e6126a847a2bb10be76cb9ea,f9381f95,479c2416b6261ee841052eef4881df0e40054f3f,Authenticated GitHub snapshot ChandraguptSharma07/matrix-multiplication-tensor-3x3,Original archive CRC and member SHA256 verified
352379,E04,07-reproduction,General / shared,Original pinned GitHub repository; static role inference,kaggle/analysis/census_w8/ratpoint_w8.py,,contestants\E04\13-archives\GitHub-original-479c2416b6261ee841052eef4881df0e40054f3f.zip,ChandraguptSharma07-matrix-multiplication-tensor-3x3-479c2416b6261ee841052eef4881df0e40054f3f/kaggle/analysis/census_w8/ratpoint_w8.py,5166,940055bbd95ebd9e802c11ac5b036426325b6e0a3b9d69a5fc8ec9d461165c5b,c05994e7,479c2416b6261ee841052eef4881df0e40054f3f,Authenticated GitHub snapshot ChandraguptSharma07/matrix-multiplication-tensor-3x3,Original archive CRC and member SHA256 verified
352380,E04,07-reproduction,General / shared,Original pinned GitHub repository; static role inference,kaggle/analysis/census_w8/run_lifts_1.sh,,contestants\E04\13-archives\GitHub-original-479c2416b6261ee841052eef4881df0e40054f3f.zip,ChandraguptSharma07-matrix-multiplication-tensor-3x3-479c2416b6261ee841052eef4881df0e40054f3f/kaggle/analysis/census_w8/run_lifts_1.sh,343,0a70d58979249e7b39be12c4f590df240e99455615a04477094864dbc1246990,11943c46,479c2416b6261ee841052eef4881df0e40054f3f,Authenticated GitHub snapshot ChandraguptSharma07/matrix-multiplication-tensor-3x3,Original archive CRC and member SHA256 verified
352381,E04,07-reproduction,General / shared,Original pinned GitHub repository; static role inference,kaggle/analysis/census_w8/run_lifts_2.sh,,contestants\E04\13-archives\GitHub-original-479c2416b6261ee841052eef4881df0e40054f3f.zip,ChandraguptSharma07-matrix-multiplication-tensor-3x3-479c2416b6261ee841052eef4881df0e40054f3f/kaggle/analysis/census_w8/run_lifts_2.sh,435,62ef0aa8f5d8657a4c0c77b5acbb1377876fe5a5e0783065b3020c609c005fb5,7a6f4e59,479c2416b6261ee841052eef4881df0e40054f3f,Authenticated GitHub snapshot ChandraguptSharma07/matrix-multiplication-tensor-3x3,Original archive CRC and member SHA256 verified
352382,E04,07-reproduction,General / shared,Original pinned GitHub repository; static role inference,kaggle/analysis/census_w8/run_lifts_3.sh,,contestants\E04\13-archives\GitHub-original-479c2416b6261ee841052eef4881df0e40054f3f.zip,ChandraguptSharma07-matrix-multiplication-tensor-3x3-479c2416b6261ee841052eef4881df0e40054f3f/kaggle/analysis/census_w8/run_lifts_3.sh,405,4d65c133d67a9b32ee9df364a81ac739921f50eefb9782119d11e5a69e33fa46,e778198f,479c2416b6261ee841052eef4881df0e40054f3f,Authenticated GitHub snapshot ChandraguptSharma07/matrix-multiplication-tensor-3x3,Original archive CRC and member SHA256 verified
352384,E04,07-reproduction,General / shared,Original pinned GitHub repository; static role inference,kaggle/analysis/common.py,,contestants\E04\13-archives\GitHub-original-479c2416b6261ee841052eef4881df0e40054f3f.zip,ChandraguptSharma07-matrix-multiplication-tensor-3x3-479c2416b6261ee841052eef4881df0e40054f3f/kaggle/analysis/common.py,4842,2d121f51cb4aaf159ba5d14de4902cb76b98acf37f1d0df6877dd2a0368c6614,24bca7b1,479c2416b6261ee841052eef4881df0e40054f3f,Authenticated GitHub snapshot ChandraguptSharma07/matrix-multiplication-tensor-3x3,Original archive CRC and member SHA256 verified
352387,E04,07-reproduction,General / shared,Original pinned GitHub repository; static role inference,kaggle/analysis/core1809/core_orbits.py,,contestants\E04\13-archives\GitHub-original-479c2416b6261ee841052eef4881df0e40054f3f.zip,ChandraguptSharma07-matrix-multiplication-tensor-3x3-479c2416b6261ee841052eef4881df0e40054f3f/kaggle/analysis/core1809/core_orbits.py,3046,f52517eda4521c7f3b29a1fb63fd83e8a2c0027aba6a543e4e3293a21792f2ce,a83a1698,479c2416b6261ee841052eef4881df0e40054f3f,Authenticated GitHub snapshot ChandraguptSharma07/matrix-multiplication-tensor-3x3,Original archive CRC and member SHA256 verified
352396,E04,07-reproduction,General / shared,Original pinned GitHub repository; static role inference,kaggle/analysis/core1809/hit2_image.py,,contestants\E04\13-archives\GitHub-original-479c2416b6261ee841052eef4881df0e40054f3f.zip,ChandraguptSharma07-matrix-multiplication-tensor-3x3-479c2416b6261ee841052eef4881df0e40054f3f/kaggle/analysis/core1809/hit2_image.py,3037,d32a0de1d751c7517803025068dad3fa639fd717947771b995427350187a1a82,91ef0fc0,479c2416b6261ee841052eef4881df0e40054f3f,Authenticated GitHub snapshot ChandraguptSharma07/matrix-multiplication-tensor-3x3,Original archive CRC and member SHA256 verified
352407,E04,07-reproduction,General / shared,Original pinned GitHub repository; static role inference,kaggle/analysis/core1809/lift_hit.py,,contestants\E04\13-archives\GitHub-original-479c2416b6261ee841052eef4881df0e40054f3f.zip,ChandraguptSharma07-matrix-multiplication-tensor-3x3-479c2416b6261ee841052eef4881df0e40054f3f/kaggle/analysis/core1809/lift_hit.py,8048,ea7fda7d9cf06bc4e4d0f2c231bdced627061528b43468874f014c109273aa82,55df9112,479c2416b6261ee841052eef4881df0e40054f3f,Authenticated GitHub snapshot ChandraguptSharma07/matrix-multiplication-tensor-3x3,Original archive CRC and member SHA256 verified
352410,E04,07-reproduction,General / shared,Original pinned GitHub repository; static role inference,kaggle/analysis/core1809/run_task5.sh,,contestants\E04\13-archives\GitHub-original-479c2416b6261ee841052eef4881df0e40054f3f.zip,ChandraguptSharma07-matrix-multiplication-tensor-3x3-479c2416b6261ee841052eef4881df0e40054f3f/kaggle/analysis/core1809/run_task5.sh,386,6f44232950b0feee533805db0ee5ad26c53de468192cf70d6dcae3d70761d1c3,0b21fb91,479c2416b6261ee841052eef4881df0e40054f3f,Authenticated GitHub snapshot ChandraguptSharma07/matrix-multiplication-tensor-3x3,Original archive CRC and member SHA256 verified
352413,E04,07-reproduction,General / shared,Original pinned GitHub repository; static role inference,kaggle/analysis/core1809/task1_same.py,,contestants\E04\13-archives\GitHub-original-479c2416b6261ee841052eef4881df0e40054f3f.zip,ChandraguptSharma07-matrix-multiplication-tensor-3x3-479c2416b6261ee841052eef4881df0e40054f3f/kaggle/analysis/core1809/task1_same.py,2803,3c51321c8957cac03d64a58633255a9ca7f7d860118ccd26f94741952056fd38,7fb8f38a,479c2416b6261ee841052eef4881df0e40054f3f,Authenticated GitHub snapshot ChandraguptSharma07/matrix-multiplication-tensor-3x3,Original archive CRC and member SHA256 verified
352415,E04,07-reproduction,General / shared,Original pinned GitHub repository; static role inference,kaggle/analysis/core1809/task3_align.py,,contestants\E04\13-archives\GitHub-original-479c2416b6261ee841052eef4881df0e40054f3f.zip,ChandraguptSharma07-matrix-multiplication-tensor-3x3-479c2416b6261ee841052eef4881df0e40054f3f/kaggle/analysis/core1809/task3_align.py,3972,768b54c88d30af495941c330a51071b1cd9e880c9a41eab8ec93f09e1810e1dc,c19df301,479c2416b6261ee841052eef4881df0e40054f3f,Authenticated GitHub snapshot ChandraguptSharma07/matrix-multiplication-tensor-3x3,Original archive CRC and member SHA256 verified
352418,E04,07-reproduction,General / shared,Original pinned GitHub repository; static role inference,kaggle/analysis/core1809/task3_exact.py,,contestants\E04\13-archives\GitHub-original-479c2416b6261ee841052eef4881df0e40054f3f.zip,ChandraguptSharma07-matrix-multiplication-tensor-3x3-479c2416b6261ee841052eef4881df0e40054f3f/kaggle/analysis/core1809/task3_exact.py,8426,e35333ca27f27380625eeb78295999805163b20e3a5157fb2f69537c49e963d1,f1d60b44,479c2416b6261ee841052eef4881df0e40054f3f,Authenticated GitHub snapshot ChandraguptSharma07/matrix-multiplication-tensor-3x3,Original archive CRC and member SHA256 verified
352420,E04,07-reproduction,General / shared,Original pinned GitHub repository; static role inference,kaggle/analysis/core1809/task4_core.py,,contestants\E04\13-archives\GitHub-original-479c2416b6261ee841052eef4881df0e40054f3f.zip,ChandraguptSharma07-matrix-multiplication-tensor-3x3-479c2416b6261ee841052eef4881df0e40054f3f/kaggle/analysis/core1809/task4_core.py,4754,d3444be691c57d8212fed8f5ce28994a4393e46dd85ee1f5d922cde9b075ea22,59bcb0ab,479c2416b6261ee841052eef4881df0e40054f3f,Authenticated GitHub snapshot ChandraguptSharma07/matrix-multiplication-tensor-3x3,Original archive CRC and member SHA256 verified
352423,E04,07-reproduction,General / shared,Original pinned GitHub repository; static role inference,kaggle/analysis/core1809/task5_followup.py,,contestants\E04\13-archives\GitHub-original-479c2416b6261ee841052eef4881df0e40054f3f.zip,ChandraguptSharma07-matrix-multiplication-tensor-3x3-479c2416b6261ee841052eef4881df0e40054f3f/kaggle/analysis/core1809/task5_followup.py,2673,f9e72bc14a4d25c7473a1e0d8bb1f83b963deb7daa73e209ab2c5c8d45bdc861,4720b43b,479c2416b6261ee841052eef4881df0e40054f3f,Authenticated GitHub snapshot ChandraguptSharma07/matrix-multiplication-tensor-3x3,Original archive CRC and member SHA256 verified
352424,E04,07-reproduction,General / shared,Original pinned GitHub repository; static role inference,kaggle/analysis/core1809/task5_local.py,,contestants\E04\13-archives\GitHub-original-479c2416b6261ee841052eef4881df0e40054f3f.zip,ChandraguptSharma07-matrix-multiplication-tensor-3x3-479c2416b6261ee841052eef4881df0e40054f3f/kaggle/analysis/core1809/task5_local.py,3582,6eb5b195ca4c5b957884c10d9d411a2cd831554a8d9a571103eac63490f3de50,91d6a15a,479c2416b6261ee841052eef4881df0e40054f3f,Authenticated GitHub snapshot ChandraguptSharma07/matrix-multiplication-tensor-3x3,Original archive CRC and member SHA256 verified
352427,E04,07-reproduction,General / shared,Original pinned GitHub repository; static role inference,kaggle/analysis/core1809/trace_family.py,,contestants\E04\13-archives\GitHub-original-479c2416b6261ee841052eef4881df0e40054f3f.zip,ChandraguptSharma07-matrix-multiplication-tensor-3x3-479c2416b6261ee841052eef4881df0e40054f3f/kaggle/analysis/core1809/trace_family.py,4823,071d92cc0a1874c3ed094e021244dd6b0f7bcc379c7a19cbcd0d9e8e82b659d7,2c052ff0,479c2416b6261ee841052eef4881df0e40054f3f,Authenticated GitHub snapshot ChandraguptSharma07/matrix-multiplication-tensor-3x3,Original archive CRC and member SHA256 verified
352432,E04,07-reproduction,General / shared,Original pinned GitHub repository; static role inference,kaggle/analysis/cost/bench.c,,contestants\E04\13-archives\GitHub-original-479c2416b6261ee841052eef4881df0e40054f3f.zip,ChandraguptSharma07-matrix-multiplication-tensor-3x3-479c2416b6261ee841052eef4881df0e40054f3f/kaggle/analysis/cost/bench.c,2326,b3750e05db58800a06bb3f7a2d63af8cd92588769011342c6531916916338b7c,c45eb377,479c2416b6261ee841052eef4881df0e40054f3f,Authenticated GitHub snapshot ChandraguptSharma07/matrix-multiplication-tensor-3x3,Original archive CRC and member SHA256 verified
352436,E04,07-reproduction,General / shared,Original pinned GitHub repository; static role inference,kaggle/analysis/cost/bench_rec.c,,contestants\E04\13-archives\GitHub-original-479c2416b6261ee841052eef4881df0e40054f3f.zip,ChandraguptSharma07-matrix-multiplication-tensor-3x3-479c2416b6261ee841052eef4881df0e40054f3f/kaggle/analysis/cost/bench_rec.c,2743,8bdd72843943d48c1ad0aab6cf3b1f756a333b649984ec3002a716de6f28bc50,4f1b867e,479c2416b6261ee841052eef4881df0e40054f3f,Authenticated GitHub snapshot ChandraguptSharma07/matrix-multiplication-tensor-3x3,Original archive CRC and member SHA256 verified
352442,E04,07-reproduction,General / shared,Original pinned GitHub repository; static role inference,kaggle/analysis/cost/counts.py,,contestants\E04\13-archives\GitHub-original-479c2416b6261ee841052eef4881df0e40054f3f.zip,ChandraguptSharma07-matrix-multiplication-tensor-3x3-479c2416b6261ee841052eef4881df0e40054f3f/kaggle/analysis/cost/counts.py,3003,1b243a9f8167b015a65687cc86598a66349b2de6d9db02399f5822cabf714fb6,76bd2d4c,479c2416b6261ee841052eef4881df0e40054f3f,Authenticated GitHub snapshot ChandraguptSharma07/matrix-multiplication-tensor-3x3,Original archive CRC and member SHA256 verified
352443,E04,07-reproduction,General / shared,Original pinned GitHub repository; static role inference,kaggle/analysis/cost/gen.py,,contestants\E04\13-archives\GitHub-original-479c2416b6261ee841052eef4881df0e40054f3f.zip,ChandraguptSharma07-matrix-multiplication-tensor-3x3-479c2416b6261ee841052eef4881df0e40054f3f/kaggle/analysis/cost/gen.py,4825,acc7adebe0c49398fe597b2a35cb3275b65387b779493720dd4cc3e0ea970129,a4e55d3c,479c2416b6261ee841052eef4881df0e40054f3f,Authenticated GitHub snapshot ChandraguptSharma07/matrix-multiplication-tensor-3x3,Original archive CRC and member SHA256 verified
352444,E04,07-reproduction,General / shared,Original pinned GitHub repository; static role inference,kaggle/analysis/cost/kernels_batch.h,,contestants\E04\13-archives\GitHub-original-479c2416b6261ee841052eef4881df0e40054f3f.zip,ChandraguptSharma07-matrix-multiplication-tensor-3x3-479c2416b6261ee841052eef4881df0e40054f3f/kaggle/analysis/cost/kernels_batch.h,6539,50d4be8b9bd4eb8b7a66a8557f8fd285b31331520efd4cb097c366206f03751d,5bae96b5,479c2416b6261ee841052eef4881df0e40054f3f,Authenticated GitHub snapshot ChandraguptSharma07/matrix-multiplication-tensor-3x3,Original archive CRC and member SHA256 verified
352445,E04,07-reproduction,General / shared,Original pinned GitHub repository; static role inference,kaggle/analysis/cost/kernels_rec.h,,contestants\E04\13-archives\GitHub-original-479c2416b6261ee841052eef4881df0e40054f3f.zip,ChandraguptSharma07-matrix-multiplication-tensor-3x3-479c2416b6261ee841052eef4881df0e40054f3f/kaggle/analysis/cost/kernels_rec.h,58656,8ca6c1fb578ea576119908b572090ee4ee3c7806bad62e53559d8b7cd6ec5aa1,63b054aa,479c2416b6261ee841052eef4881df0e40054f3f,Authenticated GitHub snapshot ChandraguptSharma07/matrix-multiplication-tensor-3x3,Original archive CRC and member SHA256 verified
352447,E04,07-reproduction,General / shared,Original pinned GitHub repository; static role inference,kaggle/analysis/curve.py,,contestants\E04\13-archives\GitHub-original-479c2416b6261ee841052eef4881df0e40054f3f.zip,ChandraguptSharma07-matrix-multiplication-tensor-3x3-479c2416b6261ee841052eef4881df0e40054f3f/kaggle/analysis/curve.py,4259,2634e574e64a220699959df344f3705a4eada51ea50d3bda079af889027a700b,d047c957,479c2416b6261ee841052eef4881df0e40054f3f,Authenticated GitHub snapshot ChandraguptSharma07/matrix-multiplication-tensor-3x3,Original archive CRC and member SHA256 verified
352450,E04,07-reproduction,General / shared,Original pinned GitHub repository; static role inference,kaggle/analysis/curve_exact.py,,contestants\E04\13-archives\GitHub-original-479c2416b6261ee841052eef4881df0e40054f3f.zip,ChandraguptSharma07-matrix-multiplication-tensor-3x3-479c2416b6261ee841052eef4881df0e40054f3f/kaggle/analysis/curve_exact.py,2393,32adf024a16a0b52e3632f8d5cd9f71a135c093f23be303fff815c59fce4323e,3e08086f,479c2416b6261ee841052eef4881df0e40054f3f,Authenticated GitHub snapshot ChandraguptSharma07/matrix-multiplication-tensor-3x3,Original archive CRC and member SHA256 verified
352453,E04,07-reproduction,General / shared,Original pinned GitHub repository; static role inference,kaggle/analysis/curve_rational.py,,contestants\E04\13-archives\GitHub-original-479c2416b6261ee841052eef4881df0e40054f3f.zip,ChandraguptSharma07-matrix-multiplication-tensor-3x3-479c2416b6261ee841052eef4881df0e40054f3f/kaggle/analysis/curve_rational.py,5050,633e8552849a5d3be17946eb3342700740815925f8e9f006f63c6926d4159777,13c34e5c,479c2416b6261ee841052eef4881df0e40054f3f,Authenticated GitHub snapshot ChandraguptSharma07/matrix-multiplication-tensor-3x3,Original archive CRC and member SHA256 verified
352455,E04,07-reproduction,General / shared,Original pinned GitHub repository; static role inference,kaggle/analysis/dedup138.py,,contestants\E04\13-archives\GitHub-original-479c2416b6261ee841052eef4881df0e40054f3f.zip,ChandraguptSharma07-matrix-multiplication-tensor-3x3-479c2416b6261ee841052eef4881df0e40054f3f/kaggle/analysis/dedup138.py,2552,45e3738186970d02e3fcb1a96cbafd00081f8b41adf686f8e47887b1d4422404,13c4f2c7,479c2416b6261ee841052eef4881df0e40054f3f,Authenticated GitHub snapshot ChandraguptSharma07/matrix-multiplication-tensor-3x3,Original archive CRC and member SHA256 verified
352456,E04,07-reproduction,General / shared,Original pinned GitHub repository; static role inference,kaggle/analysis/dedup_any.py,,contestants\E04\13-archives\GitHub-original-479c2416b6261ee841052eef4881df0e40054f3f.zip,ChandraguptSharma07-matrix-multiplication-tensor-3x3-479c2416b6261ee841052eef4881df0e40054f3f/kaggle/analysis/dedup_any.py,3044,bf6c1afc595e4171671ea11817842be65a7315467f97069ea739e70bab77129c,326d7d02,479c2416b6261ee841052eef4881df0e40054f3f,Authenticated GitHub snapshot ChandraguptSharma07/matrix-multiplication-tensor-3x3,Original archive CRC and member SHA256 verified
352457,E04,07-reproduction,General / shared,Original pinned GitHub repository; static role inference,kaggle/analysis/dedup_w2.py,,contestants\E04\13-archives\GitHub-original-479c2416b6261ee841052eef4881df0e40054f3f.zip,ChandraguptSharma07-matrix-multiplication-tensor-3x3-479c2416b6261ee841052eef4881df0e40054f3f/kaggle/analysis/dedup_w2.py,2052,e84363d8935677c2400474b064e7ca440694ad6a6b11ac5d869e4ec7289c99d4,d695fb64,479c2416b6261ee841052eef4881df0e40054f3f,Authenticated GitHub snapshot ChandraguptSharma07/matrix-multiplication-tensor-3x3,Original archive CRC and member SHA256 verified
352462,E04,07-reproduction,General / shared,Original pinned GitHub repository; static role inference,kaggle/analysis/family.py,,contestants\E04\13-archives\GitHub-original-479c2416b6261ee841052eef4881df0e40054f3f.zip,ChandraguptSharma07-matrix-multiplication-tensor-3x3-479c2416b6261ee841052eef4881df0e40054f3f/kaggle/analysis/family.py,6109,6cffa5231b5d9cd845be56367070b57eb191f5f48091f6425516814b2bf2cf13,91b401f7,479c2416b6261ee841052eef4881df0e40054f3f,Authenticated GitHub snapshot ChandraguptSharma07/matrix-multiplication-tensor-3x3,Original archive CRC and member SHA256 verified
352475,E04,07-reproduction,General / shared,Original pinned GitHub repository; static role inference,kaggle/analysis/followup.py,,contestants\E04\13-archives\GitHub-original-479c2416b6261ee841052eef4881df0e40054f3f.zip,ChandraguptSharma07-matrix-multiplication-tensor-3x3-479c2416b6261ee841052eef4881df0e40054f3f/kaggle/analysis/followup.py,2499,fd255ea82d04c2639537cbc055320a8d548e1f163f3b2c4a39d54ed3bbf3e876,6023c141,479c2416b6261ee841052eef4881df0e40054f3f,Authenticated GitHub snapshot ChandraguptSharma07/matrix-multiplication-tensor-3x3,Original archive CRC and member SHA256 verified
352480,E04,07-reproduction,General / shared,Original pinned GitHub repository; static role inference,kaggle/analysis/gauge_min.py,,contestants\E04\13-archives\GitHub-original-479c2416b6261ee841052eef4881df0e40054f3f.zip,ChandraguptSharma07-matrix-multiplication-tensor-3x3-479c2416b6261ee841052eef4881df0e40054f3f/kaggle/analysis/gauge_min.py,3066,cee7f62e57cc1ccb93802499ba7093a4e8bc255f202814b4990bc26457c476ec,8deab07b,479c2416b6261ee841052eef4881df0e40054f3f,Authenticated GitHub snapshot ChandraguptSharma07/matrix-multiplication-tensor-3x3,Original archive CRC and member SHA256 verified
352498,E04,07-reproduction,General / shared,Original pinned GitHub repository; static role inference,kaggle/analysis/lift139/famdim.py,,contestants\E04\13-archives\GitHub-original-479c2416b6261ee841052eef4881df0e40054f3f.zip,ChandraguptSharma07-matrix-multiplication-tensor-3x3-479c2416b6261ee841052eef4881df0e40054f3f/kaggle/analysis/lift139/famdim.py,2468,76f16bc10cc0c0e9ccb5a85395c7b89eb138d4b3a821b6de021ca02d971dd740,4242269d,479c2416b6261ee841052eef4881df0e40054f3f,Authenticated GitHub snapshot ChandraguptSharma07/matrix-multiplication-tensor-3x3,Original archive CRC and member SHA256 verified
352500,E04,07-reproduction,General / shared,Original pinned GitHub repository; static role inference,kaggle/analysis/lift139/lift.py,,contestants\E04\13-archives\GitHub-original-479c2416b6261ee841052eef4881df0e40054f3f.zip,ChandraguptSharma07-matrix-multiplication-tensor-3x3-479c2416b6261ee841052eef4881df0e40054f3f/kaggle/analysis/lift139/lift.py,5726,81153634087b1c7bc87c9536018cb2de0ea2176b5f80696343133e0c65c6cafb,b200a44f,479c2416b6261ee841052eef4881df0e40054f3f,Authenticated GitHub snapshot ChandraguptSharma07/matrix-multiplication-tensor-3x3,Original archive CRC and member SHA256 verified
352503,E04,07-reproduction,General / shared,Original pinned GitHub repository; static role inference,kaggle/analysis/lift139/relations.py,,contestants\E04\13-archives\GitHub-original-479c2416b6261ee841052eef4881df0e40054f3f.zip,ChandraguptSharma07-matrix-multiplication-tensor-3x3-479c2416b6261ee841052eef4881df0e40054f3f/kaggle/analysis/lift139/relations.py,8258,821c55a0be736fa9a847dfe4d4773c92a77b707eda89c348c9f06e14d0623cdb,a4943a24,479c2416b6261ee841052eef4881df0e40054f3f,Authenticated GitHub snapshot ChandraguptSharma07/matrix-multiplication-tensor-3x3,Original archive CRC and member SHA256 verified
352505,E04,07-reproduction,General / shared,Original pinned GitHub repository; static role inference,kaggle/analysis/lift139/select_hits.py,,contestants\E04\13-archives\GitHub-original-479c2416b6261ee841052eef4881df0e40054f3f.zip,ChandraguptSharma07-matrix-multiplication-tensor-3x3-479c2416b6261ee841052eef4881df0e40054f3f/kaggle/analysis/lift139/select_hits.py,2024,eda9f5efedd2674d7bb4c93e1846d14b7846cc20cf6c0234766031ca80506343,b8a9a651,479c2416b6261ee841052eef4881df0e40054f3f,Authenticated GitHub snapshot ChandraguptSharma07/matrix-multiplication-tensor-3x3,Original archive CRC and member SHA256 verified
352506,E04,07-reproduction,General / shared,Original pinned GitHub repository; static role inference,kaggle/analysis/lift139/verify_rel.py,,contestants\E04\13-archives\GitHub-original-479c2416b6261ee841052eef4881df0e40054f3f.zip,ChandraguptSharma07-matrix-multiplication-tensor-3x3-479c2416b6261ee841052eef4881df0e40054f3f/kaggle/analysis/lift139/verify_rel.py,8419,a4242d4ea400e4f4c59c77f00e141be88a5a1d1c172a4f4da9f7b3daadbe6372,29de59c1,479c2416b6261ee841052eef4881df0e40054f3f,Authenticated GitHub snapshot ChandraguptSharma07/matrix-multiplication-tensor-3x3,Original archive CRC and member SHA256 verified
352507,E04,07-reproduction,General / shared,Original pinned GitHub repository; static role inference,kaggle/analysis/lift139/verify_rel_out.txt,,contestants\E04\13-archives\GitHub-original-479c2416b6261ee841052eef4881df0e40054f3f.zip,ChandraguptSharma07-matrix-multiplication-tensor-3x3-479c2416b6261ee841052eef4881df0e40054f3f/kaggle/analysis/lift139/verify_rel_out.txt,2301,b75afd7afda29c8293b9261d4eb57aee5144ba536335a7aeaa0ddb4d4f07c238,bf06446c,479c2416b6261ee841052eef4881df0e40054f3f,Authenticated GitHub snapshot ChandraguptSharma07/matrix-multiplication-tensor-3x3,Original archive CRC and member SHA256 verified
352508,E04,07-reproduction,General / shared,Original pinned GitHub repository; static role inference,kaggle/analysis/local_opt.py,,contestants\E04\13-archives\GitHub-original-479c2416b6261ee841052eef4881df0e40054f3f.zip,ChandraguptSharma07-matrix-multiplication-tensor-3x3-479c2416b6261ee841052eef4881df0e40054f3f/kaggle/analysis/local_opt.py,3446,fb9f7b3b2442a48c879d279cd27006118f31286c82e053e86d8be56c24323f38,541a3e7f,479c2416b6261ee841052eef4881df0e40054f3f,Authenticated GitHub snapshot ChandraguptSharma07/matrix-multiplication-tensor-3x3,Original archive CRC and member SHA256 verified
352512,E04,07-reproduction,General / shared,Original pinned GitHub repository; static role inference,kaggle/analysis/lsq.py,,contestants\E04\13-archives\GitHub-original-479c2416b6261ee841052eef4881df0e40054f3f.zip,ChandraguptSharma07-matrix-multiplication-tensor-3x3-479c2416b6261ee841052eef4881df0e40054f3f/kaggle/analysis/lsq.py,2798,8be0a3fa7461fffe7fb8fb8b2407d649fda1943c99ff8ae1b02b379d6d11a69e,4ebcc89f,479c2416b6261ee841052eef4881df0e40054f3f,Authenticated GitHub snapshot ChandraguptSharma07/matrix-multiplication-tensor-3x3,Original archive CRC and member SHA256 verified
352513,E04,07-reproduction,General / shared,Original pinned GitHub repository; static role inference,kaggle/analysis/match139.py,,contestants\E04\13-archives\GitHub-original-479c2416b6261ee841052eef4881df0e40054f3f.zip,ChandraguptSharma07-matrix-multiplication-tensor-3x3-479c2416b6261ee841052eef4881df0e40054f3f/kaggle/analysis/match139.py,863,fdda908f17729d1220f8928598970b3bcb4d3a821e01474da9a1d332b5f93e2c,db27e94e,479c2416b6261ee841052eef4881df0e40054f3f,Authenticated GitHub snapshot ChandraguptSharma07/matrix-multiplication-tensor-3x3,Original archive CRC and member SHA256 verified
352514,E04,07-reproduction,General / shared,Original pinned GitHub repository; static role inference,kaggle/analysis/match_known.py,,contestants\E04\13-archives\GitHub-original-479c2416b6261ee841052eef4881df0e40054f3f.zip,ChandraguptSharma07-matrix-multiplication-tensor-3x3-479c2416b6261ee841052eef4881df0e40054f3f/kaggle/analysis/match_known.py,1506,d68a576bbba94b3091199d98148ce5c701edaad51ef91092759422448858537d,3f7a1d6d,479c2416b6261ee841052eef4881df0e40054f3f,Authenticated GitHub snapshot ChandraguptSharma07/matrix-multiplication-tensor-3x3,Original archive CRC and member SHA256 verified
352515,E04,07-reproduction,General / shared,Original pinned GitHub repository; static role inference,kaggle/analysis/md2docx.py,,contestants\E04\13-archives\GitHub-original-479c2416b6261ee841052eef4881df0e40054f3f.zip,ChandraguptSharma07-matrix-multiplication-tensor-3x3-479c2416b6261ee841052eef4881df0e40054f3f/kaggle/analysis/md2docx.py,2042,bed16819b0d1d007478e3837f6689ba112239e190186635da0d2f6ed0d57f5c2,83586e6e,479c2416b6261ee841052eef4881df0e40054f3f,Authenticated GitHub snapshot ChandraguptSharma07/matrix-multiplication-tensor-3x3,Original archive CRC and member SHA256 verified
352516,E04,07-reproduction,General / shared,Original pinned GitHub repository; static role inference,kaggle/analysis/metrics.py,,contestants\E04\13-archives\GitHub-original-479c2416b6261ee841052eef4881df0e40054f3f.zip,ChandraguptSharma07-matrix-multiplication-tensor-3x3-479c2416b6261ee841052eef4881df0e40054f3f/kaggle/analysis/metrics.py,4378,3ae82eba8badda2d7f864efb55b083a511d23fb8e95c80e02c3fc41f0cf241c0,71af4e57,479c2416b6261ee841052eef4881df0e40054f3f,Authenticated GitHub snapshot ChandraguptSharma07/matrix-multiplication-tensor-3x3,Original archive CRC and member SHA256 verified
352518,E04,07-reproduction,General / shared,Original pinned GitHub repository; static role inference,kaggle/analysis/probe_limit.py,,contestants\E04\13-archives\GitHub-original-479c2416b6261ee841052eef4881df0e40054f3f.zip,ChandraguptSharma07-matrix-multiplication-tensor-3x3-479c2416b6261ee841052eef4881df0e40054f3f/kaggle/analysis/probe_limit.py,1835,82db901e8804cebce226fd7b461314d15fa85cad0b08c8434b4a6d11637933c5,0ece4051,479c2416b6261ee841052eef4881df0e40054f3f,Authenticated GitHub snapshot ChandraguptSharma07/matrix-multiplication-tensor-3x3,Original archive CRC and member SHA256 verified
352520,E04,07-reproduction,General / shared,Original pinned GitHub repository; static role inference,kaggle/analysis/run_local_opt.sh,,contestants\E04\13-archives\GitHub-original-479c2416b6261ee841052eef4881df0e40054f3f.zip,ChandraguptSharma07-matrix-multiplication-tensor-3x3-479c2416b6261ee841052eef4881df0e40054f3f/kaggle/analysis/run_local_opt.sh,408,da40073feecf205f4e932d37263a7295455818dfb99ec8d0a6e8ebf90e1d8368,c1df2658,479c2416b6261ee841052eef4881df0e40054f3f,Authenticated GitHub snapshot ChandraguptSharma07/matrix-multiplication-tensor-3x3,Original archive CRC and member SHA256 verified
352522,E04,07-reproduction,General / shared,Original pinned GitHub repository; static role inference,kaggle/analysis/structure.py,,contestants\E04\13-archives\GitHub-original-479c2416b6261ee841052eef4881df0e40054f3f.zip,ChandraguptSharma07-matrix-multiplication-tensor-3x3-479c2416b6261ee841052eef4881df0e40054f3f/kaggle/analysis/structure.py,12848,298c3fcf85a9a2e328d1741c784b1f4185e3084fd4de4ee513a6ba163e251dc0,1ddb1eae,479c2416b6261ee841052eef4881df0e40054f3f,Authenticated GitHub snapshot ChandraguptSharma07/matrix-multiplication-tensor-3x3,Original archive CRC and member SHA256 verified
352524,E04,07-reproduction,General / shared,Original pinned GitHub repository; static role inference,kaggle/analysis/structure2.py,,contestants\E04\13-archives\GitHub-original-479c2416b6261ee841052eef4881df0e40054f3f.zip,ChandraguptSharma07-matrix-multiplication-tensor-3x3-479c2416b6261ee841052eef4881df0e40054f3f/kaggle/analysis/structure2.py,7584,cc5a67e054e4578814bf9d7514b837d83e2cfc0bf467a053d78f6397e6464324,70a162fe,479c2416b6261ee841052eef4881df0e40054f3f,Authenticated GitHub snapshot ChandraguptSharma07/matrix-multiplication-tensor-3x3,Original archive CRC and member SHA256 verified
352527,E04,07-reproduction,General / shared,Original pinned GitHub repository; static role inference,kaggle/analysis/summarise_b.py,,contestants\E04\13-archives\GitHub-original-479c2416b6261ee841052eef4881df0e40054f3f.zip,ChandraguptSharma07-matrix-multiplication-tensor-3x3-479c2416b6261ee841052eef4881df0e40054f3f/kaggle/analysis/summarise_b.py,1548,bdca7589ee75444dd9eaa7a263370b45c3e308645b4e4e0eb48d7ad1e57bc815,0770373f,479c2416b6261ee841052eef4881df0e40054f3f,Authenticated GitHub snapshot ChandraguptSharma07/matrix-multiplication-tensor-3x3,Original archive CRC and member SHA256 verified
352529,E04,07-reproduction,General / shared,Original pinned GitHub repository; static role inference,kaggle/analysis/tropical.py,,contestants\E04\13-archives\GitHub-original-479c2416b6261ee841052eef4881df0e40054f3f.zip,ChandraguptSharma07-matrix-multiplication-tensor-3x3-479c2416b6261ee841052eef4881df0e40054f3f/kaggle/analysis/tropical.py,4069,f69c3ac9a04dc68294f104a15b75be97054e5e9ada6b3c62425fb4e23e487c52,62477147,479c2416b6261ee841052eef4881df0e40054f3f,Authenticated GitHub snapshot ChandraguptSharma07/matrix-multiplication-tensor-3x3,Original archive CRC and member SHA256 verified
352538,E04,07-reproduction,General / shared,Original pinned GitHub repository; static role inference,kaggle/analysis/walk5/chain138.sh,,contestants\E04\13-archives\GitHub-original-479c2416b6261ee841052eef4881df0e40054f3f.zip,ChandraguptSharma07-matrix-multiplication-tensor-3x3-479c2416b6261ee841052eef4881df0e40054f3f/kaggle/analysis/walk5/chain138.sh,256,5f85e7147a04c643fec3e9c8e4d1bc0caa307f244d6cce16e6ce6692ca668483,9bc3307e,479c2416b6261ee841052eef4881df0e40054f3f,Authenticated GitHub snapshot ChandraguptSharma07/matrix-multiplication-tensor-3x3,Original archive CRC and member SHA256 verified
352539,E04,07-reproduction,General / shared,Original pinned GitHub repository; static role inference,kaggle/analysis/walk5/chain139.sh,,contestants\E04\13-archives\GitHub-original-479c2416b6261ee841052eef4881df0e40054f3f.zip,ChandraguptSharma07-matrix-multiplication-tensor-3x3-479c2416b6261ee841052eef4881df0e40054f3f/kaggle/analysis/walk5/chain139.sh,394,5c3d7786d82a4901a612300066213da86233372270699d67c7c8a50d385bc5a2,42880faf,479c2416b6261ee841052eef4881df0e40054f3f,Authenticated GitHub snapshot ChandraguptSharma07/matrix-multiplication-tensor-3x3,Original archive CRC and member SHA256 verified
352540,E04,07-reproduction,General / shared,Original pinned GitHub repository; static role inference,kaggle/analysis/walk5/chain_after.sh,,contestants\E04\13-archives\GitHub-original-479c2416b6261ee841052eef4881df0e40054f3f.zip,ChandraguptSharma07-matrix-multiplication-tensor-3x3-479c2416b6261ee841052eef4881df0e40054f3f/kaggle/analysis/walk5/chain_after.sh,476,e0379bae1210d5afb432925be0da115f8be9357cae349decd2c9f27234f8045e,ec1f4bf6,479c2416b6261ee841052eef4881df0e40054f3f,Authenticated GitHub snapshot ChandraguptSharma07/matrix-multiplication-tensor-3x3,Original archive CRC and member SHA256 verified
352541,E04,07-reproduction,General / shared,Original pinned GitHub repository; static role inference,kaggle/analysis/walk5/chain_last.sh,,contestants\E04\13-archives\GitHub-original-479c2416b6261ee841052eef4881df0e40054f3f.zip,ChandraguptSharma07-matrix-multiplication-tensor-3x3-479c2416b6261ee841052eef4881df0e40054f3f/kaggle/analysis/walk5/chain_last.sh,1111,b3893ef517a4bc2d7c78e51fd4230a6538822822f42e5d8dd76291a269d2ac94,917f0939,479c2416b6261ee841052eef4881df0e40054f3f,Authenticated GitHub snapshot ChandraguptSharma07/matrix-multiplication-tensor-3x3,Original archive CRC and member SHA256 verified
352542,E04,07-reproduction,General / shared,Original pinned GitHub repository; static role inference,kaggle/analysis/walk5/chain_tune.sh,,contestants\E04\13-archives\GitHub-original-479c2416b6261ee841052eef4881df0e40054f3f.zip,ChandraguptSharma07-matrix-multiplication-tensor-3x3-479c2416b6261ee841052eef4881df0e40054f3f/kaggle/analysis/walk5/chain_tune.sh,447,5c88864cff7c8d77e2154f26de6dbeebc47d51a4885b00251bf2b52a94f37051,7df82c27,479c2416b6261ee841052eef4881df0e40054f3f,Authenticated GitHub snapshot ChandraguptSharma07/matrix-multiplication-tensor-3x3,Original archive CRC and member SHA256 verified
352543,E04,07-reproduction,General / shared,Original pinned GitHub repository; static role inference,kaggle/analysis/walk5/check5.py,,contestants\E04\13-archives\GitHub-original-479c2416b6261ee841052eef4881df0e40054f3f.zip,ChandraguptSharma07-matrix-multiplication-tensor-3x3-479c2416b6261ee841052eef4881df0e40054f3f/kaggle/analysis/walk5/check5.py,5008,b26d03b20aa6bba4ee70675c10d87e144d64d2ec43dba060dfd7b93e69c2ab34,cfdec3d5,479c2416b6261ee841052eef4881df0e40054f3f,Authenticated GitHub snapshot ChandraguptSharma07/matrix-multiplication-tensor-3x3,Original archive CRC and member SHA256 verified
352544,E04,07-reproduction,General / shared,Original pinned GitHub repository; static role inference,kaggle/analysis/walk5/gauge138.py,,contestants\E04\13-archives\GitHub-original-479c2416b6261ee841052eef4881df0e40054f3f.zip,ChandraguptSharma07-matrix-multiplication-tensor-3x3-479c2416b6261ee841052eef4881df0e40054f3f/kaggle/analysis/walk5/gauge138.py,2298,d7c790d37447342b4312cf13281984d5d6853907f6773398e9849f95995d1b6a,c4aeefc1,479c2416b6261ee841052eef4881df0e40054f3f,Authenticated GitHub snapshot ChandraguptSharma07/matrix-multiplication-tensor-3x3,Original archive CRC and member SHA256 verified
352597,E04,07-reproduction,General / shared,Original pinned GitHub repository; static role inference,kaggle/analysis/walk5/patterns.py,,contestants\E04\13-archives\GitHub-original-479c2416b6261ee841052eef4881df0e40054f3f.zip,ChandraguptSharma07-matrix-multiplication-tensor-3x3-479c2416b6261ee841052eef4881df0e40054f3f/kaggle/analysis/walk5/patterns.py,1768,61fc43abf16e35ed199bb951357233a902acaf9151c5c3b52604e322a2167515,8acec212,479c2416b6261ee841052eef4881df0e40054f3f,Authenticated GitHub snapshot ChandraguptSharma07/matrix-multiplication-tensor-3x3,Original archive CRC and member SHA256 verified
352598,E04,07-reproduction,General / shared,Original pinned GitHub repository; static role inference,kaggle/analysis/walk5/rates.py,,contestants\E04\13-archives\GitHub-original-479c2416b6261ee841052eef4881df0e40054f3f.zip,ChandraguptSharma07-matrix-multiplication-tensor-3x3-479c2416b6261ee841052eef4881df0e40054f3f/kaggle/analysis/walk5/rates.py,2648,40b2fb7b075f0e1d810bfb2701a2b208205b2d0b483e9f08f6ad9962804d598d,a62c97ab,479c2416b6261ee841052eef4881df0e40054f3f,Authenticated GitHub snapshot ChandraguptSharma07/matrix-multiplication-tensor-3x3,Original archive CRC and member SHA256 verified
352599,E04,07-reproduction,General / shared,Original pinned GitHub repository; static role inference,kaggle/analysis/walk5/run_batch.sh,,contestants\E04\13-archives\GitHub-original-479c2416b6261ee841052eef4881df0e40054f3f.zip,ChandraguptSharma07-matrix-multiplication-tensor-3x3-479c2416b6261ee841052eef4881df0e40054f3f/kaggle/analysis/walk5/run_batch.sh,527,a7c7a1367580818a31cbdbb262a427d618b944512cbcbd64a334f1eb752565c8,0a9781b0,479c2416b6261ee841052eef4881df0e40054f3f,Authenticated GitHub snapshot ChandraguptSharma07/matrix-multiplication-tensor-3x3,Original archive CRC and member SHA256 verified
352600,E04,07-reproduction,General / shared,Original pinned GitHub repository; static role inference,kaggle/build.py,,contestants\E04\13-archives\GitHub-original-479c2416b6261ee841052eef4881df0e40054f3f.zip,ChandraguptSharma07-matrix-multiplication-tensor-3x3-479c2416b6261ee841052eef4881df0e40054f3f/kaggle/build.py,3859,464e73a12021274d9e6b2097bcafe008b8ffc3e6dd6ba96fee77a0ce321cfdd5,b65c7cd2,479c2416b6261ee841052eef4881df0e40054f3f,Authenticated GitHub snapshot ChandraguptSharma07/matrix-multiplication-tensor-3x3,Original archive CRC and member SHA256 verified
352601,E04,07-reproduction,General / shared,Original pinned GitHub repository; static role inference,kaggle/collect.py,,contestants\E04\13-archives\GitHub-original-479c2416b6261ee841052eef4881df0e40054f3f.zip,ChandraguptSharma07-matrix-multiplication-tensor-3x3-479c2416b6261ee841052eef4881df0e40054f3f/kaggle/collect.py,2042,069eff6c7473bb4d9b7964dff41468ae6960e5ecfc1366e397d07551687fe577,d7461552,479c2416b6261ee841052eef4881df0e40054f3f,Authenticated GitHub snapshot ChandraguptSharma07/matrix-multiplication-tensor-3x3,Original archive CRC and member SHA256 verified
352728,E04,07-reproduction,General / shared,Original pinned GitHub repository; static role inference,kaggle/src/runner.py,,contestants\E04\13-archives\GitHub-original-479c2416b6261ee841052eef4881df0e40054f3f.zip,ChandraguptSharma07-matrix-multiplication-tensor-3x3-479c2416b6261ee841052eef4881df0e40054f3f/kaggle/src/runner.py,7359,b6f79bb3c5338b40890ffdda6a7dcde67f70beda0d199807493768d38ff96377,df83bc9d,479c2416b6261ee841052eef4881df0e40054f3f,Authenticated GitHub snapshot ChandraguptSharma07/matrix-multiplication-tensor-3x3,Original archive CRC and member SHA256 verified
352730,E04,07-reproduction,General / shared,Original pinned GitHub repository; static role inference,kaggle/src/walk3.c,,contestants\E04\13-archives\GitHub-original-479c2416b6261ee841052eef4881df0e40054f3f.zip,ChandraguptSharma07-matrix-multiplication-tensor-3x3-479c2416b6261ee841052eef4881df0e40054f3f/kaggle/src/walk3.c,6911,dc50905ded9c28b0f50c8a76620182d8a4e462d4d5b89b7772110606bf9537b5,3fe7e38e,479c2416b6261ee841052eef4881df0e40054f3f,Authenticated GitHub snapshot ChandraguptSharma07/matrix-multiplication-tensor-3x3,Original archive CRC and member SHA256 verified
352731,E04,07-reproduction,General / shared,Original pinned GitHub repository; static role inference,kaggle/src/walk5.c,,contestants\E04\13-archives\GitHub-original-479c2416b6261ee841052eef4881df0e40054f3f.zip,ChandraguptSharma07-matrix-multiplication-tensor-3x3-479c2416b6261ee841052eef4881df0e40054f3f/kaggle/src/walk5.c,9249,01f088762d93a81c3b7266dd992352ce221e96df18f91f8837b99f68f5c878a5,8171a6ac,479c2416b6261ee841052eef4881df0e40054f3f,Authenticated GitHub snapshot ChandraguptSharma07/matrix-multiplication-tensor-3x3,Original archive CRC and member SHA256 verified
352752,E04,07-reproduction,General / shared,Original pinned GitHub repository; static role inference,lean/gen.py,,contestants\E04\13-archives\GitHub-original-479c2416b6261ee841052eef4881df0e40054f3f.zip,ChandraguptSharma07-matrix-multiplication-tensor-3x3-479c2416b6261ee841052eef4881df0e40054f3f/lean/gen.py,4163,59a51c8396ed99d8750ffe72178c3f8d16846cbf90dac85a4d99db808981f9de,39fc19e5,479c2416b6261ee841052eef4881df0e40054f3f,Authenticated GitHub snapshot ChandraguptSharma07/matrix-multiplication-tensor-3x3,Original archive CRC and member SHA256 verified
352768,E04,07-reproduction,General / shared,Original pinned GitHub repository; static role inference,reproduce/.gitignore,,contestants\E04\13-archives\GitHub-original-479c2416b6261ee841052eef4881df0e40054f3f.zip,ChandraguptSharma07-matrix-multiplication-tensor-3x3-479c2416b6261ee841052eef4881df0e40054f3f/reproduce/.gitignore,18,744a1502c1d7ad664e0677975e40beb6cf6abfe3f49da5311af22b109a50af68,07301b28,479c2416b6261ee841052eef4881df0e40054f3f,Authenticated GitHub snapshot ChandraguptSharma07/matrix-multiplication-tensor-3x3,Original archive CRC and member SHA256 verified
352769,E04,07-reproduction,General / shared,Original pinned GitHub repository; static role inference,reproduce/README.md,,contestants\E04\13-archives\GitHub-original-479c2416b6261ee841052eef4881df0e40054f3f.zip,ChandraguptSharma07-matrix-multiplication-tensor-3x3-479c2416b6261ee841052eef4881df0e40054f3f/reproduce/README.md,8317,36408cfe2e8c199a484dea15b54e474edb5cbb9e5722e3bff63b019fb4bdeee8,f83d1b55,479c2416b6261ee841052eef4881df0e40054f3f,Authenticated GitHub snapshot ChandraguptSharma07/matrix-multiplication-tensor-3x3,Original archive CRC and member SHA256 verified
352770,E04,07-reproduction,General / shared,Original pinned GitHub repository; static role inference,reproduce/expected/solution.json,,contestants\E04\13-archives\GitHub-original-479c2416b6261ee841052eef4881df0e40054f3f.zip,ChandraguptSharma07-matrix-multiplication-tensor-3x3-479c2416b6261ee841052eef4881df0e40054f3f/reproduce/expected/solution.json,1479,330ee20b96ef273fcc52df504c2bbd7710a6e74660f8a5ef8f734b6a704ba9fb,66901c78,479c2416b6261ee841052eef4881df0e40054f3f,Authenticated GitHub snapshot ChandraguptSharma07/matrix-multiplication-tensor-3x3,Original archive CRC and member SHA256 verified
352771,E04,07-reproduction,General / shared,Original pinned GitHub repository; static role inference,reproduce/expected/walk_3158.txt,,contestants\E04\13-archives\GitHub-original-479c2416b6261ee841052eef4881df0e40054f3f.zip,ChandraguptSharma07-matrix-multiplication-tensor-3x3-479c2416b6261ee841052eef4881df0e40054f3f/reproduce/expected/walk_3158.txt,464,5776f5271307e67f7fb8d5db1df24fc545fbe6a0e686d66cabccaed173e1bd27,7dbcc24d,479c2416b6261ee841052eef4881df0e40054f3f,Authenticated GitHub snapshot ChandraguptSharma07/matrix-multiplication-tensor-3x3,Original archive CRC and member SHA256 verified
352772,E04,07-reproduction,General / shared,Original pinned GitHub repository; static role inference,reproduce/lift138.py,,contestants\E04\13-archives\GitHub-original-479c2416b6261ee841052eef4881df0e40054f3f.zip,ChandraguptSharma07-matrix-multiplication-tensor-3x3-479c2416b6261ee841052eef4881df0e40054f3f/reproduce/lift138.py,23310,cb9950de4ce1756eb238b5a2d1e0381339dd105f1172cbb1619d6b22f310914d,30732674,479c2416b6261ee841052eef4881df0e40054f3f,Authenticated GitHub snapshot ChandraguptSharma07/matrix-multiplication-tensor-3x3,Original archive CRC and member SHA256 verified
352773,E04,07-reproduction,General / shared,Original pinned GitHub repository; static role inference,reproduce/reproduce.sh,,contestants\E04\13-archives\GitHub-original-479c2416b6261ee841052eef4881df0e40054f3f.zip,ChandraguptSharma07-matrix-multiplication-tensor-3x3-479c2416b6261ee841052eef4881df0e40054f3f/reproduce/reproduce.sh,2074,39d3ef96ae531aa32e31887267e76a47716b38b3db4f8761aec85e06c8087984,3ddec490,479c2416b6261ee841052eef4881df0e40054f3f,Authenticated GitHub snapshot ChandraguptSharma07/matrix-multiplication-tensor-3x3,Original archive CRC and member SHA256 verified
352774,E04,07-reproduction,General / shared,Original pinned GitHub repository; static role inference,reproduce/requirements.txt,,contestants\E04\13-archives\GitHub-original-479c2416b6261ee841052eef4881df0e40054f3f.zip,ChandraguptSharma07-matrix-multiplication-tensor-3x3-479c2416b6261ee841052eef4881df0e40054f3f/reproduce/requirements.txt,451,caeac1136d40f1563b5958e5a4af198adbce764ed6f63fa99c71e79fc479d8a3,0bfde1d8,479c2416b6261ee841052eef4881df0e40054f3f,Authenticated GitHub snapshot ChandraguptSharma07/matrix-multiplication-tensor-3x3,Original archive CRC and member SHA256 verified
352776,E04,07-reproduction,General / shared,Original pinned GitHub repository; static role inference,results/collections/analyse.py,,contestants\E04\13-archives\GitHub-original-479c2416b6261ee841052eef4881df0e40054f3f.zip,ChandraguptSharma07-matrix-multiplication-tensor-3x3-479c2416b6261ee841052eef4881df0e40054f3f/results/collections/analyse.py,9376,23c8d2954cdee15cac40dccd99063d2377d5b6ebd47393b39c18ba2c306bc95c,54a46210,479c2416b6261ee841052eef4881df0e40054f3f,Authenticated GitHub snapshot ChandraguptSharma07/matrix-multiplication-tensor-3x3,Original archive CRC and member SHA256 verified
352777,E04,07-reproduction,General / shared,Original pinned GitHub repository; static role inference,results/collections/equiv_check.py,,contestants\E04\13-archives\GitHub-original-479c2416b6261ee841052eef4881df0e40054f3f.zip,ChandraguptSharma07-matrix-multiplication-tensor-3x3-479c2416b6261ee841052eef4881df0e40054f3f/results/collections/equiv_check.py,924,909817ca2fdf7c72ff319e15b48fd0ba174f4fc78a0541013a0d39e5c29587ae,2d07d9ea,479c2416b6261ee841052eef4881df0e40054f3f,Authenticated GitHub snapshot ChandraguptSharma07/matrix-multiplication-tensor-3x3,Original archive CRC and member SHA256 verified
352910,E04,07-reproduction,General / shared,Original pinned GitHub repository; static role inference,results/design_checks/conn6.py,,contestants\E04\13-archives\GitHub-original-479c2416b6261ee841052eef4881df0e40054f3f.zip,ChandraguptSharma07-matrix-multiplication-tensor-3x3-479c2416b6261ee841052eef4881df0e40054f3f/results/design_checks/conn6.py,2621,ce804033f97609725345c99e06422a951c046ba500ad004298b0d89bdaef3931,019e8157,479c2416b6261ee841052eef4881df0e40054f3f,Authenticated GitHub snapshot ChandraguptSharma07/matrix-multiplication-tensor-3x3,Original archive CRC and member SHA256 verified
352911,E04,07-reproduction,General / shared,Original pinned GitHub repository; static role inference,results/design_checks/fixone.py,,contestants\E04\13-archives\GitHub-original-479c2416b6261ee841052eef4881df0e40054f3f.zip,ChandraguptSharma07-matrix-multiplication-tensor-3x3-479c2416b6261ee841052eef4881df0e40054f3f/results/design_checks/fixone.py,4326,3cc653557c62e1bdb95871c04eeb68d5c7724d7af0944f84c7f27e5b6f01fe54,261fe8a7,479c2416b6261ee841052eef4881df0e40054f3f,Authenticated GitHub snapshot ChandraguptSharma07/matrix-multiplication-tensor-3x3,Original archive CRC and member SHA256 verified
352912,E04,07-reproduction,General / shared,Original pinned GitHub repository; static role inference,results/design_checks/orbit.py,,contestants\E04\13-archives\GitHub-original-479c2416b6261ee841052eef4881df0e40054f3f.zip,ChandraguptSharma07-matrix-multiplication-tensor-3x3-479c2416b6261ee841052eef4881df0e40054f3f/results/design_checks/orbit.py,4305,b1fb7567a3e63a312d9ce88a24e1f46b37ef4499da3ab43e401a40c640441a4d,356dfbf7,479c2416b6261ee841052eef4881df0e40054f3f,Authenticated GitHub snapshot ChandraguptSharma07/matrix-multiplication-tensor-3x3,Original archive CRC and member SHA256 verified
352919,E04,07-reproduction,General / shared,Original pinned GitHub repository; static role inference,results/orbit/orbit_sweep.py,,contestants\E04\13-archives\GitHub-original-479c2416b6261ee841052eef4881df0e40054f3f.zip,ChandraguptSharma07-matrix-multiplication-tensor-3x3-479c2416b6261ee841052eef4881df0e40054f3f/results/orbit/orbit_sweep.py,3814,c0580ba4f36b6bbb777a3fb37163a913b8c04049924f00283b7160621961be85,40e381a7,479c2416b6261ee841052eef4881df0e40054f3f,Authenticated GitHub snapshot ChandraguptSharma07/matrix-multiplication-tensor-3x3,Original archive CRC and member SHA256 verified
352922,E04,07-reproduction,General / shared,Original pinned GitHub repository; static role inference,results/round_2026-09-29b/agent_methods/exp/canon.py,,contestants\E04\13-archives\GitHub-original-479c2416b6261ee841052eef4881df0e40054f3f.zip,ChandraguptSharma07-matrix-multiplication-tensor-3x3-479c2416b6261ee841052eef4881df0e40054f3f/results/round_2026-09-29b/agent_methods/exp/canon.py,4086,f74084f9e27d5d4bf2cbea5fe7d34d4c4b3963667fe66f572fcf1f5d7d835e8e,7e345831,479c2416b6261ee841052eef4881df0e40054f3f,Authenticated GitHub snapshot ChandraguptSharma07/matrix-multiplication-tensor-3x3,Original archive CRC and member SHA256 verified
352923,E04,07-reproduction,General / shared,Original pinned GitHub repository; static role inference,results/round_2026-09-29b/agent_methods/exp/core_units.py,,contestants\E04\13-archives\GitHub-original-479c2416b6261ee841052eef4881df0e40054f3f.zip,ChandraguptSharma07-matrix-multiplication-tensor-3x3-479c2416b6261ee841052eef4881df0e40054f3f/results/round_2026-09-29b/agent_methods/exp/core_units.py,692,31408893db36bb9943129bcbe3b8cd81fddebe92ad7964a0f6943a58ab13b437,4334fd01,479c2416b6261ee841052eef4881df0e40054f3f,Authenticated GitHub snapshot ChandraguptSharma07/matrix-multiplication-tensor-3x3,Original archive CRC and member SHA256 verified
352925,E04,07-reproduction,General / shared,Original pinned GitHub repository; static role inference,results/round_2026-09-29b/agent_methods/exp/cores.py,,contestants\E04\13-archives\GitHub-original-479c2416b6261ee841052eef4881df0e40054f3f.zip,ChandraguptSharma07-matrix-multiplication-tensor-3x3-479c2416b6261ee841052eef4881df0e40054f3f/results/round_2026-09-29b/agent_methods/exp/cores.py,3061,2c6cda34f6a729792e45aea58afc1cd12a4af6b88b1a4dc6eb78781eba445c02,6cc65c82,479c2416b6261ee841052eef4881df0e40054f3f,Authenticated GitHub snapshot ChandraguptSharma07/matrix-multiplication-tensor-3x3,Original archive CRC and member SHA256 verified
352926,E04,07-reproduction,General / shared,Original pinned GitHub repository; static role inference,results/round_2026-09-29b/agent_methods/exp/descend_core.py,,contestants\E04\13-archives\GitHub-original-479c2416b6261ee841052eef4881df0e40054f3f.zip,ChandraguptSharma07-matrix-multiplication-tensor-3x3-479c2416b6261ee841052eef4881df0e40054f3f/results/round_2026-09-29b/agent_methods/exp/descend_core.py,1025,a1c4794460617700f996ca1b44f338a5cd9bc3d9ff682ceaf6f52ad18582532f,85b27337,479c2416b6261ee841052eef4881df0e40054f3f,Authenticated GitHub snapshot ChandraguptSharma07/matrix-multiplication-tensor-3x3,Original archive CRC and member SHA256 verified
352927,E04,07-reproduction,General / shared,Original pinned GitHub repository; static role inference,results/round_2026-09-29b/agent_methods/exp/distinct.py,,contestants\E04\13-archives\GitHub-original-479c2416b6261ee841052eef4881df0e40054f3f.zip,ChandraguptSharma07-matrix-multiplication-tensor-3x3-479c2416b6261ee841052eef4881df0e40054f3f/results/round_2026-09-29b/agent_methods/exp/distinct.py,933,027b4854c0786ae760948e2ce138a7893acbb10e0db9def38ed56b7e0f758481,cc11391e,479c2416b6261ee841052eef4881df0e40054f3f,Authenticated GitHub snapshot ChandraguptSharma07/matrix-multiplication-tensor-3x3,Original archive CRC and member SHA256 verified
352940,E04,07-reproduction,General / shared,Original pinned GitHub repository; static role inference,results/round_2026-09-29b/agent_methods/exp/scan_core.py,,contestants\E04\13-archives\GitHub-original-479c2416b6261ee841052eef4881df0e40054f3f.zip,ChandraguptSharma07-matrix-multiplication-tensor-3x3-479c2416b6261ee841052eef4881df0e40054f3f/results/round_2026-09-29b/agent_methods/exp/scan_core.py,1620,bb7df6016c1f72fc6ef48e8ba0f14e41410240290b2765efa8d2fc1497b2d031,dae956bd,479c2416b6261ee841052eef4881df0e40054f3f,Authenticated GitHub snapshot ChandraguptSharma07/matrix-multiplication-tensor-3x3,Original archive CRC and member SHA256 verified
352941,E04,07-reproduction,General / shared,Original pinned GitHub repository; static role inference,results/round_2026-09-29b/agent_methods/exp/walk.c,,contestants\E04\13-archives\GitHub-original-479c2416b6261ee841052eef4881df0e40054f3f.zip,ChandraguptSharma07-matrix-multiplication-tensor-3x3-479c2416b6261ee841052eef4881df0e40054f3f/results/round_2026-09-29b/agent_methods/exp/walk.c,7156,5ef0341afe01f71caca464614182208948cf68d56c137c0bbb42c8c060601b56,41503e7e,479c2416b6261ee841052eef4881df0e40054f3f,Authenticated GitHub snapshot ChandraguptSharma07/matrix-multiplication-tensor-3x3,Original archive CRC and member SHA256 verified
352944,E04,07-reproduction,General / shared,Original pinned GitHub repository; static role inference,results/round_2026-09-29b/agent_projection/analyse_seeds.py,,contestants\E04\13-archives\GitHub-original-479c2416b6261ee841052eef4881df0e40054f3f.zip,ChandraguptSharma07-matrix-multiplication-tensor-3x3-479c2416b6261ee841052eef4881df0e40054f3f/results/round_2026-09-29b/agent_projection/analyse_seeds.py,4149,2bddcdd78a81c9c39a63942ab3d17ca597b1f2ea2cdf1809f7d7ca7298ef4992,358edfdc,479c2416b6261ee841052eef4881df0e40054f3f,Authenticated GitHub snapshot ChandraguptSharma07/matrix-multiplication-tensor-3x3,Original archive CRC and member SHA256 verified
352945,E04,07-reproduction,General / shared,Original pinned GitHub repository; static role inference,results/round_2026-09-29b/agent_projection/catalogue.py,,contestants\E04\13-archives\GitHub-original-479c2416b6261ee841052eef4881df0e40054f3f.zip,ChandraguptSharma07-matrix-multiplication-tensor-3x3-479c2416b6261ee841052eef4881df0e40054f3f/results/round_2026-09-29b/agent_projection/catalogue.py,6295,ab59bcd5fee89f377f7b5a93727010cd6d9a8cfda2aa6f382cbac25ececaa556,c59d27b6,479c2416b6261ee841052eef4881df0e40054f3f,Authenticated GitHub snapshot ChandraguptSharma07/matrix-multiplication-tensor-3x3,Original archive CRC and member SHA256 verified
352946,E04,07-reproduction,General / shared,Original pinned GitHub repository; static role inference,results/round_2026-09-29b/agent_projection/collection_orbits.py,,contestants\E04\13-archives\GitHub-original-479c2416b6261ee841052eef4881df0e40054f3f.zip,ChandraguptSharma07-matrix-multiplication-tensor-3x3-479c2416b6261ee841052eef4881df0e40054f3f/results/round_2026-09-29b/agent_projection/collection_orbits.py,3867,5e1fdf48e699964f37c18d394220a070d358e65020fb913ae62142e5c2905e70,0ed528ae,479c2416b6261ee841052eef4881df0e40054f3f,Authenticated GitHub snapshot ChandraguptSharma07/matrix-multiplication-tensor-3x3,Original archive CRC and member SHA256 verified
352947,E04,07-reproduction,General / shared,Original pinned GitHub repository; static role inference,results/round_2026-09-29b/agent_projection/extra_checks.py,,contestants\E04\13-archives\GitHub-original-479c2416b6261ee841052eef4881df0e40054f3f.zip,ChandraguptSharma07-matrix-multiplication-tensor-3x3-479c2416b6261ee841052eef4881df0e40054f3f/results/round_2026-09-29b/agent_projection/extra_checks.py,6218,cecf7c088277ebeb01f2079c6fc74defa9ad749a843dedd80a8ad7970e4cd411,f4c45871,479c2416b6261ee841052eef4881df0e40054f3f,Authenticated GitHub snapshot ChandraguptSharma07/matrix-multiplication-tensor-3x3,Original archive CRC and member SHA256 verified
352948,E04,07-reproduction,General / shared,Original pinned GitHub repository; static role inference,results/round_2026-09-29b/agent_projection/final_check.py,,contestants\E04\13-archives\GitHub-original-479c2416b6261ee841052eef4881df0e40054f3f.zip,ChandraguptSharma07-matrix-multiplication-tensor-3x3-479c2416b6261ee841052eef4881df0e40054f3f/results/round_2026-09-29b/agent_projection/final_check.py,2747,bfb39fd9c76d4e8ff5a87d4ff10582b0f2c52db7d1d4d13fe236a945d7415890,afbac05c,479c2416b6261ee841052eef4881df0e40054f3f,Authenticated GitHub snapshot ChandraguptSharma07/matrix-multiplication-tensor-3x3,Original archive CRC and member SHA256 verified
352949,E04,07-reproduction,General / shared,Original pinned GitHub repository; static role inference,results/round_2026-09-29b/agent_projection/finalize.py,,contestants\E04\13-archives\GitHub-original-479c2416b6261ee841052eef4881df0e40054f3f.zip,ChandraguptSharma07-matrix-multiplication-tensor-3x3-479c2416b6261ee841052eef4881df0e40054f3f/results/round_2026-09-29b/agent_projection/finalize.py,10042,bac76a46ff91eadd2befcfdb952b8719d7d627077e4f0351fddaddf2b6fb97db,4c5af2d4,479c2416b6261ee841052eef4881df0e40054f3f,Authenticated GitHub snapshot ChandraguptSharma07/matrix-multiplication-tensor-3x3,Original archive CRC and member SHA256 verified
352979,E04,07-reproduction,General / shared,Original pinned GitHub repository; static role inference,results/round_2026-09-29b/agent_projection/loaders.py,,contestants\E04\13-archives\GitHub-original-479c2416b6261ee841052eef4881df0e40054f3f.zip,ChandraguptSharma07-matrix-multiplication-tensor-3x3-479c2416b6261ee841052eef4881df0e40054f3f/results/round_2026-09-29b/agent_projection/loaders.py,14714,0269f12f2e6ad4a235897d509fa429a8d6c50ad39aea63f4ba03fbf186e14645,d9d81017,479c2416b6261ee841052eef4881df0e40054f3f,Authenticated GitHub snapshot ChandraguptSharma07/matrix-multiplication-tensor-3x3,Original archive CRC and member SHA256 verified
352980,E04,07-reproduction,General / shared,Original pinned GitHub repository; static role inference,results/round_2026-09-29b/agent_projection/phase1.py,,contestants\E04\13-archives\GitHub-original-479c2416b6261ee841052eef4881df0e40054f3f.zip,ChandraguptSharma07-matrix-multiplication-tensor-3x3-479c2416b6261ee841052eef4881df0e40054f3f/results/round_2026-09-29b/agent_projection/phase1.py,4349,8db7d74a6e47ba01636c610781b05f8d664d94930c16766437a23755fca5b70d,4631f23d,479c2416b6261ee841052eef4881df0e40054f3f,Authenticated GitHub snapshot ChandraguptSharma07/matrix-multiplication-tensor-3x3,Original archive CRC and member SHA256 verified
352981,E04,07-reproduction,General / shared,Original pinned GitHub repository; static role inference,results/round_2026-09-29b/agent_projection/phase2.py,,contestants\E04\13-archives\GitHub-original-479c2416b6261ee841052eef4881df0e40054f3f.zip,ChandraguptSharma07-matrix-multiplication-tensor-3x3-479c2416b6261ee841052eef4881df0e40054f3f/results/round_2026-09-29b/agent_projection/phase2.py,9858,3ac3471e4a1c59cb406c6b130106c31dd961919ca0246b9f887166ecea2a5fbe,c8154957,479c2416b6261ee841052eef4881df0e40054f3f,Authenticated GitHub snapshot ChandraguptSharma07/matrix-multiplication-tensor-3x3,Original archive CRC and member SHA256 verified
352982,E04,07-reproduction,General / shared,Original pinned GitHub repository; static role inference,results/round_2026-09-29b/agent_projection/post_hits.py,,contestants\E04\13-archives\GitHub-original-479c2416b6261ee841052eef4881df0e40054f3f.zip,ChandraguptSharma07-matrix-multiplication-tensor-3x3-479c2416b6261ee841052eef4881df0e40054f3f/results/round_2026-09-29b/agent_projection/post_hits.py,3524,1fcf2963314c1e4e449072c6645a0a284133a61423b3b3e54e561be134d16530,daff14e0,479c2416b6261ee841052eef4881df0e40054f3f,Authenticated GitHub snapshot ChandraguptSharma07/matrix-multiplication-tensor-3x3,Original archive CRC and member SHA256 verified
352984,E04,07-reproduction,General / shared,Original pinned GitHub repository; static role inference,results/round_2026-09-29b/agent_projection/restrict.c,,contestants\E04\13-archives\GitHub-original-479c2416b6261ee841052eef4881df0e40054f3f.zip,ChandraguptSharma07-matrix-multiplication-tensor-3x3-479c2416b6261ee841052eef4881df0e40054f3f/results/round_2026-09-29b/agent_projection/restrict.c,24659,246725f0e45cc5f1cb39bffd9d2cac2d4a689429797a9472cdfdd5ff3072116f,0763b22b,479c2416b6261ee841052eef4881df0e40054f3f,Authenticated GitHub snapshot ChandraguptSharma07/matrix-multiplication-tensor-3x3,Original archive CRC and member SHA256 verified
352985,E04,07-reproduction,General / shared,Original pinned GitHub repository; static role inference,results/round_2026-09-29b/agent_projection/rlib.py,,contestants\E04\13-archives\GitHub-original-479c2416b6261ee841052eef4881df0e40054f3f.zip,ChandraguptSharma07-matrix-multiplication-tensor-3x3-479c2416b6261ee841052eef4881df0e40054f3f/results/round_2026-09-29b/agent_projection/rlib.py,9729,64c4ccf27c73c88e393a52657a0895cd9ed874a32a9fd691a5e67f3506ee8bb3,f5ed82db,479c2416b6261ee841052eef4881df0e40054f3f,Authenticated GitHub snapshot ChandraguptSharma07/matrix-multiplication-tensor-3x3,Original archive CRC and member SHA256 verified
352988,E04,07-reproduction,General / shared,Original pinned GitHub repository; static role inference,results/round_2026-09-29b/agent_projection/test_basic.py,,contestants\E04\13-archives\GitHub-original-479c2416b6261ee841052eef4881df0e40054f3f.zip,ChandraguptSharma07-matrix-multiplication-tensor-3x3-479c2416b6261ee841052eef4881df0e40054f3f/results/round_2026-09-29b/agent_projection/test_basic.py,2530,7c16ba5b93e6e6994189f851d3ecfb8889c523281212b5cdd750fe35cbad35de,68e1ceb5,479c2416b6261ee841052eef4881df0e40054f3f,Authenticated GitHub snapshot ChandraguptSharma07/matrix-multiplication-tensor-3x3,Original archive CRC and member SHA256 verified
352989,E04,07-reproduction,General / shared,Original pinned GitHub repository; static role inference,results/round_2026-09-29b/agent_projection/test_orbit.py,,contestants\E04\13-archives\GitHub-original-479c2416b6261ee841052eef4881df0e40054f3f.zip,ChandraguptSharma07-matrix-multiplication-tensor-3x3-479c2416b6261ee841052eef4881df0e40054f3f/results/round_2026-09-29b/agent_projection/test_orbit.py,2459,0aa587ebe183760b0700c208572b2ae82b4dc9e57d82f15a7d8db75852ee8114,ee8a8807,479c2416b6261ee841052eef4881df0e40054f3f,Authenticated GitHub snapshot ChandraguptSharma07/matrix-multiplication-tensor-3x3,Original archive CRC and member SHA256 verified
352990,E04,07-reproduction,General / shared,Original pinned GitHub repository; static role inference,results/round_2026-09-29b/agent_projection/walk_probe.py,,contestants\E04\13-archives\GitHub-original-479c2416b6261ee841052eef4881df0e40054f3f.zip,ChandraguptSharma07-matrix-multiplication-tensor-3x3-479c2416b6261ee841052eef4881df0e40054f3f/results/round_2026-09-29b/agent_projection/walk_probe.py,3635,7fbe8e3435d1909cd0de02e30a78713224ae5eba6fd4b2eb71e4097635866539,63de1ff3,479c2416b6261ee841052eef4881df0e40054f3f,Authenticated GitHub snapshot ChandraguptSharma07/matrix-multiplication-tensor-3x3,Original archive CRC and member SHA256 verified
353000,E04,07-reproduction,General / shared,Original pinned GitHub repository; static role inference,results/round_2026-09-29b/agent_sources/tools/bb_check.py,,contestants\E04\13-archives\GitHub-original-479c2416b6261ee841052eef4881df0e40054f3f.zip,ChandraguptSharma07-matrix-multiplication-tensor-3x3-479c2416b6261ee841052eef4881df0e40054f3f/results/round_2026-09-29b/agent_sources/tools/bb_check.py,2067,f1ec8a74b7045ecfbc78b58e41e1d13bea8a7314b3e439b7ba9fa1321bbe96c9,7c531d87,479c2416b6261ee841052eef4881df0e40054f3f,Authenticated GitHub snapshot ChandraguptSharma07/matrix-multiplication-tensor-3x3,Original archive CRC and member SHA256 verified
353001,E04,07-reproduction,General / shared,Original pinned GitHub repository; static role inference,results/round_2026-09-29b/agent_sources/tools/bilr_to_json.py,,contestants\E04\13-archives\GitHub-original-479c2416b6261ee841052eef4881df0e40054f3f.zip,ChandraguptSharma07-matrix-multiplication-tensor-3x3-479c2416b6261ee841052eef4881df0e40054f3f/results/round_2026-09-29b/agent_sources/tools/bilr_to_json.py,1170,b733cfe006a453cca69dd67c2e4917e76136fe802ece81cb1928c92a0fb75bbd,15a41b31,479c2416b6261ee841052eef4881df0e40054f3f,Authenticated GitHub snapshot ChandraguptSharma07/matrix-multiplication-tensor-3x3,Original archive CRC and member SHA256 verified
353002,E04,07-reproduction,General / shared,Original pinned GitHub repository; static role inference,results/round_2026-09-29b/agent_sources/tools/cbh_parse.py,,contestants\E04\13-archives\GitHub-original-479c2416b6261ee841052eef4881df0e40054f3f.zip,ChandraguptSharma07-matrix-multiplication-tensor-3x3-479c2416b6261ee841052eef4881df0e40054f3f/results/round_2026-09-29b/agent_sources/tools/cbh_parse.py,1644,b9ed058f9e102a4d738f44763ddf0b7bb664df4bdd3ffd51af05a24f27aeef9e,d5364f15,479c2416b6261ee841052eef4881df0e40054f3f,Authenticated GitHub snapshot ChandraguptSharma07/matrix-multiplication-tensor-3x3,Original archive CRC and member SHA256 verified
353003,E04,07-reproduction,General / shared,Original pinned GitHub repository; static role inference,results/round_2026-09-29b/agent_sources/tools/class_invariants.py,,contestants\E04\13-archives\GitHub-original-479c2416b6261ee841052eef4881df0e40054f3f.zip,ChandraguptSharma07-matrix-multiplication-tensor-3x3-479c2416b6261ee841052eef4881df0e40054f3f/results/round_2026-09-29b/agent_sources/tools/class_invariants.py,1369,6b05cf9a4f99af3d3adac7b8a7adfcbf0bc322f222e6da8a1eb3a8941fbd0b1d,02d09d17,479c2416b6261ee841052eef4881df0e40054f3f,Authenticated GitHub snapshot ChandraguptSharma07/matrix-multiplication-tensor-3x3,Original archive CRC and member SHA256 verified
353004,E04,07-reproduction,General / shared,Original pinned GitHub repository; static role inference,results/round_2026-09-29b/agent_sources/tools/expcheck.py,,contestants\E04\13-archives\GitHub-original-479c2416b6261ee841052eef4881df0e40054f3f.zip,ChandraguptSharma07-matrix-multiplication-tensor-3x3-479c2416b6261ee841052eef4881df0e40054f3f/results/round_2026-09-29b/agent_sources/tools/expcheck.py,2456,229179194136840728d99a44d953e10c55d654a7e22cf84eb3e7271615c03597,22807252,479c2416b6261ee841052eef4881df0e40054f3f,Authenticated GitHub snapshot ChandraguptSharma07/matrix-multiplication-tensor-3x3,Original archive CRC and member SHA256 verified
353005,E04,07-reproduction,General / shared,Original pinned GitHub repository; static role inference,results/round_2026-09-29b/agent_sources/tools/hb_analyse.py,,contestants\E04\13-archives\GitHub-original-479c2416b6261ee841052eef4881df0e40054f3f.zip,ChandraguptSharma07-matrix-multiplication-tensor-3x3-479c2416b6261ee841052eef4881df0e40054f3f/results/round_2026-09-29b/agent_sources/tools/hb_analyse.py,2740,9113b5ef4ca8f5f25ede706046e69c4c92d20347a9fbc5ece24636d97fbe331e,1211106f,479c2416b6261ee841052eef4881df0e40054f3f,Authenticated GitHub snapshot ChandraguptSharma07/matrix-multiplication-tensor-3x3,Original archive CRC and member SHA256 verified
353006,E04,07-reproduction,General / shared,Original pinned GitHub repository; static role inference,results/round_2026-09-29b/agent_sources/tools/hb_vs_collection.py,,contestants\E04\13-archives\GitHub-original-479c2416b6261ee841052eef4881df0e40054f3f.zip,ChandraguptSharma07-matrix-multiplication-tensor-3x3-479c2416b6261ee841052eef4881df0e40054f3f/results/round_2026-09-29b/agent_sources/tools/hb_vs_collection.py,1935,c0e85b5456fba8cd7259a8c453ca1ed4b510ac2d9d583aac49366c0963793ccb,7fdbe44f,479c2416b6261ee841052eef4881df0e40054f3f,Authenticated GitHub snapshot ChandraguptSharma07/matrix-multiplication-tensor-3x3,Original archive CRC and member SHA256 verified
353007,E04,07-reproduction,General / shared,Original pinned GitHub repository; static role inference,results/round_2026-09-29b/agent_sources/tools/mmlib.py,,contestants\E04\13-archives\GitHub-original-479c2416b6261ee841052eef4881df0e40054f3f.zip,ChandraguptSharma07-matrix-multiplication-tensor-3x3-479c2416b6261ee841052eef4881df0e40054f3f/results/round_2026-09-29b/agent_sources/tools/mmlib.py,6315,e13d9dbc09ebbecacb8accc8b12a85d690017db09192f5d9cb57bc01ec9168f5,ecdba26e,479c2416b6261ee841052eef4881df0e40054f3f,Authenticated GitHub snapshot ChandraguptSharma07/matrix-multiplication-tensor-3x3,Original archive CRC and member SHA256 verified
353008,E04,07-reproduction,General / shared,Original pinned GitHub repository; static role inference,results/round_2026-09-29b/agent_sources/tools/perm_canon.py,,contestants\E04\13-archives\GitHub-original-479c2416b6261ee841052eef4881df0e40054f3f.zip,ChandraguptSharma07-matrix-multiplication-tensor-3x3-479c2416b6261ee841052eef4881df0e40054f3f/results/round_2026-09-29b/agent_sources/tools/perm_canon.py,2768,da98dd0188a8624f6c7080764c93e85798c36b8b6be3a6a62b307c55f422a0d9,8af4ef84,479c2416b6261ee841052eef4881df0e40054f3f,Authenticated GitHub snapshot ChandraguptSharma07/matrix-multiplication-tensor-3x3,Original archive CRC and member SHA256 verified
353009,E04,07-reproduction,General / shared,Original pinned GitHub repository; static role inference,results/round_2026-09-29b/agent_sources/tools/project_test.py,,contestants\E04\13-archives\GitHub-original-479c2416b6261ee841052eef4881df0e40054f3f.zip,ChandraguptSharma07-matrix-multiplication-tensor-3x3-479c2416b6261ee841052eef4881df0e40054f3f/results/round_2026-09-29b/agent_sources/tools/project_test.py,1008,1630fac3a83553240b163591777dc5e108db55b2fbf003441eff0b817fbdb322,5b3c23a7,479c2416b6261ee841052eef4881df0e40054f3f,Authenticated GitHub snapshot ChandraguptSharma07/matrix-multiplication-tensor-3x3,Original archive CRC and member SHA256 verified
353010,E04,07-reproduction,General / shared,Original pinned GitHub repository; static role inference,results/round_2026-09-29b/agent_sources/tools/sign_classes.py,,contestants\E04\13-archives\GitHub-original-479c2416b6261ee841052eef4881df0e40054f3f.zip,ChandraguptSharma07-matrix-multiplication-tensor-3x3-479c2416b6261ee841052eef4881df0e40054f3f/results/round_2026-09-29b/agent_sources/tools/sign_classes.py,3513,6c7d0cdd7fb63b28e37e7f2d5a84e1139ccec6f3e3767d57694108cfbbfdbc12,69531f62,479c2416b6261ee841052eef4881df0e40054f3f,Authenticated GitHub snapshot ChandraguptSharma07/matrix-multiplication-tensor-3x3,Original archive CRC and member SHA256 verified
353011,E04,07-reproduction,General / shared,Original pinned GitHub repository; static role inference,results/round_2026-09-29b/agent_sources/tools/sign_lift_sym.py,,contestants\E04\13-archives\GitHub-original-479c2416b6261ee841052eef4881df0e40054f3f.zip,ChandraguptSharma07-matrix-multiplication-tensor-3x3-479c2416b6261ee841052eef4881df0e40054f3f/results/round_2026-09-29b/agent_sources/tools/sign_lift_sym.py,8946,b8967e04dd209c1a5bc44cbe0e1c7ccd898d4338ff59f3227346f19b4d1bfda9,8905fd15,479c2416b6261ee841052eef4881df0e40054f3f,Authenticated GitHub snapshot ChandraguptSharma07/matrix-multiplication-tensor-3x3,Original archive CRC and member SHA256 verified
353012,E04,07-reproduction,General / shared,Original pinned GitHub repository; static role inference,results/round_2026-09-29b/agent_sources/tools/signature.py,,contestants\E04\13-archives\GitHub-original-479c2416b6261ee841052eef4881df0e40054f3f.zip,ChandraguptSharma07-matrix-multiplication-tensor-3x3-479c2416b6261ee841052eef4881df0e40054f3f/results/round_2026-09-29b/agent_sources/tools/signature.py,2792,d5b38b9d7f191229ff924b3825ae61ca6af52416bf9acae7b77885d9e065e6b7,f8571c88,479c2416b6261ee841052eef4881df0e40054f3f,Authenticated GitHub snapshot ChandraguptSharma07/matrix-multiplication-tensor-3x3,Original archive CRC and member SHA256 verified
353013,E04,07-reproduction,General / shared,Original pinned GitHub repository; static role inference,results/round_2026-09-29b/agent_sources/tools/sym_check.py,,contestants\E04\13-archives\GitHub-original-479c2416b6261ee841052eef4881df0e40054f3f.zip,ChandraguptSharma07-matrix-multiplication-tensor-3x3-479c2416b6261ee841052eef4881df0e40054f3f/results/round_2026-09-29b/agent_sources/tools/sym_check.py,4639,2a5185666763b765266cd7df7f7536ef6b86cf1f3f0226bb2cf913e202f71b77,9bbc8ba6,479c2416b6261ee841052eef4881df0e40054f3f,Authenticated GitHub snapshot ChandraguptSharma07/matrix-multiplication-tensor-3x3,Original archive CRC and member SHA256 verified
353014,E04,07-reproduction,General / shared,Original pinned GitHub repository; static role inference,results/round_2026-09-29b/agent_sources/tools/sym_check2.py,,contestants\E04\13-archives\GitHub-original-479c2416b6261ee841052eef4881df0e40054f3f.zip,ChandraguptSharma07-matrix-multiplication-tensor-3x3-479c2416b6261ee841052eef4881df0e40054f3f/results/round_2026-09-29b/agent_sources/tools/sym_check2.py,4304,f185956fba14bae782b4cf8f5d0800d4483023325474b186215862b34defc309,27a0da3b,479c2416b6261ee841052eef4881df0e40054f3f,Authenticated GitHub snapshot ChandraguptSharma07/matrix-multiplication-tensor-3x3,Original archive CRC and member SHA256 verified
353015,E04,07-reproduction,General / shared,Original pinned GitHub repository; static role inference,results/round_2026-09-29b/agent_sources/tools/zaru_check.py,,contestants\E04\13-archives\GitHub-original-479c2416b6261ee841052eef4881df0e40054f3f.zip,ChandraguptSharma07-matrix-multiplication-tensor-3x3-479c2416b6261ee841052eef4881df0e40054f3f/results/round_2026-09-29b/agent_sources/tools/zaru_check.py,1864,53eac072001f358bb273a7ec98971d0e938a2797a4dcaa0c664029b03169775c,f81aa46c,479c2416b6261ee841052eef4881df0e40054f3f,Authenticated GitHub snapshot ChandraguptSharma07/matrix-multiplication-tensor-3x3,Original archive CRC and member SHA256 verified
353034,E04,07-reproduction,General / shared,Original pinned GitHub repository; static role inference,results/round_2026-09-29b/c_sweeps/run_rest.sh,,contestants\E04\13-archives\GitHub-original-479c2416b6261ee841052eef4881df0e40054f3f.zip,ChandraguptSharma07-matrix-multiplication-tensor-3x3-479c2416b6261ee841052eef4881df0e40054f3f/results/round_2026-09-29b/c_sweeps/run_rest.sh,386,dc0e60adea4c245e3987521705f4802b5312c238c51ebd3d114b6bdded55e8f3,ad7e3fc4,479c2416b6261ee841052eef4881df0e40054f3f,Authenticated GitHub snapshot ChandraguptSharma07/matrix-multiplication-tensor-3x3,Original archive CRC and member SHA256 verified
353037,E04,07-reproduction,General / shared,Original pinned GitHub repository; static role inference,results/round_2026-09-29b/census/census.py,,contestants\E04\13-archives\GitHub-original-479c2416b6261ee841052eef4881df0e40054f3f.zip,ChandraguptSharma07-matrix-multiplication-tensor-3x3-479c2416b6261ee841052eef4881df0e40054f3f/results/round_2026-09-29b/census/census.py,3636,fae9c7d4c4f27b1677f318935018954f5d6ae6a5969829cf6b210ed372b62e90,ef1d705b,479c2416b6261ee841052eef4881df0e40054f3f,Authenticated GitHub snapshot ChandraguptSharma07/matrix-multiplication-tensor-3x3,Original archive CRC and member SHA256 verified
353039,E04,07-reproduction,General / shared,Original pinned GitHub repository; static role inference,results/round_2026-09-29b/census/enum_cores.py,,contestants\E04\13-archives\GitHub-original-479c2416b6261ee841052eef4881df0e40054f3f.zip,ChandraguptSharma07-matrix-multiplication-tensor-3x3-479c2416b6261ee841052eef4881df0e40054f3f/results/round_2026-09-29b/census/enum_cores.py,2470,501b6decb3b6f31a45127191ee2c9e22a9cdd9e62eba14f61d0354e349b087c2,4426cdc2,479c2416b6261ee841052eef4881df0e40054f3f,Authenticated GitHub snapshot ChandraguptSharma07/matrix-multiplication-tensor-3x3,Original archive CRC and member SHA256 verified
353062,E04,07-reproduction,General / shared,Original pinned GitHub repository; static role inference,results/round_2026-09-29b/census/walk.c,,contestants\E04\13-archives\GitHub-original-479c2416b6261ee841052eef4881df0e40054f3f.zip,ChandraguptSharma07-matrix-multiplication-tensor-3x3-479c2416b6261ee841052eef4881df0e40054f3f/results/round_2026-09-29b/census/walk.c,7156,5ef0341afe01f71caca464614182208948cf68d56c137c0bbb42c8c060601b56,41503e7e,479c2416b6261ee841052eef4881df0e40054f3f,Authenticated GitHub snapshot ChandraguptSharma07/matrix-multiplication-tensor-3x3,Original archive CRC and member SHA256 verified
353066,E04,07-reproduction,General / shared,Original pinned GitHub repository; static role inference,results/round_2026-09-29b/census3/census3.py,,contestants\E04\13-archives\GitHub-original-479c2416b6261ee841052eef4881df0e40054f3f.zip,ChandraguptSharma07-matrix-multiplication-tensor-3x3-479c2416b6261ee841052eef4881df0e40054f3f/results/round_2026-09-29b/census3/census3.py,2861,9baeb1bdde8923f7460a8b58175961ae6b72a7e316dfeebb6c030c8eae19ceb5,d166a89d,479c2416b6261ee841052eef4881df0e40054f3f,Authenticated GitHub snapshot ChandraguptSharma07/matrix-multiplication-tensor-3x3,Original archive CRC and member SHA256 verified
353067,E04,07-reproduction,General / shared,Original pinned GitHub repository; static role inference,results/round_2026-09-29b/census3/check3.py,,contestants\E04\13-archives\GitHub-original-479c2416b6261ee841052eef4881df0e40054f3f.zip,ChandraguptSharma07-matrix-multiplication-tensor-3x3-479c2416b6261ee841052eef4881df0e40054f3f/results/round_2026-09-29b/census3/check3.py,1469,0f8e1c470e755be46838f6a99d54785ac0233e66328c785861fb1f0a48339444,5e9d35a1,479c2416b6261ee841052eef4881df0e40054f3f,Authenticated GitHub snapshot ChandraguptSharma07/matrix-multiplication-tensor-3x3,Original archive CRC and member SHA256 verified
353083,E04,07-reproduction,General / shared,Original pinned GitHub repository; static role inference,results/round_2026-09-29b/census3/numlift.py,,contestants\E04\13-archives\GitHub-original-479c2416b6261ee841052eef4881df0e40054f3f.zip,ChandraguptSharma07-matrix-multiplication-tensor-3x3-479c2416b6261ee841052eef4881df0e40054f3f/results/round_2026-09-29b/census3/numlift.py,2557,9229cebb3c60b863712b7b14d2c7fcf26bf6e60fbd95f33b46e248bdfa34e416,142c66c1,479c2416b6261ee841052eef4881df0e40054f3f,Authenticated GitHub snapshot ChandraguptSharma07/matrix-multiplication-tensor-3x3,Original archive CRC and member SHA256 verified
353084,E04,07-reproduction,General / shared,Original pinned GitHub repository; static role inference,results/round_2026-09-29b/census3/rationalize.py,,contestants\E04\13-archives\GitHub-original-479c2416b6261ee841052eef4881df0e40054f3f.zip,ChandraguptSharma07-matrix-multiplication-tensor-3x3-479c2416b6261ee841052eef4881df0e40054f3f/results/round_2026-09-29b/census3/rationalize.py,1640,320a1e4b3d7ada05e65eb2379390fc0c9bf76f0a2741f9e0e19c6051f1dde560,9af7d0f7,479c2416b6261ee841052eef4881df0e40054f3f,Authenticated GitHub snapshot ChandraguptSharma07/matrix-multiplication-tensor-3x3,Original archive CRC and member SHA256 verified
353089,E04,07-reproduction,General / shared,Original pinned GitHub repository; static role inference,results/round_2026-09-29b/census3/snap.py,,contestants\E04\13-archives\GitHub-original-479c2416b6261ee841052eef4881df0e40054f3f.zip,ChandraguptSharma07-matrix-multiplication-tensor-3x3-479c2416b6261ee841052eef4881df0e40054f3f/results/round_2026-09-29b/census3/snap.py,993,355749692b9e27f9dfe3f2965a6a936c56f2757b0ea97b0c79bb3555e0967bc2,69ed2a48,479c2416b6261ee841052eef4881df0e40054f3f,Authenticated GitHub snapshot ChandraguptSharma07/matrix-multiplication-tensor-3x3,Original archive CRC and member SHA256 verified
353094,E04,07-reproduction,General / shared,Original pinned GitHub repository; static role inference,results/round_2026-09-29b/census3/splitcore.py,,contestants\E04\13-archives\GitHub-original-479c2416b6261ee841052eef4881df0e40054f3f.zip,ChandraguptSharma07-matrix-multiplication-tensor-3x3-479c2416b6261ee841052eef4881df0e40054f3f/results/round_2026-09-29b/census3/splitcore.py,2907,38e20c4c463e8c733fb141c0d454997d6b6d2d179be59b40d8c4768666cdba6d,255aedc8,479c2416b6261ee841052eef4881df0e40054f3f,Authenticated GitHub snapshot ChandraguptSharma07/matrix-multiplication-tensor-3x3,Original archive CRC and member SHA256 verified
353095,E04,07-reproduction,General / shared,Original pinned GitHub repository; static role inference,results/round_2026-09-29b/census3/verify138.py,,contestants\E04\13-archives\GitHub-original-479c2416b6261ee841052eef4881df0e40054f3f.zip,ChandraguptSharma07-matrix-multiplication-tensor-3x3-479c2416b6261ee841052eef4881df0e40054f3f/results/round_2026-09-29b/census3/verify138.py,4306,64a01a9877f52ec8b1b02f20b2743260e90f117b558f922a0c2a38724d8c8cb0,f531a030,479c2416b6261ee841052eef4881df0e40054f3f,Authenticated GitHub snapshot ChandraguptSharma07/matrix-multiplication-tensor-3x3,Original archive CRC and member SHA256 verified
353097,E04,07-reproduction,General / shared,Original pinned GitHub repository; static role inference,results/round_2026-09-29b/census3/walk3.c,,contestants\E04\13-archives\GitHub-original-479c2416b6261ee841052eef4881df0e40054f3f.zip,ChandraguptSharma07-matrix-multiplication-tensor-3x3-479c2416b6261ee841052eef4881df0e40054f3f/results/round_2026-09-29b/census3/walk3.c,6911,dc50905ded9c28b0f50c8a76620182d8a4e462d4d5b89b7772110606bf9537b5,3fe7e38e,479c2416b6261ee841052eef4881df0e40054f3f,Authenticated GitHub snapshot ChandraguptSharma07/matrix-multiplication-tensor-3x3,Original archive CRC and member SHA256 verified
353099,E04,07-reproduction,General / shared,Original pinned GitHub repository; static role inference,results/round_2026-09-29b/lit_138_check_older.md,,contestants\E04\13-archives\GitHub-original-479c2416b6261ee841052eef4881df0e40054f3f.zip,ChandraguptSharma07-matrix-multiplication-tensor-3x3-479c2416b6261ee841052eef4881df0e40054f3f/results/round_2026-09-29b/lit_138_check_older.md,16246,faefa925c72c41c0e521d4235dd493bcff2c3e55d7ae978ea7f7e79022aeeb27,acc513fd,479c2416b6261ee841052eef4881df0e40054f3f,Authenticated GitHub snapshot ChandraguptSharma07/matrix-multiplication-tensor-3x3,Original archive CRC and member SHA256 verified
353100,E04,07-reproduction,General / shared,Original pinned GitHub repository; static role inference,results/round_2026-09-29b/probes/corerep.py,,contestants\E04\13-archives\GitHub-original-479c2416b6261ee841052eef4881df0e40054f3f.zip,ChandraguptSharma07-matrix-multiplication-tensor-3x3-479c2416b6261ee841052eef4881df0e40054f3f/results/round_2026-09-29b/probes/corerep.py,3980,ff7d03e062f06821a800d2236ef1b7dca9dae3e20175a93bf2b26d433643ffdd,7706c1ed,479c2416b6261ee841052eef4881df0e40054f3f,Authenticated GitHub snapshot ChandraguptSharma07/matrix-multiplication-tensor-3x3,Original archive CRC and member SHA256 verified
353101,E04,07-reproduction,General / shared,Original pinned GitHub repository; static role inference,results/round_2026-09-29b/probes/coresat.py,,contestants\E04\13-archives\GitHub-original-479c2416b6261ee841052eef4881df0e40054f3f.zip,ChandraguptSharma07-matrix-multiplication-tensor-3x3-479c2416b6261ee841052eef4881df0e40054f3f/results/round_2026-09-29b/probes/coresat.py,3975,c7d538615cff5fdb10cd995dac3dae2b3cfe85d50d5cf882d521457a1fe5736d,83d3013c,479c2416b6261ee841052eef4881df0e40054f3f,Authenticated GitHub snapshot ChandraguptSharma07/matrix-multiplication-tensor-3x3,Original archive CRC and member SHA256 verified
353102,E04,07-reproduction,General / shared,Original pinned GitHub repository; static role inference,results/round_2026-09-29b/probes/covclass.py,,contestants\E04\13-archives\GitHub-original-479c2416b6261ee841052eef4881df0e40054f3f.zip,ChandraguptSharma07-matrix-multiplication-tensor-3x3-479c2416b6261ee841052eef4881df0e40054f3f/results/round_2026-09-29b/probes/covclass.py,1653,ed102f39efac98789a73a2c85a06e7bc1873077f01d53b3c02d056c4369a140d,3024a3e7,479c2416b6261ee841052eef4881df0e40054f3f,Authenticated GitHub snapshot ChandraguptSharma07/matrix-multiplication-tensor-3x3,Original archive CRC and member SHA256 verified
353103,E04,07-reproduction,General / shared,Original pinned GitHub repository; static role inference,results/round_2026-09-29b/probes/fgw.c,,contestants\E04\13-archives\GitHub-original-479c2416b6261ee841052eef4881df0e40054f3f.zip,ChandraguptSharma07-matrix-multiplication-tensor-3x3-479c2416b6261ee841052eef4881df0e40054f3f/results/round_2026-09-29b/probes/fgw.c,7451,5d330f07c06dedec3015f87b4860635d12991491dcfb8ef1f2df789edff3e1e4,85840346,479c2416b6261ee841052eef4881df0e40054f3f,Authenticated GitHub snapshot ChandraguptSharma07/matrix-multiplication-tensor-3x3,Original archive CRC and member SHA256 verified
353104,E04,07-reproduction,General / shared,Original pinned GitHub repository; static role inference,results/round_2026-09-29b/probes/matchsat.py,,contestants\E04\13-archives\GitHub-original-479c2416b6261ee841052eef4881df0e40054f3f.zip,ChandraguptSharma07-matrix-multiplication-tensor-3x3-479c2416b6261ee841052eef4881df0e40054f3f/results/round_2026-09-29b/probes/matchsat.py,5034,59d88b462fd3fe605109106af834217f09ef4b6bf547faec7f1f3e67775324af,4a30d44e,479c2416b6261ee841052eef4881df0e40054f3f,Authenticated GitHub snapshot ChandraguptSharma07/matrix-multiplication-tensor-3x3,Original archive CRC and member SHA256 verified
353105,E04,07-reproduction,General / shared,Original pinned GitHub repository; static role inference,results/round_2026-09-29b/probes/mixsat.py,,contestants\E04\13-archives\GitHub-original-479c2416b6261ee841052eef4881df0e40054f3f.zip,ChandraguptSharma07-matrix-multiplication-tensor-3x3-479c2416b6261ee841052eef4881df0e40054f3f/results/round_2026-09-29b/probes/mixsat.py,4509,20d91ee5359aad3194c997c86e5192b0b18360a4a708a314e1793ab564ee8180,8cce9444,479c2416b6261ee841052eef4881df0e40054f3f,Authenticated GitHub snapshot ChandraguptSharma07/matrix-multiplication-tensor-3x3,Original archive CRC and member SHA256 verified
353106,E04,07-reproduction,General / shared,Original pinned GitHub repository; static role inference,results/round_2026-09-29b/probes/mixsat2.py,,contestants\E04\13-archives\GitHub-original-479c2416b6261ee841052eef4881df0e40054f3f.zip,ChandraguptSharma07-matrix-multiplication-tensor-3x3-479c2416b6261ee841052eef4881df0e40054f3f/results/round_2026-09-29b/probes/mixsat2.py,3622,e9c5fed918c012c0018dcfa1eafc99067487898a6f12f443fdd58378f0430d04,47502ec7,479c2416b6261ee841052eef4881df0e40054f3f,Authenticated GitHub snapshot ChandraguptSharma07/matrix-multiplication-tensor-3x3,Original archive CRC and member SHA256 verified
353107,E04,07-reproduction,General / shared,Original pinned GitHub repository; static role inference,results/round_2026-09-29b/probes/pairsweep.py,,contestants\E04\13-archives\GitHub-original-479c2416b6261ee841052eef4881df0e40054f3f.zip,ChandraguptSharma07-matrix-multiplication-tensor-3x3-479c2416b6261ee841052eef4881df0e40054f3f/results/round_2026-09-29b/probes/pairsweep.py,6452,ff27c0bb764374dfc3cde5709426bbc8584913a80dcddeae8fef89a494095379,c59a5a93,479c2416b6261ee841052eef4881df0e40054f3f,Authenticated GitHub snapshot ChandraguptSharma07/matrix-multiplication-tensor-3x3,Original archive CRC and member SHA256 verified
353108,E04,07-reproduction,General / shared,Original pinned GitHub repository; static role inference,results/round_2026-09-29b/probes/probe_struct.py,,contestants\E04\13-archives\GitHub-original-479c2416b6261ee841052eef4881df0e40054f3f.zip,ChandraguptSharma07-matrix-multiplication-tensor-3x3-479c2416b6261ee841052eef4881df0e40054f3f/results/round_2026-09-29b/probes/probe_struct.py,4879,d0a5a020f904a3cc4a8a1c98319b3601a5dc7e38033790efd0fdaf19cf797a98,9107f925,479c2416b6261ee841052eef4881df0e40054f3f,Authenticated GitHub snapshot ChandraguptSharma07/matrix-multiplication-tensor-3x3,Original archive CRC and member SHA256 verified
353109,E04,07-reproduction,General / shared,Original pinned GitHub repository; static role inference,results/round_2026-09-29b/probes/show139.py,,contestants\E04\13-archives\GitHub-original-479c2416b6261ee841052eef4881df0e40054f3f.zip,ChandraguptSharma07-matrix-multiplication-tensor-3x3-479c2416b6261ee841052eef4881df0e40054f3f/results/round_2026-09-29b/probes/show139.py,1308,75362c9a2196c2dda1261404e7fb88469d6d4b4af6d4c6b109139491afa680b2,b07b2aff,479c2416b6261ee841052eef4881df0e40054f3f,Authenticated GitHub snapshot ChandraguptSharma07/matrix-multiplication-tensor-3x3,Original archive CRC and member SHA256 verified
353110,E04,07-reproduction,General / shared,Original pinned GitHub repository; static role inference,results/round_2026-09-29b/probes/symcore.py,,contestants\E04\13-archives\GitHub-original-479c2416b6261ee841052eef4881df0e40054f3f.zip,ChandraguptSharma07-matrix-multiplication-tensor-3x3-479c2416b6261ee841052eef4881df0e40054f3f/results/round_2026-09-29b/probes/symcore.py,6595,7a9ed87373a7956acdf65b5af55364392bd6f22f173d044bcab7158bf03fb02e,c6346d9e,479c2416b6261ee841052eef4881df0e40054f3f,Authenticated GitHub snapshot ChandraguptSharma07/matrix-multiplication-tensor-3x3,Original archive CRC and member SHA256 verified
353111,E04,07-reproduction,General / shared,Original pinned GitHub repository; static role inference,results/round_2026-09-29b/probes/symmatch.py,,contestants\E04\13-archives\GitHub-original-479c2416b6261ee841052eef4881df0e40054f3f.zip,ChandraguptSharma07-matrix-multiplication-tensor-3x3-479c2416b6261ee841052eef4881df0e40054f3f/results/round_2026-09-29b/probes/symmatch.py,6008,5f2fb6d607b0cc9849b032715749d4e6ac5255a478e27561aa1d9643be7e2aed,96c57cc9,479c2416b6261ee841052eef4881df0e40054f3f,Authenticated GitHub snapshot ChandraguptSharma07/matrix-multiplication-tensor-3x3,Original archive CRC and member SHA256 verified
353112,E04,07-reproduction,General / shared,Original pinned GitHub repository; static role inference,results/round_2026-09-29b/probes/symsat.py,,contestants\E04\13-archives\GitHub-original-479c2416b6261ee841052eef4881df0e40054f3f.zip,ChandraguptSharma07-matrix-multiplication-tensor-3x3-479c2416b6261ee841052eef4881df0e40054f3f/results/round_2026-09-29b/probes/symsat.py,7098,f8220a8cbdb0ee62daa8c5ce2265477bf6a0d110ab152950565e4406f06961ef,0ed98a83,479c2416b6261ee841052eef4881df0e40054f3f,Authenticated GitHub snapshot ChandraguptSharma07/matrix-multiplication-tensor-3x3,Original archive CRC and member SHA256 verified
353113,E04,07-reproduction,General / shared,Original pinned GitHub repository; static role inference,results/round_2026-09-29b/probes/symsweep.py,,contestants\E04\13-archives\GitHub-original-479c2416b6261ee841052eef4881df0e40054f3f.zip,ChandraguptSharma07-matrix-multiplication-tensor-3x3-479c2416b6261ee841052eef4881df0e40054f3f/results/round_2026-09-29b/probes/symsweep.py,4136,2016c2a86f7aacabfa46d3ddcba698261b041da587e9cee583618fb3e39909f4,1468be15,479c2416b6261ee841052eef4881df0e40054f3f,Authenticated GitHub snapshot ChandraguptSharma07/matrix-multiplication-tensor-3x3,Original archive CRC and member SHA256 verified
353117,E04,07-reproduction,General / shared,Original pinned GitHub repository; static role inference,results/round_2026-09-29b/seeds_bb_ae/bbcheck.py,,contestants\E04\13-archives\GitHub-original-479c2416b6261ee841052eef4881df0e40054f3f.zip,ChandraguptSharma07-matrix-multiplication-tensor-3x3-479c2416b6261ee841052eef4881df0e40054f3f/results/round_2026-09-29b/seeds_bb_ae/bbcheck.py,2193,361889d9f003477a6c7da3f04f6ff07767ca5ad78910f06c57d39ae0e3245dbb,7809765a,479c2416b6261ee841052eef4881df0e40054f3f,Authenticated GitHub snapshot ChandraguptSharma07/matrix-multiplication-tensor-3x3,Original archive CRC and member SHA256 verified
353124,E04,07-reproduction,General / shared,Original pinned GitHub repository; static role inference,results/round_2026-09-29b/sweeps/export_masks.py,,contestants\E04\13-archives\GitHub-original-479c2416b6261ee841052eef4881df0e40054f3f.zip,ChandraguptSharma07-matrix-multiplication-tensor-3x3-479c2416b6261ee841052eef4881df0e40054f3f/results/round_2026-09-29b/sweeps/export_masks.py,1601,0f2e0a0742cc431e9a9793385b481095bfebb3564f9652fcc79313372f5cc3ac,df7a6b47,479c2416b6261ee841052eef4881df0e40054f3f,Authenticated GitHub snapshot ChandraguptSharma07/matrix-multiplication-tensor-3x3,Original archive CRC and member SHA256 verified
353125,E04,07-reproduction,General / shared,Original pinned GitHub repository; static role inference,results/round_2026-09-29b/sweeps/hb_export.py,,contestants\E04\13-archives\GitHub-original-479c2416b6261ee841052eef4881df0e40054f3f.zip,ChandraguptSharma07-matrix-multiplication-tensor-3x3-479c2416b6261ee841052eef4881df0e40054f3f/results/round_2026-09-29b/sweeps/hb_export.py,1829,69ed8584c32b985e48cb2a086c296cca0b12b5e2b9c650b4359fe75b8972e803,54cd148e,479c2416b6261ee841052eef4881df0e40054f3f,Authenticated GitHub snapshot ChandraguptSharma07/matrix-multiplication-tensor-3x3,Original archive CRC and member SHA256 verified
353126,E04,07-reproduction,General / shared,Original pinned GitHub repository; static role inference,results/round_2026-09-29b/sweeps/hb_minforms.py,,contestants\E04\13-archives\GitHub-original-479c2416b6261ee841052eef4881df0e40054f3f.zip,ChandraguptSharma07-matrix-multiplication-tensor-3x3-479c2416b6261ee841052eef4881df0e40054f3f/results/round_2026-09-29b/sweeps/hb_minforms.py,1768,fb24d840cacfc08b6c9370c79dbe47592cfbc5110c25224475f09bc34644b241,e177a53e,479c2416b6261ee841052eef4881df0e40054f3f,Authenticated GitHub snapshot ChandraguptSharma07/matrix-multiplication-tensor-3x3,Original archive CRC and member SHA256 verified
353131,E04,07-reproduction,General / shared,Original pinned GitHub repository; static role inference,results/round_2026-09-29b/sweeps/minforms.py,,contestants\E04\13-archives\GitHub-original-479c2416b6261ee841052eef4881df0e40054f3f.zip,ChandraguptSharma07-matrix-multiplication-tensor-3x3-479c2416b6261ee841052eef4881df0e40054f3f/results/round_2026-09-29b/sweeps/minforms.py,2178,c065c3f1f23919945faec840d3b3bbca26b1eb7228921201834cd7b52ad136c9,da9db604,479c2416b6261ee841052eef4881df0e40054f3f,Authenticated GitHub snapshot ChandraguptSharma07/matrix-multiplication-tensor-3x3,Original archive CRC and member SHA256 verified
353133,E04,07-reproduction,General / shared,Original pinned GitHub repository; static role inference,results/round_2026-09-29b/sweeps/osweep.c,,contestants\E04\13-archives\GitHub-original-479c2416b6261ee841052eef4881df0e40054f3f.zip,ChandraguptSharma07-matrix-multiplication-tensor-3x3-479c2416b6261ee841052eef4881df0e40054f3f/results/round_2026-09-29b/sweeps/osweep.c,3381,a66c1ff986401c5f1ab50f1d482c3f17433d5ca40753bf4098c05a077e111b71,69989a22,479c2416b6261ee841052eef4881df0e40054f3f,Authenticated GitHub snapshot ChandraguptSharma07/matrix-multiplication-tensor-3x3,Original archive CRC and member SHA256 verified
353160,E04,07-reproduction,General / shared,Original pinned GitHub repository; static role inference,src/agents/calibrate.py,,contestants\E04\13-archives\GitHub-original-479c2416b6261ee841052eef4881df0e40054f3f.zip,ChandraguptSharma07-matrix-multiplication-tensor-3x3-479c2416b6261ee841052eef4881df0e40054f3f/src/agents/calibrate.py,7121,53e0b036ca7d44fcc04663629ab6e4712720b76d29911bf7e43b07f39ccaed38,1240dffe,479c2416b6261ee841052eef4881df0e40054f3f,Authenticated GitHub snapshot ChandraguptSharma07/matrix-multiplication-tensor-3x3,Original archive CRC and member SHA256 verified
353163,E04,07-reproduction,General / shared,Original pinned GitHub repository; static role inference,src/agents/exchange.py,,contestants\E04\13-archives\GitHub-original-479c2416b6261ee841052eef4881df0e40054f3f.zip,ChandraguptSharma07-matrix-multiplication-tensor-3x3-479c2416b6261ee841052eef4881df0e40054f3f/src/agents/exchange.py,71371,0048ddd6abf220830168e05b5bdc967b3fbe9931bcb481d28fb78ac865d14f3c,d949b94f,479c2416b6261ee841052eef4881df0e40054f3f,Authenticated GitHub snapshot ChandraguptSharma07/matrix-multiplication-tensor-3x3,Original archive CRC and member SHA256 verified
353164,E04,07-reproduction,General / shared,Original pinned GitHub repository; static role inference,src/agents/lnswalk.py,,contestants\E04\13-archives\GitHub-original-479c2416b6261ee841052eef4881df0e40054f3f.zip,ChandraguptSharma07-matrix-multiplication-tensor-3x3-479c2416b6261ee841052eef4881df0e40054f3f/src/agents/lnswalk.py,49390,a7a17d10e3457f51a14ca5270bff9ca9a3428743900a6ab35b90fc374d6e577c,c7b2d3c1,479c2416b6261ee841052eef4881df0e40054f3f,Authenticated GitHub snapshot ChandraguptSharma07/matrix-multiplication-tensor-3x3,Original archive CRC and member SHA256 verified
353165,E04,07-reproduction,General / shared,Original pinned GitHub repository; static role inference,src/agents/test_z3sat.py,,contestants\E04\13-archives\GitHub-original-479c2416b6261ee841052eef4881df0e40054f3f.zip,ChandraguptSharma07-matrix-multiplication-tensor-3x3-479c2416b6261ee841052eef4881df0e40054f3f/src/agents/test_z3sat.py,4043,9a75772b928774e98db403302a3def43d8468c5b72db646cd36221c0c34f8d8e,ff4b1bdc,479c2416b6261ee841052eef4881df0e40054f3f,Authenticated GitHub snapshot ChandraguptSharma07/matrix-multiplication-tensor-3x3,Original archive CRC and member SHA256 verified
353166,E04,07-reproduction,General / shared,Original pinned GitHub repository; static role inference,src/agents/z3sat.py,,contestants\E04\13-archives\GitHub-original-479c2416b6261ee841052eef4881df0e40054f3f.zip,ChandraguptSharma07-matrix-multiplication-tensor-3x3-479c2416b6261ee841052eef4881df0e40054f3f/src/agents/z3sat.py,45389,40afa30367c6a803d935a90c88d1f5eaee92d3c129b250fe69cec2206561b66a,4785326d,479c2416b6261ee841052eef4881df0e40054f3f,Authenticated GitHub snapshot ChandraguptSharma07/matrix-multiplication-tensor-3x3,Original archive CRC and member SHA256 verified
353167,E04,07-reproduction,Matrix multiplication,Original pinned GitHub repository; static role inference,src/brent.py,,contestants\E04\13-archives\GitHub-original-479c2416b6261ee841052eef4881df0e40054f3f.zip,ChandraguptSharma07-matrix-multiplication-tensor-3x3-479c2416b6261ee841052eef4881df0e40054f3f/src/brent.py,3150,442f047ac07912d4aa8668699a62637dfe43751c01f87c3654e1b7fe9e067533,3b4acf8a,479c2416b6261ee841052eef4881df0e40054f3f,Authenticated GitHub snapshot ChandraguptSharma07/matrix-multiplication-tensor-3x3,Original archive CRC and member SHA256 verified
353168,E04,07-reproduction,General / shared,Original pinned GitHub repository; static role inference,src/burst.py,,contestants\E04\13-archives\GitHub-original-479c2416b6261ee841052eef4881df0e40054f3f.zip,ChandraguptSharma07-matrix-multiplication-tensor-3x3-479c2416b6261ee841052eef4881df0e40054f3f/src/burst.py,4051,f225a57dde24ec4a99d2619d0f8df430f0f8597f0055b78886eab52f6999ee87,a147a313,479c2416b6261ee841052eef4881df0e40054f3f,Authenticated GitHub snapshot ChandraguptSharma07/matrix-multiplication-tensor-3x3,Original archive CRC and member SHA256 verified
353169,E04,07-reproduction,General / shared,Original pinned GitHub repository; static role inference,src/deflate.py,,contestants\E04\13-archives\GitHub-original-479c2416b6261ee841052eef4881df0e40054f3f.zip,ChandraguptSharma07-matrix-multiplication-tensor-3x3-479c2416b6261ee841052eef4881df0e40054f3f/src/deflate.py,2620,dc5ab699ac3595a5ab82008efbee32512165fad701f1c67ecfc57feb401dfbc7,368cc00e,479c2416b6261ee841052eef4881df0e40054f3f,Authenticated GitHub snapshot ChandraguptSharma07/matrix-multiplication-tensor-3x3,Original archive CRC and member SHA256 verified
353170,E04,07-reproduction,General / shared,Original pinned GitHub repository; static role inference,src/fastflip.py,,contestants\E04\13-archives\GitHub-original-479c2416b6261ee841052eef4881df0e40054f3f.zip,ChandraguptSharma07-matrix-multiplication-tensor-3x3-479c2416b6261ee841052eef4881df0e40054f3f/src/fastflip.py,5661,bd9829a864ec21cf967dcbd27d372b672e8522aab4e97d36397c8f3dffa66184,1f4626d3,479c2416b6261ee841052eef4881df0e40054f3f,Authenticated GitHub snapshot ChandraguptSharma07/matrix-multiplication-tensor-3x3,Original archive CRC and member SHA256 verified
353171,E04,07-reproduction,General / shared,Original pinned GitHub repository; static role inference,src/fg.c,,contestants\E04\13-archives\GitHub-original-479c2416b6261ee841052eef4881df0e40054f3f.zip,ChandraguptSharma07-matrix-multiplication-tensor-3x3-479c2416b6261ee841052eef4881df0e40054f3f/src/fg.c,6786,8d687da4f0b9b0cd9efacf57b196003fc99d0810ab14c476776e39c358686f17,2b495d1e,479c2416b6261ee841052eef4881df0e40054f3f,Authenticated GitHub snapshot ChandraguptSharma07/matrix-multiplication-tensor-3x3,Original archive CRC and member SHA256 verified
353172,E04,07-reproduction,General / shared,Original pinned GitHub repository; static role inference,src/fg3.c,,contestants\E04\13-archives\GitHub-original-479c2416b6261ee841052eef4881df0e40054f3f.zip,ChandraguptSharma07-matrix-multiplication-tensor-3x3-479c2416b6261ee841052eef4881df0e40054f3f/src/fg3.c,9442,6a6bdfdacbdd2f5f7e1b06ab2f7039d65fbfb35e663129195482c21e0ec9b6f9,f8f4c628,479c2416b6261ee841052eef4881df0e40054f3f,Authenticated GitHub snapshot ChandraguptSharma07/matrix-multiplication-tensor-3x3,Original archive CRC and member SHA256 verified
353173,E04,07-reproduction,General / shared,Original pinned GitHub repository; static role inference,src/fgt.c,,contestants\E04\13-archives\GitHub-original-479c2416b6261ee841052eef4881df0e40054f3f.zip,ChandraguptSharma07-matrix-multiplication-tensor-3x3-479c2416b6261ee841052eef4881df0e40054f3f/src/fgt.c,11887,8145a541997602ae8ad0eab026b2901490928ce807f8fa9dc146c1b8581d2079,c0ffbdc4,479c2416b6261ee841052eef4881df0e40054f3f,Authenticated GitHub snapshot ChandraguptSharma07/matrix-multiplication-tensor-3x3,Original archive CRC and member SHA256 verified
353174,E04,07-reproduction,General / shared,Original pinned GitHub repository; static role inference,src/fixone.py,,contestants\E04\13-archives\GitHub-original-479c2416b6261ee841052eef4881df0e40054f3f.zip,ChandraguptSharma07-matrix-multiplication-tensor-3x3-479c2416b6261ee841052eef4881df0e40054f3f/src/fixone.py,4055,31469896a74e1ece1fbee21e0952febbebd0cc25f35a068adc020338fdf101dc,a585d231,479c2416b6261ee841052eef4881df0e40054f3f,Authenticated GitHub snapshot ChandraguptSharma07/matrix-multiplication-tensor-3x3,Original archive CRC and member SHA256 verified
353175,E04,07-reproduction,General / shared,Original pinned GitHub repository; static role inference,src/flipgraph.py,,contestants\E04\13-archives\GitHub-original-479c2416b6261ee841052eef4881df0e40054f3f.zip,ChandraguptSharma07-matrix-multiplication-tensor-3x3-479c2416b6261ee841052eef4881df0e40054f3f/src/flipgraph.py,9613,c9432c29e272f301b458c3b3ea36869be6ec21ef4e0acea6f24c4ab5e3db7054,7c10755f,479c2416b6261ee841052eef4881df0e40054f3f,Authenticated GitHub snapshot ChandraguptSharma07/matrix-multiplication-tensor-3x3,Original archive CRC and member SHA256 verified
353176,E04,07-reproduction,General / shared,Original pinned GitHub repository; static role inference,src/gf3walk.py,,contestants\E04\13-archives\GitHub-original-479c2416b6261ee841052eef4881df0e40054f3f.zip,ChandraguptSharma07-matrix-multiplication-tensor-3x3-479c2416b6261ee841052eef4881df0e40054f3f/src/gf3walk.py,5969,7c52f6ec22da2494f16fed847e10a286138ac8db989bac93d4319f1bd7daa98f,6e6014e5,479c2416b6261ee841052eef4881df0e40054f3f,Authenticated GitHub snapshot ChandraguptSharma07/matrix-multiplication-tensor-3x3,Original archive CRC and member SHA256 verified
353177,E04,07-reproduction,General / shared,Original pinned GitHub repository; static role inference,src/invariants.py,,contestants\E04\13-archives\GitHub-original-479c2416b6261ee841052eef4881df0e40054f3f.zip,ChandraguptSharma07-matrix-multiplication-tensor-3x3-479c2416b6261ee841052eef4881df0e40054f3f/src/invariants.py,813,1c97f28dec75663c13224598279a5a32ef6b93397e28d4ebe507a78714bc1253,2589dc18,479c2416b6261ee841052eef4881df0e40054f3f,Authenticated GitHub snapshot ChandraguptSharma07/matrix-multiplication-tensor-3x3,Original archive CRC and member SHA256 verified
353178,E04,07-reproduction,General / shared,Original pinned GitHub repository; static role inference,src/lift3.py,,contestants\E04\13-archives\GitHub-original-479c2416b6261ee841052eef4881df0e40054f3f.zip,ChandraguptSharma07-matrix-multiplication-tensor-3x3-479c2416b6261ee841052eef4881df0e40054f3f/src/lift3.py,2401,092fac5af4363540feaf0e557345eb9329ec223d5d2404d0ce82a6062a4d1a7f,39f06fc2,479c2416b6261ee841052eef4881df0e40054f3f,Authenticated GitHub snapshot ChandraguptSharma07/matrix-multiplication-tensor-3x3,Original archive CRC and member SHA256 verified
353179,E04,07-reproduction,General / shared,Original pinned GitHub repository; static role inference,src/lowcheck.py,,contestants\E04\13-archives\GitHub-original-479c2416b6261ee841052eef4881df0e40054f3f.zip,ChandraguptSharma07-matrix-multiplication-tensor-3x3-479c2416b6261ee841052eef4881df0e40054f3f/src/lowcheck.py,2431,22a152f68adf8974800681d8d0ffe56584ff43fd14c8b1f0760f633922bfac73,ad231f38,479c2416b6261ee841052eef4881df0e40054f3f,Authenticated GitHub snapshot ChandraguptSharma07/matrix-multiplication-tensor-3x3,Original archive CRC and member SHA256 verified
353180,E04,07-reproduction,General / shared,Original pinned GitHub repository; static role inference,src/mm3_run.py,,contestants\E04\13-archives\GitHub-original-479c2416b6261ee841052eef4881df0e40054f3f.zip,ChandraguptSharma07-matrix-multiplication-tensor-3x3-479c2416b6261ee841052eef4881df0e40054f3f/src/mm3_run.py,29450,5eed75355c69fd922fd4b1209a54ab207104da43df867f9a84355f55e7e0baf5,278e8860,479c2416b6261ee841052eef4881df0e40054f3f,Authenticated GitHub snapshot ChandraguptSharma07/matrix-multiplication-tensor-3x3,Original archive CRC and member SHA256 verified
353181,E04,07-reproduction,General / shared,Original pinned GitHub repository; static role inference,src/orbit_sweep.py,,contestants\E04\13-archives\GitHub-original-479c2416b6261ee841052eef4881df0e40054f3f.zip,ChandraguptSharma07-matrix-multiplication-tensor-3x3-479c2416b6261ee841052eef4881df0e40054f3f/src/orbit_sweep.py,3814,c0580ba4f36b6bbb777a3fb37163a913b8c04049924f00283b7160621961be85,40e381a7,479c2416b6261ee841052eef4881df0e40054f3f,Authenticated GitHub snapshot ChandraguptSharma07/matrix-multiplication-tensor-3x3,Original archive CRC and member SHA256 verified
353182,E04,07-reproduction,General / shared,Original pinned GitHub repository; static role inference,src/prune.py,,contestants\E04\13-archives\GitHub-original-479c2416b6261ee841052eef4881df0e40054f3f.zip,ChandraguptSharma07-matrix-multiplication-tensor-3x3-479c2416b6261ee841052eef4881df0e40054f3f/src/prune.py,2286,087eaa09602a9843c895a7d69faed2e8070f1c9ebfd3aa461417186b55c9a293,1ec3ae2a,479c2416b6261ee841052eef4881df0e40054f3f,Authenticated GitHub snapshot ChandraguptSharma07/matrix-multiplication-tensor-3x3,Original archive CRC and member SHA256 verified
353183,E04,07-reproduction,General / shared,Original pinned GitHub repository; static role inference,src/r22_diag.py,,contestants\E04\13-archives\GitHub-original-479c2416b6261ee841052eef4881df0e40054f3f.zip,ChandraguptSharma07-matrix-multiplication-tensor-3x3-479c2416b6261ee841052eef4881df0e40054f3f/src/r22_diag.py,1241,4a34ba150d45f0fb0be07215d81fc0ba7b3999fb488cbf543946ff0a68217cca,bccf0adc,479c2416b6261ee841052eef4881df0e40054f3f,Authenticated GitHub snapshot ChandraguptSharma07/matrix-multiplication-tensor-3x3,Original archive CRC and member SHA256 verified
353184,E04,07-reproduction,General / shared,Original pinned GitHub repository; static role inference,src/refine.py,,contestants\E04\13-archives\GitHub-original-479c2416b6261ee841052eef4881df0e40054f3f.zip,ChandraguptSharma07-matrix-multiplication-tensor-3x3-479c2416b6261ee841052eef4881df0e40054f3f/src/refine.py,1781,81c97ecf818bf02b4e5312baeed74a88c5d85c7d2cbc78904fe8352bd889fc25,bcecec40,479c2416b6261ee841052eef4881df0e40054f3f,Authenticated GitHub snapshot ChandraguptSharma07/matrix-multiplication-tensor-3x3,Original archive CRC and member SHA256 verified
353185,E04,07-reproduction,General / shared,Original pinned GitHub repository; static role inference,src/reweight.py,,contestants\E04\13-archives\GitHub-original-479c2416b6261ee841052eef4881df0e40054f3f.zip,ChandraguptSharma07-matrix-multiplication-tensor-3x3-479c2416b6261ee841052eef4881df0e40054f3f/src/reweight.py,2614,317fd48465c1ee557b6d4aad0fea81d769d4ddeb29b11de96c4db71245ade5bf,4ca85d66,479c2416b6261ee841052eef4881df0e40054f3f,Authenticated GitHub snapshot ChandraguptSharma07/matrix-multiplication-tensor-3x3,Original archive CRC and member SHA256 verified
353186,E04,07-reproduction,General / shared,Original pinned GitHub repository; static role inference,src/run_job.py,,contestants\E04\13-archives\GitHub-original-479c2416b6261ee841052eef4881df0e40054f3f.zip,ChandraguptSharma07-matrix-multiplication-tensor-3x3-479c2416b6261ee841052eef4881df0e40054f3f/src/run_job.py,7675,ad010f10348ac0658536030722a6b903029d18e4f52913774a315a4563b5dbe3,73a7fe94,479c2416b6261ee841052eef4881df0e40054f3f,Authenticated GitHub snapshot ChandraguptSharma07/matrix-multiplication-tensor-3x3,Original archive CRC and member SHA256 verified
353187,E04,07-reproduction,General / shared,Original pinned GitHub repository; static role inference,src/satlns.py,,contestants\E04\13-archives\GitHub-original-479c2416b6261ee841052eef4881df0e40054f3f.zip,ChandraguptSharma07-matrix-multiplication-tensor-3x3-479c2416b6261ee841052eef4881df0e40054f3f/src/satlns.py,4594,4444d1b8fdfdbfd891c697712c42ef1fee283dc4bdb6a5835460029c718d5b13,c7810449,479c2416b6261ee841052eef4881df0e40054f3f,Authenticated GitHub snapshot ChandraguptSharma07/matrix-multiplication-tensor-3x3,Original archive CRC and member SHA256 verified
353188,E04,07-reproduction,General / shared,Original pinned GitHub repository; static role inference,src/satsweep.py,,contestants\E04\13-archives\GitHub-original-479c2416b6261ee841052eef4881df0e40054f3f.zip,ChandraguptSharma07-matrix-multiplication-tensor-3x3-479c2416b6261ee841052eef4881df0e40054f3f/src/satsweep.py,3337,2a0a21a93ed68881d85bc6bf0356a24f80b80b50d9a16d8518aaeea75c27d2a2,4f38d107,479c2416b6261ee841052eef4881df0e40054f3f,Authenticated GitHub snapshot ChandraguptSharma07/matrix-multiplication-tensor-3x3,Original archive CRC and member SHA256 verified
353189,E04,07-reproduction,General / shared,Original pinned GitHub repository; static role inference,src/sparsify.py,,contestants\E04\13-archives\GitHub-original-479c2416b6261ee841052eef4881df0e40054f3f.zip,ChandraguptSharma07-matrix-multiplication-tensor-3x3-479c2416b6261ee841052eef4881df0e40054f3f/src/sparsify.py,3042,14b5fbe1d3bd36774a7a171f3ec44d40efb18b21e385e7961842d698003bc08d,64040d7b,479c2416b6261ee841052eef4881df0e40054f3f,Authenticated GitHub snapshot ChandraguptSharma07/matrix-multiplication-tensor-3x3,Original archive CRC and member SHA256 verified
353190,E04,07-reproduction,General / shared,Original pinned GitHub repository; static role inference,src/symgroups.py,,contestants\E04\13-archives\GitHub-original-479c2416b6261ee841052eef4881df0e40054f3f.zip,ChandraguptSharma07-matrix-multiplication-tensor-3x3-479c2416b6261ee841052eef4881df0e40054f3f/src/symgroups.py,5276,8915686c415f0ec63971e2b337509795400476f0f76401a6a2ca64ac49a0a4fc,f31a8796,479c2416b6261ee841052eef4881df0e40054f3f,Authenticated GitHub snapshot ChandraguptSharma07/matrix-multiplication-tensor-3x3,Original archive CRC and member SHA256 verified
353191,E04,07-reproduction,General / shared,Original pinned GitHub repository; static role inference,src/symsearch.py,,contestants\E04\13-archives\GitHub-original-479c2416b6261ee841052eef4881df0e40054f3f.zip,ChandraguptSharma07-matrix-multiplication-tensor-3x3-479c2416b6261ee841052eef4881df0e40054f3f/src/symsearch.py,8063,b4bef24e2bcc356362fe773980639ecdfb71972da709e32d2de7dfd48c9afc58,29f2822f,479c2416b6261ee841052eef4881df0e40054f3f,Authenticated GitHub snapshot ChandraguptSharma07/matrix-multiplication-tensor-3x3,Original archive CRC and member SHA256 verified
353192,E04,07-reproduction,General / shared,Original pinned GitHub repository; static role inference,src/zeroforce.py,,contestants\E04\13-archives\GitHub-original-479c2416b6261ee841052eef4881df0e40054f3f.zip,ChandraguptSharma07-matrix-multiplication-tensor-3x3-479c2416b6261ee841052eef4881df0e40054f3f/src/zeroforce.py,2627,d79c14013d89e583de9bc94f63b9129575ee97b6bb27b0b8fe07f38f6a2e0aac,eddd9869,479c2416b6261ee841052eef4881df0e40054f3f,Authenticated GitHub snapshot ChandraguptSharma07/matrix-multiplication-tensor-3x3,Original archive CRC and member SHA256 verified
353193,E04,07-reproduction,General / shared,Original pinned GitHub repository; static role inference,verify/verify.c,,contestants\E04\13-archives\GitHub-original-479c2416b6261ee841052eef4881df0e40054f3f.zip,ChandraguptSharma07-matrix-multiplication-tensor-3x3-479c2416b6261ee841052eef4881df0e40054f3f/verify/verify.c,2067,f5310a25ad331355efb4ebef7663cc360795948cd4f50219265fc308dfdd3e11,ed9ef248,479c2416b6261ee841052eef4881df0e40054f3f,Authenticated GitHub snapshot ChandraguptSharma07/matrix-multiplication-tensor-3x3,Original archive CRC and member SHA256 verified
353194,E04,07-reproduction,General / shared,Original pinned GitHub repository; static role inference,verify/verify.py,,contestants\E04\13-archives\GitHub-original-479c2416b6261ee841052eef4881df0e40054f3f.zip,ChandraguptSharma07-matrix-multiplication-tensor-3x3-479c2416b6261ee841052eef4881df0e40054f3f/verify/verify.py,4336,2a35af9a2b2fc515099e7046c223dbd00ac53cd08648ce24923c8e6fdddfbc7b,fc5086f1,479c2416b6261ee841052eef4881df0e40054f3f,Authenticated GitHub snapshot ChandraguptSharma07/matrix-multiplication-tensor-3x3,Original archive CRC and member SHA256 verified
