id,original_path,topic,bytes,version,source,local_path,archive_path,archive_member,sha256,crc32,basis
349450,Claim_Evidence/evidence/lean-cloud/user-attempt-replay/reports/build-a100475/A100475.log,General / shared,170,"Email supplement received 06:19:17 CEST, after cutoff; distinct from on-time PDF | email ZIP",https://mail.google.com/mail/u/0/#all/1a0fffd2419ec392,,contestants/E02/13-archives/Math_Competition_Completed_Results_Submission_Bundle.zip,Math_Competition_Completed_Results_Submission/Claim_Evidence/evidence/lean-cloud/user-attempt-replay/reports/build-a100475/A100475.log,,ac0ce83a,Filename/path inference; editable in the app
349451,Claim_Evidence/evidence/lean-cloud/user-attempt-replay/reports/build-a46969/A46969.log,General / shared,164,"Email supplement received 06:19:17 CEST, after cutoff; distinct from on-time PDF | email ZIP",https://mail.google.com/mail/u/0/#all/1a0fffd2419ec392,,contestants/E02/13-archives/Math_Competition_Completed_Results_Submission_Bundle.zip,Math_Competition_Completed_Results_Submission/Claim_Evidence/evidence/lean-cloud/user-attempt-replay/reports/build-a46969/A46969.log,,14b08859,Filename/path inference; editable in the app
349452,Claim_Evidence/evidence/lean-cloud/user-attempt-replay/verification/m2-review/A135508.log,General / shared,370,"Email supplement received 06:19:17 CEST, after cutoff; distinct from on-time PDF | email ZIP",https://mail.google.com/mail/u/0/#all/1a0fffd2419ec392,,contestants/E02/13-archives/Math_Competition_Completed_Results_Submission_Bundle.zip,Math_Competition_Completed_Results_Submission/Claim_Evidence/evidence/lean-cloud/user-attempt-replay/verification/m2-review/A135508.log,,c85aecd7,Filename/path inference; editable in the app
349453,Claim_Evidence/evidence/lean-cloud/user-attempt-replay/verification/m2-review/expanded-axioms.log,General / shared,558,"Email supplement received 06:19:17 CEST, after cutoff; distinct from on-time PDF | email ZIP",https://mail.google.com/mail/u/0/#all/1a0fffd2419ec392,,contestants/E02/13-archives/Math_Competition_Completed_Results_Submission_Bundle.zip,Math_Competition_Completed_Results_Submission/Claim_Evidence/evidence/lean-cloud/user-attempt-replay/verification/m2-review/expanded-axioms.log,,9473b82c,Filename/path inference; editable in the app
349461,Claim_Evidence/evidence/opdp89-sharp-revalidation-20261002/fresh-replay/logs/SharpAxiomAudit.log,General / shared,1484,"Email supplement received 06:19:17 CEST, after cutoff; distinct from on-time PDF | email ZIP",https://mail.google.com/mail/u/0/#all/1a0fffd2419ec392,,contestants/E02/13-archives/Math_Competition_Completed_Results_Submission_Bundle.zip,Math_Competition_Completed_Results_Submission/Claim_Evidence/evidence/opdp89-sharp-revalidation-20261002/fresh-replay/logs/SharpAxiomAudit.log,,4d3871ee,Filename/path inference; editable in the app
349462,Claim_Evidence/evidence/opdp89-sharp-revalidation-20261002/fresh-replay/logs/SharpClassification.log,General / shared,295,"Email supplement received 06:19:17 CEST, after cutoff; distinct from on-time PDF | email ZIP",https://mail.google.com/mail/u/0/#all/1a0fffd2419ec392,,contestants/E02/13-archives/Math_Competition_Completed_Results_Submission_Bundle.zip,Math_Competition_Completed_Results_Submission/Claim_Evidence/evidence/opdp89-sharp-revalidation-20261002/fresh-replay/logs/SharpClassification.log,,35ad5114,Filename/path inference; editable in the app
349464,Claim_Evidence/evidence/opdp89-sharp-revalidation-20261002/supplemental-audit/SemanticTypeAudit.log,General / shared,7669,"Email supplement received 06:19:17 CEST, after cutoff; distinct from on-time PDF | email ZIP",https://mail.google.com/mail/u/0/#all/1a0fffd2419ec392,,contestants/E02/13-archives/Math_Competition_Completed_Results_Submission_Bundle.zip,Math_Competition_Completed_Results_Submission/Claim_Evidence/evidence/opdp89-sharp-revalidation-20261002/supplemental-audit/SemanticTypeAudit.log,,f4be1245,Filename/path inference; editable in the app
349471,Claim_Evidence/proofs/a000224/verification/4.33.1/Target224.log,General / shared,284,"Email supplement received 06:19:17 CEST, after cutoff; distinct from on-time PDF | email ZIP",https://mail.google.com/mail/u/0/#all/1a0fffd2419ec392,,contestants/E02/13-archives/Math_Competition_Completed_Results_Submission_Bundle.zip,Math_Competition_Completed_Results_Submission/Claim_Evidence/proofs/a000224/verification/4.33.1/Target224.log,,907e06be,Filename/path inference; editable in the app
349475,Claim_Evidence/proofs/a000224/verification/4.34.1/Target224.log,General / shared,284,"Email supplement received 06:19:17 CEST, after cutoff; distinct from on-time PDF | email ZIP",https://mail.google.com/mail/u/0/#all/1a0fffd2419ec392,,contestants/E02/13-archives/Math_Competition_Completed_Results_Submission_Bundle.zip,Math_Competition_Completed_Results_Submission/Claim_Evidence/proofs/a000224/verification/4.34.1/Target224.log,,907e06be,Filename/path inference; editable in the app
349482,Claim_Evidence/proofs/a060957/verification/full-replay/OpHack_SubsetProducts_Generic_Final.log,General / shared,834,"Email supplement received 06:19:17 CEST, after cutoff; distinct from on-time PDF | email ZIP",https://mail.google.com/mail/u/0/#all/1a0fffd2419ec392,,contestants/E02/13-archives/Math_Competition_Completed_Results_Submission_Bundle.zip,Math_Competition_Completed_Results_Submission/Claim_Evidence/proofs/a060957/verification/full-replay/OpHack_SubsetProducts_Generic_Final.log,,69843dfb,Filename/path inference; editable in the app
349483,Claim_Evidence/proofs/a060957/verification/full-replay/OpHack_SubsetProducts_Main.log,General / shared,217,"Email supplement received 06:19:17 CEST, after cutoff; distinct from on-time PDF | email ZIP",https://mail.google.com/mail/u/0/#all/1a0fffd2419ec392,,contestants/E02/13-archives/Math_Competition_Completed_Results_Submission_Bundle.zip,Math_Competition_Completed_Results_Submission/Claim_Evidence/proofs/a060957/verification/full-replay/OpHack_SubsetProducts_Main.log,,2955d1a6,Filename/path inference; editable in the app
349493,Claim_Evidence/proofs/erdos1060-uniform-partial/verification/fresh-replay.log,Other formal mathematics,8038,"Email supplement received 06:19:17 CEST, after cutoff; distinct from on-time PDF | email ZIP",https://mail.google.com/mail/u/0/#all/1a0fffd2419ec392,,contestants/E02/13-archives/Math_Competition_Completed_Results_Submission_Bundle.zip,Math_Competition_Completed_Results_Submission/Claim_Evidence/proofs/erdos1060-uniform-partial/verification/fresh-replay.log,,64b960a0,Filename/path inference; editable in the app
349497,Claim_Evidence/proofs/erdos169-fourap/verification/build-linux.log,Other formal mathematics,11745,"Email supplement received 06:19:17 CEST, after cutoff; distinct from on-time PDF | email ZIP",https://mail.google.com/mail/u/0/#all/1a0fffd2419ec392,,contestants/E02/13-archives/Math_Competition_Completed_Results_Submission_Bundle.zip,Math_Competition_Completed_Results_Submission/Claim_Evidence/proofs/erdos169-fourap/verification/build-linux.log,,9759da2f,Filename/path inference; editable in the app
349498,Claim_Evidence/proofs/erdos169-fourap/verification/final-axioms.log,Other formal mathematics,525,"Email supplement received 06:19:17 CEST, after cutoff; distinct from on-time PDF | email ZIP",https://mail.google.com/mail/u/0/#all/1a0fffd2419ec392,,contestants/E02/13-archives/Math_Competition_Completed_Results_Submission_Bundle.zip,Math_Competition_Completed_Results_Submission/Claim_Evidence/proofs/erdos169-fourap/verification/final-axioms.log,,07a63671,Filename/path inference; editable in the app
349499,Claim_Evidence/proofs/erdos169-fourap/verification/final-dependencies.log,Other formal mathematics,506,"Email supplement received 06:19:17 CEST, after cutoff; distinct from on-time PDF | email ZIP",https://mail.google.com/mail/u/0/#all/1a0fffd2419ec392,,contestants/E02/13-archives/Math_Competition_Completed_Results_Submission_Bundle.zip,Math_Competition_Completed_Results_Submission/Claim_Evidence/proofs/erdos169-fourap/verification/final-dependencies.log,,dbaea929,Filename/path inference; editable in the app
349500,Claim_Evidence/proofs/erdos169-fourap/verification/final-toolchain.log,Other formal mathematics,106,"Email supplement received 06:19:17 CEST, after cutoff; distinct from on-time PDF | email ZIP",https://mail.google.com/mail/u/0/#all/1a0fffd2419ec392,,contestants/E02/13-archives/Math_Competition_Completed_Results_Submission_Bundle.zip,Math_Competition_Completed_Results_Submission/Claim_Evidence/proofs/erdos169-fourap/verification/final-toolchain.log,,0295b30e,Filename/path inference; editable in the app
349502,Claim_Evidence/proofs/erdos21-sharp-residual/replay-receipt/EndpointAudit.log,Other formal mathematics,4674,"Email supplement received 06:19:17 CEST, after cutoff; distinct from on-time PDF | email ZIP",https://mail.google.com/mail/u/0/#all/1a0fffd2419ec392,,contestants/E02/13-archives/Math_Competition_Completed_Results_Submission_Bundle.zip,Math_Competition_Completed_Results_Submission/Claim_Evidence/proofs/erdos21-sharp-residual/replay-receipt/EndpointAudit.log,,5614ac6a,Filename/path inference; editable in the app
349503,Claim_Evidence/proofs/erdos21-sharp-residual/replay-receipt/Main.log,Other formal mathematics,1022,"Email supplement received 06:19:17 CEST, after cutoff; distinct from on-time PDF | email ZIP",https://mail.google.com/mail/u/0/#all/1a0fffd2419ec392,,contestants/E02/13-archives/Math_Competition_Completed_Results_Submission_Bundle.zip,Math_Competition_Completed_Results_Submission/Claim_Evidence/proofs/erdos21-sharp-residual/replay-receipt/Main.log,,d519ee2f,Filename/path inference; editable in the app
349504,Claim_Evidence/proofs/erdos21-sharp-residual/replay-receipt/TriangleSharpness.log,Kobon triangles,212,"Email supplement received 06:19:17 CEST, after cutoff; distinct from on-time PDF | email ZIP",https://mail.google.com/mail/u/0/#all/1a0fffd2419ec392,,contestants/E02/13-archives/Math_Competition_Completed_Results_Submission_Bundle.zip,Math_Competition_Completed_Results_Submission/Claim_Evidence/proofs/erdos21-sharp-residual/replay-receipt/TriangleSharpness.log,,a8641cc2,Filename/path inference; editable in the app
349512,Claim_Evidence/proofs/erdos829-log-five-thirds/verification/logs/FiveThirdsCanonical.log,Other formal mathematics,232,"Email supplement received 06:19:17 CEST, after cutoff; distinct from on-time PDF | email ZIP",https://mail.google.com/mail/u/0/#all/1a0fffd2419ec392,,contestants/E02/13-archives/Math_Competition_Completed_Results_Submission_Bundle.zip,Math_Competition_Completed_Results_Submission/Claim_Evidence/proofs/erdos829-log-five-thirds/verification/logs/FiveThirdsCanonical.log,,82acfb43,Filename/path inference; editable in the app
349513,Claim_Evidence/proofs/erdos829-log-five-thirds/verification/logs/FiveThirdsFinalTypeAudit.log,Other formal mathematics,1867,"Email supplement received 06:19:17 CEST, after cutoff; distinct from on-time PDF | email ZIP",https://mail.google.com/mail/u/0/#all/1a0fffd2419ec392,,contestants/E02/13-archives/Math_Competition_Completed_Results_Submission_Bundle.zip,Math_Competition_Completed_Results_Submission/Claim_Evidence/proofs/erdos829-log-five-thirds/verification/logs/FiveThirdsFinalTypeAudit.log,,db6f9c61,Filename/path inference; editable in the app
349514,Claim_Evidence/proofs/erdos829-log-five-thirds/verification/logs/FreshSemanticAndAxiomAudit.log,Other formal mathematics,191255,"Email supplement received 06:19:17 CEST, after cutoff; distinct from on-time PDF | email ZIP",https://mail.google.com/mail/u/0/#all/1a0fffd2419ec392,,contestants/E02/13-archives/Math_Competition_Completed_Results_Submission_Bundle.zip,Math_Competition_Completed_Results_Submission/Claim_Evidence/proofs/erdos829-log-five-thirds/verification/logs/FreshSemanticAndAxiomAudit.log,,c88a691f,Filename/path inference; editable in the app
349515,Claim_Evidence/proofs/erdos829-log-five-thirds/verification/logs/IndependentFiveThirdsSemanticAudit.log,Other formal mathematics,3249,"Email supplement received 06:19:17 CEST, after cutoff; distinct from on-time PDF | email ZIP",https://mail.google.com/mail/u/0/#all/1a0fffd2419ec392,,contestants/E02/13-archives/Math_Competition_Completed_Results_Submission_Bundle.zip,Math_Competition_Completed_Results_Submission/Claim_Evidence/proofs/erdos829-log-five-thirds/verification/logs/IndependentFiveThirdsSemanticAudit.log,,aca3bc30,Filename/path inference; editable in the app
349519,Claim_Evidence/proofs/erdos944-order-bound/verification/CriticalCodeBound.log,Other formal mathematics,1611,"Email supplement received 06:19:17 CEST, after cutoff; distinct from on-time PDF | email ZIP",https://mail.google.com/mail/u/0/#all/1a0fffd2419ec392,,contestants/E02/13-archives/Math_Competition_Completed_Results_Submission_Bundle.zip,Math_Competition_Completed_Results_Submission/Claim_Evidence/proofs/erdos944-order-bound/verification/CriticalCodeBound.log,,ef18ab05,Filename/path inference; editable in the app
349520,Claim_Evidence/proofs/erdos944-order-bound/verification/Erdos944Bounds.log,Other formal mathematics,1610,"Email supplement received 06:19:17 CEST, after cutoff; distinct from on-time PDF | email ZIP",https://mail.google.com/mail/u/0/#all/1a0fffd2419ec392,,contestants/E02/13-archives/Math_Competition_Completed_Results_Submission_Bundle.zip,Math_Competition_Completed_Results_Submission/Claim_Evidence/proofs/erdos944-order-bound/verification/Erdos944Bounds.log,,29695509,Filename/path inference; editable in the app
349521,Claim_Evidence/proofs/erdos944-order-bound/verification/Erdos944Graph.log,Other formal mathematics,3418,"Email supplement received 06:19:17 CEST, after cutoff; distinct from on-time PDF | email ZIP",https://mail.google.com/mail/u/0/#all/1a0fffd2419ec392,,contestants/E02/13-archives/Math_Competition_Completed_Results_Submission_Bundle.zip,Math_Competition_Completed_Results_Submission/Claim_Evidence/proofs/erdos944-order-bound/verification/Erdos944Graph.log,,b14a7379,Filename/path inference; editable in the app
349522,Claim_Evidence/proofs/erdos944-order-bound/verification/TargetAudit.log,Other formal mathematics,2944,"Email supplement received 06:19:17 CEST, after cutoff; distinct from on-time PDF | email ZIP",https://mail.google.com/mail/u/0/#all/1a0fffd2419ec392,,contestants/E02/13-archives/Math_Competition_Completed_Results_Submission_Bundle.zip,Math_Competition_Completed_Results_Submission/Claim_Evidence/proofs/erdos944-order-bound/verification/TargetAudit.log,,7e267db0,Filename/path inference; editable in the app
349551,Claim_Evidence/proofs/opdp13/verification/final-build.log,General / shared,29290,"Email supplement received 06:19:17 CEST, after cutoff; distinct from on-time PDF | email ZIP",https://mail.google.com/mail/u/0/#all/1a0fffd2419ec392,,contestants/E02/13-archives/Math_Competition_Completed_Results_Submission_Bundle.zip,Math_Competition_Completed_Results_Submission/Claim_Evidence/proofs/opdp13/verification/final-build.log,,ce1ac567,Filename/path inference; editable in the app
349552,Claim_Evidence/proofs/opdp13/verification/root-least-index-build.log,General / shared,664,"Email supplement received 06:19:17 CEST, after cutoff; distinct from on-time PDF | email ZIP",https://mail.google.com/mail/u/0/#all/1a0fffd2419ec392,,contestants/E02/13-archives/Math_Competition_Completed_Results_Submission_Bundle.zip,Math_Competition_Completed_Results_Submission/Claim_Evidence/proofs/opdp13/verification/root-least-index-build.log,,14ae8d5f,Filename/path inference; editable in the app
349555,Claim_Evidence/proofs/opdp43/verification/clean-release-build.log,General / shared,2030,"Email supplement received 06:19:17 CEST, after cutoff; distinct from on-time PDF | email ZIP",https://mail.google.com/mail/u/0/#all/1a0fffd2419ec392,,contestants/E02/13-archives/Math_Competition_Completed_Results_Submission_Bundle.zip,Math_Competition_Completed_Results_Submission/Claim_Evidence/proofs/opdp43/verification/clean-release-build.log,,5e4b5543,Filename/path inference; editable in the app
349558,Claim_Evidence/proofs/opdp67/verification/axioms.log,General / shared,338,"Email supplement received 06:19:17 CEST, after cutoff; distinct from on-time PDF | email ZIP",https://mail.google.com/mail/u/0/#all/1a0fffd2419ec392,,contestants/E02/13-archives/Math_Competition_Completed_Results_Submission_Bundle.zip,Math_Competition_Completed_Results_Submission/Claim_Evidence/proofs/opdp67/verification/axioms.log,,cfa78db6,Filename/path inference; editable in the app
349559,Claim_Evidence/proofs/opdp67/verification/build.log,General / shared,488,"Email supplement received 06:19:17 CEST, after cutoff; distinct from on-time PDF | email ZIP",https://mail.google.com/mail/u/0/#all/1a0fffd2419ec392,,contestants/E02/13-archives/Math_Competition_Completed_Results_Submission_Bundle.zip,Math_Competition_Completed_Results_Submission/Claim_Evidence/proofs/opdp67/verification/build.log,,a1652a5e,Filename/path inference; editable in the app
349562,Claim_Evidence/proofs/opdp89-parity-local-maxima/verification/independent-replay/logs/AxiomAudit.log,General / shared,1539,"Email supplement received 06:19:17 CEST, after cutoff; distinct from on-time PDF | email ZIP",https://mail.google.com/mail/u/0/#all/1a0fffd2419ec392,,contestants/E02/13-archives/Math_Competition_Completed_Results_Submission_Bundle.zip,Math_Competition_Completed_Results_Submission/Claim_Evidence/proofs/opdp89-parity-local-maxima/verification/independent-replay/logs/AxiomAudit.log,,3a2db0c0,Filename/path inference; editable in the app
349563,Claim_Evidence/proofs/opdp89-parity-local-maxima/verification/independent-replay/logs/Main.log,General / shared,206,"Email supplement received 06:19:17 CEST, after cutoff; distinct from on-time PDF | email ZIP",https://mail.google.com/mail/u/0/#all/1a0fffd2419ec392,,contestants/E02/13-archives/Math_Competition_Completed_Results_Submission_Bundle.zip,Math_Competition_Completed_Results_Submission/Claim_Evidence/proofs/opdp89-parity-local-maxima/verification/independent-replay/logs/Main.log,,f36a45e2,Filename/path inference; editable in the app
349583,Focus_Evidence/evidence/FOCUS-BB6/kernel/Certificate.log,Busy Beaver,259,"Email supplement received 06:19:17 CEST, after cutoff; distinct from on-time PDF | email ZIP",https://mail.google.com/mail/u/0/#all/1a0fffd2419ec392,,contestants/E02/13-archives/Math_Competition_Completed_Results_Submission_Bundle.zip,Math_Competition_Completed_Results_Submission/Focus_Evidence/evidence/FOCUS-BB6/kernel/Certificate.log,,3c99bc0e,Filename/path inference; editable in the app
349585,Focus_Evidence/evidence/FOCUS-BB6/kernel/CheckedJoin.log,Busy Beaver,196,"Email supplement received 06:19:17 CEST, after cutoff; distinct from on-time PDF | email ZIP",https://mail.google.com/mail/u/0/#all/1a0fffd2419ec392,,contestants/E02/13-archives/Math_Competition_Completed_Results_Submission_Bundle.zip,Math_Competition_Completed_Results_Submission/Focus_Evidence/evidence/FOCUS-BB6/kernel/CheckedJoin.log,,da07666f,Filename/path inference; editable in the app
349587,Focus_Evidence/evidence/FOCUS-BB6/kernel/Chunk00.log,Busy Beaver,87,"Email supplement received 06:19:17 CEST, after cutoff; distinct from on-time PDF | email ZIP",https://mail.google.com/mail/u/0/#all/1a0fffd2419ec392,,contestants/E02/13-archives/Math_Competition_Completed_Results_Submission_Bundle.zip,Math_Competition_Completed_Results_Submission/Focus_Evidence/evidence/FOCUS-BB6/kernel/Chunk00.log,,d153791a,Filename/path inference; editable in the app
349589,Focus_Evidence/evidence/FOCUS-BB6/kernel/Chunk01.log,Busy Beaver,87,"Email supplement received 06:19:17 CEST, after cutoff; distinct from on-time PDF | email ZIP",https://mail.google.com/mail/u/0/#all/1a0fffd2419ec392,,contestants/E02/13-archives/Math_Competition_Completed_Results_Submission_Bundle.zip,Math_Competition_Completed_Results_Submission/Focus_Evidence/evidence/FOCUS-BB6/kernel/Chunk01.log,,4e5fee2d,Filename/path inference; editable in the app
349591,Focus_Evidence/evidence/FOCUS-BB6/kernel/Chunk02.log,Busy Beaver,87,"Email supplement received 06:19:17 CEST, after cutoff; distinct from on-time PDF | email ZIP",https://mail.google.com/mail/u/0/#all/1a0fffd2419ec392,,contestants/E02/13-archives/Math_Competition_Completed_Results_Submission_Bundle.zip,Math_Competition_Completed_Results_Submission/Focus_Evidence/evidence/FOCUS-BB6/kernel/Chunk02.log,,dae47967,Filename/path inference; editable in the app
349593,Focus_Evidence/evidence/FOCUS-BB6/kernel/Chunk03.log,Busy Beaver,87,"Email supplement received 06:19:17 CEST, after cutoff; distinct from on-time PDF | email ZIP",https://mail.google.com/mail/u/0/#all/1a0fffd2419ec392,,contestants/E02/13-archives/Math_Competition_Completed_Results_Submission_Bundle.zip,Math_Competition_Completed_Results_Submission/Focus_Evidence/evidence/FOCUS-BB6/kernel/Chunk03.log,,7a4535ab,Filename/path inference; editable in the app
349595,Focus_Evidence/evidence/FOCUS-BB6/kernel/Chunk04.log,Busy Beaver,87,"Email supplement received 06:19:17 CEST, after cutoff; distinct from on-time PDF | email ZIP",https://mail.google.com/mail/u/0/#all/1a0fffd2419ec392,,contestants/E02/13-archives/Math_Competition_Completed_Results_Submission_Bundle.zip,Math_Competition_Completed_Results_Submission/Focus_Evidence/evidence/FOCUS-BB6/kernel/Chunk04.log,,6743bfb7,Filename/path inference; editable in the app
349597,Focus_Evidence/evidence/FOCUS-BB6/kernel/Chunk05.log,Busy Beaver,86,"Email supplement received 06:19:17 CEST, after cutoff; distinct from on-time PDF | email ZIP",https://mail.google.com/mail/u/0/#all/1a0fffd2419ec392,,contestants/E02/13-archives/Math_Competition_Completed_Results_Submission_Bundle.zip,Math_Competition_Completed_Results_Submission/Focus_Evidence/evidence/FOCUS-BB6/kernel/Chunk05.log,,0540d217,Filename/path inference; editable in the app
349599,Focus_Evidence/evidence/FOCUS-BB6/kernel/Chunk06.log,Busy Beaver,87,"Email supplement received 06:19:17 CEST, after cutoff; distinct from on-time PDF | email ZIP",https://mail.google.com/mail/u/0/#all/1a0fffd2419ec392,,contestants/E02/13-archives/Math_Competition_Completed_Results_Submission_Bundle.zip,Math_Competition_Completed_Results_Submission/Focus_Evidence/evidence/FOCUS-BB6/kernel/Chunk06.log,,00413ee9,Filename/path inference; editable in the app
349601,Focus_Evidence/evidence/FOCUS-BB6/kernel/Chunk07.log,Busy Beaver,87,"Email supplement received 06:19:17 CEST, after cutoff; distinct from on-time PDF | email ZIP",https://mail.google.com/mail/u/0/#all/1a0fffd2419ec392,,contestants/E02/13-archives/Math_Competition_Completed_Results_Submission_Bundle.zip,Math_Competition_Completed_Results_Submission/Focus_Evidence/evidence/FOCUS-BB6/kernel/Chunk07.log,,86cfe908,Filename/path inference; editable in the app
349603,Focus_Evidence/evidence/FOCUS-BB6/kernel/Chunk08.log,Busy Beaver,87,"Email supplement received 06:19:17 CEST, after cutoff; distinct from on-time PDF | email ZIP",https://mail.google.com/mail/u/0/#all/1a0fffd2419ec392,,contestants/E02/13-archives/Math_Competition_Completed_Results_Submission_Bundle.zip,Math_Competition_Completed_Results_Submission/Focus_Evidence/evidence/FOCUS-BB6/kernel/Chunk08.log,,c5faf11c,Filename/path inference; editable in the app
349605,Focus_Evidence/evidence/FOCUS-BB6/kernel/Chunk09.log,Busy Beaver,87,"Email supplement received 06:19:17 CEST, after cutoff; distinct from on-time PDF | email ZIP",https://mail.google.com/mail/u/0/#all/1a0fffd2419ec392,,contestants/E02/13-archives/Math_Competition_Completed_Results_Submission_Bundle.zip,Math_Competition_Completed_Results_Submission/Focus_Evidence/evidence/FOCUS-BB6/kernel/Chunk09.log,,eaad22a0,Filename/path inference; editable in the app
349607,Focus_Evidence/evidence/FOCUS-BB6/kernel/Chunk10.log,Busy Beaver,87,"Email supplement received 06:19:17 CEST, after cutoff; distinct from on-time PDF | email ZIP",https://mail.google.com/mail/u/0/#all/1a0fffd2419ec392,,contestants/E02/13-archives/Math_Competition_Completed_Results_Submission_Bundle.zip,Math_Competition_Completed_Results_Submission/Focus_Evidence/evidence/FOCUS-BB6/kernel/Chunk10.log,,822eef77,Filename/path inference; editable in the app
349609,Focus_Evidence/evidence/FOCUS-BB6/kernel/Chunk100.log,Busy Beaver,4246,"Email supplement received 06:19:17 CEST, after cutoff; distinct from on-time PDF | email ZIP",https://mail.google.com/mail/u/0/#all/1a0fffd2419ec392,,contestants/E02/13-archives/Math_Competition_Completed_Results_Submission_Bundle.zip,Math_Competition_Completed_Results_Submission/Focus_Evidence/evidence/FOCUS-BB6/kernel/Chunk100.log,,9a7edc91,Filename/path inference; editable in the app
349611,Focus_Evidence/evidence/FOCUS-BB6/kernel/Chunk101.log,Busy Beaver,4246,"Email supplement received 06:19:17 CEST, after cutoff; distinct from on-time PDF | email ZIP",https://mail.google.com/mail/u/0/#all/1a0fffd2419ec392,,contestants/E02/13-archives/Math_Competition_Completed_Results_Submission_Bundle.zip,Math_Competition_Completed_Results_Submission/Focus_Evidence/evidence/FOCUS-BB6/kernel/Chunk101.log,,4bfac389,Filename/path inference; editable in the app
349613,Focus_Evidence/evidence/FOCUS-BB6/kernel/Chunk102.log,Busy Beaver,4262,"Email supplement received 06:19:17 CEST, after cutoff; distinct from on-time PDF | email ZIP",https://mail.google.com/mail/u/0/#all/1a0fffd2419ec392,,contestants/E02/13-archives/Math_Competition_Completed_Results_Submission_Bundle.zip,Math_Competition_Completed_Results_Submission/Focus_Evidence/evidence/FOCUS-BB6/kernel/Chunk102.log,,173ec0b8,Filename/path inference; editable in the app
349615,Focus_Evidence/evidence/FOCUS-BB6/kernel/Chunk103.log,Busy Beaver,4262,"Email supplement received 06:19:17 CEST, after cutoff; distinct from on-time PDF | email ZIP",https://mail.google.com/mail/u/0/#all/1a0fffd2419ec392,,contestants/E02/13-archives/Math_Competition_Completed_Results_Submission_Bundle.zip,Math_Competition_Completed_Results_Submission/Focus_Evidence/evidence/FOCUS-BB6/kernel/Chunk103.log,,ec84f16c,Filename/path inference; editable in the app
349617,Focus_Evidence/evidence/FOCUS-BB6/kernel/Chunk104.log,Busy Beaver,4262,"Email supplement received 06:19:17 CEST, after cutoff; distinct from on-time PDF | email ZIP",https://mail.google.com/mail/u/0/#all/1a0fffd2419ec392,,contestants/E02/13-archives/Math_Competition_Completed_Results_Submission_Bundle.zip,Math_Competition_Completed_Results_Submission/Focus_Evidence/evidence/FOCUS-BB6/kernel/Chunk104.log,,b28e0aeb,Filename/path inference; editable in the app
349619,Focus_Evidence/evidence/FOCUS-BB6/kernel/Chunk105.log,Busy Beaver,4261,"Email supplement received 06:19:17 CEST, after cutoff; distinct from on-time PDF | email ZIP",https://mail.google.com/mail/u/0/#all/1a0fffd2419ec392,,contestants/E02/13-archives/Math_Competition_Completed_Results_Submission_Bundle.zip,Math_Competition_Completed_Results_Submission/Focus_Evidence/evidence/FOCUS-BB6/kernel/Chunk105.log,,b0bf73ca,Filename/path inference; editable in the app
349621,Focus_Evidence/evidence/FOCUS-BB6/kernel/Chunk106.log,Busy Beaver,4261,"Email supplement received 06:19:17 CEST, after cutoff; distinct from on-time PDF | email ZIP",https://mail.google.com/mail/u/0/#all/1a0fffd2419ec392,,contestants/E02/13-archives/Math_Competition_Completed_Results_Submission_Bundle.zip,Math_Competition_Completed_Results_Submission/Focus_Evidence/evidence/FOCUS-BB6/kernel/Chunk106.log,,9cf671e0,Filename/path inference; editable in the app
349623,Focus_Evidence/evidence/FOCUS-BB6/kernel/Chunk107.log,Busy Beaver,4262,"Email supplement received 06:19:17 CEST, after cutoff; distinct from on-time PDF | email ZIP",https://mail.google.com/mail/u/0/#all/1a0fffd2419ec392,,contestants/E02/13-archives/Math_Competition_Completed_Results_Submission_Bundle.zip,Math_Competition_Completed_Results_Submission/Focus_Evidence/evidence/FOCUS-BB6/kernel/Chunk107.log,,7126a14c,Filename/path inference; editable in the app
349625,Focus_Evidence/evidence/FOCUS-BB6/kernel/Chunk108.log,Busy Beaver,4262,"Email supplement received 06:19:17 CEST, after cutoff; distinct from on-time PDF | email ZIP",https://mail.google.com/mail/u/0/#all/1a0fffd2419ec392,,contestants/E02/13-archives/Math_Competition_Completed_Results_Submission_Bundle.zip,Math_Competition_Completed_Results_Submission/Focus_Evidence/evidence/FOCUS-BB6/kernel/Chunk108.log,,f5ae1f37,Filename/path inference; editable in the app
349627,Focus_Evidence/evidence/FOCUS-BB6/kernel/Chunk109.log,Busy Beaver,4262,"Email supplement received 06:19:17 CEST, after cutoff; distinct from on-time PDF | email ZIP",https://mail.google.com/mail/u/0/#all/1a0fffd2419ec392,,contestants/E02/13-archives/Math_Competition_Completed_Results_Submission_Bundle.zip,Math_Competition_Completed_Results_Submission/Focus_Evidence/evidence/FOCUS-BB6/kernel/Chunk109.log,,9583b91a,Filename/path inference; editable in the app
349629,Focus_Evidence/evidence/FOCUS-BB6/kernel/Chunk11.log,Busy Beaver,87,"Email supplement received 06:19:17 CEST, after cutoff; distinct from on-time PDF | email ZIP",https://mail.google.com/mail/u/0/#all/1a0fffd2419ec392,,contestants/E02/13-archives/Math_Competition_Completed_Results_Submission_Bundle.zip,Math_Competition_Completed_Results_Submission/Focus_Evidence/evidence/FOCUS-BB6/kernel/Chunk11.log,,43d01ff0,Filename/path inference; editable in the app
349631,Focus_Evidence/evidence/FOCUS-BB6/kernel/Chunk110.log,Busy Beaver,4262,"Email supplement received 06:19:17 CEST, after cutoff; distinct from on-time PDF | email ZIP",https://mail.google.com/mail/u/0/#all/1a0fffd2419ec392,,contestants/E02/13-archives/Math_Competition_Completed_Results_Submission_Bundle.zip,Math_Competition_Completed_Results_Submission/Focus_Evidence/evidence/FOCUS-BB6/kernel/Chunk110.log,,6840ea08,Filename/path inference; editable in the app
349633,Focus_Evidence/evidence/FOCUS-BB6/kernel/Chunk111.log,Busy Beaver,4262,"Email supplement received 06:19:17 CEST, after cutoff; distinct from on-time PDF | email ZIP",https://mail.google.com/mail/u/0/#all/1a0fffd2419ec392,,contestants/E02/13-archives/Math_Competition_Completed_Results_Submission_Bundle.zip,Math_Competition_Completed_Results_Submission/Focus_Evidence/evidence/FOCUS-BB6/kernel/Chunk111.log,,803e30e5,Filename/path inference; editable in the app
349635,Focus_Evidence/evidence/FOCUS-BB6/kernel/Chunk112.log,Busy Beaver,4262,"Email supplement received 06:19:17 CEST, after cutoff; distinct from on-time PDF | email ZIP",https://mail.google.com/mail/u/0/#all/1a0fffd2419ec392,,contestants/E02/13-archives/Math_Competition_Completed_Results_Submission_Bundle.zip,Math_Competition_Completed_Results_Submission/Focus_Evidence/evidence/FOCUS-BB6/kernel/Chunk112.log,,c14feb07,Filename/path inference; editable in the app
349637,Focus_Evidence/evidence/FOCUS-BB6/kernel/Chunk113.log,Busy Beaver,4262,"Email supplement received 06:19:17 CEST, after cutoff; distinct from on-time PDF | email ZIP",https://mail.google.com/mail/u/0/#all/1a0fffd2419ec392,,contestants/E02/13-archives/Math_Competition_Completed_Results_Submission_Bundle.zip,Math_Competition_Completed_Results_Submission/Focus_Evidence/evidence/FOCUS-BB6/kernel/Chunk113.log,,f8db6198,Filename/path inference; editable in the app
349639,Focus_Evidence/evidence/FOCUS-BB6/kernel/Chunk114.log,Busy Beaver,4262,"Email supplement received 06:19:17 CEST, after cutoff; distinct from on-time PDF | email ZIP",https://mail.google.com/mail/u/0/#all/1a0fffd2419ec392,,contestants/E02/13-archives/Math_Competition_Completed_Results_Submission_Bundle.zip,Math_Competition_Completed_Results_Submission/Focus_Evidence/evidence/FOCUS-BB6/kernel/Chunk114.log,,64a4e245,Filename/path inference; editable in the app
349641,Focus_Evidence/evidence/FOCUS-BB6/kernel/Chunk115.log,Busy Beaver,4262,"Email supplement received 06:19:17 CEST, after cutoff; distinct from on-time PDF | email ZIP",https://mail.google.com/mail/u/0/#all/1a0fffd2419ec392,,contestants/E02/13-archives/Math_Competition_Completed_Results_Submission_Bundle.zip,Math_Competition_Completed_Results_Submission/Focus_Evidence/evidence/FOCUS-BB6/kernel/Chunk115.log,,8fc867c6,Filename/path inference; editable in the app
349643,Focus_Evidence/evidence/FOCUS-BB6/kernel/Chunk116.log,Busy Beaver,4261,"Email supplement received 06:19:17 CEST, after cutoff; distinct from on-time PDF | email ZIP",https://mail.google.com/mail/u/0/#all/1a0fffd2419ec392,,contestants/E02/13-archives/Math_Competition_Completed_Results_Submission_Bundle.zip,Math_Competition_Completed_Results_Submission/Focus_Evidence/evidence/FOCUS-BB6/kernel/Chunk116.log,,3054db7c,Filename/path inference; editable in the app
349645,Focus_Evidence/evidence/FOCUS-BB6/kernel/Chunk117.log,Busy Beaver,4262,"Email supplement received 06:19:17 CEST, after cutoff; distinct from on-time PDF | email ZIP",https://mail.google.com/mail/u/0/#all/1a0fffd2419ec392,,contestants/E02/13-archives/Math_Competition_Completed_Results_Submission_Bundle.zip,Math_Competition_Completed_Results_Submission/Focus_Evidence/evidence/FOCUS-BB6/kernel/Chunk117.log,,5524ff20,Filename/path inference; editable in the app
349647,Focus_Evidence/evidence/FOCUS-BB6/kernel/Chunk118.log,Busy Beaver,4261,"Email supplement received 06:19:17 CEST, after cutoff; distinct from on-time PDF | email ZIP",https://mail.google.com/mail/u/0/#all/1a0fffd2419ec392,,contestants/E02/13-archives/Math_Competition_Completed_Results_Submission_Bundle.zip,Math_Competition_Completed_Results_Submission/Focus_Evidence/evidence/FOCUS-BB6/kernel/Chunk118.log,,8181cd19,Filename/path inference; editable in the app
349649,Focus_Evidence/evidence/FOCUS-BB6/kernel/Chunk119.log,Busy Beaver,4262,"Email supplement received 06:19:17 CEST, after cutoff; distinct from on-time PDF | email ZIP",https://mail.google.com/mail/u/0/#all/1a0fffd2419ec392,,contestants/E02/13-archives/Math_Competition_Completed_Results_Submission_Bundle.zip,Math_Competition_Completed_Results_Submission/Focus_Evidence/evidence/FOCUS-BB6/kernel/Chunk119.log,,353f47a7,Filename/path inference; editable in the app
349651,Focus_Evidence/evidence/FOCUS-BB6/kernel/Chunk12.log,Busy Beaver,86,"Email supplement received 06:19:17 CEST, after cutoff; distinct from on-time PDF | email ZIP",https://mail.google.com/mail/u/0/#all/1a0fffd2419ec392,,contestants/E02/13-archives/Math_Competition_Completed_Results_Submission_Bundle.zip,Math_Competition_Completed_Results_Submission/Focus_Evidence/evidence/FOCUS-BB6/kernel/Chunk12.log,,eeb2f04d,Filename/path inference; editable in the app
349653,Focus_Evidence/evidence/FOCUS-BB6/kernel/Chunk120.log,Busy Beaver,4262,"Email supplement received 06:19:17 CEST, after cutoff; distinct from on-time PDF | email ZIP",https://mail.google.com/mail/u/0/#all/1a0fffd2419ec392,,contestants/E02/13-archives/Math_Competition_Completed_Results_Submission_Bundle.zip,Math_Competition_Completed_Results_Submission/Focus_Evidence/evidence/FOCUS-BB6/kernel/Chunk120.log,,93e9ff20,Filename/path inference; editable in the app
349655,Focus_Evidence/evidence/FOCUS-BB6/kernel/Chunk121.log,Busy Beaver,4261,"Email supplement received 06:19:17 CEST, after cutoff; distinct from on-time PDF | email ZIP",https://mail.google.com/mail/u/0/#all/1a0fffd2419ec392,,contestants/E02/13-archives/Math_Competition_Completed_Results_Submission_Bundle.zip,Math_Competition_Completed_Results_Submission/Focus_Evidence/evidence/FOCUS-BB6/kernel/Chunk121.log,,1683fa29,Filename/path inference; editable in the app
349657,Focus_Evidence/evidence/FOCUS-BB6/kernel/Chunk122.log,Busy Beaver,4261,"Email supplement received 06:19:17 CEST, after cutoff; distinct from on-time PDF | email ZIP",https://mail.google.com/mail/u/0/#all/1a0fffd2419ec392,,contestants/E02/13-archives/Math_Competition_Completed_Results_Submission_Bundle.zip,Math_Competition_Completed_Results_Submission/Focus_Evidence/evidence/FOCUS-BB6/kernel/Chunk122.log,,7530b38f,Filename/path inference; editable in the app
349659,Focus_Evidence/evidence/FOCUS-BB6/kernel/Chunk123.log,Busy Beaver,1651,"Email supplement received 06:19:17 CEST, after cutoff; distinct from on-time PDF | email ZIP",https://mail.google.com/mail/u/0/#all/1a0fffd2419ec392,,contestants/E02/13-archives/Math_Competition_Completed_Results_Submission_Bundle.zip,Math_Competition_Completed_Results_Submission/Focus_Evidence/evidence/FOCUS-BB6/kernel/Chunk123.log,,4a3a41d9,Filename/path inference; editable in the app
349661,Focus_Evidence/evidence/FOCUS-BB6/kernel/Chunk13.log,Busy Beaver,86,"Email supplement received 06:19:17 CEST, after cutoff; distinct from on-time PDF | email ZIP",https://mail.google.com/mail/u/0/#all/1a0fffd2419ec392,,contestants/E02/13-archives/Math_Competition_Completed_Results_Submission_Bundle.zip,Math_Competition_Completed_Results_Submission/Focus_Evidence/evidence/FOCUS-BB6/kernel/Chunk13.log,,1f309205,Filename/path inference; editable in the app
349663,Focus_Evidence/evidence/FOCUS-BB6/kernel/Chunk14.log,Busy Beaver,87,"Email supplement received 06:19:17 CEST, after cutoff; distinct from on-time PDF | email ZIP",https://mail.google.com/mail/u/0/#all/1a0fffd2419ec392,,contestants/E02/13-archives/Math_Competition_Completed_Results_Submission_Bundle.zip,Math_Competition_Completed_Results_Submission/Focus_Evidence/evidence/FOCUS-BB6/kernel/Chunk14.log,,d8874f03,Filename/path inference; editable in the app
349665,Focus_Evidence/evidence/FOCUS-BB6/kernel/Chunk15.log,Busy Beaver,87,"Email supplement received 06:19:17 CEST, after cutoff; distinct from on-time PDF | email ZIP",https://mail.google.com/mail/u/0/#all/1a0fffd2419ec392,,contestants/E02/13-archives/Math_Competition_Completed_Results_Submission_Bundle.zip,Math_Competition_Completed_Results_Submission/Focus_Evidence/evidence/FOCUS-BB6/kernel/Chunk15.log,,729fafbb,Filename/path inference; editable in the app
349667,Focus_Evidence/evidence/FOCUS-BB6/kernel/Chunk16.log,Busy Beaver,87,"Email supplement received 06:19:17 CEST, after cutoff; distinct from on-time PDF | email ZIP",https://mail.google.com/mail/u/0/#all/1a0fffd2419ec392,,contestants/E02/13-archives/Math_Competition_Completed_Results_Submission_Bundle.zip,Math_Competition_Completed_Results_Submission/Focus_Evidence/evidence/FOCUS-BB6/kernel/Chunk16.log,,3dd9d4a5,Filename/path inference; editable in the app
349669,Focus_Evidence/evidence/FOCUS-BB6/kernel/Chunk17.log,Busy Beaver,86,"Email supplement received 06:19:17 CEST, after cutoff; distinct from on-time PDF | email ZIP",https://mail.google.com/mail/u/0/#all/1a0fffd2419ec392,,contestants/E02/13-archives/Math_Competition_Completed_Results_Submission_Bundle.zip,Math_Competition_Completed_Results_Submission/Focus_Evidence/evidence/FOCUS-BB6/kernel/Chunk17.log,,ece3e9aa,Filename/path inference; editable in the app
349671,Focus_Evidence/evidence/FOCUS-BB6/kernel/Chunk18.log,Kobon triangles,87,"Email supplement received 06:19:17 CEST, after cutoff; distinct from on-time PDF | email ZIP",https://mail.google.com/mail/u/0/#all/1a0fffd2419ec392,,contestants/E02/13-archives/Math_Competition_Completed_Results_Submission_Bundle.zip,Math_Competition_Completed_Results_Submission/Focus_Evidence/evidence/FOCUS-BB6/kernel/Chunk18.log,,75e3d43a,Filename/path inference; editable in the app
349673,Focus_Evidence/evidence/FOCUS-BB6/kernel/Chunk19.log,Busy Beaver,2665,"Email supplement received 06:19:17 CEST, after cutoff; distinct from on-time PDF | email ZIP",https://mail.google.com/mail/u/0/#all/1a0fffd2419ec392,,contestants/E02/13-archives/Math_Competition_Completed_Results_Submission_Bundle.zip,Math_Competition_Completed_Results_Submission/Focus_Evidence/evidence/FOCUS-BB6/kernel/Chunk19.log,,8b7f30ee,Filename/path inference; editable in the app
349675,Focus_Evidence/evidence/FOCUS-BB6/kernel/Chunk20.log,Busy Beaver,4212,"Email supplement received 06:19:17 CEST, after cutoff; distinct from on-time PDF | email ZIP",https://mail.google.com/mail/u/0/#all/1a0fffd2419ec392,,contestants/E02/13-archives/Math_Competition_Completed_Results_Submission_Bundle.zip,Math_Competition_Completed_Results_Submission/Focus_Evidence/evidence/FOCUS-BB6/kernel/Chunk20.log,,395beb09,Filename/path inference; editable in the app
349677,Focus_Evidence/evidence/FOCUS-BB6/kernel/Chunk21.log,Busy Beaver,4212,"Email supplement received 06:19:17 CEST, after cutoff; distinct from on-time PDF | email ZIP",https://mail.google.com/mail/u/0/#all/1a0fffd2419ec392,,contestants/E02/13-archives/Math_Competition_Completed_Results_Submission_Bundle.zip,Math_Competition_Completed_Results_Submission/Focus_Evidence/evidence/FOCUS-BB6/kernel/Chunk21.log,,2441695e,Filename/path inference; editable in the app
349679,Focus_Evidence/evidence/FOCUS-BB6/kernel/Chunk22.log,Busy Beaver,599,"Email supplement received 06:19:17 CEST, after cutoff; distinct from on-time PDF | email ZIP",https://mail.google.com/mail/u/0/#all/1a0fffd2419ec392,,contestants/E02/13-archives/Math_Competition_Completed_Results_Submission_Bundle.zip,Math_Competition_Completed_Results_Submission/Focus_Evidence/evidence/FOCUS-BB6/kernel/Chunk22.log,,453c51a3,Filename/path inference; editable in the app
349681,Focus_Evidence/evidence/FOCUS-BB6/kernel/Chunk23.log,Busy Beaver,87,"Email supplement received 06:19:17 CEST, after cutoff; distinct from on-time PDF | email ZIP",https://mail.google.com/mail/u/0/#all/1a0fffd2419ec392,,contestants/E02/13-archives/Math_Competition_Completed_Results_Submission_Bundle.zip,Math_Competition_Completed_Results_Submission/Focus_Evidence/evidence/FOCUS-BB6/kernel/Chunk23.log,,e87c103d,Filename/path inference; editable in the app
349683,Focus_Evidence/evidence/FOCUS-BB6/kernel/Chunk24.log,Busy Beaver,86,"Email supplement received 06:19:17 CEST, after cutoff; distinct from on-time PDF | email ZIP",https://mail.google.com/mail/u/0/#all/1a0fffd2419ec392,,contestants/E02/13-archives/Math_Competition_Completed_Results_Submission_Bundle.zip,Math_Competition_Completed_Results_Submission/Focus_Evidence/evidence/FOCUS-BB6/kernel/Chunk24.log,,bf594497,Filename/path inference; editable in the app
349685,Focus_Evidence/evidence/FOCUS-BB6/kernel/Chunk25.log,Busy Beaver,86,"Email supplement received 06:19:17 CEST, after cutoff; distinct from on-time PDF | email ZIP",https://mail.google.com/mail/u/0/#all/1a0fffd2419ec392,,contestants/E02/13-archives/Math_Competition_Completed_Results_Submission_Bundle.zip,Math_Competition_Completed_Results_Submission/Focus_Evidence/evidence/FOCUS-BB6/kernel/Chunk25.log,,c89a5ff3,Filename/path inference; editable in the app
349687,Focus_Evidence/evidence/FOCUS-BB6/kernel/Chunk26.log,Busy Beaver,86,"Email supplement received 06:19:17 CEST, after cutoff; distinct from on-time PDF | email ZIP",https://mail.google.com/mail/u/0/#all/1a0fffd2419ec392,,contestants/E02/13-archives/Math_Competition_Completed_Results_Submission_Bundle.zip,Math_Competition_Completed_Results_Submission/Focus_Evidence/evidence/FOCUS-BB6/kernel/Chunk26.log,,ee58972c,Filename/path inference; editable in the app
349689,Focus_Evidence/evidence/FOCUS-BB6/kernel/Chunk27.log,Busy Beaver,2150,"Email supplement received 06:19:17 CEST, after cutoff; distinct from on-time PDF | email ZIP",https://mail.google.com/mail/u/0/#all/1a0fffd2419ec392,,contestants/E02/13-archives/Math_Competition_Completed_Results_Submission_Bundle.zip,Math_Competition_Completed_Results_Submission/Focus_Evidence/evidence/FOCUS-BB6/kernel/Chunk27.log,,8310d810,Filename/path inference; editable in the app
349691,Focus_Evidence/evidence/FOCUS-BB6/kernel/Chunk28.log,Busy Beaver,4212,"Email supplement received 06:19:17 CEST, after cutoff; distinct from on-time PDF | email ZIP",https://mail.google.com/mail/u/0/#all/1a0fffd2419ec392,,contestants/E02/13-archives/Math_Competition_Completed_Results_Submission_Bundle.zip,Math_Competition_Completed_Results_Submission/Focus_Evidence/evidence/FOCUS-BB6/kernel/Chunk28.log,,381a7434,Filename/path inference; editable in the app
349693,Focus_Evidence/evidence/FOCUS-BB6/kernel/Chunk29.log,Busy Beaver,4212,"Email supplement received 06:19:17 CEST, after cutoff; distinct from on-time PDF | email ZIP",https://mail.google.com/mail/u/0/#all/1a0fffd2419ec392,,contestants/E02/13-archives/Math_Competition_Completed_Results_Submission_Bundle.zip,Math_Competition_Completed_Results_Submission/Focus_Evidence/evidence/FOCUS-BB6/kernel/Chunk29.log,,f6596773,Filename/path inference; editable in the app
349695,Focus_Evidence/evidence/FOCUS-BB6/kernel/Chunk30.log,Busy Beaver,4213,"Email supplement received 06:19:17 CEST, after cutoff; distinct from on-time PDF | email ZIP",https://mail.google.com/mail/u/0/#all/1a0fffd2419ec392,,contestants/E02/13-archives/Math_Competition_Completed_Results_Submission_Bundle.zip,Math_Competition_Completed_Results_Submission/Focus_Evidence/evidence/FOCUS-BB6/kernel/Chunk30.log,,b0bf3af0,Filename/path inference; editable in the app
349697,Focus_Evidence/evidence/FOCUS-BB6/kernel/Chunk31.log,Busy Beaver,4214,"Email supplement received 06:19:17 CEST, after cutoff; distinct from on-time PDF | email ZIP",https://mail.google.com/mail/u/0/#all/1a0fffd2419ec392,,contestants/E02/13-archives/Math_Competition_Completed_Results_Submission_Bundle.zip,Math_Competition_Completed_Results_Submission/Focus_Evidence/evidence/FOCUS-BB6/kernel/Chunk31.log,,b73313e7,Filename/path inference; editable in the app
349699,Focus_Evidence/evidence/FOCUS-BB6/kernel/Chunk32.log,Busy Beaver,4214,"Email supplement received 06:19:17 CEST, after cutoff; distinct from on-time PDF | email ZIP",https://mail.google.com/mail/u/0/#all/1a0fffd2419ec392,,contestants/E02/13-archives/Math_Competition_Completed_Results_Submission_Bundle.zip,Math_Competition_Completed_Results_Submission/Focus_Evidence/evidence/FOCUS-BB6/kernel/Chunk32.log,,d07f762c,Filename/path inference; editable in the app
349701,Focus_Evidence/evidence/FOCUS-BB6/kernel/Chunk33.log,Busy Beaver,4214,"Email supplement received 06:19:17 CEST, after cutoff; distinct from on-time PDF | email ZIP",https://mail.google.com/mail/u/0/#all/1a0fffd2419ec392,,contestants/E02/13-archives/Math_Competition_Completed_Results_Submission_Bundle.zip,Math_Competition_Completed_Results_Submission/Focus_Evidence/evidence/FOCUS-BB6/kernel/Chunk33.log,,18bcf52f,Filename/path inference; editable in the app
349703,Focus_Evidence/evidence/FOCUS-BB6/kernel/Chunk34.log,Busy Beaver,2149,"Email supplement received 06:19:17 CEST, after cutoff; distinct from on-time PDF | email ZIP",https://mail.google.com/mail/u/0/#all/1a0fffd2419ec392,,contestants/E02/13-archives/Math_Competition_Completed_Results_Submission_Bundle.zip,Math_Competition_Completed_Results_Submission/Focus_Evidence/evidence/FOCUS-BB6/kernel/Chunk34.log,,edd548f6,Filename/path inference; editable in the app
349705,Focus_Evidence/evidence/FOCUS-BB6/kernel/Chunk35.log,Busy Beaver,86,"Email supplement received 06:19:17 CEST, after cutoff; distinct from on-time PDF | email ZIP",https://mail.google.com/mail/u/0/#all/1a0fffd2419ec392,,contestants/E02/13-archives/Math_Competition_Completed_Results_Submission_Bundle.zip,Math_Competition_Completed_Results_Submission/Focus_Evidence/evidence/FOCUS-BB6/kernel/Chunk35.log,,089a2dae,Filename/path inference; editable in the app
349707,Focus_Evidence/evidence/FOCUS-BB6/kernel/Chunk36.log,Busy Beaver,86,"Email supplement received 06:19:17 CEST, after cutoff; distinct from on-time PDF | email ZIP",https://mail.google.com/mail/u/0/#all/1a0fffd2419ec392,,contestants/E02/13-archives/Math_Competition_Completed_Results_Submission_Bundle.zip,Math_Competition_Completed_Results_Submission/Focus_Evidence/evidence/FOCUS-BB6/kernel/Chunk36.log,,eefe30b4,Filename/path inference; editable in the app
349709,Focus_Evidence/evidence/FOCUS-BB6/kernel/Chunk37.log,Busy Beaver,87,"Email supplement received 06:19:17 CEST, after cutoff; distinct from on-time PDF | email ZIP",https://mail.google.com/mail/u/0/#all/1a0fffd2419ec392,,contestants/E02/13-archives/Math_Competition_Completed_Results_Submission_Bundle.zip,Math_Competition_Completed_Results_Submission/Focus_Evidence/evidence/FOCUS-BB6/kernel/Chunk37.log,,01eadb16,Filename/path inference; editable in the app
349711,Focus_Evidence/evidence/FOCUS-BB6/kernel/Chunk38.log,Busy Beaver,86,"Email supplement received 06:19:17 CEST, after cutoff; distinct from on-time PDF | email ZIP",https://mail.google.com/mail/u/0/#all/1a0fffd2419ec392,,contestants/E02/13-archives/Math_Competition_Completed_Results_Submission_Bundle.zip,Math_Competition_Completed_Results_Submission/Focus_Evidence/evidence/FOCUS-BB6/kernel/Chunk38.log,,42568b73,Filename/path inference; editable in the app
349713,Focus_Evidence/evidence/FOCUS-BB6/kernel/Chunk39.log,Busy Beaver,859,"Email supplement received 06:19:17 CEST, after cutoff; distinct from on-time PDF | email ZIP",https://mail.google.com/mail/u/0/#all/1a0fffd2419ec392,,contestants/E02/13-archives/Math_Competition_Completed_Results_Submission_Bundle.zip,Math_Competition_Completed_Results_Submission/Focus_Evidence/evidence/FOCUS-BB6/kernel/Chunk39.log,,0b9ccd68,Filename/path inference; editable in the app
349715,Focus_Evidence/evidence/FOCUS-BB6/kernel/Chunk40.log,Busy Beaver,4210,"Email supplement received 06:19:17 CEST, after cutoff; distinct from on-time PDF | email ZIP",https://mail.google.com/mail/u/0/#all/1a0fffd2419ec392,,contestants/E02/13-archives/Math_Competition_Completed_Results_Submission_Bundle.zip,Math_Competition_Completed_Results_Submission/Focus_Evidence/evidence/FOCUS-BB6/kernel/Chunk40.log,,0fa3e648,Filename/path inference; editable in the app
349717,Focus_Evidence/evidence/FOCUS-BB6/kernel/Chunk41.log,Busy Beaver,4211,"Email supplement received 06:19:17 CEST, after cutoff; distinct from on-time PDF | email ZIP",https://mail.google.com/mail/u/0/#all/1a0fffd2419ec392,,contestants/E02/13-archives/Math_Competition_Completed_Results_Submission_Bundle.zip,Math_Competition_Completed_Results_Submission/Focus_Evidence/evidence/FOCUS-BB6/kernel/Chunk41.log,,19a85393,Filename/path inference; editable in the app
349719,Focus_Evidence/evidence/FOCUS-BB6/kernel/Chunk42.log,Busy Beaver,4213,"Email supplement received 06:19:17 CEST, after cutoff; distinct from on-time PDF | email ZIP",https://mail.google.com/mail/u/0/#all/1a0fffd2419ec392,,contestants/E02/13-archives/Math_Competition_Completed_Results_Submission_Bundle.zip,Math_Competition_Completed_Results_Submission/Focus_Evidence/evidence/FOCUS-BB6/kernel/Chunk42.log,,1c9918bd,Filename/path inference; editable in the app
349721,Focus_Evidence/evidence/FOCUS-BB6/kernel/Chunk43.log,Busy Beaver,4214,"Email supplement received 06:19:17 CEST, after cutoff; distinct from on-time PDF | email ZIP",https://mail.google.com/mail/u/0/#all/1a0fffd2419ec392,,contestants/E02/13-archives/Math_Competition_Completed_Results_Submission_Bundle.zip,Math_Competition_Completed_Results_Submission/Focus_Evidence/evidence/FOCUS-BB6/kernel/Chunk43.log,,759e32b2,Filename/path inference; editable in the app
349723,Focus_Evidence/evidence/FOCUS-BB6/kernel/Chunk44.log,Busy Beaver,4213,"Email supplement received 06:19:17 CEST, after cutoff; distinct from on-time PDF | email ZIP",https://mail.google.com/mail/u/0/#all/1a0fffd2419ec392,,contestants/E02/13-archives/Math_Competition_Completed_Results_Submission_Bundle.zip,Math_Competition_Completed_Results_Submission/Focus_Evidence/evidence/FOCUS-BB6/kernel/Chunk44.log,,45609f0d,Filename/path inference; editable in the app
349725,Focus_Evidence/evidence/FOCUS-BB6/kernel/Chunk45.log,Busy Beaver,4214,"Email supplement received 06:19:17 CEST, after cutoff; distinct from on-time PDF | email ZIP",https://mail.google.com/mail/u/0/#all/1a0fffd2419ec392,,contestants/E02/13-archives/Math_Competition_Completed_Results_Submission_Bundle.zip,Math_Competition_Completed_Results_Submission/Focus_Evidence/evidence/FOCUS-BB6/kernel/Chunk45.log,,a9b6ac9b,Filename/path inference; editable in the app
349727,Focus_Evidence/evidence/FOCUS-BB6/kernel/Chunk46.log,Busy Beaver,4214,"Email supplement received 06:19:17 CEST, after cutoff; distinct from on-time PDF | email ZIP",https://mail.google.com/mail/u/0/#all/1a0fffd2419ec392,,contestants/E02/13-archives/Math_Competition_Completed_Results_Submission_Bundle.zip,Math_Competition_Completed_Results_Submission/Focus_Evidence/evidence/FOCUS-BB6/kernel/Chunk46.log,,cb319816,Filename/path inference; editable in the app
349729,Focus_Evidence/evidence/FOCUS-BB6/kernel/Chunk47.log,Busy Beaver,4214,"Email supplement received 06:19:17 CEST, after cutoff; distinct from on-time PDF | email ZIP",https://mail.google.com/mail/u/0/#all/1a0fffd2419ec392,,contestants/E02/13-archives/Math_Competition_Completed_Results_Submission_Bundle.zip,Math_Competition_Completed_Results_Submission/Focus_Evidence/evidence/FOCUS-BB6/kernel/Chunk47.log,,448716fa,Filename/path inference; editable in the app
349731,Focus_Evidence/evidence/FOCUS-BB6/kernel/Chunk48.log,Busy Beaver,4214,"Email supplement received 06:19:17 CEST, after cutoff; distinct from on-time PDF | email ZIP",https://mail.google.com/mail/u/0/#all/1a0fffd2419ec392,,contestants/E02/13-archives/Math_Competition_Completed_Results_Submission_Bundle.zip,Math_Competition_Completed_Results_Submission/Focus_Evidence/evidence/FOCUS-BB6/kernel/Chunk48.log,,75fe822f,Filename/path inference; editable in the app
349733,Focus_Evidence/evidence/FOCUS-BB6/kernel/Chunk49.log,Busy Beaver,4214,"Email supplement received 06:19:17 CEST, after cutoff; distinct from on-time PDF | email ZIP",https://mail.google.com/mail/u/0/#all/1a0fffd2419ec392,,contestants/E02/13-archives/Math_Competition_Completed_Results_Submission_Bundle.zip,Math_Competition_Completed_Results_Submission/Focus_Evidence/evidence/FOCUS-BB6/kernel/Chunk49.log,,7c2089ce,Filename/path inference; editable in the app
349735,Focus_Evidence/evidence/FOCUS-BB6/kernel/Chunk50.log,Busy Beaver,4214,"Email supplement received 06:19:17 CEST, after cutoff; distinct from on-time PDF | email ZIP",https://mail.google.com/mail/u/0/#all/1a0fffd2419ec392,,contestants/E02/13-archives/Math_Competition_Completed_Results_Submission_Bundle.zip,Math_Competition_Completed_Results_Submission/Focus_Evidence/evidence/FOCUS-BB6/kernel/Chunk50.log,,4ecb72c6,Filename/path inference; editable in the app
349737,Focus_Evidence/evidence/FOCUS-BB6/kernel/Chunk51.log,Busy Beaver,4212,"Email supplement received 06:19:17 CEST, after cutoff; distinct from on-time PDF | email ZIP",https://mail.google.com/mail/u/0/#all/1a0fffd2419ec392,,contestants/E02/13-archives/Math_Competition_Completed_Results_Submission_Bundle.zip,Math_Competition_Completed_Results_Submission/Focus_Evidence/evidence/FOCUS-BB6/kernel/Chunk51.log,,ace44d13,Filename/path inference; editable in the app
349739,Focus_Evidence/evidence/FOCUS-BB6/kernel/Chunk52.log,Busy Beaver,4214,"Email supplement received 06:19:17 CEST, after cutoff; distinct from on-time PDF | email ZIP",https://mail.google.com/mail/u/0/#all/1a0fffd2419ec392,,contestants/E02/13-archives/Math_Competition_Completed_Results_Submission_Bundle.zip,Math_Competition_Completed_Results_Submission/Focus_Evidence/evidence/FOCUS-BB6/kernel/Chunk52.log,,13cad18b,Filename/path inference; editable in the app
349741,Focus_Evidence/evidence/FOCUS-BB6/kernel/Chunk53.log,Busy Beaver,343,"Email supplement received 06:19:17 CEST, after cutoff; distinct from on-time PDF | email ZIP",https://mail.google.com/mail/u/0/#all/1a0fffd2419ec392,,contestants/E02/13-archives/Math_Competition_Completed_Results_Submission_Bundle.zip,Math_Competition_Completed_Results_Submission/Focus_Evidence/evidence/FOCUS-BB6/kernel/Chunk53.log,,7a00f490,Filename/path inference; editable in the app
349743,Focus_Evidence/evidence/FOCUS-BB6/kernel/Chunk54.log,Busy Beaver,87,"Email supplement received 06:19:17 CEST, after cutoff; distinct from on-time PDF | email ZIP",https://mail.google.com/mail/u/0/#all/1a0fffd2419ec392,,contestants/E02/13-archives/Math_Competition_Completed_Results_Submission_Bundle.zip,Math_Competition_Completed_Results_Submission/Focus_Evidence/evidence/FOCUS-BB6/kernel/Chunk54.log,,dc585cce,Filename/path inference; editable in the app
349745,Focus_Evidence/evidence/FOCUS-BB6/kernel/Chunk55.log,Busy Beaver,86,"Email supplement received 06:19:17 CEST, after cutoff; distinct from on-time PDF | email ZIP",https://mail.google.com/mail/u/0/#all/1a0fffd2419ec392,,contestants/E02/13-archives/Math_Competition_Completed_Results_Submission_Bundle.zip,Math_Competition_Completed_Results_Submission/Focus_Evidence/evidence/FOCUS-BB6/kernel/Chunk55.log,,be9991d3,Filename/path inference; editable in the app
349747,Focus_Evidence/evidence/FOCUS-BB6/kernel/Chunk56.log,Busy Beaver,87,"Email supplement received 06:19:17 CEST, after cutoff; distinct from on-time PDF | email ZIP",https://mail.google.com/mail/u/0/#all/1a0fffd2419ec392,,contestants/E02/13-archives/Math_Competition_Completed_Results_Submission_Bundle.zip,Math_Competition_Completed_Results_Submission/Focus_Evidence/evidence/FOCUS-BB6/kernel/Chunk56.log,,93a123b1,Filename/path inference; editable in the app
349749,Focus_Evidence/evidence/FOCUS-BB6/kernel/Chunk57.log,Busy Beaver,86,"Email supplement received 06:19:17 CEST, after cutoff; distinct from on-time PDF | email ZIP",https://mail.google.com/mail/u/0/#all/1a0fffd2419ec392,,contestants/E02/13-archives/Math_Competition_Completed_Results_Submission_Bundle.zip,Math_Competition_Completed_Results_Submission/Focus_Evidence/evidence/FOCUS-BB6/kernel/Chunk57.log,,9d25b9c6,Filename/path inference; editable in the app
349751,Focus_Evidence/evidence/FOCUS-BB6/kernel/Chunk58.log,Busy Beaver,2408,"Email supplement received 06:19:17 CEST, after cutoff; distinct from on-time PDF | email ZIP",https://mail.google.com/mail/u/0/#all/1a0fffd2419ec392,,contestants/E02/13-archives/Math_Competition_Completed_Results_Submission_Bundle.zip,Math_Competition_Completed_Results_Submission/Focus_Evidence/evidence/FOCUS-BB6/kernel/Chunk58.log,,937c9501,Filename/path inference; editable in the app
349753,Focus_Evidence/evidence/FOCUS-BB6/kernel/Chunk59.log,Busy Beaver,4212,"Email supplement received 06:19:17 CEST, after cutoff; distinct from on-time PDF | email ZIP",https://mail.google.com/mail/u/0/#all/1a0fffd2419ec392,,contestants/E02/13-archives/Math_Competition_Completed_Results_Submission_Bundle.zip,Math_Competition_Completed_Results_Submission/Focus_Evidence/evidence/FOCUS-BB6/kernel/Chunk59.log,,5edd56b9,Filename/path inference; editable in the app
349755,Focus_Evidence/evidence/FOCUS-BB6/kernel/Chunk60.log,Busy Beaver,4211,"Email supplement received 06:19:17 CEST, after cutoff; distinct from on-time PDF | email ZIP",https://mail.google.com/mail/u/0/#all/1a0fffd2419ec392,,contestants/E02/13-archives/Math_Competition_Completed_Results_Submission_Bundle.zip,Math_Competition_Completed_Results_Submission/Focus_Evidence/evidence/FOCUS-BB6/kernel/Chunk60.log,,0116380b,Filename/path inference; editable in the app
349757,Focus_Evidence/evidence/FOCUS-BB6/kernel/Chunk61.log,Busy Beaver,4212,"Email supplement received 06:19:17 CEST, after cutoff; distinct from on-time PDF | email ZIP",https://mail.google.com/mail/u/0/#all/1a0fffd2419ec392,,contestants/E02/13-archives/Math_Competition_Completed_Results_Submission_Bundle.zip,Math_Competition_Completed_Results_Submission/Focus_Evidence/evidence/FOCUS-BB6/kernel/Chunk61.log,,d9587a12,Filename/path inference; editable in the app
349759,Focus_Evidence/evidence/FOCUS-BB6/kernel/Chunk62.log,Busy Beaver,4214,"Email supplement received 06:19:17 CEST, after cutoff; distinct from on-time PDF | email ZIP",https://mail.google.com/mail/u/0/#all/1a0fffd2419ec392,,contestants/E02/13-archives/Math_Competition_Completed_Results_Submission_Bundle.zip,Math_Competition_Completed_Results_Submission/Focus_Evidence/evidence/FOCUS-BB6/kernel/Chunk62.log,,3d090dc3,Filename/path inference; editable in the app
349761,Focus_Evidence/evidence/FOCUS-BB6/kernel/Chunk63.log,Busy Beaver,4213,"Email supplement received 06:19:17 CEST, after cutoff; distinct from on-time PDF | email ZIP",https://mail.google.com/mail/u/0/#all/1a0fffd2419ec392,,contestants/E02/13-archives/Math_Competition_Completed_Results_Submission_Bundle.zip,Math_Competition_Completed_Results_Submission/Focus_Evidence/evidence/FOCUS-BB6/kernel/Chunk63.log,,4497080e,Filename/path inference; editable in the app
349763,Focus_Evidence/evidence/FOCUS-BB6/kernel/Chunk64.log,Busy Beaver,4318,"Email supplement received 06:19:17 CEST, after cutoff; distinct from on-time PDF | email ZIP",https://mail.google.com/mail/u/0/#all/1a0fffd2419ec392,,contestants/E02/13-archives/Math_Competition_Completed_Results_Submission_Bundle.zip,Math_Competition_Completed_Results_Submission/Focus_Evidence/evidence/FOCUS-BB6/kernel/Chunk64.log,,bdc53ddb,Filename/path inference; editable in the app
349765,Focus_Evidence/evidence/FOCUS-BB6/kernel/Chunk65.log,Busy Beaver,4318,"Email supplement received 06:19:17 CEST, after cutoff; distinct from on-time PDF | email ZIP",https://mail.google.com/mail/u/0/#all/1a0fffd2419ec392,,contestants/E02/13-archives/Math_Competition_Completed_Results_Submission_Bundle.zip,Math_Competition_Completed_Results_Submission/Focus_Evidence/evidence/FOCUS-BB6/kernel/Chunk65.log,,658035c5,Filename/path inference; editable in the app
349767,Focus_Evidence/evidence/FOCUS-BB6/kernel/Chunk66.log,Busy Beaver,4318,"Email supplement received 06:19:17 CEST, after cutoff; distinct from on-time PDF | email ZIP",https://mail.google.com/mail/u/0/#all/1a0fffd2419ec392,,contestants/E02/13-archives/Math_Competition_Completed_Results_Submission_Bundle.zip,Math_Competition_Completed_Results_Submission/Focus_Evidence/evidence/FOCUS-BB6/kernel/Chunk66.log,,999a729d,Filename/path inference; editable in the app
349769,Focus_Evidence/evidence/FOCUS-BB6/kernel/Chunk67.log,Busy Beaver,4318,"Email supplement received 06:19:17 CEST, after cutoff; distinct from on-time PDF | email ZIP",https://mail.google.com/mail/u/0/#all/1a0fffd2419ec392,,contestants/E02/13-archives/Math_Competition_Completed_Results_Submission_Bundle.zip,Math_Competition_Completed_Results_Submission/Focus_Evidence/evidence/FOCUS-BB6/kernel/Chunk67.log,,3c15a588,Filename/path inference; editable in the app
349771,Focus_Evidence/evidence/FOCUS-BB6/kernel/Chunk68.log,Busy Beaver,4213,"Email supplement received 06:19:17 CEST, after cutoff; distinct from on-time PDF | email ZIP",https://mail.google.com/mail/u/0/#all/1a0fffd2419ec392,,contestants/E02/13-archives/Math_Competition_Completed_Results_Submission_Bundle.zip,Math_Competition_Completed_Results_Submission/Focus_Evidence/evidence/FOCUS-BB6/kernel/Chunk68.log,,207c3d08,Filename/path inference; editable in the app
349773,Focus_Evidence/evidence/FOCUS-BB6/kernel/Chunk69.log,Busy Beaver,4213,"Email supplement received 06:19:17 CEST, after cutoff; distinct from on-time PDF | email ZIP",https://mail.google.com/mail/u/0/#all/1a0fffd2419ec392,,contestants/E02/13-archives/Math_Competition_Completed_Results_Submission_Bundle.zip,Math_Competition_Completed_Results_Submission/Focus_Evidence/evidence/FOCUS-BB6/kernel/Chunk69.log,,f1d04efa,Filename/path inference; editable in the app
349775,Focus_Evidence/evidence/FOCUS-BB6/kernel/Chunk70.log,Busy Beaver,4213,"Email supplement received 06:19:17 CEST, after cutoff; distinct from on-time PDF | email ZIP",https://mail.google.com/mail/u/0/#all/1a0fffd2419ec392,,contestants/E02/13-archives/Math_Competition_Completed_Results_Submission_Bundle.zip,Math_Competition_Completed_Results_Submission/Focus_Evidence/evidence/FOCUS-BB6/kernel/Chunk70.log,,44d0cae1,Filename/path inference; editable in the app
349777,Focus_Evidence/evidence/FOCUS-BB6/kernel/Chunk71.log,Busy Beaver,4213,"Email supplement received 06:19:17 CEST, after cutoff; distinct from on-time PDF | email ZIP",https://mail.google.com/mail/u/0/#all/1a0fffd2419ec392,,contestants/E02/13-archives/Math_Competition_Completed_Results_Submission_Bundle.zip,Math_Competition_Completed_Results_Submission/Focus_Evidence/evidence/FOCUS-BB6/kernel/Chunk71.log,,a7bcec23,Filename/path inference; editable in the app
349779,Focus_Evidence/evidence/FOCUS-BB6/kernel/Chunk72.log,Busy Beaver,4213,"Email supplement received 06:19:17 CEST, after cutoff; distinct from on-time PDF | email ZIP",https://mail.google.com/mail/u/0/#all/1a0fffd2419ec392,,contestants/E02/13-archives/Math_Competition_Completed_Results_Submission_Bundle.zip,Math_Competition_Completed_Results_Submission/Focus_Evidence/evidence/FOCUS-BB6/kernel/Chunk72.log,,a0b5917f,Filename/path inference; editable in the app
349781,Focus_Evidence/evidence/FOCUS-BB6/kernel/Chunk73.log,Busy Beaver,4215,"Email supplement received 06:19:17 CEST, after cutoff; distinct from on-time PDF | email ZIP",https://mail.google.com/mail/u/0/#all/1a0fffd2419ec392,,contestants/E02/13-archives/Math_Competition_Completed_Results_Submission_Bundle.zip,Math_Competition_Completed_Results_Submission/Focus_Evidence/evidence/FOCUS-BB6/kernel/Chunk73.log,,ef743402,Filename/path inference; editable in the app
349783,Focus_Evidence/evidence/FOCUS-BB6/kernel/Chunk74.log,Busy Beaver,4227,"Email supplement received 06:19:17 CEST, after cutoff; distinct from on-time PDF | email ZIP",https://mail.google.com/mail/u/0/#all/1a0fffd2419ec392,,contestants/E02/13-archives/Math_Competition_Completed_Results_Submission_Bundle.zip,Math_Competition_Completed_Results_Submission/Focus_Evidence/evidence/FOCUS-BB6/kernel/Chunk74.log,,1cc0a541,Filename/path inference; editable in the app
349785,Focus_Evidence/evidence/FOCUS-BB6/kernel/Chunk75.log,Busy Beaver,4229,"Email supplement received 06:19:17 CEST, after cutoff; distinct from on-time PDF | email ZIP",https://mail.google.com/mail/u/0/#all/1a0fffd2419ec392,,contestants/E02/13-archives/Math_Competition_Completed_Results_Submission_Bundle.zip,Math_Competition_Completed_Results_Submission/Focus_Evidence/evidence/FOCUS-BB6/kernel/Chunk75.log,,0b6e1374,Filename/path inference; editable in the app
349787,Focus_Evidence/evidence/FOCUS-BB6/kernel/Chunk76.log,Busy Beaver,4229,"Email supplement received 06:19:17 CEST, after cutoff; distinct from on-time PDF | email ZIP",https://mail.google.com/mail/u/0/#all/1a0fffd2419ec392,,contestants/E02/13-archives/Math_Competition_Completed_Results_Submission_Bundle.zip,Math_Competition_Completed_Results_Submission/Focus_Evidence/evidence/FOCUS-BB6/kernel/Chunk76.log,,5c2e5bab,Filename/path inference; editable in the app
349789,Focus_Evidence/evidence/FOCUS-BB6/kernel/Chunk77.log,Busy Beaver,4229,"Email supplement received 06:19:17 CEST, after cutoff; distinct from on-time PDF | email ZIP",https://mail.google.com/mail/u/0/#all/1a0fffd2419ec392,,contestants/E02/13-archives/Math_Competition_Completed_Results_Submission_Bundle.zip,Math_Competition_Completed_Results_Submission/Focus_Evidence/evidence/FOCUS-BB6/kernel/Chunk77.log,,11f47717,Filename/path inference; editable in the app
349791,Focus_Evidence/evidence/FOCUS-BB6/kernel/Chunk78.log,Busy Beaver,4229,"Email supplement received 06:19:17 CEST, after cutoff; distinct from on-time PDF | email ZIP",https://mail.google.com/mail/u/0/#all/1a0fffd2419ec392,,contestants/E02/13-archives/Math_Competition_Completed_Results_Submission_Bundle.zip,Math_Competition_Completed_Results_Submission/Focus_Evidence/evidence/FOCUS-BB6/kernel/Chunk78.log,,f60bba2a,Filename/path inference; editable in the app
349793,Focus_Evidence/evidence/FOCUS-BB6/kernel/Chunk79.log,Busy Beaver,4229,"Email supplement received 06:19:17 CEST, after cutoff; distinct from on-time PDF | email ZIP",https://mail.google.com/mail/u/0/#all/1a0fffd2419ec392,,contestants/E02/13-archives/Math_Competition_Completed_Results_Submission_Bundle.zip,Math_Competition_Completed_Results_Submission/Focus_Evidence/evidence/FOCUS-BB6/kernel/Chunk79.log,,71e34434,Filename/path inference; editable in the app
349795,Focus_Evidence/evidence/FOCUS-BB6/kernel/Chunk80.log,Busy Beaver,4229,"Email supplement received 06:19:17 CEST, after cutoff; distinct from on-time PDF | email ZIP",https://mail.google.com/mail/u/0/#all/1a0fffd2419ec392,,contestants/E02/13-archives/Math_Competition_Completed_Results_Submission_Bundle.zip,Math_Competition_Completed_Results_Submission/Focus_Evidence/evidence/FOCUS-BB6/kernel/Chunk80.log,,335e5e23,Filename/path inference; editable in the app
349797,Focus_Evidence/evidence/FOCUS-BB6/kernel/Chunk81.log,Busy Beaver,862,"Email supplement received 06:19:17 CEST, after cutoff; distinct from on-time PDF | email ZIP",https://mail.google.com/mail/u/0/#all/1a0fffd2419ec392,,contestants/E02/13-archives/Math_Competition_Completed_Results_Submission_Bundle.zip,Math_Competition_Completed_Results_Submission/Focus_Evidence/evidence/FOCUS-BB6/kernel/Chunk81.log,,3fdab232,Filename/path inference; editable in the app
349799,Focus_Evidence/evidence/FOCUS-BB6/kernel/Chunk82.log,Busy Beaver,87,"Email supplement received 06:19:17 CEST, after cutoff; distinct from on-time PDF | email ZIP",https://mail.google.com/mail/u/0/#all/1a0fffd2419ec392,,contestants/E02/13-archives/Math_Competition_Completed_Results_Submission_Bundle.zip,Math_Competition_Completed_Results_Submission/Focus_Evidence/evidence/FOCUS-BB6/kernel/Chunk82.log,,64d8c8c3,Filename/path inference; editable in the app
349801,Focus_Evidence/evidence/FOCUS-BB6/kernel/Chunk83.log,Busy Beaver,87,"Email supplement received 06:19:17 CEST, after cutoff; distinct from on-time PDF | email ZIP",https://mail.google.com/mail/u/0/#all/1a0fffd2419ec392,,contestants/E02/13-archives/Math_Competition_Completed_Results_Submission_Bundle.zip,Math_Competition_Completed_Results_Submission/Focus_Evidence/evidence/FOCUS-BB6/kernel/Chunk83.log,,59e4fd2c,Filename/path inference; editable in the app
349803,Focus_Evidence/evidence/FOCUS-BB6/kernel/Chunk84.log,Busy Beaver,87,"Email supplement received 06:19:17 CEST, after cutoff; distinct from on-time PDF | email ZIP",https://mail.google.com/mail/u/0/#all/1a0fffd2419ec392,,contestants/E02/13-archives/Math_Competition_Completed_Results_Submission_Bundle.zip,Math_Competition_Completed_Results_Submission/Focus_Evidence/evidence/FOCUS-BB6/kernel/Chunk84.log,,dac6a0fe,Filename/path inference; editable in the app
349805,Focus_Evidence/evidence/FOCUS-BB6/kernel/Chunk85.log,Busy Beaver,87,"Email supplement received 06:19:17 CEST, after cutoff; distinct from on-time PDF | email ZIP",https://mail.google.com/mail/u/0/#all/1a0fffd2419ec392,,contestants/E02/13-archives/Math_Competition_Completed_Results_Submission_Bundle.zip,Math_Competition_Completed_Results_Submission/Focus_Evidence/evidence/FOCUS-BB6/kernel/Chunk85.log,,5eea9961,Filename/path inference; editable in the app
349807,Focus_Evidence/evidence/FOCUS-BB6/kernel/Chunk86.log,Busy Beaver,2151,"Email supplement received 06:19:17 CEST, after cutoff; distinct from on-time PDF | email ZIP",https://mail.google.com/mail/u/0/#all/1a0fffd2419ec392,,contestants/E02/13-archives/Math_Competition_Completed_Results_Submission_Bundle.zip,Math_Competition_Completed_Results_Submission/Focus_Evidence/evidence/FOCUS-BB6/kernel/Chunk86.log,,6772b1ff,Filename/path inference; editable in the app
349809,Focus_Evidence/evidence/FOCUS-BB6/kernel/Chunk87.log,Busy Beaver,4213,"Email supplement received 06:19:17 CEST, after cutoff; distinct from on-time PDF | email ZIP",https://mail.google.com/mail/u/0/#all/1a0fffd2419ec392,,contestants/E02/13-archives/Math_Competition_Completed_Results_Submission_Bundle.zip,Math_Competition_Completed_Results_Submission/Focus_Evidence/evidence/FOCUS-BB6/kernel/Chunk87.log,,acfaf5f1,Filename/path inference; editable in the app
349811,Focus_Evidence/evidence/FOCUS-BB6/kernel/Chunk88.log,Busy Beaver,4213,"Email supplement received 06:19:17 CEST, after cutoff; distinct from on-time PDF | email ZIP",https://mail.google.com/mail/u/0/#all/1a0fffd2419ec392,,contestants/E02/13-archives/Math_Competition_Completed_Results_Submission_Bundle.zip,Math_Competition_Completed_Results_Submission/Focus_Evidence/evidence/FOCUS-BB6/kernel/Chunk88.log,,82c5feb7,Filename/path inference; editable in the app
349813,Focus_Evidence/evidence/FOCUS-BB6/kernel/Chunk89.log,Busy Beaver,4213,"Email supplement received 06:19:17 CEST, after cutoff; distinct from on-time PDF | email ZIP",https://mail.google.com/mail/u/0/#all/1a0fffd2419ec392,,contestants/E02/13-archives/Math_Competition_Completed_Results_Submission_Bundle.zip,Math_Competition_Completed_Results_Submission/Focus_Evidence/evidence/FOCUS-BB6/kernel/Chunk89.log,,55172dc0,Filename/path inference; editable in the app
349815,Focus_Evidence/evidence/FOCUS-BB6/kernel/Chunk90.log,Busy Beaver,4212,"Email supplement received 06:19:17 CEST, after cutoff; distinct from on-time PDF | email ZIP",https://mail.google.com/mail/u/0/#all/1a0fffd2419ec392,,contestants/E02/13-archives/Math_Competition_Completed_Results_Submission_Bundle.zip,Math_Competition_Completed_Results_Submission/Focus_Evidence/evidence/FOCUS-BB6/kernel/Chunk90.log,,acfb154c,Filename/path inference; editable in the app
349817,Focus_Evidence/evidence/FOCUS-BB6/kernel/Chunk91.log,Busy Beaver,4213,"Email supplement received 06:19:17 CEST, after cutoff; distinct from on-time PDF | email ZIP",https://mail.google.com/mail/u/0/#all/1a0fffd2419ec392,,contestants/E02/13-archives/Math_Competition_Completed_Results_Submission_Bundle.zip,Math_Competition_Completed_Results_Submission/Focus_Evidence/evidence/FOCUS-BB6/kernel/Chunk91.log,,434139e0,Filename/path inference; editable in the app
349819,Focus_Evidence/evidence/FOCUS-BB6/kernel/Chunk92.log,Busy Beaver,4212,"Email supplement received 06:19:17 CEST, after cutoff; distinct from on-time PDF | email ZIP",https://mail.google.com/mail/u/0/#all/1a0fffd2419ec392,,contestants/E02/13-archives/Math_Competition_Completed_Results_Submission_Bundle.zip,Math_Competition_Completed_Results_Submission/Focus_Evidence/evidence/FOCUS-BB6/kernel/Chunk92.log,,384b3b95,Filename/path inference; editable in the app
349821,Focus_Evidence/evidence/FOCUS-BB6/kernel/Chunk93.log,Busy Beaver,4213,"Email supplement received 06:19:17 CEST, after cutoff; distinct from on-time PDF | email ZIP",https://mail.google.com/mail/u/0/#all/1a0fffd2419ec392,,contestants/E02/13-archives/Math_Competition_Completed_Results_Submission_Bundle.zip,Math_Competition_Completed_Results_Submission/Focus_Evidence/evidence/FOCUS-BB6/kernel/Chunk93.log,,5fa7e472,Filename/path inference; editable in the app
349823,Focus_Evidence/evidence/FOCUS-BB6/kernel/Chunk94.log,Busy Beaver,4219,"Email supplement received 06:19:17 CEST, after cutoff; distinct from on-time PDF | email ZIP",https://mail.google.com/mail/u/0/#all/1a0fffd2419ec392,,contestants/E02/13-archives/Math_Competition_Completed_Results_Submission_Bundle.zip,Math_Competition_Completed_Results_Submission/Focus_Evidence/evidence/FOCUS-BB6/kernel/Chunk94.log,,ec888a3a,Filename/path inference; editable in the app
349825,Focus_Evidence/evidence/FOCUS-BB6/kernel/Chunk95.log,Busy Beaver,4229,"Email supplement received 06:19:17 CEST, after cutoff; distinct from on-time PDF | email ZIP",https://mail.google.com/mail/u/0/#all/1a0fffd2419ec392,,contestants/E02/13-archives/Math_Competition_Completed_Results_Submission_Bundle.zip,Math_Competition_Completed_Results_Submission/Focus_Evidence/evidence/FOCUS-BB6/kernel/Chunk95.log,,e1d97ee2,Filename/path inference; editable in the app
349827,Focus_Evidence/evidence/FOCUS-BB6/kernel/Chunk96.log,Busy Beaver,4229,"Email supplement received 06:19:17 CEST, after cutoff; distinct from on-time PDF | email ZIP",https://mail.google.com/mail/u/0/#all/1a0fffd2419ec392,,contestants/E02/13-archives/Math_Competition_Completed_Results_Submission_Bundle.zip,Math_Competition_Completed_Results_Submission/Focus_Evidence/evidence/FOCUS-BB6/kernel/Chunk96.log,,4d5e1d15,Filename/path inference; editable in the app
349829,Focus_Evidence/evidence/FOCUS-BB6/kernel/Chunk97.log,Busy Beaver,4229,"Email supplement received 06:19:17 CEST, after cutoff; distinct from on-time PDF | email ZIP",https://mail.google.com/mail/u/0/#all/1a0fffd2419ec392,,contestants/E02/13-archives/Math_Competition_Completed_Results_Submission_Bundle.zip,Math_Competition_Completed_Results_Submission/Focus_Evidence/evidence/FOCUS-BB6/kernel/Chunk97.log,,e2fdef32,Filename/path inference; editable in the app
349831,Focus_Evidence/evidence/FOCUS-BB6/kernel/Chunk98.log,Busy Beaver,4229,"Email supplement received 06:19:17 CEST, after cutoff; distinct from on-time PDF | email ZIP",https://mail.google.com/mail/u/0/#all/1a0fffd2419ec392,,contestants/E02/13-archives/Math_Competition_Completed_Results_Submission_Bundle.zip,Math_Competition_Completed_Results_Submission/Focus_Evidence/evidence/FOCUS-BB6/kernel/Chunk98.log,,a09b50d0,Filename/path inference; editable in the app
349833,Focus_Evidence/evidence/FOCUS-BB6/kernel/Chunk99.log,Busy Beaver,4229,"Email supplement received 06:19:17 CEST, after cutoff; distinct from on-time PDF | email ZIP",https://mail.google.com/mail/u/0/#all/1a0fffd2419ec392,,contestants/E02/13-archives/Math_Competition_Completed_Results_Submission_Bundle.zip,Math_Competition_Completed_Results_Submission/Focus_Evidence/evidence/FOCUS-BB6/kernel/Chunk99.log,,e39913e4,Filename/path inference; editable in the app
349835,Focus_Evidence/evidence/FOCUS-BB6/kernel/Claims.log,Busy Beaver,471,"Email supplement received 06:19:17 CEST, after cutoff; distinct from on-time PDF | email ZIP",https://mail.google.com/mail/u/0/#all/1a0fffd2419ec392,,contestants/E02/13-archives/Math_Competition_Completed_Results_Submission_Bundle.zip,Math_Competition_Completed_Results_Submission/Focus_Evidence/evidence/FOCUS-BB6/kernel/Claims.log,,954d0809,Filename/path inference; editable in the app
349837,Focus_Evidence/evidence/FOCUS-BB6/kernel/Kernel.log,Busy Beaver,214,"Email supplement received 06:19:17 CEST, after cutoff; distinct from on-time PDF | email ZIP",https://mail.google.com/mail/u/0/#all/1a0fffd2419ec392,,contestants/E02/13-archives/Math_Competition_Completed_Results_Submission_Bundle.zip,Math_Competition_Completed_Results_Submission/Focus_Evidence/evidence/FOCUS-BB6/kernel/Kernel.log,,dd43cc3f,Filename/path inference; editable in the app
349840,Focus_Evidence/evidence/FOCUS-BB6/kernel/Semantics.log,Busy Beaver,402,"Email supplement received 06:19:17 CEST, after cutoff; distinct from on-time PDF | email ZIP",https://mail.google.com/mail/u/0/#all/1a0fffd2419ec392,,contestants/E02/13-archives/Math_Competition_Completed_Results_Submission_Bundle.zip,Math_Competition_Completed_Results_Submission/Focus_Evidence/evidence/FOCUS-BB6/kernel/Semantics.log,,0b893067,Filename/path inference; editable in the app
349846,Focus_Evidence/evidence/FOCUS-BB6/kernel/independent-audit.log,Busy Beaver,817,"Email supplement received 06:19:17 CEST, after cutoff; distinct from on-time PDF | email ZIP",https://mail.google.com/mail/u/0/#all/1a0fffd2419ec392,,contestants/E02/13-archives/Math_Competition_Completed_Results_Submission_Bundle.zip,Math_Competition_Completed_Results_Submission/Focus_Evidence/evidence/FOCUS-BB6/kernel/independent-audit.log,,cffca550,Filename/path inference; editable in the app
349856,Focus_Evidence/evidence/FOCUS-E3/complete-certificate/BooleanTree.log,General / shared,67,"Email supplement received 06:19:17 CEST, after cutoff; distinct from on-time PDF | email ZIP",https://mail.google.com/mail/u/0/#all/1a0fffd2419ec392,,contestants/E02/13-archives/Math_Competition_Completed_Results_Submission_Bundle.zip,Math_Competition_Completed_Results_Submission/Focus_Evidence/evidence/FOCUS-E3/complete-certificate/BooleanTree.log,,e73c3de0,Filename/path inference; editable in the app
349858,Focus_Evidence/evidence/FOCUS-E3/complete-certificate/CardBridge.log,General / shared,0,"Email supplement received 06:19:17 CEST, after cutoff; distinct from on-time PDF | email ZIP",https://mail.google.com/mail/u/0/#all/1a0fffd2419ec392,,contestants/E02/13-archives/Math_Competition_Completed_Results_Submission_Bundle.zip,Math_Competition_Completed_Results_Submission/Focus_Evidence/evidence/FOCUS-E3/complete-certificate/CardBridge.log,,00000000,Filename/path inference; editable in the app
349860,Focus_Evidence/evidence/FOCUS-E3/complete-certificate/CombinedObstruction.log,General / shared,130,"Email supplement received 06:19:17 CEST, after cutoff; distinct from on-time PDF | email ZIP",https://mail.google.com/mail/u/0/#all/1a0fffd2419ec392,,contestants/E02/13-archives/Math_Competition_Completed_Results_Submission_Bundle.zip,Math_Competition_Completed_Results_Submission/Focus_Evidence/evidence/FOCUS-E3/complete-certificate/CombinedObstruction.log,,99316b49,Filename/path inference; editable in the app
349863,Focus_Evidence/evidence/FOCUS-E3/complete-certificate/CyclicSharpness.log,General / shared,246,"Email supplement received 06:19:17 CEST, after cutoff; distinct from on-time PDF | email ZIP",https://mail.google.com/mail/u/0/#all/1a0fffd2419ec392,,contestants/E02/13-archives/Math_Competition_Completed_Results_Submission_Bundle.zip,Math_Competition_Completed_Results_Submission/Focus_Evidence/evidence/FOCUS-E3/complete-certificate/CyclicSharpness.log,,609a0de7,Filename/path inference; editable in the app
349865,Focus_Evidence/evidence/FOCUS-E3/complete-certificate/CyclicUpper.log,General / shared,100,"Email supplement received 06:19:17 CEST, after cutoff; distinct from on-time PDF | email ZIP",https://mail.google.com/mail/u/0/#all/1a0fffd2419ec392,,contestants/E02/13-archives/Math_Competition_Completed_Results_Submission_Bundle.zip,Math_Competition_Completed_Results_Submission/Focus_Evidence/evidence/FOCUS-E3/complete-certificate/CyclicUpper.log,,4683d277,Filename/path inference; editable in the app
349867,Focus_Evidence/evidence/FOCUS-E3/complete-certificate/R17SplitReplay.log,General / shared,139,"Email supplement received 06:19:17 CEST, after cutoff; distinct from on-time PDF | email ZIP",https://mail.google.com/mail/u/0/#all/1a0fffd2419ec392,,contestants/E02/13-archives/Math_Competition_Completed_Results_Submission_Bundle.zip,Math_Competition_Completed_Results_Submission/Focus_Evidence/evidence/FOCUS-E3/complete-certificate/R17SplitReplay.log,,1fdb0e39,Filename/path inference; editable in the app
352125,Focus_Evidence/evidence/FOCUS-E3/pullback-bridge/Erdos3_Diagonal_Pullback_Bridge_Source_Evidence.zip :: fresh-replay/BooleanTree.log,Erdos 3,67,"Email supplement received 06:19:17 CEST, after cutoff; distinct from on-time PDF | email ZIP | Nested archive; inherits parent claim/receipt limits",https://mail.google.com/mail/u/0/#all/1a0fffd2419ec392,,contestants/E02/13-archives/nested-349874-Erdos3_Diagonal_Pullback_Bridge_Source_Evidence.zip,fresh-replay/BooleanTree.log,,e73c3de0,Filename/path inference; editable in the app
352126,Focus_Evidence/evidence/FOCUS-E3/pullback-bridge/Erdos3_Diagonal_Pullback_Bridge_Source_Evidence.zip :: fresh-replay/CardBridge.log,Erdos 3,0,"Email supplement received 06:19:17 CEST, after cutoff; distinct from on-time PDF | email ZIP | Nested archive; inherits parent claim/receipt limits",https://mail.google.com/mail/u/0/#all/1a0fffd2419ec392,,contestants/E02/13-archives/nested-349874-Erdos3_Diagonal_Pullback_Bridge_Source_Evidence.zip,fresh-replay/CardBridge.log,,00000000,Filename/path inference; editable in the app
352127,Focus_Evidence/evidence/FOCUS-E3/pullback-bridge/Erdos3_Diagonal_Pullback_Bridge_Source_Evidence.zip :: fresh-replay/CombinedObstruction.log,Erdos 3,130,"Email supplement received 06:19:17 CEST, after cutoff; distinct from on-time PDF | email ZIP | Nested archive; inherits parent claim/receipt limits",https://mail.google.com/mail/u/0/#all/1a0fffd2419ec392,,contestants/E02/13-archives/nested-349874-Erdos3_Diagonal_Pullback_Bridge_Source_Evidence.zip,fresh-replay/CombinedObstruction.log,,99316b49,Filename/path inference; editable in the app
352128,Focus_Evidence/evidence/FOCUS-E3/pullback-bridge/Erdos3_Diagonal_Pullback_Bridge_Source_Evidence.zip :: fresh-replay/CyclicUpper.log,Erdos 3,100,"Email supplement received 06:19:17 CEST, after cutoff; distinct from on-time PDF | email ZIP | Nested archive; inherits parent claim/receipt limits",https://mail.google.com/mail/u/0/#all/1a0fffd2419ec392,,contestants/E02/13-archives/nested-349874-Erdos3_Diagonal_Pullback_Bridge_Source_Evidence.zip,fresh-replay/CyclicUpper.log,,4683d277,Filename/path inference; editable in the app
352129,Focus_Evidence/evidence/FOCUS-E3/pullback-bridge/Erdos3_Diagonal_Pullback_Bridge_Source_Evidence.zip :: fresh-replay/Fugu3PullbackCore.log,Erdos 3,255,"Email supplement received 06:19:17 CEST, after cutoff; distinct from on-time PDF | email ZIP | Nested archive; inherits parent claim/receipt limits",https://mail.google.com/mail/u/0/#all/1a0fffd2419ec392,,contestants/E02/13-archives/nested-349874-Erdos3_Diagonal_Pullback_Bridge_Source_Evidence.zip,fresh-replay/Fugu3PullbackCore.log,,d868d0fd,Filename/path inference; editable in the app
352130,Focus_Evidence/evidence/FOCUS-E3/pullback-bridge/Erdos3_Diagonal_Pullback_Bridge_Source_Evidence.zip :: fresh-replay/PullbackObstruction.log,Erdos 3,452,"Email supplement received 06:19:17 CEST, after cutoff; distinct from on-time PDF | email ZIP | Nested archive; inherits parent claim/receipt limits",https://mail.google.com/mail/u/0/#all/1a0fffd2419ec392,,contestants/E02/13-archives/nested-349874-Erdos3_Diagonal_Pullback_Bridge_Source_Evidence.zip,fresh-replay/PullbackObstruction.log,,d1dea7ce,Filename/path inference; editable in the app
352131,Focus_Evidence/evidence/FOCUS-E3/pullback-bridge/Erdos3_Diagonal_Pullback_Bridge_Source_Evidence.zip :: fresh-replay/R17SplitReplay.log,Erdos 3,139,"Email supplement received 06:19:17 CEST, after cutoff; distinct from on-time PDF | email ZIP | Nested archive; inherits parent claim/receipt limits",https://mail.google.com/mail/u/0/#all/1a0fffd2419ec392,,contestants/E02/13-archives/nested-349874-Erdos3_Diagonal_Pullback_Bridge_Source_Evidence.zip,fresh-replay/R17SplitReplay.log,,1fdb0e39,Filename/path inference; editable in the app
349880,Focus_Evidence/evidence/FOCUS-E3/pullback-bridge/fresh-replay/BooleanTree.log,General / shared,67,"Email supplement received 06:19:17 CEST, after cutoff; distinct from on-time PDF | email ZIP",https://mail.google.com/mail/u/0/#all/1a0fffd2419ec392,,contestants/E02/13-archives/Math_Competition_Completed_Results_Submission_Bundle.zip,Math_Competition_Completed_Results_Submission/Focus_Evidence/evidence/FOCUS-E3/pullback-bridge/fresh-replay/BooleanTree.log,,e73c3de0,Filename/path inference; editable in the app
349881,Focus_Evidence/evidence/FOCUS-E3/pullback-bridge/fresh-replay/CardBridge.log,General / shared,0,"Email supplement received 06:19:17 CEST, after cutoff; distinct from on-time PDF | email ZIP",https://mail.google.com/mail/u/0/#all/1a0fffd2419ec392,,contestants/E02/13-archives/Math_Competition_Completed_Results_Submission_Bundle.zip,Math_Competition_Completed_Results_Submission/Focus_Evidence/evidence/FOCUS-E3/pullback-bridge/fresh-replay/CardBridge.log,,00000000,Filename/path inference; editable in the app
349882,Focus_Evidence/evidence/FOCUS-E3/pullback-bridge/fresh-replay/CombinedObstruction.log,General / shared,130,"Email supplement received 06:19:17 CEST, after cutoff; distinct from on-time PDF | email ZIP",https://mail.google.com/mail/u/0/#all/1a0fffd2419ec392,,contestants/E02/13-archives/Math_Competition_Completed_Results_Submission_Bundle.zip,Math_Competition_Completed_Results_Submission/Focus_Evidence/evidence/FOCUS-E3/pullback-bridge/fresh-replay/CombinedObstruction.log,,99316b49,Filename/path inference; editable in the app
349883,Focus_Evidence/evidence/FOCUS-E3/pullback-bridge/fresh-replay/CyclicUpper.log,General / shared,100,"Email supplement received 06:19:17 CEST, after cutoff; distinct from on-time PDF | email ZIP",https://mail.google.com/mail/u/0/#all/1a0fffd2419ec392,,contestants/E02/13-archives/Math_Competition_Completed_Results_Submission_Bundle.zip,Math_Competition_Completed_Results_Submission/Focus_Evidence/evidence/FOCUS-E3/pullback-bridge/fresh-replay/CyclicUpper.log,,4683d277,Filename/path inference; editable in the app
349884,Focus_Evidence/evidence/FOCUS-E3/pullback-bridge/fresh-replay/Fugu3PullbackCore.log,General / shared,255,"Email supplement received 06:19:17 CEST, after cutoff; distinct from on-time PDF | email ZIP",https://mail.google.com/mail/u/0/#all/1a0fffd2419ec392,,contestants/E02/13-archives/Math_Competition_Completed_Results_Submission_Bundle.zip,Math_Competition_Completed_Results_Submission/Focus_Evidence/evidence/FOCUS-E3/pullback-bridge/fresh-replay/Fugu3PullbackCore.log,,d868d0fd,Filename/path inference; editable in the app
349885,Focus_Evidence/evidence/FOCUS-E3/pullback-bridge/fresh-replay/PullbackObstruction.log,General / shared,452,"Email supplement received 06:19:17 CEST, after cutoff; distinct from on-time PDF | email ZIP",https://mail.google.com/mail/u/0/#all/1a0fffd2419ec392,,contestants/E02/13-archives/Math_Competition_Completed_Results_Submission_Bundle.zip,Math_Competition_Completed_Results_Submission/Focus_Evidence/evidence/FOCUS-E3/pullback-bridge/fresh-replay/PullbackObstruction.log,,d1dea7ce,Filename/path inference; editable in the app
349886,Focus_Evidence/evidence/FOCUS-E3/pullback-bridge/fresh-replay/R17SplitReplay.log,General / shared,139,"Email supplement received 06:19:17 CEST, after cutoff; distinct from on-time PDF | email ZIP",https://mail.google.com/mail/u/0/#all/1a0fffd2419ec392,,contestants/E02/13-archives/Math_Competition_Completed_Results_Submission_Bundle.zip,Math_Competition_Completed_Results_Submission/Focus_Evidence/evidence/FOCUS-E3/pullback-bridge/fresh-replay/R17SplitReplay.log,,1fdb0e39,Filename/path inference; editable in the app
349900,Focus_Evidence/evidence/FOCUS-GROTH/Row3Granular.log,General / shared,209,"Email supplement received 06:19:17 CEST, after cutoff; distinct from on-time PDF | email ZIP",https://mail.google.com/mail/u/0/#all/1a0fffd2419ec392,,contestants/E02/13-archives/Math_Competition_Completed_Results_Submission_Bundle.zip,Math_Competition_Completed_Results_Submission/Focus_Evidence/evidence/FOCUS-GROTH/Row3Granular.log,,16b67fa3,Filename/path inference; editable in the app
349902,Focus_Evidence/evidence/FOCUS-GROTH/SemanticTestGranular.log,General / shared,728,"Email supplement received 06:19:17 CEST, after cutoff; distinct from on-time PDF | email ZIP",https://mail.google.com/mail/u/0/#all/1a0fffd2419ec392,,contestants/E02/13-archives/Math_Competition_Completed_Results_Submission_Bundle.zip,Math_Competition_Completed_Results_Submission/Focus_Evidence/evidence/FOCUS-GROTH/SemanticTestGranular.log,,b741faed,Filename/path inference; editable in the app
349909,Focus_Evidence/evidence/FOCUS-MATRIX/MatrixRigidityCompiled.log,General / shared,459,"Email supplement received 06:19:17 CEST, after cutoff; distinct from on-time PDF | email ZIP",https://mail.google.com/mail/u/0/#all/1a0fffd2419ec392,,contestants/E02/13-archives/Math_Competition_Completed_Results_Submission_Bundle.zip,Math_Competition_Completed_Results_Submission/Focus_Evidence/evidence/FOCUS-MATRIX/MatrixRigidityCompiled.log,,317e4469,Filename/path inference; editable in the app
349916,Focus_Evidence/evidence/FOCUS-MATRIX/additional-seeds/correspondence-check.log,General / shared,3942,"Email supplement received 06:19:17 CEST, after cutoff; distinct from on-time PDF | email ZIP",https://mail.google.com/mail/u/0/#all/1a0fffd2419ec392,,contestants/E02/13-archives/Math_Competition_Completed_Results_Submission_Bundle.zip,Math_Competition_Completed_Results_Submission/Focus_Evidence/evidence/FOCUS-MATRIX/additional-seeds/correspondence-check.log,,9b0b4439,Filename/path inference; editable in the app
349922,Focus_Evidence/evidence/FOCUS-MATRIX/additional-seeds/final-audit.log,General / shared,914,"Email supplement received 06:19:17 CEST, after cutoff; distinct from on-time PDF | email ZIP",https://mail.google.com/mail/u/0/#all/1a0fffd2419ec392,,contestants/E02/13-archives/Math_Competition_Completed_Results_Submission_Bundle.zip,Math_Competition_Completed_Results_Submission/Focus_Evidence/evidence/FOCUS-MATRIX/additional-seeds/final-audit.log,,0f2c33f7,Filename/path inference; editable in the app
349925,Focus_Evidence/evidence/FOCUS-MATRIX/additional-seeds/progress.log,General / shared,108785,"Email supplement received 06:19:17 CEST, after cutoff; distinct from on-time PDF | email ZIP",https://mail.google.com/mail/u/0/#all/1a0fffd2419ec392,,contestants/E02/13-archives/Math_Competition_Completed_Results_Submission_Bundle.zip,Math_Competition_Completed_Results_Submission/Focus_Evidence/evidence/FOCUS-MATRIX/additional-seeds/progress.log,,beaf3072,Filename/path inference; editable in the app
350005,Focus_Evidence/evidence/FOCUS-MATRIX/additional-seeds/seed_1/replay/20261003T010503455221Z/Seed1KernelData.log,General / shared,0,"Email supplement received 06:19:17 CEST, after cutoff; distinct from on-time PDF | email ZIP",https://mail.google.com/mail/u/0/#all/1a0fffd2419ec392,,contestants/E02/13-archives/Math_Competition_Completed_Results_Submission_Bundle.zip,Math_Competition_Completed_Results_Submission/Focus_Evidence/evidence/FOCUS-MATRIX/additional-seeds/seed_1/replay/20261003T010503455221Z/Seed1KernelData.log,,00000000,Filename/path inference; editable in the app
350007,Focus_Evidence/evidence/FOCUS-MATRIX/additional-seeds/seed_1/replay/20261003T010503455221Z/Seed1KernelFinal.log,General / shared,960,"Email supplement received 06:19:17 CEST, after cutoff; distinct from on-time PDF | email ZIP",https://mail.google.com/mail/u/0/#all/1a0fffd2419ec392,,contestants/E02/13-archives/Math_Competition_Completed_Results_Submission_Bundle.zip,Math_Competition_Completed_Results_Submission/Focus_Evidence/evidence/FOCUS-MATRIX/additional-seeds/seed_1/replay/20261003T010503455221Z/Seed1KernelFinal.log,,964ba0a8,Filename/path inference; editable in the app
350009,Focus_Evidence/evidence/FOCUS-MATRIX/additional-seeds/seed_1/replay/20261003T010503455221Z/Seed1Row_uv_00.log,General / shared,94,"Email supplement received 06:19:17 CEST, after cutoff; distinct from on-time PDF | email ZIP",https://mail.google.com/mail/u/0/#all/1a0fffd2419ec392,,contestants/E02/13-archives/Math_Competition_Completed_Results_Submission_Bundle.zip,Math_Competition_Completed_Results_Submission/Focus_Evidence/evidence/FOCUS-MATRIX/additional-seeds/seed_1/replay/20261003T010503455221Z/Seed1Row_uv_00.log,,35fe8f46,Filename/path inference; editable in the app
350011,Focus_Evidence/evidence/FOCUS-MATRIX/additional-seeds/seed_1/replay/20261003T010503455221Z/Seed1Row_uv_01.log,General / shared,94,"Email supplement received 06:19:17 CEST, after cutoff; distinct from on-time PDF | email ZIP",https://mail.google.com/mail/u/0/#all/1a0fffd2419ec392,,contestants/E02/13-archives/Math_Competition_Completed_Results_Submission_Bundle.zip,Math_Competition_Completed_Results_Submission/Focus_Evidence/evidence/FOCUS-MATRIX/additional-seeds/seed_1/replay/20261003T010503455221Z/Seed1Row_uv_01.log,,83e56f36,Filename/path inference; editable in the app
350013,Focus_Evidence/evidence/FOCUS-MATRIX/additional-seeds/seed_1/replay/20261003T010503455221Z/Seed1Row_uv_02.log,General / shared,94,"Email supplement received 06:19:17 CEST, after cutoff; distinct from on-time PDF | email ZIP",https://mail.google.com/mail/u/0/#all/1a0fffd2419ec392,,contestants/E02/13-archives/Math_Competition_Completed_Results_Submission_Bundle.zip,Math_Competition_Completed_Results_Submission/Focus_Evidence/evidence/FOCUS-MATRIX/additional-seeds/seed_1/replay/20261003T010503455221Z/Seed1Row_uv_02.log,,82b849e7,Filename/path inference; editable in the app
350015,Focus_Evidence/evidence/FOCUS-MATRIX/additional-seeds/seed_1/replay/20261003T010503455221Z/Seed1Row_uv_03.log,General / shared,94,"Email supplement received 06:19:17 CEST, after cutoff; distinct from on-time PDF | email ZIP",https://mail.google.com/mail/u/0/#all/1a0fffd2419ec392,,contestants/E02/13-archives/Math_Competition_Completed_Results_Submission_Bundle.zip,Math_Competition_Completed_Results_Submission/Focus_Evidence/evidence/FOCUS-MATRIX/additional-seeds/seed_1/replay/20261003T010503455221Z/Seed1Row_uv_03.log,,34a3a997,Filename/path inference; editable in the app
350017,Focus_Evidence/evidence/FOCUS-MATRIX/additional-seeds/seed_1/replay/20261003T010503455221Z/Seed1Row_uv_04.log,General / shared,94,"Email supplement received 06:19:17 CEST, after cutoff; distinct from on-time PDF | email ZIP",https://mail.google.com/mail/u/0/#all/1a0fffd2419ec392,,contestants/E02/13-archives/Math_Competition_Completed_Results_Submission_Bundle.zip,Math_Competition_Completed_Results_Submission/Focus_Evidence/evidence/FOCUS-MATRIX/additional-seeds/seed_1/replay/20261003T010503455221Z/Seed1Row_uv_04.log,,80020445,Filename/path inference; editable in the app
350019,Focus_Evidence/evidence/FOCUS-MATRIX/additional-seeds/seed_1/replay/20261003T010503455221Z/Seed1Row_uv_05.log,General / shared,94,"Email supplement received 06:19:17 CEST, after cutoff; distinct from on-time PDF | email ZIP",https://mail.google.com/mail/u/0/#all/1a0fffd2419ec392,,contestants/E02/13-archives/Math_Competition_Completed_Results_Submission_Bundle.zip,Math_Competition_Completed_Results_Submission/Focus_Evidence/evidence/FOCUS-MATRIX/additional-seeds/seed_1/replay/20261003T010503455221Z/Seed1Row_uv_05.log,,3619e435,Filename/path inference; editable in the app
350021,Focus_Evidence/evidence/FOCUS-MATRIX/additional-seeds/seed_1/replay/20261003T010503455221Z/Seed1Row_uv_06.log,General / shared,94,"Email supplement received 06:19:17 CEST, after cutoff; distinct from on-time PDF | email ZIP",https://mail.google.com/mail/u/0/#all/1a0fffd2419ec392,,contestants/E02/13-archives/Math_Competition_Completed_Results_Submission_Bundle.zip,Math_Competition_Completed_Results_Submission/Focus_Evidence/evidence/FOCUS-MATRIX/additional-seeds/seed_1/replay/20261003T010503455221Z/Seed1Row_uv_06.log,,3744c2e4,Filename/path inference; editable in the app
350023,Focus_Evidence/evidence/FOCUS-MATRIX/additional-seeds/seed_1/replay/20261003T010503455221Z/Seed1Row_uv_07.log,General / shared,94,"Email supplement received 06:19:17 CEST, after cutoff; distinct from on-time PDF | email ZIP",https://mail.google.com/mail/u/0/#all/1a0fffd2419ec392,,contestants/E02/13-archives/Math_Competition_Completed_Results_Submission_Bundle.zip,Math_Competition_Completed_Results_Submission/Focus_Evidence/evidence/FOCUS-MATRIX/additional-seeds/seed_1/replay/20261003T010503455221Z/Seed1Row_uv_07.log,,815f2294,Filename/path inference; editable in the app
350025,Focus_Evidence/evidence/FOCUS-MATRIX/additional-seeds/seed_1/replay/20261003T010503455221Z/Seed1Row_uv_08.log,General / shared,94,"Email supplement received 06:19:17 CEST, after cutoff; distinct from on-time PDF | email ZIP",https://mail.google.com/mail/u/0/#all/1a0fffd2419ec392,,contestants/E02/13-archives/Math_Competition_Completed_Results_Submission_Bundle.zip,Math_Competition_Completed_Results_Submission/Focus_Evidence/evidence/FOCUS-MATRIX/additional-seeds/seed_1/replay/20261003T010503455221Z/Seed1Row_uv_08.log,,85769f01,Filename/path inference; editable in the app
350027,Focus_Evidence/evidence/FOCUS-MATRIX/additional-seeds/seed_1/replay/20261003T010503455221Z/Seed1Row_uv_09.log,General / shared,94,"Email supplement received 06:19:17 CEST, after cutoff; distinct from on-time PDF | email ZIP",https://mail.google.com/mail/u/0/#all/1a0fffd2419ec392,,contestants/E02/13-archives/Math_Competition_Completed_Results_Submission_Bundle.zip,Math_Competition_Completed_Results_Submission/Focus_Evidence/evidence/FOCUS-MATRIX/additional-seeds/seed_1/replay/20261003T010503455221Z/Seed1Row_uv_09.log,,336d7f71,Filename/path inference; editable in the app
350029,Focus_Evidence/evidence/FOCUS-MATRIX/additional-seeds/seed_1/replay/20261003T010503455221Z/Seed1Row_uv_10.log,General / shared,95,"Email supplement received 06:19:17 CEST, after cutoff; distinct from on-time PDF | email ZIP",https://mail.google.com/mail/u/0/#all/1a0fffd2419ec392,,contestants/E02/13-archives/Math_Competition_Completed_Results_Submission_Bundle.zip,Math_Competition_Completed_Results_Submission/Focus_Evidence/evidence/FOCUS-MATRIX/additional-seeds/seed_1/replay/20261003T010503455221Z/Seed1Row_uv_10.log,,396b7273,Filename/path inference; editable in the app
350031,Focus_Evidence/evidence/FOCUS-MATRIX/additional-seeds/seed_1/replay/20261003T010503455221Z/Seed1Row_uv_11.log,General / shared,95,"Email supplement received 06:19:17 CEST, after cutoff; distinct from on-time PDF | email ZIP",https://mail.google.com/mail/u/0/#all/1a0fffd2419ec392,,contestants/E02/13-archives/Math_Competition_Completed_Results_Submission_Bundle.zip,Math_Competition_Completed_Results_Submission/Focus_Evidence/evidence/FOCUS-MATRIX/additional-seeds/seed_1/replay/20261003T010503455221Z/Seed1Row_uv_11.log,,8f709203,Filename/path inference; editable in the app
350033,Focus_Evidence/evidence/FOCUS-MATRIX/additional-seeds/seed_1/replay/20261003T010503455221Z/Seed1Row_uv_12.log,General / shared,95,"Email supplement received 06:19:17 CEST, after cutoff; distinct from on-time PDF | email ZIP",https://mail.google.com/mail/u/0/#all/1a0fffd2419ec392,,contestants/E02/13-archives/Math_Competition_Completed_Results_Submission_Bundle.zip,Math_Competition_Completed_Results_Submission/Focus_Evidence/evidence/FOCUS-MATRIX/additional-seeds/seed_1/replay/20261003T010503455221Z/Seed1Row_uv_12.log,,8e2db4d2,Filename/path inference; editable in the app
350035,Focus_Evidence/evidence/FOCUS-MATRIX/additional-seeds/seed_1/replay/20261003T010503455221Z/Seed1Row_uv_13.log,General / shared,95,"Email supplement received 06:19:17 CEST, after cutoff; distinct from on-time PDF | email ZIP",https://mail.google.com/mail/u/0/#all/1a0fffd2419ec392,,contestants/E02/13-archives/Math_Competition_Completed_Results_Submission_Bundle.zip,Math_Competition_Completed_Results_Submission/Focus_Evidence/evidence/FOCUS-MATRIX/additional-seeds/seed_1/replay/20261003T010503455221Z/Seed1Row_uv_13.log,,383654a2,Filename/path inference; editable in the app
350037,Focus_Evidence/evidence/FOCUS-MATRIX/additional-seeds/seed_1/replay/20261003T010503455221Z/Seed1Row_uv_14.log,General / shared,95,"Email supplement received 06:19:17 CEST, after cutoff; distinct from on-time PDF | email ZIP",https://mail.google.com/mail/u/0/#all/1a0fffd2419ec392,,contestants/E02/13-archives/Math_Competition_Completed_Results_Submission_Bundle.zip,Math_Competition_Completed_Results_Submission/Focus_Evidence/evidence/FOCUS-MATRIX/additional-seeds/seed_1/replay/20261003T010503455221Z/Seed1Row_uv_14.log,,8c97f970,Filename/path inference; editable in the app
350039,Focus_Evidence/evidence/FOCUS-MATRIX/additional-seeds/seed_1/replay/20261003T010503455221Z/Seed1Row_uv_15.log,General / shared,95,"Email supplement received 06:19:17 CEST, after cutoff; distinct from on-time PDF | email ZIP",https://mail.google.com/mail/u/0/#all/1a0fffd2419ec392,,contestants/E02/13-archives/Math_Competition_Completed_Results_Submission_Bundle.zip,Math_Competition_Completed_Results_Submission/Focus_Evidence/evidence/FOCUS-MATRIX/additional-seeds/seed_1/replay/20261003T010503455221Z/Seed1Row_uv_15.log,,3a8c1900,Filename/path inference; editable in the app
350041,Focus_Evidence/evidence/FOCUS-MATRIX/additional-seeds/seed_1/replay/20261003T010503455221Z/Seed1Row_uv_16.log,General / shared,95,"Email supplement received 06:19:17 CEST, after cutoff; distinct from on-time PDF | email ZIP",https://mail.google.com/mail/u/0/#all/1a0fffd2419ec392,,contestants/E02/13-archives/Math_Competition_Completed_Results_Submission_Bundle.zip,Math_Competition_Completed_Results_Submission/Focus_Evidence/evidence/FOCUS-MATRIX/additional-seeds/seed_1/replay/20261003T010503455221Z/Seed1Row_uv_16.log,,3bd13fd1,Filename/path inference; editable in the app
350043,Focus_Evidence/evidence/FOCUS-MATRIX/additional-seeds/seed_1/replay/20261003T010503455221Z/Seed1Row_uv_17.log,General / shared,95,"Email supplement received 06:19:17 CEST, after cutoff; distinct from on-time PDF | email ZIP",https://mail.google.com/mail/u/0/#all/1a0fffd2419ec392,,contestants/E02/13-archives/Math_Competition_Completed_Results_Submission_Bundle.zip,Math_Competition_Completed_Results_Submission/Focus_Evidence/evidence/FOCUS-MATRIX/additional-seeds/seed_1/replay/20261003T010503455221Z/Seed1Row_uv_17.log,,8dcadfa1,Filename/path inference; editable in the app
350045,Focus_Evidence/evidence/FOCUS-MATRIX/additional-seeds/seed_1/replay/20261003T010503455221Z/Seed1Row_uv_18.log,General / shared,95,"Email supplement received 06:19:17 CEST, after cutoff; distinct from on-time PDF | email ZIP",https://mail.google.com/mail/u/0/#all/1a0fffd2419ec392,,contestants/E02/13-archives/Math_Competition_Completed_Results_Submission_Bundle.zip,Math_Competition_Completed_Results_Submission/Focus_Evidence/evidence/FOCUS-MATRIX/additional-seeds/seed_1/replay/20261003T010503455221Z/Seed1Row_uv_18.log,,89e36234,Filename/path inference; editable in the app
350047,Focus_Evidence/evidence/FOCUS-MATRIX/additional-seeds/seed_1/replay/20261003T010503455221Z/Seed1Row_uv_19.log,General / shared,95,"Email supplement received 06:19:17 CEST, after cutoff; distinct from on-time PDF | email ZIP",https://mail.google.com/mail/u/0/#all/1a0fffd2419ec392,,contestants/E02/13-archives/Math_Competition_Completed_Results_Submission_Bundle.zip,Math_Competition_Completed_Results_Submission/Focus_Evidence/evidence/FOCUS-MATRIX/additional-seeds/seed_1/replay/20261003T010503455221Z/Seed1Row_uv_19.log,,3ff88244,Filename/path inference; editable in the app
350049,Focus_Evidence/evidence/FOCUS-MATRIX/additional-seeds/seed_1/replay/20261003T010503455221Z/Seed1Row_uv_20.log,General / shared,95,"Email supplement received 06:19:17 CEST, after cutoff; distinct from on-time PDF | email ZIP",https://mail.google.com/mail/u/0/#all/1a0fffd2419ec392,,contestants/E02/13-archives/Math_Competition_Completed_Results_Submission_Bundle.zip,Math_Competition_Completed_Results_Submission/Focus_Evidence/evidence/FOCUS-MATRIX/additional-seeds/seed_1/replay/20261003T010503455221Z/Seed1Row_uv_20.log,,c8becd17,Filename/path inference; editable in the app
350051,Focus_Evidence/evidence/FOCUS-MATRIX/additional-seeds/seed_1/replay/20261003T010503455221Z/Seed1Row_uv_21.log,General / shared,95,"Email supplement received 06:19:17 CEST, after cutoff; distinct from on-time PDF | email ZIP",https://mail.google.com/mail/u/0/#all/1a0fffd2419ec392,,contestants/E02/13-archives/Math_Competition_Completed_Results_Submission_Bundle.zip,Math_Competition_Completed_Results_Submission/Focus_Evidence/evidence/FOCUS-MATRIX/additional-seeds/seed_1/replay/20261003T010503455221Z/Seed1Row_uv_21.log,,7ea52d67,Filename/path inference; editable in the app
350053,Focus_Evidence/evidence/FOCUS-MATRIX/additional-seeds/seed_1/replay/20261003T010503455221Z/Seed1Row_uv_22.log,General / shared,95,"Email supplement received 06:19:17 CEST, after cutoff; distinct from on-time PDF | email ZIP",https://mail.google.com/mail/u/0/#all/1a0fffd2419ec392,,contestants/E02/13-archives/Math_Competition_Completed_Results_Submission_Bundle.zip,Math_Competition_Completed_Results_Submission/Focus_Evidence/evidence/FOCUS-MATRIX/additional-seeds/seed_1/replay/20261003T010503455221Z/Seed1Row_uv_22.log,,7ff80bb6,Filename/path inference; editable in the app
350055,Focus_Evidence/evidence/FOCUS-MATRIX/additional-seeds/seed_1/replay/20261003T010503455221Z/Seed1Row_uw_00.log,General / shared,94,"Email supplement received 06:19:17 CEST, after cutoff; distinct from on-time PDF | email ZIP",https://mail.google.com/mail/u/0/#all/1a0fffd2419ec392,,contestants/E02/13-archives/Math_Competition_Completed_Results_Submission_Bundle.zip,Math_Competition_Completed_Results_Submission/Focus_Evidence/evidence/FOCUS-MATRIX/additional-seeds/seed_1/replay/20261003T010503455221Z/Seed1Row_uw_00.log,,bacba2d3,Filename/path inference; editable in the app
350057,Focus_Evidence/evidence/FOCUS-MATRIX/additional-seeds/seed_1/replay/20261003T010503455221Z/Seed1Row_uw_01.log,General / shared,94,"Email supplement received 06:19:17 CEST, after cutoff; distinct from on-time PDF | email ZIP",https://mail.google.com/mail/u/0/#all/1a0fffd2419ec392,,contestants/E02/13-archives/Math_Competition_Completed_Results_Submission_Bundle.zip,Math_Competition_Completed_Results_Submission/Focus_Evidence/evidence/FOCUS-MATRIX/additional-seeds/seed_1/replay/20261003T010503455221Z/Seed1Row_uw_01.log,,0cd042a3,Filename/path inference; editable in the app
350059,Focus_Evidence/evidence/FOCUS-MATRIX/additional-seeds/seed_1/replay/20261003T010503455221Z/Seed1Row_uw_02.log,General / shared,94,"Email supplement received 06:19:17 CEST, after cutoff; distinct from on-time PDF | email ZIP",https://mail.google.com/mail/u/0/#all/1a0fffd2419ec392,,contestants/E02/13-archives/Math_Competition_Completed_Results_Submission_Bundle.zip,Math_Competition_Completed_Results_Submission/Focus_Evidence/evidence/FOCUS-MATRIX/additional-seeds/seed_1/replay/20261003T010503455221Z/Seed1Row_uw_02.log,,0d8d6472,Filename/path inference; editable in the app
350061,Focus_Evidence/evidence/FOCUS-MATRIX/additional-seeds/seed_1/replay/20261003T010503455221Z/Seed1Row_uw_03.log,General / shared,94,"Email supplement received 06:19:17 CEST, after cutoff; distinct from on-time PDF | email ZIP",https://mail.google.com/mail/u/0/#all/1a0fffd2419ec392,,contestants/E02/13-archives/Math_Competition_Completed_Results_Submission_Bundle.zip,Math_Competition_Completed_Results_Submission/Focus_Evidence/evidence/FOCUS-MATRIX/additional-seeds/seed_1/replay/20261003T010503455221Z/Seed1Row_uw_03.log,,bb968402,Filename/path inference; editable in the app
350063,Focus_Evidence/evidence/FOCUS-MATRIX/additional-seeds/seed_1/replay/20261003T010503455221Z/Seed1Row_uw_04.log,General / shared,94,"Email supplement received 06:19:17 CEST, after cutoff; distinct from on-time PDF | email ZIP",https://mail.google.com/mail/u/0/#all/1a0fffd2419ec392,,contestants/E02/13-archives/Math_Competition_Completed_Results_Submission_Bundle.zip,Math_Competition_Completed_Results_Submission/Focus_Evidence/evidence/FOCUS-MATRIX/additional-seeds/seed_1/replay/20261003T010503455221Z/Seed1Row_uw_04.log,,0f3729d0,Filename/path inference; editable in the app
350065,Focus_Evidence/evidence/FOCUS-MATRIX/additional-seeds/seed_1/replay/20261003T010503455221Z/Seed1Row_uw_05.log,General / shared,94,"Email supplement received 06:19:17 CEST, after cutoff; distinct from on-time PDF | email ZIP",https://mail.google.com/mail/u/0/#all/1a0fffd2419ec392,,contestants/E02/13-archives/Math_Competition_Completed_Results_Submission_Bundle.zip,Math_Competition_Completed_Results_Submission/Focus_Evidence/evidence/FOCUS-MATRIX/additional-seeds/seed_1/replay/20261003T010503455221Z/Seed1Row_uw_05.log,,b92cc9a0,Filename/path inference; editable in the app
350067,Focus_Evidence/evidence/FOCUS-MATRIX/additional-seeds/seed_1/replay/20261003T010503455221Z/Seed1Row_uw_06.log,General / shared,94,"Email supplement received 06:19:17 CEST, after cutoff; distinct from on-time PDF | email ZIP",https://mail.google.com/mail/u/0/#all/1a0fffd2419ec392,,contestants/E02/13-archives/Math_Competition_Completed_Results_Submission_Bundle.zip,Math_Competition_Completed_Results_Submission/Focus_Evidence/evidence/FOCUS-MATRIX/additional-seeds/seed_1/replay/20261003T010503455221Z/Seed1Row_uw_06.log,,b871ef71,Filename/path inference; editable in the app
350069,Focus_Evidence/evidence/FOCUS-MATRIX/additional-seeds/seed_1/replay/20261003T010503455221Z/Seed1Row_uw_07.log,General / shared,94,"Email supplement received 06:19:17 CEST, after cutoff; distinct from on-time PDF | email ZIP",https://mail.google.com/mail/u/0/#all/1a0fffd2419ec392,,contestants/E02/13-archives/Math_Competition_Completed_Results_Submission_Bundle.zip,Math_Competition_Completed_Results_Submission/Focus_Evidence/evidence/FOCUS-MATRIX/additional-seeds/seed_1/replay/20261003T010503455221Z/Seed1Row_uw_07.log,,0e6a0f01,Filename/path inference; editable in the app
350071,Focus_Evidence/evidence/FOCUS-MATRIX/additional-seeds/seed_1/replay/20261003T010503455221Z/Seed1Row_uw_08.log,General / shared,94,"Email supplement received 06:19:17 CEST, after cutoff; distinct from on-time PDF | email ZIP",https://mail.google.com/mail/u/0/#all/1a0fffd2419ec392,,contestants/E02/13-archives/Math_Competition_Completed_Results_Submission_Bundle.zip,Math_Competition_Completed_Results_Submission/Focus_Evidence/evidence/FOCUS-MATRIX/additional-seeds/seed_1/replay/20261003T010503455221Z/Seed1Row_uw_08.log,,0a43b294,Filename/path inference; editable in the app
350073,Focus_Evidence/evidence/FOCUS-MATRIX/additional-seeds/seed_1/replay/20261003T010503455221Z/Seed1Row_uw_09.log,General / shared,94,"Email supplement received 06:19:17 CEST, after cutoff; distinct from on-time PDF | email ZIP",https://mail.google.com/mail/u/0/#all/1a0fffd2419ec392,,contestants/E02/13-archives/Math_Competition_Completed_Results_Submission_Bundle.zip,Math_Competition_Completed_Results_Submission/Focus_Evidence/evidence/FOCUS-MATRIX/additional-seeds/seed_1/replay/20261003T010503455221Z/Seed1Row_uw_09.log,,bc5852e4,Filename/path inference; editable in the app
350075,Focus_Evidence/evidence/FOCUS-MATRIX/additional-seeds/seed_1/replay/20261003T010503455221Z/Seed1Row_uw_10.log,General / shared,95,"Email supplement received 06:19:17 CEST, after cutoff; distinct from on-time PDF | email ZIP",https://mail.google.com/mail/u/0/#all/1a0fffd2419ec392,,contestants/E02/13-archives/Math_Competition_Completed_Results_Submission_Bundle.zip,Math_Competition_Completed_Results_Submission/Focus_Evidence/evidence/FOCUS-MATRIX/additional-seeds/seed_1/replay/20261003T010503455221Z/Seed1Row_uw_10.log,,b9812095,Filename/path inference; editable in the app
350077,Focus_Evidence/evidence/FOCUS-MATRIX/additional-seeds/seed_1/replay/20261003T010503455221Z/Seed1Row_uw_11.log,General / shared,95,"Email supplement received 06:19:17 CEST, after cutoff; distinct from on-time PDF | email ZIP",https://mail.google.com/mail/u/0/#all/1a0fffd2419ec392,,contestants/E02/13-archives/Math_Competition_Completed_Results_Submission_Bundle.zip,Math_Competition_Completed_Results_Submission/Focus_Evidence/evidence/FOCUS-MATRIX/additional-seeds/seed_1/replay/20261003T010503455221Z/Seed1Row_uw_11.log,,0f9ac0e5,Filename/path inference; editable in the app
350079,Focus_Evidence/evidence/FOCUS-MATRIX/additional-seeds/seed_1/replay/20261003T010503455221Z/Seed1Row_uw_12.log,General / shared,95,"Email supplement received 06:19:17 CEST, after cutoff; distinct from on-time PDF | email ZIP",https://mail.google.com/mail/u/0/#all/1a0fffd2419ec392,,contestants/E02/13-archives/Math_Competition_Completed_Results_Submission_Bundle.zip,Math_Competition_Completed_Results_Submission/Focus_Evidence/evidence/FOCUS-MATRIX/additional-seeds/seed_1/replay/20261003T010503455221Z/Seed1Row_uw_12.log,,0ec7e634,Filename/path inference; editable in the app
350081,Focus_Evidence/evidence/FOCUS-MATRIX/additional-seeds/seed_1/replay/20261003T010503455221Z/Seed1Row_uw_13.log,General / shared,95,"Email supplement received 06:19:17 CEST, after cutoff; distinct from on-time PDF | email ZIP",https://mail.google.com/mail/u/0/#all/1a0fffd2419ec392,,contestants/E02/13-archives/Math_Competition_Completed_Results_Submission_Bundle.zip,Math_Competition_Completed_Results_Submission/Focus_Evidence/evidence/FOCUS-MATRIX/additional-seeds/seed_1/replay/20261003T010503455221Z/Seed1Row_uw_13.log,,b8dc0644,Filename/path inference; editable in the app
350083,Focus_Evidence/evidence/FOCUS-MATRIX/additional-seeds/seed_1/replay/20261003T010503455221Z/Seed1Row_uw_14.log,General / shared,95,"Email supplement received 06:19:17 CEST, after cutoff; distinct from on-time PDF | email ZIP",https://mail.google.com/mail/u/0/#all/1a0fffd2419ec392,,contestants/E02/13-archives/Math_Competition_Completed_Results_Submission_Bundle.zip,Math_Competition_Completed_Results_Submission/Focus_Evidence/evidence/FOCUS-MATRIX/additional-seeds/seed_1/replay/20261003T010503455221Z/Seed1Row_uw_14.log,,0c7dab96,Filename/path inference; editable in the app
350085,Focus_Evidence/evidence/FOCUS-MATRIX/additional-seeds/seed_1/replay/20261003T010503455221Z/Seed1Row_uw_15.log,General / shared,95,"Email supplement received 06:19:17 CEST, after cutoff; distinct from on-time PDF | email ZIP",https://mail.google.com/mail/u/0/#all/1a0fffd2419ec392,,contestants/E02/13-archives/Math_Competition_Completed_Results_Submission_Bundle.zip,Math_Competition_Completed_Results_Submission/Focus_Evidence/evidence/FOCUS-MATRIX/additional-seeds/seed_1/replay/20261003T010503455221Z/Seed1Row_uw_15.log,,ba664be6,Filename/path inference; editable in the app
350087,Focus_Evidence/evidence/FOCUS-MATRIX/additional-seeds/seed_1/replay/20261003T010503455221Z/Seed1Row_uw_16.log,General / shared,95,"Email supplement received 06:19:17 CEST, after cutoff; distinct from on-time PDF | email ZIP",https://mail.google.com/mail/u/0/#all/1a0fffd2419ec392,,contestants/E02/13-archives/Math_Competition_Completed_Results_Submission_Bundle.zip,Math_Competition_Completed_Results_Submission/Focus_Evidence/evidence/FOCUS-MATRIX/additional-seeds/seed_1/replay/20261003T010503455221Z/Seed1Row_uw_16.log,,bb3b6d37,Filename/path inference; editable in the app
350089,Focus_Evidence/evidence/FOCUS-MATRIX/additional-seeds/seed_1/replay/20261003T010503455221Z/Seed1Row_uw_17.log,General / shared,95,"Email supplement received 06:19:17 CEST, after cutoff; distinct from on-time PDF | email ZIP",https://mail.google.com/mail/u/0/#all/1a0fffd2419ec392,,contestants/E02/13-archives/Math_Competition_Completed_Results_Submission_Bundle.zip,Math_Competition_Completed_Results_Submission/Focus_Evidence/evidence/FOCUS-MATRIX/additional-seeds/seed_1/replay/20261003T010503455221Z/Seed1Row_uw_17.log,,0d208d47,Filename/path inference; editable in the app
350091,Focus_Evidence/evidence/FOCUS-MATRIX/additional-seeds/seed_1/replay/20261003T010503455221Z/Seed1Row_uw_18.log,General / shared,95,"Email supplement received 06:19:17 CEST, after cutoff; distinct from on-time PDF | email ZIP",https://mail.google.com/mail/u/0/#all/1a0fffd2419ec392,,contestants/E02/13-archives/Math_Competition_Completed_Results_Submission_Bundle.zip,Math_Competition_Completed_Results_Submission/Focus_Evidence/evidence/FOCUS-MATRIX/additional-seeds/seed_1/replay/20261003T010503455221Z/Seed1Row_uw_18.log,,090930d2,Filename/path inference; editable in the app
350093,Focus_Evidence/evidence/FOCUS-MATRIX/additional-seeds/seed_1/replay/20261003T010503455221Z/Seed1Row_uw_19.log,General / shared,95,"Email supplement received 06:19:17 CEST, after cutoff; distinct from on-time PDF | email ZIP",https://mail.google.com/mail/u/0/#all/1a0fffd2419ec392,,contestants/E02/13-archives/Math_Competition_Completed_Results_Submission_Bundle.zip,Math_Competition_Completed_Results_Submission/Focus_Evidence/evidence/FOCUS-MATRIX/additional-seeds/seed_1/replay/20261003T010503455221Z/Seed1Row_uw_19.log,,bf12d0a2,Filename/path inference; editable in the app
350095,Focus_Evidence/evidence/FOCUS-MATRIX/additional-seeds/seed_1/replay/20261003T010503455221Z/Seed1Row_uw_20.log,General / shared,95,"Email supplement received 06:19:17 CEST, after cutoff; distinct from on-time PDF | email ZIP",https://mail.google.com/mail/u/0/#all/1a0fffd2419ec392,,contestants/E02/13-archives/Math_Competition_Completed_Results_Submission_Bundle.zip,Math_Competition_Completed_Results_Submission/Focus_Evidence/evidence/FOCUS-MATRIX/additional-seeds/seed_1/replay/20261003T010503455221Z/Seed1Row_uw_20.log,,48549ff1,Filename/path inference; editable in the app
350097,Focus_Evidence/evidence/FOCUS-MATRIX/additional-seeds/seed_1/replay/20261003T010503455221Z/Seed1Row_uw_21.log,General / shared,95,"Email supplement received 06:19:17 CEST, after cutoff; distinct from on-time PDF | email ZIP",https://mail.google.com/mail/u/0/#all/1a0fffd2419ec392,,contestants/E02/13-archives/Math_Competition_Completed_Results_Submission_Bundle.zip,Math_Competition_Completed_Results_Submission/Focus_Evidence/evidence/FOCUS-MATRIX/additional-seeds/seed_1/replay/20261003T010503455221Z/Seed1Row_uw_21.log,,fe4f7f81,Filename/path inference; editable in the app
350099,Focus_Evidence/evidence/FOCUS-MATRIX/additional-seeds/seed_1/replay/20261003T010503455221Z/Seed1Row_uw_22.log,General / shared,95,"Email supplement received 06:19:17 CEST, after cutoff; distinct from on-time PDF | email ZIP",https://mail.google.com/mail/u/0/#all/1a0fffd2419ec392,,contestants/E02/13-archives/Math_Competition_Completed_Results_Submission_Bundle.zip,Math_Competition_Completed_Results_Submission/Focus_Evidence/evidence/FOCUS-MATRIX/additional-seeds/seed_1/replay/20261003T010503455221Z/Seed1Row_uw_22.log,,ff125950,Filename/path inference; editable in the app
350101,Focus_Evidence/evidence/FOCUS-MATRIX/additional-seeds/seed_1/replay/20261003T010503455221Z/Seed1Row_vw_00.log,General / shared,94,"Email supplement received 06:19:17 CEST, after cutoff; distinct from on-time PDF | email ZIP",https://mail.google.com/mail/u/0/#all/1a0fffd2419ec392,,contestants/E02/13-archives/Math_Competition_Completed_Results_Submission_Bundle.zip,Math_Competition_Completed_Results_Submission/Focus_Evidence/evidence/FOCUS-MATRIX/additional-seeds/seed_1/replay/20261003T010503455221Z/Seed1Row_vw_00.log,,e08453b8,Filename/path inference; editable in the app
350103,Focus_Evidence/evidence/FOCUS-MATRIX/additional-seeds/seed_1/replay/20261003T010503455221Z/Seed1Row_vw_01.log,General / shared,94,"Email supplement received 06:19:17 CEST, after cutoff; distinct from on-time PDF | email ZIP",https://mail.google.com/mail/u/0/#all/1a0fffd2419ec392,,contestants/E02/13-archives/Math_Competition_Completed_Results_Submission_Bundle.zip,Math_Competition_Completed_Results_Submission/Focus_Evidence/evidence/FOCUS-MATRIX/additional-seeds/seed_1/replay/20261003T010503455221Z/Seed1Row_vw_01.log,,569fb3c8,Filename/path inference; editable in the app
350105,Focus_Evidence/evidence/FOCUS-MATRIX/additional-seeds/seed_1/replay/20261003T010503455221Z/Seed1Row_vw_02.log,General / shared,94,"Email supplement received 06:19:17 CEST, after cutoff; distinct from on-time PDF | email ZIP",https://mail.google.com/mail/u/0/#all/1a0fffd2419ec392,,contestants/E02/13-archives/Math_Competition_Completed_Results_Submission_Bundle.zip,Math_Competition_Completed_Results_Submission/Focus_Evidence/evidence/FOCUS-MATRIX/additional-seeds/seed_1/replay/20261003T010503455221Z/Seed1Row_vw_02.log,,57c29519,Filename/path inference; editable in the app
350107,Focus_Evidence/evidence/FOCUS-MATRIX/additional-seeds/seed_1/replay/20261003T010503455221Z/Seed1Row_vw_03.log,General / shared,94,"Email supplement received 06:19:17 CEST, after cutoff; distinct from on-time PDF | email ZIP",https://mail.google.com/mail/u/0/#all/1a0fffd2419ec392,,contestants/E02/13-archives/Math_Competition_Completed_Results_Submission_Bundle.zip,Math_Competition_Completed_Results_Submission/Focus_Evidence/evidence/FOCUS-MATRIX/additional-seeds/seed_1/replay/20261003T010503455221Z/Seed1Row_vw_03.log,,e1d97569,Filename/path inference; editable in the app
350109,Focus_Evidence/evidence/FOCUS-MATRIX/additional-seeds/seed_1/replay/20261003T010503455221Z/Seed1Row_vw_04.log,General / shared,94,"Email supplement received 06:19:17 CEST, after cutoff; distinct from on-time PDF | email ZIP",https://mail.google.com/mail/u/0/#all/1a0fffd2419ec392,,contestants/E02/13-archives/Math_Competition_Completed_Results_Submission_Bundle.zip,Math_Competition_Completed_Results_Submission/Focus_Evidence/evidence/FOCUS-MATRIX/additional-seeds/seed_1/replay/20261003T010503455221Z/Seed1Row_vw_04.log,,5578d8bb,Filename/path inference; editable in the app
350111,Focus_Evidence/evidence/FOCUS-MATRIX/additional-seeds/seed_1/replay/20261003T010503455221Z/Seed1Row_vw_05.log,General / shared,94,"Email supplement received 06:19:17 CEST, after cutoff; distinct from on-time PDF | email ZIP",https://mail.google.com/mail/u/0/#all/1a0fffd2419ec392,,contestants/E02/13-archives/Math_Competition_Completed_Results_Submission_Bundle.zip,Math_Competition_Completed_Results_Submission/Focus_Evidence/evidence/FOCUS-MATRIX/additional-seeds/seed_1/replay/20261003T010503455221Z/Seed1Row_vw_05.log,,e36338cb,Filename/path inference; editable in the app
350113,Focus_Evidence/evidence/FOCUS-MATRIX/additional-seeds/seed_1/replay/20261003T010503455221Z/Seed1Row_vw_06.log,General / shared,94,"Email supplement received 06:19:17 CEST, after cutoff; distinct from on-time PDF | email ZIP",https://mail.google.com/mail/u/0/#all/1a0fffd2419ec392,,contestants/E02/13-archives/Math_Competition_Completed_Results_Submission_Bundle.zip,Math_Competition_Completed_Results_Submission/Focus_Evidence/evidence/FOCUS-MATRIX/additional-seeds/seed_1/replay/20261003T010503455221Z/Seed1Row_vw_06.log,,e23e1e1a,Filename/path inference; editable in the app
350115,Focus_Evidence/evidence/FOCUS-MATRIX/additional-seeds/seed_1/replay/20261003T010503455221Z/Seed1Row_vw_07.log,General / shared,94,"Email supplement received 06:19:17 CEST, after cutoff; distinct from on-time PDF | email ZIP",https://mail.google.com/mail/u/0/#all/1a0fffd2419ec392,,contestants/E02/13-archives/Math_Competition_Completed_Results_Submission_Bundle.zip,Math_Competition_Completed_Results_Submission/Focus_Evidence/evidence/FOCUS-MATRIX/additional-seeds/seed_1/replay/20261003T010503455221Z/Seed1Row_vw_07.log,,5425fe6a,Filename/path inference; editable in the app
350117,Focus_Evidence/evidence/FOCUS-MATRIX/additional-seeds/seed_1/replay/20261003T010503455221Z/Seed1Row_vw_08.log,General / shared,94,"Email supplement received 06:19:17 CEST, after cutoff; distinct from on-time PDF | email ZIP",https://mail.google.com/mail/u/0/#all/1a0fffd2419ec392,,contestants/E02/13-archives/Math_Competition_Completed_Results_Submission_Bundle.zip,Math_Competition_Completed_Results_Submission/Focus_Evidence/evidence/FOCUS-MATRIX/additional-seeds/seed_1/replay/20261003T010503455221Z/Seed1Row_vw_08.log,,500c43ff,Filename/path inference; editable in the app
350119,Focus_Evidence/evidence/FOCUS-MATRIX/additional-seeds/seed_1/replay/20261003T010503455221Z/Seed1Row_vw_09.log,General / shared,94,"Email supplement received 06:19:17 CEST, after cutoff; distinct from on-time PDF | email ZIP",https://mail.google.com/mail/u/0/#all/1a0fffd2419ec392,,contestants/E02/13-archives/Math_Competition_Completed_Results_Submission_Bundle.zip,Math_Competition_Completed_Results_Submission/Focus_Evidence/evidence/FOCUS-MATRIX/additional-seeds/seed_1/replay/20261003T010503455221Z/Seed1Row_vw_09.log,,e617a38f,Filename/path inference; editable in the app
350121,Focus_Evidence/evidence/FOCUS-MATRIX/additional-seeds/seed_1/replay/20261003T010503455221Z/Seed1Row_vw_10.log,General / shared,95,"Email supplement received 06:19:17 CEST, after cutoff; distinct from on-time PDF | email ZIP",https://mail.google.com/mail/u/0/#all/1a0fffd2419ec392,,contestants/E02/13-archives/Math_Competition_Completed_Results_Submission_Bundle.zip,Math_Competition_Completed_Results_Submission/Focus_Evidence/evidence/FOCUS-MATRIX/additional-seeds/seed_1/replay/20261003T010503455221Z/Seed1Row_vw_10.log,,63bbd7b4,Filename/path inference; editable in the app
350123,Focus_Evidence/evidence/FOCUS-MATRIX/additional-seeds/seed_1/replay/20261003T010503455221Z/Seed1Row_vw_11.log,General / shared,95,"Email supplement received 06:19:17 CEST, after cutoff; distinct from on-time PDF | email ZIP",https://mail.google.com/mail/u/0/#all/1a0fffd2419ec392,,contestants/E02/13-archives/Math_Competition_Completed_Results_Submission_Bundle.zip,Math_Competition_Completed_Results_Submission/Focus_Evidence/evidence/FOCUS-MATRIX/additional-seeds/seed_1/replay/20261003T010503455221Z/Seed1Row_vw_11.log,,d5a037c4,Filename/path inference; editable in the app
350125,Focus_Evidence/evidence/FOCUS-MATRIX/additional-seeds/seed_1/replay/20261003T010503455221Z/Seed1Row_vw_12.log,General / shared,95,"Email supplement received 06:19:17 CEST, after cutoff; distinct from on-time PDF | email ZIP",https://mail.google.com/mail/u/0/#all/1a0fffd2419ec392,,contestants/E02/13-archives/Math_Competition_Completed_Results_Submission_Bundle.zip,Math_Competition_Completed_Results_Submission/Focus_Evidence/evidence/FOCUS-MATRIX/additional-seeds/seed_1/replay/20261003T010503455221Z/Seed1Row_vw_12.log,,d4fd1115,Filename/path inference; editable in the app
350127,Focus_Evidence/evidence/FOCUS-MATRIX/additional-seeds/seed_1/replay/20261003T010503455221Z/Seed1Row_vw_13.log,General / shared,95,"Email supplement received 06:19:17 CEST, after cutoff; distinct from on-time PDF | email ZIP",https://mail.google.com/mail/u/0/#all/1a0fffd2419ec392,,contestants/E02/13-archives/Math_Competition_Completed_Results_Submission_Bundle.zip,Math_Competition_Completed_Results_Submission/Focus_Evidence/evidence/FOCUS-MATRIX/additional-seeds/seed_1/replay/20261003T010503455221Z/Seed1Row_vw_13.log,,62e6f165,Filename/path inference; editable in the app
350129,Focus_Evidence/evidence/FOCUS-MATRIX/additional-seeds/seed_1/replay/20261003T010503455221Z/Seed1Row_vw_14.log,General / shared,95,"Email supplement received 06:19:17 CEST, after cutoff; distinct from on-time PDF | email ZIP",https://mail.google.com/mail/u/0/#all/1a0fffd2419ec392,,contestants/E02/13-archives/Math_Competition_Completed_Results_Submission_Bundle.zip,Math_Competition_Completed_Results_Submission/Focus_Evidence/evidence/FOCUS-MATRIX/additional-seeds/seed_1/replay/20261003T010503455221Z/Seed1Row_vw_14.log,,d6475cb7,Filename/path inference; editable in the app
350131,Focus_Evidence/evidence/FOCUS-MATRIX/additional-seeds/seed_1/replay/20261003T010503455221Z/Seed1Row_vw_15.log,General / shared,95,"Email supplement received 06:19:17 CEST, after cutoff; distinct from on-time PDF | email ZIP",https://mail.google.com/mail/u/0/#all/1a0fffd2419ec392,,contestants/E02/13-archives/Math_Competition_Completed_Results_Submission_Bundle.zip,Math_Competition_Completed_Results_Submission/Focus_Evidence/evidence/FOCUS-MATRIX/additional-seeds/seed_1/replay/20261003T010503455221Z/Seed1Row_vw_15.log,,605cbcc7,Filename/path inference; editable in the app
350133,Focus_Evidence/evidence/FOCUS-MATRIX/additional-seeds/seed_1/replay/20261003T010503455221Z/Seed1Row_vw_16.log,General / shared,95,"Email supplement received 06:19:17 CEST, after cutoff; distinct from on-time PDF | email ZIP",https://mail.google.com/mail/u/0/#all/1a0fffd2419ec392,,contestants/E02/13-archives/Math_Competition_Completed_Results_Submission_Bundle.zip,Math_Competition_Completed_Results_Submission/Focus_Evidence/evidence/FOCUS-MATRIX/additional-seeds/seed_1/replay/20261003T010503455221Z/Seed1Row_vw_16.log,,61019a16,Filename/path inference; editable in the app
350135,Focus_Evidence/evidence/FOCUS-MATRIX/additional-seeds/seed_1/replay/20261003T010503455221Z/Seed1Row_vw_17.log,General / shared,95,"Email supplement received 06:19:17 CEST, after cutoff; distinct from on-time PDF | email ZIP",https://mail.google.com/mail/u/0/#all/1a0fffd2419ec392,,contestants/E02/13-archives/Math_Competition_Completed_Results_Submission_Bundle.zip,Math_Competition_Completed_Results_Submission/Focus_Evidence/evidence/FOCUS-MATRIX/additional-seeds/seed_1/replay/20261003T010503455221Z/Seed1Row_vw_17.log,,d71a7a66,Filename/path inference; editable in the app
350137,Focus_Evidence/evidence/FOCUS-MATRIX/additional-seeds/seed_1/replay/20261003T010503455221Z/Seed1Row_vw_18.log,General / shared,95,"Email supplement received 06:19:17 CEST, after cutoff; distinct from on-time PDF | email ZIP",https://mail.google.com/mail/u/0/#all/1a0fffd2419ec392,,contestants/E02/13-archives/Math_Competition_Completed_Results_Submission_Bundle.zip,Math_Competition_Completed_Results_Submission/Focus_Evidence/evidence/FOCUS-MATRIX/additional-seeds/seed_1/replay/20261003T010503455221Z/Seed1Row_vw_18.log,,d333c7f3,Filename/path inference; editable in the app
350139,Focus_Evidence/evidence/FOCUS-MATRIX/additional-seeds/seed_1/replay/20261003T010503455221Z/Seed1Row_vw_19.log,General / shared,95,"Email supplement received 06:19:17 CEST, after cutoff; distinct from on-time PDF | email ZIP",https://mail.google.com/mail/u/0/#all/1a0fffd2419ec392,,contestants/E02/13-archives/Math_Competition_Completed_Results_Submission_Bundle.zip,Math_Competition_Completed_Results_Submission/Focus_Evidence/evidence/FOCUS-MATRIX/additional-seeds/seed_1/replay/20261003T010503455221Z/Seed1Row_vw_19.log,,65282783,Filename/path inference; editable in the app
350141,Focus_Evidence/evidence/FOCUS-MATRIX/additional-seeds/seed_1/replay/20261003T010503455221Z/Seed1Row_vw_20.log,General / shared,95,"Email supplement received 06:19:17 CEST, after cutoff; distinct from on-time PDF | email ZIP",https://mail.google.com/mail/u/0/#all/1a0fffd2419ec392,,contestants/E02/13-archives/Math_Competition_Completed_Results_Submission_Bundle.zip,Math_Competition_Completed_Results_Submission/Focus_Evidence/evidence/FOCUS-MATRIX/additional-seeds/seed_1/replay/20261003T010503455221Z/Seed1Row_vw_20.log,,926e68d0,Filename/path inference; editable in the app
350143,Focus_Evidence/evidence/FOCUS-MATRIX/additional-seeds/seed_1/replay/20261003T010503455221Z/Seed1Row_vw_21.log,General / shared,95,"Email supplement received 06:19:17 CEST, after cutoff; distinct from on-time PDF | email ZIP",https://mail.google.com/mail/u/0/#all/1a0fffd2419ec392,,contestants/E02/13-archives/Math_Competition_Completed_Results_Submission_Bundle.zip,Math_Competition_Completed_Results_Submission/Focus_Evidence/evidence/FOCUS-MATRIX/additional-seeds/seed_1/replay/20261003T010503455221Z/Seed1Row_vw_21.log,,247588a0,Filename/path inference; editable in the app
350145,Focus_Evidence/evidence/FOCUS-MATRIX/additional-seeds/seed_1/replay/20261003T010503455221Z/Seed1Row_vw_22.log,General / shared,95,"Email supplement received 06:19:17 CEST, after cutoff; distinct from on-time PDF | email ZIP",https://mail.google.com/mail/u/0/#all/1a0fffd2419ec392,,contestants/E02/13-archives/Math_Competition_Completed_Results_Submission_Bundle.zip,Math_Competition_Completed_Results_Submission/Focus_Evidence/evidence/FOCUS-MATRIX/additional-seeds/seed_1/replay/20261003T010503455221Z/Seed1Row_vw_22.log,,2528ae71,Filename/path inference; editable in the app
350225,Focus_Evidence/evidence/FOCUS-MATRIX/additional-seeds/seed_2/replay/20261003T010503455591Z/Seed2KernelData.log,General / shared,0,"Email supplement received 06:19:17 CEST, after cutoff; distinct from on-time PDF | email ZIP",https://mail.google.com/mail/u/0/#all/1a0fffd2419ec392,,contestants/E02/13-archives/Math_Competition_Completed_Results_Submission_Bundle.zip,Math_Competition_Completed_Results_Submission/Focus_Evidence/evidence/FOCUS-MATRIX/additional-seeds/seed_2/replay/20261003T010503455591Z/Seed2KernelData.log,,00000000,Filename/path inference; editable in the app
350227,Focus_Evidence/evidence/FOCUS-MATRIX/additional-seeds/seed_2/replay/20261003T010503455591Z/Seed2KernelFinal.log,General / shared,960,"Email supplement received 06:19:17 CEST, after cutoff; distinct from on-time PDF | email ZIP",https://mail.google.com/mail/u/0/#all/1a0fffd2419ec392,,contestants/E02/13-archives/Math_Competition_Completed_Results_Submission_Bundle.zip,Math_Competition_Completed_Results_Submission/Focus_Evidence/evidence/FOCUS-MATRIX/additional-seeds/seed_2/replay/20261003T010503455591Z/Seed2KernelFinal.log,,fb2f2206,Filename/path inference; editable in the app
350229,Focus_Evidence/evidence/FOCUS-MATRIX/additional-seeds/seed_2/replay/20261003T010503455591Z/Seed2Row_uv_00.log,General / shared,94,"Email supplement received 06:19:17 CEST, after cutoff; distinct from on-time PDF | email ZIP",https://mail.google.com/mail/u/0/#all/1a0fffd2419ec392,,contestants/E02/13-archives/Math_Competition_Completed_Results_Submission_Bundle.zip,Math_Competition_Completed_Results_Submission/Focus_Evidence/evidence/FOCUS-MATRIX/additional-seeds/seed_2/replay/20261003T010503455591Z/Seed2Row_uv_00.log,,80c5ea3f,Filename/path inference; editable in the app
350231,Focus_Evidence/evidence/FOCUS-MATRIX/additional-seeds/seed_2/replay/20261003T010503455591Z/Seed2Row_uv_01.log,General / shared,94,"Email supplement received 06:19:17 CEST, after cutoff; distinct from on-time PDF | email ZIP",https://mail.google.com/mail/u/0/#all/1a0fffd2419ec392,,contestants/E02/13-archives/Math_Competition_Completed_Results_Submission_Bundle.zip,Math_Competition_Completed_Results_Submission/Focus_Evidence/evidence/FOCUS-MATRIX/additional-seeds/seed_2/replay/20261003T010503455591Z/Seed2Row_uv_01.log,,36de0a4f,Filename/path inference; editable in the app
350233,Focus_Evidence/evidence/FOCUS-MATRIX/additional-seeds/seed_2/replay/20261003T010503455591Z/Seed2Row_uv_02.log,General / shared,94,"Email supplement received 06:19:17 CEST, after cutoff; distinct from on-time PDF | email ZIP",https://mail.google.com/mail/u/0/#all/1a0fffd2419ec392,,contestants/E02/13-archives/Math_Competition_Completed_Results_Submission_Bundle.zip,Math_Competition_Completed_Results_Submission/Focus_Evidence/evidence/FOCUS-MATRIX/additional-seeds/seed_2/replay/20261003T010503455591Z/Seed2Row_uv_02.log,,37832c9e,Filename/path inference; editable in the app
350235,Focus_Evidence/evidence/FOCUS-MATRIX/additional-seeds/seed_2/replay/20261003T010503455591Z/Seed2Row_uv_03.log,General / shared,94,"Email supplement received 06:19:17 CEST, after cutoff; distinct from on-time PDF | email ZIP",https://mail.google.com/mail/u/0/#all/1a0fffd2419ec392,,contestants/E02/13-archives/Math_Competition_Completed_Results_Submission_Bundle.zip,Math_Competition_Completed_Results_Submission/Focus_Evidence/evidence/FOCUS-MATRIX/additional-seeds/seed_2/replay/20261003T010503455591Z/Seed2Row_uv_03.log,,8198ccee,Filename/path inference; editable in the app
350237,Focus_Evidence/evidence/FOCUS-MATRIX/additional-seeds/seed_2/replay/20261003T010503455591Z/Seed2Row_uv_04.log,General / shared,94,"Email supplement received 06:19:17 CEST, after cutoff; distinct from on-time PDF | email ZIP",https://mail.google.com/mail/u/0/#all/1a0fffd2419ec392,,contestants/E02/13-archives/Math_Competition_Completed_Results_Submission_Bundle.zip,Math_Competition_Completed_Results_Submission/Focus_Evidence/evidence/FOCUS-MATRIX/additional-seeds/seed_2/replay/20261003T010503455591Z/Seed2Row_uv_04.log,,3539613c,Filename/path inference; editable in the app
350239,Focus_Evidence/evidence/FOCUS-MATRIX/additional-seeds/seed_2/replay/20261003T010503455591Z/Seed2Row_uv_05.log,General / shared,94,"Email supplement received 06:19:17 CEST, after cutoff; distinct from on-time PDF | email ZIP",https://mail.google.com/mail/u/0/#all/1a0fffd2419ec392,,contestants/E02/13-archives/Math_Competition_Completed_Results_Submission_Bundle.zip,Math_Competition_Completed_Results_Submission/Focus_Evidence/evidence/FOCUS-MATRIX/additional-seeds/seed_2/replay/20261003T010503455591Z/Seed2Row_uv_05.log,,8322814c,Filename/path inference; editable in the app
350241,Focus_Evidence/evidence/FOCUS-MATRIX/additional-seeds/seed_2/replay/20261003T010503455591Z/Seed2Row_uv_06.log,General / shared,94,"Email supplement received 06:19:17 CEST, after cutoff; distinct from on-time PDF | email ZIP",https://mail.google.com/mail/u/0/#all/1a0fffd2419ec392,,contestants/E02/13-archives/Math_Competition_Completed_Results_Submission_Bundle.zip,Math_Competition_Completed_Results_Submission/Focus_Evidence/evidence/FOCUS-MATRIX/additional-seeds/seed_2/replay/20261003T010503455591Z/Seed2Row_uv_06.log,,827fa79d,Filename/path inference; editable in the app
350243,Focus_Evidence/evidence/FOCUS-MATRIX/additional-seeds/seed_2/replay/20261003T010503455591Z/Seed2Row_uv_07.log,General / shared,94,"Email supplement received 06:19:17 CEST, after cutoff; distinct from on-time PDF | email ZIP",https://mail.google.com/mail/u/0/#all/1a0fffd2419ec392,,contestants/E02/13-archives/Math_Competition_Completed_Results_Submission_Bundle.zip,Math_Competition_Completed_Results_Submission/Focus_Evidence/evidence/FOCUS-MATRIX/additional-seeds/seed_2/replay/20261003T010503455591Z/Seed2Row_uv_07.log,,346447ed,Filename/path inference; editable in the app
350245,Focus_Evidence/evidence/FOCUS-MATRIX/additional-seeds/seed_2/replay/20261003T010503455591Z/Seed2Row_uv_08.log,General / shared,94,"Email supplement received 06:19:17 CEST, after cutoff; distinct from on-time PDF | email ZIP",https://mail.google.com/mail/u/0/#all/1a0fffd2419ec392,,contestants/E02/13-archives/Math_Competition_Completed_Results_Submission_Bundle.zip,Math_Competition_Completed_Results_Submission/Focus_Evidence/evidence/FOCUS-MATRIX/additional-seeds/seed_2/replay/20261003T010503455591Z/Seed2Row_uv_08.log,,304dfa78,Filename/path inference; editable in the app
350247,Focus_Evidence/evidence/FOCUS-MATRIX/additional-seeds/seed_2/replay/20261003T010503455591Z/Seed2Row_uv_09.log,General / shared,94,"Email supplement received 06:19:17 CEST, after cutoff; distinct from on-time PDF | email ZIP",https://mail.google.com/mail/u/0/#all/1a0fffd2419ec392,,contestants/E02/13-archives/Math_Competition_Completed_Results_Submission_Bundle.zip,Math_Competition_Completed_Results_Submission/Focus_Evidence/evidence/FOCUS-MATRIX/additional-seeds/seed_2/replay/20261003T010503455591Z/Seed2Row_uv_09.log,,86561a08,Filename/path inference; editable in the app
350249,Focus_Evidence/evidence/FOCUS-MATRIX/additional-seeds/seed_2/replay/20261003T010503455591Z/Seed2Row_uv_10.log,General / shared,95,"Email supplement received 06:19:17 CEST, after cutoff; distinct from on-time PDF | email ZIP",https://mail.google.com/mail/u/0/#all/1a0fffd2419ec392,,contestants/E02/13-archives/Math_Competition_Completed_Results_Submission_Bundle.zip,Math_Competition_Completed_Results_Submission/Focus_Evidence/evidence/FOCUS-MATRIX/additional-seeds/seed_2/replay/20261003T010503455591Z/Seed2Row_uv_10.log,,1007808e,Filename/path inference; editable in the app
350251,Focus_Evidence/evidence/FOCUS-MATRIX/additional-seeds/seed_2/replay/20261003T010503455591Z/Seed2Row_uv_11.log,General / shared,95,"Email supplement received 06:19:17 CEST, after cutoff; distinct from on-time PDF | email ZIP",https://mail.google.com/mail/u/0/#all/1a0fffd2419ec392,,contestants/E02/13-archives/Math_Competition_Completed_Results_Submission_Bundle.zip,Math_Competition_Completed_Results_Submission/Focus_Evidence/evidence/FOCUS-MATRIX/additional-seeds/seed_2/replay/20261003T010503455591Z/Seed2Row_uv_11.log,,a61c60fe,Filename/path inference; editable in the app
350253,Focus_Evidence/evidence/FOCUS-MATRIX/additional-seeds/seed_2/replay/20261003T010503455591Z/Seed2Row_uv_12.log,General / shared,95,"Email supplement received 06:19:17 CEST, after cutoff; distinct from on-time PDF | email ZIP",https://mail.google.com/mail/u/0/#all/1a0fffd2419ec392,,contestants/E02/13-archives/Math_Competition_Completed_Results_Submission_Bundle.zip,Math_Competition_Completed_Results_Submission/Focus_Evidence/evidence/FOCUS-MATRIX/additional-seeds/seed_2/replay/20261003T010503455591Z/Seed2Row_uv_12.log,,a741462f,Filename/path inference; editable in the app
350255,Focus_Evidence/evidence/FOCUS-MATRIX/additional-seeds/seed_2/replay/20261003T010503455591Z/Seed2Row_uv_13.log,General / shared,95,"Email supplement received 06:19:17 CEST, after cutoff; distinct from on-time PDF | email ZIP",https://mail.google.com/mail/u/0/#all/1a0fffd2419ec392,,contestants/E02/13-archives/Math_Competition_Completed_Results_Submission_Bundle.zip,Math_Competition_Completed_Results_Submission/Focus_Evidence/evidence/FOCUS-MATRIX/additional-seeds/seed_2/replay/20261003T010503455591Z/Seed2Row_uv_13.log,,115aa65f,Filename/path inference; editable in the app
350257,Focus_Evidence/evidence/FOCUS-MATRIX/additional-seeds/seed_2/replay/20261003T010503455591Z/Seed2Row_uv_14.log,General / shared,95,"Email supplement received 06:19:17 CEST, after cutoff; distinct from on-time PDF | email ZIP",https://mail.google.com/mail/u/0/#all/1a0fffd2419ec392,,contestants/E02/13-archives/Math_Competition_Completed_Results_Submission_Bundle.zip,Math_Competition_Completed_Results_Submission/Focus_Evidence/evidence/FOCUS-MATRIX/additional-seeds/seed_2/replay/20261003T010503455591Z/Seed2Row_uv_14.log,,a5fb0b8d,Filename/path inference; editable in the app
350259,Focus_Evidence/evidence/FOCUS-MATRIX/additional-seeds/seed_2/replay/20261003T010503455591Z/Seed2Row_uv_15.log,General / shared,95,"Email supplement received 06:19:17 CEST, after cutoff; distinct from on-time PDF | email ZIP",https://mail.google.com/mail/u/0/#all/1a0fffd2419ec392,,contestants/E02/13-archives/Math_Competition_Completed_Results_Submission_Bundle.zip,Math_Competition_Completed_Results_Submission/Focus_Evidence/evidence/FOCUS-MATRIX/additional-seeds/seed_2/replay/20261003T010503455591Z/Seed2Row_uv_15.log,,13e0ebfd,Filename/path inference; editable in the app
350261,Focus_Evidence/evidence/FOCUS-MATRIX/additional-seeds/seed_2/replay/20261003T010503455591Z/Seed2Row_uv_16.log,General / shared,95,"Email supplement received 06:19:17 CEST, after cutoff; distinct from on-time PDF | email ZIP",https://mail.google.com/mail/u/0/#all/1a0fffd2419ec392,,contestants/E02/13-archives/Math_Competition_Completed_Results_Submission_Bundle.zip,Math_Competition_Completed_Results_Submission/Focus_Evidence/evidence/FOCUS-MATRIX/additional-seeds/seed_2/replay/20261003T010503455591Z/Seed2Row_uv_16.log,,12bdcd2c,Filename/path inference; editable in the app
350263,Focus_Evidence/evidence/FOCUS-MATRIX/additional-seeds/seed_2/replay/20261003T010503455591Z/Seed2Row_uv_17.log,General / shared,95,"Email supplement received 06:19:17 CEST, after cutoff; distinct from on-time PDF | email ZIP",https://mail.google.com/mail/u/0/#all/1a0fffd2419ec392,,contestants/E02/13-archives/Math_Competition_Completed_Results_Submission_Bundle.zip,Math_Competition_Completed_Results_Submission/Focus_Evidence/evidence/FOCUS-MATRIX/additional-seeds/seed_2/replay/20261003T010503455591Z/Seed2Row_uv_17.log,,a4a62d5c,Filename/path inference; editable in the app
350265,Focus_Evidence/evidence/FOCUS-MATRIX/additional-seeds/seed_2/replay/20261003T010503455591Z/Seed2Row_uv_18.log,General / shared,95,"Email supplement received 06:19:17 CEST, after cutoff; distinct from on-time PDF | email ZIP",https://mail.google.com/mail/u/0/#all/1a0fffd2419ec392,,contestants/E02/13-archives/Math_Competition_Completed_Results_Submission_Bundle.zip,Math_Competition_Completed_Results_Submission/Focus_Evidence/evidence/FOCUS-MATRIX/additional-seeds/seed_2/replay/20261003T010503455591Z/Seed2Row_uv_18.log,,a08f90c9,Filename/path inference; editable in the app
350267,Focus_Evidence/evidence/FOCUS-MATRIX/additional-seeds/seed_2/replay/20261003T010503455591Z/Seed2Row_uv_19.log,General / shared,95,"Email supplement received 06:19:17 CEST, after cutoff; distinct from on-time PDF | email ZIP",https://mail.google.com/mail/u/0/#all/1a0fffd2419ec392,,contestants/E02/13-archives/Math_Competition_Completed_Results_Submission_Bundle.zip,Math_Competition_Completed_Results_Submission/Focus_Evidence/evidence/FOCUS-MATRIX/additional-seeds/seed_2/replay/20261003T010503455591Z/Seed2Row_uv_19.log,,169470b9,Filename/path inference; editable in the app
350269,Focus_Evidence/evidence/FOCUS-MATRIX/additional-seeds/seed_2/replay/20261003T010503455591Z/Seed2Row_uv_20.log,General / shared,95,"Email supplement received 06:19:17 CEST, after cutoff; distinct from on-time PDF | email ZIP",https://mail.google.com/mail/u/0/#all/1a0fffd2419ec392,,contestants/E02/13-archives/Math_Competition_Completed_Results_Submission_Bundle.zip,Math_Competition_Completed_Results_Submission/Focus_Evidence/evidence/FOCUS-MATRIX/additional-seeds/seed_2/replay/20261003T010503455591Z/Seed2Row_uv_20.log,,e1d23fea,Filename/path inference; editable in the app
350271,Focus_Evidence/evidence/FOCUS-MATRIX/additional-seeds/seed_2/replay/20261003T010503455591Z/Seed2Row_uv_21.log,General / shared,95,"Email supplement received 06:19:17 CEST, after cutoff; distinct from on-time PDF | email ZIP",https://mail.google.com/mail/u/0/#all/1a0fffd2419ec392,,contestants/E02/13-archives/Math_Competition_Completed_Results_Submission_Bundle.zip,Math_Competition_Completed_Results_Submission/Focus_Evidence/evidence/FOCUS-MATRIX/additional-seeds/seed_2/replay/20261003T010503455591Z/Seed2Row_uv_21.log,,57c9df9a,Filename/path inference; editable in the app
350273,Focus_Evidence/evidence/FOCUS-MATRIX/additional-seeds/seed_2/replay/20261003T010503455591Z/Seed2Row_uv_22.log,General / shared,95,"Email supplement received 06:19:17 CEST, after cutoff; distinct from on-time PDF | email ZIP",https://mail.google.com/mail/u/0/#all/1a0fffd2419ec392,,contestants/E02/13-archives/Math_Competition_Completed_Results_Submission_Bundle.zip,Math_Competition_Completed_Results_Submission/Focus_Evidence/evidence/FOCUS-MATRIX/additional-seeds/seed_2/replay/20261003T010503455591Z/Seed2Row_uv_22.log,,5694f94b,Filename/path inference; editable in the app
350275,Focus_Evidence/evidence/FOCUS-MATRIX/additional-seeds/seed_2/replay/20261003T010503455591Z/Seed2Row_uw_00.log,General / shared,94,"Email supplement received 06:19:17 CEST, after cutoff; distinct from on-time PDF | email ZIP",https://mail.google.com/mail/u/0/#all/1a0fffd2419ec392,,contestants/E02/13-archives/Math_Competition_Completed_Results_Submission_Bundle.zip,Math_Competition_Completed_Results_Submission/Focus_Evidence/evidence/FOCUS-MATRIX/additional-seeds/seed_2/replay/20261003T010503455591Z/Seed2Row_uw_00.log,,0ff0c7aa,Filename/path inference; editable in the app
350277,Focus_Evidence/evidence/FOCUS-MATRIX/additional-seeds/seed_2/replay/20261003T010503455591Z/Seed2Row_uw_01.log,General / shared,94,"Email supplement received 06:19:17 CEST, after cutoff; distinct from on-time PDF | email ZIP",https://mail.google.com/mail/u/0/#all/1a0fffd2419ec392,,contestants/E02/13-archives/Math_Competition_Completed_Results_Submission_Bundle.zip,Math_Competition_Completed_Results_Submission/Focus_Evidence/evidence/FOCUS-MATRIX/additional-seeds/seed_2/replay/20261003T010503455591Z/Seed2Row_uw_01.log,,b9eb27da,Filename/path inference; editable in the app
350279,Focus_Evidence/evidence/FOCUS-MATRIX/additional-seeds/seed_2/replay/20261003T010503455591Z/Seed2Row_uw_02.log,General / shared,94,"Email supplement received 06:19:17 CEST, after cutoff; distinct from on-time PDF | email ZIP",https://mail.google.com/mail/u/0/#all/1a0fffd2419ec392,,contestants/E02/13-archives/Math_Competition_Completed_Results_Submission_Bundle.zip,Math_Competition_Completed_Results_Submission/Focus_Evidence/evidence/FOCUS-MATRIX/additional-seeds/seed_2/replay/20261003T010503455591Z/Seed2Row_uw_02.log,,b8b6010b,Filename/path inference; editable in the app
350281,Focus_Evidence/evidence/FOCUS-MATRIX/additional-seeds/seed_2/replay/20261003T010503455591Z/Seed2Row_uw_03.log,General / shared,94,"Email supplement received 06:19:17 CEST, after cutoff; distinct from on-time PDF | email ZIP",https://mail.google.com/mail/u/0/#all/1a0fffd2419ec392,,contestants/E02/13-archives/Math_Competition_Completed_Results_Submission_Bundle.zip,Math_Competition_Completed_Results_Submission/Focus_Evidence/evidence/FOCUS-MATRIX/additional-seeds/seed_2/replay/20261003T010503455591Z/Seed2Row_uw_03.log,,0eade17b,Filename/path inference; editable in the app
350283,Focus_Evidence/evidence/FOCUS-MATRIX/additional-seeds/seed_2/replay/20261003T010503455591Z/Seed2Row_uw_04.log,General / shared,94,"Email supplement received 06:19:17 CEST, after cutoff; distinct from on-time PDF | email ZIP",https://mail.google.com/mail/u/0/#all/1a0fffd2419ec392,,contestants/E02/13-archives/Math_Competition_Completed_Results_Submission_Bundle.zip,Math_Competition_Completed_Results_Submission/Focus_Evidence/evidence/FOCUS-MATRIX/additional-seeds/seed_2/replay/20261003T010503455591Z/Seed2Row_uw_04.log,,ba0c4ca9,Filename/path inference; editable in the app
350285,Focus_Evidence/evidence/FOCUS-MATRIX/additional-seeds/seed_2/replay/20261003T010503455591Z/Seed2Row_uw_05.log,General / shared,94,"Email supplement received 06:19:17 CEST, after cutoff; distinct from on-time PDF | email ZIP",https://mail.google.com/mail/u/0/#all/1a0fffd2419ec392,,contestants/E02/13-archives/Math_Competition_Completed_Results_Submission_Bundle.zip,Math_Competition_Completed_Results_Submission/Focus_Evidence/evidence/FOCUS-MATRIX/additional-seeds/seed_2/replay/20261003T010503455591Z/Seed2Row_uw_05.log,,0c17acd9,Filename/path inference; editable in the app
350287,Focus_Evidence/evidence/FOCUS-MATRIX/additional-seeds/seed_2/replay/20261003T010503455591Z/Seed2Row_uw_06.log,General / shared,94,"Email supplement received 06:19:17 CEST, after cutoff; distinct from on-time PDF | email ZIP",https://mail.google.com/mail/u/0/#all/1a0fffd2419ec392,,contestants/E02/13-archives/Math_Competition_Completed_Results_Submission_Bundle.zip,Math_Competition_Completed_Results_Submission/Focus_Evidence/evidence/FOCUS-MATRIX/additional-seeds/seed_2/replay/20261003T010503455591Z/Seed2Row_uw_06.log,,0d4a8a08,Filename/path inference; editable in the app
350289,Focus_Evidence/evidence/FOCUS-MATRIX/additional-seeds/seed_2/replay/20261003T010503455591Z/Seed2Row_uw_07.log,General / shared,94,"Email supplement received 06:19:17 CEST, after cutoff; distinct from on-time PDF | email ZIP",https://mail.google.com/mail/u/0/#all/1a0fffd2419ec392,,contestants/E02/13-archives/Math_Competition_Completed_Results_Submission_Bundle.zip,Math_Competition_Completed_Results_Submission/Focus_Evidence/evidence/FOCUS-MATRIX/additional-seeds/seed_2/replay/20261003T010503455591Z/Seed2Row_uw_07.log,,bb516a78,Filename/path inference; editable in the app
350291,Focus_Evidence/evidence/FOCUS-MATRIX/additional-seeds/seed_2/replay/20261003T010503455591Z/Seed2Row_uw_08.log,General / shared,94,"Email supplement received 06:19:17 CEST, after cutoff; distinct from on-time PDF | email ZIP",https://mail.google.com/mail/u/0/#all/1a0fffd2419ec392,,contestants/E02/13-archives/Math_Competition_Completed_Results_Submission_Bundle.zip,Math_Competition_Completed_Results_Submission/Focus_Evidence/evidence/FOCUS-MATRIX/additional-seeds/seed_2/replay/20261003T010503455591Z/Seed2Row_uw_08.log,,bf78d7ed,Filename/path inference; editable in the app
350293,Focus_Evidence/evidence/FOCUS-MATRIX/additional-seeds/seed_2/replay/20261003T010503455591Z/Seed2Row_uw_09.log,General / shared,94,"Email supplement received 06:19:17 CEST, after cutoff; distinct from on-time PDF | email ZIP",https://mail.google.com/mail/u/0/#all/1a0fffd2419ec392,,contestants/E02/13-archives/Math_Competition_Completed_Results_Submission_Bundle.zip,Math_Competition_Completed_Results_Submission/Focus_Evidence/evidence/FOCUS-MATRIX/additional-seeds/seed_2/replay/20261003T010503455591Z/Seed2Row_uw_09.log,,0963379d,Filename/path inference; editable in the app
350295,Focus_Evidence/evidence/FOCUS-MATRIX/additional-seeds/seed_2/replay/20261003T010503455591Z/Seed2Row_uw_10.log,General / shared,95,"Email supplement received 06:19:17 CEST, after cutoff; distinct from on-time PDF | email ZIP",https://mail.google.com/mail/u/0/#all/1a0fffd2419ec392,,contestants/E02/13-archives/Math_Competition_Completed_Results_Submission_Bundle.zip,Math_Competition_Completed_Results_Submission/Focus_Evidence/evidence/FOCUS-MATRIX/additional-seeds/seed_2/replay/20261003T010503455591Z/Seed2Row_uw_10.log,,90edd268,Filename/path inference; editable in the app
350297,Focus_Evidence/evidence/FOCUS-MATRIX/additional-seeds/seed_2/replay/20261003T010503455591Z/Seed2Row_uw_11.log,General / shared,95,"Email supplement received 06:19:17 CEST, after cutoff; distinct from on-time PDF | email ZIP",https://mail.google.com/mail/u/0/#all/1a0fffd2419ec392,,contestants/E02/13-archives/Math_Competition_Completed_Results_Submission_Bundle.zip,Math_Competition_Completed_Results_Submission/Focus_Evidence/evidence/FOCUS-MATRIX/additional-seeds/seed_2/replay/20261003T010503455591Z/Seed2Row_uw_11.log,,26f63218,Filename/path inference; editable in the app
350299,Focus_Evidence/evidence/FOCUS-MATRIX/additional-seeds/seed_2/replay/20261003T010503455591Z/Seed2Row_uw_12.log,General / shared,95,"Email supplement received 06:19:17 CEST, after cutoff; distinct from on-time PDF | email ZIP",https://mail.google.com/mail/u/0/#all/1a0fffd2419ec392,,contestants/E02/13-archives/Math_Competition_Completed_Results_Submission_Bundle.zip,Math_Competition_Completed_Results_Submission/Focus_Evidence/evidence/FOCUS-MATRIX/additional-seeds/seed_2/replay/20261003T010503455591Z/Seed2Row_uw_12.log,,27ab14c9,Filename/path inference; editable in the app
350301,Focus_Evidence/evidence/FOCUS-MATRIX/additional-seeds/seed_2/replay/20261003T010503455591Z/Seed2Row_uw_13.log,General / shared,95,"Email supplement received 06:19:17 CEST, after cutoff; distinct from on-time PDF | email ZIP",https://mail.google.com/mail/u/0/#all/1a0fffd2419ec392,,contestants/E02/13-archives/Math_Competition_Completed_Results_Submission_Bundle.zip,Math_Competition_Completed_Results_Submission/Focus_Evidence/evidence/FOCUS-MATRIX/additional-seeds/seed_2/replay/20261003T010503455591Z/Seed2Row_uw_13.log,,91b0f4b9,Filename/path inference; editable in the app
350303,Focus_Evidence/evidence/FOCUS-MATRIX/additional-seeds/seed_2/replay/20261003T010503455591Z/Seed2Row_uw_14.log,General / shared,95,"Email supplement received 06:19:17 CEST, after cutoff; distinct from on-time PDF | email ZIP",https://mail.google.com/mail/u/0/#all/1a0fffd2419ec392,,contestants/E02/13-archives/Math_Competition_Completed_Results_Submission_Bundle.zip,Math_Competition_Completed_Results_Submission/Focus_Evidence/evidence/FOCUS-MATRIX/additional-seeds/seed_2/replay/20261003T010503455591Z/Seed2Row_uw_14.log,,2511596b,Filename/path inference; editable in the app
350305,Focus_Evidence/evidence/FOCUS-MATRIX/additional-seeds/seed_2/replay/20261003T010503455591Z/Seed2Row_uw_15.log,General / shared,95,"Email supplement received 06:19:17 CEST, after cutoff; distinct from on-time PDF | email ZIP",https://mail.google.com/mail/u/0/#all/1a0fffd2419ec392,,contestants/E02/13-archives/Math_Competition_Completed_Results_Submission_Bundle.zip,Math_Competition_Completed_Results_Submission/Focus_Evidence/evidence/FOCUS-MATRIX/additional-seeds/seed_2/replay/20261003T010503455591Z/Seed2Row_uw_15.log,,930ab91b,Filename/path inference; editable in the app
350307,Focus_Evidence/evidence/FOCUS-MATRIX/additional-seeds/seed_2/replay/20261003T010503455591Z/Seed2Row_uw_16.log,General / shared,95,"Email supplement received 06:19:17 CEST, after cutoff; distinct from on-time PDF | email ZIP",https://mail.google.com/mail/u/0/#all/1a0fffd2419ec392,,contestants/E02/13-archives/Math_Competition_Completed_Results_Submission_Bundle.zip,Math_Competition_Completed_Results_Submission/Focus_Evidence/evidence/FOCUS-MATRIX/additional-seeds/seed_2/replay/20261003T010503455591Z/Seed2Row_uw_16.log,,92579fca,Filename/path inference; editable in the app
350309,Focus_Evidence/evidence/FOCUS-MATRIX/additional-seeds/seed_2/replay/20261003T010503455591Z/Seed2Row_uw_17.log,General / shared,95,"Email supplement received 06:19:17 CEST, after cutoff; distinct from on-time PDF | email ZIP",https://mail.google.com/mail/u/0/#all/1a0fffd2419ec392,,contestants/E02/13-archives/Math_Competition_Completed_Results_Submission_Bundle.zip,Math_Competition_Completed_Results_Submission/Focus_Evidence/evidence/FOCUS-MATRIX/additional-seeds/seed_2/replay/20261003T010503455591Z/Seed2Row_uw_17.log,,244c7fba,Filename/path inference; editable in the app
350311,Focus_Evidence/evidence/FOCUS-MATRIX/additional-seeds/seed_2/replay/20261003T010503455591Z/Seed2Row_uw_18.log,General / shared,95,"Email supplement received 06:19:17 CEST, after cutoff; distinct from on-time PDF | email ZIP",https://mail.google.com/mail/u/0/#all/1a0fffd2419ec392,,contestants/E02/13-archives/Math_Competition_Completed_Results_Submission_Bundle.zip,Math_Competition_Completed_Results_Submission/Focus_Evidence/evidence/FOCUS-MATRIX/additional-seeds/seed_2/replay/20261003T010503455591Z/Seed2Row_uw_18.log,,2065c22f,Filename/path inference; editable in the app
350313,Focus_Evidence/evidence/FOCUS-MATRIX/additional-seeds/seed_2/replay/20261003T010503455591Z/Seed2Row_uw_19.log,General / shared,95,"Email supplement received 06:19:17 CEST, after cutoff; distinct from on-time PDF | email ZIP",https://mail.google.com/mail/u/0/#all/1a0fffd2419ec392,,contestants/E02/13-archives/Math_Competition_Completed_Results_Submission_Bundle.zip,Math_Competition_Completed_Results_Submission/Focus_Evidence/evidence/FOCUS-MATRIX/additional-seeds/seed_2/replay/20261003T010503455591Z/Seed2Row_uw_19.log,,967e225f,Filename/path inference; editable in the app
350315,Focus_Evidence/evidence/FOCUS-MATRIX/additional-seeds/seed_2/replay/20261003T010503455591Z/Seed2Row_uw_20.log,General / shared,95,"Email supplement received 06:19:17 CEST, after cutoff; distinct from on-time PDF | email ZIP",https://mail.google.com/mail/u/0/#all/1a0fffd2419ec392,,contestants/E02/13-archives/Math_Competition_Completed_Results_Submission_Bundle.zip,Math_Competition_Completed_Results_Submission/Focus_Evidence/evidence/FOCUS-MATRIX/additional-seeds/seed_2/replay/20261003T010503455591Z/Seed2Row_uw_20.log,,61386d0c,Filename/path inference; editable in the app
350317,Focus_Evidence/evidence/FOCUS-MATRIX/additional-seeds/seed_2/replay/20261003T010503455591Z/Seed2Row_uw_21.log,General / shared,95,"Email supplement received 06:19:17 CEST, after cutoff; distinct from on-time PDF | email ZIP",https://mail.google.com/mail/u/0/#all/1a0fffd2419ec392,,contestants/E02/13-archives/Math_Competition_Completed_Results_Submission_Bundle.zip,Math_Competition_Completed_Results_Submission/Focus_Evidence/evidence/FOCUS-MATRIX/additional-seeds/seed_2/replay/20261003T010503455591Z/Seed2Row_uw_21.log,,d7238d7c,Filename/path inference; editable in the app
350319,Focus_Evidence/evidence/FOCUS-MATRIX/additional-seeds/seed_2/replay/20261003T010503455591Z/Seed2Row_uw_22.log,General / shared,95,"Email supplement received 06:19:17 CEST, after cutoff; distinct from on-time PDF | email ZIP",https://mail.google.com/mail/u/0/#all/1a0fffd2419ec392,,contestants/E02/13-archives/Math_Competition_Completed_Results_Submission_Bundle.zip,Math_Competition_Completed_Results_Submission/Focus_Evidence/evidence/FOCUS-MATRIX/additional-seeds/seed_2/replay/20261003T010503455591Z/Seed2Row_uw_22.log,,d67eabad,Filename/path inference; editable in the app
350321,Focus_Evidence/evidence/FOCUS-MATRIX/additional-seeds/seed_2/replay/20261003T010503455591Z/Seed2Row_vw_00.log,General / shared,94,"Email supplement received 06:19:17 CEST, after cutoff; distinct from on-time PDF | email ZIP",https://mail.google.com/mail/u/0/#all/1a0fffd2419ec392,,contestants/E02/13-archives/Math_Competition_Completed_Results_Submission_Bundle.zip,Math_Competition_Completed_Results_Submission/Focus_Evidence/evidence/FOCUS-MATRIX/additional-seeds/seed_2/replay/20261003T010503455591Z/Seed2Row_vw_00.log,,55bf36c1,Filename/path inference; editable in the app
350323,Focus_Evidence/evidence/FOCUS-MATRIX/additional-seeds/seed_2/replay/20261003T010503455591Z/Seed2Row_vw_01.log,General / shared,94,"Email supplement received 06:19:17 CEST, after cutoff; distinct from on-time PDF | email ZIP",https://mail.google.com/mail/u/0/#all/1a0fffd2419ec392,,contestants/E02/13-archives/Math_Competition_Completed_Results_Submission_Bundle.zip,Math_Competition_Completed_Results_Submission/Focus_Evidence/evidence/FOCUS-MATRIX/additional-seeds/seed_2/replay/20261003T010503455591Z/Seed2Row_vw_01.log,,e3a4d6b1,Filename/path inference; editable in the app
350325,Focus_Evidence/evidence/FOCUS-MATRIX/additional-seeds/seed_2/replay/20261003T010503455591Z/Seed2Row_vw_02.log,General / shared,94,"Email supplement received 06:19:17 CEST, after cutoff; distinct from on-time PDF | email ZIP",https://mail.google.com/mail/u/0/#all/1a0fffd2419ec392,,contestants/E02/13-archives/Math_Competition_Completed_Results_Submission_Bundle.zip,Math_Competition_Completed_Results_Submission/Focus_Evidence/evidence/FOCUS-MATRIX/additional-seeds/seed_2/replay/20261003T010503455591Z/Seed2Row_vw_02.log,,e2f9f060,Filename/path inference; editable in the app
350327,Focus_Evidence/evidence/FOCUS-MATRIX/additional-seeds/seed_2/replay/20261003T010503455591Z/Seed2Row_vw_03.log,General / shared,94,"Email supplement received 06:19:17 CEST, after cutoff; distinct from on-time PDF | email ZIP",https://mail.google.com/mail/u/0/#all/1a0fffd2419ec392,,contestants/E02/13-archives/Math_Competition_Completed_Results_Submission_Bundle.zip,Math_Competition_Completed_Results_Submission/Focus_Evidence/evidence/FOCUS-MATRIX/additional-seeds/seed_2/replay/20261003T010503455591Z/Seed2Row_vw_03.log,,54e21010,Filename/path inference; editable in the app
350329,Focus_Evidence/evidence/FOCUS-MATRIX/additional-seeds/seed_2/replay/20261003T010503455591Z/Seed2Row_vw_04.log,General / shared,94,"Email supplement received 06:19:17 CEST, after cutoff; distinct from on-time PDF | email ZIP",https://mail.google.com/mail/u/0/#all/1a0fffd2419ec392,,contestants/E02/13-archives/Math_Competition_Completed_Results_Submission_Bundle.zip,Math_Competition_Completed_Results_Submission/Focus_Evidence/evidence/FOCUS-MATRIX/additional-seeds/seed_2/replay/20261003T010503455591Z/Seed2Row_vw_04.log,,e043bdc2,Filename/path inference; editable in the app
350331,Focus_Evidence/evidence/FOCUS-MATRIX/additional-seeds/seed_2/replay/20261003T010503455591Z/Seed2Row_vw_05.log,General / shared,94,"Email supplement received 06:19:17 CEST, after cutoff; distinct from on-time PDF | email ZIP",https://mail.google.com/mail/u/0/#all/1a0fffd2419ec392,,contestants/E02/13-archives/Math_Competition_Completed_Results_Submission_Bundle.zip,Math_Competition_Completed_Results_Submission/Focus_Evidence/evidence/FOCUS-MATRIX/additional-seeds/seed_2/replay/20261003T010503455591Z/Seed2Row_vw_05.log,,56585db2,Filename/path inference; editable in the app
350333,Focus_Evidence/evidence/FOCUS-MATRIX/additional-seeds/seed_2/replay/20261003T010503455591Z/Seed2Row_vw_06.log,General / shared,94,"Email supplement received 06:19:17 CEST, after cutoff; distinct from on-time PDF | email ZIP",https://mail.google.com/mail/u/0/#all/1a0fffd2419ec392,,contestants/E02/13-archives/Math_Competition_Completed_Results_Submission_Bundle.zip,Math_Competition_Completed_Results_Submission/Focus_Evidence/evidence/FOCUS-MATRIX/additional-seeds/seed_2/replay/20261003T010503455591Z/Seed2Row_vw_06.log,,57057b63,Filename/path inference; editable in the app
350335,Focus_Evidence/evidence/FOCUS-MATRIX/additional-seeds/seed_2/replay/20261003T010503455591Z/Seed2Row_vw_07.log,General / shared,94,"Email supplement received 06:19:17 CEST, after cutoff; distinct from on-time PDF | email ZIP",https://mail.google.com/mail/u/0/#all/1a0fffd2419ec392,,contestants/E02/13-archives/Math_Competition_Completed_Results_Submission_Bundle.zip,Math_Competition_Completed_Results_Submission/Focus_Evidence/evidence/FOCUS-MATRIX/additional-seeds/seed_2/replay/20261003T010503455591Z/Seed2Row_vw_07.log,,e11e9b13,Filename/path inference; editable in the app
350337,Focus_Evidence/evidence/FOCUS-MATRIX/additional-seeds/seed_2/replay/20261003T010503455591Z/Seed2Row_vw_08.log,General / shared,94,"Email supplement received 06:19:17 CEST, after cutoff; distinct from on-time PDF | email ZIP",https://mail.google.com/mail/u/0/#all/1a0fffd2419ec392,,contestants/E02/13-archives/Math_Competition_Completed_Results_Submission_Bundle.zip,Math_Competition_Completed_Results_Submission/Focus_Evidence/evidence/FOCUS-MATRIX/additional-seeds/seed_2/replay/20261003T010503455591Z/Seed2Row_vw_08.log,,e5372686,Filename/path inference; editable in the app
350339,Focus_Evidence/evidence/FOCUS-MATRIX/additional-seeds/seed_2/replay/20261003T010503455591Z/Seed2Row_vw_09.log,General / shared,94,"Email supplement received 06:19:17 CEST, after cutoff; distinct from on-time PDF | email ZIP",https://mail.google.com/mail/u/0/#all/1a0fffd2419ec392,,contestants/E02/13-archives/Math_Competition_Completed_Results_Submission_Bundle.zip,Math_Competition_Completed_Results_Submission/Focus_Evidence/evidence/FOCUS-MATRIX/additional-seeds/seed_2/replay/20261003T010503455591Z/Seed2Row_vw_09.log,,532cc6f6,Filename/path inference; editable in the app
350341,Focus_Evidence/evidence/FOCUS-MATRIX/additional-seeds/seed_2/replay/20261003T010503455591Z/Seed2Row_vw_10.log,General / shared,95,"Email supplement received 06:19:17 CEST, after cutoff; distinct from on-time PDF | email ZIP",https://mail.google.com/mail/u/0/#all/1a0fffd2419ec392,,contestants/E02/13-archives/Math_Competition_Completed_Results_Submission_Bundle.zip,Math_Competition_Completed_Results_Submission/Focus_Evidence/evidence/FOCUS-MATRIX/additional-seeds/seed_2/replay/20261003T010503455591Z/Seed2Row_vw_10.log,,4ad72549,Filename/path inference; editable in the app
350343,Focus_Evidence/evidence/FOCUS-MATRIX/additional-seeds/seed_2/replay/20261003T010503455591Z/Seed2Row_vw_11.log,General / shared,95,"Email supplement received 06:19:17 CEST, after cutoff; distinct from on-time PDF | email ZIP",https://mail.google.com/mail/u/0/#all/1a0fffd2419ec392,,contestants/E02/13-archives/Math_Competition_Completed_Results_Submission_Bundle.zip,Math_Competition_Completed_Results_Submission/Focus_Evidence/evidence/FOCUS-MATRIX/additional-seeds/seed_2/replay/20261003T010503455591Z/Seed2Row_vw_11.log,,fcccc539,Filename/path inference; editable in the app
350345,Focus_Evidence/evidence/FOCUS-MATRIX/additional-seeds/seed_2/replay/20261003T010503455591Z/Seed2Row_vw_12.log,General / shared,95,"Email supplement received 06:19:17 CEST, after cutoff; distinct from on-time PDF | email ZIP",https://mail.google.com/mail/u/0/#all/1a0fffd2419ec392,,contestants/E02/13-archives/Math_Competition_Completed_Results_Submission_Bundle.zip,Math_Competition_Completed_Results_Submission/Focus_Evidence/evidence/FOCUS-MATRIX/additional-seeds/seed_2/replay/20261003T010503455591Z/Seed2Row_vw_12.log,,fd91e3e8,Filename/path inference; editable in the app
350347,Focus_Evidence/evidence/FOCUS-MATRIX/additional-seeds/seed_2/replay/20261003T010503455591Z/Seed2Row_vw_13.log,General / shared,95,"Email supplement received 06:19:17 CEST, after cutoff; distinct from on-time PDF | email ZIP",https://mail.google.com/mail/u/0/#all/1a0fffd2419ec392,,contestants/E02/13-archives/Math_Competition_Completed_Results_Submission_Bundle.zip,Math_Competition_Completed_Results_Submission/Focus_Evidence/evidence/FOCUS-MATRIX/additional-seeds/seed_2/replay/20261003T010503455591Z/Seed2Row_vw_13.log,,4b8a0398,Filename/path inference; editable in the app
350349,Focus_Evidence/evidence/FOCUS-MATRIX/additional-seeds/seed_2/replay/20261003T010503455591Z/Seed2Row_vw_14.log,General / shared,95,"Email supplement received 06:19:17 CEST, after cutoff; distinct from on-time PDF | email ZIP",https://mail.google.com/mail/u/0/#all/1a0fffd2419ec392,,contestants/E02/13-archives/Math_Competition_Completed_Results_Submission_Bundle.zip,Math_Competition_Completed_Results_Submission/Focus_Evidence/evidence/FOCUS-MATRIX/additional-seeds/seed_2/replay/20261003T010503455591Z/Seed2Row_vw_14.log,,ff2bae4a,Filename/path inference; editable in the app
350351,Focus_Evidence/evidence/FOCUS-MATRIX/additional-seeds/seed_2/replay/20261003T010503455591Z/Seed2Row_vw_15.log,General / shared,95,"Email supplement received 06:19:17 CEST, after cutoff; distinct from on-time PDF | email ZIP",https://mail.google.com/mail/u/0/#all/1a0fffd2419ec392,,contestants/E02/13-archives/Math_Competition_Completed_Results_Submission_Bundle.zip,Math_Competition_Completed_Results_Submission/Focus_Evidence/evidence/FOCUS-MATRIX/additional-seeds/seed_2/replay/20261003T010503455591Z/Seed2Row_vw_15.log,,49304e3a,Filename/path inference; editable in the app
350353,Focus_Evidence/evidence/FOCUS-MATRIX/additional-seeds/seed_2/replay/20261003T010503455591Z/Seed2Row_vw_16.log,General / shared,95,"Email supplement received 06:19:17 CEST, after cutoff; distinct from on-time PDF | email ZIP",https://mail.google.com/mail/u/0/#all/1a0fffd2419ec392,,contestants/E02/13-archives/Math_Competition_Completed_Results_Submission_Bundle.zip,Math_Competition_Completed_Results_Submission/Focus_Evidence/evidence/FOCUS-MATRIX/additional-seeds/seed_2/replay/20261003T010503455591Z/Seed2Row_vw_16.log,,486d68eb,Filename/path inference; editable in the app
350355,Focus_Evidence/evidence/FOCUS-MATRIX/additional-seeds/seed_2/replay/20261003T010503455591Z/Seed2Row_vw_17.log,General / shared,95,"Email supplement received 06:19:17 CEST, after cutoff; distinct from on-time PDF | email ZIP",https://mail.google.com/mail/u/0/#all/1a0fffd2419ec392,,contestants/E02/13-archives/Math_Competition_Completed_Results_Submission_Bundle.zip,Math_Competition_Completed_Results_Submission/Focus_Evidence/evidence/FOCUS-MATRIX/additional-seeds/seed_2/replay/20261003T010503455591Z/Seed2Row_vw_17.log,,fe76889b,Filename/path inference; editable in the app
350357,Focus_Evidence/evidence/FOCUS-MATRIX/additional-seeds/seed_2/replay/20261003T010503455591Z/Seed2Row_vw_18.log,General / shared,95,"Email supplement received 06:19:17 CEST, after cutoff; distinct from on-time PDF | email ZIP",https://mail.google.com/mail/u/0/#all/1a0fffd2419ec392,,contestants/E02/13-archives/Math_Competition_Completed_Results_Submission_Bundle.zip,Math_Competition_Completed_Results_Submission/Focus_Evidence/evidence/FOCUS-MATRIX/additional-seeds/seed_2/replay/20261003T010503455591Z/Seed2Row_vw_18.log,,fa5f350e,Filename/path inference; editable in the app
350359,Focus_Evidence/evidence/FOCUS-MATRIX/additional-seeds/seed_2/replay/20261003T010503455591Z/Seed2Row_vw_19.log,General / shared,95,"Email supplement received 06:19:17 CEST, after cutoff; distinct from on-time PDF | email ZIP",https://mail.google.com/mail/u/0/#all/1a0fffd2419ec392,,contestants/E02/13-archives/Math_Competition_Completed_Results_Submission_Bundle.zip,Math_Competition_Completed_Results_Submission/Focus_Evidence/evidence/FOCUS-MATRIX/additional-seeds/seed_2/replay/20261003T010503455591Z/Seed2Row_vw_19.log,,4c44d57e,Filename/path inference; editable in the app
350361,Focus_Evidence/evidence/FOCUS-MATRIX/additional-seeds/seed_2/replay/20261003T010503455591Z/Seed2Row_vw_20.log,General / shared,95,"Email supplement received 06:19:17 CEST, after cutoff; distinct from on-time PDF | email ZIP",https://mail.google.com/mail/u/0/#all/1a0fffd2419ec392,,contestants/E02/13-archives/Math_Competition_Completed_Results_Submission_Bundle.zip,Math_Competition_Completed_Results_Submission/Focus_Evidence/evidence/FOCUS-MATRIX/additional-seeds/seed_2/replay/20261003T010503455591Z/Seed2Row_vw_20.log,,bb029a2d,Filename/path inference; editable in the app
350363,Focus_Evidence/evidence/FOCUS-MATRIX/additional-seeds/seed_2/replay/20261003T010503455591Z/Seed2Row_vw_21.log,General / shared,95,"Email supplement received 06:19:17 CEST, after cutoff; distinct from on-time PDF | email ZIP",https://mail.google.com/mail/u/0/#all/1a0fffd2419ec392,,contestants/E02/13-archives/Math_Competition_Completed_Results_Submission_Bundle.zip,Math_Competition_Completed_Results_Submission/Focus_Evidence/evidence/FOCUS-MATRIX/additional-seeds/seed_2/replay/20261003T010503455591Z/Seed2Row_vw_21.log,,0d197a5d,Filename/path inference; editable in the app
350365,Focus_Evidence/evidence/FOCUS-MATRIX/additional-seeds/seed_2/replay/20261003T010503455591Z/Seed2Row_vw_22.log,General / shared,95,"Email supplement received 06:19:17 CEST, after cutoff; distinct from on-time PDF | email ZIP",https://mail.google.com/mail/u/0/#all/1a0fffd2419ec392,,contestants/E02/13-archives/Math_Competition_Completed_Results_Submission_Bundle.zip,Math_Competition_Completed_Results_Submission/Focus_Evidence/evidence/FOCUS-MATRIX/additional-seeds/seed_2/replay/20261003T010503455591Z/Seed2Row_vw_22.log,,0c445c8c,Filename/path inference; editable in the app
350372,Focus_Evidence/evidence/FOCUS-MATRIX/kernel/KernelData.log,General / shared,0,"Email supplement received 06:19:17 CEST, after cutoff; distinct from on-time PDF | email ZIP",https://mail.google.com/mail/u/0/#all/1a0fffd2419ec392,,contestants/E02/13-archives/Math_Competition_Completed_Results_Submission_Bundle.zip,Math_Competition_Completed_Results_Submission/Focus_Evidence/evidence/FOCUS-MATRIX/kernel/KernelData.log,,00000000,Filename/path inference; editable in the app
350374,Focus_Evidence/evidence/FOCUS-MATRIX/kernel/KernelFinal.log,General / shared,915,"Email supplement received 06:19:17 CEST, after cutoff; distinct from on-time PDF | email ZIP",https://mail.google.com/mail/u/0/#all/1a0fffd2419ec392,,contestants/E02/13-archives/Math_Competition_Completed_Results_Submission_Bundle.zip,Math_Competition_Completed_Results_Submission/Focus_Evidence/evidence/FOCUS-MATRIX/kernel/KernelFinal.log,,914f90ee,Filename/path inference; editable in the app
350377,Focus_Evidence/evidence/FOCUS-MATRIX/kernel/Row_uv_00.log,General / shared,89,"Email supplement received 06:19:17 CEST, after cutoff; distinct from on-time PDF | email ZIP",https://mail.google.com/mail/u/0/#all/1a0fffd2419ec392,,contestants/E02/13-archives/Math_Competition_Completed_Results_Submission_Bundle.zip,Math_Competition_Completed_Results_Submission/Focus_Evidence/evidence/FOCUS-MATRIX/kernel/Row_uv_00.log,,bdf96a21,Filename/path inference; editable in the app
350379,Focus_Evidence/evidence/FOCUS-MATRIX/kernel/Row_uv_01.log,General / shared,89,"Email supplement received 06:19:17 CEST, after cutoff; distinct from on-time PDF | email ZIP",https://mail.google.com/mail/u/0/#all/1a0fffd2419ec392,,contestants/E02/13-archives/Math_Competition_Completed_Results_Submission_Bundle.zip,Math_Competition_Completed_Results_Submission/Focus_Evidence/evidence/FOCUS-MATRIX/kernel/Row_uv_01.log,,0be28a51,Filename/path inference; editable in the app
350381,Focus_Evidence/evidence/FOCUS-MATRIX/kernel/Row_uv_02.log,General / shared,89,"Email supplement received 06:19:17 CEST, after cutoff; distinct from on-time PDF | email ZIP",https://mail.google.com/mail/u/0/#all/1a0fffd2419ec392,,contestants/E02/13-archives/Math_Competition_Completed_Results_Submission_Bundle.zip,Math_Competition_Completed_Results_Submission/Focus_Evidence/evidence/FOCUS-MATRIX/kernel/Row_uv_02.log,,0abfac80,Filename/path inference; editable in the app
350383,Focus_Evidence/evidence/FOCUS-MATRIX/kernel/Row_uv_03.log,General / shared,89,"Email supplement received 06:19:17 CEST, after cutoff; distinct from on-time PDF | email ZIP",https://mail.google.com/mail/u/0/#all/1a0fffd2419ec392,,contestants/E02/13-archives/Math_Competition_Completed_Results_Submission_Bundle.zip,Math_Competition_Completed_Results_Submission/Focus_Evidence/evidence/FOCUS-MATRIX/kernel/Row_uv_03.log,,bca44cf0,Filename/path inference; editable in the app
350385,Focus_Evidence/evidence/FOCUS-MATRIX/kernel/Row_uv_04.log,General / shared,89,"Email supplement received 06:19:17 CEST, after cutoff; distinct from on-time PDF | email ZIP",https://mail.google.com/mail/u/0/#all/1a0fffd2419ec392,,contestants/E02/13-archives/Math_Competition_Completed_Results_Submission_Bundle.zip,Math_Competition_Completed_Results_Submission/Focus_Evidence/evidence/FOCUS-MATRIX/kernel/Row_uv_04.log,,0805e122,Filename/path inference; editable in the app
350387,Focus_Evidence/evidence/FOCUS-MATRIX/kernel/Row_uv_05.log,General / shared,89,"Email supplement received 06:19:17 CEST, after cutoff; distinct from on-time PDF | email ZIP",https://mail.google.com/mail/u/0/#all/1a0fffd2419ec392,,contestants/E02/13-archives/Math_Competition_Completed_Results_Submission_Bundle.zip,Math_Competition_Completed_Results_Submission/Focus_Evidence/evidence/FOCUS-MATRIX/kernel/Row_uv_05.log,,be1e0152,Filename/path inference; editable in the app
350389,Focus_Evidence/evidence/FOCUS-MATRIX/kernel/Row_uv_06.log,General / shared,89,"Email supplement received 06:19:17 CEST, after cutoff; distinct from on-time PDF | email ZIP",https://mail.google.com/mail/u/0/#all/1a0fffd2419ec392,,contestants/E02/13-archives/Math_Competition_Completed_Results_Submission_Bundle.zip,Math_Competition_Completed_Results_Submission/Focus_Evidence/evidence/FOCUS-MATRIX/kernel/Row_uv_06.log,,bf432783,Filename/path inference; editable in the app
350391,Focus_Evidence/evidence/FOCUS-MATRIX/kernel/Row_uv_07.log,General / shared,89,"Email supplement received 06:19:17 CEST, after cutoff; distinct from on-time PDF | email ZIP",https://mail.google.com/mail/u/0/#all/1a0fffd2419ec392,,contestants/E02/13-archives/Math_Competition_Completed_Results_Submission_Bundle.zip,Math_Competition_Completed_Results_Submission/Focus_Evidence/evidence/FOCUS-MATRIX/kernel/Row_uv_07.log,,0958c7f3,Filename/path inference; editable in the app
350393,Focus_Evidence/evidence/FOCUS-MATRIX/kernel/Row_uv_08.log,General / shared,89,"Email supplement received 06:19:17 CEST, after cutoff; distinct from on-time PDF | email ZIP",https://mail.google.com/mail/u/0/#all/1a0fffd2419ec392,,contestants/E02/13-archives/Math_Competition_Completed_Results_Submission_Bundle.zip,Math_Competition_Completed_Results_Submission/Focus_Evidence/evidence/FOCUS-MATRIX/kernel/Row_uv_08.log,,0d717a66,Filename/path inference; editable in the app
350395,Focus_Evidence/evidence/FOCUS-MATRIX/kernel/Row_uv_09.log,General / shared,89,"Email supplement received 06:19:17 CEST, after cutoff; distinct from on-time PDF | email ZIP",https://mail.google.com/mail/u/0/#all/1a0fffd2419ec392,,contestants/E02/13-archives/Math_Competition_Completed_Results_Submission_Bundle.zip,Math_Competition_Completed_Results_Submission/Focus_Evidence/evidence/FOCUS-MATRIX/kernel/Row_uv_09.log,,bb6a9a16,Filename/path inference; editable in the app
350397,Focus_Evidence/evidence/FOCUS-MATRIX/kernel/Row_uv_10.log,General / shared,90,"Email supplement received 06:19:17 CEST, after cutoff; distinct from on-time PDF | email ZIP",https://mail.google.com/mail/u/0/#all/1a0fffd2419ec392,,contestants/E02/13-archives/Math_Competition_Completed_Results_Submission_Bundle.zip,Math_Competition_Completed_Results_Submission/Focus_Evidence/evidence/FOCUS-MATRIX/kernel/Row_uv_10.log,,ea35816d,Filename/path inference; editable in the app
350399,Focus_Evidence/evidence/FOCUS-MATRIX/kernel/Row_uv_11.log,General / shared,90,"Email supplement received 06:19:17 CEST, after cutoff; distinct from on-time PDF | email ZIP",https://mail.google.com/mail/u/0/#all/1a0fffd2419ec392,,contestants/E02/13-archives/Math_Competition_Completed_Results_Submission_Bundle.zip,Math_Competition_Completed_Results_Submission/Focus_Evidence/evidence/FOCUS-MATRIX/kernel/Row_uv_11.log,,5c2e611d,Filename/path inference; editable in the app
350401,Focus_Evidence/evidence/FOCUS-MATRIX/kernel/Row_uv_12.log,General / shared,90,"Email supplement received 06:19:17 CEST, after cutoff; distinct from on-time PDF | email ZIP",https://mail.google.com/mail/u/0/#all/1a0fffd2419ec392,,contestants/E02/13-archives/Math_Competition_Completed_Results_Submission_Bundle.zip,Math_Competition_Completed_Results_Submission/Focus_Evidence/evidence/FOCUS-MATRIX/kernel/Row_uv_12.log,,5d7347cc,Filename/path inference; editable in the app
350403,Focus_Evidence/evidence/FOCUS-MATRIX/kernel/Row_uv_13.log,General / shared,90,"Email supplement received 06:19:17 CEST, after cutoff; distinct from on-time PDF | email ZIP",https://mail.google.com/mail/u/0/#all/1a0fffd2419ec392,,contestants/E02/13-archives/Math_Competition_Completed_Results_Submission_Bundle.zip,Math_Competition_Completed_Results_Submission/Focus_Evidence/evidence/FOCUS-MATRIX/kernel/Row_uv_13.log,,eb68a7bc,Filename/path inference; editable in the app
350405,Focus_Evidence/evidence/FOCUS-MATRIX/kernel/Row_uv_14.log,General / shared,90,"Email supplement received 06:19:17 CEST, after cutoff; distinct from on-time PDF | email ZIP",https://mail.google.com/mail/u/0/#all/1a0fffd2419ec392,,contestants/E02/13-archives/Math_Competition_Completed_Results_Submission_Bundle.zip,Math_Competition_Completed_Results_Submission/Focus_Evidence/evidence/FOCUS-MATRIX/kernel/Row_uv_14.log,,5fc90a6e,Filename/path inference; editable in the app
350407,Focus_Evidence/evidence/FOCUS-MATRIX/kernel/Row_uv_15.log,General / shared,90,"Email supplement received 06:19:17 CEST, after cutoff; distinct from on-time PDF | email ZIP",https://mail.google.com/mail/u/0/#all/1a0fffd2419ec392,,contestants/E02/13-archives/Math_Competition_Completed_Results_Submission_Bundle.zip,Math_Competition_Completed_Results_Submission/Focus_Evidence/evidence/FOCUS-MATRIX/kernel/Row_uv_15.log,,e9d2ea1e,Filename/path inference; editable in the app
350409,Focus_Evidence/evidence/FOCUS-MATRIX/kernel/Row_uv_16.log,General / shared,90,"Email supplement received 06:19:17 CEST, after cutoff; distinct from on-time PDF | email ZIP",https://mail.google.com/mail/u/0/#all/1a0fffd2419ec392,,contestants/E02/13-archives/Math_Competition_Completed_Results_Submission_Bundle.zip,Math_Competition_Completed_Results_Submission/Focus_Evidence/evidence/FOCUS-MATRIX/kernel/Row_uv_16.log,,e88fcccf,Filename/path inference; editable in the app
350411,Focus_Evidence/evidence/FOCUS-MATRIX/kernel/Row_uv_17.log,General / shared,90,"Email supplement received 06:19:17 CEST, after cutoff; distinct from on-time PDF | email ZIP",https://mail.google.com/mail/u/0/#all/1a0fffd2419ec392,,contestants/E02/13-archives/Math_Competition_Completed_Results_Submission_Bundle.zip,Math_Competition_Completed_Results_Submission/Focus_Evidence/evidence/FOCUS-MATRIX/kernel/Row_uv_17.log,,5e942cbf,Filename/path inference; editable in the app
350413,Focus_Evidence/evidence/FOCUS-MATRIX/kernel/Row_uv_18.log,General / shared,90,"Email supplement received 06:19:17 CEST, after cutoff; distinct from on-time PDF | email ZIP",https://mail.google.com/mail/u/0/#all/1a0fffd2419ec392,,contestants/E02/13-archives/Math_Competition_Completed_Results_Submission_Bundle.zip,Math_Competition_Completed_Results_Submission/Focus_Evidence/evidence/FOCUS-MATRIX/kernel/Row_uv_18.log,,5abd912a,Filename/path inference; editable in the app
350415,Focus_Evidence/evidence/FOCUS-MATRIX/kernel/Row_uv_19.log,General / shared,90,"Email supplement received 06:19:17 CEST, after cutoff; distinct from on-time PDF | email ZIP",https://mail.google.com/mail/u/0/#all/1a0fffd2419ec392,,contestants/E02/13-archives/Math_Competition_Completed_Results_Submission_Bundle.zip,Math_Competition_Completed_Results_Submission/Focus_Evidence/evidence/FOCUS-MATRIX/kernel/Row_uv_19.log,,eca6715a,Filename/path inference; editable in the app
350417,Focus_Evidence/evidence/FOCUS-MATRIX/kernel/Row_uv_20.log,General / shared,90,"Email supplement received 06:19:17 CEST, after cutoff; distinct from on-time PDF | email ZIP",https://mail.google.com/mail/u/0/#all/1a0fffd2419ec392,,contestants/E02/13-archives/Math_Competition_Completed_Results_Submission_Bundle.zip,Math_Competition_Completed_Results_Submission/Focus_Evidence/evidence/FOCUS-MATRIX/kernel/Row_uv_20.log,,1be03e09,Filename/path inference; editable in the app
350419,Focus_Evidence/evidence/FOCUS-MATRIX/kernel/Row_uv_21.log,General / shared,90,"Email supplement received 06:19:17 CEST, after cutoff; distinct from on-time PDF | email ZIP",https://mail.google.com/mail/u/0/#all/1a0fffd2419ec392,,contestants/E02/13-archives/Math_Competition_Completed_Results_Submission_Bundle.zip,Math_Competition_Completed_Results_Submission/Focus_Evidence/evidence/FOCUS-MATRIX/kernel/Row_uv_21.log,,adfbde79,Filename/path inference; editable in the app
350421,Focus_Evidence/evidence/FOCUS-MATRIX/kernel/Row_uv_22.log,General / shared,90,"Email supplement received 06:19:17 CEST, after cutoff; distinct from on-time PDF | email ZIP",https://mail.google.com/mail/u/0/#all/1a0fffd2419ec392,,contestants/E02/13-archives/Math_Competition_Completed_Results_Submission_Bundle.zip,Math_Competition_Completed_Results_Submission/Focus_Evidence/evidence/FOCUS-MATRIX/kernel/Row_uv_22.log,,aca6f8a8,Filename/path inference; editable in the app
350423,Focus_Evidence/evidence/FOCUS-MATRIX/kernel/Row_uw_00.log,General / shared,89,"Email supplement received 06:19:17 CEST, after cutoff; distinct from on-time PDF | email ZIP",https://mail.google.com/mail/u/0/#all/1a0fffd2419ec392,,contestants/E02/13-archives/Math_Competition_Completed_Results_Submission_Bundle.zip,Math_Competition_Completed_Results_Submission/Focus_Evidence/evidence/FOCUS-MATRIX/kernel/Row_uw_00.log,,32cc47b4,Filename/path inference; editable in the app
350425,Focus_Evidence/evidence/FOCUS-MATRIX/kernel/Row_uw_01.log,General / shared,89,"Email supplement received 06:19:17 CEST, after cutoff; distinct from on-time PDF | email ZIP",https://mail.google.com/mail/u/0/#all/1a0fffd2419ec392,,contestants/E02/13-archives/Math_Competition_Completed_Results_Submission_Bundle.zip,Math_Competition_Completed_Results_Submission/Focus_Evidence/evidence/FOCUS-MATRIX/kernel/Row_uw_01.log,,84d7a7c4,Filename/path inference; editable in the app
350427,Focus_Evidence/evidence/FOCUS-MATRIX/kernel/Row_uw_02.log,General / shared,89,"Email supplement received 06:19:17 CEST, after cutoff; distinct from on-time PDF | email ZIP",https://mail.google.com/mail/u/0/#all/1a0fffd2419ec392,,contestants/E02/13-archives/Math_Competition_Completed_Results_Submission_Bundle.zip,Math_Competition_Completed_Results_Submission/Focus_Evidence/evidence/FOCUS-MATRIX/kernel/Row_uw_02.log,,858a8115,Filename/path inference; editable in the app
350429,Focus_Evidence/evidence/FOCUS-MATRIX/kernel/Row_uw_03.log,General / shared,89,"Email supplement received 06:19:17 CEST, after cutoff; distinct from on-time PDF | email ZIP",https://mail.google.com/mail/u/0/#all/1a0fffd2419ec392,,contestants/E02/13-archives/Math_Competition_Completed_Results_Submission_Bundle.zip,Math_Competition_Completed_Results_Submission/Focus_Evidence/evidence/FOCUS-MATRIX/kernel/Row_uw_03.log,,33916165,Filename/path inference; editable in the app
350431,Focus_Evidence/evidence/FOCUS-MATRIX/kernel/Row_uw_04.log,General / shared,89,"Email supplement received 06:19:17 CEST, after cutoff; distinct from on-time PDF | email ZIP",https://mail.google.com/mail/u/0/#all/1a0fffd2419ec392,,contestants/E02/13-archives/Math_Competition_Completed_Results_Submission_Bundle.zip,Math_Competition_Completed_Results_Submission/Focus_Evidence/evidence/FOCUS-MATRIX/kernel/Row_uw_04.log,,8730ccb7,Filename/path inference; editable in the app
350433,Focus_Evidence/evidence/FOCUS-MATRIX/kernel/Row_uw_05.log,General / shared,89,"Email supplement received 06:19:17 CEST, after cutoff; distinct from on-time PDF | email ZIP",https://mail.google.com/mail/u/0/#all/1a0fffd2419ec392,,contestants/E02/13-archives/Math_Competition_Completed_Results_Submission_Bundle.zip,Math_Competition_Completed_Results_Submission/Focus_Evidence/evidence/FOCUS-MATRIX/kernel/Row_uw_05.log,,312b2cc7,Filename/path inference; editable in the app
350435,Focus_Evidence/evidence/FOCUS-MATRIX/kernel/Row_uw_06.log,General / shared,89,"Email supplement received 06:19:17 CEST, after cutoff; distinct from on-time PDF | email ZIP",https://mail.google.com/mail/u/0/#all/1a0fffd2419ec392,,contestants/E02/13-archives/Math_Competition_Completed_Results_Submission_Bundle.zip,Math_Competition_Completed_Results_Submission/Focus_Evidence/evidence/FOCUS-MATRIX/kernel/Row_uw_06.log,,30760a16,Filename/path inference; editable in the app
350437,Focus_Evidence/evidence/FOCUS-MATRIX/kernel/Row_uw_07.log,General / shared,89,"Email supplement received 06:19:17 CEST, after cutoff; distinct from on-time PDF | email ZIP",https://mail.google.com/mail/u/0/#all/1a0fffd2419ec392,,contestants/E02/13-archives/Math_Competition_Completed_Results_Submission_Bundle.zip,Math_Competition_Completed_Results_Submission/Focus_Evidence/evidence/FOCUS-MATRIX/kernel/Row_uw_07.log,,866dea66,Filename/path inference; editable in the app
350439,Focus_Evidence/evidence/FOCUS-MATRIX/kernel/Row_uw_08.log,General / shared,89,"Email supplement received 06:19:17 CEST, after cutoff; distinct from on-time PDF | email ZIP",https://mail.google.com/mail/u/0/#all/1a0fffd2419ec392,,contestants/E02/13-archives/Math_Competition_Completed_Results_Submission_Bundle.zip,Math_Competition_Completed_Results_Submission/Focus_Evidence/evidence/FOCUS-MATRIX/kernel/Row_uw_08.log,,824457f3,Filename/path inference; editable in the app
350441,Focus_Evidence/evidence/FOCUS-MATRIX/kernel/Row_uw_09.log,General / shared,89,"Email supplement received 06:19:17 CEST, after cutoff; distinct from on-time PDF | email ZIP",https://mail.google.com/mail/u/0/#all/1a0fffd2419ec392,,contestants/E02/13-archives/Math_Competition_Completed_Results_Submission_Bundle.zip,Math_Competition_Completed_Results_Submission/Focus_Evidence/evidence/FOCUS-MATRIX/kernel/Row_uw_09.log,,345fb783,Filename/path inference; editable in the app
350443,Focus_Evidence/evidence/FOCUS-MATRIX/kernel/Row_uw_10.log,General / shared,90,"Email supplement received 06:19:17 CEST, after cutoff; distinct from on-time PDF | email ZIP",https://mail.google.com/mail/u/0/#all/1a0fffd2419ec392,,contestants/E02/13-archives/Math_Competition_Completed_Results_Submission_Bundle.zip,Math_Competition_Completed_Results_Submission/Focus_Evidence/evidence/FOCUS-MATRIX/kernel/Row_uw_10.log,,6adfd38b,Filename/path inference; editable in the app
350445,Focus_Evidence/evidence/FOCUS-MATRIX/kernel/Row_uw_11.log,General / shared,90,"Email supplement received 06:19:17 CEST, after cutoff; distinct from on-time PDF | email ZIP",https://mail.google.com/mail/u/0/#all/1a0fffd2419ec392,,contestants/E02/13-archives/Math_Competition_Completed_Results_Submission_Bundle.zip,Math_Competition_Completed_Results_Submission/Focus_Evidence/evidence/FOCUS-MATRIX/kernel/Row_uw_11.log,,dcc433fb,Filename/path inference; editable in the app
350447,Focus_Evidence/evidence/FOCUS-MATRIX/kernel/Row_uw_12.log,General / shared,90,"Email supplement received 06:19:17 CEST, after cutoff; distinct from on-time PDF | email ZIP",https://mail.google.com/mail/u/0/#all/1a0fffd2419ec392,,contestants/E02/13-archives/Math_Competition_Completed_Results_Submission_Bundle.zip,Math_Competition_Completed_Results_Submission/Focus_Evidence/evidence/FOCUS-MATRIX/kernel/Row_uw_12.log,,dd99152a,Filename/path inference; editable in the app
350449,Focus_Evidence/evidence/FOCUS-MATRIX/kernel/Row_uw_13.log,General / shared,90,"Email supplement received 06:19:17 CEST, after cutoff; distinct from on-time PDF | email ZIP",https://mail.google.com/mail/u/0/#all/1a0fffd2419ec392,,contestants/E02/13-archives/Math_Competition_Completed_Results_Submission_Bundle.zip,Math_Competition_Completed_Results_Submission/Focus_Evidence/evidence/FOCUS-MATRIX/kernel/Row_uw_13.log,,6b82f55a,Filename/path inference; editable in the app
350451,Focus_Evidence/evidence/FOCUS-MATRIX/kernel/Row_uw_14.log,General / shared,90,"Email supplement received 06:19:17 CEST, after cutoff; distinct from on-time PDF | email ZIP",https://mail.google.com/mail/u/0/#all/1a0fffd2419ec392,,contestants/E02/13-archives/Math_Competition_Completed_Results_Submission_Bundle.zip,Math_Competition_Completed_Results_Submission/Focus_Evidence/evidence/FOCUS-MATRIX/kernel/Row_uw_14.log,,df235888,Filename/path inference; editable in the app
350453,Focus_Evidence/evidence/FOCUS-MATRIX/kernel/Row_uw_15.log,General / shared,90,"Email supplement received 06:19:17 CEST, after cutoff; distinct from on-time PDF | email ZIP",https://mail.google.com/mail/u/0/#all/1a0fffd2419ec392,,contestants/E02/13-archives/Math_Competition_Completed_Results_Submission_Bundle.zip,Math_Competition_Completed_Results_Submission/Focus_Evidence/evidence/FOCUS-MATRIX/kernel/Row_uw_15.log,,6938b8f8,Filename/path inference; editable in the app
350455,Focus_Evidence/evidence/FOCUS-MATRIX/kernel/Row_uw_16.log,General / shared,90,"Email supplement received 06:19:17 CEST, after cutoff; distinct from on-time PDF | email ZIP",https://mail.google.com/mail/u/0/#all/1a0fffd2419ec392,,contestants/E02/13-archives/Math_Competition_Completed_Results_Submission_Bundle.zip,Math_Competition_Completed_Results_Submission/Focus_Evidence/evidence/FOCUS-MATRIX/kernel/Row_uw_16.log,,68659e29,Filename/path inference; editable in the app
350457,Focus_Evidence/evidence/FOCUS-MATRIX/kernel/Row_uw_17.log,General / shared,90,"Email supplement received 06:19:17 CEST, after cutoff; distinct from on-time PDF | email ZIP",https://mail.google.com/mail/u/0/#all/1a0fffd2419ec392,,contestants/E02/13-archives/Math_Competition_Completed_Results_Submission_Bundle.zip,Math_Competition_Completed_Results_Submission/Focus_Evidence/evidence/FOCUS-MATRIX/kernel/Row_uw_17.log,,de7e7e59,Filename/path inference; editable in the app
350459,Focus_Evidence/evidence/FOCUS-MATRIX/kernel/Row_uw_18.log,General / shared,90,"Email supplement received 06:19:17 CEST, after cutoff; distinct from on-time PDF | email ZIP",https://mail.google.com/mail/u/0/#all/1a0fffd2419ec392,,contestants/E02/13-archives/Math_Competition_Completed_Results_Submission_Bundle.zip,Math_Competition_Completed_Results_Submission/Focus_Evidence/evidence/FOCUS-MATRIX/kernel/Row_uw_18.log,,da57c3cc,Filename/path inference; editable in the app
350461,Focus_Evidence/evidence/FOCUS-MATRIX/kernel/Row_uw_19.log,General / shared,90,"Email supplement received 06:19:17 CEST, after cutoff; distinct from on-time PDF | email ZIP",https://mail.google.com/mail/u/0/#all/1a0fffd2419ec392,,contestants/E02/13-archives/Math_Competition_Completed_Results_Submission_Bundle.zip,Math_Competition_Completed_Results_Submission/Focus_Evidence/evidence/FOCUS-MATRIX/kernel/Row_uw_19.log,,6c4c23bc,Filename/path inference; editable in the app
350463,Focus_Evidence/evidence/FOCUS-MATRIX/kernel/Row_uw_20.log,General / shared,90,"Email supplement received 06:19:17 CEST, after cutoff; distinct from on-time PDF | email ZIP",https://mail.google.com/mail/u/0/#all/1a0fffd2419ec392,,contestants/E02/13-archives/Math_Competition_Completed_Results_Submission_Bundle.zip,Math_Competition_Completed_Results_Submission/Focus_Evidence/evidence/FOCUS-MATRIX/kernel/Row_uw_20.log,,9b0a6cef,Filename/path inference; editable in the app
350465,Focus_Evidence/evidence/FOCUS-MATRIX/kernel/Row_uw_21.log,General / shared,90,"Email supplement received 06:19:17 CEST, after cutoff; distinct from on-time PDF | email ZIP",https://mail.google.com/mail/u/0/#all/1a0fffd2419ec392,,contestants/E02/13-archives/Math_Competition_Completed_Results_Submission_Bundle.zip,Math_Competition_Completed_Results_Submission/Focus_Evidence/evidence/FOCUS-MATRIX/kernel/Row_uw_21.log,,2d118c9f,Filename/path inference; editable in the app
350467,Focus_Evidence/evidence/FOCUS-MATRIX/kernel/Row_uw_22.log,General / shared,90,"Email supplement received 06:19:17 CEST, after cutoff; distinct from on-time PDF | email ZIP",https://mail.google.com/mail/u/0/#all/1a0fffd2419ec392,,contestants/E02/13-archives/Math_Competition_Completed_Results_Submission_Bundle.zip,Math_Competition_Completed_Results_Submission/Focus_Evidence/evidence/FOCUS-MATRIX/kernel/Row_uw_22.log,,2c4caa4e,Filename/path inference; editable in the app
350469,Focus_Evidence/evidence/FOCUS-MATRIX/kernel/Row_vw_00.log,General / shared,89,"Email supplement received 06:19:17 CEST, after cutoff; distinct from on-time PDF | email ZIP",https://mail.google.com/mail/u/0/#all/1a0fffd2419ec392,,contestants/E02/13-archives/Math_Competition_Completed_Results_Submission_Bundle.zip,Math_Competition_Completed_Results_Submission/Focus_Evidence/evidence/FOCUS-MATRIX/kernel/Row_vw_00.log,,6883b6df,Filename/path inference; editable in the app
350471,Focus_Evidence/evidence/FOCUS-MATRIX/kernel/Row_vw_01.log,General / shared,89,"Email supplement received 06:19:17 CEST, after cutoff; distinct from on-time PDF | email ZIP",https://mail.google.com/mail/u/0/#all/1a0fffd2419ec392,,contestants/E02/13-archives/Math_Competition_Completed_Results_Submission_Bundle.zip,Math_Competition_Completed_Results_Submission/Focus_Evidence/evidence/FOCUS-MATRIX/kernel/Row_vw_01.log,,de9856af,Filename/path inference; editable in the app
350473,Focus_Evidence/evidence/FOCUS-MATRIX/kernel/Row_vw_02.log,General / shared,89,"Email supplement received 06:19:17 CEST, after cutoff; distinct from on-time PDF | email ZIP",https://mail.google.com/mail/u/0/#all/1a0fffd2419ec392,,contestants/E02/13-archives/Math_Competition_Completed_Results_Submission_Bundle.zip,Math_Competition_Completed_Results_Submission/Focus_Evidence/evidence/FOCUS-MATRIX/kernel/Row_vw_02.log,,dfc5707e,Filename/path inference; editable in the app
350475,Focus_Evidence/evidence/FOCUS-MATRIX/kernel/Row_vw_03.log,General / shared,89,"Email supplement received 06:19:17 CEST, after cutoff; distinct from on-time PDF | email ZIP",https://mail.google.com/mail/u/0/#all/1a0fffd2419ec392,,contestants/E02/13-archives/Math_Competition_Completed_Results_Submission_Bundle.zip,Math_Competition_Completed_Results_Submission/Focus_Evidence/evidence/FOCUS-MATRIX/kernel/Row_vw_03.log,,69de900e,Filename/path inference; editable in the app
350477,Focus_Evidence/evidence/FOCUS-MATRIX/kernel/Row_vw_04.log,General / shared,89,"Email supplement received 06:19:17 CEST, after cutoff; distinct from on-time PDF | email ZIP",https://mail.google.com/mail/u/0/#all/1a0fffd2419ec392,,contestants/E02/13-archives/Math_Competition_Completed_Results_Submission_Bundle.zip,Math_Competition_Completed_Results_Submission/Focus_Evidence/evidence/FOCUS-MATRIX/kernel/Row_vw_04.log,,dd7f3ddc,Filename/path inference; editable in the app
350479,Focus_Evidence/evidence/FOCUS-MATRIX/kernel/Row_vw_05.log,General / shared,89,"Email supplement received 06:19:17 CEST, after cutoff; distinct from on-time PDF | email ZIP",https://mail.google.com/mail/u/0/#all/1a0fffd2419ec392,,contestants/E02/13-archives/Math_Competition_Completed_Results_Submission_Bundle.zip,Math_Competition_Completed_Results_Submission/Focus_Evidence/evidence/FOCUS-MATRIX/kernel/Row_vw_05.log,,6b64ddac,Filename/path inference; editable in the app
350481,Focus_Evidence/evidence/FOCUS-MATRIX/kernel/Row_vw_06.log,General / shared,89,"Email supplement received 06:19:17 CEST, after cutoff; distinct from on-time PDF | email ZIP",https://mail.google.com/mail/u/0/#all/1a0fffd2419ec392,,contestants/E02/13-archives/Math_Competition_Completed_Results_Submission_Bundle.zip,Math_Competition_Completed_Results_Submission/Focus_Evidence/evidence/FOCUS-MATRIX/kernel/Row_vw_06.log,,6a39fb7d,Filename/path inference; editable in the app
350483,Focus_Evidence/evidence/FOCUS-MATRIX/kernel/Row_vw_07.log,General / shared,89,"Email supplement received 06:19:17 CEST, after cutoff; distinct from on-time PDF | email ZIP",https://mail.google.com/mail/u/0/#all/1a0fffd2419ec392,,contestants/E02/13-archives/Math_Competition_Completed_Results_Submission_Bundle.zip,Math_Competition_Completed_Results_Submission/Focus_Evidence/evidence/FOCUS-MATRIX/kernel/Row_vw_07.log,,dc221b0d,Filename/path inference; editable in the app
350485,Focus_Evidence/evidence/FOCUS-MATRIX/kernel/Row_vw_08.log,General / shared,89,"Email supplement received 06:19:17 CEST, after cutoff; distinct from on-time PDF | email ZIP",https://mail.google.com/mail/u/0/#all/1a0fffd2419ec392,,contestants/E02/13-archives/Math_Competition_Completed_Results_Submission_Bundle.zip,Math_Competition_Completed_Results_Submission/Focus_Evidence/evidence/FOCUS-MATRIX/kernel/Row_vw_08.log,,d80ba698,Filename/path inference; editable in the app
350487,Focus_Evidence/evidence/FOCUS-MATRIX/kernel/Row_vw_09.log,General / shared,89,"Email supplement received 06:19:17 CEST, after cutoff; distinct from on-time PDF | email ZIP",https://mail.google.com/mail/u/0/#all/1a0fffd2419ec392,,contestants/E02/13-archives/Math_Competition_Completed_Results_Submission_Bundle.zip,Math_Competition_Completed_Results_Submission/Focus_Evidence/evidence/FOCUS-MATRIX/kernel/Row_vw_09.log,,6e1046e8,Filename/path inference; editable in the app
350489,Focus_Evidence/evidence/FOCUS-MATRIX/kernel/Row_vw_10.log,General / shared,90,"Email supplement received 06:19:17 CEST, after cutoff; distinct from on-time PDF | email ZIP",https://mail.google.com/mail/u/0/#all/1a0fffd2419ec392,,contestants/E02/13-archives/Math_Competition_Completed_Results_Submission_Bundle.zip,Math_Competition_Completed_Results_Submission/Focus_Evidence/evidence/FOCUS-MATRIX/kernel/Row_vw_10.log,,b0e524aa,Filename/path inference; editable in the app
350491,Focus_Evidence/evidence/FOCUS-MATRIX/kernel/Row_vw_11.log,General / shared,90,"Email supplement received 06:19:17 CEST, after cutoff; distinct from on-time PDF | email ZIP",https://mail.google.com/mail/u/0/#all/1a0fffd2419ec392,,contestants/E02/13-archives/Math_Competition_Completed_Results_Submission_Bundle.zip,Math_Competition_Completed_Results_Submission/Focus_Evidence/evidence/FOCUS-MATRIX/kernel/Row_vw_11.log,,06fec4da,Filename/path inference; editable in the app
350493,Focus_Evidence/evidence/FOCUS-MATRIX/kernel/Row_vw_12.log,General / shared,90,"Email supplement received 06:19:17 CEST, after cutoff; distinct from on-time PDF | email ZIP",https://mail.google.com/mail/u/0/#all/1a0fffd2419ec392,,contestants/E02/13-archives/Math_Competition_Completed_Results_Submission_Bundle.zip,Math_Competition_Completed_Results_Submission/Focus_Evidence/evidence/FOCUS-MATRIX/kernel/Row_vw_12.log,,07a3e20b,Filename/path inference; editable in the app
350495,Focus_Evidence/evidence/FOCUS-MATRIX/kernel/Row_vw_13.log,General / shared,90,"Email supplement received 06:19:17 CEST, after cutoff; distinct from on-time PDF | email ZIP",https://mail.google.com/mail/u/0/#all/1a0fffd2419ec392,,contestants/E02/13-archives/Math_Competition_Completed_Results_Submission_Bundle.zip,Math_Competition_Completed_Results_Submission/Focus_Evidence/evidence/FOCUS-MATRIX/kernel/Row_vw_13.log,,b1b8027b,Filename/path inference; editable in the app
350497,Focus_Evidence/evidence/FOCUS-MATRIX/kernel/Row_vw_14.log,General / shared,90,"Email supplement received 06:19:17 CEST, after cutoff; distinct from on-time PDF | email ZIP",https://mail.google.com/mail/u/0/#all/1a0fffd2419ec392,,contestants/E02/13-archives/Math_Competition_Completed_Results_Submission_Bundle.zip,Math_Competition_Completed_Results_Submission/Focus_Evidence/evidence/FOCUS-MATRIX/kernel/Row_vw_14.log,,0519afa9,Filename/path inference; editable in the app
350499,Focus_Evidence/evidence/FOCUS-MATRIX/kernel/Row_vw_15.log,General / shared,90,"Email supplement received 06:19:17 CEST, after cutoff; distinct from on-time PDF | email ZIP",https://mail.google.com/mail/u/0/#all/1a0fffd2419ec392,,contestants/E02/13-archives/Math_Competition_Completed_Results_Submission_Bundle.zip,Math_Competition_Completed_Results_Submission/Focus_Evidence/evidence/FOCUS-MATRIX/kernel/Row_vw_15.log,,b3024fd9,Filename/path inference; editable in the app
350501,Focus_Evidence/evidence/FOCUS-MATRIX/kernel/Row_vw_16.log,General / shared,90,"Email supplement received 06:19:17 CEST, after cutoff; distinct from on-time PDF | email ZIP",https://mail.google.com/mail/u/0/#all/1a0fffd2419ec392,,contestants/E02/13-archives/Math_Competition_Completed_Results_Submission_Bundle.zip,Math_Competition_Completed_Results_Submission/Focus_Evidence/evidence/FOCUS-MATRIX/kernel/Row_vw_16.log,,b25f6908,Filename/path inference; editable in the app
350503,Focus_Evidence/evidence/FOCUS-MATRIX/kernel/Row_vw_17.log,General / shared,90,"Email supplement received 06:19:17 CEST, after cutoff; distinct from on-time PDF | email ZIP",https://mail.google.com/mail/u/0/#all/1a0fffd2419ec392,,contestants/E02/13-archives/Math_Competition_Completed_Results_Submission_Bundle.zip,Math_Competition_Completed_Results_Submission/Focus_Evidence/evidence/FOCUS-MATRIX/kernel/Row_vw_17.log,,04448978,Filename/path inference; editable in the app
350505,Focus_Evidence/evidence/FOCUS-MATRIX/kernel/Row_vw_18.log,General / shared,90,"Email supplement received 06:19:17 CEST, after cutoff; distinct from on-time PDF | email ZIP",https://mail.google.com/mail/u/0/#all/1a0fffd2419ec392,,contestants/E02/13-archives/Math_Competition_Completed_Results_Submission_Bundle.zip,Math_Competition_Completed_Results_Submission/Focus_Evidence/evidence/FOCUS-MATRIX/kernel/Row_vw_18.log,,006d34ed,Filename/path inference; editable in the app
350507,Focus_Evidence/evidence/FOCUS-MATRIX/kernel/Row_vw_19.log,General / shared,90,"Email supplement received 06:19:17 CEST, after cutoff; distinct from on-time PDF | email ZIP",https://mail.google.com/mail/u/0/#all/1a0fffd2419ec392,,contestants/E02/13-archives/Math_Competition_Completed_Results_Submission_Bundle.zip,Math_Competition_Completed_Results_Submission/Focus_Evidence/evidence/FOCUS-MATRIX/kernel/Row_vw_19.log,,b676d49d,Filename/path inference; editable in the app
350509,Focus_Evidence/evidence/FOCUS-MATRIX/kernel/Row_vw_20.log,General / shared,90,"Email supplement received 06:19:17 CEST, after cutoff; distinct from on-time PDF | email ZIP",https://mail.google.com/mail/u/0/#all/1a0fffd2419ec392,,contestants/E02/13-archives/Math_Competition_Completed_Results_Submission_Bundle.zip,Math_Competition_Completed_Results_Submission/Focus_Evidence/evidence/FOCUS-MATRIX/kernel/Row_vw_20.log,,41309bce,Filename/path inference; editable in the app
350511,Focus_Evidence/evidence/FOCUS-MATRIX/kernel/Row_vw_21.log,General / shared,90,"Email supplement received 06:19:17 CEST, after cutoff; distinct from on-time PDF | email ZIP",https://mail.google.com/mail/u/0/#all/1a0fffd2419ec392,,contestants/E02/13-archives/Math_Competition_Completed_Results_Submission_Bundle.zip,Math_Competition_Completed_Results_Submission/Focus_Evidence/evidence/FOCUS-MATRIX/kernel/Row_vw_21.log,,f72b7bbe,Filename/path inference; editable in the app
350513,Focus_Evidence/evidence/FOCUS-MATRIX/kernel/Row_vw_22.log,General / shared,90,"Email supplement received 06:19:17 CEST, after cutoff; distinct from on-time PDF | email ZIP",https://mail.google.com/mail/u/0/#all/1a0fffd2419ec392,,contestants/E02/13-archives/Math_Competition_Completed_Results_Submission_Bundle.zip,Math_Competition_Completed_Results_Submission/Focus_Evidence/evidence/FOCUS-MATRIX/kernel/Row_vw_22.log,,f6765d6f,Filename/path inference; editable in the app
350517,Focus_Evidence/evidence/FOCUS-MATRIX/kernel/progress.log,General / shared,15589,"Email supplement received 06:19:17 CEST, after cutoff; distinct from on-time PDF | email ZIP",https://mail.google.com/mail/u/0/#all/1a0fffd2419ec392,,contestants/E02/13-archives/Math_Competition_Completed_Results_Submission_Bundle.zip,Math_Competition_Completed_Results_Submission/Focus_Evidence/evidence/FOCUS-MATRIX/kernel/progress.log,,6f371bb5,Filename/path inference; editable in the app
350539,Focus_Evidence/evidence/FOCUS-RAMSEY/formal/AxiomAudit.log,Ramsey multiplicity,560,"Email supplement received 06:19:17 CEST, after cutoff; distinct from on-time PDF | email ZIP",https://mail.google.com/mail/u/0/#all/1a0fffd2419ec392,,contestants/E02/13-archives/Math_Competition_Completed_Results_Submission_Bundle.zip,Math_Competition_Completed_Results_Submission/Focus_Evidence/evidence/FOCUS-RAMSEY/formal/AxiomAudit.log,,e1f6c27a,Filename/path inference; editable in the app
350541,Focus_Evidence/evidence/FOCUS-RAMSEY/formal/Lifting.lean.log,Ramsey multiplicity,0,"Email supplement received 06:19:17 CEST, after cutoff; distinct from on-time PDF | email ZIP",https://mail.google.com/mail/u/0/#all/1a0fffd2419ec392,,contestants/E02/13-archives/Math_Competition_Completed_Results_Submission_Bundle.zip,Math_Competition_Completed_Results_Submission/Focus_Evidence/evidence/FOCUS-RAMSEY/formal/Lifting.lean.log,,00000000,Filename/path inference; editable in the app
350543,Focus_Evidence/evidence/FOCUS-RAMSEY/formal/Limit.lean.log,Ramsey multiplicity,1262,"Email supplement received 06:19:17 CEST, after cutoff; distinct from on-time PDF | email ZIP",https://mail.google.com/mail/u/0/#all/1a0fffd2419ec392,,contestants/E02/13-archives/Math_Competition_Completed_Results_Submission_Bundle.zip,Math_Competition_Completed_Results_Submission/Focus_Evidence/evidence/FOCUS-RAMSEY/formal/Limit.lean.log,,e0759320,Filename/path inference; editable in the app
350550,Focus_Evidence/evidence/FOCUS-RAMSEY/original/LiftingCheck.out,Ramsey multiplicity,586,"Email supplement received 06:19:17 CEST, after cutoff; distinct from on-time PDF | email ZIP",https://mail.google.com/mail/u/0/#all/1a0fffd2419ec392,,contestants/E02/13-archives/Math_Competition_Completed_Results_Submission_Bundle.zip,Math_Competition_Completed_Results_Submission/Focus_Evidence/evidence/FOCUS-RAMSEY/original/LiftingCheck.out,,ec099902,Filename/path inference; editable in the app
350552,Focus_Evidence/evidence/FOCUS-RAMSEY/original/LimitCheck.out,Ramsey multiplicity,1543,"Email supplement received 06:19:17 CEST, after cutoff; distinct from on-time PDF | email ZIP",https://mail.google.com/mail/u/0/#all/1a0fffd2419ec392,,contestants/E02/13-archives/Math_Competition_Completed_Results_Submission_Bundle.zip,Math_Competition_Completed_Results_Submission/Focus_Evidence/evidence/FOCUS-RAMSEY/original/LimitCheck.out,,373d48c2,Filename/path inference; editable in the app
351393,Reproduction_Tools/audit_receipts/wrapper_a135508_v2/logs/A135508.log,General / shared,370,"Email supplement received 06:19:17 CEST, after cutoff; distinct from on-time PDF | email ZIP",https://mail.google.com/mail/u/0/#all/1a0fffd2419ec392,,contestants/E02/13-archives/Math_Competition_Completed_Results_Submission_Bundle.zip,Math_Competition_Completed_Results_Submission/Reproduction_Tools/audit_receipts/wrapper_a135508_v2/logs/A135508.log,,c85aecd7,Filename/path inference; editable in the app
351394,Reproduction_Tools/audit_receipts/wrapper_a135508_v2/logs/EndpointAudit0.log,General / shared,991,"Email supplement received 06:19:17 CEST, after cutoff; distinct from on-time PDF | email ZIP",https://mail.google.com/mail/u/0/#all/1a0fffd2419ec392,,contestants/E02/13-archives/Math_Competition_Completed_Results_Submission_Bundle.zip,Math_Competition_Completed_Results_Submission/Reproduction_Tools/audit_receipts/wrapper_a135508_v2/logs/EndpointAudit0.log,,e0c35739,Filename/path inference; editable in the app
351396,Reproduction_Tools/audit_receipts/wrapper_ramsey_v2/logs/EndpointAudit0.log,Ramsey multiplicity,1714,"Email supplement received 06:19:17 CEST, after cutoff; distinct from on-time PDF | email ZIP",https://mail.google.com/mail/u/0/#all/1a0fffd2419ec392,,contestants/E02/13-archives/Math_Competition_Completed_Results_Submission_Bundle.zip,Math_Competition_Completed_Results_Submission/Reproduction_Tools/audit_receipts/wrapper_ramsey_v2/logs/EndpointAudit0.log,,f9b507af,Filename/path inference; editable in the app
351397,Reproduction_Tools/audit_receipts/wrapper_ramsey_v2/logs/Lea__RamseyLifting__Lifting.log,Ramsey multiplicity,0,"Email supplement received 06:19:17 CEST, after cutoff; distinct from on-time PDF | email ZIP",https://mail.google.com/mail/u/0/#all/1a0fffd2419ec392,,contestants/E02/13-archives/Math_Competition_Completed_Results_Submission_Bundle.zip,Math_Competition_Completed_Results_Submission/Reproduction_Tools/audit_receipts/wrapper_ramsey_v2/logs/Lea__RamseyLifting__Lifting.log,,00000000,Filename/path inference; editable in the app
351398,Reproduction_Tools/audit_receipts/wrapper_ramsey_v2/logs/Limit.log,Ramsey multiplicity,2037,"Email supplement received 06:19:17 CEST, after cutoff; distinct from on-time PDF | email ZIP",https://mail.google.com/mail/u/0/#all/1a0fffd2419ec392,,contestants/E02/13-archives/Math_Competition_Completed_Results_Submission_Bundle.zip,Math_Competition_Completed_Results_Submission/Reproduction_Tools/audit_receipts/wrapper_ramsey_v2/logs/Limit.log,,0920e698,Filename/path inference; editable in the app
