id,original_path,topic,bytes,version,source,local_path,archive_path,archive_member,sha256,crc32,basis
346303,gurobi.env,General / shared,16,Pinned collected revision; final designation governed by team receipt | b8da072acb21d2b0acc8daa038600dddfc8c67e9,https://codeload.github.com/FSvOAI/Heilbronn/zip/b8da072acb21d2b0acc8daa038600dddfc8c67e9,,contestants/E12/13-archives/E12-FSvOAI-Heilbronn-b8da072acb21d2b0acc8daa038600dddfc8c67e9.zip,Heilbronn-b8da072acb21d2b0acc8daa038600dddfc8c67e9/gurobi.env,,75688348,Filename/path inference; editable in the app
8113,heilbronn-cloud-results/cantrell_leaf31/DONE,Heilbronn,9,Pinned review snapshot; official acceptance unresolved | 94f6a70e804f64b904a215d119802ca91df626b4,https://codeload.github.com/FSvOAI/Heilbronn/zip/94f6a70e804f64b904a215d119802ca91df626b4,,contestants/E12/13-archives/E12-cloud-94f6a70e804f64b904a215d119802ca91df626b4.zip,Heilbronn-94f6a70e804f64b904a215d119802ca91df626b4/heilbronn-cloud-results/cantrell_leaf31/DONE,,567a3511,Filename/path inference; editable in the app
58604,heilbronn-cloud-results/corners9_probe/DONE,Heilbronn,9,Pinned review snapshot; official acceptance unresolved | 94f6a70e804f64b904a215d119802ca91df626b4,https://codeload.github.com/FSvOAI/Heilbronn/zip/94f6a70e804f64b904a215d119802ca91df626b4,,contestants/E12/13-archives/E12-cloud-94f6a70e804f64b904a215d119802ca91df626b4.zip,Heilbronn-94f6a70e804f64b904a215d119802ca91df626b4/heilbronn-cloud-results/corners9_probe/DONE,,567a3511,Filename/path inference; editable in the app
58677,heilbronn-cloud-results/negctl7/DONE,Heilbronn,9,Pinned review snapshot; official acceptance unresolved | 94f6a70e804f64b904a215d119802ca91df626b4,https://codeload.github.com/FSvOAI/Heilbronn/zip/94f6a70e804f64b904a215d119802ca91df626b4,,contestants/E12/13-archives/E12-cloud-94f6a70e804f64b904a215d119802ca91df626b4.zip,Heilbronn-94f6a70e804f64b904a215d119802ca91df626b4/heilbronn-cloud-results/negctl7/DONE,,567a3511,Filename/path inference; editable in the app
58698,heilbronn-cloud-results/probe9_p31/DONE,Heilbronn,9,Pinned review snapshot; official acceptance unresolved | 94f6a70e804f64b904a215d119802ca91df626b4,https://codeload.github.com/FSvOAI/Heilbronn/zip/94f6a70e804f64b904a215d119802ca91df626b4,,contestants/E12/13-archives/E12-cloud-94f6a70e804f64b904a215d119802ca91df626b4.zip,Heilbronn-94f6a70e804f64b904a215d119802ca91df626b4/heilbronn-cloud-results/probe9_p31/DONE,,567a3511,Filename/path inference; editable in the app
58766,heilbronn-cloud-results/s31A_c0/DONE,Heilbronn,9,Pinned review snapshot; official acceptance unresolved | 94f6a70e804f64b904a215d119802ca91df626b4,https://codeload.github.com/FSvOAI/Heilbronn/zip/94f6a70e804f64b904a215d119802ca91df626b4,,contestants/E12/13-archives/E12-cloud-94f6a70e804f64b904a215d119802ca91df626b4.zip,Heilbronn-94f6a70e804f64b904a215d119802ca91df626b4/heilbronn-cloud-results/s31A_c0/DONE,,567a3511,Filename/path inference; editable in the app
58770,heilbronn-cloud-results/s31A_c12/DONE,Heilbronn,9,Pinned review snapshot; official acceptance unresolved | 94f6a70e804f64b904a215d119802ca91df626b4,https://codeload.github.com/FSvOAI/Heilbronn/zip/94f6a70e804f64b904a215d119802ca91df626b4,,contestants/E12/13-archives/E12-cloud-94f6a70e804f64b904a215d119802ca91df626b4.zip,Heilbronn-94f6a70e804f64b904a215d119802ca91df626b4/heilbronn-cloud-results/s31A_c12/DONE,,567a3511,Filename/path inference; editable in the app
58774,heilbronn-cloud-results/s31A_c12_A2/DONE,Heilbronn,9,Pinned review snapshot; official acceptance unresolved | 94f6a70e804f64b904a215d119802ca91df626b4,https://codeload.github.com/FSvOAI/Heilbronn/zip/94f6a70e804f64b904a215d119802ca91df626b4,,contestants/E12/13-archives/E12-cloud-94f6a70e804f64b904a215d119802ca91df626b4.zip,Heilbronn-94f6a70e804f64b904a215d119802ca91df626b4/heilbronn-cloud-results/s31A_c12_A2/DONE,,567a3511,Filename/path inference; editable in the app
58808,heilbronn-cloud-results/s31A_c13/DONE,Heilbronn,9,Pinned review snapshot; official acceptance unresolved | 94f6a70e804f64b904a215d119802ca91df626b4,https://codeload.github.com/FSvOAI/Heilbronn/zip/94f6a70e804f64b904a215d119802ca91df626b4,,contestants/E12/13-archives/E12-cloud-94f6a70e804f64b904a215d119802ca91df626b4.zip,Heilbronn-94f6a70e804f64b904a215d119802ca91df626b4/heilbronn-cloud-results/s31A_c13/DONE,,567a3511,Filename/path inference; editable in the app
58812,heilbronn-cloud-results/s31A_c13_A2/DONE,Heilbronn,9,Pinned review snapshot; official acceptance unresolved | 94f6a70e804f64b904a215d119802ca91df626b4,https://codeload.github.com/FSvOAI/Heilbronn/zip/94f6a70e804f64b904a215d119802ca91df626b4,,contestants/E12/13-archives/E12-cloud-94f6a70e804f64b904a215d119802ca91df626b4.zip,Heilbronn-94f6a70e804f64b904a215d119802ca91df626b4/heilbronn-cloud-results/s31A_c13_A2/DONE,,567a3511,Filename/path inference; editable in the app
58846,heilbronn-cloud-results/s31A_c14/DONE,Heilbronn,9,Pinned review snapshot; official acceptance unresolved | 94f6a70e804f64b904a215d119802ca91df626b4,https://codeload.github.com/FSvOAI/Heilbronn/zip/94f6a70e804f64b904a215d119802ca91df626b4,,contestants/E12/13-archives/E12-cloud-94f6a70e804f64b904a215d119802ca91df626b4.zip,Heilbronn-94f6a70e804f64b904a215d119802ca91df626b4/heilbronn-cloud-results/s31A_c14/DONE,,567a3511,Filename/path inference; editable in the app
58850,heilbronn-cloud-results/s31A_c14_60min/DONE,Heilbronn,9,Pinned review snapshot; official acceptance unresolved | 94f6a70e804f64b904a215d119802ca91df626b4,https://codeload.github.com/FSvOAI/Heilbronn/zip/94f6a70e804f64b904a215d119802ca91df626b4,,contestants/E12/13-archives/E12-cloud-94f6a70e804f64b904a215d119802ca91df626b4.zip,Heilbronn-94f6a70e804f64b904a215d119802ca91df626b4/heilbronn-cloud-results/s31A_c14_60min/DONE,,567a3511,Filename/path inference; editable in the app
58854,heilbronn-cloud-results/s31A_c15/DONE,Heilbronn,9,Pinned review snapshot; official acceptance unresolved | 94f6a70e804f64b904a215d119802ca91df626b4,https://codeload.github.com/FSvOAI/Heilbronn/zip/94f6a70e804f64b904a215d119802ca91df626b4,,contestants/E12/13-archives/E12-cloud-94f6a70e804f64b904a215d119802ca91df626b4.zip,Heilbronn-94f6a70e804f64b904a215d119802ca91df626b4/heilbronn-cloud-results/s31A_c15/DONE,,567a3511,Filename/path inference; editable in the app
58858,heilbronn-cloud-results/s31A_c4/DONE,Heilbronn,9,Pinned review snapshot; official acceptance unresolved | 94f6a70e804f64b904a215d119802ca91df626b4,https://codeload.github.com/FSvOAI/Heilbronn/zip/94f6a70e804f64b904a215d119802ca91df626b4,,contestants/E12/13-archives/E12-cloud-94f6a70e804f64b904a215d119802ca91df626b4.zip,Heilbronn-94f6a70e804f64b904a215d119802ca91df626b4/heilbronn-cloud-results/s31A_c4/DONE,,567a3511,Filename/path inference; editable in the app
58862,heilbronn-cloud-results/s31A_c5/DONE,Heilbronn,9,Pinned review snapshot; official acceptance unresolved | 94f6a70e804f64b904a215d119802ca91df626b4,https://codeload.github.com/FSvOAI/Heilbronn/zip/94f6a70e804f64b904a215d119802ca91df626b4,,contestants/E12/13-archives/E12-cloud-94f6a70e804f64b904a215d119802ca91df626b4.zip,Heilbronn-94f6a70e804f64b904a215d119802ca91df626b4/heilbronn-cloud-results/s31A_c5/DONE,,567a3511,Filename/path inference; editable in the app
58866,heilbronn-cloud-results/s31A_c8/DONE,Heilbronn,9,Pinned review snapshot; official acceptance unresolved | 94f6a70e804f64b904a215d119802ca91df626b4,https://codeload.github.com/FSvOAI/Heilbronn/zip/94f6a70e804f64b904a215d119802ca91df626b4,,contestants/E12/13-archives/E12-cloud-94f6a70e804f64b904a215d119802ca91df626b4.zip,Heilbronn-94f6a70e804f64b904a215d119802ca91df626b4/heilbronn-cloud-results/s31A_c8/DONE,,567a3511,Filename/path inference; editable in the app
58870,heilbronn-cloud-results/sanity7/DONE,Heilbronn,9,Pinned review snapshot; official acceptance unresolved | 94f6a70e804f64b904a215d119802ca91df626b4,https://codeload.github.com/FSvOAI/Heilbronn/zip/94f6a70e804f64b904a215d119802ca91df626b4,,contestants/E12/13-archives/E12-cloud-94f6a70e804f64b904a215d119802ca91df626b4.zip,Heilbronn-94f6a70e804f64b904a215d119802ca91df626b4/heilbronn-cloud-results/sanity7/DONE,,567a3511,Filename/path inference; editable in the app
58891,heilbronn-cloud-results/slide_260928/project/slides/heilbronn9.html,Heilbronn,7908,Pinned review snapshot; official acceptance unresolved | 94f6a70e804f64b904a215d119802ca91df626b4,https://codeload.github.com/FSvOAI/Heilbronn/zip/94f6a70e804f64b904a215d119802ca91df626b4,,contestants/E12/13-archives/E12-cloud-94f6a70e804f64b904a215d119802ca91df626b4.zip,Heilbronn-94f6a70e804f64b904a215d119802ca91df626b4/heilbronn-cloud-results/slide_260928/project/slides/heilbronn9.html,,e6651f0d,Filename/path inference; editable in the app
58894,heilbronn-cloud-results/split31_A/DONE,Heilbronn,9,Pinned review snapshot; official acceptance unresolved | 94f6a70e804f64b904a215d119802ca91df626b4,https://codeload.github.com/FSvOAI/Heilbronn/zip/94f6a70e804f64b904a215d119802ca91df626b4,,contestants/E12/13-archives/E12-cloud-94f6a70e804f64b904a215d119802ca91df626b4.zip,Heilbronn-94f6a70e804f64b904a215d119802ca91df626b4/heilbronn-cloud-results/split31_A/DONE,,567a3511,Filename/path inference; editable in the app
58928,heilbronn-cloud-results/split31_B/DONE,Heilbronn,9,Pinned review snapshot; official acceptance unresolved | 94f6a70e804f64b904a215d119802ca91df626b4,https://codeload.github.com/FSvOAI/Heilbronn/zip/94f6a70e804f64b904a215d119802ca91df626b4,,contestants/E12/13-archives/E12-cloud-94f6a70e804f64b904a215d119802ca91df626b4.zip,Heilbronn-94f6a70e804f64b904a215d119802ca91df626b4/heilbronn-cloud-results/split31_B/DONE,,567a3511,Filename/path inference; editable in the app
58962,heilbronn-cloud-results/split31_C/DONE,Heilbronn,9,Pinned review snapshot; official acceptance unresolved | 94f6a70e804f64b904a215d119802ca91df626b4,https://codeload.github.com/FSvOAI/Heilbronn/zip/94f6a70e804f64b904a215d119802ca91df626b4,,contestants/E12/13-archives/E12-cloud-94f6a70e804f64b904a215d119802ca91df626b4.zip,Heilbronn-94f6a70e804f64b904a215d119802ca91df626b4/heilbronn-cloud-results/split31_C/DONE,,567a3511,Filename/path inference; editable in the app
59095,heilbronn-cloud-results/split_exp2/DONE,Heilbronn,0,Pinned review snapshot; official acceptance unresolved | 94f6a70e804f64b904a215d119802ca91df626b4,https://codeload.github.com/FSvOAI/Heilbronn/zip/94f6a70e804f64b904a215d119802ca91df626b4,,contestants/E12/13-archives/E12-cloud-94f6a70e804f64b904a215d119802ca91df626b4.zip,Heilbronn-94f6a70e804f64b904a215d119802ca91df626b4/heilbronn-cloud-results/split_exp2/DONE,,00000000,Filename/path inference; editable in the app
59197,heilbronn-cloud-results/spot9_p5_p19/DONE,Heilbronn,9,Pinned review snapshot; official acceptance unresolved | 94f6a70e804f64b904a215d119802ca91df626b4,https://codeload.github.com/FSvOAI/Heilbronn/zip/94f6a70e804f64b904a215d119802ca91df626b4,,contestants/E12/13-archives/E12-cloud-94f6a70e804f64b904a215d119802ca91df626b4.zip,Heilbronn-94f6a70e804f64b904a215d119802ca91df626b4/heilbronn-cloud-results/spot9_p5_p19/DONE,,567a3511,Filename/path inference; editable in the app
81823,results/driver-1-n9/02830eb9f3/ALL_PROVED,General / shared,3,Pinned review snapshot; official acceptance unresolved | 9d1d55531855fd275266ac33ab97e3baaa95078c,https://codeload.github.com/FSvOAI/Heilbronn/zip/9d1d55531855fd275266ac33ab97e3baaa95078c,,contestants/E12/13-archives/E12-results-9d1d55531855fd275266ac33ab97e3baaa95078c.zip,Heilbronn-9d1d55531855fd275266ac33ab97e3baaa95078c/results/driver-1-n9/02830eb9f3/ALL_PROVED,,da160e7d,Filename/path inference; editable in the app
82134,results/driver-10-n9/032c8eaa1e/ALL_PROVED,General / shared,3,Pinned review snapshot; official acceptance unresolved | 9d1d55531855fd275266ac33ab97e3baaa95078c,https://codeload.github.com/FSvOAI/Heilbronn/zip/9d1d55531855fd275266ac33ab97e3baaa95078c,,contestants/E12/13-archives/E12-results-9d1d55531855fd275266ac33ab97e3baaa95078c.zip,Heilbronn-9d1d55531855fd275266ac33ab97e3baaa95078c/results/driver-10-n9/032c8eaa1e/ALL_PROVED,,da160e7d,Filename/path inference; editable in the app
94778,results/driver-10-n9/7822acf3c3/ALL_PROVED,General / shared,3,Pinned review snapshot; official acceptance unresolved | 9d1d55531855fd275266ac33ab97e3baaa95078c,https://codeload.github.com/FSvOAI/Heilbronn/zip/9d1d55531855fd275266ac33ab97e3baaa95078c,,contestants/E12/13-archives/E12-results-9d1d55531855fd275266ac33ab97e3baaa95078c.zip,Heilbronn-9d1d55531855fd275266ac33ab97e3baaa95078c/results/driver-10-n9/7822acf3c3/ALL_PROVED,,da160e7d,Filename/path inference; editable in the app
95243,results/driver-10-n9/79120a6b89/ALL_PROVED,General / shared,3,Pinned review snapshot; official acceptance unresolved | 9d1d55531855fd275266ac33ab97e3baaa95078c,https://codeload.github.com/FSvOAI/Heilbronn/zip/9d1d55531855fd275266ac33ab97e3baaa95078c,,contestants/E12/13-archives/E12-results-9d1d55531855fd275266ac33ab97e3baaa95078c.zip,Heilbronn-9d1d55531855fd275266ac33ab97e3baaa95078c/results/driver-10-n9/79120a6b89/ALL_PROVED,,da160e7d,Filename/path inference; editable in the app
95570,results/driver-10-n9/7e96dabe81/ALL_PROVED,General / shared,3,Pinned review snapshot; official acceptance unresolved | 9d1d55531855fd275266ac33ab97e3baaa95078c,https://codeload.github.com/FSvOAI/Heilbronn/zip/9d1d55531855fd275266ac33ab97e3baaa95078c,,contestants/E12/13-archives/E12-results-9d1d55531855fd275266ac33ab97e3baaa95078c.zip,Heilbronn-9d1d55531855fd275266ac33ab97e3baaa95078c/results/driver-10-n9/7e96dabe81/ALL_PROVED,,da160e7d,Filename/path inference; editable in the app
97614,results/driver-10-n9/8c9f35e3f5/ALL_PROVED,General / shared,3,Pinned review snapshot; official acceptance unresolved | 9d1d55531855fd275266ac33ab97e3baaa95078c,https://codeload.github.com/FSvOAI/Heilbronn/zip/9d1d55531855fd275266ac33ab97e3baaa95078c,,contestants/E12/13-archives/E12-results-9d1d55531855fd275266ac33ab97e3baaa95078c.zip,Heilbronn-9d1d55531855fd275266ac33ab97e3baaa95078c/results/driver-10-n9/8c9f35e3f5/ALL_PROVED,,da160e7d,Filename/path inference; editable in the app
97739,results/driver-10-n9/97c922ccb5/ALL_PROVED,General / shared,3,Pinned review snapshot; official acceptance unresolved | 9d1d55531855fd275266ac33ab97e3baaa95078c,https://codeload.github.com/FSvOAI/Heilbronn/zip/9d1d55531855fd275266ac33ab97e3baaa95078c,,contestants/E12/13-archives/E12-results-9d1d55531855fd275266ac33ab97e3baaa95078c.zip,Heilbronn-9d1d55531855fd275266ac33ab97e3baaa95078c/results/driver-10-n9/97c922ccb5/ALL_PROVED,,da160e7d,Filename/path inference; editable in the app
99277,results/driver-10-n9/b0f2ad8399/ALL_PROVED,General / shared,3,Pinned review snapshot; official acceptance unresolved | 9d1d55531855fd275266ac33ab97e3baaa95078c,https://codeload.github.com/FSvOAI/Heilbronn/zip/9d1d55531855fd275266ac33ab97e3baaa95078c,,contestants/E12/13-archives/E12-results-9d1d55531855fd275266ac33ab97e3baaa95078c.zip,Heilbronn-9d1d55531855fd275266ac33ab97e3baaa95078c/results/driver-10-n9/b0f2ad8399/ALL_PROVED,,da160e7d,Filename/path inference; editable in the app
99451,results/driver-10-n9/b33137c856/ALL_PROVED,General / shared,3,Pinned review snapshot; official acceptance unresolved | 9d1d55531855fd275266ac33ab97e3baaa95078c,https://codeload.github.com/FSvOAI/Heilbronn/zip/9d1d55531855fd275266ac33ab97e3baaa95078c,,contestants/E12/13-archives/E12-results-9d1d55531855fd275266ac33ab97e3baaa95078c.zip,Heilbronn-9d1d55531855fd275266ac33ab97e3baaa95078c/results/driver-10-n9/b33137c856/ALL_PROVED,,da160e7d,Filename/path inference; editable in the app
102051,results/driver-10-n9/f4d7c59904/ALL_PROVED,General / shared,3,Pinned review snapshot; official acceptance unresolved | 9d1d55531855fd275266ac33ab97e3baaa95078c,https://codeload.github.com/FSvOAI/Heilbronn/zip/9d1d55531855fd275266ac33ab97e3baaa95078c,,contestants/E12/13-archives/E12-results-9d1d55531855fd275266ac33ab97e3baaa95078c.zip,Heilbronn-9d1d55531855fd275266ac33ab97e3baaa95078c/results/driver-10-n9/f4d7c59904/ALL_PROVED,,da160e7d,Filename/path inference; editable in the app
106944,results/driver-11-n9/113a5446a9/ALL_PROVED,General / shared,3,Pinned review snapshot; official acceptance unresolved | 9d1d55531855fd275266ac33ab97e3baaa95078c,https://codeload.github.com/FSvOAI/Heilbronn/zip/9d1d55531855fd275266ac33ab97e3baaa95078c,,contestants/E12/13-archives/E12-results-9d1d55531855fd275266ac33ab97e3baaa95078c.zip,Heilbronn-9d1d55531855fd275266ac33ab97e3baaa95078c/results/driver-11-n9/113a5446a9/ALL_PROVED,,da160e7d,Filename/path inference; editable in the app
109999,results/driver-11-n9/2fae3b4109/ALL_PROVED,General / shared,3,Pinned review snapshot; official acceptance unresolved | 9d1d55531855fd275266ac33ab97e3baaa95078c,https://codeload.github.com/FSvOAI/Heilbronn/zip/9d1d55531855fd275266ac33ab97e3baaa95078c,,contestants/E12/13-archives/E12-results-9d1d55531855fd275266ac33ab97e3baaa95078c.zip,Heilbronn-9d1d55531855fd275266ac33ab97e3baaa95078c/results/driver-11-n9/2fae3b4109/ALL_PROVED,,da160e7d,Filename/path inference; editable in the app
116306,results/driver-11-n9/6dcf80741c/ALL_PROVED,General / shared,3,Pinned review snapshot; official acceptance unresolved | 9d1d55531855fd275266ac33ab97e3baaa95078c,https://codeload.github.com/FSvOAI/Heilbronn/zip/9d1d55531855fd275266ac33ab97e3baaa95078c,,contestants/E12/13-archives/E12-results-9d1d55531855fd275266ac33ab97e3baaa95078c.zip,Heilbronn-9d1d55531855fd275266ac33ab97e3baaa95078c/results/driver-11-n9/6dcf80741c/ALL_PROVED,,da160e7d,Filename/path inference; editable in the app
116605,results/driver-11-n9/75f9522085/ALL_PROVED,General / shared,3,Pinned review snapshot; official acceptance unresolved | 9d1d55531855fd275266ac33ab97e3baaa95078c,https://codeload.github.com/FSvOAI/Heilbronn/zip/9d1d55531855fd275266ac33ab97e3baaa95078c,,contestants/E12/13-archives/E12-results-9d1d55531855fd275266ac33ab97e3baaa95078c.zip,Heilbronn-9d1d55531855fd275266ac33ab97e3baaa95078c/results/driver-11-n9/75f9522085/ALL_PROVED,,da160e7d,Filename/path inference; editable in the app
119217,results/driver-11-n9/8be8a94953/ALL_PROVED,General / shared,3,Pinned review snapshot; official acceptance unresolved | 9d1d55531855fd275266ac33ab97e3baaa95078c,https://codeload.github.com/FSvOAI/Heilbronn/zip/9d1d55531855fd275266ac33ab97e3baaa95078c,,contestants/E12/13-archives/E12-results-9d1d55531855fd275266ac33ab97e3baaa95078c.zip,Heilbronn-9d1d55531855fd275266ac33ab97e3baaa95078c/results/driver-11-n9/8be8a94953/ALL_PROVED,,da160e7d,Filename/path inference; editable in the app
120878,results/driver-11-n9/aef4ced5b4/ALL_PROVED,General / shared,3,Pinned review snapshot; official acceptance unresolved | 9d1d55531855fd275266ac33ab97e3baaa95078c,https://codeload.github.com/FSvOAI/Heilbronn/zip/9d1d55531855fd275266ac33ab97e3baaa95078c,,contestants/E12/13-archives/E12-results-9d1d55531855fd275266ac33ab97e3baaa95078c.zip,Heilbronn-9d1d55531855fd275266ac33ab97e3baaa95078c/results/driver-11-n9/aef4ced5b4/ALL_PROVED,,da160e7d,Filename/path inference; editable in the app
121126,results/driver-11-n9/afec2a49ca/ALL_PROVED,General / shared,3,Pinned review snapshot; official acceptance unresolved | 9d1d55531855fd275266ac33ab97e3baaa95078c,https://codeload.github.com/FSvOAI/Heilbronn/zip/9d1d55531855fd275266ac33ab97e3baaa95078c,,contestants/E12/13-archives/E12-results-9d1d55531855fd275266ac33ab97e3baaa95078c.zip,Heilbronn-9d1d55531855fd275266ac33ab97e3baaa95078c/results/driver-11-n9/afec2a49ca/ALL_PROVED,,da160e7d,Filename/path inference; editable in the app
121457,results/driver-11-n9/c4f3b06f6e/ALL_PROVED,General / shared,3,Pinned review snapshot; official acceptance unresolved | 9d1d55531855fd275266ac33ab97e3baaa95078c,https://codeload.github.com/FSvOAI/Heilbronn/zip/9d1d55531855fd275266ac33ab97e3baaa95078c,,contestants/E12/13-archives/E12-results-9d1d55531855fd275266ac33ab97e3baaa95078c.zip,Heilbronn-9d1d55531855fd275266ac33ab97e3baaa95078c/results/driver-11-n9/c4f3b06f6e/ALL_PROVED,,da160e7d,Filename/path inference; editable in the app
122128,results/driver-11-n9/c9dc36a6e2/ALL_PROVED,General / shared,3,Pinned review snapshot; official acceptance unresolved | 9d1d55531855fd275266ac33ab97e3baaa95078c,https://codeload.github.com/FSvOAI/Heilbronn/zip/9d1d55531855fd275266ac33ab97e3baaa95078c,,contestants/E12/13-archives/E12-results-9d1d55531855fd275266ac33ab97e3baaa95078c.zip,Heilbronn-9d1d55531855fd275266ac33ab97e3baaa95078c/results/driver-11-n9/c9dc36a6e2/ALL_PROVED,,da160e7d,Filename/path inference; editable in the app
123147,results/driver-11-n9/cd6b6d1d13/ALL_PROVED,General / shared,3,Pinned review snapshot; official acceptance unresolved | 9d1d55531855fd275266ac33ab97e3baaa95078c,https://codeload.github.com/FSvOAI/Heilbronn/zip/9d1d55531855fd275266ac33ab97e3baaa95078c,,contestants/E12/13-archives/E12-results-9d1d55531855fd275266ac33ab97e3baaa95078c.zip,Heilbronn-9d1d55531855fd275266ac33ab97e3baaa95078c/results/driver-11-n9/cd6b6d1d13/ALL_PROVED,,da160e7d,Filename/path inference; editable in the app
124323,results/driver-11-n9/da80f81ee3/ALL_PROVED,General / shared,3,Pinned review snapshot; official acceptance unresolved | 9d1d55531855fd275266ac33ab97e3baaa95078c,https://codeload.github.com/FSvOAI/Heilbronn/zip/9d1d55531855fd275266ac33ab97e3baaa95078c,,contestants/E12/13-archives/E12-results-9d1d55531855fd275266ac33ab97e3baaa95078c.zip,Heilbronn-9d1d55531855fd275266ac33ab97e3baaa95078c/results/driver-11-n9/da80f81ee3/ALL_PROVED,,da160e7d,Filename/path inference; editable in the app
127337,results/driver-11-n9/fc8e95c879/ALL_PROVED,General / shared,3,Pinned review snapshot; official acceptance unresolved | 9d1d55531855fd275266ac33ab97e3baaa95078c,https://codeload.github.com/FSvOAI/Heilbronn/zip/9d1d55531855fd275266ac33ab97e3baaa95078c,,contestants/E12/13-archives/E12-results-9d1d55531855fd275266ac33ab97e3baaa95078c.zip,Heilbronn-9d1d55531855fd275266ac33ab97e3baaa95078c/results/driver-11-n9/fc8e95c879/ALL_PROVED,,da160e7d,Filename/path inference; editable in the app
133720,results/driver-12-n9/4f3bad4154/ALL_PROVED,General / shared,3,Pinned review snapshot; official acceptance unresolved | 9d1d55531855fd275266ac33ab97e3baaa95078c,https://codeload.github.com/FSvOAI/Heilbronn/zip/9d1d55531855fd275266ac33ab97e3baaa95078c,,contestants/E12/13-archives/E12-results-9d1d55531855fd275266ac33ab97e3baaa95078c.zip,Heilbronn-9d1d55531855fd275266ac33ab97e3baaa95078c/results/driver-12-n9/4f3bad4154/ALL_PROVED,,da160e7d,Filename/path inference; editable in the app
134795,results/driver-12-n9/5e82ae76a8/ALL_PROVED,General / shared,3,Pinned review snapshot; official acceptance unresolved | 9d1d55531855fd275266ac33ab97e3baaa95078c,https://codeload.github.com/FSvOAI/Heilbronn/zip/9d1d55531855fd275266ac33ab97e3baaa95078c,,contestants/E12/13-archives/E12-results-9d1d55531855fd275266ac33ab97e3baaa95078c.zip,Heilbronn-9d1d55531855fd275266ac33ab97e3baaa95078c/results/driver-12-n9/5e82ae76a8/ALL_PROVED,,da160e7d,Filename/path inference; editable in the app
135725,results/driver-12-n9/5f89f3949f/ALL_PROVED,General / shared,3,Pinned review snapshot; official acceptance unresolved | 9d1d55531855fd275266ac33ab97e3baaa95078c,https://codeload.github.com/FSvOAI/Heilbronn/zip/9d1d55531855fd275266ac33ab97e3baaa95078c,,contestants/E12/13-archives/E12-results-9d1d55531855fd275266ac33ab97e3baaa95078c.zip,Heilbronn-9d1d55531855fd275266ac33ab97e3baaa95078c/results/driver-12-n9/5f89f3949f/ALL_PROVED,,da160e7d,Filename/path inference; editable in the app
136619,results/driver-12-n9/70278f2631/ALL_PROVED,General / shared,3,Pinned review snapshot; official acceptance unresolved | 9d1d55531855fd275266ac33ab97e3baaa95078c,https://codeload.github.com/FSvOAI/Heilbronn/zip/9d1d55531855fd275266ac33ab97e3baaa95078c,,contestants/E12/13-archives/E12-results-9d1d55531855fd275266ac33ab97e3baaa95078c.zip,Heilbronn-9d1d55531855fd275266ac33ab97e3baaa95078c/results/driver-12-n9/70278f2631/ALL_PROVED,,da160e7d,Filename/path inference; editable in the app
139153,results/driver-12-n9/94735cde49/ALL_PROVED,General / shared,3,Pinned review snapshot; official acceptance unresolved | 9d1d55531855fd275266ac33ab97e3baaa95078c,https://codeload.github.com/FSvOAI/Heilbronn/zip/9d1d55531855fd275266ac33ab97e3baaa95078c,,contestants/E12/13-archives/E12-results-9d1d55531855fd275266ac33ab97e3baaa95078c.zip,Heilbronn-9d1d55531855fd275266ac33ab97e3baaa95078c/results/driver-12-n9/94735cde49/ALL_PROVED,,da160e7d,Filename/path inference; editable in the app
139932,results/driver-12-n9/b02bf82c14/ALL_PROVED,General / shared,3,Pinned review snapshot; official acceptance unresolved | 9d1d55531855fd275266ac33ab97e3baaa95078c,https://codeload.github.com/FSvOAI/Heilbronn/zip/9d1d55531855fd275266ac33ab97e3baaa95078c,,contestants/E12/13-archives/E12-results-9d1d55531855fd275266ac33ab97e3baaa95078c.zip,Heilbronn-9d1d55531855fd275266ac33ab97e3baaa95078c/results/driver-12-n9/b02bf82c14/ALL_PROVED,,da160e7d,Filename/path inference; editable in the app
141208,results/driver-12-n9/ca78d5bc8d/ALL_PROVED,General / shared,3,Pinned review snapshot; official acceptance unresolved | 9d1d55531855fd275266ac33ab97e3baaa95078c,https://codeload.github.com/FSvOAI/Heilbronn/zip/9d1d55531855fd275266ac33ab97e3baaa95078c,,contestants/E12/13-archives/E12-results-9d1d55531855fd275266ac33ab97e3baaa95078c.zip,Heilbronn-9d1d55531855fd275266ac33ab97e3baaa95078c/results/driver-12-n9/ca78d5bc8d/ALL_PROVED,,da160e7d,Filename/path inference; editable in the app
144572,results/driver-12-n9/d8cdb3d026/ALL_PROVED,General / shared,3,Pinned review snapshot; official acceptance unresolved | 9d1d55531855fd275266ac33ab97e3baaa95078c,https://codeload.github.com/FSvOAI/Heilbronn/zip/9d1d55531855fd275266ac33ab97e3baaa95078c,,contestants/E12/13-archives/E12-results-9d1d55531855fd275266ac33ab97e3baaa95078c.zip,Heilbronn-9d1d55531855fd275266ac33ab97e3baaa95078c/results/driver-12-n9/d8cdb3d026/ALL_PROVED,,da160e7d,Filename/path inference; editable in the app
145635,results/driver-12-n9/e664f8bd38/ALL_PROVED,General / shared,3,Pinned review snapshot; official acceptance unresolved | 9d1d55531855fd275266ac33ab97e3baaa95078c,https://codeload.github.com/FSvOAI/Heilbronn/zip/9d1d55531855fd275266ac33ab97e3baaa95078c,,contestants/E12/13-archives/E12-results-9d1d55531855fd275266ac33ab97e3baaa95078c.zip,Heilbronn-9d1d55531855fd275266ac33ab97e3baaa95078c/results/driver-12-n9/e664f8bd38/ALL_PROVED,,da160e7d,Filename/path inference; editable in the app
146376,results/driver-12-n9/e68cce9a0d/ALL_PROVED,General / shared,3,Pinned review snapshot; official acceptance unresolved | 9d1d55531855fd275266ac33ab97e3baaa95078c,https://codeload.github.com/FSvOAI/Heilbronn/zip/9d1d55531855fd275266ac33ab97e3baaa95078c,,contestants/E12/13-archives/E12-results-9d1d55531855fd275266ac33ab97e3baaa95078c.zip,Heilbronn-9d1d55531855fd275266ac33ab97e3baaa95078c/results/driver-12-n9/e68cce9a0d/ALL_PROVED,,da160e7d,Filename/path inference; editable in the app
147522,results/driver-12-n9/e6a413d8af/ALL_PROVED,General / shared,3,Pinned review snapshot; official acceptance unresolved | 9d1d55531855fd275266ac33ab97e3baaa95078c,https://codeload.github.com/FSvOAI/Heilbronn/zip/9d1d55531855fd275266ac33ab97e3baaa95078c,,contestants/E12/13-archives/E12-results-9d1d55531855fd275266ac33ab97e3baaa95078c.zip,Heilbronn-9d1d55531855fd275266ac33ab97e3baaa95078c/results/driver-12-n9/e6a413d8af/ALL_PROVED,,da160e7d,Filename/path inference; editable in the app
149047,results/driver-12-n9/e70a170d26/ALL_PROVED,General / shared,3,Pinned review snapshot; official acceptance unresolved | 9d1d55531855fd275266ac33ab97e3baaa95078c,https://codeload.github.com/FSvOAI/Heilbronn/zip/9d1d55531855fd275266ac33ab97e3baaa95078c,,contestants/E12/13-archives/E12-results-9d1d55531855fd275266ac33ab97e3baaa95078c.zip,Heilbronn-9d1d55531855fd275266ac33ab97e3baaa95078c/results/driver-12-n9/e70a170d26/ALL_PROVED,,da160e7d,Filename/path inference; editable in the app
149535,results/driver-12-n9/e7df3b1d12/ALL_PROVED,General / shared,3,Pinned review snapshot; official acceptance unresolved | 9d1d55531855fd275266ac33ab97e3baaa95078c,https://codeload.github.com/FSvOAI/Heilbronn/zip/9d1d55531855fd275266ac33ab97e3baaa95078c,,contestants/E12/13-archives/E12-results-9d1d55531855fd275266ac33ab97e3baaa95078c.zip,Heilbronn-9d1d55531855fd275266ac33ab97e3baaa95078c/results/driver-12-n9/e7df3b1d12/ALL_PROVED,,da160e7d,Filename/path inference; editable in the app
150004,results/driver-12-n9/fc18507557/ALL_PROVED,General / shared,3,Pinned review snapshot; official acceptance unresolved | 9d1d55531855fd275266ac33ab97e3baaa95078c,https://codeload.github.com/FSvOAI/Heilbronn/zip/9d1d55531855fd275266ac33ab97e3baaa95078c,,contestants/E12/13-archives/E12-results-9d1d55531855fd275266ac33ab97e3baaa95078c.zip,Heilbronn-9d1d55531855fd275266ac33ab97e3baaa95078c/results/driver-12-n9/fc18507557/ALL_PROVED,,da160e7d,Filename/path inference; editable in the app
150516,results/driver-12-n9/fcc0bda30f/ALL_PROVED,General / shared,3,Pinned review snapshot; official acceptance unresolved | 9d1d55531855fd275266ac33ab97e3baaa95078c,https://codeload.github.com/FSvOAI/Heilbronn/zip/9d1d55531855fd275266ac33ab97e3baaa95078c,,contestants/E12/13-archives/E12-results-9d1d55531855fd275266ac33ab97e3baaa95078c.zip,Heilbronn-9d1d55531855fd275266ac33ab97e3baaa95078c/results/driver-12-n9/fcc0bda30f/ALL_PROVED,,da160e7d,Filename/path inference; editable in the app
151479,results/driver-13-n9/83d305d398/ALL_PROVED,General / shared,3,Pinned review snapshot; official acceptance unresolved | 9d1d55531855fd275266ac33ab97e3baaa95078c,https://codeload.github.com/FSvOAI/Heilbronn/zip/9d1d55531855fd275266ac33ab97e3baaa95078c,,contestants/E12/13-archives/E12-results-9d1d55531855fd275266ac33ab97e3baaa95078c.zip,Heilbronn-9d1d55531855fd275266ac33ab97e3baaa95078c/results/driver-13-n9/83d305d398/ALL_PROVED,,da160e7d,Filename/path inference; editable in the app
152396,results/driver-13-n9/e4625eeebf/ALL_PROVED,General / shared,3,Pinned review snapshot; official acceptance unresolved | 9d1d55531855fd275266ac33ab97e3baaa95078c,https://codeload.github.com/FSvOAI/Heilbronn/zip/9d1d55531855fd275266ac33ab97e3baaa95078c,,contestants/E12/13-archives/E12-results-9d1d55531855fd275266ac33ab97e3baaa95078c.zip,Heilbronn-9d1d55531855fd275266ac33ab97e3baaa95078c/results/driver-13-n9/e4625eeebf/ALL_PROVED,,da160e7d,Filename/path inference; editable in the app
154435,results/driver-4-n9/0cd2fc8896/ALL_PROVED,General / shared,3,Pinned review snapshot; official acceptance unresolved | 9d1d55531855fd275266ac33ab97e3baaa95078c,https://codeload.github.com/FSvOAI/Heilbronn/zip/9d1d55531855fd275266ac33ab97e3baaa95078c,,contestants/E12/13-archives/E12-results-9d1d55531855fd275266ac33ab97e3baaa95078c.zip,Heilbronn-9d1d55531855fd275266ac33ab97e3baaa95078c/results/driver-4-n9/0cd2fc8896/ALL_PROVED,,da160e7d,Filename/path inference; editable in the app
154728,results/driver-4-n9/185fd14984/ALL_PROVED,General / shared,3,Pinned review snapshot; official acceptance unresolved | 9d1d55531855fd275266ac33ab97e3baaa95078c,https://codeload.github.com/FSvOAI/Heilbronn/zip/9d1d55531855fd275266ac33ab97e3baaa95078c,,contestants/E12/13-archives/E12-results-9d1d55531855fd275266ac33ab97e3baaa95078c.zip,Heilbronn-9d1d55531855fd275266ac33ab97e3baaa95078c/results/driver-4-n9/185fd14984/ALL_PROVED,,da160e7d,Filename/path inference; editable in the app
154936,results/driver-4-n9/1e7ae95658/ALL_PROVED,General / shared,3,Pinned review snapshot; official acceptance unresolved | 9d1d55531855fd275266ac33ab97e3baaa95078c,https://codeload.github.com/FSvOAI/Heilbronn/zip/9d1d55531855fd275266ac33ab97e3baaa95078c,,contestants/E12/13-archives/E12-results-9d1d55531855fd275266ac33ab97e3baaa95078c.zip,Heilbronn-9d1d55531855fd275266ac33ab97e3baaa95078c/results/driver-4-n9/1e7ae95658/ALL_PROVED,,da160e7d,Filename/path inference; editable in the app
155025,results/driver-4-n9/2efbf13fed/ALL_PROVED,General / shared,3,Pinned review snapshot; official acceptance unresolved | 9d1d55531855fd275266ac33ab97e3baaa95078c,https://codeload.github.com/FSvOAI/Heilbronn/zip/9d1d55531855fd275266ac33ab97e3baaa95078c,,contestants/E12/13-archives/E12-results-9d1d55531855fd275266ac33ab97e3baaa95078c.zip,Heilbronn-9d1d55531855fd275266ac33ab97e3baaa95078c/results/driver-4-n9/2efbf13fed/ALL_PROVED,,da160e7d,Filename/path inference; editable in the app
155252,results/driver-4-n9/325f5333f3/ALL_PROVED,General / shared,3,Pinned review snapshot; official acceptance unresolved | 9d1d55531855fd275266ac33ab97e3baaa95078c,https://codeload.github.com/FSvOAI/Heilbronn/zip/9d1d55531855fd275266ac33ab97e3baaa95078c,,contestants/E12/13-archives/E12-results-9d1d55531855fd275266ac33ab97e3baaa95078c.zip,Heilbronn-9d1d55531855fd275266ac33ab97e3baaa95078c/results/driver-4-n9/325f5333f3/ALL_PROVED,,da160e7d,Filename/path inference; editable in the app
166161,results/driver-4-n9/6fb24cb549/ALL_PROVED,General / shared,3,Pinned review snapshot; official acceptance unresolved | 9d1d55531855fd275266ac33ab97e3baaa95078c,https://codeload.github.com/FSvOAI/Heilbronn/zip/9d1d55531855fd275266ac33ab97e3baaa95078c,,contestants/E12/13-archives/E12-results-9d1d55531855fd275266ac33ab97e3baaa95078c.zip,Heilbronn-9d1d55531855fd275266ac33ab97e3baaa95078c/results/driver-4-n9/6fb24cb549/ALL_PROVED,,da160e7d,Filename/path inference; editable in the app
166955,results/driver-4-n9/7a7a24601e/ALL_PROVED,General / shared,3,Pinned review snapshot; official acceptance unresolved | 9d1d55531855fd275266ac33ab97e3baaa95078c,https://codeload.github.com/FSvOAI/Heilbronn/zip/9d1d55531855fd275266ac33ab97e3baaa95078c,,contestants/E12/13-archives/E12-results-9d1d55531855fd275266ac33ab97e3baaa95078c.zip,Heilbronn-9d1d55531855fd275266ac33ab97e3baaa95078c/results/driver-4-n9/7a7a24601e/ALL_PROVED,,da160e7d,Filename/path inference; editable in the app
167783,results/driver-4-n9/7e5a9fb7ab/ALL_PROVED,General / shared,3,Pinned review snapshot; official acceptance unresolved | 9d1d55531855fd275266ac33ab97e3baaa95078c,https://codeload.github.com/FSvOAI/Heilbronn/zip/9d1d55531855fd275266ac33ab97e3baaa95078c,,contestants/E12/13-archives/E12-results-9d1d55531855fd275266ac33ab97e3baaa95078c.zip,Heilbronn-9d1d55531855fd275266ac33ab97e3baaa95078c/results/driver-4-n9/7e5a9fb7ab/ALL_PROVED,,da160e7d,Filename/path inference; editable in the app
168252,results/driver-4-n9/8685d816de/ALL_PROVED,General / shared,3,Pinned review snapshot; official acceptance unresolved | 9d1d55531855fd275266ac33ab97e3baaa95078c,https://codeload.github.com/FSvOAI/Heilbronn/zip/9d1d55531855fd275266ac33ab97e3baaa95078c,,contestants/E12/13-archives/E12-results-9d1d55531855fd275266ac33ab97e3baaa95078c.zip,Heilbronn-9d1d55531855fd275266ac33ab97e3baaa95078c/results/driver-4-n9/8685d816de/ALL_PROVED,,da160e7d,Filename/path inference; editable in the app
168339,results/driver-4-n9/8bef04bdec/ALL_PROVED,General / shared,3,Pinned review snapshot; official acceptance unresolved | 9d1d55531855fd275266ac33ab97e3baaa95078c,https://codeload.github.com/FSvOAI/Heilbronn/zip/9d1d55531855fd275266ac33ab97e3baaa95078c,,contestants/E12/13-archives/E12-results-9d1d55531855fd275266ac33ab97e3baaa95078c.zip,Heilbronn-9d1d55531855fd275266ac33ab97e3baaa95078c/results/driver-4-n9/8bef04bdec/ALL_PROVED,,da160e7d,Filename/path inference; editable in the app
168632,results/driver-4-n9/95e48b15d1/ALL_PROVED,General / shared,3,Pinned review snapshot; official acceptance unresolved | 9d1d55531855fd275266ac33ab97e3baaa95078c,https://codeload.github.com/FSvOAI/Heilbronn/zip/9d1d55531855fd275266ac33ab97e3baaa95078c,,contestants/E12/13-archives/E12-results-9d1d55531855fd275266ac33ab97e3baaa95078c.zip,Heilbronn-9d1d55531855fd275266ac33ab97e3baaa95078c/results/driver-4-n9/95e48b15d1/ALL_PROVED,,da160e7d,Filename/path inference; editable in the app
171148,results/driver-4-n9/975f121215/ALL_PROVED,General / shared,3,Pinned review snapshot; official acceptance unresolved | 9d1d55531855fd275266ac33ab97e3baaa95078c,https://codeload.github.com/FSvOAI/Heilbronn/zip/9d1d55531855fd275266ac33ab97e3baaa95078c,,contestants/E12/13-archives/E12-results-9d1d55531855fd275266ac33ab97e3baaa95078c.zip,Heilbronn-9d1d55531855fd275266ac33ab97e3baaa95078c/results/driver-4-n9/975f121215/ALL_PROVED,,da160e7d,Filename/path inference; editable in the app
171575,results/driver-4-n9/a11e7c3565/ALL_PROVED,General / shared,3,Pinned review snapshot; official acceptance unresolved | 9d1d55531855fd275266ac33ab97e3baaa95078c,https://codeload.github.com/FSvOAI/Heilbronn/zip/9d1d55531855fd275266ac33ab97e3baaa95078c,,contestants/E12/13-archives/E12-results-9d1d55531855fd275266ac33ab97e3baaa95078c.zip,Heilbronn-9d1d55531855fd275266ac33ab97e3baaa95078c/results/driver-4-n9/a11e7c3565/ALL_PROVED,,da160e7d,Filename/path inference; editable in the app
171868,results/driver-4-n9/a67f4e0d31/ALL_PROVED,General / shared,3,Pinned review snapshot; official acceptance unresolved | 9d1d55531855fd275266ac33ab97e3baaa95078c,https://codeload.github.com/FSvOAI/Heilbronn/zip/9d1d55531855fd275266ac33ab97e3baaa95078c,,contestants/E12/13-archives/E12-results-9d1d55531855fd275266ac33ab97e3baaa95078c.zip,Heilbronn-9d1d55531855fd275266ac33ab97e3baaa95078c/results/driver-4-n9/a67f4e0d31/ALL_PROVED,,da160e7d,Filename/path inference; editable in the app
173127,results/driver-4-n9/ae7b82b71e/ALL_PROVED,General / shared,3,Pinned review snapshot; official acceptance unresolved | 9d1d55531855fd275266ac33ab97e3baaa95078c,https://codeload.github.com/FSvOAI/Heilbronn/zip/9d1d55531855fd275266ac33ab97e3baaa95078c,,contestants/E12/13-archives/E12-results-9d1d55531855fd275266ac33ab97e3baaa95078c.zip,Heilbronn-9d1d55531855fd275266ac33ab97e3baaa95078c/results/driver-4-n9/ae7b82b71e/ALL_PROVED,,da160e7d,Filename/path inference; editable in the app
173747,results/driver-4-n9/b183f76046/ALL_PROVED,General / shared,3,Pinned review snapshot; official acceptance unresolved | 9d1d55531855fd275266ac33ab97e3baaa95078c,https://codeload.github.com/FSvOAI/Heilbronn/zip/9d1d55531855fd275266ac33ab97e3baaa95078c,,contestants/E12/13-archives/E12-results-9d1d55531855fd275266ac33ab97e3baaa95078c.zip,Heilbronn-9d1d55531855fd275266ac33ab97e3baaa95078c/results/driver-4-n9/b183f76046/ALL_PROVED,,da160e7d,Filename/path inference; editable in the app
174248,results/driver-4-n9/b59a58a378/ALL_PROVED,General / shared,3,Pinned review snapshot; official acceptance unresolved | 9d1d55531855fd275266ac33ab97e3baaa95078c,https://codeload.github.com/FSvOAI/Heilbronn/zip/9d1d55531855fd275266ac33ab97e3baaa95078c,,contestants/E12/13-archives/E12-results-9d1d55531855fd275266ac33ab97e3baaa95078c.zip,Heilbronn-9d1d55531855fd275266ac33ab97e3baaa95078c/results/driver-4-n9/b59a58a378/ALL_PROVED,,da160e7d,Filename/path inference; editable in the app
175127,results/driver-4-n9/b5bffedbfa/ALL_PROVED,General / shared,3,Pinned review snapshot; official acceptance unresolved | 9d1d55531855fd275266ac33ab97e3baaa95078c,https://codeload.github.com/FSvOAI/Heilbronn/zip/9d1d55531855fd275266ac33ab97e3baaa95078c,,contestants/E12/13-archives/E12-results-9d1d55531855fd275266ac33ab97e3baaa95078c.zip,Heilbronn-9d1d55531855fd275266ac33ab97e3baaa95078c/results/driver-4-n9/b5bffedbfa/ALL_PROVED,,da160e7d,Filename/path inference; editable in the app
177257,results/driver-4-n9/c0d6e8b3ed/ALL_PROVED,General / shared,3,Pinned review snapshot; official acceptance unresolved | 9d1d55531855fd275266ac33ab97e3baaa95078c,https://codeload.github.com/FSvOAI/Heilbronn/zip/9d1d55531855fd275266ac33ab97e3baaa95078c,,contestants/E12/13-archives/E12-results-9d1d55531855fd275266ac33ab97e3baaa95078c.zip,Heilbronn-9d1d55531855fd275266ac33ab97e3baaa95078c/results/driver-4-n9/c0d6e8b3ed/ALL_PROVED,,da160e7d,Filename/path inference; editable in the app
177482,results/driver-4-n9/c5e2be5d6e/ALL_PROVED,General / shared,3,Pinned review snapshot; official acceptance unresolved | 9d1d55531855fd275266ac33ab97e3baaa95078c,https://codeload.github.com/FSvOAI/Heilbronn/zip/9d1d55531855fd275266ac33ab97e3baaa95078c,,contestants/E12/13-archives/E12-results-9d1d55531855fd275266ac33ab97e3baaa95078c.zip,Heilbronn-9d1d55531855fd275266ac33ab97e3baaa95078c/results/driver-4-n9/c5e2be5d6e/ALL_PROVED,,da160e7d,Filename/path inference; editable in the app
178240,results/driver-4-n9/c8a86a567e/ALL_PROVED,General / shared,3,Pinned review snapshot; official acceptance unresolved | 9d1d55531855fd275266ac33ab97e3baaa95078c,https://codeload.github.com/FSvOAI/Heilbronn/zip/9d1d55531855fd275266ac33ab97e3baaa95078c,,contestants/E12/13-archives/E12-results-9d1d55531855fd275266ac33ab97e3baaa95078c.zip,Heilbronn-9d1d55531855fd275266ac33ab97e3baaa95078c/results/driver-4-n9/c8a86a567e/ALL_PROVED,,da160e7d,Filename/path inference; editable in the app
180513,results/driver-4-n9/d1152c8c8b/ALL_PROVED,General / shared,3,Pinned review snapshot; official acceptance unresolved | 9d1d55531855fd275266ac33ab97e3baaa95078c,https://codeload.github.com/FSvOAI/Heilbronn/zip/9d1d55531855fd275266ac33ab97e3baaa95078c,,contestants/E12/13-archives/E12-results-9d1d55531855fd275266ac33ab97e3baaa95078c.zip,Heilbronn-9d1d55531855fd275266ac33ab97e3baaa95078c/results/driver-4-n9/d1152c8c8b/ALL_PROVED,,da160e7d,Filename/path inference; editable in the app
185885,results/driver-4-n9/debb5783e9/ALL_PROVED,General / shared,3,Pinned review snapshot; official acceptance unresolved | 9d1d55531855fd275266ac33ab97e3baaa95078c,https://codeload.github.com/FSvOAI/Heilbronn/zip/9d1d55531855fd275266ac33ab97e3baaa95078c,,contestants/E12/13-archives/E12-results-9d1d55531855fd275266ac33ab97e3baaa95078c.zip,Heilbronn-9d1d55531855fd275266ac33ab97e3baaa95078c/results/driver-4-n9/debb5783e9/ALL_PROVED,,da160e7d,Filename/path inference; editable in the app
188867,results/driver-4-n9/ed13c1de45/ALL_PROVED,General / shared,3,Pinned review snapshot; official acceptance unresolved | 9d1d55531855fd275266ac33ab97e3baaa95078c,https://codeload.github.com/FSvOAI/Heilbronn/zip/9d1d55531855fd275266ac33ab97e3baaa95078c,,contestants/E12/13-archives/E12-results-9d1d55531855fd275266ac33ab97e3baaa95078c.zip,Heilbronn-9d1d55531855fd275266ac33ab97e3baaa95078c/results/driver-4-n9/ed13c1de45/ALL_PROVED,,da160e7d,Filename/path inference; editable in the app
189436,results/driver-4-n9/fa78a08805/ALL_PROVED,General / shared,3,Pinned review snapshot; official acceptance unresolved | 9d1d55531855fd275266ac33ab97e3baaa95078c,https://codeload.github.com/FSvOAI/Heilbronn/zip/9d1d55531855fd275266ac33ab97e3baaa95078c,,contestants/E12/13-archives/E12-results-9d1d55531855fd275266ac33ab97e3baaa95078c.zip,Heilbronn-9d1d55531855fd275266ac33ab97e3baaa95078c/results/driver-4-n9/fa78a08805/ALL_PROVED,,da160e7d,Filename/path inference; editable in the app
190903,results/driver-4-n9/fcddb7c115/ALL_PROVED,General / shared,3,Pinned review snapshot; official acceptance unresolved | 9d1d55531855fd275266ac33ab97e3baaa95078c,https://codeload.github.com/FSvOAI/Heilbronn/zip/9d1d55531855fd275266ac33ab97e3baaa95078c,,contestants/E12/13-archives/E12-results-9d1d55531855fd275266ac33ab97e3baaa95078c.zip,Heilbronn-9d1d55531855fd275266ac33ab97e3baaa95078c/results/driver-4-n9/fcddb7c115/ALL_PROVED,,da160e7d,Filename/path inference; editable in the app
191059,results/driver-5-n9/098947e68b/ALL_PROVED,General / shared,3,Pinned review snapshot; official acceptance unresolved | 9d1d55531855fd275266ac33ab97e3baaa95078c,https://codeload.github.com/FSvOAI/Heilbronn/zip/9d1d55531855fd275266ac33ab97e3baaa95078c,,contestants/E12/13-archives/E12-results-9d1d55531855fd275266ac33ab97e3baaa95078c.zip,Heilbronn-9d1d55531855fd275266ac33ab97e3baaa95078c/results/driver-5-n9/098947e68b/ALL_PROVED,,da160e7d,Filename/path inference; editable in the app
191318,results/driver-5-n9/0e43779dc3/ALL_PROVED,General / shared,3,Pinned review snapshot; official acceptance unresolved | 9d1d55531855fd275266ac33ab97e3baaa95078c,https://codeload.github.com/FSvOAI/Heilbronn/zip/9d1d55531855fd275266ac33ab97e3baaa95078c,,contestants/E12/13-archives/E12-results-9d1d55531855fd275266ac33ab97e3baaa95078c.zip,Heilbronn-9d1d55531855fd275266ac33ab97e3baaa95078c/results/driver-5-n9/0e43779dc3/ALL_PROVED,,da160e7d,Filename/path inference; editable in the app
191541,results/driver-5-n9/0f6ae9ce3f/ALL_PROVED,General / shared,3,Pinned review snapshot; official acceptance unresolved | 9d1d55531855fd275266ac33ab97e3baaa95078c,https://codeload.github.com/FSvOAI/Heilbronn/zip/9d1d55531855fd275266ac33ab97e3baaa95078c,,contestants/E12/13-archives/E12-results-9d1d55531855fd275266ac33ab97e3baaa95078c.zip,Heilbronn-9d1d55531855fd275266ac33ab97e3baaa95078c/results/driver-5-n9/0f6ae9ce3f/ALL_PROVED,,da160e7d,Filename/path inference; editable in the app
192250,results/driver-5-n9/0f8bb04d80/ALL_PROVED,General / shared,3,Pinned review snapshot; official acceptance unresolved | 9d1d55531855fd275266ac33ab97e3baaa95078c,https://codeload.github.com/FSvOAI/Heilbronn/zip/9d1d55531855fd275266ac33ab97e3baaa95078c,,contestants/E12/13-archives/E12-results-9d1d55531855fd275266ac33ab97e3baaa95078c.zip,Heilbronn-9d1d55531855fd275266ac33ab97e3baaa95078c/results/driver-5-n9/0f8bb04d80/ALL_PROVED,,da160e7d,Filename/path inference; editable in the app
193590,results/driver-5-n9/1df926f9e8/ALL_PROVED,General / shared,3,Pinned review snapshot; official acceptance unresolved | 9d1d55531855fd275266ac33ab97e3baaa95078c,https://codeload.github.com/FSvOAI/Heilbronn/zip/9d1d55531855fd275266ac33ab97e3baaa95078c,,contestants/E12/13-archives/E12-results-9d1d55531855fd275266ac33ab97e3baaa95078c.zip,Heilbronn-9d1d55531855fd275266ac33ab97e3baaa95078c/results/driver-5-n9/1df926f9e8/ALL_PROVED,,da160e7d,Filename/path inference; editable in the app
195961,results/driver-5-n9/3d4f4a2126/ALL_PROVED,General / shared,3,Pinned review snapshot; official acceptance unresolved | 9d1d55531855fd275266ac33ab97e3baaa95078c,https://codeload.github.com/FSvOAI/Heilbronn/zip/9d1d55531855fd275266ac33ab97e3baaa95078c,,contestants/E12/13-archives/E12-results-9d1d55531855fd275266ac33ab97e3baaa95078c.zip,Heilbronn-9d1d55531855fd275266ac33ab97e3baaa95078c/results/driver-5-n9/3d4f4a2126/ALL_PROVED,,da160e7d,Filename/path inference; editable in the app
198584,results/driver-5-n9/42e7b3cf47/ALL_PROVED,General / shared,3,Pinned review snapshot; official acceptance unresolved | 9d1d55531855fd275266ac33ab97e3baaa95078c,https://codeload.github.com/FSvOAI/Heilbronn/zip/9d1d55531855fd275266ac33ab97e3baaa95078c,,contestants/E12/13-archives/E12-results-9d1d55531855fd275266ac33ab97e3baaa95078c.zip,Heilbronn-9d1d55531855fd275266ac33ab97e3baaa95078c/results/driver-5-n9/42e7b3cf47/ALL_PROVED,,da160e7d,Filename/path inference; editable in the app
199493,results/driver-5-n9/511fd6edbb/ALL_PROVED,General / shared,3,Pinned review snapshot; official acceptance unresolved | 9d1d55531855fd275266ac33ab97e3baaa95078c,https://codeload.github.com/FSvOAI/Heilbronn/zip/9d1d55531855fd275266ac33ab97e3baaa95078c,,contestants/E12/13-archives/E12-results-9d1d55531855fd275266ac33ab97e3baaa95078c.zip,Heilbronn-9d1d55531855fd275266ac33ab97e3baaa95078c/results/driver-5-n9/511fd6edbb/ALL_PROVED,,da160e7d,Filename/path inference; editable in the app
200115,results/driver-5-n9/5b447a92cb/ALL_PROVED,General / shared,3,Pinned review snapshot; official acceptance unresolved | 9d1d55531855fd275266ac33ab97e3baaa95078c,https://codeload.github.com/FSvOAI/Heilbronn/zip/9d1d55531855fd275266ac33ab97e3baaa95078c,,contestants/E12/13-archives/E12-results-9d1d55531855fd275266ac33ab97e3baaa95078c.zip,Heilbronn-9d1d55531855fd275266ac33ab97e3baaa95078c/results/driver-5-n9/5b447a92cb/ALL_PROVED,,da160e7d,Filename/path inference; editable in the app
200391,results/driver-5-n9/73796d5146/ALL_PROVED,General / shared,3,Pinned review snapshot; official acceptance unresolved | 9d1d55531855fd275266ac33ab97e3baaa95078c,https://codeload.github.com/FSvOAI/Heilbronn/zip/9d1d55531855fd275266ac33ab97e3baaa95078c,,contestants/E12/13-archives/E12-results-9d1d55531855fd275266ac33ab97e3baaa95078c.zip,Heilbronn-9d1d55531855fd275266ac33ab97e3baaa95078c/results/driver-5-n9/73796d5146/ALL_PROVED,,da160e7d,Filename/path inference; editable in the app
201325,results/driver-5-n9/74611dbae3/ALL_PROVED,General / shared,3,Pinned review snapshot; official acceptance unresolved | 9d1d55531855fd275266ac33ab97e3baaa95078c,https://codeload.github.com/FSvOAI/Heilbronn/zip/9d1d55531855fd275266ac33ab97e3baaa95078c,,contestants/E12/13-archives/E12-results-9d1d55531855fd275266ac33ab97e3baaa95078c.zip,Heilbronn-9d1d55531855fd275266ac33ab97e3baaa95078c/results/driver-5-n9/74611dbae3/ALL_PROVED,,da160e7d,Filename/path inference; editable in the app
201724,results/driver-5-n9/7617ecbadd/ALL_PROVED,General / shared,3,Pinned review snapshot; official acceptance unresolved | 9d1d55531855fd275266ac33ab97e3baaa95078c,https://codeload.github.com/FSvOAI/Heilbronn/zip/9d1d55531855fd275266ac33ab97e3baaa95078c,,contestants/E12/13-archives/E12-results-9d1d55531855fd275266ac33ab97e3baaa95078c.zip,Heilbronn-9d1d55531855fd275266ac33ab97e3baaa95078c/results/driver-5-n9/7617ecbadd/ALL_PROVED,,da160e7d,Filename/path inference; editable in the app
201777,results/driver-5-n9/774168aea9/ALL_PROVED,General / shared,3,Pinned review snapshot; official acceptance unresolved | 9d1d55531855fd275266ac33ab97e3baaa95078c,https://codeload.github.com/FSvOAI/Heilbronn/zip/9d1d55531855fd275266ac33ab97e3baaa95078c,,contestants/E12/13-archives/E12-results-9d1d55531855fd275266ac33ab97e3baaa95078c.zip,Heilbronn-9d1d55531855fd275266ac33ab97e3baaa95078c/results/driver-5-n9/774168aea9/ALL_PROVED,,da160e7d,Filename/path inference; editable in the app
202416,results/driver-5-n9/917d3cdee6/ALL_PROVED,General / shared,3,Pinned review snapshot; official acceptance unresolved | 9d1d55531855fd275266ac33ab97e3baaa95078c,https://codeload.github.com/FSvOAI/Heilbronn/zip/9d1d55531855fd275266ac33ab97e3baaa95078c,,contestants/E12/13-archives/E12-results-9d1d55531855fd275266ac33ab97e3baaa95078c.zip,Heilbronn-9d1d55531855fd275266ac33ab97e3baaa95078c/results/driver-5-n9/917d3cdee6/ALL_PROVED,,da160e7d,Filename/path inference; editable in the app
202866,results/driver-5-n9/9292eada6d/ALL_PROVED,General / shared,3,Pinned review snapshot; official acceptance unresolved | 9d1d55531855fd275266ac33ab97e3baaa95078c,https://codeload.github.com/FSvOAI/Heilbronn/zip/9d1d55531855fd275266ac33ab97e3baaa95078c,,contestants/E12/13-archives/E12-results-9d1d55531855fd275266ac33ab97e3baaa95078c.zip,Heilbronn-9d1d55531855fd275266ac33ab97e3baaa95078c/results/driver-5-n9/9292eada6d/ALL_PROVED,,da160e7d,Filename/path inference; editable in the app
203658,results/driver-5-n9/97025b87eb/ALL_PROVED,General / shared,3,Pinned review snapshot; official acceptance unresolved | 9d1d55531855fd275266ac33ab97e3baaa95078c,https://codeload.github.com/FSvOAI/Heilbronn/zip/9d1d55531855fd275266ac33ab97e3baaa95078c,,contestants/E12/13-archives/E12-results-9d1d55531855fd275266ac33ab97e3baaa95078c.zip,Heilbronn-9d1d55531855fd275266ac33ab97e3baaa95078c/results/driver-5-n9/97025b87eb/ALL_PROVED,,da160e7d,Filename/path inference; editable in the app
204902,results/driver-5-n9/9b620ccca6/ALL_PROVED,General / shared,3,Pinned review snapshot; official acceptance unresolved | 9d1d55531855fd275266ac33ab97e3baaa95078c,https://codeload.github.com/FSvOAI/Heilbronn/zip/9d1d55531855fd275266ac33ab97e3baaa95078c,,contestants/E12/13-archives/E12-results-9d1d55531855fd275266ac33ab97e3baaa95078c.zip,Heilbronn-9d1d55531855fd275266ac33ab97e3baaa95078c/results/driver-5-n9/9b620ccca6/ALL_PROVED,,da160e7d,Filename/path inference; editable in the app
207823,results/driver-5-n9/aaa9a1d0fa/ALL_PROVED,General / shared,3,Pinned review snapshot; official acceptance unresolved | 9d1d55531855fd275266ac33ab97e3baaa95078c,https://codeload.github.com/FSvOAI/Heilbronn/zip/9d1d55531855fd275266ac33ab97e3baaa95078c,,contestants/E12/13-archives/E12-results-9d1d55531855fd275266ac33ab97e3baaa95078c.zip,Heilbronn-9d1d55531855fd275266ac33ab97e3baaa95078c/results/driver-5-n9/aaa9a1d0fa/ALL_PROVED,,da160e7d,Filename/path inference; editable in the app
210661,results/driver-5-n9/c23a91ad2d/ALL_PROVED,General / shared,3,Pinned review snapshot; official acceptance unresolved | 9d1d55531855fd275266ac33ab97e3baaa95078c,https://codeload.github.com/FSvOAI/Heilbronn/zip/9d1d55531855fd275266ac33ab97e3baaa95078c,,contestants/E12/13-archives/E12-results-9d1d55531855fd275266ac33ab97e3baaa95078c.zip,Heilbronn-9d1d55531855fd275266ac33ab97e3baaa95078c/results/driver-5-n9/c23a91ad2d/ALL_PROVED,,da160e7d,Filename/path inference; editable in the app
212001,results/driver-5-n9/cdfb1e4ad5/ALL_PROVED,General / shared,3,Pinned review snapshot; official acceptance unresolved | 9d1d55531855fd275266ac33ab97e3baaa95078c,https://codeload.github.com/FSvOAI/Heilbronn/zip/9d1d55531855fd275266ac33ab97e3baaa95078c,,contestants/E12/13-archives/E12-results-9d1d55531855fd275266ac33ab97e3baaa95078c.zip,Heilbronn-9d1d55531855fd275266ac33ab97e3baaa95078c/results/driver-5-n9/cdfb1e4ad5/ALL_PROVED,,da160e7d,Filename/path inference; editable in the app
212725,results/driver-5-n9/cfd52c759c/ALL_PROVED,General / shared,3,Pinned review snapshot; official acceptance unresolved | 9d1d55531855fd275266ac33ab97e3baaa95078c,https://codeload.github.com/FSvOAI/Heilbronn/zip/9d1d55531855fd275266ac33ab97e3baaa95078c,,contestants/E12/13-archives/E12-results-9d1d55531855fd275266ac33ab97e3baaa95078c.zip,Heilbronn-9d1d55531855fd275266ac33ab97e3baaa95078c/results/driver-5-n9/cfd52c759c/ALL_PROVED,,da160e7d,Filename/path inference; editable in the app
215206,results/driver-5-n9/d8170d9907/ALL_PROVED,General / shared,3,Pinned review snapshot; official acceptance unresolved | 9d1d55531855fd275266ac33ab97e3baaa95078c,https://codeload.github.com/FSvOAI/Heilbronn/zip/9d1d55531855fd275266ac33ab97e3baaa95078c,,contestants/E12/13-archives/E12-results-9d1d55531855fd275266ac33ab97e3baaa95078c.zip,Heilbronn-9d1d55531855fd275266ac33ab97e3baaa95078c/results/driver-5-n9/d8170d9907/ALL_PROVED,,da160e7d,Filename/path inference; editable in the app
215671,results/driver-5-n9/ddceecd0fb/ALL_PROVED,General / shared,3,Pinned review snapshot; official acceptance unresolved | 9d1d55531855fd275266ac33ab97e3baaa95078c,https://codeload.github.com/FSvOAI/Heilbronn/zip/9d1d55531855fd275266ac33ab97e3baaa95078c,,contestants/E12/13-archives/E12-results-9d1d55531855fd275266ac33ab97e3baaa95078c.zip,Heilbronn-9d1d55531855fd275266ac33ab97e3baaa95078c/results/driver-5-n9/ddceecd0fb/ALL_PROVED,,da160e7d,Filename/path inference; editable in the app
216021,results/driver-5-n9/de4afeced1/ALL_PROVED,General / shared,3,Pinned review snapshot; official acceptance unresolved | 9d1d55531855fd275266ac33ab97e3baaa95078c,https://codeload.github.com/FSvOAI/Heilbronn/zip/9d1d55531855fd275266ac33ab97e3baaa95078c,,contestants/E12/13-archives/E12-results-9d1d55531855fd275266ac33ab97e3baaa95078c.zip,Heilbronn-9d1d55531855fd275266ac33ab97e3baaa95078c/results/driver-5-n9/de4afeced1/ALL_PROVED,,da160e7d,Filename/path inference; editable in the app
218211,results/driver-5-n9/e21a13f732/ALL_PROVED,General / shared,3,Pinned review snapshot; official acceptance unresolved | 9d1d55531855fd275266ac33ab97e3baaa95078c,https://codeload.github.com/FSvOAI/Heilbronn/zip/9d1d55531855fd275266ac33ab97e3baaa95078c,,contestants/E12/13-archives/E12-results-9d1d55531855fd275266ac33ab97e3baaa95078c.zip,Heilbronn-9d1d55531855fd275266ac33ab97e3baaa95078c/results/driver-5-n9/e21a13f732/ALL_PROVED,,da160e7d,Filename/path inference; editable in the app
218693,results/driver-5-n9/e570022ebc/ALL_PROVED,General / shared,3,Pinned review snapshot; official acceptance unresolved | 9d1d55531855fd275266ac33ab97e3baaa95078c,https://codeload.github.com/FSvOAI/Heilbronn/zip/9d1d55531855fd275266ac33ab97e3baaa95078c,,contestants/E12/13-archives/E12-results-9d1d55531855fd275266ac33ab97e3baaa95078c.zip,Heilbronn-9d1d55531855fd275266ac33ab97e3baaa95078c/results/driver-5-n9/e570022ebc/ALL_PROVED,,da160e7d,Filename/path inference; editable in the app
219162,results/driver-5-n9/e62934e424/ALL_PROVED,General / shared,3,Pinned review snapshot; official acceptance unresolved | 9d1d55531855fd275266ac33ab97e3baaa95078c,https://codeload.github.com/FSvOAI/Heilbronn/zip/9d1d55531855fd275266ac33ab97e3baaa95078c,,contestants/E12/13-archives/E12-results-9d1d55531855fd275266ac33ab97e3baaa95078c.zip,Heilbronn-9d1d55531855fd275266ac33ab97e3baaa95078c/results/driver-5-n9/e62934e424/ALL_PROVED,,da160e7d,Filename/path inference; editable in the app
219563,results/driver-5-n9/e698de68be/ALL_PROVED,General / shared,3,Pinned review snapshot; official acceptance unresolved | 9d1d55531855fd275266ac33ab97e3baaa95078c,https://codeload.github.com/FSvOAI/Heilbronn/zip/9d1d55531855fd275266ac33ab97e3baaa95078c,,contestants/E12/13-archives/E12-results-9d1d55531855fd275266ac33ab97e3baaa95078c.zip,Heilbronn-9d1d55531855fd275266ac33ab97e3baaa95078c/results/driver-5-n9/e698de68be/ALL_PROVED,,da160e7d,Filename/path inference; editable in the app
219979,results/driver-5-n9/e6ebbd8f12/ALL_PROVED,General / shared,3,Pinned review snapshot; official acceptance unresolved | 9d1d55531855fd275266ac33ab97e3baaa95078c,https://codeload.github.com/FSvOAI/Heilbronn/zip/9d1d55531855fd275266ac33ab97e3baaa95078c,,contestants/E12/13-archives/E12-results-9d1d55531855fd275266ac33ab97e3baaa95078c.zip,Heilbronn-9d1d55531855fd275266ac33ab97e3baaa95078c/results/driver-5-n9/e6ebbd8f12/ALL_PROVED,,da160e7d,Filename/path inference; editable in the app
220652,results/driver-5-n9/e8e12b7fe1/ALL_PROVED,General / shared,3,Pinned review snapshot; official acceptance unresolved | 9d1d55531855fd275266ac33ab97e3baaa95078c,https://codeload.github.com/FSvOAI/Heilbronn/zip/9d1d55531855fd275266ac33ab97e3baaa95078c,,contestants/E12/13-archives/E12-results-9d1d55531855fd275266ac33ab97e3baaa95078c.zip,Heilbronn-9d1d55531855fd275266ac33ab97e3baaa95078c/results/driver-5-n9/e8e12b7fe1/ALL_PROVED,,da160e7d,Filename/path inference; editable in the app
221047,results/driver-5-n9/ed6dd30bcc/ALL_PROVED,General / shared,3,Pinned review snapshot; official acceptance unresolved | 9d1d55531855fd275266ac33ab97e3baaa95078c,https://codeload.github.com/FSvOAI/Heilbronn/zip/9d1d55531855fd275266ac33ab97e3baaa95078c,,contestants/E12/13-archives/E12-results-9d1d55531855fd275266ac33ab97e3baaa95078c.zip,Heilbronn-9d1d55531855fd275266ac33ab97e3baaa95078c/results/driver-5-n9/ed6dd30bcc/ALL_PROVED,,da160e7d,Filename/path inference; editable in the app
221221,results/driver-5-n9/f6b3d6bf21/ALL_PROVED,General / shared,3,Pinned review snapshot; official acceptance unresolved | 9d1d55531855fd275266ac33ab97e3baaa95078c,https://codeload.github.com/FSvOAI/Heilbronn/zip/9d1d55531855fd275266ac33ab97e3baaa95078c,,contestants/E12/13-archives/E12-results-9d1d55531855fd275266ac33ab97e3baaa95078c.zip,Heilbronn-9d1d55531855fd275266ac33ab97e3baaa95078c/results/driver-5-n9/f6b3d6bf21/ALL_PROVED,,da160e7d,Filename/path inference; editable in the app
223100,results/driver-6-n9/000ead713a/ALL_PROVED,General / shared,3,Pinned review snapshot; official acceptance unresolved | 9d1d55531855fd275266ac33ab97e3baaa95078c,https://codeload.github.com/FSvOAI/Heilbronn/zip/9d1d55531855fd275266ac33ab97e3baaa95078c,,contestants/E12/13-archives/E12-results-9d1d55531855fd275266ac33ab97e3baaa95078c.zip,Heilbronn-9d1d55531855fd275266ac33ab97e3baaa95078c/results/driver-6-n9/000ead713a/ALL_PROVED,,da160e7d,Filename/path inference; editable in the app
228878,results/driver-6-n9/1a67d81865/ALL_PROVED,General / shared,3,Pinned review snapshot; official acceptance unresolved | 9d1d55531855fd275266ac33ab97e3baaa95078c,https://codeload.github.com/FSvOAI/Heilbronn/zip/9d1d55531855fd275266ac33ab97e3baaa95078c,,contestants/E12/13-archives/E12-results-9d1d55531855fd275266ac33ab97e3baaa95078c.zip,Heilbronn-9d1d55531855fd275266ac33ab97e3baaa95078c/results/driver-6-n9/1a67d81865/ALL_PROVED,,da160e7d,Filename/path inference; editable in the app
230118,results/driver-6-n9/2305188b4e/ALL_PROVED,General / shared,3,Pinned review snapshot; official acceptance unresolved | 9d1d55531855fd275266ac33ab97e3baaa95078c,https://codeload.github.com/FSvOAI/Heilbronn/zip/9d1d55531855fd275266ac33ab97e3baaa95078c,,contestants/E12/13-archives/E12-results-9d1d55531855fd275266ac33ab97e3baaa95078c.zip,Heilbronn-9d1d55531855fd275266ac33ab97e3baaa95078c/results/driver-6-n9/2305188b4e/ALL_PROVED,,da160e7d,Filename/path inference; editable in the app
230976,results/driver-6-n9/29f9a7d2db/ALL_PROVED,General / shared,3,Pinned review snapshot; official acceptance unresolved | 9d1d55531855fd275266ac33ab97e3baaa95078c,https://codeload.github.com/FSvOAI/Heilbronn/zip/9d1d55531855fd275266ac33ab97e3baaa95078c,,contestants/E12/13-archives/E12-results-9d1d55531855fd275266ac33ab97e3baaa95078c.zip,Heilbronn-9d1d55531855fd275266ac33ab97e3baaa95078c/results/driver-6-n9/29f9a7d2db/ALL_PROVED,,da160e7d,Filename/path inference; editable in the app
231237,results/driver-6-n9/2b2561f26c/ALL_PROVED,General / shared,3,Pinned review snapshot; official acceptance unresolved | 9d1d55531855fd275266ac33ab97e3baaa95078c,https://codeload.github.com/FSvOAI/Heilbronn/zip/9d1d55531855fd275266ac33ab97e3baaa95078c,,contestants/E12/13-archives/E12-results-9d1d55531855fd275266ac33ab97e3baaa95078c.zip,Heilbronn-9d1d55531855fd275266ac33ab97e3baaa95078c/results/driver-6-n9/2b2561f26c/ALL_PROVED,,da160e7d,Filename/path inference; editable in the app
233081,results/driver-6-n9/3881fd2252/ALL_PROVED,General / shared,3,Pinned review snapshot; official acceptance unresolved | 9d1d55531855fd275266ac33ab97e3baaa95078c,https://codeload.github.com/FSvOAI/Heilbronn/zip/9d1d55531855fd275266ac33ab97e3baaa95078c,,contestants/E12/13-archives/E12-results-9d1d55531855fd275266ac33ab97e3baaa95078c.zip,Heilbronn-9d1d55531855fd275266ac33ab97e3baaa95078c/results/driver-6-n9/3881fd2252/ALL_PROVED,,da160e7d,Filename/path inference; editable in the app
235194,results/driver-6-n9/3cd59e07fc/ALL_PROVED,General / shared,3,Pinned review snapshot; official acceptance unresolved | 9d1d55531855fd275266ac33ab97e3baaa95078c,https://codeload.github.com/FSvOAI/Heilbronn/zip/9d1d55531855fd275266ac33ab97e3baaa95078c,,contestants/E12/13-archives/E12-results-9d1d55531855fd275266ac33ab97e3baaa95078c.zip,Heilbronn-9d1d55531855fd275266ac33ab97e3baaa95078c/results/driver-6-n9/3cd59e07fc/ALL_PROVED,,da160e7d,Filename/path inference; editable in the app
237288,results/driver-6-n9/3d8aef9ca7/ALL_PROVED,General / shared,3,Pinned review snapshot; official acceptance unresolved | 9d1d55531855fd275266ac33ab97e3baaa95078c,https://codeload.github.com/FSvOAI/Heilbronn/zip/9d1d55531855fd275266ac33ab97e3baaa95078c,,contestants/E12/13-archives/E12-results-9d1d55531855fd275266ac33ab97e3baaa95078c.zip,Heilbronn-9d1d55531855fd275266ac33ab97e3baaa95078c/results/driver-6-n9/3d8aef9ca7/ALL_PROVED,,da160e7d,Filename/path inference; editable in the app
237615,results/driver-6-n9/483ee71b87/ALL_PROVED,General / shared,3,Pinned review snapshot; official acceptance unresolved | 9d1d55531855fd275266ac33ab97e3baaa95078c,https://codeload.github.com/FSvOAI/Heilbronn/zip/9d1d55531855fd275266ac33ab97e3baaa95078c,,contestants/E12/13-archives/E12-results-9d1d55531855fd275266ac33ab97e3baaa95078c.zip,Heilbronn-9d1d55531855fd275266ac33ab97e3baaa95078c/results/driver-6-n9/483ee71b87/ALL_PROVED,,da160e7d,Filename/path inference; editable in the app
238377,results/driver-6-n9/4d67a33682/ALL_PROVED,General / shared,3,Pinned review snapshot; official acceptance unresolved | 9d1d55531855fd275266ac33ab97e3baaa95078c,https://codeload.github.com/FSvOAI/Heilbronn/zip/9d1d55531855fd275266ac33ab97e3baaa95078c,,contestants/E12/13-archives/E12-results-9d1d55531855fd275266ac33ab97e3baaa95078c.zip,Heilbronn-9d1d55531855fd275266ac33ab97e3baaa95078c/results/driver-6-n9/4d67a33682/ALL_PROVED,,da160e7d,Filename/path inference; editable in the app
243229,results/driver-6-n9/70095fc46f/ALL_PROVED,General / shared,3,Pinned review snapshot; official acceptance unresolved | 9d1d55531855fd275266ac33ab97e3baaa95078c,https://codeload.github.com/FSvOAI/Heilbronn/zip/9d1d55531855fd275266ac33ab97e3baaa95078c,,contestants/E12/13-archives/E12-results-9d1d55531855fd275266ac33ab97e3baaa95078c.zip,Heilbronn-9d1d55531855fd275266ac33ab97e3baaa95078c/results/driver-6-n9/70095fc46f/ALL_PROVED,,da160e7d,Filename/path inference; editable in the app
244497,results/driver-6-n9/785aa70ce4/ALL_PROVED,General / shared,3,Pinned review snapshot; official acceptance unresolved | 9d1d55531855fd275266ac33ab97e3baaa95078c,https://codeload.github.com/FSvOAI/Heilbronn/zip/9d1d55531855fd275266ac33ab97e3baaa95078c,,contestants/E12/13-archives/E12-results-9d1d55531855fd275266ac33ab97e3baaa95078c.zip,Heilbronn-9d1d55531855fd275266ac33ab97e3baaa95078c/results/driver-6-n9/785aa70ce4/ALL_PROVED,,da160e7d,Filename/path inference; editable in the app
244900,results/driver-6-n9/7aed94bb85/ALL_PROVED,General / shared,3,Pinned review snapshot; official acceptance unresolved | 9d1d55531855fd275266ac33ab97e3baaa95078c,https://codeload.github.com/FSvOAI/Heilbronn/zip/9d1d55531855fd275266ac33ab97e3baaa95078c,,contestants/E12/13-archives/E12-results-9d1d55531855fd275266ac33ab97e3baaa95078c.zip,Heilbronn-9d1d55531855fd275266ac33ab97e3baaa95078c/results/driver-6-n9/7aed94bb85/ALL_PROVED,,da160e7d,Filename/path inference; editable in the app
245246,results/driver-6-n9/7db793f6f6/ALL_PROVED,General / shared,3,Pinned review snapshot; official acceptance unresolved | 9d1d55531855fd275266ac33ab97e3baaa95078c,https://codeload.github.com/FSvOAI/Heilbronn/zip/9d1d55531855fd275266ac33ab97e3baaa95078c,,contestants/E12/13-archives/E12-results-9d1d55531855fd275266ac33ab97e3baaa95078c.zip,Heilbronn-9d1d55531855fd275266ac33ab97e3baaa95078c/results/driver-6-n9/7db793f6f6/ALL_PROVED,,da160e7d,Filename/path inference; editable in the app
248954,results/driver-6-n9/89c227e0a6/ALL_PROVED,General / shared,3,Pinned review snapshot; official acceptance unresolved | 9d1d55531855fd275266ac33ab97e3baaa95078c,https://codeload.github.com/FSvOAI/Heilbronn/zip/9d1d55531855fd275266ac33ab97e3baaa95078c,,contestants/E12/13-archives/E12-results-9d1d55531855fd275266ac33ab97e3baaa95078c.zip,Heilbronn-9d1d55531855fd275266ac33ab97e3baaa95078c/results/driver-6-n9/89c227e0a6/ALL_PROVED,,da160e7d,Filename/path inference; editable in the app
249969,results/driver-6-n9/8b5196a6ca/ALL_PROVED,General / shared,3,Pinned review snapshot; official acceptance unresolved | 9d1d55531855fd275266ac33ab97e3baaa95078c,https://codeload.github.com/FSvOAI/Heilbronn/zip/9d1d55531855fd275266ac33ab97e3baaa95078c,,contestants/E12/13-archives/E12-results-9d1d55531855fd275266ac33ab97e3baaa95078c.zip,Heilbronn-9d1d55531855fd275266ac33ab97e3baaa95078c/results/driver-6-n9/8b5196a6ca/ALL_PROVED,,da160e7d,Filename/path inference; editable in the app
255863,results/driver-6-n9/98eb300405/ALL_PROVED,General / shared,3,Pinned review snapshot; official acceptance unresolved | 9d1d55531855fd275266ac33ab97e3baaa95078c,https://codeload.github.com/FSvOAI/Heilbronn/zip/9d1d55531855fd275266ac33ab97e3baaa95078c,,contestants/E12/13-archives/E12-results-9d1d55531855fd275266ac33ab97e3baaa95078c.zip,Heilbronn-9d1d55531855fd275266ac33ab97e3baaa95078c/results/driver-6-n9/98eb300405/ALL_PROVED,,da160e7d,Filename/path inference; editable in the app
256175,results/driver-6-n9/a4c918ee04/ALL_PROVED,General / shared,3,Pinned review snapshot; official acceptance unresolved | 9d1d55531855fd275266ac33ab97e3baaa95078c,https://codeload.github.com/FSvOAI/Heilbronn/zip/9d1d55531855fd275266ac33ab97e3baaa95078c,,contestants/E12/13-archives/E12-results-9d1d55531855fd275266ac33ab97e3baaa95078c.zip,Heilbronn-9d1d55531855fd275266ac33ab97e3baaa95078c/results/driver-6-n9/a4c918ee04/ALL_PROVED,,da160e7d,Filename/path inference; editable in the app
256381,results/driver-6-n9/a61f7139af/ALL_PROVED,General / shared,3,Pinned review snapshot; official acceptance unresolved | 9d1d55531855fd275266ac33ab97e3baaa95078c,https://codeload.github.com/FSvOAI/Heilbronn/zip/9d1d55531855fd275266ac33ab97e3baaa95078c,,contestants/E12/13-archives/E12-results-9d1d55531855fd275266ac33ab97e3baaa95078c.zip,Heilbronn-9d1d55531855fd275266ac33ab97e3baaa95078c/results/driver-6-n9/a61f7139af/ALL_PROVED,,da160e7d,Filename/path inference; editable in the app
256519,results/driver-6-n9/b382291150/ALL_PROVED,General / shared,3,Pinned review snapshot; official acceptance unresolved | 9d1d55531855fd275266ac33ab97e3baaa95078c,https://codeload.github.com/FSvOAI/Heilbronn/zip/9d1d55531855fd275266ac33ab97e3baaa95078c,,contestants/E12/13-archives/E12-results-9d1d55531855fd275266ac33ab97e3baaa95078c.zip,Heilbronn-9d1d55531855fd275266ac33ab97e3baaa95078c/results/driver-6-n9/b382291150/ALL_PROVED,,da160e7d,Filename/path inference; editable in the app
257400,results/driver-6-n9/bd639bdde6/ALL_PROVED,General / shared,3,Pinned review snapshot; official acceptance unresolved | 9d1d55531855fd275266ac33ab97e3baaa95078c,https://codeload.github.com/FSvOAI/Heilbronn/zip/9d1d55531855fd275266ac33ab97e3baaa95078c,,contestants/E12/13-archives/E12-results-9d1d55531855fd275266ac33ab97e3baaa95078c.zip,Heilbronn-9d1d55531855fd275266ac33ab97e3baaa95078c/results/driver-6-n9/bd639bdde6/ALL_PROVED,,da160e7d,Filename/path inference; editable in the app
257933,results/driver-6-n9/c621aa68a8/ALL_PROVED,General / shared,3,Pinned review snapshot; official acceptance unresolved | 9d1d55531855fd275266ac33ab97e3baaa95078c,https://codeload.github.com/FSvOAI/Heilbronn/zip/9d1d55531855fd275266ac33ab97e3baaa95078c,,contestants/E12/13-archives/E12-results-9d1d55531855fd275266ac33ab97e3baaa95078c.zip,Heilbronn-9d1d55531855fd275266ac33ab97e3baaa95078c/results/driver-6-n9/c621aa68a8/ALL_PROVED,,da160e7d,Filename/path inference; editable in the app
258623,results/driver-6-n9/c6a1bc4138/ALL_PROVED,General / shared,3,Pinned review snapshot; official acceptance unresolved | 9d1d55531855fd275266ac33ab97e3baaa95078c,https://codeload.github.com/FSvOAI/Heilbronn/zip/9d1d55531855fd275266ac33ab97e3baaa95078c,,contestants/E12/13-archives/E12-results-9d1d55531855fd275266ac33ab97e3baaa95078c.zip,Heilbronn-9d1d55531855fd275266ac33ab97e3baaa95078c/results/driver-6-n9/c6a1bc4138/ALL_PROVED,,da160e7d,Filename/path inference; editable in the app
259196,results/driver-6-n9/ceabfc8308/ALL_PROVED,General / shared,3,Pinned review snapshot; official acceptance unresolved | 9d1d55531855fd275266ac33ab97e3baaa95078c,https://codeload.github.com/FSvOAI/Heilbronn/zip/9d1d55531855fd275266ac33ab97e3baaa95078c,,contestants/E12/13-archives/E12-results-9d1d55531855fd275266ac33ab97e3baaa95078c.zip,Heilbronn-9d1d55531855fd275266ac33ab97e3baaa95078c/results/driver-6-n9/ceabfc8308/ALL_PROVED,,da160e7d,Filename/path inference; editable in the app
262661,results/driver-6-n9/f3a7d76c9d/ALL_PROVED,General / shared,3,Pinned review snapshot; official acceptance unresolved | 9d1d55531855fd275266ac33ab97e3baaa95078c,https://codeload.github.com/FSvOAI/Heilbronn/zip/9d1d55531855fd275266ac33ab97e3baaa95078c,,contestants/E12/13-archives/E12-results-9d1d55531855fd275266ac33ab97e3baaa95078c.zip,Heilbronn-9d1d55531855fd275266ac33ab97e3baaa95078c/results/driver-6-n9/f3a7d76c9d/ALL_PROVED,,da160e7d,Filename/path inference; editable in the app
263501,results/driver-7-n9/0422ac48b3/ALL_PROVED,General / shared,3,Pinned review snapshot; official acceptance unresolved | 9d1d55531855fd275266ac33ab97e3baaa95078c,https://codeload.github.com/FSvOAI/Heilbronn/zip/9d1d55531855fd275266ac33ab97e3baaa95078c,,contestants/E12/13-archives/E12-results-9d1d55531855fd275266ac33ab97e3baaa95078c.zip,Heilbronn-9d1d55531855fd275266ac33ab97e3baaa95078c/results/driver-7-n9/0422ac48b3/ALL_PROVED,,da160e7d,Filename/path inference; editable in the app
264769,results/driver-7-n9/0947c74258/ALL_PROVED,General / shared,3,Pinned review snapshot; official acceptance unresolved | 9d1d55531855fd275266ac33ab97e3baaa95078c,https://codeload.github.com/FSvOAI/Heilbronn/zip/9d1d55531855fd275266ac33ab97e3baaa95078c,,contestants/E12/13-archives/E12-results-9d1d55531855fd275266ac33ab97e3baaa95078c.zip,Heilbronn-9d1d55531855fd275266ac33ab97e3baaa95078c/results/driver-7-n9/0947c74258/ALL_PROVED,,da160e7d,Filename/path inference; editable in the app
265349,results/driver-7-n9/0ee3646383/ALL_PROVED,General / shared,3,Pinned review snapshot; official acceptance unresolved | 9d1d55531855fd275266ac33ab97e3baaa95078c,https://codeload.github.com/FSvOAI/Heilbronn/zip/9d1d55531855fd275266ac33ab97e3baaa95078c,,contestants/E12/13-archives/E12-results-9d1d55531855fd275266ac33ab97e3baaa95078c.zip,Heilbronn-9d1d55531855fd275266ac33ab97e3baaa95078c/results/driver-7-n9/0ee3646383/ALL_PROVED,,da160e7d,Filename/path inference; editable in the app
265540,results/driver-7-n9/16e613bcfe/ALL_PROVED,General / shared,3,Pinned review snapshot; official acceptance unresolved | 9d1d55531855fd275266ac33ab97e3baaa95078c,https://codeload.github.com/FSvOAI/Heilbronn/zip/9d1d55531855fd275266ac33ab97e3baaa95078c,,contestants/E12/13-archives/E12-results-9d1d55531855fd275266ac33ab97e3baaa95078c.zip,Heilbronn-9d1d55531855fd275266ac33ab97e3baaa95078c/results/driver-7-n9/16e613bcfe/ALL_PROVED,,da160e7d,Filename/path inference; editable in the app
269007,results/driver-7-n9/206ce4d928/ALL_PROVED,General / shared,3,Pinned review snapshot; official acceptance unresolved | 9d1d55531855fd275266ac33ab97e3baaa95078c,https://codeload.github.com/FSvOAI/Heilbronn/zip/9d1d55531855fd275266ac33ab97e3baaa95078c,,contestants/E12/13-archives/E12-results-9d1d55531855fd275266ac33ab97e3baaa95078c.zip,Heilbronn-9d1d55531855fd275266ac33ab97e3baaa95078c/results/driver-7-n9/206ce4d928/ALL_PROVED,,da160e7d,Filename/path inference; editable in the app
269387,results/driver-7-n9/2168c5cc26/ALL_PROVED,General / shared,3,Pinned review snapshot; official acceptance unresolved | 9d1d55531855fd275266ac33ab97e3baaa95078c,https://codeload.github.com/FSvOAI/Heilbronn/zip/9d1d55531855fd275266ac33ab97e3baaa95078c,,contestants/E12/13-archives/E12-results-9d1d55531855fd275266ac33ab97e3baaa95078c.zip,Heilbronn-9d1d55531855fd275266ac33ab97e3baaa95078c/results/driver-7-n9/2168c5cc26/ALL_PROVED,,da160e7d,Filename/path inference; editable in the app
269769,results/driver-7-n9/24c5e2b1fe/ALL_PROVED,General / shared,3,Pinned review snapshot; official acceptance unresolved | 9d1d55531855fd275266ac33ab97e3baaa95078c,https://codeload.github.com/FSvOAI/Heilbronn/zip/9d1d55531855fd275266ac33ab97e3baaa95078c,,contestants/E12/13-archives/E12-results-9d1d55531855fd275266ac33ab97e3baaa95078c.zip,Heilbronn-9d1d55531855fd275266ac33ab97e3baaa95078c/results/driver-7-n9/24c5e2b1fe/ALL_PROVED,,da160e7d,Filename/path inference; editable in the app
271602,results/driver-7-n9/391b90c8df/ALL_PROVED,General / shared,3,Pinned review snapshot; official acceptance unresolved | 9d1d55531855fd275266ac33ab97e3baaa95078c,https://codeload.github.com/FSvOAI/Heilbronn/zip/9d1d55531855fd275266ac33ab97e3baaa95078c,,contestants/E12/13-archives/E12-results-9d1d55531855fd275266ac33ab97e3baaa95078c.zip,Heilbronn-9d1d55531855fd275266ac33ab97e3baaa95078c/results/driver-7-n9/391b90c8df/ALL_PROVED,,da160e7d,Filename/path inference; editable in the app
272466,results/driver-7-n9/4d2ff0f530/ALL_PROVED,General / shared,3,Pinned review snapshot; official acceptance unresolved | 9d1d55531855fd275266ac33ab97e3baaa95078c,https://codeload.github.com/FSvOAI/Heilbronn/zip/9d1d55531855fd275266ac33ab97e3baaa95078c,,contestants/E12/13-archives/E12-results-9d1d55531855fd275266ac33ab97e3baaa95078c.zip,Heilbronn-9d1d55531855fd275266ac33ab97e3baaa95078c/results/driver-7-n9/4d2ff0f530/ALL_PROVED,,da160e7d,Filename/path inference; editable in the app
273258,results/driver-7-n9/52cc537c4e/ALL_PROVED,General / shared,3,Pinned review snapshot; official acceptance unresolved | 9d1d55531855fd275266ac33ab97e3baaa95078c,https://codeload.github.com/FSvOAI/Heilbronn/zip/9d1d55531855fd275266ac33ab97e3baaa95078c,,contestants/E12/13-archives/E12-results-9d1d55531855fd275266ac33ab97e3baaa95078c.zip,Heilbronn-9d1d55531855fd275266ac33ab97e3baaa95078c/results/driver-7-n9/52cc537c4e/ALL_PROVED,,da160e7d,Filename/path inference; editable in the app
274158,results/driver-7-n9/5ca1f757b3/ALL_PROVED,General / shared,3,Pinned review snapshot; official acceptance unresolved | 9d1d55531855fd275266ac33ab97e3baaa95078c,https://codeload.github.com/FSvOAI/Heilbronn/zip/9d1d55531855fd275266ac33ab97e3baaa95078c,,contestants/E12/13-archives/E12-results-9d1d55531855fd275266ac33ab97e3baaa95078c.zip,Heilbronn-9d1d55531855fd275266ac33ab97e3baaa95078c/results/driver-7-n9/5ca1f757b3/ALL_PROVED,,da160e7d,Filename/path inference; editable in the app
274589,results/driver-7-n9/63d8307eeb/ALL_PROVED,General / shared,3,Pinned review snapshot; official acceptance unresolved | 9d1d55531855fd275266ac33ab97e3baaa95078c,https://codeload.github.com/FSvOAI/Heilbronn/zip/9d1d55531855fd275266ac33ab97e3baaa95078c,,contestants/E12/13-archives/E12-results-9d1d55531855fd275266ac33ab97e3baaa95078c.zip,Heilbronn-9d1d55531855fd275266ac33ab97e3baaa95078c/results/driver-7-n9/63d8307eeb/ALL_PROVED,,da160e7d,Filename/path inference; editable in the app
274867,results/driver-7-n9/6c757dc842/ALL_PROVED,General / shared,3,Pinned review snapshot; official acceptance unresolved | 9d1d55531855fd275266ac33ab97e3baaa95078c,https://codeload.github.com/FSvOAI/Heilbronn/zip/9d1d55531855fd275266ac33ab97e3baaa95078c,,contestants/E12/13-archives/E12-results-9d1d55531855fd275266ac33ab97e3baaa95078c.zip,Heilbronn-9d1d55531855fd275266ac33ab97e3baaa95078c/results/driver-7-n9/6c757dc842/ALL_PROVED,,da160e7d,Filename/path inference; editable in the app
279155,results/driver-7-n9/79ef7f66bb/ALL_PROVED,General / shared,3,Pinned review snapshot; official acceptance unresolved | 9d1d55531855fd275266ac33ab97e3baaa95078c,https://codeload.github.com/FSvOAI/Heilbronn/zip/9d1d55531855fd275266ac33ab97e3baaa95078c,,contestants/E12/13-archives/E12-results-9d1d55531855fd275266ac33ab97e3baaa95078c.zip,Heilbronn-9d1d55531855fd275266ac33ab97e3baaa95078c/results/driver-7-n9/79ef7f66bb/ALL_PROVED,,da160e7d,Filename/path inference; editable in the app
279892,results/driver-7-n9/7a40600439/ALL_PROVED,General / shared,3,Pinned review snapshot; official acceptance unresolved | 9d1d55531855fd275266ac33ab97e3baaa95078c,https://codeload.github.com/FSvOAI/Heilbronn/zip/9d1d55531855fd275266ac33ab97e3baaa95078c,,contestants/E12/13-archives/E12-results-9d1d55531855fd275266ac33ab97e3baaa95078c.zip,Heilbronn-9d1d55531855fd275266ac33ab97e3baaa95078c/results/driver-7-n9/7a40600439/ALL_PROVED,,da160e7d,Filename/path inference; editable in the app
280361,results/driver-7-n9/7c517dbd49/ALL_PROVED,General / shared,3,Pinned review snapshot; official acceptance unresolved | 9d1d55531855fd275266ac33ab97e3baaa95078c,https://codeload.github.com/FSvOAI/Heilbronn/zip/9d1d55531855fd275266ac33ab97e3baaa95078c,,contestants/E12/13-archives/E12-results-9d1d55531855fd275266ac33ab97e3baaa95078c.zip,Heilbronn-9d1d55531855fd275266ac33ab97e3baaa95078c/results/driver-7-n9/7c517dbd49/ALL_PROVED,,da160e7d,Filename/path inference; editable in the app
281064,results/driver-7-n9/8275d4a544/ALL_PROVED,General / shared,3,Pinned review snapshot; official acceptance unresolved | 9d1d55531855fd275266ac33ab97e3baaa95078c,https://codeload.github.com/FSvOAI/Heilbronn/zip/9d1d55531855fd275266ac33ab97e3baaa95078c,,contestants/E12/13-archives/E12-results-9d1d55531855fd275266ac33ab97e3baaa95078c.zip,Heilbronn-9d1d55531855fd275266ac33ab97e3baaa95078c/results/driver-7-n9/8275d4a544/ALL_PROVED,,da160e7d,Filename/path inference; editable in the app
283764,results/driver-7-n9/8c3be03885/ALL_PROVED,General / shared,3,Pinned review snapshot; official acceptance unresolved | 9d1d55531855fd275266ac33ab97e3baaa95078c,https://codeload.github.com/FSvOAI/Heilbronn/zip/9d1d55531855fd275266ac33ab97e3baaa95078c,,contestants/E12/13-archives/E12-results-9d1d55531855fd275266ac33ab97e3baaa95078c.zip,Heilbronn-9d1d55531855fd275266ac33ab97e3baaa95078c/results/driver-7-n9/8c3be03885/ALL_PROVED,,da160e7d,Filename/path inference; editable in the app
286806,results/driver-7-n9/9a9407db85/ALL_PROVED,General / shared,3,Pinned review snapshot; official acceptance unresolved | 9d1d55531855fd275266ac33ab97e3baaa95078c,https://codeload.github.com/FSvOAI/Heilbronn/zip/9d1d55531855fd275266ac33ab97e3baaa95078c,,contestants/E12/13-archives/E12-results-9d1d55531855fd275266ac33ab97e3baaa95078c.zip,Heilbronn-9d1d55531855fd275266ac33ab97e3baaa95078c/results/driver-7-n9/9a9407db85/ALL_PROVED,,da160e7d,Filename/path inference; editable in the app
288256,results/driver-7-n9/9f82e9e2e0/ALL_PROVED,General / shared,3,Pinned review snapshot; official acceptance unresolved | 9d1d55531855fd275266ac33ab97e3baaa95078c,https://codeload.github.com/FSvOAI/Heilbronn/zip/9d1d55531855fd275266ac33ab97e3baaa95078c,,contestants/E12/13-archives/E12-results-9d1d55531855fd275266ac33ab97e3baaa95078c.zip,Heilbronn-9d1d55531855fd275266ac33ab97e3baaa95078c/results/driver-7-n9/9f82e9e2e0/ALL_PROVED,,da160e7d,Filename/path inference; editable in the app
290737,results/driver-7-n9/b428ff12f5/ALL_PROVED,General / shared,3,Pinned review snapshot; official acceptance unresolved | 9d1d55531855fd275266ac33ab97e3baaa95078c,https://codeload.github.com/FSvOAI/Heilbronn/zip/9d1d55531855fd275266ac33ab97e3baaa95078c,,contestants/E12/13-archives/E12-results-9d1d55531855fd275266ac33ab97e3baaa95078c.zip,Heilbronn-9d1d55531855fd275266ac33ab97e3baaa95078c/results/driver-7-n9/b428ff12f5/ALL_PROVED,,da160e7d,Filename/path inference; editable in the app
291015,results/driver-7-n9/b7d30d19e0/ALL_PROVED,General / shared,3,Pinned review snapshot; official acceptance unresolved | 9d1d55531855fd275266ac33ab97e3baaa95078c,https://codeload.github.com/FSvOAI/Heilbronn/zip/9d1d55531855fd275266ac33ab97e3baaa95078c,,contestants/E12/13-archives/E12-results-9d1d55531855fd275266ac33ab97e3baaa95078c.zip,Heilbronn-9d1d55531855fd275266ac33ab97e3baaa95078c/results/driver-7-n9/b7d30d19e0/ALL_PROVED,,da160e7d,Filename/path inference; editable in the app
293161,results/driver-7-n9/cc22397e87/ALL_PROVED,General / shared,3,Pinned review snapshot; official acceptance unresolved | 9d1d55531855fd275266ac33ab97e3baaa95078c,https://codeload.github.com/FSvOAI/Heilbronn/zip/9d1d55531855fd275266ac33ab97e3baaa95078c,,contestants/E12/13-archives/E12-results-9d1d55531855fd275266ac33ab97e3baaa95078c.zip,Heilbronn-9d1d55531855fd275266ac33ab97e3baaa95078c/results/driver-7-n9/cc22397e87/ALL_PROVED,,da160e7d,Filename/path inference; editable in the app
293473,results/driver-7-n9/cdab5e2481/ALL_PROVED,General / shared,3,Pinned review snapshot; official acceptance unresolved | 9d1d55531855fd275266ac33ab97e3baaa95078c,https://codeload.github.com/FSvOAI/Heilbronn/zip/9d1d55531855fd275266ac33ab97e3baaa95078c,,contestants/E12/13-archives/E12-results-9d1d55531855fd275266ac33ab97e3baaa95078c.zip,Heilbronn-9d1d55531855fd275266ac33ab97e3baaa95078c/results/driver-7-n9/cdab5e2481/ALL_PROVED,,da160e7d,Filename/path inference; editable in the app
294076,results/driver-7-n9/cea7bd39f8/ALL_PROVED,General / shared,3,Pinned review snapshot; official acceptance unresolved | 9d1d55531855fd275266ac33ab97e3baaa95078c,https://codeload.github.com/FSvOAI/Heilbronn/zip/9d1d55531855fd275266ac33ab97e3baaa95078c,,contestants/E12/13-archives/E12-results-9d1d55531855fd275266ac33ab97e3baaa95078c.zip,Heilbronn-9d1d55531855fd275266ac33ab97e3baaa95078c/results/driver-7-n9/cea7bd39f8/ALL_PROVED,,da160e7d,Filename/path inference; editable in the app
294594,results/driver-7-n9/df988110e8/ALL_PROVED,General / shared,3,Pinned review snapshot; official acceptance unresolved | 9d1d55531855fd275266ac33ab97e3baaa95078c,https://codeload.github.com/FSvOAI/Heilbronn/zip/9d1d55531855fd275266ac33ab97e3baaa95078c,,contestants/E12/13-archives/E12-results-9d1d55531855fd275266ac33ab97e3baaa95078c.zip,Heilbronn-9d1d55531855fd275266ac33ab97e3baaa95078c/results/driver-7-n9/df988110e8/ALL_PROVED,,da160e7d,Filename/path inference; editable in the app
296627,results/driver-7-n9/e9dc16834f/ALL_PROVED,General / shared,3,Pinned review snapshot; official acceptance unresolved | 9d1d55531855fd275266ac33ab97e3baaa95078c,https://codeload.github.com/FSvOAI/Heilbronn/zip/9d1d55531855fd275266ac33ab97e3baaa95078c,,contestants/E12/13-archives/E12-results-9d1d55531855fd275266ac33ab97e3baaa95078c.zip,Heilbronn-9d1d55531855fd275266ac33ab97e3baaa95078c/results/driver-7-n9/e9dc16834f/ALL_PROVED,,da160e7d,Filename/path inference; editable in the app
297508,results/driver-7-n9/fb817b5ce0/ALL_PROVED,General / shared,3,Pinned review snapshot; official acceptance unresolved | 9d1d55531855fd275266ac33ab97e3baaa95078c,https://codeload.github.com/FSvOAI/Heilbronn/zip/9d1d55531855fd275266ac33ab97e3baaa95078c,,contestants/E12/13-archives/E12-results-9d1d55531855fd275266ac33ab97e3baaa95078c.zip,Heilbronn-9d1d55531855fd275266ac33ab97e3baaa95078c/results/driver-7-n9/fb817b5ce0/ALL_PROVED,,da160e7d,Filename/path inference; editable in the app
298728,results/driver-8-n9/0aadcef32b/ALL_PROVED,General / shared,3,Pinned review snapshot; official acceptance unresolved | 9d1d55531855fd275266ac33ab97e3baaa95078c,https://codeload.github.com/FSvOAI/Heilbronn/zip/9d1d55531855fd275266ac33ab97e3baaa95078c,,contestants/E12/13-archives/E12-results-9d1d55531855fd275266ac33ab97e3baaa95078c.zip,Heilbronn-9d1d55531855fd275266ac33ab97e3baaa95078c/results/driver-8-n9/0aadcef32b/ALL_PROVED,,da160e7d,Filename/path inference; editable in the app
300093,results/driver-8-n9/102ec93bb3/ALL_PROVED,General / shared,3,Pinned review snapshot; official acceptance unresolved | 9d1d55531855fd275266ac33ab97e3baaa95078c,https://codeload.github.com/FSvOAI/Heilbronn/zip/9d1d55531855fd275266ac33ab97e3baaa95078c,,contestants/E12/13-archives/E12-results-9d1d55531855fd275266ac33ab97e3baaa95078c.zip,Heilbronn-9d1d55531855fd275266ac33ab97e3baaa95078c/results/driver-8-n9/102ec93bb3/ALL_PROVED,,da160e7d,Filename/path inference; editable in the app
301193,results/driver-8-n9/1f7e9974dd/ALL_PROVED,General / shared,3,Pinned review snapshot; official acceptance unresolved | 9d1d55531855fd275266ac33ab97e3baaa95078c,https://codeload.github.com/FSvOAI/Heilbronn/zip/9d1d55531855fd275266ac33ab97e3baaa95078c,,contestants/E12/13-archives/E12-results-9d1d55531855fd275266ac33ab97e3baaa95078c.zip,Heilbronn-9d1d55531855fd275266ac33ab97e3baaa95078c/results/driver-8-n9/1f7e9974dd/ALL_PROVED,,da160e7d,Filename/path inference; editable in the app
302155,results/driver-8-n9/20a7911a19/ALL_PROVED,General / shared,3,Pinned review snapshot; official acceptance unresolved | 9d1d55531855fd275266ac33ab97e3baaa95078c,https://codeload.github.com/FSvOAI/Heilbronn/zip/9d1d55531855fd275266ac33ab97e3baaa95078c,,contestants/E12/13-archives/E12-results-9d1d55531855fd275266ac33ab97e3baaa95078c.zip,Heilbronn-9d1d55531855fd275266ac33ab97e3baaa95078c/results/driver-8-n9/20a7911a19/ALL_PROVED,,da160e7d,Filename/path inference; editable in the app
305322,results/driver-8-n9/2fc7f410d4/ALL_PROVED,General / shared,3,Pinned review snapshot; official acceptance unresolved | 9d1d55531855fd275266ac33ab97e3baaa95078c,https://codeload.github.com/FSvOAI/Heilbronn/zip/9d1d55531855fd275266ac33ab97e3baaa95078c,,contestants/E12/13-archives/E12-results-9d1d55531855fd275266ac33ab97e3baaa95078c.zip,Heilbronn-9d1d55531855fd275266ac33ab97e3baaa95078c/results/driver-8-n9/2fc7f410d4/ALL_PROVED,,da160e7d,Filename/path inference; editable in the app
306420,results/driver-8-n9/3034de4167/ALL_PROVED,General / shared,3,Pinned review snapshot; official acceptance unresolved | 9d1d55531855fd275266ac33ab97e3baaa95078c,https://codeload.github.com/FSvOAI/Heilbronn/zip/9d1d55531855fd275266ac33ab97e3baaa95078c,,contestants/E12/13-archives/E12-results-9d1d55531855fd275266ac33ab97e3baaa95078c.zip,Heilbronn-9d1d55531855fd275266ac33ab97e3baaa95078c/results/driver-8-n9/3034de4167/ALL_PROVED,,da160e7d,Filename/path inference; editable in the app
307193,results/driver-8-n9/3e6ff9a27a/ALL_PROVED,General / shared,3,Pinned review snapshot; official acceptance unresolved | 9d1d55531855fd275266ac33ab97e3baaa95078c,https://codeload.github.com/FSvOAI/Heilbronn/zip/9d1d55531855fd275266ac33ab97e3baaa95078c,,contestants/E12/13-archives/E12-results-9d1d55531855fd275266ac33ab97e3baaa95078c.zip,Heilbronn-9d1d55531855fd275266ac33ab97e3baaa95078c/results/driver-8-n9/3e6ff9a27a/ALL_PROVED,,da160e7d,Filename/path inference; editable in the app
309519,results/driver-8-n9/53cb7ffc76/ALL_PROVED,General / shared,3,Pinned review snapshot; official acceptance unresolved | 9d1d55531855fd275266ac33ab97e3baaa95078c,https://codeload.github.com/FSvOAI/Heilbronn/zip/9d1d55531855fd275266ac33ab97e3baaa95078c,,contestants/E12/13-archives/E12-results-9d1d55531855fd275266ac33ab97e3baaa95078c.zip,Heilbronn-9d1d55531855fd275266ac33ab97e3baaa95078c/results/driver-8-n9/53cb7ffc76/ALL_PROVED,,da160e7d,Filename/path inference; editable in the app
309920,results/driver-8-n9/5f35d16378/ALL_PROVED,General / shared,3,Pinned review snapshot; official acceptance unresolved | 9d1d55531855fd275266ac33ab97e3baaa95078c,https://codeload.github.com/FSvOAI/Heilbronn/zip/9d1d55531855fd275266ac33ab97e3baaa95078c,,contestants/E12/13-archives/E12-results-9d1d55531855fd275266ac33ab97e3baaa95078c.zip,Heilbronn-9d1d55531855fd275266ac33ab97e3baaa95078c/results/driver-8-n9/5f35d16378/ALL_PROVED,,da160e7d,Filename/path inference; editable in the app
310574,results/driver-8-n9/681d62ff46/ALL_PROVED,General / shared,3,Pinned review snapshot; official acceptance unresolved | 9d1d55531855fd275266ac33ab97e3baaa95078c,https://codeload.github.com/FSvOAI/Heilbronn/zip/9d1d55531855fd275266ac33ab97e3baaa95078c,,contestants/E12/13-archives/E12-results-9d1d55531855fd275266ac33ab97e3baaa95078c.zip,Heilbronn-9d1d55531855fd275266ac33ab97e3baaa95078c/results/driver-8-n9/681d62ff46/ALL_PROVED,,da160e7d,Filename/path inference; editable in the app
311334,results/driver-8-n9/68ded70b85/ALL_PROVED,General / shared,3,Pinned review snapshot; official acceptance unresolved | 9d1d55531855fd275266ac33ab97e3baaa95078c,https://codeload.github.com/FSvOAI/Heilbronn/zip/9d1d55531855fd275266ac33ab97e3baaa95078c,,contestants/E12/13-archives/E12-results-9d1d55531855fd275266ac33ab97e3baaa95078c.zip,Heilbronn-9d1d55531855fd275266ac33ab97e3baaa95078c/results/driver-8-n9/68ded70b85/ALL_PROVED,,da160e7d,Filename/path inference; editable in the app
311614,results/driver-8-n9/6e8860095a/ALL_PROVED,General / shared,3,Pinned review snapshot; official acceptance unresolved | 9d1d55531855fd275266ac33ab97e3baaa95078c,https://codeload.github.com/FSvOAI/Heilbronn/zip/9d1d55531855fd275266ac33ab97e3baaa95078c,,contestants/E12/13-archives/E12-results-9d1d55531855fd275266ac33ab97e3baaa95078c.zip,Heilbronn-9d1d55531855fd275266ac33ab97e3baaa95078c/results/driver-8-n9/6e8860095a/ALL_PROVED,,da160e7d,Filename/path inference; editable in the app
313657,results/driver-8-n9/79c43ddfbc/ALL_PROVED,General / shared,3,Pinned review snapshot; official acceptance unresolved | 9d1d55531855fd275266ac33ab97e3baaa95078c,https://codeload.github.com/FSvOAI/Heilbronn/zip/9d1d55531855fd275266ac33ab97e3baaa95078c,,contestants/E12/13-archives/E12-results-9d1d55531855fd275266ac33ab97e3baaa95078c.zip,Heilbronn-9d1d55531855fd275266ac33ab97e3baaa95078c/results/driver-8-n9/79c43ddfbc/ALL_PROVED,,da160e7d,Filename/path inference; editable in the app
313969,results/driver-8-n9/7e0037d6fb/ALL_PROVED,General / shared,3,Pinned review snapshot; official acceptance unresolved | 9d1d55531855fd275266ac33ab97e3baaa95078c,https://codeload.github.com/FSvOAI/Heilbronn/zip/9d1d55531855fd275266ac33ab97e3baaa95078c,,contestants/E12/13-archives/E12-results-9d1d55531855fd275266ac33ab97e3baaa95078c.zip,Heilbronn-9d1d55531855fd275266ac33ab97e3baaa95078c/results/driver-8-n9/7e0037d6fb/ALL_PROVED,,da160e7d,Filename/path inference; editable in the app
314247,results/driver-8-n9/7ee8f672be/ALL_PROVED,General / shared,3,Pinned review snapshot; official acceptance unresolved | 9d1d55531855fd275266ac33ab97e3baaa95078c,https://codeload.github.com/FSvOAI/Heilbronn/zip/9d1d55531855fd275266ac33ab97e3baaa95078c,,contestants/E12/13-archives/E12-results-9d1d55531855fd275266ac33ab97e3baaa95078c.zip,Heilbronn-9d1d55531855fd275266ac33ab97e3baaa95078c/results/driver-8-n9/7ee8f672be/ALL_PROVED,,da160e7d,Filename/path inference; editable in the app
314695,results/driver-8-n9/85f95abad8/ALL_PROVED,General / shared,3,Pinned review snapshot; official acceptance unresolved | 9d1d55531855fd275266ac33ab97e3baaa95078c,https://codeload.github.com/FSvOAI/Heilbronn/zip/9d1d55531855fd275266ac33ab97e3baaa95078c,,contestants/E12/13-archives/E12-results-9d1d55531855fd275266ac33ab97e3baaa95078c.zip,Heilbronn-9d1d55531855fd275266ac33ab97e3baaa95078c/results/driver-8-n9/85f95abad8/ALL_PROVED,,da160e7d,Filename/path inference; editable in the app
316797,results/driver-8-n9/96c3b76673/ALL_PROVED,General / shared,3,Pinned review snapshot; official acceptance unresolved | 9d1d55531855fd275266ac33ab97e3baaa95078c,https://codeload.github.com/FSvOAI/Heilbronn/zip/9d1d55531855fd275266ac33ab97e3baaa95078c,,contestants/E12/13-archives/E12-results-9d1d55531855fd275266ac33ab97e3baaa95078c.zip,Heilbronn-9d1d55531855fd275266ac33ab97e3baaa95078c/results/driver-8-n9/96c3b76673/ALL_PROVED,,da160e7d,Filename/path inference; editable in the app
316952,results/driver-8-n9/a4aaa72277/ALL_PROVED,General / shared,3,Pinned review snapshot; official acceptance unresolved | 9d1d55531855fd275266ac33ab97e3baaa95078c,https://codeload.github.com/FSvOAI/Heilbronn/zip/9d1d55531855fd275266ac33ab97e3baaa95078c,,contestants/E12/13-archives/E12-results-9d1d55531855fd275266ac33ab97e3baaa95078c.zip,Heilbronn-9d1d55531855fd275266ac33ab97e3baaa95078c/results/driver-8-n9/a4aaa72277/ALL_PROVED,,da160e7d,Filename/path inference; editable in the app
317833,results/driver-8-n9/a94cb5e8cb/ALL_PROVED,General / shared,3,Pinned review snapshot; official acceptance unresolved | 9d1d55531855fd275266ac33ab97e3baaa95078c,https://codeload.github.com/FSvOAI/Heilbronn/zip/9d1d55531855fd275266ac33ab97e3baaa95078c,,contestants/E12/13-archives/E12-results-9d1d55531855fd275266ac33ab97e3baaa95078c.zip,Heilbronn-9d1d55531855fd275266ac33ab97e3baaa95078c/results/driver-8-n9/a94cb5e8cb/ALL_PROVED,,da160e7d,Filename/path inference; editable in the app
320104,results/driver-8-n9/ba03460d78/ALL_PROVED,General / shared,3,Pinned review snapshot; official acceptance unresolved | 9d1d55531855fd275266ac33ab97e3baaa95078c,https://codeload.github.com/FSvOAI/Heilbronn/zip/9d1d55531855fd275266ac33ab97e3baaa95078c,,contestants/E12/13-archives/E12-results-9d1d55531855fd275266ac33ab97e3baaa95078c.zip,Heilbronn-9d1d55531855fd275266ac33ab97e3baaa95078c/results/driver-8-n9/ba03460d78/ALL_PROVED,,da160e7d,Filename/path inference; editable in the app
320312,results/driver-8-n9/c284832c34/ALL_PROVED,General / shared,3,Pinned review snapshot; official acceptance unresolved | 9d1d55531855fd275266ac33ab97e3baaa95078c,https://codeload.github.com/FSvOAI/Heilbronn/zip/9d1d55531855fd275266ac33ab97e3baaa95078c,,contestants/E12/13-archives/E12-results-9d1d55531855fd275266ac33ab97e3baaa95078c.zip,Heilbronn-9d1d55531855fd275266ac33ab97e3baaa95078c/results/driver-8-n9/c284832c34/ALL_PROVED,,da160e7d,Filename/path inference; editable in the app
320915,results/driver-8-n9/e3584465da/ALL_PROVED,General / shared,3,Pinned review snapshot; official acceptance unresolved | 9d1d55531855fd275266ac33ab97e3baaa95078c,https://codeload.github.com/FSvOAI/Heilbronn/zip/9d1d55531855fd275266ac33ab97e3baaa95078c,,contestants/E12/13-archives/E12-results-9d1d55531855fd275266ac33ab97e3baaa95078c.zip,Heilbronn-9d1d55531855fd275266ac33ab97e3baaa95078c/results/driver-8-n9/e3584465da/ALL_PROVED,,da160e7d,Filename/path inference; editable in the app
321960,results/driver-8-n9/f060d124a9/ALL_PROVED,General / shared,3,Pinned review snapshot; official acceptance unresolved | 9d1d55531855fd275266ac33ab97e3baaa95078c,https://codeload.github.com/FSvOAI/Heilbronn/zip/9d1d55531855fd275266ac33ab97e3baaa95078c,,contestants/E12/13-archives/E12-results-9d1d55531855fd275266ac33ab97e3baaa95078c.zip,Heilbronn-9d1d55531855fd275266ac33ab97e3baaa95078c/results/driver-8-n9/f060d124a9/ALL_PROVED,,da160e7d,Filename/path inference; editable in the app
324489,results/driver-8-n9/f739641b2e/ALL_PROVED,General / shared,3,Pinned review snapshot; official acceptance unresolved | 9d1d55531855fd275266ac33ab97e3baaa95078c,https://codeload.github.com/FSvOAI/Heilbronn/zip/9d1d55531855fd275266ac33ab97e3baaa95078c,,contestants/E12/13-archives/E12-results-9d1d55531855fd275266ac33ab97e3baaa95078c.zip,Heilbronn-9d1d55531855fd275266ac33ab97e3baaa95078c/results/driver-8-n9/f739641b2e/ALL_PROVED,,da160e7d,Filename/path inference; editable in the app
324910,results/driver-9-n9/10ffde51ef/ALL_PROVED,General / shared,3,Pinned review snapshot; official acceptance unresolved | 9d1d55531855fd275266ac33ab97e3baaa95078c,https://codeload.github.com/FSvOAI/Heilbronn/zip/9d1d55531855fd275266ac33ab97e3baaa95078c,,contestants/E12/13-archives/E12-results-9d1d55531855fd275266ac33ab97e3baaa95078c.zip,Heilbronn-9d1d55531855fd275266ac33ab97e3baaa95078c/results/driver-9-n9/10ffde51ef/ALL_PROVED,,da160e7d,Filename/path inference; editable in the app
325430,results/driver-9-n9/20a999f40b/ALL_PROVED,General / shared,3,Pinned review snapshot; official acceptance unresolved | 9d1d55531855fd275266ac33ab97e3baaa95078c,https://codeload.github.com/FSvOAI/Heilbronn/zip/9d1d55531855fd275266ac33ab97e3baaa95078c,,contestants/E12/13-archives/E12-results-9d1d55531855fd275266ac33ab97e3baaa95078c.zip,Heilbronn-9d1d55531855fd275266ac33ab97e3baaa95078c/results/driver-9-n9/20a999f40b/ALL_PROVED,,da160e7d,Filename/path inference; editable in the app
326458,results/driver-9-n9/29cb24ec74/ALL_PROVED,General / shared,3,Pinned review snapshot; official acceptance unresolved | 9d1d55531855fd275266ac33ab97e3baaa95078c,https://codeload.github.com/FSvOAI/Heilbronn/zip/9d1d55531855fd275266ac33ab97e3baaa95078c,,contestants/E12/13-archives/E12-results-9d1d55531855fd275266ac33ab97e3baaa95078c.zip,Heilbronn-9d1d55531855fd275266ac33ab97e3baaa95078c/results/driver-9-n9/29cb24ec74/ALL_PROVED,,da160e7d,Filename/path inference; editable in the app
329230,results/driver-9-n9/32bc02cd9e/ALL_PROVED,General / shared,3,Pinned review snapshot; official acceptance unresolved | 9d1d55531855fd275266ac33ab97e3baaa95078c,https://codeload.github.com/FSvOAI/Heilbronn/zip/9d1d55531855fd275266ac33ab97e3baaa95078c,,contestants/E12/13-archives/E12-results-9d1d55531855fd275266ac33ab97e3baaa95078c.zip,Heilbronn-9d1d55531855fd275266ac33ab97e3baaa95078c/results/driver-9-n9/32bc02cd9e/ALL_PROVED,,da160e7d,Filename/path inference; editable in the app
335027,results/driver-9-n9/5f7ca91591/ALL_PROVED,General / shared,3,Pinned review snapshot; official acceptance unresolved | 9d1d55531855fd275266ac33ab97e3baaa95078c,https://codeload.github.com/FSvOAI/Heilbronn/zip/9d1d55531855fd275266ac33ab97e3baaa95078c,,contestants/E12/13-archives/E12-results-9d1d55531855fd275266ac33ab97e3baaa95078c.zip,Heilbronn-9d1d55531855fd275266ac33ab97e3baaa95078c/results/driver-9-n9/5f7ca91591/ALL_PROVED,,da160e7d,Filename/path inference; editable in the app
335475,results/driver-9-n9/62f2871c5e/ALL_PROVED,General / shared,3,Pinned review snapshot; official acceptance unresolved | 9d1d55531855fd275266ac33ab97e3baaa95078c,https://codeload.github.com/FSvOAI/Heilbronn/zip/9d1d55531855fd275266ac33ab97e3baaa95078c,,contestants/E12/13-archives/E12-results-9d1d55531855fd275266ac33ab97e3baaa95078c.zip,Heilbronn-9d1d55531855fd275266ac33ab97e3baaa95078c/results/driver-9-n9/62f2871c5e/ALL_PROVED,,da160e7d,Filename/path inference; editable in the app
335963,results/driver-9-n9/763b1fb10a/ALL_PROVED,General / shared,3,Pinned review snapshot; official acceptance unresolved | 9d1d55531855fd275266ac33ab97e3baaa95078c,https://codeload.github.com/FSvOAI/Heilbronn/zip/9d1d55531855fd275266ac33ab97e3baaa95078c,,contestants/E12/13-archives/E12-results-9d1d55531855fd275266ac33ab97e3baaa95078c.zip,Heilbronn-9d1d55531855fd275266ac33ab97e3baaa95078c/results/driver-9-n9/763b1fb10a/ALL_PROVED,,da160e7d,Filename/path inference; editable in the app
336411,results/driver-9-n9/861b78739f/ALL_PROVED,General / shared,3,Pinned review snapshot; official acceptance unresolved | 9d1d55531855fd275266ac33ab97e3baaa95078c,https://codeload.github.com/FSvOAI/Heilbronn/zip/9d1d55531855fd275266ac33ab97e3baaa95078c,,contestants/E12/13-archives/E12-results-9d1d55531855fd275266ac33ab97e3baaa95078c.zip,Heilbronn-9d1d55531855fd275266ac33ab97e3baaa95078c/results/driver-9-n9/861b78739f/ALL_PROVED,,da160e7d,Filename/path inference; editable in the app
337067,results/driver-9-n9/8c75a36da2/ALL_PROVED,General / shared,3,Pinned review snapshot; official acceptance unresolved | 9d1d55531855fd275266ac33ab97e3baaa95078c,https://codeload.github.com/FSvOAI/Heilbronn/zip/9d1d55531855fd275266ac33ab97e3baaa95078c,,contestants/E12/13-archives/E12-results-9d1d55531855fd275266ac33ab97e3baaa95078c.zip,Heilbronn-9d1d55531855fd275266ac33ab97e3baaa95078c/results/driver-9-n9/8c75a36da2/ALL_PROVED,,da160e7d,Filename/path inference; editable in the app
337683,results/driver-9-n9/8ca38fd949/ALL_PROVED,General / shared,3,Pinned review snapshot; official acceptance unresolved | 9d1d55531855fd275266ac33ab97e3baaa95078c,https://codeload.github.com/FSvOAI/Heilbronn/zip/9d1d55531855fd275266ac33ab97e3baaa95078c,,contestants/E12/13-archives/E12-results-9d1d55531855fd275266ac33ab97e3baaa95078c.zip,Heilbronn-9d1d55531855fd275266ac33ab97e3baaa95078c/results/driver-9-n9/8ca38fd949/ALL_PROVED,,da160e7d,Filename/path inference; editable in the app
338144,results/driver-9-n9/978577eee2/ALL_PROVED,General / shared,3,Pinned review snapshot; official acceptance unresolved | 9d1d55531855fd275266ac33ab97e3baaa95078c,https://codeload.github.com/FSvOAI/Heilbronn/zip/9d1d55531855fd275266ac33ab97e3baaa95078c,,contestants/E12/13-archives/E12-results-9d1d55531855fd275266ac33ab97e3baaa95078c.zip,Heilbronn-9d1d55531855fd275266ac33ab97e3baaa95078c/results/driver-9-n9/978577eee2/ALL_PROVED,,da160e7d,Filename/path inference; editable in the app
339376,results/driver-9-n9/9a8eff1ffa/ALL_PROVED,General / shared,3,Pinned review snapshot; official acceptance unresolved | 9d1d55531855fd275266ac33ab97e3baaa95078c,https://codeload.github.com/FSvOAI/Heilbronn/zip/9d1d55531855fd275266ac33ab97e3baaa95078c,,contestants/E12/13-archives/E12-results-9d1d55531855fd275266ac33ab97e3baaa95078c.zip,Heilbronn-9d1d55531855fd275266ac33ab97e3baaa95078c/results/driver-9-n9/9a8eff1ffa/ALL_PROVED,,da160e7d,Filename/path inference; editable in the app
340181,results/driver-9-n9/a3c13ec90c/ALL_PROVED,General / shared,3,Pinned review snapshot; official acceptance unresolved | 9d1d55531855fd275266ac33ab97e3baaa95078c,https://codeload.github.com/FSvOAI/Heilbronn/zip/9d1d55531855fd275266ac33ab97e3baaa95078c,,contestants/E12/13-archives/E12-results-9d1d55531855fd275266ac33ab97e3baaa95078c.zip,Heilbronn-9d1d55531855fd275266ac33ab97e3baaa95078c/results/driver-9-n9/a3c13ec90c/ALL_PROVED,,da160e7d,Filename/path inference; editable in the app
340716,results/driver-9-n9/ba106527b0/ALL_PROVED,General / shared,3,Pinned review snapshot; official acceptance unresolved | 9d1d55531855fd275266ac33ab97e3baaa95078c,https://codeload.github.com/FSvOAI/Heilbronn/zip/9d1d55531855fd275266ac33ab97e3baaa95078c,,contestants/E12/13-archives/E12-results-9d1d55531855fd275266ac33ab97e3baaa95078c.zip,Heilbronn-9d1d55531855fd275266ac33ab97e3baaa95078c/results/driver-9-n9/ba106527b0/ALL_PROVED,,da160e7d,Filename/path inference; editable in the app
341079,results/driver-9-n9/c5ab70def6/ALL_PROVED,General / shared,3,Pinned review snapshot; official acceptance unresolved | 9d1d55531855fd275266ac33ab97e3baaa95078c,https://codeload.github.com/FSvOAI/Heilbronn/zip/9d1d55531855fd275266ac33ab97e3baaa95078c,,contestants/E12/13-archives/E12-results-9d1d55531855fd275266ac33ab97e3baaa95078c.zip,Heilbronn-9d1d55531855fd275266ac33ab97e3baaa95078c/results/driver-9-n9/c5ab70def6/ALL_PROVED,,da160e7d,Filename/path inference; editable in the app
341601,results/driver-9-n9/c65302fab5/ALL_PROVED,General / shared,3,Pinned review snapshot; official acceptance unresolved | 9d1d55531855fd275266ac33ab97e3baaa95078c,https://codeload.github.com/FSvOAI/Heilbronn/zip/9d1d55531855fd275266ac33ab97e3baaa95078c,,contestants/E12/13-archives/E12-results-9d1d55531855fd275266ac33ab97e3baaa95078c.zip,Heilbronn-9d1d55531855fd275266ac33ab97e3baaa95078c/results/driver-9-n9/c65302fab5/ALL_PROVED,,da160e7d,Filename/path inference; editable in the app
342013,results/driver-9-n9/cc66b51e48/ALL_PROVED,General / shared,3,Pinned review snapshot; official acceptance unresolved | 9d1d55531855fd275266ac33ab97e3baaa95078c,https://codeload.github.com/FSvOAI/Heilbronn/zip/9d1d55531855fd275266ac33ab97e3baaa95078c,,contestants/E12/13-archives/E12-results-9d1d55531855fd275266ac33ab97e3baaa95078c.zip,Heilbronn-9d1d55531855fd275266ac33ab97e3baaa95078c/results/driver-9-n9/cc66b51e48/ALL_PROVED,,da160e7d,Filename/path inference; editable in the app
342427,results/driver-9-n9/d56b60167d/ALL_PROVED,General / shared,3,Pinned review snapshot; official acceptance unresolved | 9d1d55531855fd275266ac33ab97e3baaa95078c,https://codeload.github.com/FSvOAI/Heilbronn/zip/9d1d55531855fd275266ac33ab97e3baaa95078c,,contestants/E12/13-archives/E12-results-9d1d55531855fd275266ac33ab97e3baaa95078c.zip,Heilbronn-9d1d55531855fd275266ac33ab97e3baaa95078c/results/driver-9-n9/d56b60167d/ALL_PROVED,,da160e7d,Filename/path inference; editable in the app
343416,results/driver-9-n9/d62231623b/ALL_PROVED,General / shared,3,Pinned review snapshot; official acceptance unresolved | 9d1d55531855fd275266ac33ab97e3baaa95078c,https://codeload.github.com/FSvOAI/Heilbronn/zip/9d1d55531855fd275266ac33ab97e3baaa95078c,,contestants/E12/13-archives/E12-results-9d1d55531855fd275266ac33ab97e3baaa95078c.zip,Heilbronn-9d1d55531855fd275266ac33ab97e3baaa95078c/results/driver-9-n9/d62231623b/ALL_PROVED,,da160e7d,Filename/path inference; editable in the app
