id,original_path,topic,bytes,version,source,local_path,archive_path,archive_member,sha256,crc32,basis
349465,Claim_Evidence/proofs/a000224/OpHack/QuadraticResidue224/Target224.lean,General / shared,2549,"Email supplement received 06:19:17 CEST, after cutoff; distinct from on-time PDF | email ZIP",https://mail.google.com/mail/u/0/#all/1a0fffd2419ec392,,contestants/E02/13-archives/Math_Competition_Completed_Results_Submission_Bundle.zip,Math_Competition_Completed_Results_Submission/Claim_Evidence/proofs/a000224/OpHack/QuadraticResidue224/Target224.lean,,9ff7f76d,Filename/path inference; editable in the app
349477,Claim_Evidence/proofs/a046969-i/A46969.lean,General / shared,1487,"Email supplement received 06:19:17 CEST, after cutoff; distinct from on-time PDF | email ZIP",https://mail.google.com/mail/u/0/#all/1a0fffd2419ec392,,contestants/E02/13-archives/Math_Competition_Completed_Results_Submission_Bundle.zip,Math_Competition_Completed_Results_Submission/Claim_Evidence/proofs/a046969-i/A46969.lean,,bb8f7203,Filename/path inference; editable in the app
349478,Claim_Evidence/proofs/a060957/OpHack/SubsetProducts/Generic/Final.lean,General / shared,6362,"Email supplement received 06:19:17 CEST, after cutoff; distinct from on-time PDF | email ZIP",https://mail.google.com/mail/u/0/#all/1a0fffd2419ec392,,contestants/E02/13-archives/Math_Competition_Completed_Results_Submission_Bundle.zip,Math_Competition_Completed_Results_Submission/Claim_Evidence/proofs/a060957/OpHack/SubsetProducts/Generic/Final.lean,,71d4a8d5,Filename/path inference; editable in the app
349479,Claim_Evidence/proofs/a060957/OpHack/SubsetProducts/Main.lean,General / shared,5387,"Email supplement received 06:19:17 CEST, after cutoff; distinct from on-time PDF | email ZIP",https://mail.google.com/mail/u/0/#all/1a0fffd2419ec392,,contestants/E02/13-archives/Math_Competition_Completed_Results_Submission_Bundle.zip,Math_Competition_Completed_Results_Submission/Claim_Evidence/proofs/a060957/OpHack/SubsetProducts/Main.lean,,e3472311,Filename/path inference; editable in the app
349485,Claim_Evidence/proofs/a100475/A100475.lean,General / shared,1059,"Email supplement received 06:19:17 CEST, after cutoff; distinct from on-time PDF | email ZIP",https://mail.google.com/mail/u/0/#all/1a0fffd2419ec392,,contestants/E02/13-archives/Math_Competition_Completed_Results_Submission_Bundle.zip,Math_Competition_Completed_Results_Submission/Claim_Evidence/proofs/a100475/A100475.lean,,46c756a4,Filename/path inference; editable in the app
349486,Claim_Evidence/proofs/a135508/A135508.lean,General / shared,6550,"Email supplement received 06:19:17 CEST, after cutoff; distinct from on-time PDF | email ZIP",https://mail.google.com/mail/u/0/#all/1a0fffd2419ec392,,contestants/E02/13-archives/Math_Competition_Completed_Results_Submission_Bundle.zip,Math_Competition_Completed_Results_Submission/Claim_Evidence/proofs/a135508/A135508.lean,,81ae163c,Filename/path inference; editable in the app
349487,Claim_Evidence/proofs/apery-odd/OpHack/AperyPrimePower/Target5258.lean,General / shared,1620,"Email supplement received 06:19:17 CEST, after cutoff; distinct from on-time PDF | email ZIP",https://mail.google.com/mail/u/0/#all/1a0fffd2419ec392,,contestants/E02/13-archives/Math_Competition_Completed_Results_Submission_Bundle.zip,Math_Competition_Completed_Results_Submission/Claim_Evidence/proofs/apery-odd/OpHack/AperyPrimePower/Target5258.lean,,82728d14,Filename/path inference; editable in the app
349490,Claim_Evidence/proofs/erdos1060-uniform-partial/src/EntropyConversion.lean,Other formal mathematics,2608,"Email supplement received 06:19:17 CEST, after cutoff; distinct from on-time PDF | email ZIP",https://mail.google.com/mail/u/0/#all/1a0fffd2419ec392,,contestants/E02/13-archives/Math_Competition_Completed_Results_Submission_Bundle.zip,Math_Competition_Completed_Results_Submission/Claim_Evidence/proofs/erdos1060-uniform-partial/src/EntropyConversion.lean,,c09389f4,Filename/path inference; editable in the app
349491,Claim_Evidence/proofs/erdos1060-uniform-partial/src/SigmaFiberAsymptotic.lean,Other formal mathematics,2597,"Email supplement received 06:19:17 CEST, after cutoff; distinct from on-time PDF | email ZIP",https://mail.google.com/mail/u/0/#all/1a0fffd2419ec392,,contestants/E02/13-archives/Math_Competition_Completed_Results_Submission_Bundle.zip,Math_Competition_Completed_Results_Submission/Claim_Evidence/proofs/erdos1060-uniform-partial/src/SigmaFiberAsymptotic.lean,,016156bb,Filename/path inference; editable in the app
349496,Claim_Evidence/proofs/erdos169-fourap/OpHack/MainResult.lean,Other formal mathematics,889,"Email supplement received 06:19:17 CEST, after cutoff; distinct from on-time PDF | email ZIP",https://mail.google.com/mail/u/0/#all/1a0fffd2419ec392,,contestants/E02/13-archives/Math_Competition_Completed_Results_Submission_Bundle.zip,Math_Competition_Completed_Results_Submission/Claim_Evidence/proofs/erdos169-fourap/OpHack/MainResult.lean,,b11e9cd5,Filename/path inference; editable in the app
349501,Claim_Evidence/proofs/erdos21-sharp-residual/OpHack/Erdos21/Main.lean,Other formal mathematics,2996,"Email supplement received 06:19:17 CEST, after cutoff; distinct from on-time PDF | email ZIP",https://mail.google.com/mail/u/0/#all/1a0fffd2419ec392,,contestants/E02/13-archives/Math_Competition_Completed_Results_Submission_Bundle.zip,Math_Competition_Completed_Results_Submission/Claim_Evidence/proofs/erdos21-sharp-residual/OpHack/Erdos21/Main.lean,,0514c3b6,Filename/path inference; editable in the app
349507,Claim_Evidence/proofs/erdos829-log-five-thirds/FiveThirdsCanonical.lean,Other formal mathematics,1243,"Email supplement received 06:19:17 CEST, after cutoff; distinct from on-time PDF | email ZIP",https://mail.google.com/mail/u/0/#all/1a0fffd2419ec392,,contestants/E02/13-archives/Math_Competition_Completed_Results_Submission_Bundle.zip,Math_Competition_Completed_Results_Submission/Claim_Evidence/proofs/erdos829-log-five-thirds/FiveThirdsCanonical.lean,,e2ce1d5b,Filename/path inference; editable in the app
349518,Claim_Evidence/proofs/erdos944-order-bound/OpHack/Erdos944Bounds.lean,Other formal mathematics,3603,"Email supplement received 06:19:17 CEST, after cutoff; distinct from on-time PDF | email ZIP",https://mail.google.com/mail/u/0/#all/1a0fffd2419ec392,,contestants/E02/13-archives/Math_Competition_Completed_Results_Submission_Bundle.zip,Math_Competition_Completed_Results_Submission/Claim_Evidence/proofs/erdos944-order-bound/OpHack/Erdos944Bounds.lean,,4b963205,Filename/path inference; editable in the app
349524,Claim_Evidence/proofs/ferrers/OpHack/Ferrers/DefectExtension.lean,General / shared,6155,"Email supplement received 06:19:17 CEST, after cutoff; distinct from on-time PDF | email ZIP",https://mail.google.com/mail/u/0/#all/1a0fffd2419ec392,,contestants/E02/13-archives/Math_Competition_Completed_Results_Submission_Bundle.zip,Math_Competition_Completed_Results_Submission/Claim_Evidence/proofs/ferrers/OpHack/Ferrers/DefectExtension.lean,,91780cf1,Filename/path inference; editable in the app
349525,Claim_Evidence/proofs/ferrers/OpHack/Ferrers/YoungDiagramDefect.lean,General / shared,4132,"Email supplement received 06:19:17 CEST, after cutoff; distinct from on-time PDF | email ZIP",https://mail.google.com/mail/u/0/#all/1a0fffd2419ec392,,contestants/E02/13-archives/Math_Competition_Completed_Results_Submission_Bundle.zip,Math_Competition_Completed_Results_Submission/Claim_Evidence/proofs/ferrers/OpHack/Ferrers/YoungDiagramDefect.lean,,6c431978,Filename/path inference; editable in the app
349526,Claim_Evidence/proofs/ferrers/OpHack/Ferrers/YoungDiagramRestrictedPrefix.lean,General / shared,10066,"Email supplement received 06:19:17 CEST, after cutoff; distinct from on-time PDF | email ZIP",https://mail.google.com/mail/u/0/#all/1a0fffd2419ec392,,contestants/E02/13-archives/Math_Competition_Completed_Results_Submission_Bundle.zip,Math_Competition_Completed_Results_Submission/Claim_Evidence/proofs/ferrers/OpHack/Ferrers/YoungDiagramRestrictedPrefix.lean,,7fb1be4f,Filename/path inference; editable in the app
349537,Claim_Evidence/proofs/m2-research/claims/proofs/1948663a1348321db557d85cd4e05e9b3b1ad9e03a8dc3f7a342c17afc215ca3.lean,General / shared,33057,"Email supplement received 06:19:17 CEST, after cutoff; distinct from on-time PDF | email ZIP",https://mail.google.com/mail/u/0/#all/1a0fffd2419ec392,,contestants/E02/13-archives/Math_Competition_Completed_Results_Submission_Bundle.zip,Math_Competition_Completed_Results_Submission/Claim_Evidence/proofs/m2-research/claims/proofs/1948663a1348321db557d85cd4e05e9b3b1ad9e03a8dc3f7a342c17afc215ca3.lean,,2f10def1,Filename/path inference; editable in the app
349538,Claim_Evidence/proofs/m2-research/claims/proofs/269a2caa15a591595c54001b8cc5360c677ff25f63904e9017548e7492cf965f.lean,General / shared,15099,"Email supplement received 06:19:17 CEST, after cutoff; distinct from on-time PDF | email ZIP",https://mail.google.com/mail/u/0/#all/1a0fffd2419ec392,,contestants/E02/13-archives/Math_Competition_Completed_Results_Submission_Bundle.zip,Math_Competition_Completed_Results_Submission/Claim_Evidence/proofs/m2-research/claims/proofs/269a2caa15a591595c54001b8cc5360c677ff25f63904e9017548e7492cf965f.lean,,531b6c20,Filename/path inference; editable in the app
349539,Claim_Evidence/proofs/m2-research/claims/proofs/30761d1c63ddf3a50fc6ee930e68dacb2cd63742913abfd9007567ec00f72c8e.lean,General / shared,60167,"Email supplement received 06:19:17 CEST, after cutoff; distinct from on-time PDF | email ZIP",https://mail.google.com/mail/u/0/#all/1a0fffd2419ec392,,contestants/E02/13-archives/Math_Competition_Completed_Results_Submission_Bundle.zip,Math_Competition_Completed_Results_Submission/Claim_Evidence/proofs/m2-research/claims/proofs/30761d1c63ddf3a50fc6ee930e68dacb2cd63742913abfd9007567ec00f72c8e.lean,,f3342c96,Filename/path inference; editable in the app
349540,Claim_Evidence/proofs/m2-research/claims/proofs/5e4bb2ede244d1de75b753bc0115a7173872d8b4ecb488d6e6e94828e2691d28.lean,General / shared,73326,"Email supplement received 06:19:17 CEST, after cutoff; distinct from on-time PDF | email ZIP",https://mail.google.com/mail/u/0/#all/1a0fffd2419ec392,,contestants/E02/13-archives/Math_Competition_Completed_Results_Submission_Bundle.zip,Math_Competition_Completed_Results_Submission/Claim_Evidence/proofs/m2-research/claims/proofs/5e4bb2ede244d1de75b753bc0115a7173872d8b4ecb488d6e6e94828e2691d28.lean,,f6df62d3,Filename/path inference; editable in the app
349541,Claim_Evidence/proofs/m2-research/claims/proofs/87b6dd5bd86142923b09c0207d04800a82e423eff3fe4178f53bb2a873a8db5e.lean,General / shared,19905,"Email supplement received 06:19:17 CEST, after cutoff; distinct from on-time PDF | email ZIP",https://mail.google.com/mail/u/0/#all/1a0fffd2419ec392,,contestants/E02/13-archives/Math_Competition_Completed_Results_Submission_Bundle.zip,Math_Competition_Completed_Results_Submission/Claim_Evidence/proofs/m2-research/claims/proofs/87b6dd5bd86142923b09c0207d04800a82e423eff3fe4178f53bb2a873a8db5e.lean,,fcbfce27,Filename/path inference; editable in the app
349542,Claim_Evidence/proofs/m2-research/claims/proofs/cc13704faafdd146113fbb944434a585102dde0dba7700cccacc9f194ba56777.lean,General / shared,60217,"Email supplement received 06:19:17 CEST, after cutoff; distinct from on-time PDF | email ZIP",https://mail.google.com/mail/u/0/#all/1a0fffd2419ec392,,contestants/E02/13-archives/Math_Competition_Completed_Results_Submission_Bundle.zip,Math_Competition_Completed_Results_Submission/Claim_Evidence/proofs/m2-research/claims/proofs/cc13704faafdd146113fbb944434a585102dde0dba7700cccacc9f194ba56777.lean,,3badc331,Filename/path inference; editable in the app
349543,Claim_Evidence/proofs/m2-research/claims/proofs/d8fefc50c50b01cf689691ca19ede76b3714975c8cc895d8a151a13ec01070c9.lean,General / shared,43761,"Email supplement received 06:19:17 CEST, after cutoff; distinct from on-time PDF | email ZIP",https://mail.google.com/mail/u/0/#all/1a0fffd2419ec392,,contestants/E02/13-archives/Math_Competition_Completed_Results_Submission_Bundle.zip,Math_Competition_Completed_Results_Submission/Claim_Evidence/proofs/m2-research/claims/proofs/d8fefc50c50b01cf689691ca19ede76b3714975c8cc895d8a151a13ec01070c9.lean,,53e1fbf3,Filename/path inference; editable in the app
349546,Claim_Evidence/proofs/opdp13/OpHack/PowerFourier/Growth.lean,General / shared,3470,"Email supplement received 06:19:17 CEST, after cutoff; distinct from on-time PDF | email ZIP",https://mail.google.com/mail/u/0/#all/1a0fffd2419ec392,,contestants/E02/13-archives/Math_Competition_Completed_Results_Submission_Bundle.zip,Math_Competition_Completed_Results_Submission/Claim_Evidence/proofs/opdp13/OpHack/PowerFourier/Growth.lean,,00c9055d,Filename/path inference; editable in the app
349547,Claim_Evidence/proofs/opdp13/OpHack/PowerMoment/Bound.lean,General / shared,4535,"Email supplement received 06:19:17 CEST, after cutoff; distinct from on-time PDF | email ZIP",https://mail.google.com/mail/u/0/#all/1a0fffd2419ec392,,contestants/E02/13-archives/Math_Competition_Completed_Results_Submission_Bundle.zip,Math_Competition_Completed_Results_Submission/Claim_Evidence/proofs/opdp13/OpHack/PowerMoment/Bound.lean,,13a36524,Filename/path inference; editable in the app
349548,Claim_Evidence/proofs/opdp13/OpHack/PowerSemigroup/Evaluation.lean,General / shared,5102,"Email supplement received 06:19:17 CEST, after cutoff; distinct from on-time PDF | email ZIP",https://mail.google.com/mail/u/0/#all/1a0fffd2419ec392,,contestants/E02/13-archives/Math_Competition_Completed_Results_Submission_Bundle.zip,Math_Competition_Completed_Results_Submission/Claim_Evidence/proofs/opdp13/OpHack/PowerSemigroup/Evaluation.lean,,4a757545,Filename/path inference; editable in the app
349549,Claim_Evidence/proofs/opdp13/OpHack/PowerUpper/Function.lean,General / shared,1065,"Email supplement received 06:19:17 CEST, after cutoff; distinct from on-time PDF | email ZIP",https://mail.google.com/mail/u/0/#all/1a0fffd2419ec392,,contestants/E02/13-archives/Math_Competition_Completed_Results_Submission_Bundle.zip,Math_Competition_Completed_Results_Submission/Claim_Evidence/proofs/opdp13/OpHack/PowerUpper/Function.lean,,d2c1a5e3,Filename/path inference; editable in the app
349550,Claim_Evidence/proofs/opdp13/OpHack/PowerUpper/LeastIndex.lean,General / shared,4749,"Email supplement received 06:19:17 CEST, after cutoff; distinct from on-time PDF | email ZIP",https://mail.google.com/mail/u/0/#all/1a0fffd2419ec392,,contestants/E02/13-archives/Math_Competition_Completed_Results_Submission_Bundle.zip,Math_Competition_Completed_Results_Submission/Claim_Evidence/proofs/opdp13/OpHack/PowerUpper/LeastIndex.lean,,e4d061b3,Filename/path inference; editable in the app
349553,Claim_Evidence/proofs/opdp43/OpHack/NoThree/Main.lean,General / shared,2668,"Email supplement received 06:19:17 CEST, after cutoff; distinct from on-time PDF | email ZIP",https://mail.google.com/mail/u/0/#all/1a0fffd2419ec392,,contestants/E02/13-archives/Math_Competition_Completed_Results_Submission_Bundle.zip,Math_Competition_Completed_Results_Submission/Claim_Evidence/proofs/opdp43/OpHack/NoThree/Main.lean,,d3c44f1f,Filename/path inference; editable in the app
349557,Claim_Evidence/proofs/opdp67/OpHack/Quaternion67TwoWitness.lean,Other formal mathematics,7999,"Email supplement received 06:19:17 CEST, after cutoff; distinct from on-time PDF | email ZIP",https://mail.google.com/mail/u/0/#all/1a0fffd2419ec392,,contestants/E02/13-archives/Math_Competition_Completed_Results_Submission_Bundle.zip,Math_Competition_Completed_Results_Submission/Claim_Evidence/proofs/opdp67/OpHack/Quaternion67TwoWitness.lean,,a6a9dad5,Filename/path inference; editable in the app
349568,Claim_Evidence/proofs/opdp89-parity-sharp/SharpClassification.lean,General / shared,2985,"Email supplement received 06:19:17 CEST, after cutoff; distinct from on-time PDF | email ZIP",https://mail.google.com/mail/u/0/#all/1a0fffd2419ec392,,contestants/E02/13-archives/Math_Competition_Completed_Results_Submission_Bundle.zip,Math_Competition_Completed_Results_Submission/Claim_Evidence/proofs/opdp89-parity-sharp/SharpClassification.lean,,f5f24413,Filename/path inference; editable in the app
349582,Focus_Evidence/evidence/FOCUS-BB6/kernel/Certificate.lean,Busy Beaver,10509,"Email supplement received 06:19:17 CEST, after cutoff; distinct from on-time PDF | email ZIP",https://mail.google.com/mail/u/0/#all/1a0fffd2419ec392,,contestants/E02/13-archives/Math_Competition_Completed_Results_Submission_Bundle.zip,Math_Competition_Completed_Results_Submission/Focus_Evidence/evidence/FOCUS-BB6/kernel/Certificate.lean,,5f4cd6ba,Filename/path inference; editable in the app
349584,Focus_Evidence/evidence/FOCUS-BB6/kernel/CheckedJoin.lean,Busy Beaver,235,"Email supplement received 06:19:17 CEST, after cutoff; distinct from on-time PDF | email ZIP",https://mail.google.com/mail/u/0/#all/1a0fffd2419ec392,,contestants/E02/13-archives/Math_Competition_Completed_Results_Submission_Bundle.zip,Math_Competition_Completed_Results_Submission/Focus_Evidence/evidence/FOCUS-BB6/kernel/CheckedJoin.lean,,a24a4683,Filename/path inference; editable in the app
349586,Focus_Evidence/evidence/FOCUS-BB6/kernel/Chunk00.lean,Busy Beaver,3431,"Email supplement received 06:19:17 CEST, after cutoff; distinct from on-time PDF | email ZIP",https://mail.google.com/mail/u/0/#all/1a0fffd2419ec392,,contestants/E02/13-archives/Math_Competition_Completed_Results_Submission_Bundle.zip,Math_Competition_Completed_Results_Submission/Focus_Evidence/evidence/FOCUS-BB6/kernel/Chunk00.lean,,caa9e99b,Filename/path inference; editable in the app
349588,Focus_Evidence/evidence/FOCUS-BB6/kernel/Chunk01.lean,Busy Beaver,3923,"Email supplement received 06:19:17 CEST, after cutoff; distinct from on-time PDF | email ZIP",https://mail.google.com/mail/u/0/#all/1a0fffd2419ec392,,contestants/E02/13-archives/Math_Competition_Completed_Results_Submission_Bundle.zip,Math_Competition_Completed_Results_Submission/Focus_Evidence/evidence/FOCUS-BB6/kernel/Chunk01.lean,,83d04ebe,Filename/path inference; editable in the app
349590,Focus_Evidence/evidence/FOCUS-BB6/kernel/Chunk02.lean,Busy Beaver,4271,"Email supplement received 06:19:17 CEST, after cutoff; distinct from on-time PDF | email ZIP",https://mail.google.com/mail/u/0/#all/1a0fffd2419ec392,,contestants/E02/13-archives/Math_Competition_Completed_Results_Submission_Bundle.zip,Math_Competition_Completed_Results_Submission/Focus_Evidence/evidence/FOCUS-BB6/kernel/Chunk02.lean,,046eaba9,Filename/path inference; editable in the app
349592,Focus_Evidence/evidence/FOCUS-BB6/kernel/Chunk03.lean,Busy Beaver,4940,"Email supplement received 06:19:17 CEST, after cutoff; distinct from on-time PDF | email ZIP",https://mail.google.com/mail/u/0/#all/1a0fffd2419ec392,,contestants/E02/13-archives/Math_Competition_Completed_Results_Submission_Bundle.zip,Math_Competition_Completed_Results_Submission/Focus_Evidence/evidence/FOCUS-BB6/kernel/Chunk03.lean,,8a030a8a,Filename/path inference; editable in the app
349594,Focus_Evidence/evidence/FOCUS-BB6/kernel/Chunk04.lean,Busy Beaver,5112,"Email supplement received 06:19:17 CEST, after cutoff; distinct from on-time PDF | email ZIP",https://mail.google.com/mail/u/0/#all/1a0fffd2419ec392,,contestants/E02/13-archives/Math_Competition_Completed_Results_Submission_Bundle.zip,Math_Competition_Completed_Results_Submission/Focus_Evidence/evidence/FOCUS-BB6/kernel/Chunk04.lean,,bae64bd9,Filename/path inference; editable in the app
349596,Focus_Evidence/evidence/FOCUS-BB6/kernel/Chunk05.lean,Busy Beaver,5783,"Email supplement received 06:19:17 CEST, after cutoff; distinct from on-time PDF | email ZIP",https://mail.google.com/mail/u/0/#all/1a0fffd2419ec392,,contestants/E02/13-archives/Math_Competition_Completed_Results_Submission_Bundle.zip,Math_Competition_Completed_Results_Submission/Focus_Evidence/evidence/FOCUS-BB6/kernel/Chunk05.lean,,c5cfd3b7,Filename/path inference; editable in the app
349598,Focus_Evidence/evidence/FOCUS-BB6/kernel/Chunk06.lean,Busy Beaver,6062,"Email supplement received 06:19:17 CEST, after cutoff; distinct from on-time PDF | email ZIP",https://mail.google.com/mail/u/0/#all/1a0fffd2419ec392,,contestants/E02/13-archives/Math_Competition_Completed_Results_Submission_Bundle.zip,Math_Competition_Completed_Results_Submission/Focus_Evidence/evidence/FOCUS-BB6/kernel/Chunk06.lean,,802b0910,Filename/path inference; editable in the app
349600,Focus_Evidence/evidence/FOCUS-BB6/kernel/Chunk07.lean,Busy Beaver,6250,"Email supplement received 06:19:17 CEST, after cutoff; distinct from on-time PDF | email ZIP",https://mail.google.com/mail/u/0/#all/1a0fffd2419ec392,,contestants/E02/13-archives/Math_Competition_Completed_Results_Submission_Bundle.zip,Math_Competition_Completed_Results_Submission/Focus_Evidence/evidence/FOCUS-BB6/kernel/Chunk07.lean,,638157cc,Filename/path inference; editable in the app
349602,Focus_Evidence/evidence/FOCUS-BB6/kernel/Chunk08.lean,Busy Beaver,6693,"Email supplement received 06:19:17 CEST, after cutoff; distinct from on-time PDF | email ZIP",https://mail.google.com/mail/u/0/#all/1a0fffd2419ec392,,contestants/E02/13-archives/Math_Competition_Completed_Results_Submission_Bundle.zip,Math_Competition_Completed_Results_Submission/Focus_Evidence/evidence/FOCUS-BB6/kernel/Chunk08.lean,,2d4256a7,Filename/path inference; editable in the app
349604,Focus_Evidence/evidence/FOCUS-BB6/kernel/Chunk09.lean,Busy Beaver,7460,"Email supplement received 06:19:17 CEST, after cutoff; distinct from on-time PDF | email ZIP",https://mail.google.com/mail/u/0/#all/1a0fffd2419ec392,,contestants/E02/13-archives/Math_Competition_Completed_Results_Submission_Bundle.zip,Math_Competition_Completed_Results_Submission/Focus_Evidence/evidence/FOCUS-BB6/kernel/Chunk09.lean,,ee8f7a43,Filename/path inference; editable in the app
349606,Focus_Evidence/evidence/FOCUS-BB6/kernel/Chunk10.lean,Busy Beaver,7630,"Email supplement received 06:19:17 CEST, after cutoff; distinct from on-time PDF | email ZIP",https://mail.google.com/mail/u/0/#all/1a0fffd2419ec392,,contestants/E02/13-archives/Math_Competition_Completed_Results_Submission_Bundle.zip,Math_Competition_Completed_Results_Submission/Focus_Evidence/evidence/FOCUS-BB6/kernel/Chunk10.lean,,17c54952,Filename/path inference; editable in the app
349608,Focus_Evidence/evidence/FOCUS-BB6/kernel/Chunk100.lean,Busy Beaver,41059,"Email supplement received 06:19:17 CEST, after cutoff; distinct from on-time PDF | email ZIP",https://mail.google.com/mail/u/0/#all/1a0fffd2419ec392,,contestants/E02/13-archives/Math_Competition_Completed_Results_Submission_Bundle.zip,Math_Competition_Completed_Results_Submission/Focus_Evidence/evidence/FOCUS-BB6/kernel/Chunk100.lean,,a3fd516b,Filename/path inference; editable in the app
349610,Focus_Evidence/evidence/FOCUS-BB6/kernel/Chunk101.lean,Busy Beaver,41219,"Email supplement received 06:19:17 CEST, after cutoff; distinct from on-time PDF | email ZIP",https://mail.google.com/mail/u/0/#all/1a0fffd2419ec392,,contestants/E02/13-archives/Math_Competition_Completed_Results_Submission_Bundle.zip,Math_Competition_Completed_Results_Submission/Focus_Evidence/evidence/FOCUS-BB6/kernel/Chunk101.lean,,6f55eab2,Filename/path inference; editable in the app
349612,Focus_Evidence/evidence/FOCUS-BB6/kernel/Chunk102.lean,Busy Beaver,41463,"Email supplement received 06:19:17 CEST, after cutoff; distinct from on-time PDF | email ZIP",https://mail.google.com/mail/u/0/#all/1a0fffd2419ec392,,contestants/E02/13-archives/Math_Competition_Completed_Results_Submission_Bundle.zip,Math_Competition_Completed_Results_Submission/Focus_Evidence/evidence/FOCUS-BB6/kernel/Chunk102.lean,,31298ac7,Filename/path inference; editable in the app
349614,Focus_Evidence/evidence/FOCUS-BB6/kernel/Chunk103.lean,Busy Beaver,41631,"Email supplement received 06:19:17 CEST, after cutoff; distinct from on-time PDF | email ZIP",https://mail.google.com/mail/u/0/#all/1a0fffd2419ec392,,contestants/E02/13-archives/Math_Competition_Completed_Results_Submission_Bundle.zip,Math_Competition_Completed_Results_Submission/Focus_Evidence/evidence/FOCUS-BB6/kernel/Chunk103.lean,,432969c3,Filename/path inference; editable in the app
349616,Focus_Evidence/evidence/FOCUS-BB6/kernel/Chunk104.lean,Busy Beaver,41792,"Email supplement received 06:19:17 CEST, after cutoff; distinct from on-time PDF | email ZIP",https://mail.google.com/mail/u/0/#all/1a0fffd2419ec392,,contestants/E02/13-archives/Math_Competition_Completed_Results_Submission_Bundle.zip,Math_Competition_Completed_Results_Submission/Focus_Evidence/evidence/FOCUS-BB6/kernel/Chunk104.lean,,2edb22bb,Filename/path inference; editable in the app
349618,Focus_Evidence/evidence/FOCUS-BB6/kernel/Chunk105.lean,Busy Beaver,41954,"Email supplement received 06:19:17 CEST, after cutoff; distinct from on-time PDF | email ZIP",https://mail.google.com/mail/u/0/#all/1a0fffd2419ec392,,contestants/E02/13-archives/Math_Competition_Completed_Results_Submission_Bundle.zip,Math_Competition_Completed_Results_Submission/Focus_Evidence/evidence/FOCUS-BB6/kernel/Chunk105.lean,,93142df5,Filename/path inference; editable in the app
349620,Focus_Evidence/evidence/FOCUS-BB6/kernel/Chunk106.lean,Busy Beaver,42121,"Email supplement received 06:19:17 CEST, after cutoff; distinct from on-time PDF | email ZIP",https://mail.google.com/mail/u/0/#all/1a0fffd2419ec392,,contestants/E02/13-archives/Math_Competition_Completed_Results_Submission_Bundle.zip,Math_Competition_Completed_Results_Submission/Focus_Evidence/evidence/FOCUS-BB6/kernel/Chunk106.lean,,db9d8e93,Filename/path inference; editable in the app
349622,Focus_Evidence/evidence/FOCUS-BB6/kernel/Chunk107.lean,Busy Beaver,42284,"Email supplement received 06:19:17 CEST, after cutoff; distinct from on-time PDF | email ZIP",https://mail.google.com/mail/u/0/#all/1a0fffd2419ec392,,contestants/E02/13-archives/Math_Competition_Completed_Results_Submission_Bundle.zip,Math_Competition_Completed_Results_Submission/Focus_Evidence/evidence/FOCUS-BB6/kernel/Chunk107.lean,,44ddf8b5,Filename/path inference; editable in the app
349624,Focus_Evidence/evidence/FOCUS-BB6/kernel/Chunk108.lean,Busy Beaver,42450,"Email supplement received 06:19:17 CEST, after cutoff; distinct from on-time PDF | email ZIP",https://mail.google.com/mail/u/0/#all/1a0fffd2419ec392,,contestants/E02/13-archives/Math_Competition_Completed_Results_Submission_Bundle.zip,Math_Competition_Completed_Results_Submission/Focus_Evidence/evidence/FOCUS-BB6/kernel/Chunk108.lean,,3d2cd1fd,Filename/path inference; editable in the app
349626,Focus_Evidence/evidence/FOCUS-BB6/kernel/Chunk109.lean,Busy Beaver,42619,"Email supplement received 06:19:17 CEST, after cutoff; distinct from on-time PDF | email ZIP",https://mail.google.com/mail/u/0/#all/1a0fffd2419ec392,,contestants/E02/13-archives/Math_Competition_Completed_Results_Submission_Bundle.zip,Math_Competition_Completed_Results_Submission/Focus_Evidence/evidence/FOCUS-BB6/kernel/Chunk109.lean,,fc0ae2fc,Filename/path inference; editable in the app
349628,Focus_Evidence/evidence/FOCUS-BB6/kernel/Chunk11.lean,Busy Beaver,7819,"Email supplement received 06:19:17 CEST, after cutoff; distinct from on-time PDF | email ZIP",https://mail.google.com/mail/u/0/#all/1a0fffd2419ec392,,contestants/E02/13-archives/Math_Competition_Completed_Results_Submission_Bundle.zip,Math_Competition_Completed_Results_Submission/Focus_Evidence/evidence/FOCUS-BB6/kernel/Chunk11.lean,,2eb5ea31,Filename/path inference; editable in the app
349630,Focus_Evidence/evidence/FOCUS-BB6/kernel/Chunk110.lean,Busy Beaver,42777,"Email supplement received 06:19:17 CEST, after cutoff; distinct from on-time PDF | email ZIP",https://mail.google.com/mail/u/0/#all/1a0fffd2419ec392,,contestants/E02/13-archives/Math_Competition_Completed_Results_Submission_Bundle.zip,Math_Competition_Completed_Results_Submission/Focus_Evidence/evidence/FOCUS-BB6/kernel/Chunk110.lean,,e8af937f,Filename/path inference; editable in the app
349632,Focus_Evidence/evidence/FOCUS-BB6/kernel/Chunk111.lean,Busy Beaver,42943,"Email supplement received 06:19:17 CEST, after cutoff; distinct from on-time PDF | email ZIP",https://mail.google.com/mail/u/0/#all/1a0fffd2419ec392,,contestants/E02/13-archives/Math_Competition_Completed_Results_Submission_Bundle.zip,Math_Competition_Completed_Results_Submission/Focus_Evidence/evidence/FOCUS-BB6/kernel/Chunk111.lean,,e7308436,Filename/path inference; editable in the app
349634,Focus_Evidence/evidence/FOCUS-BB6/kernel/Chunk112.lean,Busy Beaver,43106,"Email supplement received 06:19:17 CEST, after cutoff; distinct from on-time PDF | email ZIP",https://mail.google.com/mail/u/0/#all/1a0fffd2419ec392,,contestants/E02/13-archives/Math_Competition_Completed_Results_Submission_Bundle.zip,Math_Competition_Completed_Results_Submission/Focus_Evidence/evidence/FOCUS-BB6/kernel/Chunk112.lean,,01b529d0,Filename/path inference; editable in the app
349636,Focus_Evidence/evidence/FOCUS-BB6/kernel/Chunk113.lean,Busy Beaver,43268,"Email supplement received 06:19:17 CEST, after cutoff; distinct from on-time PDF | email ZIP",https://mail.google.com/mail/u/0/#all/1a0fffd2419ec392,,contestants/E02/13-archives/Math_Competition_Completed_Results_Submission_Bundle.zip,Math_Competition_Completed_Results_Submission/Focus_Evidence/evidence/FOCUS-BB6/kernel/Chunk113.lean,,5f0cef70,Filename/path inference; editable in the app
349638,Focus_Evidence/evidence/FOCUS-BB6/kernel/Chunk114.lean,Busy Beaver,43433,"Email supplement received 06:19:17 CEST, after cutoff; distinct from on-time PDF | email ZIP",https://mail.google.com/mail/u/0/#all/1a0fffd2419ec392,,contestants/E02/13-archives/Math_Competition_Completed_Results_Submission_Bundle.zip,Math_Competition_Completed_Results_Submission/Focus_Evidence/evidence/FOCUS-BB6/kernel/Chunk114.lean,,9d0cfd5b,Filename/path inference; editable in the app
349640,Focus_Evidence/evidence/FOCUS-BB6/kernel/Chunk115.lean,Busy Beaver,43598,"Email supplement received 06:19:17 CEST, after cutoff; distinct from on-time PDF | email ZIP",https://mail.google.com/mail/u/0/#all/1a0fffd2419ec392,,contestants/E02/13-archives/Math_Competition_Completed_Results_Submission_Bundle.zip,Math_Competition_Completed_Results_Submission/Focus_Evidence/evidence/FOCUS-BB6/kernel/Chunk115.lean,,863a7568,Filename/path inference; editable in the app
349642,Focus_Evidence/evidence/FOCUS-BB6/kernel/Chunk116.lean,Busy Beaver,43760,"Email supplement received 06:19:17 CEST, after cutoff; distinct from on-time PDF | email ZIP",https://mail.google.com/mail/u/0/#all/1a0fffd2419ec392,,contestants/E02/13-archives/Math_Competition_Completed_Results_Submission_Bundle.zip,Math_Competition_Completed_Results_Submission/Focus_Evidence/evidence/FOCUS-BB6/kernel/Chunk116.lean,,3daff019,Filename/path inference; editable in the app
349644,Focus_Evidence/evidence/FOCUS-BB6/kernel/Chunk117.lean,Busy Beaver,43925,"Email supplement received 06:19:17 CEST, after cutoff; distinct from on-time PDF | email ZIP",https://mail.google.com/mail/u/0/#all/1a0fffd2419ec392,,contestants/E02/13-archives/Math_Competition_Completed_Results_Submission_Bundle.zip,Math_Competition_Completed_Results_Submission/Focus_Evidence/evidence/FOCUS-BB6/kernel/Chunk117.lean,,ac003ea6,Filename/path inference; editable in the app
349646,Focus_Evidence/evidence/FOCUS-BB6/kernel/Chunk118.lean,Busy Beaver,44091,"Email supplement received 06:19:17 CEST, after cutoff; distinct from on-time PDF | email ZIP",https://mail.google.com/mail/u/0/#all/1a0fffd2419ec392,,contestants/E02/13-archives/Math_Competition_Completed_Results_Submission_Bundle.zip,Math_Competition_Completed_Results_Submission/Focus_Evidence/evidence/FOCUS-BB6/kernel/Chunk118.lean,,f0b3c0fa,Filename/path inference; editable in the app
349648,Focus_Evidence/evidence/FOCUS-BB6/kernel/Chunk119.lean,Busy Beaver,44248,"Email supplement received 06:19:17 CEST, after cutoff; distinct from on-time PDF | email ZIP",https://mail.google.com/mail/u/0/#all/1a0fffd2419ec392,,contestants/E02/13-archives/Math_Competition_Completed_Results_Submission_Bundle.zip,Math_Competition_Completed_Results_Submission/Focus_Evidence/evidence/FOCUS-BB6/kernel/Chunk119.lean,,0e3444e8,Filename/path inference; editable in the app
349650,Focus_Evidence/evidence/FOCUS-BB6/kernel/Chunk12.lean,Busy Beaver,7987,"Email supplement received 06:19:17 CEST, after cutoff; distinct from on-time PDF | email ZIP",https://mail.google.com/mail/u/0/#all/1a0fffd2419ec392,,contestants/E02/13-archives/Math_Competition_Completed_Results_Submission_Bundle.zip,Math_Competition_Completed_Results_Submission/Focus_Evidence/evidence/FOCUS-BB6/kernel/Chunk12.lean,,fd6b0bb3,Filename/path inference; editable in the app
349652,Focus_Evidence/evidence/FOCUS-BB6/kernel/Chunk120.lean,Busy Beaver,44419,"Email supplement received 06:19:17 CEST, after cutoff; distinct from on-time PDF | email ZIP",https://mail.google.com/mail/u/0/#all/1a0fffd2419ec392,,contestants/E02/13-archives/Math_Competition_Completed_Results_Submission_Bundle.zip,Math_Competition_Completed_Results_Submission/Focus_Evidence/evidence/FOCUS-BB6/kernel/Chunk120.lean,,d4098050,Filename/path inference; editable in the app
349654,Focus_Evidence/evidence/FOCUS-BB6/kernel/Chunk121.lean,Busy Beaver,44579,"Email supplement received 06:19:17 CEST, after cutoff; distinct from on-time PDF | email ZIP",https://mail.google.com/mail/u/0/#all/1a0fffd2419ec392,,contestants/E02/13-archives/Math_Competition_Completed_Results_Submission_Bundle.zip,Math_Competition_Completed_Results_Submission/Focus_Evidence/evidence/FOCUS-BB6/kernel/Chunk121.lean,,ff94f661,Filename/path inference; editable in the app
349656,Focus_Evidence/evidence/FOCUS-BB6/kernel/Chunk122.lean,Busy Beaver,44745,"Email supplement received 06:19:17 CEST, after cutoff; distinct from on-time PDF | email ZIP",https://mail.google.com/mail/u/0/#all/1a0fffd2419ec392,,contestants/E02/13-archives/Math_Competition_Completed_Results_Submission_Bundle.zip,Math_Competition_Completed_Results_Submission/Focus_Evidence/evidence/FOCUS-BB6/kernel/Chunk122.lean,,006b3b33,Filename/path inference; editable in the app
349658,Focus_Evidence/evidence/FOCUS-BB6/kernel/Chunk123.lean,Busy Beaver,19030,"Email supplement received 06:19:17 CEST, after cutoff; distinct from on-time PDF | email ZIP",https://mail.google.com/mail/u/0/#all/1a0fffd2419ec392,,contestants/E02/13-archives/Math_Competition_Completed_Results_Submission_Bundle.zip,Math_Competition_Completed_Results_Submission/Focus_Evidence/evidence/FOCUS-BB6/kernel/Chunk123.lean,,b1eff1b9,Filename/path inference; editable in the app
349660,Focus_Evidence/evidence/FOCUS-BB6/kernel/Chunk13.lean,Busy Beaver,8150,"Email supplement received 06:19:17 CEST, after cutoff; distinct from on-time PDF | email ZIP",https://mail.google.com/mail/u/0/#all/1a0fffd2419ec392,,contestants/E02/13-archives/Math_Competition_Completed_Results_Submission_Bundle.zip,Math_Competition_Completed_Results_Submission/Focus_Evidence/evidence/FOCUS-BB6/kernel/Chunk13.lean,,7b16f1ac,Filename/path inference; editable in the app
349662,Focus_Evidence/evidence/FOCUS-BB6/kernel/Chunk14.lean,Busy Beaver,9487,"Email supplement received 06:19:17 CEST, after cutoff; distinct from on-time PDF | email ZIP",https://mail.google.com/mail/u/0/#all/1a0fffd2419ec392,,contestants/E02/13-archives/Math_Competition_Completed_Results_Submission_Bundle.zip,Math_Competition_Completed_Results_Submission/Focus_Evidence/evidence/FOCUS-BB6/kernel/Chunk14.lean,,5fdae451,Filename/path inference; editable in the app
349664,Focus_Evidence/evidence/FOCUS-BB6/kernel/Chunk15.lean,Busy Beaver,9724,"Email supplement received 06:19:17 CEST, after cutoff; distinct from on-time PDF | email ZIP",https://mail.google.com/mail/u/0/#all/1a0fffd2419ec392,,contestants/E02/13-archives/Math_Competition_Completed_Results_Submission_Bundle.zip,Math_Competition_Completed_Results_Submission/Focus_Evidence/evidence/FOCUS-BB6/kernel/Chunk15.lean,,c7e2bef9,Filename/path inference; editable in the app
349666,Focus_Evidence/evidence/FOCUS-BB6/kernel/Chunk16.lean,Busy Beaver,9918,"Email supplement received 06:19:17 CEST, after cutoff; distinct from on-time PDF | email ZIP",https://mail.google.com/mail/u/0/#all/1a0fffd2419ec392,,contestants/E02/13-archives/Math_Competition_Completed_Results_Submission_Bundle.zip,Math_Competition_Completed_Results_Submission/Focus_Evidence/evidence/FOCUS-BB6/kernel/Chunk16.lean,,70bd358d,Filename/path inference; editable in the app
349668,Focus_Evidence/evidence/FOCUS-BB6/kernel/Chunk17.lean,Busy Beaver,10084,"Email supplement received 06:19:17 CEST, after cutoff; distinct from on-time PDF | email ZIP",https://mail.google.com/mail/u/0/#all/1a0fffd2419ec392,,contestants/E02/13-archives/Math_Competition_Completed_Results_Submission_Bundle.zip,Math_Competition_Completed_Results_Submission/Focus_Evidence/evidence/FOCUS-BB6/kernel/Chunk17.lean,,a2a2190d,Filename/path inference; editable in the app
349670,Focus_Evidence/evidence/FOCUS-BB6/kernel/Chunk18.lean,Kobon triangles,10250,"Email supplement received 06:19:17 CEST, after cutoff; distinct from on-time PDF | email ZIP",https://mail.google.com/mail/u/0/#all/1a0fffd2419ec392,,contestants/E02/13-archives/Math_Competition_Completed_Results_Submission_Bundle.zip,Math_Competition_Completed_Results_Submission/Focus_Evidence/evidence/FOCUS-BB6/kernel/Chunk18.lean,,f0467294,Filename/path inference; editable in the app
349672,Focus_Evidence/evidence/FOCUS-BB6/kernel/Chunk19.lean,Busy Beaver,10412,"Email supplement received 06:19:17 CEST, after cutoff; distinct from on-time PDF | email ZIP",https://mail.google.com/mail/u/0/#all/1a0fffd2419ec392,,contestants/E02/13-archives/Math_Competition_Completed_Results_Submission_Bundle.zip,Math_Competition_Completed_Results_Submission/Focus_Evidence/evidence/FOCUS-BB6/kernel/Chunk19.lean,,e0638a81,Filename/path inference; editable in the app
349674,Focus_Evidence/evidence/FOCUS-BB6/kernel/Chunk20.lean,Busy Beaver,10583,"Email supplement received 06:19:17 CEST, after cutoff; distinct from on-time PDF | email ZIP",https://mail.google.com/mail/u/0/#all/1a0fffd2419ec392,,contestants/E02/13-archives/Math_Competition_Completed_Results_Submission_Bundle.zip,Math_Competition_Completed_Results_Submission/Focus_Evidence/evidence/FOCUS-BB6/kernel/Chunk20.lean,,3ab9e234,Filename/path inference; editable in the app
349676,Focus_Evidence/evidence/FOCUS-BB6/kernel/Chunk21.lean,Busy Beaver,10737,"Email supplement received 06:19:17 CEST, after cutoff; distinct from on-time PDF | email ZIP",https://mail.google.com/mail/u/0/#all/1a0fffd2419ec392,,contestants/E02/13-archives/Math_Competition_Completed_Results_Submission_Bundle.zip,Math_Competition_Completed_Results_Submission/Focus_Evidence/evidence/FOCUS-BB6/kernel/Chunk21.lean,,85e24abe,Filename/path inference; editable in the app
349678,Focus_Evidence/evidence/FOCUS-BB6/kernel/Chunk22.lean,Busy Beaver,12664,"Email supplement received 06:19:17 CEST, after cutoff; distinct from on-time PDF | email ZIP",https://mail.google.com/mail/u/0/#all/1a0fffd2419ec392,,contestants/E02/13-archives/Math_Competition_Completed_Results_Submission_Bundle.zip,Math_Competition_Completed_Results_Submission/Focus_Evidence/evidence/FOCUS-BB6/kernel/Chunk22.lean,,834b4432,Filename/path inference; editable in the app
349680,Focus_Evidence/evidence/FOCUS-BB6/kernel/Chunk23.lean,Busy Beaver,13081,"Email supplement received 06:19:17 CEST, after cutoff; distinct from on-time PDF | email ZIP",https://mail.google.com/mail/u/0/#all/1a0fffd2419ec392,,contestants/E02/13-archives/Math_Competition_Completed_Results_Submission_Bundle.zip,Math_Competition_Completed_Results_Submission/Focus_Evidence/evidence/FOCUS-BB6/kernel/Chunk23.lean,,dbfb34b3,Filename/path inference; editable in the app
349682,Focus_Evidence/evidence/FOCUS-BB6/kernel/Chunk24.lean,Busy Beaver,13273,"Email supplement received 06:19:17 CEST, after cutoff; distinct from on-time PDF | email ZIP",https://mail.google.com/mail/u/0/#all/1a0fffd2419ec392,,contestants/E02/13-archives/Math_Competition_Completed_Results_Submission_Bundle.zip,Math_Competition_Completed_Results_Submission/Focus_Evidence/evidence/FOCUS-BB6/kernel/Chunk24.lean,,d3c33fc8,Filename/path inference; editable in the app
349684,Focus_Evidence/evidence/FOCUS-BB6/kernel/Chunk25.lean,Busy Beaver,13445,"Email supplement received 06:19:17 CEST, after cutoff; distinct from on-time PDF | email ZIP",https://mail.google.com/mail/u/0/#all/1a0fffd2419ec392,,contestants/E02/13-archives/Math_Competition_Completed_Results_Submission_Bundle.zip,Math_Competition_Completed_Results_Submission/Focus_Evidence/evidence/FOCUS-BB6/kernel/Chunk25.lean,,79718e1e,Filename/path inference; editable in the app
349686,Focus_Evidence/evidence/FOCUS-BB6/kernel/Chunk26.lean,Busy Beaver,13605,"Email supplement received 06:19:17 CEST, after cutoff; distinct from on-time PDF | email ZIP",https://mail.google.com/mail/u/0/#all/1a0fffd2419ec392,,contestants/E02/13-archives/Math_Competition_Completed_Results_Submission_Bundle.zip,Math_Competition_Completed_Results_Submission/Focus_Evidence/evidence/FOCUS-BB6/kernel/Chunk26.lean,,7efee09d,Filename/path inference; editable in the app
349688,Focus_Evidence/evidence/FOCUS-BB6/kernel/Chunk27.lean,Busy Beaver,13769,"Email supplement received 06:19:17 CEST, after cutoff; distinct from on-time PDF | email ZIP",https://mail.google.com/mail/u/0/#all/1a0fffd2419ec392,,contestants/E02/13-archives/Math_Competition_Completed_Results_Submission_Bundle.zip,Math_Competition_Completed_Results_Submission/Focus_Evidence/evidence/FOCUS-BB6/kernel/Chunk27.lean,,c9344045,Filename/path inference; editable in the app
349690,Focus_Evidence/evidence/FOCUS-BB6/kernel/Chunk28.lean,Busy Beaver,13934,"Email supplement received 06:19:17 CEST, after cutoff; distinct from on-time PDF | email ZIP",https://mail.google.com/mail/u/0/#all/1a0fffd2419ec392,,contestants/E02/13-archives/Math_Competition_Completed_Results_Submission_Bundle.zip,Math_Competition_Completed_Results_Submission/Focus_Evidence/evidence/FOCUS-BB6/kernel/Chunk28.lean,,85207014,Filename/path inference; editable in the app
349692,Focus_Evidence/evidence/FOCUS-BB6/kernel/Chunk29.lean,Busy Beaver,14096,"Email supplement received 06:19:17 CEST, after cutoff; distinct from on-time PDF | email ZIP",https://mail.google.com/mail/u/0/#all/1a0fffd2419ec392,,contestants/E02/13-archives/Math_Competition_Completed_Results_Submission_Bundle.zip,Math_Competition_Completed_Results_Submission/Focus_Evidence/evidence/FOCUS-BB6/kernel/Chunk29.lean,,16a37228,Filename/path inference; editable in the app
349694,Focus_Evidence/evidence/FOCUS-BB6/kernel/Chunk30.lean,Busy Beaver,14262,"Email supplement received 06:19:17 CEST, after cutoff; distinct from on-time PDF | email ZIP",https://mail.google.com/mail/u/0/#all/1a0fffd2419ec392,,contestants/E02/13-archives/Math_Competition_Completed_Results_Submission_Bundle.zip,Math_Competition_Completed_Results_Submission/Focus_Evidence/evidence/FOCUS-BB6/kernel/Chunk30.lean,,f96edc6d,Filename/path inference; editable in the app
349696,Focus_Evidence/evidence/FOCUS-BB6/kernel/Chunk31.lean,Busy Beaver,14470,"Email supplement received 06:19:17 CEST, after cutoff; distinct from on-time PDF | email ZIP",https://mail.google.com/mail/u/0/#all/1a0fffd2419ec392,,contestants/E02/13-archives/Math_Competition_Completed_Results_Submission_Bundle.zip,Math_Competition_Completed_Results_Submission/Focus_Evidence/evidence/FOCUS-BB6/kernel/Chunk31.lean,,598853f3,Filename/path inference; editable in the app
349698,Focus_Evidence/evidence/FOCUS-BB6/kernel/Chunk32.lean,Busy Beaver,14652,"Email supplement received 06:19:17 CEST, after cutoff; distinct from on-time PDF | email ZIP",https://mail.google.com/mail/u/0/#all/1a0fffd2419ec392,,contestants/E02/13-archives/Math_Competition_Completed_Results_Submission_Bundle.zip,Math_Competition_Completed_Results_Submission/Focus_Evidence/evidence/FOCUS-BB6/kernel/Chunk32.lean,,508f045e,Filename/path inference; editable in the app
349700,Focus_Evidence/evidence/FOCUS-BB6/kernel/Chunk33.lean,Busy Beaver,14817,"Email supplement received 06:19:17 CEST, after cutoff; distinct from on-time PDF | email ZIP",https://mail.google.com/mail/u/0/#all/1a0fffd2419ec392,,contestants/E02/13-archives/Math_Competition_Completed_Results_Submission_Bundle.zip,Math_Competition_Completed_Results_Submission/Focus_Evidence/evidence/FOCUS-BB6/kernel/Chunk33.lean,,55b9c9fd,Filename/path inference; editable in the app
349702,Focus_Evidence/evidence/FOCUS-BB6/kernel/Chunk34.lean,Busy Beaver,16413,"Email supplement received 06:19:17 CEST, after cutoff; distinct from on-time PDF | email ZIP",https://mail.google.com/mail/u/0/#all/1a0fffd2419ec392,,contestants/E02/13-archives/Math_Competition_Completed_Results_Submission_Bundle.zip,Math_Competition_Completed_Results_Submission/Focus_Evidence/evidence/FOCUS-BB6/kernel/Chunk34.lean,,c6954998,Filename/path inference; editable in the app
349704,Focus_Evidence/evidence/FOCUS-BB6/kernel/Chunk35.lean,Busy Beaver,18013,"Email supplement received 06:19:17 CEST, after cutoff; distinct from on-time PDF | email ZIP",https://mail.google.com/mail/u/0/#all/1a0fffd2419ec392,,contestants/E02/13-archives/Math_Competition_Completed_Results_Submission_Bundle.zip,Math_Competition_Completed_Results_Submission/Focus_Evidence/evidence/FOCUS-BB6/kernel/Chunk35.lean,,860c70c5,Filename/path inference; editable in the app
349706,Focus_Evidence/evidence/FOCUS-BB6/kernel/Chunk36.lean,Busy Beaver,18192,"Email supplement received 06:19:17 CEST, after cutoff; distinct from on-time PDF | email ZIP",https://mail.google.com/mail/u/0/#all/1a0fffd2419ec392,,contestants/E02/13-archives/Math_Competition_Completed_Results_Submission_Bundle.zip,Math_Competition_Completed_Results_Submission/Focus_Evidence/evidence/FOCUS-BB6/kernel/Chunk36.lean,,d6052b8b,Filename/path inference; editable in the app
349708,Focus_Evidence/evidence/FOCUS-BB6/kernel/Chunk37.lean,Busy Beaver,18372,"Email supplement received 06:19:17 CEST, after cutoff; distinct from on-time PDF | email ZIP",https://mail.google.com/mail/u/0/#all/1a0fffd2419ec392,,contestants/E02/13-archives/Math_Competition_Completed_Results_Submission_Bundle.zip,Math_Competition_Completed_Results_Submission/Focus_Evidence/evidence/FOCUS-BB6/kernel/Chunk37.lean,,003f4a5c,Filename/path inference; editable in the app
349710,Focus_Evidence/evidence/FOCUS-BB6/kernel/Chunk38.lean,Busy Beaver,18536,"Email supplement received 06:19:17 CEST, after cutoff; distinct from on-time PDF | email ZIP",https://mail.google.com/mail/u/0/#all/1a0fffd2419ec392,,contestants/E02/13-archives/Math_Competition_Completed_Results_Submission_Bundle.zip,Math_Competition_Completed_Results_Submission/Focus_Evidence/evidence/FOCUS-BB6/kernel/Chunk38.lean,,d6f32078,Filename/path inference; editable in the app
349712,Focus_Evidence/evidence/FOCUS-BB6/kernel/Chunk39.lean,Busy Beaver,18701,"Email supplement received 06:19:17 CEST, after cutoff; distinct from on-time PDF | email ZIP",https://mail.google.com/mail/u/0/#all/1a0fffd2419ec392,,contestants/E02/13-archives/Math_Competition_Completed_Results_Submission_Bundle.zip,Math_Competition_Completed_Results_Submission/Focus_Evidence/evidence/FOCUS-BB6/kernel/Chunk39.lean,,62139614,Filename/path inference; editable in the app
349714,Focus_Evidence/evidence/FOCUS-BB6/kernel/Chunk40.lean,Busy Beaver,18863,"Email supplement received 06:19:17 CEST, after cutoff; distinct from on-time PDF | email ZIP",https://mail.google.com/mail/u/0/#all/1a0fffd2419ec392,,contestants/E02/13-archives/Math_Competition_Completed_Results_Submission_Bundle.zip,Math_Competition_Completed_Results_Submission/Focus_Evidence/evidence/FOCUS-BB6/kernel/Chunk40.lean,,5c6ac3c2,Filename/path inference; editable in the app
349716,Focus_Evidence/evidence/FOCUS-BB6/kernel/Chunk41.lean,Busy Beaver,19027,"Email supplement received 06:19:17 CEST, after cutoff; distinct from on-time PDF | email ZIP",https://mail.google.com/mail/u/0/#all/1a0fffd2419ec392,,contestants/E02/13-archives/Math_Competition_Completed_Results_Submission_Bundle.zip,Math_Competition_Completed_Results_Submission/Focus_Evidence/evidence/FOCUS-BB6/kernel/Chunk41.lean,,d03a66f8,Filename/path inference; editable in the app
349718,Focus_Evidence/evidence/FOCUS-BB6/kernel/Chunk42.lean,Busy Beaver,19194,"Email supplement received 06:19:17 CEST, after cutoff; distinct from on-time PDF | email ZIP",https://mail.google.com/mail/u/0/#all/1a0fffd2419ec392,,contestants/E02/13-archives/Math_Competition_Completed_Results_Submission_Bundle.zip,Math_Competition_Completed_Results_Submission/Focus_Evidence/evidence/FOCUS-BB6/kernel/Chunk42.lean,,36e169a4,Filename/path inference; editable in the app
349720,Focus_Evidence/evidence/FOCUS-BB6/kernel/Chunk43.lean,Busy Beaver,19355,"Email supplement received 06:19:17 CEST, after cutoff; distinct from on-time PDF | email ZIP",https://mail.google.com/mail/u/0/#all/1a0fffd2419ec392,,contestants/E02/13-archives/Math_Competition_Completed_Results_Submission_Bundle.zip,Math_Competition_Completed_Results_Submission/Focus_Evidence/evidence/FOCUS-BB6/kernel/Chunk43.lean,,5b156a8e,Filename/path inference; editable in the app
349722,Focus_Evidence/evidence/FOCUS-BB6/kernel/Chunk44.lean,Busy Beaver,19517,"Email supplement received 06:19:17 CEST, after cutoff; distinct from on-time PDF | email ZIP",https://mail.google.com/mail/u/0/#all/1a0fffd2419ec392,,contestants/E02/13-archives/Math_Competition_Completed_Results_Submission_Bundle.zip,Math_Competition_Completed_Results_Submission/Focus_Evidence/evidence/FOCUS-BB6/kernel/Chunk44.lean,,79754866,Filename/path inference; editable in the app
349724,Focus_Evidence/evidence/FOCUS-BB6/kernel/Chunk45.lean,Busy Beaver,19682,"Email supplement received 06:19:17 CEST, after cutoff; distinct from on-time PDF | email ZIP",https://mail.google.com/mail/u/0/#all/1a0fffd2419ec392,,contestants/E02/13-archives/Math_Competition_Completed_Results_Submission_Bundle.zip,Math_Competition_Completed_Results_Submission/Focus_Evidence/evidence/FOCUS-BB6/kernel/Chunk45.lean,,190e76ec,Filename/path inference; editable in the app
349726,Focus_Evidence/evidence/FOCUS-BB6/kernel/Chunk46.lean,Busy Beaver,19846,"Email supplement received 06:19:17 CEST, after cutoff; distinct from on-time PDF | email ZIP",https://mail.google.com/mail/u/0/#all/1a0fffd2419ec392,,contestants/E02/13-archives/Math_Competition_Completed_Results_Submission_Bundle.zip,Math_Competition_Completed_Results_Submission/Focus_Evidence/evidence/FOCUS-BB6/kernel/Chunk46.lean,,86c32821,Filename/path inference; editable in the app
349728,Focus_Evidence/evidence/FOCUS-BB6/kernel/Chunk47.lean,Busy Beaver,20010,"Email supplement received 06:19:17 CEST, after cutoff; distinct from on-time PDF | email ZIP",https://mail.google.com/mail/u/0/#all/1a0fffd2419ec392,,contestants/E02/13-archives/Math_Competition_Completed_Results_Submission_Bundle.zip,Math_Competition_Completed_Results_Submission/Focus_Evidence/evidence/FOCUS-BB6/kernel/Chunk47.lean,,dcbce49c,Filename/path inference; editable in the app
349730,Focus_Evidence/evidence/FOCUS-BB6/kernel/Chunk48.lean,Busy Beaver,20177,"Email supplement received 06:19:17 CEST, after cutoff; distinct from on-time PDF | email ZIP",https://mail.google.com/mail/u/0/#all/1a0fffd2419ec392,,contestants/E02/13-archives/Math_Competition_Completed_Results_Submission_Bundle.zip,Math_Competition_Completed_Results_Submission/Focus_Evidence/evidence/FOCUS-BB6/kernel/Chunk48.lean,,42fbd6f0,Filename/path inference; editable in the app
349732,Focus_Evidence/evidence/FOCUS-BB6/kernel/Chunk49.lean,Busy Beaver,20337,"Email supplement received 06:19:17 CEST, after cutoff; distinct from on-time PDF | email ZIP",https://mail.google.com/mail/u/0/#all/1a0fffd2419ec392,,contestants/E02/13-archives/Math_Competition_Completed_Results_Submission_Bundle.zip,Math_Competition_Completed_Results_Submission/Focus_Evidence/evidence/FOCUS-BB6/kernel/Chunk49.lean,,0d68ba84,Filename/path inference; editable in the app
349734,Focus_Evidence/evidence/FOCUS-BB6/kernel/Chunk50.lean,Busy Beaver,20502,"Email supplement received 06:19:17 CEST, after cutoff; distinct from on-time PDF | email ZIP",https://mail.google.com/mail/u/0/#all/1a0fffd2419ec392,,contestants/E02/13-archives/Math_Competition_Completed_Results_Submission_Bundle.zip,Math_Competition_Completed_Results_Submission/Focus_Evidence/evidence/FOCUS-BB6/kernel/Chunk50.lean,,25738a40,Filename/path inference; editable in the app
349736,Focus_Evidence/evidence/FOCUS-BB6/kernel/Chunk51.lean,Busy Beaver,20668,"Email supplement received 06:19:17 CEST, after cutoff; distinct from on-time PDF | email ZIP",https://mail.google.com/mail/u/0/#all/1a0fffd2419ec392,,contestants/E02/13-archives/Math_Competition_Completed_Results_Submission_Bundle.zip,Math_Competition_Completed_Results_Submission/Focus_Evidence/evidence/FOCUS-BB6/kernel/Chunk51.lean,,c00208bd,Filename/path inference; editable in the app
349738,Focus_Evidence/evidence/FOCUS-BB6/kernel/Chunk52.lean,Busy Beaver,20829,"Email supplement received 06:19:17 CEST, after cutoff; distinct from on-time PDF | email ZIP",https://mail.google.com/mail/u/0/#all/1a0fffd2419ec392,,contestants/E02/13-archives/Math_Competition_Completed_Results_Submission_Bundle.zip,Math_Competition_Completed_Results_Submission/Focus_Evidence/evidence/FOCUS-BB6/kernel/Chunk52.lean,,f6f515ad,Filename/path inference; editable in the app
349740,Focus_Evidence/evidence/FOCUS-BB6/kernel/Chunk53.lean,Busy Beaver,25147,"Email supplement received 06:19:17 CEST, after cutoff; distinct from on-time PDF | email ZIP",https://mail.google.com/mail/u/0/#all/1a0fffd2419ec392,,contestants/E02/13-archives/Math_Competition_Completed_Results_Submission_Bundle.zip,Math_Competition_Completed_Results_Submission/Focus_Evidence/evidence/FOCUS-BB6/kernel/Chunk53.lean,,0ad9a751,Filename/path inference; editable in the app
349742,Focus_Evidence/evidence/FOCUS-BB6/kernel/Chunk54.lean,Busy Beaver,25601,"Email supplement received 06:19:17 CEST, after cutoff; distinct from on-time PDF | email ZIP",https://mail.google.com/mail/u/0/#all/1a0fffd2419ec392,,contestants/E02/13-archives/Math_Competition_Completed_Results_Submission_Bundle.zip,Math_Competition_Completed_Results_Submission/Focus_Evidence/evidence/FOCUS-BB6/kernel/Chunk54.lean,,bdbe3ee1,Filename/path inference; editable in the app
349744,Focus_Evidence/evidence/FOCUS-BB6/kernel/Chunk55.lean,Busy Beaver,25789,"Email supplement received 06:19:17 CEST, after cutoff; distinct from on-time PDF | email ZIP",https://mail.google.com/mail/u/0/#all/1a0fffd2419ec392,,contestants/E02/13-archives/Math_Competition_Completed_Results_Submission_Bundle.zip,Math_Competition_Completed_Results_Submission/Focus_Evidence/evidence/FOCUS-BB6/kernel/Chunk55.lean,,631f5954,Filename/path inference; editable in the app
349746,Focus_Evidence/evidence/FOCUS-BB6/kernel/Chunk56.lean,Busy Beaver,25956,"Email supplement received 06:19:17 CEST, after cutoff; distinct from on-time PDF | email ZIP",https://mail.google.com/mail/u/0/#all/1a0fffd2419ec392,,contestants/E02/13-archives/Math_Competition_Completed_Results_Submission_Bundle.zip,Math_Competition_Completed_Results_Submission/Focus_Evidence/evidence/FOCUS-BB6/kernel/Chunk56.lean,,c47f8d1c,Filename/path inference; editable in the app
349748,Focus_Evidence/evidence/FOCUS-BB6/kernel/Chunk57.lean,Busy Beaver,26124,"Email supplement received 06:19:17 CEST, after cutoff; distinct from on-time PDF | email ZIP",https://mail.google.com/mail/u/0/#all/1a0fffd2419ec392,,contestants/E02/13-archives/Math_Competition_Completed_Results_Submission_Bundle.zip,Math_Competition_Completed_Results_Submission/Focus_Evidence/evidence/FOCUS-BB6/kernel/Chunk57.lean,,769e0a39,Filename/path inference; editable in the app
349750,Focus_Evidence/evidence/FOCUS-BB6/kernel/Chunk58.lean,Busy Beaver,26284,"Email supplement received 06:19:17 CEST, after cutoff; distinct from on-time PDF | email ZIP",https://mail.google.com/mail/u/0/#all/1a0fffd2419ec392,,contestants/E02/13-archives/Math_Competition_Completed_Results_Submission_Bundle.zip,Math_Competition_Completed_Results_Submission/Focus_Evidence/evidence/FOCUS-BB6/kernel/Chunk58.lean,,378fde5a,Filename/path inference; editable in the app
349752,Focus_Evidence/evidence/FOCUS-BB6/kernel/Chunk59.lean,Busy Beaver,26450,"Email supplement received 06:19:17 CEST, after cutoff; distinct from on-time PDF | email ZIP",https://mail.google.com/mail/u/0/#all/1a0fffd2419ec392,,contestants/E02/13-archives/Math_Competition_Completed_Results_Submission_Bundle.zip,Math_Competition_Completed_Results_Submission/Focus_Evidence/evidence/FOCUS-BB6/kernel/Chunk59.lean,,406973f7,Filename/path inference; editable in the app
349754,Focus_Evidence/evidence/FOCUS-BB6/kernel/Chunk60.lean,Busy Beaver,26612,"Email supplement received 06:19:17 CEST, after cutoff; distinct from on-time PDF | email ZIP",https://mail.google.com/mail/u/0/#all/1a0fffd2419ec392,,contestants/E02/13-archives/Math_Competition_Completed_Results_Submission_Bundle.zip,Math_Competition_Completed_Results_Submission/Focus_Evidence/evidence/FOCUS-BB6/kernel/Chunk60.lean,,1a5e4ab7,Filename/path inference; editable in the app
349756,Focus_Evidence/evidence/FOCUS-BB6/kernel/Chunk61.lean,Busy Beaver,26779,"Email supplement received 06:19:17 CEST, after cutoff; distinct from on-time PDF | email ZIP",https://mail.google.com/mail/u/0/#all/1a0fffd2419ec392,,contestants/E02/13-archives/Math_Competition_Completed_Results_Submission_Bundle.zip,Math_Competition_Completed_Results_Submission/Focus_Evidence/evidence/FOCUS-BB6/kernel/Chunk61.lean,,58e606a7,Filename/path inference; editable in the app
349758,Focus_Evidence/evidence/FOCUS-BB6/kernel/Chunk62.lean,Busy Beaver,26939,"Email supplement received 06:19:17 CEST, after cutoff; distinct from on-time PDF | email ZIP",https://mail.google.com/mail/u/0/#all/1a0fffd2419ec392,,contestants/E02/13-archives/Math_Competition_Completed_Results_Submission_Bundle.zip,Math_Competition_Completed_Results_Submission/Focus_Evidence/evidence/FOCUS-BB6/kernel/Chunk62.lean,,f207d74b,Filename/path inference; editable in the app
349760,Focus_Evidence/evidence/FOCUS-BB6/kernel/Chunk63.lean,Busy Beaver,27105,"Email supplement received 06:19:17 CEST, after cutoff; distinct from on-time PDF | email ZIP",https://mail.google.com/mail/u/0/#all/1a0fffd2419ec392,,contestants/E02/13-archives/Math_Competition_Completed_Results_Submission_Bundle.zip,Math_Competition_Completed_Results_Submission/Focus_Evidence/evidence/FOCUS-BB6/kernel/Chunk63.lean,,dd2ee481,Filename/path inference; editable in the app
349762,Focus_Evidence/evidence/FOCUS-BB6/kernel/Chunk64.lean,Busy Beaver,28617,"Email supplement received 06:19:17 CEST, after cutoff; distinct from on-time PDF | email ZIP",https://mail.google.com/mail/u/0/#all/1a0fffd2419ec392,,contestants/E02/13-archives/Math_Competition_Completed_Results_Submission_Bundle.zip,Math_Competition_Completed_Results_Submission/Focus_Evidence/evidence/FOCUS-BB6/kernel/Chunk64.lean,,380c2034,Filename/path inference; editable in the app
349764,Focus_Evidence/evidence/FOCUS-BB6/kernel/Chunk65.lean,Busy Beaver,28780,"Email supplement received 06:19:17 CEST, after cutoff; distinct from on-time PDF | email ZIP",https://mail.google.com/mail/u/0/#all/1a0fffd2419ec392,,contestants/E02/13-archives/Math_Competition_Completed_Results_Submission_Bundle.zip,Math_Competition_Completed_Results_Submission/Focus_Evidence/evidence/FOCUS-BB6/kernel/Chunk65.lean,,c2227610,Filename/path inference; editable in the app
349766,Focus_Evidence/evidence/FOCUS-BB6/kernel/Chunk66.lean,Busy Beaver,28944,"Email supplement received 06:19:17 CEST, after cutoff; distinct from on-time PDF | email ZIP",https://mail.google.com/mail/u/0/#all/1a0fffd2419ec392,,contestants/E02/13-archives/Math_Competition_Completed_Results_Submission_Bundle.zip,Math_Competition_Completed_Results_Submission/Focus_Evidence/evidence/FOCUS-BB6/kernel/Chunk66.lean,,75ba0cde,Filename/path inference; editable in the app
349768,Focus_Evidence/evidence/FOCUS-BB6/kernel/Chunk67.lean,Busy Beaver,29111,"Email supplement received 06:19:17 CEST, after cutoff; distinct from on-time PDF | email ZIP",https://mail.google.com/mail/u/0/#all/1a0fffd2419ec392,,contestants/E02/13-archives/Math_Competition_Completed_Results_Submission_Bundle.zip,Math_Competition_Completed_Results_Submission/Focus_Evidence/evidence/FOCUS-BB6/kernel/Chunk67.lean,,87bb3913,Filename/path inference; editable in the app
349770,Focus_Evidence/evidence/FOCUS-BB6/kernel/Chunk68.lean,Busy Beaver,29275,"Email supplement received 06:19:17 CEST, after cutoff; distinct from on-time PDF | email ZIP",https://mail.google.com/mail/u/0/#all/1a0fffd2419ec392,,contestants/E02/13-archives/Math_Competition_Completed_Results_Submission_Bundle.zip,Math_Competition_Completed_Results_Submission/Focus_Evidence/evidence/FOCUS-BB6/kernel/Chunk68.lean,,8c4294a8,Filename/path inference; editable in the app
349772,Focus_Evidence/evidence/FOCUS-BB6/kernel/Chunk69.lean,Busy Beaver,29436,"Email supplement received 06:19:17 CEST, after cutoff; distinct from on-time PDF | email ZIP",https://mail.google.com/mail/u/0/#all/1a0fffd2419ec392,,contestants/E02/13-archives/Math_Competition_Completed_Results_Submission_Bundle.zip,Math_Competition_Completed_Results_Submission/Focus_Evidence/evidence/FOCUS-BB6/kernel/Chunk69.lean,,b7adf287,Filename/path inference; editable in the app
349774,Focus_Evidence/evidence/FOCUS-BB6/kernel/Chunk70.lean,Busy Beaver,29604,"Email supplement received 06:19:17 CEST, after cutoff; distinct from on-time PDF | email ZIP",https://mail.google.com/mail/u/0/#all/1a0fffd2419ec392,,contestants/E02/13-archives/Math_Competition_Completed_Results_Submission_Bundle.zip,Math_Competition_Completed_Results_Submission/Focus_Evidence/evidence/FOCUS-BB6/kernel/Chunk70.lean,,3aacf251,Filename/path inference; editable in the app
349776,Focus_Evidence/evidence/FOCUS-BB6/kernel/Chunk71.lean,Busy Beaver,29761,"Email supplement received 06:19:17 CEST, after cutoff; distinct from on-time PDF | email ZIP",https://mail.google.com/mail/u/0/#all/1a0fffd2419ec392,,contestants/E02/13-archives/Math_Competition_Completed_Results_Submission_Bundle.zip,Math_Competition_Completed_Results_Submission/Focus_Evidence/evidence/FOCUS-BB6/kernel/Chunk71.lean,,2ebb8ada,Filename/path inference; editable in the app
349778,Focus_Evidence/evidence/FOCUS-BB6/kernel/Chunk72.lean,Busy Beaver,29930,"Email supplement received 06:19:17 CEST, after cutoff; distinct from on-time PDF | email ZIP",https://mail.google.com/mail/u/0/#all/1a0fffd2419ec392,,contestants/E02/13-archives/Math_Competition_Completed_Results_Submission_Bundle.zip,Math_Competition_Completed_Results_Submission/Focus_Evidence/evidence/FOCUS-BB6/kernel/Chunk72.lean,,84b838fd,Filename/path inference; editable in the app
349780,Focus_Evidence/evidence/FOCUS-BB6/kernel/Chunk73.lean,Busy Beaver,30104,"Email supplement received 06:19:17 CEST, after cutoff; distinct from on-time PDF | email ZIP",https://mail.google.com/mail/u/0/#all/1a0fffd2419ec392,,contestants/E02/13-archives/Math_Competition_Completed_Results_Submission_Bundle.zip,Math_Competition_Completed_Results_Submission/Focus_Evidence/evidence/FOCUS-BB6/kernel/Chunk73.lean,,93a6493d,Filename/path inference; editable in the app
349782,Focus_Evidence/evidence/FOCUS-BB6/kernel/Chunk74.lean,Busy Beaver,30336,"Email supplement received 06:19:17 CEST, after cutoff; distinct from on-time PDF | email ZIP",https://mail.google.com/mail/u/0/#all/1a0fffd2419ec392,,contestants/E02/13-archives/Math_Competition_Completed_Results_Submission_Bundle.zip,Math_Competition_Completed_Results_Submission/Focus_Evidence/evidence/FOCUS-BB6/kernel/Chunk74.lean,,e04059a4,Filename/path inference; editable in the app
349784,Focus_Evidence/evidence/FOCUS-BB6/kernel/Chunk75.lean,Busy Beaver,30501,"Email supplement received 06:19:17 CEST, after cutoff; distinct from on-time PDF | email ZIP",https://mail.google.com/mail/u/0/#all/1a0fffd2419ec392,,contestants/E02/13-archives/Math_Competition_Completed_Results_Submission_Bundle.zip,Math_Competition_Completed_Results_Submission/Focus_Evidence/evidence/FOCUS-BB6/kernel/Chunk75.lean,,d8f4cdae,Filename/path inference; editable in the app
349786,Focus_Evidence/evidence/FOCUS-BB6/kernel/Chunk76.lean,Busy Beaver,30665,"Email supplement received 06:19:17 CEST, after cutoff; distinct from on-time PDF | email ZIP",https://mail.google.com/mail/u/0/#all/1a0fffd2419ec392,,contestants/E02/13-archives/Math_Competition_Completed_Results_Submission_Bundle.zip,Math_Competition_Completed_Results_Submission/Focus_Evidence/evidence/FOCUS-BB6/kernel/Chunk76.lean,,77ef5d9f,Filename/path inference; editable in the app
349788,Focus_Evidence/evidence/FOCUS-BB6/kernel/Chunk77.lean,Busy Beaver,30824,"Email supplement received 06:19:17 CEST, after cutoff; distinct from on-time PDF | email ZIP",https://mail.google.com/mail/u/0/#all/1a0fffd2419ec392,,contestants/E02/13-archives/Math_Competition_Completed_Results_Submission_Bundle.zip,Math_Competition_Completed_Results_Submission/Focus_Evidence/evidence/FOCUS-BB6/kernel/Chunk77.lean,,8c36715d,Filename/path inference; editable in the app
349790,Focus_Evidence/evidence/FOCUS-BB6/kernel/Chunk78.lean,Busy Beaver,30991,"Email supplement received 06:19:17 CEST, after cutoff; distinct from on-time PDF | email ZIP",https://mail.google.com/mail/u/0/#all/1a0fffd2419ec392,,contestants/E02/13-archives/Math_Competition_Completed_Results_Submission_Bundle.zip,Math_Competition_Completed_Results_Submission/Focus_Evidence/evidence/FOCUS-BB6/kernel/Chunk78.lean,,b9a68d86,Filename/path inference; editable in the app
349792,Focus_Evidence/evidence/FOCUS-BB6/kernel/Chunk79.lean,Busy Beaver,31163,"Email supplement received 06:19:17 CEST, after cutoff; distinct from on-time PDF | email ZIP",https://mail.google.com/mail/u/0/#all/1a0fffd2419ec392,,contestants/E02/13-archives/Math_Competition_Completed_Results_Submission_Bundle.zip,Math_Competition_Completed_Results_Submission/Focus_Evidence/evidence/FOCUS-BB6/kernel/Chunk79.lean,,9d9c752c,Filename/path inference; editable in the app
349794,Focus_Evidence/evidence/FOCUS-BB6/kernel/Chunk80.lean,Busy Beaver,31320,"Email supplement received 06:19:17 CEST, after cutoff; distinct from on-time PDF | email ZIP",https://mail.google.com/mail/u/0/#all/1a0fffd2419ec392,,contestants/E02/13-archives/Math_Competition_Completed_Results_Submission_Bundle.zip,Math_Competition_Completed_Results_Submission/Focus_Evidence/evidence/FOCUS-BB6/kernel/Chunk80.lean,,bbd8df7e,Filename/path inference; editable in the app
349796,Focus_Evidence/evidence/FOCUS-BB6/kernel/Chunk81.lean,Busy Beaver,36636,"Email supplement received 06:19:17 CEST, after cutoff; distinct from on-time PDF | email ZIP",https://mail.google.com/mail/u/0/#all/1a0fffd2419ec392,,contestants/E02/13-archives/Math_Competition_Completed_Results_Submission_Bundle.zip,Math_Competition_Completed_Results_Submission/Focus_Evidence/evidence/FOCUS-BB6/kernel/Chunk81.lean,,3c70e565,Filename/path inference; editable in the app
349798,Focus_Evidence/evidence/FOCUS-BB6/kernel/Chunk82.lean,Busy Beaver,37999,"Email supplement received 06:19:17 CEST, after cutoff; distinct from on-time PDF | email ZIP",https://mail.google.com/mail/u/0/#all/1a0fffd2419ec392,,contestants/E02/13-archives/Math_Competition_Completed_Results_Submission_Bundle.zip,Math_Competition_Completed_Results_Submission/Focus_Evidence/evidence/FOCUS-BB6/kernel/Chunk82.lean,,7bb66c80,Filename/path inference; editable in the app
349800,Focus_Evidence/evidence/FOCUS-BB6/kernel/Chunk83.lean,Busy Beaver,38220,"Email supplement received 06:19:17 CEST, after cutoff; distinct from on-time PDF | email ZIP",https://mail.google.com/mail/u/0/#all/1a0fffd2419ec392,,contestants/E02/13-archives/Math_Competition_Completed_Results_Submission_Bundle.zip,Math_Competition_Completed_Results_Submission/Focus_Evidence/evidence/FOCUS-BB6/kernel/Chunk83.lean,,e21431c8,Filename/path inference; editable in the app
349802,Focus_Evidence/evidence/FOCUS-BB6/kernel/Chunk84.lean,Busy Beaver,38410,"Email supplement received 06:19:17 CEST, after cutoff; distinct from on-time PDF | email ZIP",https://mail.google.com/mail/u/0/#all/1a0fffd2419ec392,,contestants/E02/13-archives/Math_Competition_Completed_Results_Submission_Bundle.zip,Math_Competition_Completed_Results_Submission/Focus_Evidence/evidence/FOCUS-BB6/kernel/Chunk84.lean,,55c6c1cb,Filename/path inference; editable in the app
349804,Focus_Evidence/evidence/FOCUS-BB6/kernel/Chunk85.lean,Busy Beaver,38575,"Email supplement received 06:19:17 CEST, after cutoff; distinct from on-time PDF | email ZIP",https://mail.google.com/mail/u/0/#all/1a0fffd2419ec392,,contestants/E02/13-archives/Math_Competition_Completed_Results_Submission_Bundle.zip,Math_Competition_Completed_Results_Submission/Focus_Evidence/evidence/FOCUS-BB6/kernel/Chunk85.lean,,48dfdc33,Filename/path inference; editable in the app
349806,Focus_Evidence/evidence/FOCUS-BB6/kernel/Chunk86.lean,Busy Beaver,38741,"Email supplement received 06:19:17 CEST, after cutoff; distinct from on-time PDF | email ZIP",https://mail.google.com/mail/u/0/#all/1a0fffd2419ec392,,contestants/E02/13-archives/Math_Competition_Completed_Results_Submission_Bundle.zip,Math_Competition_Completed_Results_Submission/Focus_Evidence/evidence/FOCUS-BB6/kernel/Chunk86.lean,,c039ea90,Filename/path inference; editable in the app
349808,Focus_Evidence/evidence/FOCUS-BB6/kernel/Chunk87.lean,Busy Beaver,38912,"Email supplement received 06:19:17 CEST, after cutoff; distinct from on-time PDF | email ZIP",https://mail.google.com/mail/u/0/#all/1a0fffd2419ec392,,contestants/E02/13-archives/Math_Competition_Completed_Results_Submission_Bundle.zip,Math_Competition_Completed_Results_Submission/Focus_Evidence/evidence/FOCUS-BB6/kernel/Chunk87.lean,,287d2c8c,Filename/path inference; editable in the app
349810,Focus_Evidence/evidence/FOCUS-BB6/kernel/Chunk88.lean,Busy Beaver,39073,"Email supplement received 06:19:17 CEST, after cutoff; distinct from on-time PDF | email ZIP",https://mail.google.com/mail/u/0/#all/1a0fffd2419ec392,,contestants/E02/13-archives/Math_Competition_Completed_Results_Submission_Bundle.zip,Math_Competition_Completed_Results_Submission/Focus_Evidence/evidence/FOCUS-BB6/kernel/Chunk88.lean,,5193771c,Filename/path inference; editable in the app
349812,Focus_Evidence/evidence/FOCUS-BB6/kernel/Chunk89.lean,Busy Beaver,39233,"Email supplement received 06:19:17 CEST, after cutoff; distinct from on-time PDF | email ZIP",https://mail.google.com/mail/u/0/#all/1a0fffd2419ec392,,contestants/E02/13-archives/Math_Competition_Completed_Results_Submission_Bundle.zip,Math_Competition_Completed_Results_Submission/Focus_Evidence/evidence/FOCUS-BB6/kernel/Chunk89.lean,,dcd46ffa,Filename/path inference; editable in the app
349814,Focus_Evidence/evidence/FOCUS-BB6/kernel/Chunk90.lean,Busy Beaver,39402,"Email supplement received 06:19:17 CEST, after cutoff; distinct from on-time PDF | email ZIP",https://mail.google.com/mail/u/0/#all/1a0fffd2419ec392,,contestants/E02/13-archives/Math_Competition_Completed_Results_Submission_Bundle.zip,Math_Competition_Completed_Results_Submission/Focus_Evidence/evidence/FOCUS-BB6/kernel/Chunk90.lean,,4eb9f419,Filename/path inference; editable in the app
349816,Focus_Evidence/evidence/FOCUS-BB6/kernel/Chunk91.lean,Busy Beaver,39572,"Email supplement received 06:19:17 CEST, after cutoff; distinct from on-time PDF | email ZIP",https://mail.google.com/mail/u/0/#all/1a0fffd2419ec392,,contestants/E02/13-archives/Math_Competition_Completed_Results_Submission_Bundle.zip,Math_Competition_Completed_Results_Submission/Focus_Evidence/evidence/FOCUS-BB6/kernel/Chunk91.lean,,eda1d3d7,Filename/path inference; editable in the app
349818,Focus_Evidence/evidence/FOCUS-BB6/kernel/Chunk92.lean,Busy Beaver,39742,"Email supplement received 06:19:17 CEST, after cutoff; distinct from on-time PDF | email ZIP",https://mail.google.com/mail/u/0/#all/1a0fffd2419ec392,,contestants/E02/13-archives/Math_Competition_Completed_Results_Submission_Bundle.zip,Math_Competition_Completed_Results_Submission/Focus_Evidence/evidence/FOCUS-BB6/kernel/Chunk92.lean,,9a77db37,Filename/path inference; editable in the app
349820,Focus_Evidence/evidence/FOCUS-BB6/kernel/Chunk93.lean,Busy Beaver,39909,"Email supplement received 06:19:17 CEST, after cutoff; distinct from on-time PDF | email ZIP",https://mail.google.com/mail/u/0/#all/1a0fffd2419ec392,,contestants/E02/13-archives/Math_Competition_Completed_Results_Submission_Bundle.zip,Math_Competition_Completed_Results_Submission/Focus_Evidence/evidence/FOCUS-BB6/kernel/Chunk93.lean,,50e43b05,Filename/path inference; editable in the app
349822,Focus_Evidence/evidence/FOCUS-BB6/kernel/Chunk94.lean,Busy Beaver,40073,"Email supplement received 06:19:17 CEST, after cutoff; distinct from on-time PDF | email ZIP",https://mail.google.com/mail/u/0/#all/1a0fffd2419ec392,,contestants/E02/13-archives/Math_Competition_Completed_Results_Submission_Bundle.zip,Math_Competition_Completed_Results_Submission/Focus_Evidence/evidence/FOCUS-BB6/kernel/Chunk94.lean,,9a283fe4,Filename/path inference; editable in the app
349824,Focus_Evidence/evidence/FOCUS-BB6/kernel/Chunk95.lean,Busy Beaver,40232,"Email supplement received 06:19:17 CEST, after cutoff; distinct from on-time PDF | email ZIP",https://mail.google.com/mail/u/0/#all/1a0fffd2419ec392,,contestants/E02/13-archives/Math_Competition_Completed_Results_Submission_Bundle.zip,Math_Competition_Completed_Results_Submission/Focus_Evidence/evidence/FOCUS-BB6/kernel/Chunk95.lean,,ef29887f,Filename/path inference; editable in the app
349826,Focus_Evidence/evidence/FOCUS-BB6/kernel/Chunk96.lean,Busy Beaver,40399,"Email supplement received 06:19:17 CEST, after cutoff; distinct from on-time PDF | email ZIP",https://mail.google.com/mail/u/0/#all/1a0fffd2419ec392,,contestants/E02/13-archives/Math_Competition_Completed_Results_Submission_Bundle.zip,Math_Competition_Completed_Results_Submission/Focus_Evidence/evidence/FOCUS-BB6/kernel/Chunk96.lean,,a1ecf4f4,Filename/path inference; editable in the app
349828,Focus_Evidence/evidence/FOCUS-BB6/kernel/Chunk97.lean,Busy Beaver,40567,"Email supplement received 06:19:17 CEST, after cutoff; distinct from on-time PDF | email ZIP",https://mail.google.com/mail/u/0/#all/1a0fffd2419ec392,,contestants/E02/13-archives/Math_Competition_Completed_Results_Submission_Bundle.zip,Math_Competition_Completed_Results_Submission/Focus_Evidence/evidence/FOCUS-BB6/kernel/Chunk97.lean,,bde30be7,Filename/path inference; editable in the app
349830,Focus_Evidence/evidence/FOCUS-BB6/kernel/Chunk98.lean,Busy Beaver,40730,"Email supplement received 06:19:17 CEST, after cutoff; distinct from on-time PDF | email ZIP",https://mail.google.com/mail/u/0/#all/1a0fffd2419ec392,,contestants/E02/13-archives/Math_Competition_Completed_Results_Submission_Bundle.zip,Math_Competition_Completed_Results_Submission/Focus_Evidence/evidence/FOCUS-BB6/kernel/Chunk98.lean,,7dde6327,Filename/path inference; editable in the app
349832,Focus_Evidence/evidence/FOCUS-BB6/kernel/Chunk99.lean,Busy Beaver,40892,"Email supplement received 06:19:17 CEST, after cutoff; distinct from on-time PDF | email ZIP",https://mail.google.com/mail/u/0/#all/1a0fffd2419ec392,,contestants/E02/13-archives/Math_Competition_Completed_Results_Submission_Bundle.zip,Math_Competition_Completed_Results_Submission/Focus_Evidence/evidence/FOCUS-BB6/kernel/Chunk99.lean,,25c1d560,Filename/path inference; editable in the app
349834,Focus_Evidence/evidence/FOCUS-BB6/kernel/Claims.lean,Busy Beaver,1440,"Email supplement received 06:19:17 CEST, after cutoff; distinct from on-time PDF | email ZIP",https://mail.google.com/mail/u/0/#all/1a0fffd2419ec392,,contestants/E02/13-archives/Math_Competition_Completed_Results_Submission_Bundle.zip,Math_Competition_Completed_Results_Submission/Focus_Evidence/evidence/FOCUS-BB6/kernel/Claims.lean,,402a7805,Filename/path inference; editable in the app
349836,Focus_Evidence/evidence/FOCUS-BB6/kernel/Kernel.lean,Busy Beaver,3295,"Email supplement received 06:19:17 CEST, after cutoff; distinct from on-time PDF | email ZIP",https://mail.google.com/mail/u/0/#all/1a0fffd2419ec392,,contestants/E02/13-archives/Math_Competition_Completed_Results_Submission_Bundle.zip,Math_Competition_Completed_Results_Submission/Focus_Evidence/evidence/FOCUS-BB6/kernel/Kernel.lean,,2021742a,Filename/path inference; editable in the app
349839,Focus_Evidence/evidence/FOCUS-BB6/kernel/Semantics.lean,Busy Beaver,3068,"Email supplement received 06:19:17 CEST, after cutoff; distinct from on-time PDF | email ZIP",https://mail.google.com/mail/u/0/#all/1a0fffd2419ec392,,contestants/E02/13-archives/Math_Competition_Completed_Results_Submission_Bundle.zip,Math_Competition_Completed_Results_Submission/Focus_Evidence/evidence/FOCUS-BB6/kernel/Semantics.lean,,917b36df,Filename/path inference; editable in the app
349855,Focus_Evidence/evidence/FOCUS-E3/complete-certificate/BooleanTree.lean,General / shared,1007774,"Email supplement received 06:19:17 CEST, after cutoff; distinct from on-time PDF | email ZIP",https://mail.google.com/mail/u/0/#all/1a0fffd2419ec392,,contestants/E02/13-archives/Math_Competition_Completed_Results_Submission_Bundle.zip,Math_Competition_Completed_Results_Submission/Focus_Evidence/evidence/FOCUS-E3/complete-certificate/BooleanTree.lean,,8aa6e184,Filename/path inference; editable in the app
349857,Focus_Evidence/evidence/FOCUS-E3/complete-certificate/CardBridge.lean,General / shared,2485,"Email supplement received 06:19:17 CEST, after cutoff; distinct from on-time PDF | email ZIP",https://mail.google.com/mail/u/0/#all/1a0fffd2419ec392,,contestants/E02/13-archives/Math_Competition_Completed_Results_Submission_Bundle.zip,Math_Competition_Completed_Results_Submission/Focus_Evidence/evidence/FOCUS-E3/complete-certificate/CardBridge.lean,,9695b067,Filename/path inference; editable in the app
349859,Focus_Evidence/evidence/FOCUS-E3/complete-certificate/CombinedObstruction.lean,General / shared,1246,"Email supplement received 06:19:17 CEST, after cutoff; distinct from on-time PDF | email ZIP",https://mail.google.com/mail/u/0/#all/1a0fffd2419ec392,,contestants/E02/13-archives/Math_Competition_Completed_Results_Submission_Bundle.zip,Math_Competition_Completed_Results_Submission/Focus_Evidence/evidence/FOCUS-E3/complete-certificate/CombinedObstruction.lean,,c6c40323,Filename/path inference; editable in the app
349862,Focus_Evidence/evidence/FOCUS-E3/complete-certificate/CyclicSharpness.lean,General / shared,796,"Email supplement received 06:19:17 CEST, after cutoff; distinct from on-time PDF | email ZIP",https://mail.google.com/mail/u/0/#all/1a0fffd2419ec392,,contestants/E02/13-archives/Math_Competition_Completed_Results_Submission_Bundle.zip,Math_Competition_Completed_Results_Submission/Focus_Evidence/evidence/FOCUS-E3/complete-certificate/CyclicSharpness.lean,,26451e79,Filename/path inference; editable in the app
349864,Focus_Evidence/evidence/FOCUS-E3/complete-certificate/CyclicUpper.lean,General / shared,17823,"Email supplement received 06:19:17 CEST, after cutoff; distinct from on-time PDF | email ZIP",https://mail.google.com/mail/u/0/#all/1a0fffd2419ec392,,contestants/E02/13-archives/Math_Competition_Completed_Results_Submission_Bundle.zip,Math_Competition_Completed_Results_Submission/Focus_Evidence/evidence/FOCUS-E3/complete-certificate/CyclicUpper.lean,,76abcdc9,Filename/path inference; editable in the app
349866,Focus_Evidence/evidence/FOCUS-E3/complete-certificate/R17SplitReplay.lean,General / shared,4192,"Email supplement received 06:19:17 CEST, after cutoff; distinct from on-time PDF | email ZIP",https://mail.google.com/mail/u/0/#all/1a0fffd2419ec392,,contestants/E02/13-archives/Math_Competition_Completed_Results_Submission_Bundle.zip,Math_Competition_Completed_Results_Submission/Focus_Evidence/evidence/FOCUS-E3/complete-certificate/R17SplitReplay.lean,,b80d06b8,Filename/path inference; editable in the app
349869,Focus_Evidence/evidence/FOCUS-E3/original/Fugu3_Lshape.lean,General / shared,8612,"Email supplement received 06:19:17 CEST, after cutoff; distinct from on-time PDF | email ZIP",https://mail.google.com/mail/u/0/#all/1a0fffd2419ec392,,contestants/E02/13-archives/Math_Competition_Completed_Results_Submission_Bundle.zip,Math_Competition_Completed_Results_Submission/Focus_Evidence/evidence/FOCUS-E3/original/Fugu3_Lshape.lean,,f3d9ff68,Filename/path inference; editable in the app
349872,Focus_Evidence/evidence/FOCUS-E3/original/R17_lshape13_lower.lean,General / shared,1360,"Email supplement received 06:19:17 CEST, after cutoff; distinct from on-time PDF | email ZIP",https://mail.google.com/mail/u/0/#all/1a0fffd2419ec392,,contestants/E02/13-archives/Math_Competition_Completed_Results_Submission_Bundle.zip,Math_Competition_Completed_Results_Submission/Focus_Evidence/evidence/FOCUS-E3/original/R17_lshape13_lower.lean,,5c91c76b,Filename/path inference; editable in the app
352133,Focus_Evidence/evidence/FOCUS-E3/pullback-bridge/Erdos3_Diagonal_Pullback_Bridge_Source_Evidence.zip :: original/Fugu3_Lshape.lean,Erdos 3,8612,"Email supplement received 06:19:17 CEST, after cutoff; distinct from on-time PDF | email ZIP | Nested archive; inherits parent claim/receipt limits",https://mail.google.com/mail/u/0/#all/1a0fffd2419ec392,,contestants/E02/13-archives/nested-349874-Erdos3_Diagonal_Pullback_Bridge_Source_Evidence.zip,original/Fugu3_Lshape.lean,,f3d9ff68,Filename/path inference; editable in the app
352135,Focus_Evidence/evidence/FOCUS-E3/pullback-bridge/Erdos3_Diagonal_Pullback_Bridge_Source_Evidence.zip :: source/BooleanTree.lean,Erdos 3,1007774,"Email supplement received 06:19:17 CEST, after cutoff; distinct from on-time PDF | email ZIP | Nested archive; inherits parent claim/receipt limits",https://mail.google.com/mail/u/0/#all/1a0fffd2419ec392,,contestants/E02/13-archives/nested-349874-Erdos3_Diagonal_Pullback_Bridge_Source_Evidence.zip,source/BooleanTree.lean,,8aa6e184,Filename/path inference; editable in the app
352136,Focus_Evidence/evidence/FOCUS-E3/pullback-bridge/Erdos3_Diagonal_Pullback_Bridge_Source_Evidence.zip :: source/CardBridge.lean,Erdos 3,2485,"Email supplement received 06:19:17 CEST, after cutoff; distinct from on-time PDF | email ZIP | Nested archive; inherits parent claim/receipt limits",https://mail.google.com/mail/u/0/#all/1a0fffd2419ec392,,contestants/E02/13-archives/nested-349874-Erdos3_Diagonal_Pullback_Bridge_Source_Evidence.zip,source/CardBridge.lean,,9695b067,Filename/path inference; editable in the app
352137,Focus_Evidence/evidence/FOCUS-E3/pullback-bridge/Erdos3_Diagonal_Pullback_Bridge_Source_Evidence.zip :: source/CombinedObstruction.lean,Erdos 3,1246,"Email supplement received 06:19:17 CEST, after cutoff; distinct from on-time PDF | email ZIP | Nested archive; inherits parent claim/receipt limits",https://mail.google.com/mail/u/0/#all/1a0fffd2419ec392,,contestants/E02/13-archives/nested-349874-Erdos3_Diagonal_Pullback_Bridge_Source_Evidence.zip,source/CombinedObstruction.lean,,c6c40323,Filename/path inference; editable in the app
352138,Focus_Evidence/evidence/FOCUS-E3/pullback-bridge/Erdos3_Diagonal_Pullback_Bridge_Source_Evidence.zip :: source/CyclicUpper.lean,Erdos 3,17823,"Email supplement received 06:19:17 CEST, after cutoff; distinct from on-time PDF | email ZIP | Nested archive; inherits parent claim/receipt limits",https://mail.google.com/mail/u/0/#all/1a0fffd2419ec392,,contestants/E02/13-archives/nested-349874-Erdos3_Diagonal_Pullback_Bridge_Source_Evidence.zip,source/CyclicUpper.lean,,76abcdc9,Filename/path inference; editable in the app
352139,Focus_Evidence/evidence/FOCUS-E3/pullback-bridge/Erdos3_Diagonal_Pullback_Bridge_Source_Evidence.zip :: source/Fugu3PullbackCore.lean,Erdos 3,2867,"Email supplement received 06:19:17 CEST, after cutoff; distinct from on-time PDF | email ZIP | Nested archive; inherits parent claim/receipt limits",https://mail.google.com/mail/u/0/#all/1a0fffd2419ec392,,contestants/E02/13-archives/nested-349874-Erdos3_Diagonal_Pullback_Bridge_Source_Evidence.zip,source/Fugu3PullbackCore.lean,,2b1839ee,Filename/path inference; editable in the app
352140,Focus_Evidence/evidence/FOCUS-E3/pullback-bridge/Erdos3_Diagonal_Pullback_Bridge_Source_Evidence.zip :: source/PullbackObstruction.lean,Erdos 3,2360,"Email supplement received 06:19:17 CEST, after cutoff; distinct from on-time PDF | email ZIP | Nested archive; inherits parent claim/receipt limits",https://mail.google.com/mail/u/0/#all/1a0fffd2419ec392,,contestants/E02/13-archives/nested-349874-Erdos3_Diagonal_Pullback_Bridge_Source_Evidence.zip,source/PullbackObstruction.lean,,a8d9149d,Filename/path inference; editable in the app
352141,Focus_Evidence/evidence/FOCUS-E3/pullback-bridge/Erdos3_Diagonal_Pullback_Bridge_Source_Evidence.zip :: source/R17SplitReplay.lean,Erdos 3,4192,"Email supplement received 06:19:17 CEST, after cutoff; distinct from on-time PDF | email ZIP | Nested archive; inherits parent claim/receipt limits",https://mail.google.com/mail/u/0/#all/1a0fffd2419ec392,,contestants/E02/13-archives/nested-349874-Erdos3_Diagonal_Pullback_Bridge_Source_Evidence.zip,source/R17SplitReplay.lean,,b80d06b8,Filename/path inference; editable in the app
349888,Focus_Evidence/evidence/FOCUS-E3/pullback-bridge/original/Fugu3_Lshape.lean,General / shared,8612,"Email supplement received 06:19:17 CEST, after cutoff; distinct from on-time PDF | email ZIP",https://mail.google.com/mail/u/0/#all/1a0fffd2419ec392,,contestants/E02/13-archives/Math_Competition_Completed_Results_Submission_Bundle.zip,Math_Competition_Completed_Results_Submission/Focus_Evidence/evidence/FOCUS-E3/pullback-bridge/original/Fugu3_Lshape.lean,,f3d9ff68,Filename/path inference; editable in the app
349890,Focus_Evidence/evidence/FOCUS-E3/pullback-bridge/source/BooleanTree.lean,General / shared,1007774,"Email supplement received 06:19:17 CEST, after cutoff; distinct from on-time PDF | email ZIP",https://mail.google.com/mail/u/0/#all/1a0fffd2419ec392,,contestants/E02/13-archives/Math_Competition_Completed_Results_Submission_Bundle.zip,Math_Competition_Completed_Results_Submission/Focus_Evidence/evidence/FOCUS-E3/pullback-bridge/source/BooleanTree.lean,,8aa6e184,Filename/path inference; editable in the app
349891,Focus_Evidence/evidence/FOCUS-E3/pullback-bridge/source/CardBridge.lean,General / shared,2485,"Email supplement received 06:19:17 CEST, after cutoff; distinct from on-time PDF | email ZIP",https://mail.google.com/mail/u/0/#all/1a0fffd2419ec392,,contestants/E02/13-archives/Math_Competition_Completed_Results_Submission_Bundle.zip,Math_Competition_Completed_Results_Submission/Focus_Evidence/evidence/FOCUS-E3/pullback-bridge/source/CardBridge.lean,,9695b067,Filename/path inference; editable in the app
349892,Focus_Evidence/evidence/FOCUS-E3/pullback-bridge/source/CombinedObstruction.lean,General / shared,1246,"Email supplement received 06:19:17 CEST, after cutoff; distinct from on-time PDF | email ZIP",https://mail.google.com/mail/u/0/#all/1a0fffd2419ec392,,contestants/E02/13-archives/Math_Competition_Completed_Results_Submission_Bundle.zip,Math_Competition_Completed_Results_Submission/Focus_Evidence/evidence/FOCUS-E3/pullback-bridge/source/CombinedObstruction.lean,,c6c40323,Filename/path inference; editable in the app
349893,Focus_Evidence/evidence/FOCUS-E3/pullback-bridge/source/CyclicUpper.lean,General / shared,17823,"Email supplement received 06:19:17 CEST, after cutoff; distinct from on-time PDF | email ZIP",https://mail.google.com/mail/u/0/#all/1a0fffd2419ec392,,contestants/E02/13-archives/Math_Competition_Completed_Results_Submission_Bundle.zip,Math_Competition_Completed_Results_Submission/Focus_Evidence/evidence/FOCUS-E3/pullback-bridge/source/CyclicUpper.lean,,76abcdc9,Filename/path inference; editable in the app
349894,Focus_Evidence/evidence/FOCUS-E3/pullback-bridge/source/Fugu3PullbackCore.lean,General / shared,2867,"Email supplement received 06:19:17 CEST, after cutoff; distinct from on-time PDF | email ZIP",https://mail.google.com/mail/u/0/#all/1a0fffd2419ec392,,contestants/E02/13-archives/Math_Competition_Completed_Results_Submission_Bundle.zip,Math_Competition_Completed_Results_Submission/Focus_Evidence/evidence/FOCUS-E3/pullback-bridge/source/Fugu3PullbackCore.lean,,2b1839ee,Filename/path inference; editable in the app
349895,Focus_Evidence/evidence/FOCUS-E3/pullback-bridge/source/PullbackObstruction.lean,General / shared,2360,"Email supplement received 06:19:17 CEST, after cutoff; distinct from on-time PDF | email ZIP",https://mail.google.com/mail/u/0/#all/1a0fffd2419ec392,,contestants/E02/13-archives/Math_Competition_Completed_Results_Submission_Bundle.zip,Math_Competition_Completed_Results_Submission/Focus_Evidence/evidence/FOCUS-E3/pullback-bridge/source/PullbackObstruction.lean,,a8d9149d,Filename/path inference; editable in the app
349896,Focus_Evidence/evidence/FOCUS-E3/pullback-bridge/source/R17SplitReplay.lean,General / shared,4192,"Email supplement received 06:19:17 CEST, after cutoff; distinct from on-time PDF | email ZIP",https://mail.google.com/mail/u/0/#all/1a0fffd2419ec392,,contestants/E02/13-archives/Math_Competition_Completed_Results_Submission_Bundle.zip,Math_Competition_Completed_Results_Submission/Focus_Evidence/evidence/FOCUS-E3/pullback-bridge/source/R17SplitReplay.lean,,b80d06b8,Filename/path inference; editable in the app
349899,Focus_Evidence/evidence/FOCUS-GROTH/Row3Granular.lean,General / shared,18620,"Email supplement received 06:19:17 CEST, after cutoff; distinct from on-time PDF | email ZIP",https://mail.google.com/mail/u/0/#all/1a0fffd2419ec392,,contestants/E02/13-archives/Math_Competition_Completed_Results_Submission_Bundle.zip,Math_Competition_Completed_Results_Submission/Focus_Evidence/evidence/FOCUS-GROTH/Row3Granular.lean,,ff6cf23e,Filename/path inference; editable in the app
349901,Focus_Evidence/evidence/FOCUS-GROTH/SemanticTestGranular.lean,General / shared,22662,"Email supplement received 06:19:17 CEST, after cutoff; distinct from on-time PDF | email ZIP",https://mail.google.com/mail/u/0/#all/1a0fffd2419ec392,,contestants/E02/13-archives/Math_Competition_Completed_Results_Submission_Bundle.zip,Math_Competition_Completed_Results_Submission/Focus_Evidence/evidence/FOCUS-GROTH/SemanticTestGranular.lean,,fc0fb482,Filename/path inference; editable in the app
349904,Focus_Evidence/evidence/FOCUS-GROTH/original/Row3.lean,General / shared,18337,"Email supplement received 06:19:17 CEST, after cutoff; distinct from on-time PDF | email ZIP",https://mail.google.com/mail/u/0/#all/1a0fffd2419ec392,,contestants/E02/13-archives/Math_Competition_Completed_Results_Submission_Bundle.zip,Math_Competition_Completed_Results_Submission/Focus_Evidence/evidence/FOCUS-GROTH/original/Row3.lean,,e3603390,Filename/path inference; editable in the app
349905,Focus_Evidence/evidence/FOCUS-GROTH/original/SemanticTest.lean,General / shared,22087,"Email supplement received 06:19:17 CEST, after cutoff; distinct from on-time PDF | email ZIP",https://mail.google.com/mail/u/0/#all/1a0fffd2419ec392,,contestants/E02/13-archives/Math_Competition_Completed_Results_Submission_Bundle.zip,Math_Competition_Completed_Results_Submission/Focus_Evidence/evidence/FOCUS-GROTH/original/SemanticTest.lean,,bd283d84,Filename/path inference; editable in the app
349908,Focus_Evidence/evidence/FOCUS-MATRIX/MatrixRigidityCompiled.lean,General / shared,11346,"Email supplement received 06:19:17 CEST, after cutoff; distinct from on-time PDF | email ZIP",https://mail.google.com/mail/u/0/#all/1a0fffd2419ec392,,contestants/E02/13-archives/Math_Competition_Completed_Results_Submission_Bundle.zip,Math_Competition_Completed_Results_Submission/Focus_Evidence/evidence/FOCUS-MATRIX/MatrixRigidityCompiled.lean,,16804d85,Filename/path inference; editable in the app
349926,Focus_Evidence/evidence/FOCUS-MATRIX/additional-seeds/reference/Seed0KernelFinal.lean,General / shared,6660,"Email supplement received 06:19:17 CEST, after cutoff; distinct from on-time PDF | email ZIP",https://mail.google.com/mail/u/0/#all/1a0fffd2419ec392,,contestants/E02/13-archives/Math_Competition_Completed_Results_Submission_Bundle.zip,Math_Competition_Completed_Results_Submission/Focus_Evidence/evidence/FOCUS-MATRIX/additional-seeds/reference/Seed0KernelFinal.lean,,28af68dd,Filename/path inference; editable in the app
349933,Focus_Evidence/evidence/FOCUS-MATRIX/additional-seeds/seed_1/proof/Seed1KernelData.lean,General / shared,9423,"Email supplement received 06:19:17 CEST, after cutoff; distinct from on-time PDF | email ZIP",https://mail.google.com/mail/u/0/#all/1a0fffd2419ec392,,contestants/E02/13-archives/Math_Competition_Completed_Results_Submission_Bundle.zip,Math_Competition_Completed_Results_Submission/Focus_Evidence/evidence/FOCUS-MATRIX/additional-seeds/seed_1/proof/Seed1KernelData.lean,,d009a9fa,Filename/path inference; editable in the app
349934,Focus_Evidence/evidence/FOCUS-MATRIX/additional-seeds/seed_1/proof/Seed1KernelFinal.lean,General / shared,7015,"Email supplement received 06:19:17 CEST, after cutoff; distinct from on-time PDF | email ZIP",https://mail.google.com/mail/u/0/#all/1a0fffd2419ec392,,contestants/E02/13-archives/Math_Competition_Completed_Results_Submission_Bundle.zip,Math_Competition_Completed_Results_Submission/Focus_Evidence/evidence/FOCUS-MATRIX/additional-seeds/seed_1/proof/Seed1KernelFinal.lean,,acbbdbeb,Filename/path inference; editable in the app
349935,Focus_Evidence/evidence/FOCUS-MATRIX/additional-seeds/seed_1/proof/Seed1Row_uv_00.lean,General / shared,275,"Email supplement received 06:19:17 CEST, after cutoff; distinct from on-time PDF | email ZIP",https://mail.google.com/mail/u/0/#all/1a0fffd2419ec392,,contestants/E02/13-archives/Math_Competition_Completed_Results_Submission_Bundle.zip,Math_Competition_Completed_Results_Submission/Focus_Evidence/evidence/FOCUS-MATRIX/additional-seeds/seed_1/proof/Seed1Row_uv_00.lean,,e3c11ade,Filename/path inference; editable in the app
349936,Focus_Evidence/evidence/FOCUS-MATRIX/additional-seeds/seed_1/proof/Seed1Row_uv_01.lean,General / shared,275,"Email supplement received 06:19:17 CEST, after cutoff; distinct from on-time PDF | email ZIP",https://mail.google.com/mail/u/0/#all/1a0fffd2419ec392,,contestants/E02/13-archives/Math_Competition_Completed_Results_Submission_Bundle.zip,Math_Competition_Completed_Results_Submission/Focus_Evidence/evidence/FOCUS-MATRIX/additional-seeds/seed_1/proof/Seed1Row_uv_01.lean,,2f4d4d9e,Filename/path inference; editable in the app
349937,Focus_Evidence/evidence/FOCUS-MATRIX/additional-seeds/seed_1/proof/Seed1Row_uv_02.lean,General / shared,275,"Email supplement received 06:19:17 CEST, after cutoff; distinct from on-time PDF | email ZIP",https://mail.google.com/mail/u/0/#all/1a0fffd2419ec392,,contestants/E02/13-archives/Math_Competition_Completed_Results_Submission_Bundle.zip,Math_Competition_Completed_Results_Submission/Focus_Evidence/evidence/FOCUS-MATRIX/additional-seeds/seed_1/proof/Seed1Row_uv_02.lean,,a1a8b21f,Filename/path inference; editable in the app
349938,Focus_Evidence/evidence/FOCUS-MATRIX/additional-seeds/seed_1/proof/Seed1Row_uv_03.lean,General / shared,275,"Email supplement received 06:19:17 CEST, after cutoff; distinct from on-time PDF | email ZIP",https://mail.google.com/mail/u/0/#all/1a0fffd2419ec392,,contestants/E02/13-archives/Math_Competition_Completed_Results_Submission_Bundle.zip,Math_Competition_Completed_Results_Submission/Focus_Evidence/evidence/FOCUS-MATRIX/additional-seeds/seed_1/proof/Seed1Row_uv_03.lean,,6d24e55f,Filename/path inference; editable in the app
349939,Focus_Evidence/evidence/FOCUS-MATRIX/additional-seeds/seed_1/proof/Seed1Row_uv_04.lean,General / shared,275,"Email supplement received 06:19:17 CEST, after cutoff; distinct from on-time PDF | email ZIP",https://mail.google.com/mail/u/0/#all/1a0fffd2419ec392,,contestants/E02/13-archives/Math_Competition_Completed_Results_Submission_Bundle.zip,Math_Competition_Completed_Results_Submission/Focus_Evidence/evidence/FOCUS-MATRIX/additional-seeds/seed_1/proof/Seed1Row_uv_04.lean,,67124b5c,Filename/path inference; editable in the app
349940,Focus_Evidence/evidence/FOCUS-MATRIX/additional-seeds/seed_1/proof/Seed1Row_uv_05.lean,General / shared,275,"Email supplement received 06:19:17 CEST, after cutoff; distinct from on-time PDF | email ZIP",https://mail.google.com/mail/u/0/#all/1a0fffd2419ec392,,contestants/E02/13-archives/Math_Competition_Completed_Results_Submission_Bundle.zip,Math_Competition_Completed_Results_Submission/Focus_Evidence/evidence/FOCUS-MATRIX/additional-seeds/seed_1/proof/Seed1Row_uv_05.lean,,ab9e1c1c,Filename/path inference; editable in the app
349941,Focus_Evidence/evidence/FOCUS-MATRIX/additional-seeds/seed_1/proof/Seed1Row_uv_06.lean,General / shared,275,"Email supplement received 06:19:17 CEST, after cutoff; distinct from on-time PDF | email ZIP",https://mail.google.com/mail/u/0/#all/1a0fffd2419ec392,,contestants/E02/13-archives/Math_Competition_Completed_Results_Submission_Bundle.zip,Math_Competition_Completed_Results_Submission/Focus_Evidence/evidence/FOCUS-MATRIX/additional-seeds/seed_1/proof/Seed1Row_uv_06.lean,,257be39d,Filename/path inference; editable in the app
349942,Focus_Evidence/evidence/FOCUS-MATRIX/additional-seeds/seed_1/proof/Seed1Row_uv_07.lean,General / shared,275,"Email supplement received 06:19:17 CEST, after cutoff; distinct from on-time PDF | email ZIP",https://mail.google.com/mail/u/0/#all/1a0fffd2419ec392,,contestants/E02/13-archives/Math_Competition_Completed_Results_Submission_Bundle.zip,Math_Competition_Completed_Results_Submission/Focus_Evidence/evidence/FOCUS-MATRIX/additional-seeds/seed_1/proof/Seed1Row_uv_07.lean,,e9f7b4dd,Filename/path inference; editable in the app
349943,Focus_Evidence/evidence/FOCUS-MATRIX/additional-seeds/seed_1/proof/Seed1Row_uv_08.lean,General / shared,275,"Email supplement received 06:19:17 CEST, after cutoff; distinct from on-time PDF | email ZIP",https://mail.google.com/mail/u/0/#all/1a0fffd2419ec392,,contestants/E02/13-archives/Math_Competition_Completed_Results_Submission_Bundle.zip,Math_Competition_Completed_Results_Submission/Focus_Evidence/evidence/FOCUS-MATRIX/additional-seeds/seed_1/proof/Seed1Row_uv_08.lean,,3116bf9b,Filename/path inference; editable in the app
349944,Focus_Evidence/evidence/FOCUS-MATRIX/additional-seeds/seed_1/proof/Seed1Row_uv_09.lean,General / shared,275,"Email supplement received 06:19:17 CEST, after cutoff; distinct from on-time PDF | email ZIP",https://mail.google.com/mail/u/0/#all/1a0fffd2419ec392,,contestants/E02/13-archives/Math_Competition_Completed_Results_Submission_Bundle.zip,Math_Competition_Completed_Results_Submission/Focus_Evidence/evidence/FOCUS-MATRIX/additional-seeds/seed_1/proof/Seed1Row_uv_09.lean,,fd9ae8db,Filename/path inference; editable in the app
349945,Focus_Evidence/evidence/FOCUS-MATRIX/additional-seeds/seed_1/proof/Seed1Row_uv_10.lean,General / shared,279,"Email supplement received 06:19:17 CEST, after cutoff; distinct from on-time PDF | email ZIP",https://mail.google.com/mail/u/0/#all/1a0fffd2419ec392,,contestants/E02/13-archives/Math_Competition_Completed_Results_Submission_Bundle.zip,Math_Competition_Completed_Results_Submission/Focus_Evidence/evidence/FOCUS-MATRIX/additional-seeds/seed_1/proof/Seed1Row_uv_10.lean,,9a7abc46,Filename/path inference; editable in the app
349946,Focus_Evidence/evidence/FOCUS-MATRIX/additional-seeds/seed_1/proof/Seed1Row_uv_11.lean,General / shared,279,"Email supplement received 06:19:17 CEST, after cutoff; distinct from on-time PDF | email ZIP",https://mail.google.com/mail/u/0/#all/1a0fffd2419ec392,,contestants/E02/13-archives/Math_Competition_Completed_Results_Submission_Bundle.zip,Math_Competition_Completed_Results_Submission/Focus_Evidence/evidence/FOCUS-MATRIX/additional-seeds/seed_1/proof/Seed1Row_uv_11.lean,,35649030,Filename/path inference; editable in the app
349947,Focus_Evidence/evidence/FOCUS-MATRIX/additional-seeds/seed_1/proof/Seed1Row_uv_12.lean,General / shared,279,"Email supplement received 06:19:17 CEST, after cutoff; distinct from on-time PDF | email ZIP",https://mail.google.com/mail/u/0/#all/1a0fffd2419ec392,,contestants/E02/13-archives/Math_Competition_Completed_Results_Submission_Bundle.zip,Math_Competition_Completed_Results_Submission/Focus_Evidence/evidence/FOCUS-MATRIX/additional-seeds/seed_1/proof/Seed1Row_uv_12.lean,,1f37e2eb,Filename/path inference; editable in the app
349948,Focus_Evidence/evidence/FOCUS-MATRIX/additional-seeds/seed_1/proof/Seed1Row_uv_13.lean,General / shared,279,"Email supplement received 06:19:17 CEST, after cutoff; distinct from on-time PDF | email ZIP",https://mail.google.com/mail/u/0/#all/1a0fffd2419ec392,,contestants/E02/13-archives/Math_Competition_Completed_Results_Submission_Bundle.zip,Math_Competition_Completed_Results_Submission/Focus_Evidence/evidence/FOCUS-MATRIX/additional-seeds/seed_1/proof/Seed1Row_uv_13.lean,,b029ce9d,Filename/path inference; editable in the app
349949,Focus_Evidence/evidence/FOCUS-MATRIX/additional-seeds/seed_1/proof/Seed1Row_uv_14.lean,General / shared,279,"Email supplement received 06:19:17 CEST, after cutoff; distinct from on-time PDF | email ZIP",https://mail.google.com/mail/u/0/#all/1a0fffd2419ec392,,contestants/E02/13-archives/Math_Competition_Completed_Results_Submission_Bundle.zip,Math_Competition_Completed_Results_Submission/Focus_Evidence/evidence/FOCUS-MATRIX/additional-seeds/seed_1/proof/Seed1Row_uv_14.lean,,4b91075d,Filename/path inference; editable in the app
349950,Focus_Evidence/evidence/FOCUS-MATRIX/additional-seeds/seed_1/proof/Seed1Row_uv_15.lean,General / shared,279,"Email supplement received 06:19:17 CEST, after cutoff; distinct from on-time PDF | email ZIP",https://mail.google.com/mail/u/0/#all/1a0fffd2419ec392,,contestants/E02/13-archives/Math_Competition_Completed_Results_Submission_Bundle.zip,Math_Competition_Completed_Results_Submission/Focus_Evidence/evidence/FOCUS-MATRIX/additional-seeds/seed_1/proof/Seed1Row_uv_15.lean,,e48f2b2b,Filename/path inference; editable in the app
349951,Focus_Evidence/evidence/FOCUS-MATRIX/additional-seeds/seed_1/proof/Seed1Row_uv_16.lean,General / shared,279,"Email supplement received 06:19:17 CEST, after cutoff; distinct from on-time PDF | email ZIP",https://mail.google.com/mail/u/0/#all/1a0fffd2419ec392,,contestants/E02/13-archives/Math_Competition_Completed_Results_Submission_Bundle.zip,Math_Competition_Completed_Results_Submission/Focus_Evidence/evidence/FOCUS-MATRIX/additional-seeds/seed_1/proof/Seed1Row_uv_16.lean,,cedc59f0,Filename/path inference; editable in the app
349952,Focus_Evidence/evidence/FOCUS-MATRIX/additional-seeds/seed_1/proof/Seed1Row_uv_17.lean,General / shared,279,"Email supplement received 06:19:17 CEST, after cutoff; distinct from on-time PDF | email ZIP",https://mail.google.com/mail/u/0/#all/1a0fffd2419ec392,,contestants/E02/13-archives/Math_Competition_Completed_Results_Submission_Bundle.zip,Math_Competition_Completed_Results_Submission/Focus_Evidence/evidence/FOCUS-MATRIX/additional-seeds/seed_1/proof/Seed1Row_uv_17.lean,,61c27586,Filename/path inference; editable in the app
349953,Focus_Evidence/evidence/FOCUS-MATRIX/additional-seeds/seed_1/proof/Seed1Row_uv_18.lean,General / shared,279,"Email supplement received 06:19:17 CEST, after cutoff; distinct from on-time PDF | email ZIP",https://mail.google.com/mail/u/0/#all/1a0fffd2419ec392,,contestants/E02/13-archives/Math_Competition_Completed_Results_Submission_Bundle.zip,Math_Competition_Completed_Results_Submission/Focus_Evidence/evidence/FOCUS-MATRIX/additional-seeds/seed_1/proof/Seed1Row_uv_18.lean,,e2dccc31,Filename/path inference; editable in the app
349954,Focus_Evidence/evidence/FOCUS-MATRIX/additional-seeds/seed_1/proof/Seed1Row_uv_19.lean,General / shared,279,"Email supplement received 06:19:17 CEST, after cutoff; distinct from on-time PDF | email ZIP",https://mail.google.com/mail/u/0/#all/1a0fffd2419ec392,,contestants/E02/13-archives/Math_Competition_Completed_Results_Submission_Bundle.zip,Math_Competition_Completed_Results_Submission/Focus_Evidence/evidence/FOCUS-MATRIX/additional-seeds/seed_1/proof/Seed1Row_uv_19.lean,,4dc2e047,Filename/path inference; editable in the app
349955,Focus_Evidence/evidence/FOCUS-MATRIX/additional-seeds/seed_1/proof/Seed1Row_uv_20.lean,General / shared,279,"Email supplement received 06:19:17 CEST, after cutoff; distinct from on-time PDF | email ZIP",https://mail.google.com/mail/u/0/#all/1a0fffd2419ec392,,contestants/E02/13-archives/Math_Competition_Completed_Results_Submission_Bundle.zip,Math_Competition_Completed_Results_Submission/Focus_Evidence/evidence/FOCUS-MATRIX/additional-seeds/seed_1/proof/Seed1Row_uv_20.lean,,8b51e468,Filename/path inference; editable in the app
349956,Focus_Evidence/evidence/FOCUS-MATRIX/additional-seeds/seed_1/proof/Seed1Row_uv_21.lean,General / shared,279,"Email supplement received 06:19:17 CEST, after cutoff; distinct from on-time PDF | email ZIP",https://mail.google.com/mail/u/0/#all/1a0fffd2419ec392,,contestants/E02/13-archives/Math_Competition_Completed_Results_Submission_Bundle.zip,Math_Competition_Completed_Results_Submission/Focus_Evidence/evidence/FOCUS-MATRIX/additional-seeds/seed_1/proof/Seed1Row_uv_21.lean,,244fc81e,Filename/path inference; editable in the app
349957,Focus_Evidence/evidence/FOCUS-MATRIX/additional-seeds/seed_1/proof/Seed1Row_uv_22.lean,General / shared,279,"Email supplement received 06:19:17 CEST, after cutoff; distinct from on-time PDF | email ZIP",https://mail.google.com/mail/u/0/#all/1a0fffd2419ec392,,contestants/E02/13-archives/Math_Competition_Completed_Results_Submission_Bundle.zip,Math_Competition_Completed_Results_Submission/Focus_Evidence/evidence/FOCUS-MATRIX/additional-seeds/seed_1/proof/Seed1Row_uv_22.lean,,0e1cbac5,Filename/path inference; editable in the app
349958,Focus_Evidence/evidence/FOCUS-MATRIX/additional-seeds/seed_1/proof/Seed1Row_uw_00.lean,General / shared,275,"Email supplement received 06:19:17 CEST, after cutoff; distinct from on-time PDF | email ZIP",https://mail.google.com/mail/u/0/#all/1a0fffd2419ec392,,contestants/E02/13-archives/Math_Competition_Completed_Results_Submission_Bundle.zip,Math_Competition_Completed_Results_Submission/Focus_Evidence/evidence/FOCUS-MATRIX/additional-seeds/seed_1/proof/Seed1Row_uw_00.lean,,1686701b,Filename/path inference; editable in the app
349959,Focus_Evidence/evidence/FOCUS-MATRIX/additional-seeds/seed_1/proof/Seed1Row_uw_01.lean,General / shared,275,"Email supplement received 06:19:17 CEST, after cutoff; distinct from on-time PDF | email ZIP",https://mail.google.com/mail/u/0/#all/1a0fffd2419ec392,,contestants/E02/13-archives/Math_Competition_Completed_Results_Submission_Bundle.zip,Math_Competition_Completed_Results_Submission/Focus_Evidence/evidence/FOCUS-MATRIX/additional-seeds/seed_1/proof/Seed1Row_uw_01.lean,,da0a275b,Filename/path inference; editable in the app
349960,Focus_Evidence/evidence/FOCUS-MATRIX/additional-seeds/seed_1/proof/Seed1Row_uw_02.lean,General / shared,275,"Email supplement received 06:19:17 CEST, after cutoff; distinct from on-time PDF | email ZIP",https://mail.google.com/mail/u/0/#all/1a0fffd2419ec392,,contestants/E02/13-archives/Math_Competition_Completed_Results_Submission_Bundle.zip,Math_Competition_Completed_Results_Submission/Focus_Evidence/evidence/FOCUS-MATRIX/additional-seeds/seed_1/proof/Seed1Row_uw_02.lean,,54efd8da,Filename/path inference; editable in the app
349961,Focus_Evidence/evidence/FOCUS-MATRIX/additional-seeds/seed_1/proof/Seed1Row_uw_03.lean,General / shared,275,"Email supplement received 06:19:17 CEST, after cutoff; distinct from on-time PDF | email ZIP",https://mail.google.com/mail/u/0/#all/1a0fffd2419ec392,,contestants/E02/13-archives/Math_Competition_Completed_Results_Submission_Bundle.zip,Math_Competition_Completed_Results_Submission/Focus_Evidence/evidence/FOCUS-MATRIX/additional-seeds/seed_1/proof/Seed1Row_uw_03.lean,,98638f9a,Filename/path inference; editable in the app
349962,Focus_Evidence/evidence/FOCUS-MATRIX/additional-seeds/seed_1/proof/Seed1Row_uw_04.lean,General / shared,275,"Email supplement received 06:19:17 CEST, after cutoff; distinct from on-time PDF | email ZIP",https://mail.google.com/mail/u/0/#all/1a0fffd2419ec392,,contestants/E02/13-archives/Math_Competition_Completed_Results_Submission_Bundle.zip,Math_Competition_Completed_Results_Submission/Focus_Evidence/evidence/FOCUS-MATRIX/additional-seeds/seed_1/proof/Seed1Row_uw_04.lean,,92552199,Filename/path inference; editable in the app
349963,Focus_Evidence/evidence/FOCUS-MATRIX/additional-seeds/seed_1/proof/Seed1Row_uw_05.lean,General / shared,275,"Email supplement received 06:19:17 CEST, after cutoff; distinct from on-time PDF | email ZIP",https://mail.google.com/mail/u/0/#all/1a0fffd2419ec392,,contestants/E02/13-archives/Math_Competition_Completed_Results_Submission_Bundle.zip,Math_Competition_Completed_Results_Submission/Focus_Evidence/evidence/FOCUS-MATRIX/additional-seeds/seed_1/proof/Seed1Row_uw_05.lean,,5ed976d9,Filename/path inference; editable in the app
349964,Focus_Evidence/evidence/FOCUS-MATRIX/additional-seeds/seed_1/proof/Seed1Row_uw_06.lean,General / shared,275,"Email supplement received 06:19:17 CEST, after cutoff; distinct from on-time PDF | email ZIP",https://mail.google.com/mail/u/0/#all/1a0fffd2419ec392,,contestants/E02/13-archives/Math_Competition_Completed_Results_Submission_Bundle.zip,Math_Competition_Completed_Results_Submission/Focus_Evidence/evidence/FOCUS-MATRIX/additional-seeds/seed_1/proof/Seed1Row_uw_06.lean,,d03c8958,Filename/path inference; editable in the app
349965,Focus_Evidence/evidence/FOCUS-MATRIX/additional-seeds/seed_1/proof/Seed1Row_uw_07.lean,General / shared,275,"Email supplement received 06:19:17 CEST, after cutoff; distinct from on-time PDF | email ZIP",https://mail.google.com/mail/u/0/#all/1a0fffd2419ec392,,contestants/E02/13-archives/Math_Competition_Completed_Results_Submission_Bundle.zip,Math_Competition_Completed_Results_Submission/Focus_Evidence/evidence/FOCUS-MATRIX/additional-seeds/seed_1/proof/Seed1Row_uw_07.lean,,1cb0de18,Filename/path inference; editable in the app
349966,Focus_Evidence/evidence/FOCUS-MATRIX/additional-seeds/seed_1/proof/Seed1Row_uw_08.lean,General / shared,275,"Email supplement received 06:19:17 CEST, after cutoff; distinct from on-time PDF | email ZIP",https://mail.google.com/mail/u/0/#all/1a0fffd2419ec392,,contestants/E02/13-archives/Math_Competition_Completed_Results_Submission_Bundle.zip,Math_Competition_Completed_Results_Submission/Focus_Evidence/evidence/FOCUS-MATRIX/additional-seeds/seed_1/proof/Seed1Row_uw_08.lean,,c451d55e,Filename/path inference; editable in the app
349967,Focus_Evidence/evidence/FOCUS-MATRIX/additional-seeds/seed_1/proof/Seed1Row_uw_09.lean,General / shared,275,"Email supplement received 06:19:17 CEST, after cutoff; distinct from on-time PDF | email ZIP",https://mail.google.com/mail/u/0/#all/1a0fffd2419ec392,,contestants/E02/13-archives/Math_Competition_Completed_Results_Submission_Bundle.zip,Math_Competition_Completed_Results_Submission/Focus_Evidence/evidence/FOCUS-MATRIX/additional-seeds/seed_1/proof/Seed1Row_uw_09.lean,,08dd821e,Filename/path inference; editable in the app
349968,Focus_Evidence/evidence/FOCUS-MATRIX/additional-seeds/seed_1/proof/Seed1Row_uw_10.lean,General / shared,279,"Email supplement received 06:19:17 CEST, after cutoff; distinct from on-time PDF | email ZIP",https://mail.google.com/mail/u/0/#all/1a0fffd2419ec392,,contestants/E02/13-archives/Math_Competition_Completed_Results_Submission_Bundle.zip,Math_Competition_Completed_Results_Submission/Focus_Evidence/evidence/FOCUS-MATRIX/additional-seeds/seed_1/proof/Seed1Row_uw_10.lean,,ebe00ef1,Filename/path inference; editable in the app
349969,Focus_Evidence/evidence/FOCUS-MATRIX/additional-seeds/seed_1/proof/Seed1Row_uw_11.lean,General / shared,279,"Email supplement received 06:19:17 CEST, after cutoff; distinct from on-time PDF | email ZIP",https://mail.google.com/mail/u/0/#all/1a0fffd2419ec392,,contestants/E02/13-archives/Math_Competition_Completed_Results_Submission_Bundle.zip,Math_Competition_Completed_Results_Submission/Focus_Evidence/evidence/FOCUS-MATRIX/additional-seeds/seed_1/proof/Seed1Row_uw_11.lean,,44fe2287,Filename/path inference; editable in the app
349970,Focus_Evidence/evidence/FOCUS-MATRIX/additional-seeds/seed_1/proof/Seed1Row_uw_12.lean,General / shared,279,"Email supplement received 06:19:17 CEST, after cutoff; distinct from on-time PDF | email ZIP",https://mail.google.com/mail/u/0/#all/1a0fffd2419ec392,,contestants/E02/13-archives/Math_Competition_Completed_Results_Submission_Bundle.zip,Math_Competition_Completed_Results_Submission/Focus_Evidence/evidence/FOCUS-MATRIX/additional-seeds/seed_1/proof/Seed1Row_uw_12.lean,,6ead505c,Filename/path inference; editable in the app
349971,Focus_Evidence/evidence/FOCUS-MATRIX/additional-seeds/seed_1/proof/Seed1Row_uw_13.lean,General / shared,279,"Email supplement received 06:19:17 CEST, after cutoff; distinct from on-time PDF | email ZIP",https://mail.google.com/mail/u/0/#all/1a0fffd2419ec392,,contestants/E02/13-archives/Math_Competition_Completed_Results_Submission_Bundle.zip,Math_Competition_Completed_Results_Submission/Focus_Evidence/evidence/FOCUS-MATRIX/additional-seeds/seed_1/proof/Seed1Row_uw_13.lean,,c1b37c2a,Filename/path inference; editable in the app
349972,Focus_Evidence/evidence/FOCUS-MATRIX/additional-seeds/seed_1/proof/Seed1Row_uw_14.lean,General / shared,279,"Email supplement received 06:19:17 CEST, after cutoff; distinct from on-time PDF | email ZIP",https://mail.google.com/mail/u/0/#all/1a0fffd2419ec392,,contestants/E02/13-archives/Math_Competition_Completed_Results_Submission_Bundle.zip,Math_Competition_Completed_Results_Submission/Focus_Evidence/evidence/FOCUS-MATRIX/additional-seeds/seed_1/proof/Seed1Row_uw_14.lean,,3a0bb5ea,Filename/path inference; editable in the app
349973,Focus_Evidence/evidence/FOCUS-MATRIX/additional-seeds/seed_1/proof/Seed1Row_uw_15.lean,General / shared,279,"Email supplement received 06:19:17 CEST, after cutoff; distinct from on-time PDF | email ZIP",https://mail.google.com/mail/u/0/#all/1a0fffd2419ec392,,contestants/E02/13-archives/Math_Competition_Completed_Results_Submission_Bundle.zip,Math_Competition_Completed_Results_Submission/Focus_Evidence/evidence/FOCUS-MATRIX/additional-seeds/seed_1/proof/Seed1Row_uw_15.lean,,9515999c,Filename/path inference; editable in the app
349974,Focus_Evidence/evidence/FOCUS-MATRIX/additional-seeds/seed_1/proof/Seed1Row_uw_16.lean,General / shared,279,"Email supplement received 06:19:17 CEST, after cutoff; distinct from on-time PDF | email ZIP",https://mail.google.com/mail/u/0/#all/1a0fffd2419ec392,,contestants/E02/13-archives/Math_Competition_Completed_Results_Submission_Bundle.zip,Math_Competition_Completed_Results_Submission/Focus_Evidence/evidence/FOCUS-MATRIX/additional-seeds/seed_1/proof/Seed1Row_uw_16.lean,,bf46eb47,Filename/path inference; editable in the app
349975,Focus_Evidence/evidence/FOCUS-MATRIX/additional-seeds/seed_1/proof/Seed1Row_uw_17.lean,General / shared,279,"Email supplement received 06:19:17 CEST, after cutoff; distinct from on-time PDF | email ZIP",https://mail.google.com/mail/u/0/#all/1a0fffd2419ec392,,contestants/E02/13-archives/Math_Competition_Completed_Results_Submission_Bundle.zip,Math_Competition_Completed_Results_Submission/Focus_Evidence/evidence/FOCUS-MATRIX/additional-seeds/seed_1/proof/Seed1Row_uw_17.lean,,1058c731,Filename/path inference; editable in the app
349976,Focus_Evidence/evidence/FOCUS-MATRIX/additional-seeds/seed_1/proof/Seed1Row_uw_18.lean,General / shared,279,"Email supplement received 06:19:17 CEST, after cutoff; distinct from on-time PDF | email ZIP",https://mail.google.com/mail/u/0/#all/1a0fffd2419ec392,,contestants/E02/13-archives/Math_Competition_Completed_Results_Submission_Bundle.zip,Math_Competition_Completed_Results_Submission/Focus_Evidence/evidence/FOCUS-MATRIX/additional-seeds/seed_1/proof/Seed1Row_uw_18.lean,,93467e86,Filename/path inference; editable in the app
349977,Focus_Evidence/evidence/FOCUS-MATRIX/additional-seeds/seed_1/proof/Seed1Row_uw_19.lean,General / shared,279,"Email supplement received 06:19:17 CEST, after cutoff; distinct from on-time PDF | email ZIP",https://mail.google.com/mail/u/0/#all/1a0fffd2419ec392,,contestants/E02/13-archives/Math_Competition_Completed_Results_Submission_Bundle.zip,Math_Competition_Completed_Results_Submission/Focus_Evidence/evidence/FOCUS-MATRIX/additional-seeds/seed_1/proof/Seed1Row_uw_19.lean,,3c5852f0,Filename/path inference; editable in the app
349978,Focus_Evidence/evidence/FOCUS-MATRIX/additional-seeds/seed_1/proof/Seed1Row_uw_20.lean,General / shared,279,"Email supplement received 06:19:17 CEST, after cutoff; distinct from on-time PDF | email ZIP",https://mail.google.com/mail/u/0/#all/1a0fffd2419ec392,,contestants/E02/13-archives/Math_Competition_Completed_Results_Submission_Bundle.zip,Math_Competition_Completed_Results_Submission/Focus_Evidence/evidence/FOCUS-MATRIX/additional-seeds/seed_1/proof/Seed1Row_uw_20.lean,,facb56df,Filename/path inference; editable in the app
349979,Focus_Evidence/evidence/FOCUS-MATRIX/additional-seeds/seed_1/proof/Seed1Row_uw_21.lean,General / shared,279,"Email supplement received 06:19:17 CEST, after cutoff; distinct from on-time PDF | email ZIP",https://mail.google.com/mail/u/0/#all/1a0fffd2419ec392,,contestants/E02/13-archives/Math_Competition_Completed_Results_Submission_Bundle.zip,Math_Competition_Completed_Results_Submission/Focus_Evidence/evidence/FOCUS-MATRIX/additional-seeds/seed_1/proof/Seed1Row_uw_21.lean,,55d57aa9,Filename/path inference; editable in the app
349980,Focus_Evidence/evidence/FOCUS-MATRIX/additional-seeds/seed_1/proof/Seed1Row_uw_22.lean,General / shared,279,"Email supplement received 06:19:17 CEST, after cutoff; distinct from on-time PDF | email ZIP",https://mail.google.com/mail/u/0/#all/1a0fffd2419ec392,,contestants/E02/13-archives/Math_Competition_Completed_Results_Submission_Bundle.zip,Math_Competition_Completed_Results_Submission/Focus_Evidence/evidence/FOCUS-MATRIX/additional-seeds/seed_1/proof/Seed1Row_uw_22.lean,,7f860872,Filename/path inference; editable in the app
349981,Focus_Evidence/evidence/FOCUS-MATRIX/additional-seeds/seed_1/proof/Seed1Row_vw_00.lean,General / shared,275,"Email supplement received 06:19:17 CEST, after cutoff; distinct from on-time PDF | email ZIP",https://mail.google.com/mail/u/0/#all/1a0fffd2419ec392,,contestants/E02/13-archives/Math_Competition_Completed_Results_Submission_Bundle.zip,Math_Competition_Completed_Results_Submission/Focus_Evidence/evidence/FOCUS-MATRIX/additional-seeds/seed_1/proof/Seed1Row_vw_00.lean,,f1fae5a5,Filename/path inference; editable in the app
349982,Focus_Evidence/evidence/FOCUS-MATRIX/additional-seeds/seed_1/proof/Seed1Row_vw_01.lean,General / shared,275,"Email supplement received 06:19:17 CEST, after cutoff; distinct from on-time PDF | email ZIP",https://mail.google.com/mail/u/0/#all/1a0fffd2419ec392,,contestants/E02/13-archives/Math_Competition_Completed_Results_Submission_Bundle.zip,Math_Competition_Completed_Results_Submission/Focus_Evidence/evidence/FOCUS-MATRIX/additional-seeds/seed_1/proof/Seed1Row_vw_01.lean,,3d76b2e5,Filename/path inference; editable in the app
349983,Focus_Evidence/evidence/FOCUS-MATRIX/additional-seeds/seed_1/proof/Seed1Row_vw_02.lean,General / shared,275,"Email supplement received 06:19:17 CEST, after cutoff; distinct from on-time PDF | email ZIP",https://mail.google.com/mail/u/0/#all/1a0fffd2419ec392,,contestants/E02/13-archives/Math_Competition_Completed_Results_Submission_Bundle.zip,Math_Competition_Completed_Results_Submission/Focus_Evidence/evidence/FOCUS-MATRIX/additional-seeds/seed_1/proof/Seed1Row_vw_02.lean,,b3934d64,Filename/path inference; editable in the app
349984,Focus_Evidence/evidence/FOCUS-MATRIX/additional-seeds/seed_1/proof/Seed1Row_vw_03.lean,General / shared,275,"Email supplement received 06:19:17 CEST, after cutoff; distinct from on-time PDF | email ZIP",https://mail.google.com/mail/u/0/#all/1a0fffd2419ec392,,contestants/E02/13-archives/Math_Competition_Completed_Results_Submission_Bundle.zip,Math_Competition_Completed_Results_Submission/Focus_Evidence/evidence/FOCUS-MATRIX/additional-seeds/seed_1/proof/Seed1Row_vw_03.lean,,7f1f1a24,Filename/path inference; editable in the app
349985,Focus_Evidence/evidence/FOCUS-MATRIX/additional-seeds/seed_1/proof/Seed1Row_vw_04.lean,General / shared,275,"Email supplement received 06:19:17 CEST, after cutoff; distinct from on-time PDF | email ZIP",https://mail.google.com/mail/u/0/#all/1a0fffd2419ec392,,contestants/E02/13-archives/Math_Competition_Completed_Results_Submission_Bundle.zip,Math_Competition_Completed_Results_Submission/Focus_Evidence/evidence/FOCUS-MATRIX/additional-seeds/seed_1/proof/Seed1Row_vw_04.lean,,7529b427,Filename/path inference; editable in the app
349986,Focus_Evidence/evidence/FOCUS-MATRIX/additional-seeds/seed_1/proof/Seed1Row_vw_05.lean,General / shared,275,"Email supplement received 06:19:17 CEST, after cutoff; distinct from on-time PDF | email ZIP",https://mail.google.com/mail/u/0/#all/1a0fffd2419ec392,,contestants/E02/13-archives/Math_Competition_Completed_Results_Submission_Bundle.zip,Math_Competition_Completed_Results_Submission/Focus_Evidence/evidence/FOCUS-MATRIX/additional-seeds/seed_1/proof/Seed1Row_vw_05.lean,,b9a5e367,Filename/path inference; editable in the app
349987,Focus_Evidence/evidence/FOCUS-MATRIX/additional-seeds/seed_1/proof/Seed1Row_vw_06.lean,General / shared,275,"Email supplement received 06:19:17 CEST, after cutoff; distinct from on-time PDF | email ZIP",https://mail.google.com/mail/u/0/#all/1a0fffd2419ec392,,contestants/E02/13-archives/Math_Competition_Completed_Results_Submission_Bundle.zip,Math_Competition_Completed_Results_Submission/Focus_Evidence/evidence/FOCUS-MATRIX/additional-seeds/seed_1/proof/Seed1Row_vw_06.lean,,37401ce6,Filename/path inference; editable in the app
349988,Focus_Evidence/evidence/FOCUS-MATRIX/additional-seeds/seed_1/proof/Seed1Row_vw_07.lean,General / shared,275,"Email supplement received 06:19:17 CEST, after cutoff; distinct from on-time PDF | email ZIP",https://mail.google.com/mail/u/0/#all/1a0fffd2419ec392,,contestants/E02/13-archives/Math_Competition_Completed_Results_Submission_Bundle.zip,Math_Competition_Completed_Results_Submission/Focus_Evidence/evidence/FOCUS-MATRIX/additional-seeds/seed_1/proof/Seed1Row_vw_07.lean,,fbcc4ba6,Filename/path inference; editable in the app
349989,Focus_Evidence/evidence/FOCUS-MATRIX/additional-seeds/seed_1/proof/Seed1Row_vw_08.lean,General / shared,275,"Email supplement received 06:19:17 CEST, after cutoff; distinct from on-time PDF | email ZIP",https://mail.google.com/mail/u/0/#all/1a0fffd2419ec392,,contestants/E02/13-archives/Math_Competition_Completed_Results_Submission_Bundle.zip,Math_Competition_Completed_Results_Submission/Focus_Evidence/evidence/FOCUS-MATRIX/additional-seeds/seed_1/proof/Seed1Row_vw_08.lean,,232d40e0,Filename/path inference; editable in the app
349990,Focus_Evidence/evidence/FOCUS-MATRIX/additional-seeds/seed_1/proof/Seed1Row_vw_09.lean,General / shared,275,"Email supplement received 06:19:17 CEST, after cutoff; distinct from on-time PDF | email ZIP",https://mail.google.com/mail/u/0/#all/1a0fffd2419ec392,,contestants/E02/13-archives/Math_Competition_Completed_Results_Submission_Bundle.zip,Math_Competition_Completed_Results_Submission/Focus_Evidence/evidence/FOCUS-MATRIX/additional-seeds/seed_1/proof/Seed1Row_vw_09.lean,,efa117a0,Filename/path inference; editable in the app
349991,Focus_Evidence/evidence/FOCUS-MATRIX/additional-seeds/seed_1/proof/Seed1Row_vw_10.lean,General / shared,279,"Email supplement received 06:19:17 CEST, after cutoff; distinct from on-time PDF | email ZIP",https://mail.google.com/mail/u/0/#all/1a0fffd2419ec392,,contestants/E02/13-archives/Math_Competition_Completed_Results_Submission_Bundle.zip,Math_Competition_Completed_Results_Submission/Focus_Evidence/evidence/FOCUS-MATRIX/additional-seeds/seed_1/proof/Seed1Row_vw_10.lean,,147dcb56,Filename/path inference; editable in the app
349992,Focus_Evidence/evidence/FOCUS-MATRIX/additional-seeds/seed_1/proof/Seed1Row_vw_11.lean,General / shared,279,"Email supplement received 06:19:17 CEST, after cutoff; distinct from on-time PDF | email ZIP",https://mail.google.com/mail/u/0/#all/1a0fffd2419ec392,,contestants/E02/13-archives/Math_Competition_Completed_Results_Submission_Bundle.zip,Math_Competition_Completed_Results_Submission/Focus_Evidence/evidence/FOCUS-MATRIX/additional-seeds/seed_1/proof/Seed1Row_vw_11.lean,,bb63e720,Filename/path inference; editable in the app
349993,Focus_Evidence/evidence/FOCUS-MATRIX/additional-seeds/seed_1/proof/Seed1Row_vw_12.lean,General / shared,279,"Email supplement received 06:19:17 CEST, after cutoff; distinct from on-time PDF | email ZIP",https://mail.google.com/mail/u/0/#all/1a0fffd2419ec392,,contestants/E02/13-archives/Math_Competition_Completed_Results_Submission_Bundle.zip,Math_Competition_Completed_Results_Submission/Focus_Evidence/evidence/FOCUS-MATRIX/additional-seeds/seed_1/proof/Seed1Row_vw_12.lean,,913095fb,Filename/path inference; editable in the app
349994,Focus_Evidence/evidence/FOCUS-MATRIX/additional-seeds/seed_1/proof/Seed1Row_vw_13.lean,General / shared,279,"Email supplement received 06:19:17 CEST, after cutoff; distinct from on-time PDF | email ZIP",https://mail.google.com/mail/u/0/#all/1a0fffd2419ec392,,contestants/E02/13-archives/Math_Competition_Completed_Results_Submission_Bundle.zip,Math_Competition_Completed_Results_Submission/Focus_Evidence/evidence/FOCUS-MATRIX/additional-seeds/seed_1/proof/Seed1Row_vw_13.lean,,3e2eb98d,Filename/path inference; editable in the app
349995,Focus_Evidence/evidence/FOCUS-MATRIX/additional-seeds/seed_1/proof/Seed1Row_vw_14.lean,General / shared,279,"Email supplement received 06:19:17 CEST, after cutoff; distinct from on-time PDF | email ZIP",https://mail.google.com/mail/u/0/#all/1a0fffd2419ec392,,contestants/E02/13-archives/Math_Competition_Completed_Results_Submission_Bundle.zip,Math_Competition_Completed_Results_Submission/Focus_Evidence/evidence/FOCUS-MATRIX/additional-seeds/seed_1/proof/Seed1Row_vw_14.lean,,c596704d,Filename/path inference; editable in the app
349996,Focus_Evidence/evidence/FOCUS-MATRIX/additional-seeds/seed_1/proof/Seed1Row_vw_15.lean,General / shared,279,"Email supplement received 06:19:17 CEST, after cutoff; distinct from on-time PDF | email ZIP",https://mail.google.com/mail/u/0/#all/1a0fffd2419ec392,,contestants/E02/13-archives/Math_Competition_Completed_Results_Submission_Bundle.zip,Math_Competition_Completed_Results_Submission/Focus_Evidence/evidence/FOCUS-MATRIX/additional-seeds/seed_1/proof/Seed1Row_vw_15.lean,,6a885c3b,Filename/path inference; editable in the app
349997,Focus_Evidence/evidence/FOCUS-MATRIX/additional-seeds/seed_1/proof/Seed1Row_vw_16.lean,General / shared,279,"Email supplement received 06:19:17 CEST, after cutoff; distinct from on-time PDF | email ZIP",https://mail.google.com/mail/u/0/#all/1a0fffd2419ec392,,contestants/E02/13-archives/Math_Competition_Completed_Results_Submission_Bundle.zip,Math_Competition_Completed_Results_Submission/Focus_Evidence/evidence/FOCUS-MATRIX/additional-seeds/seed_1/proof/Seed1Row_vw_16.lean,,40db2ee0,Filename/path inference; editable in the app
349998,Focus_Evidence/evidence/FOCUS-MATRIX/additional-seeds/seed_1/proof/Seed1Row_vw_17.lean,General / shared,279,"Email supplement received 06:19:17 CEST, after cutoff; distinct from on-time PDF | email ZIP",https://mail.google.com/mail/u/0/#all/1a0fffd2419ec392,,contestants/E02/13-archives/Math_Competition_Completed_Results_Submission_Bundle.zip,Math_Competition_Completed_Results_Submission/Focus_Evidence/evidence/FOCUS-MATRIX/additional-seeds/seed_1/proof/Seed1Row_vw_17.lean,,efc50296,Filename/path inference; editable in the app
349999,Focus_Evidence/evidence/FOCUS-MATRIX/additional-seeds/seed_1/proof/Seed1Row_vw_18.lean,General / shared,279,"Email supplement received 06:19:17 CEST, after cutoff; distinct from on-time PDF | email ZIP",https://mail.google.com/mail/u/0/#all/1a0fffd2419ec392,,contestants/E02/13-archives/Math_Competition_Completed_Results_Submission_Bundle.zip,Math_Competition_Completed_Results_Submission/Focus_Evidence/evidence/FOCUS-MATRIX/additional-seeds/seed_1/proof/Seed1Row_vw_18.lean,,6cdbbb21,Filename/path inference; editable in the app
350000,Focus_Evidence/evidence/FOCUS-MATRIX/additional-seeds/seed_1/proof/Seed1Row_vw_19.lean,General / shared,279,"Email supplement received 06:19:17 CEST, after cutoff; distinct from on-time PDF | email ZIP",https://mail.google.com/mail/u/0/#all/1a0fffd2419ec392,,contestants/E02/13-archives/Math_Competition_Completed_Results_Submission_Bundle.zip,Math_Competition_Completed_Results_Submission/Focus_Evidence/evidence/FOCUS-MATRIX/additional-seeds/seed_1/proof/Seed1Row_vw_19.lean,,c3c59757,Filename/path inference; editable in the app
350001,Focus_Evidence/evidence/FOCUS-MATRIX/additional-seeds/seed_1/proof/Seed1Row_vw_20.lean,General / shared,279,"Email supplement received 06:19:17 CEST, after cutoff; distinct from on-time PDF | email ZIP",https://mail.google.com/mail/u/0/#all/1a0fffd2419ec392,,contestants/E02/13-archives/Math_Competition_Completed_Results_Submission_Bundle.zip,Math_Competition_Completed_Results_Submission/Focus_Evidence/evidence/FOCUS-MATRIX/additional-seeds/seed_1/proof/Seed1Row_vw_20.lean,,05569378,Filename/path inference; editable in the app
350002,Focus_Evidence/evidence/FOCUS-MATRIX/additional-seeds/seed_1/proof/Seed1Row_vw_21.lean,General / shared,279,"Email supplement received 06:19:17 CEST, after cutoff; distinct from on-time PDF | email ZIP",https://mail.google.com/mail/u/0/#all/1a0fffd2419ec392,,contestants/E02/13-archives/Math_Competition_Completed_Results_Submission_Bundle.zip,Math_Competition_Completed_Results_Submission/Focus_Evidence/evidence/FOCUS-MATRIX/additional-seeds/seed_1/proof/Seed1Row_vw_21.lean,,aa48bf0e,Filename/path inference; editable in the app
350003,Focus_Evidence/evidence/FOCUS-MATRIX/additional-seeds/seed_1/proof/Seed1Row_vw_22.lean,General / shared,279,"Email supplement received 06:19:17 CEST, after cutoff; distinct from on-time PDF | email ZIP",https://mail.google.com/mail/u/0/#all/1a0fffd2419ec392,,contestants/E02/13-archives/Math_Competition_Completed_Results_Submission_Bundle.zip,Math_Competition_Completed_Results_Submission/Focus_Evidence/evidence/FOCUS-MATRIX/additional-seeds/seed_1/proof/Seed1Row_vw_22.lean,,801bcdd5,Filename/path inference; editable in the app
350004,Focus_Evidence/evidence/FOCUS-MATRIX/additional-seeds/seed_1/replay/20261003T010503455221Z/Seed1KernelData.lean,General / shared,9423,"Email supplement received 06:19:17 CEST, after cutoff; distinct from on-time PDF | email ZIP",https://mail.google.com/mail/u/0/#all/1a0fffd2419ec392,,contestants/E02/13-archives/Math_Competition_Completed_Results_Submission_Bundle.zip,Math_Competition_Completed_Results_Submission/Focus_Evidence/evidence/FOCUS-MATRIX/additional-seeds/seed_1/replay/20261003T010503455221Z/Seed1KernelData.lean,,d009a9fa,Filename/path inference; editable in the app
350006,Focus_Evidence/evidence/FOCUS-MATRIX/additional-seeds/seed_1/replay/20261003T010503455221Z/Seed1KernelFinal.lean,General / shared,7015,"Email supplement received 06:19:17 CEST, after cutoff; distinct from on-time PDF | email ZIP",https://mail.google.com/mail/u/0/#all/1a0fffd2419ec392,,contestants/E02/13-archives/Math_Competition_Completed_Results_Submission_Bundle.zip,Math_Competition_Completed_Results_Submission/Focus_Evidence/evidence/FOCUS-MATRIX/additional-seeds/seed_1/replay/20261003T010503455221Z/Seed1KernelFinal.lean,,acbbdbeb,Filename/path inference; editable in the app
350008,Focus_Evidence/evidence/FOCUS-MATRIX/additional-seeds/seed_1/replay/20261003T010503455221Z/Seed1Row_uv_00.lean,General / shared,275,"Email supplement received 06:19:17 CEST, after cutoff; distinct from on-time PDF | email ZIP",https://mail.google.com/mail/u/0/#all/1a0fffd2419ec392,,contestants/E02/13-archives/Math_Competition_Completed_Results_Submission_Bundle.zip,Math_Competition_Completed_Results_Submission/Focus_Evidence/evidence/FOCUS-MATRIX/additional-seeds/seed_1/replay/20261003T010503455221Z/Seed1Row_uv_00.lean,,e3c11ade,Filename/path inference; editable in the app
350010,Focus_Evidence/evidence/FOCUS-MATRIX/additional-seeds/seed_1/replay/20261003T010503455221Z/Seed1Row_uv_01.lean,General / shared,275,"Email supplement received 06:19:17 CEST, after cutoff; distinct from on-time PDF | email ZIP",https://mail.google.com/mail/u/0/#all/1a0fffd2419ec392,,contestants/E02/13-archives/Math_Competition_Completed_Results_Submission_Bundle.zip,Math_Competition_Completed_Results_Submission/Focus_Evidence/evidence/FOCUS-MATRIX/additional-seeds/seed_1/replay/20261003T010503455221Z/Seed1Row_uv_01.lean,,2f4d4d9e,Filename/path inference; editable in the app
350012,Focus_Evidence/evidence/FOCUS-MATRIX/additional-seeds/seed_1/replay/20261003T010503455221Z/Seed1Row_uv_02.lean,General / shared,275,"Email supplement received 06:19:17 CEST, after cutoff; distinct from on-time PDF | email ZIP",https://mail.google.com/mail/u/0/#all/1a0fffd2419ec392,,contestants/E02/13-archives/Math_Competition_Completed_Results_Submission_Bundle.zip,Math_Competition_Completed_Results_Submission/Focus_Evidence/evidence/FOCUS-MATRIX/additional-seeds/seed_1/replay/20261003T010503455221Z/Seed1Row_uv_02.lean,,a1a8b21f,Filename/path inference; editable in the app
350014,Focus_Evidence/evidence/FOCUS-MATRIX/additional-seeds/seed_1/replay/20261003T010503455221Z/Seed1Row_uv_03.lean,General / shared,275,"Email supplement received 06:19:17 CEST, after cutoff; distinct from on-time PDF | email ZIP",https://mail.google.com/mail/u/0/#all/1a0fffd2419ec392,,contestants/E02/13-archives/Math_Competition_Completed_Results_Submission_Bundle.zip,Math_Competition_Completed_Results_Submission/Focus_Evidence/evidence/FOCUS-MATRIX/additional-seeds/seed_1/replay/20261003T010503455221Z/Seed1Row_uv_03.lean,,6d24e55f,Filename/path inference; editable in the app
350016,Focus_Evidence/evidence/FOCUS-MATRIX/additional-seeds/seed_1/replay/20261003T010503455221Z/Seed1Row_uv_04.lean,General / shared,275,"Email supplement received 06:19:17 CEST, after cutoff; distinct from on-time PDF | email ZIP",https://mail.google.com/mail/u/0/#all/1a0fffd2419ec392,,contestants/E02/13-archives/Math_Competition_Completed_Results_Submission_Bundle.zip,Math_Competition_Completed_Results_Submission/Focus_Evidence/evidence/FOCUS-MATRIX/additional-seeds/seed_1/replay/20261003T010503455221Z/Seed1Row_uv_04.lean,,67124b5c,Filename/path inference; editable in the app
350018,Focus_Evidence/evidence/FOCUS-MATRIX/additional-seeds/seed_1/replay/20261003T010503455221Z/Seed1Row_uv_05.lean,General / shared,275,"Email supplement received 06:19:17 CEST, after cutoff; distinct from on-time PDF | email ZIP",https://mail.google.com/mail/u/0/#all/1a0fffd2419ec392,,contestants/E02/13-archives/Math_Competition_Completed_Results_Submission_Bundle.zip,Math_Competition_Completed_Results_Submission/Focus_Evidence/evidence/FOCUS-MATRIX/additional-seeds/seed_1/replay/20261003T010503455221Z/Seed1Row_uv_05.lean,,ab9e1c1c,Filename/path inference; editable in the app
350020,Focus_Evidence/evidence/FOCUS-MATRIX/additional-seeds/seed_1/replay/20261003T010503455221Z/Seed1Row_uv_06.lean,General / shared,275,"Email supplement received 06:19:17 CEST, after cutoff; distinct from on-time PDF | email ZIP",https://mail.google.com/mail/u/0/#all/1a0fffd2419ec392,,contestants/E02/13-archives/Math_Competition_Completed_Results_Submission_Bundle.zip,Math_Competition_Completed_Results_Submission/Focus_Evidence/evidence/FOCUS-MATRIX/additional-seeds/seed_1/replay/20261003T010503455221Z/Seed1Row_uv_06.lean,,257be39d,Filename/path inference; editable in the app
350022,Focus_Evidence/evidence/FOCUS-MATRIX/additional-seeds/seed_1/replay/20261003T010503455221Z/Seed1Row_uv_07.lean,General / shared,275,"Email supplement received 06:19:17 CEST, after cutoff; distinct from on-time PDF | email ZIP",https://mail.google.com/mail/u/0/#all/1a0fffd2419ec392,,contestants/E02/13-archives/Math_Competition_Completed_Results_Submission_Bundle.zip,Math_Competition_Completed_Results_Submission/Focus_Evidence/evidence/FOCUS-MATRIX/additional-seeds/seed_1/replay/20261003T010503455221Z/Seed1Row_uv_07.lean,,e9f7b4dd,Filename/path inference; editable in the app
350024,Focus_Evidence/evidence/FOCUS-MATRIX/additional-seeds/seed_1/replay/20261003T010503455221Z/Seed1Row_uv_08.lean,General / shared,275,"Email supplement received 06:19:17 CEST, after cutoff; distinct from on-time PDF | email ZIP",https://mail.google.com/mail/u/0/#all/1a0fffd2419ec392,,contestants/E02/13-archives/Math_Competition_Completed_Results_Submission_Bundle.zip,Math_Competition_Completed_Results_Submission/Focus_Evidence/evidence/FOCUS-MATRIX/additional-seeds/seed_1/replay/20261003T010503455221Z/Seed1Row_uv_08.lean,,3116bf9b,Filename/path inference; editable in the app
350026,Focus_Evidence/evidence/FOCUS-MATRIX/additional-seeds/seed_1/replay/20261003T010503455221Z/Seed1Row_uv_09.lean,General / shared,275,"Email supplement received 06:19:17 CEST, after cutoff; distinct from on-time PDF | email ZIP",https://mail.google.com/mail/u/0/#all/1a0fffd2419ec392,,contestants/E02/13-archives/Math_Competition_Completed_Results_Submission_Bundle.zip,Math_Competition_Completed_Results_Submission/Focus_Evidence/evidence/FOCUS-MATRIX/additional-seeds/seed_1/replay/20261003T010503455221Z/Seed1Row_uv_09.lean,,fd9ae8db,Filename/path inference; editable in the app
350028,Focus_Evidence/evidence/FOCUS-MATRIX/additional-seeds/seed_1/replay/20261003T010503455221Z/Seed1Row_uv_10.lean,General / shared,279,"Email supplement received 06:19:17 CEST, after cutoff; distinct from on-time PDF | email ZIP",https://mail.google.com/mail/u/0/#all/1a0fffd2419ec392,,contestants/E02/13-archives/Math_Competition_Completed_Results_Submission_Bundle.zip,Math_Competition_Completed_Results_Submission/Focus_Evidence/evidence/FOCUS-MATRIX/additional-seeds/seed_1/replay/20261003T010503455221Z/Seed1Row_uv_10.lean,,9a7abc46,Filename/path inference; editable in the app
350030,Focus_Evidence/evidence/FOCUS-MATRIX/additional-seeds/seed_1/replay/20261003T010503455221Z/Seed1Row_uv_11.lean,General / shared,279,"Email supplement received 06:19:17 CEST, after cutoff; distinct from on-time PDF | email ZIP",https://mail.google.com/mail/u/0/#all/1a0fffd2419ec392,,contestants/E02/13-archives/Math_Competition_Completed_Results_Submission_Bundle.zip,Math_Competition_Completed_Results_Submission/Focus_Evidence/evidence/FOCUS-MATRIX/additional-seeds/seed_1/replay/20261003T010503455221Z/Seed1Row_uv_11.lean,,35649030,Filename/path inference; editable in the app
350032,Focus_Evidence/evidence/FOCUS-MATRIX/additional-seeds/seed_1/replay/20261003T010503455221Z/Seed1Row_uv_12.lean,General / shared,279,"Email supplement received 06:19:17 CEST, after cutoff; distinct from on-time PDF | email ZIP",https://mail.google.com/mail/u/0/#all/1a0fffd2419ec392,,contestants/E02/13-archives/Math_Competition_Completed_Results_Submission_Bundle.zip,Math_Competition_Completed_Results_Submission/Focus_Evidence/evidence/FOCUS-MATRIX/additional-seeds/seed_1/replay/20261003T010503455221Z/Seed1Row_uv_12.lean,,1f37e2eb,Filename/path inference; editable in the app
350034,Focus_Evidence/evidence/FOCUS-MATRIX/additional-seeds/seed_1/replay/20261003T010503455221Z/Seed1Row_uv_13.lean,General / shared,279,"Email supplement received 06:19:17 CEST, after cutoff; distinct from on-time PDF | email ZIP",https://mail.google.com/mail/u/0/#all/1a0fffd2419ec392,,contestants/E02/13-archives/Math_Competition_Completed_Results_Submission_Bundle.zip,Math_Competition_Completed_Results_Submission/Focus_Evidence/evidence/FOCUS-MATRIX/additional-seeds/seed_1/replay/20261003T010503455221Z/Seed1Row_uv_13.lean,,b029ce9d,Filename/path inference; editable in the app
350036,Focus_Evidence/evidence/FOCUS-MATRIX/additional-seeds/seed_1/replay/20261003T010503455221Z/Seed1Row_uv_14.lean,General / shared,279,"Email supplement received 06:19:17 CEST, after cutoff; distinct from on-time PDF | email ZIP",https://mail.google.com/mail/u/0/#all/1a0fffd2419ec392,,contestants/E02/13-archives/Math_Competition_Completed_Results_Submission_Bundle.zip,Math_Competition_Completed_Results_Submission/Focus_Evidence/evidence/FOCUS-MATRIX/additional-seeds/seed_1/replay/20261003T010503455221Z/Seed1Row_uv_14.lean,,4b91075d,Filename/path inference; editable in the app
350038,Focus_Evidence/evidence/FOCUS-MATRIX/additional-seeds/seed_1/replay/20261003T010503455221Z/Seed1Row_uv_15.lean,General / shared,279,"Email supplement received 06:19:17 CEST, after cutoff; distinct from on-time PDF | email ZIP",https://mail.google.com/mail/u/0/#all/1a0fffd2419ec392,,contestants/E02/13-archives/Math_Competition_Completed_Results_Submission_Bundle.zip,Math_Competition_Completed_Results_Submission/Focus_Evidence/evidence/FOCUS-MATRIX/additional-seeds/seed_1/replay/20261003T010503455221Z/Seed1Row_uv_15.lean,,e48f2b2b,Filename/path inference; editable in the app
350040,Focus_Evidence/evidence/FOCUS-MATRIX/additional-seeds/seed_1/replay/20261003T010503455221Z/Seed1Row_uv_16.lean,General / shared,279,"Email supplement received 06:19:17 CEST, after cutoff; distinct from on-time PDF | email ZIP",https://mail.google.com/mail/u/0/#all/1a0fffd2419ec392,,contestants/E02/13-archives/Math_Competition_Completed_Results_Submission_Bundle.zip,Math_Competition_Completed_Results_Submission/Focus_Evidence/evidence/FOCUS-MATRIX/additional-seeds/seed_1/replay/20261003T010503455221Z/Seed1Row_uv_16.lean,,cedc59f0,Filename/path inference; editable in the app
350042,Focus_Evidence/evidence/FOCUS-MATRIX/additional-seeds/seed_1/replay/20261003T010503455221Z/Seed1Row_uv_17.lean,General / shared,279,"Email supplement received 06:19:17 CEST, after cutoff; distinct from on-time PDF | email ZIP",https://mail.google.com/mail/u/0/#all/1a0fffd2419ec392,,contestants/E02/13-archives/Math_Competition_Completed_Results_Submission_Bundle.zip,Math_Competition_Completed_Results_Submission/Focus_Evidence/evidence/FOCUS-MATRIX/additional-seeds/seed_1/replay/20261003T010503455221Z/Seed1Row_uv_17.lean,,61c27586,Filename/path inference; editable in the app
350044,Focus_Evidence/evidence/FOCUS-MATRIX/additional-seeds/seed_1/replay/20261003T010503455221Z/Seed1Row_uv_18.lean,General / shared,279,"Email supplement received 06:19:17 CEST, after cutoff; distinct from on-time PDF | email ZIP",https://mail.google.com/mail/u/0/#all/1a0fffd2419ec392,,contestants/E02/13-archives/Math_Competition_Completed_Results_Submission_Bundle.zip,Math_Competition_Completed_Results_Submission/Focus_Evidence/evidence/FOCUS-MATRIX/additional-seeds/seed_1/replay/20261003T010503455221Z/Seed1Row_uv_18.lean,,e2dccc31,Filename/path inference; editable in the app
350046,Focus_Evidence/evidence/FOCUS-MATRIX/additional-seeds/seed_1/replay/20261003T010503455221Z/Seed1Row_uv_19.lean,General / shared,279,"Email supplement received 06:19:17 CEST, after cutoff; distinct from on-time PDF | email ZIP",https://mail.google.com/mail/u/0/#all/1a0fffd2419ec392,,contestants/E02/13-archives/Math_Competition_Completed_Results_Submission_Bundle.zip,Math_Competition_Completed_Results_Submission/Focus_Evidence/evidence/FOCUS-MATRIX/additional-seeds/seed_1/replay/20261003T010503455221Z/Seed1Row_uv_19.lean,,4dc2e047,Filename/path inference; editable in the app
350048,Focus_Evidence/evidence/FOCUS-MATRIX/additional-seeds/seed_1/replay/20261003T010503455221Z/Seed1Row_uv_20.lean,General / shared,279,"Email supplement received 06:19:17 CEST, after cutoff; distinct from on-time PDF | email ZIP",https://mail.google.com/mail/u/0/#all/1a0fffd2419ec392,,contestants/E02/13-archives/Math_Competition_Completed_Results_Submission_Bundle.zip,Math_Competition_Completed_Results_Submission/Focus_Evidence/evidence/FOCUS-MATRIX/additional-seeds/seed_1/replay/20261003T010503455221Z/Seed1Row_uv_20.lean,,8b51e468,Filename/path inference; editable in the app
350050,Focus_Evidence/evidence/FOCUS-MATRIX/additional-seeds/seed_1/replay/20261003T010503455221Z/Seed1Row_uv_21.lean,General / shared,279,"Email supplement received 06:19:17 CEST, after cutoff; distinct from on-time PDF | email ZIP",https://mail.google.com/mail/u/0/#all/1a0fffd2419ec392,,contestants/E02/13-archives/Math_Competition_Completed_Results_Submission_Bundle.zip,Math_Competition_Completed_Results_Submission/Focus_Evidence/evidence/FOCUS-MATRIX/additional-seeds/seed_1/replay/20261003T010503455221Z/Seed1Row_uv_21.lean,,244fc81e,Filename/path inference; editable in the app
350052,Focus_Evidence/evidence/FOCUS-MATRIX/additional-seeds/seed_1/replay/20261003T010503455221Z/Seed1Row_uv_22.lean,General / shared,279,"Email supplement received 06:19:17 CEST, after cutoff; distinct from on-time PDF | email ZIP",https://mail.google.com/mail/u/0/#all/1a0fffd2419ec392,,contestants/E02/13-archives/Math_Competition_Completed_Results_Submission_Bundle.zip,Math_Competition_Completed_Results_Submission/Focus_Evidence/evidence/FOCUS-MATRIX/additional-seeds/seed_1/replay/20261003T010503455221Z/Seed1Row_uv_22.lean,,0e1cbac5,Filename/path inference; editable in the app
350054,Focus_Evidence/evidence/FOCUS-MATRIX/additional-seeds/seed_1/replay/20261003T010503455221Z/Seed1Row_uw_00.lean,General / shared,275,"Email supplement received 06:19:17 CEST, after cutoff; distinct from on-time PDF | email ZIP",https://mail.google.com/mail/u/0/#all/1a0fffd2419ec392,,contestants/E02/13-archives/Math_Competition_Completed_Results_Submission_Bundle.zip,Math_Competition_Completed_Results_Submission/Focus_Evidence/evidence/FOCUS-MATRIX/additional-seeds/seed_1/replay/20261003T010503455221Z/Seed1Row_uw_00.lean,,1686701b,Filename/path inference; editable in the app
350056,Focus_Evidence/evidence/FOCUS-MATRIX/additional-seeds/seed_1/replay/20261003T010503455221Z/Seed1Row_uw_01.lean,General / shared,275,"Email supplement received 06:19:17 CEST, after cutoff; distinct from on-time PDF | email ZIP",https://mail.google.com/mail/u/0/#all/1a0fffd2419ec392,,contestants/E02/13-archives/Math_Competition_Completed_Results_Submission_Bundle.zip,Math_Competition_Completed_Results_Submission/Focus_Evidence/evidence/FOCUS-MATRIX/additional-seeds/seed_1/replay/20261003T010503455221Z/Seed1Row_uw_01.lean,,da0a275b,Filename/path inference; editable in the app
350058,Focus_Evidence/evidence/FOCUS-MATRIX/additional-seeds/seed_1/replay/20261003T010503455221Z/Seed1Row_uw_02.lean,General / shared,275,"Email supplement received 06:19:17 CEST, after cutoff; distinct from on-time PDF | email ZIP",https://mail.google.com/mail/u/0/#all/1a0fffd2419ec392,,contestants/E02/13-archives/Math_Competition_Completed_Results_Submission_Bundle.zip,Math_Competition_Completed_Results_Submission/Focus_Evidence/evidence/FOCUS-MATRIX/additional-seeds/seed_1/replay/20261003T010503455221Z/Seed1Row_uw_02.lean,,54efd8da,Filename/path inference; editable in the app
350060,Focus_Evidence/evidence/FOCUS-MATRIX/additional-seeds/seed_1/replay/20261003T010503455221Z/Seed1Row_uw_03.lean,General / shared,275,"Email supplement received 06:19:17 CEST, after cutoff; distinct from on-time PDF | email ZIP",https://mail.google.com/mail/u/0/#all/1a0fffd2419ec392,,contestants/E02/13-archives/Math_Competition_Completed_Results_Submission_Bundle.zip,Math_Competition_Completed_Results_Submission/Focus_Evidence/evidence/FOCUS-MATRIX/additional-seeds/seed_1/replay/20261003T010503455221Z/Seed1Row_uw_03.lean,,98638f9a,Filename/path inference; editable in the app
350062,Focus_Evidence/evidence/FOCUS-MATRIX/additional-seeds/seed_1/replay/20261003T010503455221Z/Seed1Row_uw_04.lean,General / shared,275,"Email supplement received 06:19:17 CEST, after cutoff; distinct from on-time PDF | email ZIP",https://mail.google.com/mail/u/0/#all/1a0fffd2419ec392,,contestants/E02/13-archives/Math_Competition_Completed_Results_Submission_Bundle.zip,Math_Competition_Completed_Results_Submission/Focus_Evidence/evidence/FOCUS-MATRIX/additional-seeds/seed_1/replay/20261003T010503455221Z/Seed1Row_uw_04.lean,,92552199,Filename/path inference; editable in the app
350064,Focus_Evidence/evidence/FOCUS-MATRIX/additional-seeds/seed_1/replay/20261003T010503455221Z/Seed1Row_uw_05.lean,General / shared,275,"Email supplement received 06:19:17 CEST, after cutoff; distinct from on-time PDF | email ZIP",https://mail.google.com/mail/u/0/#all/1a0fffd2419ec392,,contestants/E02/13-archives/Math_Competition_Completed_Results_Submission_Bundle.zip,Math_Competition_Completed_Results_Submission/Focus_Evidence/evidence/FOCUS-MATRIX/additional-seeds/seed_1/replay/20261003T010503455221Z/Seed1Row_uw_05.lean,,5ed976d9,Filename/path inference; editable in the app
350066,Focus_Evidence/evidence/FOCUS-MATRIX/additional-seeds/seed_1/replay/20261003T010503455221Z/Seed1Row_uw_06.lean,General / shared,275,"Email supplement received 06:19:17 CEST, after cutoff; distinct from on-time PDF | email ZIP",https://mail.google.com/mail/u/0/#all/1a0fffd2419ec392,,contestants/E02/13-archives/Math_Competition_Completed_Results_Submission_Bundle.zip,Math_Competition_Completed_Results_Submission/Focus_Evidence/evidence/FOCUS-MATRIX/additional-seeds/seed_1/replay/20261003T010503455221Z/Seed1Row_uw_06.lean,,d03c8958,Filename/path inference; editable in the app
350068,Focus_Evidence/evidence/FOCUS-MATRIX/additional-seeds/seed_1/replay/20261003T010503455221Z/Seed1Row_uw_07.lean,General / shared,275,"Email supplement received 06:19:17 CEST, after cutoff; distinct from on-time PDF | email ZIP",https://mail.google.com/mail/u/0/#all/1a0fffd2419ec392,,contestants/E02/13-archives/Math_Competition_Completed_Results_Submission_Bundle.zip,Math_Competition_Completed_Results_Submission/Focus_Evidence/evidence/FOCUS-MATRIX/additional-seeds/seed_1/replay/20261003T010503455221Z/Seed1Row_uw_07.lean,,1cb0de18,Filename/path inference; editable in the app
350070,Focus_Evidence/evidence/FOCUS-MATRIX/additional-seeds/seed_1/replay/20261003T010503455221Z/Seed1Row_uw_08.lean,General / shared,275,"Email supplement received 06:19:17 CEST, after cutoff; distinct from on-time PDF | email ZIP",https://mail.google.com/mail/u/0/#all/1a0fffd2419ec392,,contestants/E02/13-archives/Math_Competition_Completed_Results_Submission_Bundle.zip,Math_Competition_Completed_Results_Submission/Focus_Evidence/evidence/FOCUS-MATRIX/additional-seeds/seed_1/replay/20261003T010503455221Z/Seed1Row_uw_08.lean,,c451d55e,Filename/path inference; editable in the app
350072,Focus_Evidence/evidence/FOCUS-MATRIX/additional-seeds/seed_1/replay/20261003T010503455221Z/Seed1Row_uw_09.lean,General / shared,275,"Email supplement received 06:19:17 CEST, after cutoff; distinct from on-time PDF | email ZIP",https://mail.google.com/mail/u/0/#all/1a0fffd2419ec392,,contestants/E02/13-archives/Math_Competition_Completed_Results_Submission_Bundle.zip,Math_Competition_Completed_Results_Submission/Focus_Evidence/evidence/FOCUS-MATRIX/additional-seeds/seed_1/replay/20261003T010503455221Z/Seed1Row_uw_09.lean,,08dd821e,Filename/path inference; editable in the app
350074,Focus_Evidence/evidence/FOCUS-MATRIX/additional-seeds/seed_1/replay/20261003T010503455221Z/Seed1Row_uw_10.lean,General / shared,279,"Email supplement received 06:19:17 CEST, after cutoff; distinct from on-time PDF | email ZIP",https://mail.google.com/mail/u/0/#all/1a0fffd2419ec392,,contestants/E02/13-archives/Math_Competition_Completed_Results_Submission_Bundle.zip,Math_Competition_Completed_Results_Submission/Focus_Evidence/evidence/FOCUS-MATRIX/additional-seeds/seed_1/replay/20261003T010503455221Z/Seed1Row_uw_10.lean,,ebe00ef1,Filename/path inference; editable in the app
350076,Focus_Evidence/evidence/FOCUS-MATRIX/additional-seeds/seed_1/replay/20261003T010503455221Z/Seed1Row_uw_11.lean,General / shared,279,"Email supplement received 06:19:17 CEST, after cutoff; distinct from on-time PDF | email ZIP",https://mail.google.com/mail/u/0/#all/1a0fffd2419ec392,,contestants/E02/13-archives/Math_Competition_Completed_Results_Submission_Bundle.zip,Math_Competition_Completed_Results_Submission/Focus_Evidence/evidence/FOCUS-MATRIX/additional-seeds/seed_1/replay/20261003T010503455221Z/Seed1Row_uw_11.lean,,44fe2287,Filename/path inference; editable in the app
350078,Focus_Evidence/evidence/FOCUS-MATRIX/additional-seeds/seed_1/replay/20261003T010503455221Z/Seed1Row_uw_12.lean,General / shared,279,"Email supplement received 06:19:17 CEST, after cutoff; distinct from on-time PDF | email ZIP",https://mail.google.com/mail/u/0/#all/1a0fffd2419ec392,,contestants/E02/13-archives/Math_Competition_Completed_Results_Submission_Bundle.zip,Math_Competition_Completed_Results_Submission/Focus_Evidence/evidence/FOCUS-MATRIX/additional-seeds/seed_1/replay/20261003T010503455221Z/Seed1Row_uw_12.lean,,6ead505c,Filename/path inference; editable in the app
350080,Focus_Evidence/evidence/FOCUS-MATRIX/additional-seeds/seed_1/replay/20261003T010503455221Z/Seed1Row_uw_13.lean,General / shared,279,"Email supplement received 06:19:17 CEST, after cutoff; distinct from on-time PDF | email ZIP",https://mail.google.com/mail/u/0/#all/1a0fffd2419ec392,,contestants/E02/13-archives/Math_Competition_Completed_Results_Submission_Bundle.zip,Math_Competition_Completed_Results_Submission/Focus_Evidence/evidence/FOCUS-MATRIX/additional-seeds/seed_1/replay/20261003T010503455221Z/Seed1Row_uw_13.lean,,c1b37c2a,Filename/path inference; editable in the app
350082,Focus_Evidence/evidence/FOCUS-MATRIX/additional-seeds/seed_1/replay/20261003T010503455221Z/Seed1Row_uw_14.lean,General / shared,279,"Email supplement received 06:19:17 CEST, after cutoff; distinct from on-time PDF | email ZIP",https://mail.google.com/mail/u/0/#all/1a0fffd2419ec392,,contestants/E02/13-archives/Math_Competition_Completed_Results_Submission_Bundle.zip,Math_Competition_Completed_Results_Submission/Focus_Evidence/evidence/FOCUS-MATRIX/additional-seeds/seed_1/replay/20261003T010503455221Z/Seed1Row_uw_14.lean,,3a0bb5ea,Filename/path inference; editable in the app
350084,Focus_Evidence/evidence/FOCUS-MATRIX/additional-seeds/seed_1/replay/20261003T010503455221Z/Seed1Row_uw_15.lean,General / shared,279,"Email supplement received 06:19:17 CEST, after cutoff; distinct from on-time PDF | email ZIP",https://mail.google.com/mail/u/0/#all/1a0fffd2419ec392,,contestants/E02/13-archives/Math_Competition_Completed_Results_Submission_Bundle.zip,Math_Competition_Completed_Results_Submission/Focus_Evidence/evidence/FOCUS-MATRIX/additional-seeds/seed_1/replay/20261003T010503455221Z/Seed1Row_uw_15.lean,,9515999c,Filename/path inference; editable in the app
350086,Focus_Evidence/evidence/FOCUS-MATRIX/additional-seeds/seed_1/replay/20261003T010503455221Z/Seed1Row_uw_16.lean,General / shared,279,"Email supplement received 06:19:17 CEST, after cutoff; distinct from on-time PDF | email ZIP",https://mail.google.com/mail/u/0/#all/1a0fffd2419ec392,,contestants/E02/13-archives/Math_Competition_Completed_Results_Submission_Bundle.zip,Math_Competition_Completed_Results_Submission/Focus_Evidence/evidence/FOCUS-MATRIX/additional-seeds/seed_1/replay/20261003T010503455221Z/Seed1Row_uw_16.lean,,bf46eb47,Filename/path inference; editable in the app
350088,Focus_Evidence/evidence/FOCUS-MATRIX/additional-seeds/seed_1/replay/20261003T010503455221Z/Seed1Row_uw_17.lean,General / shared,279,"Email supplement received 06:19:17 CEST, after cutoff; distinct from on-time PDF | email ZIP",https://mail.google.com/mail/u/0/#all/1a0fffd2419ec392,,contestants/E02/13-archives/Math_Competition_Completed_Results_Submission_Bundle.zip,Math_Competition_Completed_Results_Submission/Focus_Evidence/evidence/FOCUS-MATRIX/additional-seeds/seed_1/replay/20261003T010503455221Z/Seed1Row_uw_17.lean,,1058c731,Filename/path inference; editable in the app
350090,Focus_Evidence/evidence/FOCUS-MATRIX/additional-seeds/seed_1/replay/20261003T010503455221Z/Seed1Row_uw_18.lean,General / shared,279,"Email supplement received 06:19:17 CEST, after cutoff; distinct from on-time PDF | email ZIP",https://mail.google.com/mail/u/0/#all/1a0fffd2419ec392,,contestants/E02/13-archives/Math_Competition_Completed_Results_Submission_Bundle.zip,Math_Competition_Completed_Results_Submission/Focus_Evidence/evidence/FOCUS-MATRIX/additional-seeds/seed_1/replay/20261003T010503455221Z/Seed1Row_uw_18.lean,,93467e86,Filename/path inference; editable in the app
350092,Focus_Evidence/evidence/FOCUS-MATRIX/additional-seeds/seed_1/replay/20261003T010503455221Z/Seed1Row_uw_19.lean,General / shared,279,"Email supplement received 06:19:17 CEST, after cutoff; distinct from on-time PDF | email ZIP",https://mail.google.com/mail/u/0/#all/1a0fffd2419ec392,,contestants/E02/13-archives/Math_Competition_Completed_Results_Submission_Bundle.zip,Math_Competition_Completed_Results_Submission/Focus_Evidence/evidence/FOCUS-MATRIX/additional-seeds/seed_1/replay/20261003T010503455221Z/Seed1Row_uw_19.lean,,3c5852f0,Filename/path inference; editable in the app
350094,Focus_Evidence/evidence/FOCUS-MATRIX/additional-seeds/seed_1/replay/20261003T010503455221Z/Seed1Row_uw_20.lean,General / shared,279,"Email supplement received 06:19:17 CEST, after cutoff; distinct from on-time PDF | email ZIP",https://mail.google.com/mail/u/0/#all/1a0fffd2419ec392,,contestants/E02/13-archives/Math_Competition_Completed_Results_Submission_Bundle.zip,Math_Competition_Completed_Results_Submission/Focus_Evidence/evidence/FOCUS-MATRIX/additional-seeds/seed_1/replay/20261003T010503455221Z/Seed1Row_uw_20.lean,,facb56df,Filename/path inference; editable in the app
350096,Focus_Evidence/evidence/FOCUS-MATRIX/additional-seeds/seed_1/replay/20261003T010503455221Z/Seed1Row_uw_21.lean,General / shared,279,"Email supplement received 06:19:17 CEST, after cutoff; distinct from on-time PDF | email ZIP",https://mail.google.com/mail/u/0/#all/1a0fffd2419ec392,,contestants/E02/13-archives/Math_Competition_Completed_Results_Submission_Bundle.zip,Math_Competition_Completed_Results_Submission/Focus_Evidence/evidence/FOCUS-MATRIX/additional-seeds/seed_1/replay/20261003T010503455221Z/Seed1Row_uw_21.lean,,55d57aa9,Filename/path inference; editable in the app
350098,Focus_Evidence/evidence/FOCUS-MATRIX/additional-seeds/seed_1/replay/20261003T010503455221Z/Seed1Row_uw_22.lean,General / shared,279,"Email supplement received 06:19:17 CEST, after cutoff; distinct from on-time PDF | email ZIP",https://mail.google.com/mail/u/0/#all/1a0fffd2419ec392,,contestants/E02/13-archives/Math_Competition_Completed_Results_Submission_Bundle.zip,Math_Competition_Completed_Results_Submission/Focus_Evidence/evidence/FOCUS-MATRIX/additional-seeds/seed_1/replay/20261003T010503455221Z/Seed1Row_uw_22.lean,,7f860872,Filename/path inference; editable in the app
350100,Focus_Evidence/evidence/FOCUS-MATRIX/additional-seeds/seed_1/replay/20261003T010503455221Z/Seed1Row_vw_00.lean,General / shared,275,"Email supplement received 06:19:17 CEST, after cutoff; distinct from on-time PDF | email ZIP",https://mail.google.com/mail/u/0/#all/1a0fffd2419ec392,,contestants/E02/13-archives/Math_Competition_Completed_Results_Submission_Bundle.zip,Math_Competition_Completed_Results_Submission/Focus_Evidence/evidence/FOCUS-MATRIX/additional-seeds/seed_1/replay/20261003T010503455221Z/Seed1Row_vw_00.lean,,f1fae5a5,Filename/path inference; editable in the app
350102,Focus_Evidence/evidence/FOCUS-MATRIX/additional-seeds/seed_1/replay/20261003T010503455221Z/Seed1Row_vw_01.lean,General / shared,275,"Email supplement received 06:19:17 CEST, after cutoff; distinct from on-time PDF | email ZIP",https://mail.google.com/mail/u/0/#all/1a0fffd2419ec392,,contestants/E02/13-archives/Math_Competition_Completed_Results_Submission_Bundle.zip,Math_Competition_Completed_Results_Submission/Focus_Evidence/evidence/FOCUS-MATRIX/additional-seeds/seed_1/replay/20261003T010503455221Z/Seed1Row_vw_01.lean,,3d76b2e5,Filename/path inference; editable in the app
350104,Focus_Evidence/evidence/FOCUS-MATRIX/additional-seeds/seed_1/replay/20261003T010503455221Z/Seed1Row_vw_02.lean,General / shared,275,"Email supplement received 06:19:17 CEST, after cutoff; distinct from on-time PDF | email ZIP",https://mail.google.com/mail/u/0/#all/1a0fffd2419ec392,,contestants/E02/13-archives/Math_Competition_Completed_Results_Submission_Bundle.zip,Math_Competition_Completed_Results_Submission/Focus_Evidence/evidence/FOCUS-MATRIX/additional-seeds/seed_1/replay/20261003T010503455221Z/Seed1Row_vw_02.lean,,b3934d64,Filename/path inference; editable in the app
350106,Focus_Evidence/evidence/FOCUS-MATRIX/additional-seeds/seed_1/replay/20261003T010503455221Z/Seed1Row_vw_03.lean,General / shared,275,"Email supplement received 06:19:17 CEST, after cutoff; distinct from on-time PDF | email ZIP",https://mail.google.com/mail/u/0/#all/1a0fffd2419ec392,,contestants/E02/13-archives/Math_Competition_Completed_Results_Submission_Bundle.zip,Math_Competition_Completed_Results_Submission/Focus_Evidence/evidence/FOCUS-MATRIX/additional-seeds/seed_1/replay/20261003T010503455221Z/Seed1Row_vw_03.lean,,7f1f1a24,Filename/path inference; editable in the app
350108,Focus_Evidence/evidence/FOCUS-MATRIX/additional-seeds/seed_1/replay/20261003T010503455221Z/Seed1Row_vw_04.lean,General / shared,275,"Email supplement received 06:19:17 CEST, after cutoff; distinct from on-time PDF | email ZIP",https://mail.google.com/mail/u/0/#all/1a0fffd2419ec392,,contestants/E02/13-archives/Math_Competition_Completed_Results_Submission_Bundle.zip,Math_Competition_Completed_Results_Submission/Focus_Evidence/evidence/FOCUS-MATRIX/additional-seeds/seed_1/replay/20261003T010503455221Z/Seed1Row_vw_04.lean,,7529b427,Filename/path inference; editable in the app
350110,Focus_Evidence/evidence/FOCUS-MATRIX/additional-seeds/seed_1/replay/20261003T010503455221Z/Seed1Row_vw_05.lean,General / shared,275,"Email supplement received 06:19:17 CEST, after cutoff; distinct from on-time PDF | email ZIP",https://mail.google.com/mail/u/0/#all/1a0fffd2419ec392,,contestants/E02/13-archives/Math_Competition_Completed_Results_Submission_Bundle.zip,Math_Competition_Completed_Results_Submission/Focus_Evidence/evidence/FOCUS-MATRIX/additional-seeds/seed_1/replay/20261003T010503455221Z/Seed1Row_vw_05.lean,,b9a5e367,Filename/path inference; editable in the app
350112,Focus_Evidence/evidence/FOCUS-MATRIX/additional-seeds/seed_1/replay/20261003T010503455221Z/Seed1Row_vw_06.lean,General / shared,275,"Email supplement received 06:19:17 CEST, after cutoff; distinct from on-time PDF | email ZIP",https://mail.google.com/mail/u/0/#all/1a0fffd2419ec392,,contestants/E02/13-archives/Math_Competition_Completed_Results_Submission_Bundle.zip,Math_Competition_Completed_Results_Submission/Focus_Evidence/evidence/FOCUS-MATRIX/additional-seeds/seed_1/replay/20261003T010503455221Z/Seed1Row_vw_06.lean,,37401ce6,Filename/path inference; editable in the app
350114,Focus_Evidence/evidence/FOCUS-MATRIX/additional-seeds/seed_1/replay/20261003T010503455221Z/Seed1Row_vw_07.lean,General / shared,275,"Email supplement received 06:19:17 CEST, after cutoff; distinct from on-time PDF | email ZIP",https://mail.google.com/mail/u/0/#all/1a0fffd2419ec392,,contestants/E02/13-archives/Math_Competition_Completed_Results_Submission_Bundle.zip,Math_Competition_Completed_Results_Submission/Focus_Evidence/evidence/FOCUS-MATRIX/additional-seeds/seed_1/replay/20261003T010503455221Z/Seed1Row_vw_07.lean,,fbcc4ba6,Filename/path inference; editable in the app
350116,Focus_Evidence/evidence/FOCUS-MATRIX/additional-seeds/seed_1/replay/20261003T010503455221Z/Seed1Row_vw_08.lean,General / shared,275,"Email supplement received 06:19:17 CEST, after cutoff; distinct from on-time PDF | email ZIP",https://mail.google.com/mail/u/0/#all/1a0fffd2419ec392,,contestants/E02/13-archives/Math_Competition_Completed_Results_Submission_Bundle.zip,Math_Competition_Completed_Results_Submission/Focus_Evidence/evidence/FOCUS-MATRIX/additional-seeds/seed_1/replay/20261003T010503455221Z/Seed1Row_vw_08.lean,,232d40e0,Filename/path inference; editable in the app
350118,Focus_Evidence/evidence/FOCUS-MATRIX/additional-seeds/seed_1/replay/20261003T010503455221Z/Seed1Row_vw_09.lean,General / shared,275,"Email supplement received 06:19:17 CEST, after cutoff; distinct from on-time PDF | email ZIP",https://mail.google.com/mail/u/0/#all/1a0fffd2419ec392,,contestants/E02/13-archives/Math_Competition_Completed_Results_Submission_Bundle.zip,Math_Competition_Completed_Results_Submission/Focus_Evidence/evidence/FOCUS-MATRIX/additional-seeds/seed_1/replay/20261003T010503455221Z/Seed1Row_vw_09.lean,,efa117a0,Filename/path inference; editable in the app
350120,Focus_Evidence/evidence/FOCUS-MATRIX/additional-seeds/seed_1/replay/20261003T010503455221Z/Seed1Row_vw_10.lean,General / shared,279,"Email supplement received 06:19:17 CEST, after cutoff; distinct from on-time PDF | email ZIP",https://mail.google.com/mail/u/0/#all/1a0fffd2419ec392,,contestants/E02/13-archives/Math_Competition_Completed_Results_Submission_Bundle.zip,Math_Competition_Completed_Results_Submission/Focus_Evidence/evidence/FOCUS-MATRIX/additional-seeds/seed_1/replay/20261003T010503455221Z/Seed1Row_vw_10.lean,,147dcb56,Filename/path inference; editable in the app
350122,Focus_Evidence/evidence/FOCUS-MATRIX/additional-seeds/seed_1/replay/20261003T010503455221Z/Seed1Row_vw_11.lean,General / shared,279,"Email supplement received 06:19:17 CEST, after cutoff; distinct from on-time PDF | email ZIP",https://mail.google.com/mail/u/0/#all/1a0fffd2419ec392,,contestants/E02/13-archives/Math_Competition_Completed_Results_Submission_Bundle.zip,Math_Competition_Completed_Results_Submission/Focus_Evidence/evidence/FOCUS-MATRIX/additional-seeds/seed_1/replay/20261003T010503455221Z/Seed1Row_vw_11.lean,,bb63e720,Filename/path inference; editable in the app
350124,Focus_Evidence/evidence/FOCUS-MATRIX/additional-seeds/seed_1/replay/20261003T010503455221Z/Seed1Row_vw_12.lean,General / shared,279,"Email supplement received 06:19:17 CEST, after cutoff; distinct from on-time PDF | email ZIP",https://mail.google.com/mail/u/0/#all/1a0fffd2419ec392,,contestants/E02/13-archives/Math_Competition_Completed_Results_Submission_Bundle.zip,Math_Competition_Completed_Results_Submission/Focus_Evidence/evidence/FOCUS-MATRIX/additional-seeds/seed_1/replay/20261003T010503455221Z/Seed1Row_vw_12.lean,,913095fb,Filename/path inference; editable in the app
350126,Focus_Evidence/evidence/FOCUS-MATRIX/additional-seeds/seed_1/replay/20261003T010503455221Z/Seed1Row_vw_13.lean,General / shared,279,"Email supplement received 06:19:17 CEST, after cutoff; distinct from on-time PDF | email ZIP",https://mail.google.com/mail/u/0/#all/1a0fffd2419ec392,,contestants/E02/13-archives/Math_Competition_Completed_Results_Submission_Bundle.zip,Math_Competition_Completed_Results_Submission/Focus_Evidence/evidence/FOCUS-MATRIX/additional-seeds/seed_1/replay/20261003T010503455221Z/Seed1Row_vw_13.lean,,3e2eb98d,Filename/path inference; editable in the app
350128,Focus_Evidence/evidence/FOCUS-MATRIX/additional-seeds/seed_1/replay/20261003T010503455221Z/Seed1Row_vw_14.lean,General / shared,279,"Email supplement received 06:19:17 CEST, after cutoff; distinct from on-time PDF | email ZIP",https://mail.google.com/mail/u/0/#all/1a0fffd2419ec392,,contestants/E02/13-archives/Math_Competition_Completed_Results_Submission_Bundle.zip,Math_Competition_Completed_Results_Submission/Focus_Evidence/evidence/FOCUS-MATRIX/additional-seeds/seed_1/replay/20261003T010503455221Z/Seed1Row_vw_14.lean,,c596704d,Filename/path inference; editable in the app
350130,Focus_Evidence/evidence/FOCUS-MATRIX/additional-seeds/seed_1/replay/20261003T010503455221Z/Seed1Row_vw_15.lean,General / shared,279,"Email supplement received 06:19:17 CEST, after cutoff; distinct from on-time PDF | email ZIP",https://mail.google.com/mail/u/0/#all/1a0fffd2419ec392,,contestants/E02/13-archives/Math_Competition_Completed_Results_Submission_Bundle.zip,Math_Competition_Completed_Results_Submission/Focus_Evidence/evidence/FOCUS-MATRIX/additional-seeds/seed_1/replay/20261003T010503455221Z/Seed1Row_vw_15.lean,,6a885c3b,Filename/path inference; editable in the app
350132,Focus_Evidence/evidence/FOCUS-MATRIX/additional-seeds/seed_1/replay/20261003T010503455221Z/Seed1Row_vw_16.lean,General / shared,279,"Email supplement received 06:19:17 CEST, after cutoff; distinct from on-time PDF | email ZIP",https://mail.google.com/mail/u/0/#all/1a0fffd2419ec392,,contestants/E02/13-archives/Math_Competition_Completed_Results_Submission_Bundle.zip,Math_Competition_Completed_Results_Submission/Focus_Evidence/evidence/FOCUS-MATRIX/additional-seeds/seed_1/replay/20261003T010503455221Z/Seed1Row_vw_16.lean,,40db2ee0,Filename/path inference; editable in the app
350134,Focus_Evidence/evidence/FOCUS-MATRIX/additional-seeds/seed_1/replay/20261003T010503455221Z/Seed1Row_vw_17.lean,General / shared,279,"Email supplement received 06:19:17 CEST, after cutoff; distinct from on-time PDF | email ZIP",https://mail.google.com/mail/u/0/#all/1a0fffd2419ec392,,contestants/E02/13-archives/Math_Competition_Completed_Results_Submission_Bundle.zip,Math_Competition_Completed_Results_Submission/Focus_Evidence/evidence/FOCUS-MATRIX/additional-seeds/seed_1/replay/20261003T010503455221Z/Seed1Row_vw_17.lean,,efc50296,Filename/path inference; editable in the app
350136,Focus_Evidence/evidence/FOCUS-MATRIX/additional-seeds/seed_1/replay/20261003T010503455221Z/Seed1Row_vw_18.lean,General / shared,279,"Email supplement received 06:19:17 CEST, after cutoff; distinct from on-time PDF | email ZIP",https://mail.google.com/mail/u/0/#all/1a0fffd2419ec392,,contestants/E02/13-archives/Math_Competition_Completed_Results_Submission_Bundle.zip,Math_Competition_Completed_Results_Submission/Focus_Evidence/evidence/FOCUS-MATRIX/additional-seeds/seed_1/replay/20261003T010503455221Z/Seed1Row_vw_18.lean,,6cdbbb21,Filename/path inference; editable in the app
350138,Focus_Evidence/evidence/FOCUS-MATRIX/additional-seeds/seed_1/replay/20261003T010503455221Z/Seed1Row_vw_19.lean,General / shared,279,"Email supplement received 06:19:17 CEST, after cutoff; distinct from on-time PDF | email ZIP",https://mail.google.com/mail/u/0/#all/1a0fffd2419ec392,,contestants/E02/13-archives/Math_Competition_Completed_Results_Submission_Bundle.zip,Math_Competition_Completed_Results_Submission/Focus_Evidence/evidence/FOCUS-MATRIX/additional-seeds/seed_1/replay/20261003T010503455221Z/Seed1Row_vw_19.lean,,c3c59757,Filename/path inference; editable in the app
350140,Focus_Evidence/evidence/FOCUS-MATRIX/additional-seeds/seed_1/replay/20261003T010503455221Z/Seed1Row_vw_20.lean,General / shared,279,"Email supplement received 06:19:17 CEST, after cutoff; distinct from on-time PDF | email ZIP",https://mail.google.com/mail/u/0/#all/1a0fffd2419ec392,,contestants/E02/13-archives/Math_Competition_Completed_Results_Submission_Bundle.zip,Math_Competition_Completed_Results_Submission/Focus_Evidence/evidence/FOCUS-MATRIX/additional-seeds/seed_1/replay/20261003T010503455221Z/Seed1Row_vw_20.lean,,05569378,Filename/path inference; editable in the app
350142,Focus_Evidence/evidence/FOCUS-MATRIX/additional-seeds/seed_1/replay/20261003T010503455221Z/Seed1Row_vw_21.lean,General / shared,279,"Email supplement received 06:19:17 CEST, after cutoff; distinct from on-time PDF | email ZIP",https://mail.google.com/mail/u/0/#all/1a0fffd2419ec392,,contestants/E02/13-archives/Math_Competition_Completed_Results_Submission_Bundle.zip,Math_Competition_Completed_Results_Submission/Focus_Evidence/evidence/FOCUS-MATRIX/additional-seeds/seed_1/replay/20261003T010503455221Z/Seed1Row_vw_21.lean,,aa48bf0e,Filename/path inference; editable in the app
350144,Focus_Evidence/evidence/FOCUS-MATRIX/additional-seeds/seed_1/replay/20261003T010503455221Z/Seed1Row_vw_22.lean,General / shared,279,"Email supplement received 06:19:17 CEST, after cutoff; distinct from on-time PDF | email ZIP",https://mail.google.com/mail/u/0/#all/1a0fffd2419ec392,,contestants/E02/13-archives/Math_Competition_Completed_Results_Submission_Bundle.zip,Math_Competition_Completed_Results_Submission/Focus_Evidence/evidence/FOCUS-MATRIX/additional-seeds/seed_1/replay/20261003T010503455221Z/Seed1Row_vw_22.lean,,801bcdd5,Filename/path inference; editable in the app
350153,Focus_Evidence/evidence/FOCUS-MATRIX/additional-seeds/seed_2/proof/Seed2KernelData.lean,General / shared,9410,"Email supplement received 06:19:17 CEST, after cutoff; distinct from on-time PDF | email ZIP",https://mail.google.com/mail/u/0/#all/1a0fffd2419ec392,,contestants/E02/13-archives/Math_Competition_Completed_Results_Submission_Bundle.zip,Math_Competition_Completed_Results_Submission/Focus_Evidence/evidence/FOCUS-MATRIX/additional-seeds/seed_2/proof/Seed2KernelData.lean,,929322ca,Filename/path inference; editable in the app
350154,Focus_Evidence/evidence/FOCUS-MATRIX/additional-seeds/seed_2/proof/Seed2KernelFinal.lean,General / shared,7015,"Email supplement received 06:19:17 CEST, after cutoff; distinct from on-time PDF | email ZIP",https://mail.google.com/mail/u/0/#all/1a0fffd2419ec392,,contestants/E02/13-archives/Math_Competition_Completed_Results_Submission_Bundle.zip,Math_Competition_Completed_Results_Submission/Focus_Evidence/evidence/FOCUS-MATRIX/additional-seeds/seed_2/proof/Seed2KernelFinal.lean,,2fc700ef,Filename/path inference; editable in the app
350155,Focus_Evidence/evidence/FOCUS-MATRIX/additional-seeds/seed_2/proof/Seed2Row_uv_00.lean,General / shared,275,"Email supplement received 06:19:17 CEST, after cutoff; distinct from on-time PDF | email ZIP",https://mail.google.com/mail/u/0/#all/1a0fffd2419ec392,,contestants/E02/13-archives/Math_Competition_Completed_Results_Submission_Bundle.zip,Math_Competition_Completed_Results_Submission/Focus_Evidence/evidence/FOCUS-MATRIX/additional-seeds/seed_2/proof/Seed2Row_uv_00.lean,,083e536e,Filename/path inference; editable in the app
350156,Focus_Evidence/evidence/FOCUS-MATRIX/additional-seeds/seed_2/proof/Seed2Row_uv_01.lean,General / shared,275,"Email supplement received 06:19:17 CEST, after cutoff; distinct from on-time PDF | email ZIP",https://mail.google.com/mail/u/0/#all/1a0fffd2419ec392,,contestants/E02/13-archives/Math_Competition_Completed_Results_Submission_Bundle.zip,Math_Competition_Completed_Results_Submission/Focus_Evidence/evidence/FOCUS-MATRIX/additional-seeds/seed_2/proof/Seed2Row_uv_01.lean,,c4b2042e,Filename/path inference; editable in the app
350157,Focus_Evidence/evidence/FOCUS-MATRIX/additional-seeds/seed_2/proof/Seed2Row_uv_02.lean,General / shared,275,"Email supplement received 06:19:17 CEST, after cutoff; distinct from on-time PDF | email ZIP",https://mail.google.com/mail/u/0/#all/1a0fffd2419ec392,,contestants/E02/13-archives/Math_Competition_Completed_Results_Submission_Bundle.zip,Math_Competition_Completed_Results_Submission/Focus_Evidence/evidence/FOCUS-MATRIX/additional-seeds/seed_2/proof/Seed2Row_uv_02.lean,,4a57fbaf,Filename/path inference; editable in the app
350158,Focus_Evidence/evidence/FOCUS-MATRIX/additional-seeds/seed_2/proof/Seed2Row_uv_03.lean,General / shared,275,"Email supplement received 06:19:17 CEST, after cutoff; distinct from on-time PDF | email ZIP",https://mail.google.com/mail/u/0/#all/1a0fffd2419ec392,,contestants/E02/13-archives/Math_Competition_Completed_Results_Submission_Bundle.zip,Math_Competition_Completed_Results_Submission/Focus_Evidence/evidence/FOCUS-MATRIX/additional-seeds/seed_2/proof/Seed2Row_uv_03.lean,,86dbacef,Filename/path inference; editable in the app
350159,Focus_Evidence/evidence/FOCUS-MATRIX/additional-seeds/seed_2/proof/Seed2Row_uv_04.lean,General / shared,275,"Email supplement received 06:19:17 CEST, after cutoff; distinct from on-time PDF | email ZIP",https://mail.google.com/mail/u/0/#all/1a0fffd2419ec392,,contestants/E02/13-archives/Math_Competition_Completed_Results_Submission_Bundle.zip,Math_Competition_Completed_Results_Submission/Focus_Evidence/evidence/FOCUS-MATRIX/additional-seeds/seed_2/proof/Seed2Row_uv_04.lean,,8ced02ec,Filename/path inference; editable in the app
350160,Focus_Evidence/evidence/FOCUS-MATRIX/additional-seeds/seed_2/proof/Seed2Row_uv_05.lean,General / shared,275,"Email supplement received 06:19:17 CEST, after cutoff; distinct from on-time PDF | email ZIP",https://mail.google.com/mail/u/0/#all/1a0fffd2419ec392,,contestants/E02/13-archives/Math_Competition_Completed_Results_Submission_Bundle.zip,Math_Competition_Completed_Results_Submission/Focus_Evidence/evidence/FOCUS-MATRIX/additional-seeds/seed_2/proof/Seed2Row_uv_05.lean,,406155ac,Filename/path inference; editable in the app
350161,Focus_Evidence/evidence/FOCUS-MATRIX/additional-seeds/seed_2/proof/Seed2Row_uv_06.lean,General / shared,275,"Email supplement received 06:19:17 CEST, after cutoff; distinct from on-time PDF | email ZIP",https://mail.google.com/mail/u/0/#all/1a0fffd2419ec392,,contestants/E02/13-archives/Math_Competition_Completed_Results_Submission_Bundle.zip,Math_Competition_Completed_Results_Submission/Focus_Evidence/evidence/FOCUS-MATRIX/additional-seeds/seed_2/proof/Seed2Row_uv_06.lean,,ce84aa2d,Filename/path inference; editable in the app
350162,Focus_Evidence/evidence/FOCUS-MATRIX/additional-seeds/seed_2/proof/Seed2Row_uv_07.lean,General / shared,275,"Email supplement received 06:19:17 CEST, after cutoff; distinct from on-time PDF | email ZIP",https://mail.google.com/mail/u/0/#all/1a0fffd2419ec392,,contestants/E02/13-archives/Math_Competition_Completed_Results_Submission_Bundle.zip,Math_Competition_Completed_Results_Submission/Focus_Evidence/evidence/FOCUS-MATRIX/additional-seeds/seed_2/proof/Seed2Row_uv_07.lean,,0208fd6d,Filename/path inference; editable in the app
350163,Focus_Evidence/evidence/FOCUS-MATRIX/additional-seeds/seed_2/proof/Seed2Row_uv_08.lean,General / shared,275,"Email supplement received 06:19:17 CEST, after cutoff; distinct from on-time PDF | email ZIP",https://mail.google.com/mail/u/0/#all/1a0fffd2419ec392,,contestants/E02/13-archives/Math_Competition_Completed_Results_Submission_Bundle.zip,Math_Competition_Completed_Results_Submission/Focus_Evidence/evidence/FOCUS-MATRIX/additional-seeds/seed_2/proof/Seed2Row_uv_08.lean,,dae9f62b,Filename/path inference; editable in the app
350164,Focus_Evidence/evidence/FOCUS-MATRIX/additional-seeds/seed_2/proof/Seed2Row_uv_09.lean,General / shared,275,"Email supplement received 06:19:17 CEST, after cutoff; distinct from on-time PDF | email ZIP",https://mail.google.com/mail/u/0/#all/1a0fffd2419ec392,,contestants/E02/13-archives/Math_Competition_Completed_Results_Submission_Bundle.zip,Math_Competition_Completed_Results_Submission/Focus_Evidence/evidence/FOCUS-MATRIX/additional-seeds/seed_2/proof/Seed2Row_uv_09.lean,,1665a16b,Filename/path inference; editable in the app
350165,Focus_Evidence/evidence/FOCUS-MATRIX/additional-seeds/seed_2/proof/Seed2Row_uv_10.lean,General / shared,279,"Email supplement received 06:19:17 CEST, after cutoff; distinct from on-time PDF | email ZIP",https://mail.google.com/mail/u/0/#all/1a0fffd2419ec392,,contestants/E02/13-archives/Math_Competition_Completed_Results_Submission_Bundle.zip,Math_Competition_Completed_Results_Submission/Focus_Evidence/evidence/FOCUS-MATRIX/additional-seeds/seed_2/proof/Seed2Row_uv_10.lean,,f106a37c,Filename/path inference; editable in the app
350166,Focus_Evidence/evidence/FOCUS-MATRIX/additional-seeds/seed_2/proof/Seed2Row_uv_11.lean,General / shared,279,"Email supplement received 06:19:17 CEST, after cutoff; distinct from on-time PDF | email ZIP",https://mail.google.com/mail/u/0/#all/1a0fffd2419ec392,,contestants/E02/13-archives/Math_Competition_Completed_Results_Submission_Bundle.zip,Math_Competition_Completed_Results_Submission/Focus_Evidence/evidence/FOCUS-MATRIX/additional-seeds/seed_2/proof/Seed2Row_uv_11.lean,,5e188f0a,Filename/path inference; editable in the app
350167,Focus_Evidence/evidence/FOCUS-MATRIX/additional-seeds/seed_2/proof/Seed2Row_uv_12.lean,General / shared,279,"Email supplement received 06:19:17 CEST, after cutoff; distinct from on-time PDF | email ZIP",https://mail.google.com/mail/u/0/#all/1a0fffd2419ec392,,contestants/E02/13-archives/Math_Competition_Completed_Results_Submission_Bundle.zip,Math_Competition_Completed_Results_Submission/Focus_Evidence/evidence/FOCUS-MATRIX/additional-seeds/seed_2/proof/Seed2Row_uv_12.lean,,744bfdd1,Filename/path inference; editable in the app
350168,Focus_Evidence/evidence/FOCUS-MATRIX/additional-seeds/seed_2/proof/Seed2Row_uv_13.lean,General / shared,279,"Email supplement received 06:19:17 CEST, after cutoff; distinct from on-time PDF | email ZIP",https://mail.google.com/mail/u/0/#all/1a0fffd2419ec392,,contestants/E02/13-archives/Math_Competition_Completed_Results_Submission_Bundle.zip,Math_Competition_Completed_Results_Submission/Focus_Evidence/evidence/FOCUS-MATRIX/additional-seeds/seed_2/proof/Seed2Row_uv_13.lean,,db55d1a7,Filename/path inference; editable in the app
350169,Focus_Evidence/evidence/FOCUS-MATRIX/additional-seeds/seed_2/proof/Seed2Row_uv_14.lean,General / shared,279,"Email supplement received 06:19:17 CEST, after cutoff; distinct from on-time PDF | email ZIP",https://mail.google.com/mail/u/0/#all/1a0fffd2419ec392,,contestants/E02/13-archives/Math_Competition_Completed_Results_Submission_Bundle.zip,Math_Competition_Completed_Results_Submission/Focus_Evidence/evidence/FOCUS-MATRIX/additional-seeds/seed_2/proof/Seed2Row_uv_14.lean,,20ed1867,Filename/path inference; editable in the app
350170,Focus_Evidence/evidence/FOCUS-MATRIX/additional-seeds/seed_2/proof/Seed2Row_uv_15.lean,General / shared,279,"Email supplement received 06:19:17 CEST, after cutoff; distinct from on-time PDF | email ZIP",https://mail.google.com/mail/u/0/#all/1a0fffd2419ec392,,contestants/E02/13-archives/Math_Competition_Completed_Results_Submission_Bundle.zip,Math_Competition_Completed_Results_Submission/Focus_Evidence/evidence/FOCUS-MATRIX/additional-seeds/seed_2/proof/Seed2Row_uv_15.lean,,8ff33411,Filename/path inference; editable in the app
350171,Focus_Evidence/evidence/FOCUS-MATRIX/additional-seeds/seed_2/proof/Seed2Row_uv_16.lean,General / shared,279,"Email supplement received 06:19:17 CEST, after cutoff; distinct from on-time PDF | email ZIP",https://mail.google.com/mail/u/0/#all/1a0fffd2419ec392,,contestants/E02/13-archives/Math_Competition_Completed_Results_Submission_Bundle.zip,Math_Competition_Completed_Results_Submission/Focus_Evidence/evidence/FOCUS-MATRIX/additional-seeds/seed_2/proof/Seed2Row_uv_16.lean,,a5a046ca,Filename/path inference; editable in the app
350172,Focus_Evidence/evidence/FOCUS-MATRIX/additional-seeds/seed_2/proof/Seed2Row_uv_17.lean,General / shared,279,"Email supplement received 06:19:17 CEST, after cutoff; distinct from on-time PDF | email ZIP",https://mail.google.com/mail/u/0/#all/1a0fffd2419ec392,,contestants/E02/13-archives/Math_Competition_Completed_Results_Submission_Bundle.zip,Math_Competition_Completed_Results_Submission/Focus_Evidence/evidence/FOCUS-MATRIX/additional-seeds/seed_2/proof/Seed2Row_uv_17.lean,,0abe6abc,Filename/path inference; editable in the app
350173,Focus_Evidence/evidence/FOCUS-MATRIX/additional-seeds/seed_2/proof/Seed2Row_uv_18.lean,General / shared,279,"Email supplement received 06:19:17 CEST, after cutoff; distinct from on-time PDF | email ZIP",https://mail.google.com/mail/u/0/#all/1a0fffd2419ec392,,contestants/E02/13-archives/Math_Competition_Completed_Results_Submission_Bundle.zip,Math_Competition_Completed_Results_Submission/Focus_Evidence/evidence/FOCUS-MATRIX/additional-seeds/seed_2/proof/Seed2Row_uv_18.lean,,89a0d30b,Filename/path inference; editable in the app
350174,Focus_Evidence/evidence/FOCUS-MATRIX/additional-seeds/seed_2/proof/Seed2Row_uv_19.lean,General / shared,279,"Email supplement received 06:19:17 CEST, after cutoff; distinct from on-time PDF | email ZIP",https://mail.google.com/mail/u/0/#all/1a0fffd2419ec392,,contestants/E02/13-archives/Math_Competition_Completed_Results_Submission_Bundle.zip,Math_Competition_Completed_Results_Submission/Focus_Evidence/evidence/FOCUS-MATRIX/additional-seeds/seed_2/proof/Seed2Row_uv_19.lean,,26beff7d,Filename/path inference; editable in the app
350175,Focus_Evidence/evidence/FOCUS-MATRIX/additional-seeds/seed_2/proof/Seed2Row_uv_20.lean,General / shared,279,"Email supplement received 06:19:17 CEST, after cutoff; distinct from on-time PDF | email ZIP",https://mail.google.com/mail/u/0/#all/1a0fffd2419ec392,,contestants/E02/13-archives/Math_Competition_Completed_Results_Submission_Bundle.zip,Math_Competition_Completed_Results_Submission/Focus_Evidence/evidence/FOCUS-MATRIX/additional-seeds/seed_2/proof/Seed2Row_uv_20.lean,,e02dfb52,Filename/path inference; editable in the app
350176,Focus_Evidence/evidence/FOCUS-MATRIX/additional-seeds/seed_2/proof/Seed2Row_uv_21.lean,General / shared,279,"Email supplement received 06:19:17 CEST, after cutoff; distinct from on-time PDF | email ZIP",https://mail.google.com/mail/u/0/#all/1a0fffd2419ec392,,contestants/E02/13-archives/Math_Competition_Completed_Results_Submission_Bundle.zip,Math_Competition_Completed_Results_Submission/Focus_Evidence/evidence/FOCUS-MATRIX/additional-seeds/seed_2/proof/Seed2Row_uv_21.lean,,4f33d724,Filename/path inference; editable in the app
350177,Focus_Evidence/evidence/FOCUS-MATRIX/additional-seeds/seed_2/proof/Seed2Row_uv_22.lean,General / shared,279,"Email supplement received 06:19:17 CEST, after cutoff; distinct from on-time PDF | email ZIP",https://mail.google.com/mail/u/0/#all/1a0fffd2419ec392,,contestants/E02/13-archives/Math_Competition_Completed_Results_Submission_Bundle.zip,Math_Competition_Completed_Results_Submission/Focus_Evidence/evidence/FOCUS-MATRIX/additional-seeds/seed_2/proof/Seed2Row_uv_22.lean,,6560a5ff,Filename/path inference; editable in the app
350178,Focus_Evidence/evidence/FOCUS-MATRIX/additional-seeds/seed_2/proof/Seed2Row_uw_00.lean,General / shared,275,"Email supplement received 06:19:17 CEST, after cutoff; distinct from on-time PDF | email ZIP",https://mail.google.com/mail/u/0/#all/1a0fffd2419ec392,,contestants/E02/13-archives/Math_Competition_Completed_Results_Submission_Bundle.zip,Math_Competition_Completed_Results_Submission/Focus_Evidence/evidence/FOCUS-MATRIX/additional-seeds/seed_2/proof/Seed2Row_uw_00.lean,,fd7939ab,Filename/path inference; editable in the app
350179,Focus_Evidence/evidence/FOCUS-MATRIX/additional-seeds/seed_2/proof/Seed2Row_uw_01.lean,General / shared,275,"Email supplement received 06:19:17 CEST, after cutoff; distinct from on-time PDF | email ZIP",https://mail.google.com/mail/u/0/#all/1a0fffd2419ec392,,contestants/E02/13-archives/Math_Competition_Completed_Results_Submission_Bundle.zip,Math_Competition_Completed_Results_Submission/Focus_Evidence/evidence/FOCUS-MATRIX/additional-seeds/seed_2/proof/Seed2Row_uw_01.lean,,31f56eeb,Filename/path inference; editable in the app
350180,Focus_Evidence/evidence/FOCUS-MATRIX/additional-seeds/seed_2/proof/Seed2Row_uw_02.lean,General / shared,275,"Email supplement received 06:19:17 CEST, after cutoff; distinct from on-time PDF | email ZIP",https://mail.google.com/mail/u/0/#all/1a0fffd2419ec392,,contestants/E02/13-archives/Math_Competition_Completed_Results_Submission_Bundle.zip,Math_Competition_Completed_Results_Submission/Focus_Evidence/evidence/FOCUS-MATRIX/additional-seeds/seed_2/proof/Seed2Row_uw_02.lean,,bf10916a,Filename/path inference; editable in the app
350181,Focus_Evidence/evidence/FOCUS-MATRIX/additional-seeds/seed_2/proof/Seed2Row_uw_03.lean,General / shared,275,"Email supplement received 06:19:17 CEST, after cutoff; distinct from on-time PDF | email ZIP",https://mail.google.com/mail/u/0/#all/1a0fffd2419ec392,,contestants/E02/13-archives/Math_Competition_Completed_Results_Submission_Bundle.zip,Math_Competition_Completed_Results_Submission/Focus_Evidence/evidence/FOCUS-MATRIX/additional-seeds/seed_2/proof/Seed2Row_uw_03.lean,,739cc62a,Filename/path inference; editable in the app
350182,Focus_Evidence/evidence/FOCUS-MATRIX/additional-seeds/seed_2/proof/Seed2Row_uw_04.lean,General / shared,275,"Email supplement received 06:19:17 CEST, after cutoff; distinct from on-time PDF | email ZIP",https://mail.google.com/mail/u/0/#all/1a0fffd2419ec392,,contestants/E02/13-archives/Math_Competition_Completed_Results_Submission_Bundle.zip,Math_Competition_Completed_Results_Submission/Focus_Evidence/evidence/FOCUS-MATRIX/additional-seeds/seed_2/proof/Seed2Row_uw_04.lean,,79aa6829,Filename/path inference; editable in the app
350183,Focus_Evidence/evidence/FOCUS-MATRIX/additional-seeds/seed_2/proof/Seed2Row_uw_05.lean,General / shared,275,"Email supplement received 06:19:17 CEST, after cutoff; distinct from on-time PDF | email ZIP",https://mail.google.com/mail/u/0/#all/1a0fffd2419ec392,,contestants/E02/13-archives/Math_Competition_Completed_Results_Submission_Bundle.zip,Math_Competition_Completed_Results_Submission/Focus_Evidence/evidence/FOCUS-MATRIX/additional-seeds/seed_2/proof/Seed2Row_uw_05.lean,,b5263f69,Filename/path inference; editable in the app
350184,Focus_Evidence/evidence/FOCUS-MATRIX/additional-seeds/seed_2/proof/Seed2Row_uw_06.lean,General / shared,275,"Email supplement received 06:19:17 CEST, after cutoff; distinct from on-time PDF | email ZIP",https://mail.google.com/mail/u/0/#all/1a0fffd2419ec392,,contestants/E02/13-archives/Math_Competition_Completed_Results_Submission_Bundle.zip,Math_Competition_Completed_Results_Submission/Focus_Evidence/evidence/FOCUS-MATRIX/additional-seeds/seed_2/proof/Seed2Row_uw_06.lean,,3bc3c0e8,Filename/path inference; editable in the app
350185,Focus_Evidence/evidence/FOCUS-MATRIX/additional-seeds/seed_2/proof/Seed2Row_uw_07.lean,General / shared,275,"Email supplement received 06:19:17 CEST, after cutoff; distinct from on-time PDF | email ZIP",https://mail.google.com/mail/u/0/#all/1a0fffd2419ec392,,contestants/E02/13-archives/Math_Competition_Completed_Results_Submission_Bundle.zip,Math_Competition_Completed_Results_Submission/Focus_Evidence/evidence/FOCUS-MATRIX/additional-seeds/seed_2/proof/Seed2Row_uw_07.lean,,f74f97a8,Filename/path inference; editable in the app
350186,Focus_Evidence/evidence/FOCUS-MATRIX/additional-seeds/seed_2/proof/Seed2Row_uw_08.lean,General / shared,275,"Email supplement received 06:19:17 CEST, after cutoff; distinct from on-time PDF | email ZIP",https://mail.google.com/mail/u/0/#all/1a0fffd2419ec392,,contestants/E02/13-archives/Math_Competition_Completed_Results_Submission_Bundle.zip,Math_Competition_Completed_Results_Submission/Focus_Evidence/evidence/FOCUS-MATRIX/additional-seeds/seed_2/proof/Seed2Row_uw_08.lean,,2fae9cee,Filename/path inference; editable in the app
350187,Focus_Evidence/evidence/FOCUS-MATRIX/additional-seeds/seed_2/proof/Seed2Row_uw_09.lean,General / shared,275,"Email supplement received 06:19:17 CEST, after cutoff; distinct from on-time PDF | email ZIP",https://mail.google.com/mail/u/0/#all/1a0fffd2419ec392,,contestants/E02/13-archives/Math_Competition_Completed_Results_Submission_Bundle.zip,Math_Competition_Completed_Results_Submission/Focus_Evidence/evidence/FOCUS-MATRIX/additional-seeds/seed_2/proof/Seed2Row_uw_09.lean,,e322cbae,Filename/path inference; editable in the app
350188,Focus_Evidence/evidence/FOCUS-MATRIX/additional-seeds/seed_2/proof/Seed2Row_uw_10.lean,General / shared,279,"Email supplement received 06:19:17 CEST, after cutoff; distinct from on-time PDF | email ZIP",https://mail.google.com/mail/u/0/#all/1a0fffd2419ec392,,contestants/E02/13-archives/Math_Competition_Completed_Results_Submission_Bundle.zip,Math_Competition_Completed_Results_Submission/Focus_Evidence/evidence/FOCUS-MATRIX/additional-seeds/seed_2/proof/Seed2Row_uw_10.lean,,809c11cb,Filename/path inference; editable in the app
350189,Focus_Evidence/evidence/FOCUS-MATRIX/additional-seeds/seed_2/proof/Seed2Row_uw_11.lean,General / shared,279,"Email supplement received 06:19:17 CEST, after cutoff; distinct from on-time PDF | email ZIP",https://mail.google.com/mail/u/0/#all/1a0fffd2419ec392,,contestants/E02/13-archives/Math_Competition_Completed_Results_Submission_Bundle.zip,Math_Competition_Completed_Results_Submission/Focus_Evidence/evidence/FOCUS-MATRIX/additional-seeds/seed_2/proof/Seed2Row_uw_11.lean,,2f823dbd,Filename/path inference; editable in the app
350190,Focus_Evidence/evidence/FOCUS-MATRIX/additional-seeds/seed_2/proof/Seed2Row_uw_12.lean,General / shared,279,"Email supplement received 06:19:17 CEST, after cutoff; distinct from on-time PDF | email ZIP",https://mail.google.com/mail/u/0/#all/1a0fffd2419ec392,,contestants/E02/13-archives/Math_Competition_Completed_Results_Submission_Bundle.zip,Math_Competition_Completed_Results_Submission/Focus_Evidence/evidence/FOCUS-MATRIX/additional-seeds/seed_2/proof/Seed2Row_uw_12.lean,,05d14f66,Filename/path inference; editable in the app
350191,Focus_Evidence/evidence/FOCUS-MATRIX/additional-seeds/seed_2/proof/Seed2Row_uw_13.lean,General / shared,279,"Email supplement received 06:19:17 CEST, after cutoff; distinct from on-time PDF | email ZIP",https://mail.google.com/mail/u/0/#all/1a0fffd2419ec392,,contestants/E02/13-archives/Math_Competition_Completed_Results_Submission_Bundle.zip,Math_Competition_Completed_Results_Submission/Focus_Evidence/evidence/FOCUS-MATRIX/additional-seeds/seed_2/proof/Seed2Row_uw_13.lean,,aacf6310,Filename/path inference; editable in the app
350192,Focus_Evidence/evidence/FOCUS-MATRIX/additional-seeds/seed_2/proof/Seed2Row_uw_14.lean,General / shared,279,"Email supplement received 06:19:17 CEST, after cutoff; distinct from on-time PDF | email ZIP",https://mail.google.com/mail/u/0/#all/1a0fffd2419ec392,,contestants/E02/13-archives/Math_Competition_Completed_Results_Submission_Bundle.zip,Math_Competition_Completed_Results_Submission/Focus_Evidence/evidence/FOCUS-MATRIX/additional-seeds/seed_2/proof/Seed2Row_uw_14.lean,,5177aad0,Filename/path inference; editable in the app
350193,Focus_Evidence/evidence/FOCUS-MATRIX/additional-seeds/seed_2/proof/Seed2Row_uw_15.lean,General / shared,279,"Email supplement received 06:19:17 CEST, after cutoff; distinct from on-time PDF | email ZIP",https://mail.google.com/mail/u/0/#all/1a0fffd2419ec392,,contestants/E02/13-archives/Math_Competition_Completed_Results_Submission_Bundle.zip,Math_Competition_Completed_Results_Submission/Focus_Evidence/evidence/FOCUS-MATRIX/additional-seeds/seed_2/proof/Seed2Row_uw_15.lean,,fe6986a6,Filename/path inference; editable in the app
350194,Focus_Evidence/evidence/FOCUS-MATRIX/additional-seeds/seed_2/proof/Seed2Row_uw_16.lean,General / shared,279,"Email supplement received 06:19:17 CEST, after cutoff; distinct from on-time PDF | email ZIP",https://mail.google.com/mail/u/0/#all/1a0fffd2419ec392,,contestants/E02/13-archives/Math_Competition_Completed_Results_Submission_Bundle.zip,Math_Competition_Completed_Results_Submission/Focus_Evidence/evidence/FOCUS-MATRIX/additional-seeds/seed_2/proof/Seed2Row_uw_16.lean,,d43af47d,Filename/path inference; editable in the app
350195,Focus_Evidence/evidence/FOCUS-MATRIX/additional-seeds/seed_2/proof/Seed2Row_uw_17.lean,General / shared,279,"Email supplement received 06:19:17 CEST, after cutoff; distinct from on-time PDF | email ZIP",https://mail.google.com/mail/u/0/#all/1a0fffd2419ec392,,contestants/E02/13-archives/Math_Competition_Completed_Results_Submission_Bundle.zip,Math_Competition_Completed_Results_Submission/Focus_Evidence/evidence/FOCUS-MATRIX/additional-seeds/seed_2/proof/Seed2Row_uw_17.lean,,7b24d80b,Filename/path inference; editable in the app
350196,Focus_Evidence/evidence/FOCUS-MATRIX/additional-seeds/seed_2/proof/Seed2Row_uw_18.lean,General / shared,279,"Email supplement received 06:19:17 CEST, after cutoff; distinct from on-time PDF | email ZIP",https://mail.google.com/mail/u/0/#all/1a0fffd2419ec392,,contestants/E02/13-archives/Math_Competition_Completed_Results_Submission_Bundle.zip,Math_Competition_Completed_Results_Submission/Focus_Evidence/evidence/FOCUS-MATRIX/additional-seeds/seed_2/proof/Seed2Row_uw_18.lean,,f83a61bc,Filename/path inference; editable in the app
350197,Focus_Evidence/evidence/FOCUS-MATRIX/additional-seeds/seed_2/proof/Seed2Row_uw_19.lean,General / shared,279,"Email supplement received 06:19:17 CEST, after cutoff; distinct from on-time PDF | email ZIP",https://mail.google.com/mail/u/0/#all/1a0fffd2419ec392,,contestants/E02/13-archives/Math_Competition_Completed_Results_Submission_Bundle.zip,Math_Competition_Completed_Results_Submission/Focus_Evidence/evidence/FOCUS-MATRIX/additional-seeds/seed_2/proof/Seed2Row_uw_19.lean,,57244dca,Filename/path inference; editable in the app
350198,Focus_Evidence/evidence/FOCUS-MATRIX/additional-seeds/seed_2/proof/Seed2Row_uw_20.lean,General / shared,279,"Email supplement received 06:19:17 CEST, after cutoff; distinct from on-time PDF | email ZIP",https://mail.google.com/mail/u/0/#all/1a0fffd2419ec392,,contestants/E02/13-archives/Math_Competition_Completed_Results_Submission_Bundle.zip,Math_Competition_Completed_Results_Submission/Focus_Evidence/evidence/FOCUS-MATRIX/additional-seeds/seed_2/proof/Seed2Row_uw_20.lean,,91b749e5,Filename/path inference; editable in the app
350199,Focus_Evidence/evidence/FOCUS-MATRIX/additional-seeds/seed_2/proof/Seed2Row_uw_21.lean,General / shared,279,"Email supplement received 06:19:17 CEST, after cutoff; distinct from on-time PDF | email ZIP",https://mail.google.com/mail/u/0/#all/1a0fffd2419ec392,,contestants/E02/13-archives/Math_Competition_Completed_Results_Submission_Bundle.zip,Math_Competition_Completed_Results_Submission/Focus_Evidence/evidence/FOCUS-MATRIX/additional-seeds/seed_2/proof/Seed2Row_uw_21.lean,,3ea96593,Filename/path inference; editable in the app
350200,Focus_Evidence/evidence/FOCUS-MATRIX/additional-seeds/seed_2/proof/Seed2Row_uw_22.lean,General / shared,279,"Email supplement received 06:19:17 CEST, after cutoff; distinct from on-time PDF | email ZIP",https://mail.google.com/mail/u/0/#all/1a0fffd2419ec392,,contestants/E02/13-archives/Math_Competition_Completed_Results_Submission_Bundle.zip,Math_Competition_Completed_Results_Submission/Focus_Evidence/evidence/FOCUS-MATRIX/additional-seeds/seed_2/proof/Seed2Row_uw_22.lean,,14fa1748,Filename/path inference; editable in the app
350201,Focus_Evidence/evidence/FOCUS-MATRIX/additional-seeds/seed_2/proof/Seed2Row_vw_00.lean,General / shared,275,"Email supplement received 06:19:17 CEST, after cutoff; distinct from on-time PDF | email ZIP",https://mail.google.com/mail/u/0/#all/1a0fffd2419ec392,,contestants/E02/13-archives/Math_Competition_Completed_Results_Submission_Bundle.zip,Math_Competition_Completed_Results_Submission/Focus_Evidence/evidence/FOCUS-MATRIX/additional-seeds/seed_2/proof/Seed2Row_vw_00.lean,,1a05ac15,Filename/path inference; editable in the app
350202,Focus_Evidence/evidence/FOCUS-MATRIX/additional-seeds/seed_2/proof/Seed2Row_vw_01.lean,General / shared,275,"Email supplement received 06:19:17 CEST, after cutoff; distinct from on-time PDF | email ZIP",https://mail.google.com/mail/u/0/#all/1a0fffd2419ec392,,contestants/E02/13-archives/Math_Competition_Completed_Results_Submission_Bundle.zip,Math_Competition_Completed_Results_Submission/Focus_Evidence/evidence/FOCUS-MATRIX/additional-seeds/seed_2/proof/Seed2Row_vw_01.lean,,d689fb55,Filename/path inference; editable in the app
350203,Focus_Evidence/evidence/FOCUS-MATRIX/additional-seeds/seed_2/proof/Seed2Row_vw_02.lean,General / shared,275,"Email supplement received 06:19:17 CEST, after cutoff; distinct from on-time PDF | email ZIP",https://mail.google.com/mail/u/0/#all/1a0fffd2419ec392,,contestants/E02/13-archives/Math_Competition_Completed_Results_Submission_Bundle.zip,Math_Competition_Completed_Results_Submission/Focus_Evidence/evidence/FOCUS-MATRIX/additional-seeds/seed_2/proof/Seed2Row_vw_02.lean,,586c04d4,Filename/path inference; editable in the app
350204,Focus_Evidence/evidence/FOCUS-MATRIX/additional-seeds/seed_2/proof/Seed2Row_vw_03.lean,General / shared,275,"Email supplement received 06:19:17 CEST, after cutoff; distinct from on-time PDF | email ZIP",https://mail.google.com/mail/u/0/#all/1a0fffd2419ec392,,contestants/E02/13-archives/Math_Competition_Completed_Results_Submission_Bundle.zip,Math_Competition_Completed_Results_Submission/Focus_Evidence/evidence/FOCUS-MATRIX/additional-seeds/seed_2/proof/Seed2Row_vw_03.lean,,94e05394,Filename/path inference; editable in the app
350205,Focus_Evidence/evidence/FOCUS-MATRIX/additional-seeds/seed_2/proof/Seed2Row_vw_04.lean,General / shared,275,"Email supplement received 06:19:17 CEST, after cutoff; distinct from on-time PDF | email ZIP",https://mail.google.com/mail/u/0/#all/1a0fffd2419ec392,,contestants/E02/13-archives/Math_Competition_Completed_Results_Submission_Bundle.zip,Math_Competition_Completed_Results_Submission/Focus_Evidence/evidence/FOCUS-MATRIX/additional-seeds/seed_2/proof/Seed2Row_vw_04.lean,,9ed6fd97,Filename/path inference; editable in the app
350206,Focus_Evidence/evidence/FOCUS-MATRIX/additional-seeds/seed_2/proof/Seed2Row_vw_05.lean,General / shared,275,"Email supplement received 06:19:17 CEST, after cutoff; distinct from on-time PDF | email ZIP",https://mail.google.com/mail/u/0/#all/1a0fffd2419ec392,,contestants/E02/13-archives/Math_Competition_Completed_Results_Submission_Bundle.zip,Math_Competition_Completed_Results_Submission/Focus_Evidence/evidence/FOCUS-MATRIX/additional-seeds/seed_2/proof/Seed2Row_vw_05.lean,,525aaad7,Filename/path inference; editable in the app
350207,Focus_Evidence/evidence/FOCUS-MATRIX/additional-seeds/seed_2/proof/Seed2Row_vw_06.lean,General / shared,275,"Email supplement received 06:19:17 CEST, after cutoff; distinct from on-time PDF | email ZIP",https://mail.google.com/mail/u/0/#all/1a0fffd2419ec392,,contestants/E02/13-archives/Math_Competition_Completed_Results_Submission_Bundle.zip,Math_Competition_Completed_Results_Submission/Focus_Evidence/evidence/FOCUS-MATRIX/additional-seeds/seed_2/proof/Seed2Row_vw_06.lean,,dcbf5556,Filename/path inference; editable in the app
350208,Focus_Evidence/evidence/FOCUS-MATRIX/additional-seeds/seed_2/proof/Seed2Row_vw_07.lean,General / shared,275,"Email supplement received 06:19:17 CEST, after cutoff; distinct from on-time PDF | email ZIP",https://mail.google.com/mail/u/0/#all/1a0fffd2419ec392,,contestants/E02/13-archives/Math_Competition_Completed_Results_Submission_Bundle.zip,Math_Competition_Completed_Results_Submission/Focus_Evidence/evidence/FOCUS-MATRIX/additional-seeds/seed_2/proof/Seed2Row_vw_07.lean,,10330216,Filename/path inference; editable in the app
350209,Focus_Evidence/evidence/FOCUS-MATRIX/additional-seeds/seed_2/proof/Seed2Row_vw_08.lean,General / shared,275,"Email supplement received 06:19:17 CEST, after cutoff; distinct from on-time PDF | email ZIP",https://mail.google.com/mail/u/0/#all/1a0fffd2419ec392,,contestants/E02/13-archives/Math_Competition_Completed_Results_Submission_Bundle.zip,Math_Competition_Completed_Results_Submission/Focus_Evidence/evidence/FOCUS-MATRIX/additional-seeds/seed_2/proof/Seed2Row_vw_08.lean,,c8d20950,Filename/path inference; editable in the app
350210,Focus_Evidence/evidence/FOCUS-MATRIX/additional-seeds/seed_2/proof/Seed2Row_vw_09.lean,General / shared,275,"Email supplement received 06:19:17 CEST, after cutoff; distinct from on-time PDF | email ZIP",https://mail.google.com/mail/u/0/#all/1a0fffd2419ec392,,contestants/E02/13-archives/Math_Competition_Completed_Results_Submission_Bundle.zip,Math_Competition_Completed_Results_Submission/Focus_Evidence/evidence/FOCUS-MATRIX/additional-seeds/seed_2/proof/Seed2Row_vw_09.lean,,045e5e10,Filename/path inference; editable in the app
350211,Focus_Evidence/evidence/FOCUS-MATRIX/additional-seeds/seed_2/proof/Seed2Row_vw_10.lean,General / shared,279,"Email supplement received 06:19:17 CEST, after cutoff; distinct from on-time PDF | email ZIP",https://mail.google.com/mail/u/0/#all/1a0fffd2419ec392,,contestants/E02/13-archives/Math_Competition_Completed_Results_Submission_Bundle.zip,Math_Competition_Completed_Results_Submission/Focus_Evidence/evidence/FOCUS-MATRIX/additional-seeds/seed_2/proof/Seed2Row_vw_10.lean,,7f01d46c,Filename/path inference; editable in the app
350212,Focus_Evidence/evidence/FOCUS-MATRIX/additional-seeds/seed_2/proof/Seed2Row_vw_11.lean,General / shared,279,"Email supplement received 06:19:17 CEST, after cutoff; distinct from on-time PDF | email ZIP",https://mail.google.com/mail/u/0/#all/1a0fffd2419ec392,,contestants/E02/13-archives/Math_Competition_Completed_Results_Submission_Bundle.zip,Math_Competition_Completed_Results_Submission/Focus_Evidence/evidence/FOCUS-MATRIX/additional-seeds/seed_2/proof/Seed2Row_vw_11.lean,,d01ff81a,Filename/path inference; editable in the app
350213,Focus_Evidence/evidence/FOCUS-MATRIX/additional-seeds/seed_2/proof/Seed2Row_vw_12.lean,General / shared,279,"Email supplement received 06:19:17 CEST, after cutoff; distinct from on-time PDF | email ZIP",https://mail.google.com/mail/u/0/#all/1a0fffd2419ec392,,contestants/E02/13-archives/Math_Competition_Completed_Results_Submission_Bundle.zip,Math_Competition_Completed_Results_Submission/Focus_Evidence/evidence/FOCUS-MATRIX/additional-seeds/seed_2/proof/Seed2Row_vw_12.lean,,fa4c8ac1,Filename/path inference; editable in the app
350214,Focus_Evidence/evidence/FOCUS-MATRIX/additional-seeds/seed_2/proof/Seed2Row_vw_13.lean,General / shared,279,"Email supplement received 06:19:17 CEST, after cutoff; distinct from on-time PDF | email ZIP",https://mail.google.com/mail/u/0/#all/1a0fffd2419ec392,,contestants/E02/13-archives/Math_Competition_Completed_Results_Submission_Bundle.zip,Math_Competition_Completed_Results_Submission/Focus_Evidence/evidence/FOCUS-MATRIX/additional-seeds/seed_2/proof/Seed2Row_vw_13.lean,,5552a6b7,Filename/path inference; editable in the app
350215,Focus_Evidence/evidence/FOCUS-MATRIX/additional-seeds/seed_2/proof/Seed2Row_vw_14.lean,General / shared,279,"Email supplement received 06:19:17 CEST, after cutoff; distinct from on-time PDF | email ZIP",https://mail.google.com/mail/u/0/#all/1a0fffd2419ec392,,contestants/E02/13-archives/Math_Competition_Completed_Results_Submission_Bundle.zip,Math_Competition_Completed_Results_Submission/Focus_Evidence/evidence/FOCUS-MATRIX/additional-seeds/seed_2/proof/Seed2Row_vw_14.lean,,aeea6f77,Filename/path inference; editable in the app
350216,Focus_Evidence/evidence/FOCUS-MATRIX/additional-seeds/seed_2/proof/Seed2Row_vw_15.lean,General / shared,279,"Email supplement received 06:19:17 CEST, after cutoff; distinct from on-time PDF | email ZIP",https://mail.google.com/mail/u/0/#all/1a0fffd2419ec392,,contestants/E02/13-archives/Math_Competition_Completed_Results_Submission_Bundle.zip,Math_Competition_Completed_Results_Submission/Focus_Evidence/evidence/FOCUS-MATRIX/additional-seeds/seed_2/proof/Seed2Row_vw_15.lean,,01f44301,Filename/path inference; editable in the app
350217,Focus_Evidence/evidence/FOCUS-MATRIX/additional-seeds/seed_2/proof/Seed2Row_vw_16.lean,General / shared,279,"Email supplement received 06:19:17 CEST, after cutoff; distinct from on-time PDF | email ZIP",https://mail.google.com/mail/u/0/#all/1a0fffd2419ec392,,contestants/E02/13-archives/Math_Competition_Completed_Results_Submission_Bundle.zip,Math_Competition_Completed_Results_Submission/Focus_Evidence/evidence/FOCUS-MATRIX/additional-seeds/seed_2/proof/Seed2Row_vw_16.lean,,2ba731da,Filename/path inference; editable in the app
350218,Focus_Evidence/evidence/FOCUS-MATRIX/additional-seeds/seed_2/proof/Seed2Row_vw_17.lean,General / shared,279,"Email supplement received 06:19:17 CEST, after cutoff; distinct from on-time PDF | email ZIP",https://mail.google.com/mail/u/0/#all/1a0fffd2419ec392,,contestants/E02/13-archives/Math_Competition_Completed_Results_Submission_Bundle.zip,Math_Competition_Completed_Results_Submission/Focus_Evidence/evidence/FOCUS-MATRIX/additional-seeds/seed_2/proof/Seed2Row_vw_17.lean,,84b91dac,Filename/path inference; editable in the app
350219,Focus_Evidence/evidence/FOCUS-MATRIX/additional-seeds/seed_2/proof/Seed2Row_vw_18.lean,General / shared,279,"Email supplement received 06:19:17 CEST, after cutoff; distinct from on-time PDF | email ZIP",https://mail.google.com/mail/u/0/#all/1a0fffd2419ec392,,contestants/E02/13-archives/Math_Competition_Completed_Results_Submission_Bundle.zip,Math_Competition_Completed_Results_Submission/Focus_Evidence/evidence/FOCUS-MATRIX/additional-seeds/seed_2/proof/Seed2Row_vw_18.lean,,07a7a41b,Filename/path inference; editable in the app
350220,Focus_Evidence/evidence/FOCUS-MATRIX/additional-seeds/seed_2/proof/Seed2Row_vw_19.lean,General / shared,279,"Email supplement received 06:19:17 CEST, after cutoff; distinct from on-time PDF | email ZIP",https://mail.google.com/mail/u/0/#all/1a0fffd2419ec392,,contestants/E02/13-archives/Math_Competition_Completed_Results_Submission_Bundle.zip,Math_Competition_Completed_Results_Submission/Focus_Evidence/evidence/FOCUS-MATRIX/additional-seeds/seed_2/proof/Seed2Row_vw_19.lean,,a8b9886d,Filename/path inference; editable in the app
350221,Focus_Evidence/evidence/FOCUS-MATRIX/additional-seeds/seed_2/proof/Seed2Row_vw_20.lean,General / shared,279,"Email supplement received 06:19:17 CEST, after cutoff; distinct from on-time PDF | email ZIP",https://mail.google.com/mail/u/0/#all/1a0fffd2419ec392,,contestants/E02/13-archives/Math_Competition_Completed_Results_Submission_Bundle.zip,Math_Competition_Completed_Results_Submission/Focus_Evidence/evidence/FOCUS-MATRIX/additional-seeds/seed_2/proof/Seed2Row_vw_20.lean,,6e2a8c42,Filename/path inference; editable in the app
350222,Focus_Evidence/evidence/FOCUS-MATRIX/additional-seeds/seed_2/proof/Seed2Row_vw_21.lean,General / shared,279,"Email supplement received 06:19:17 CEST, after cutoff; distinct from on-time PDF | email ZIP",https://mail.google.com/mail/u/0/#all/1a0fffd2419ec392,,contestants/E02/13-archives/Math_Competition_Completed_Results_Submission_Bundle.zip,Math_Competition_Completed_Results_Submission/Focus_Evidence/evidence/FOCUS-MATRIX/additional-seeds/seed_2/proof/Seed2Row_vw_21.lean,,c134a034,Filename/path inference; editable in the app
350223,Focus_Evidence/evidence/FOCUS-MATRIX/additional-seeds/seed_2/proof/Seed2Row_vw_22.lean,General / shared,279,"Email supplement received 06:19:17 CEST, after cutoff; distinct from on-time PDF | email ZIP",https://mail.google.com/mail/u/0/#all/1a0fffd2419ec392,,contestants/E02/13-archives/Math_Competition_Completed_Results_Submission_Bundle.zip,Math_Competition_Completed_Results_Submission/Focus_Evidence/evidence/FOCUS-MATRIX/additional-seeds/seed_2/proof/Seed2Row_vw_22.lean,,eb67d2ef,Filename/path inference; editable in the app
350224,Focus_Evidence/evidence/FOCUS-MATRIX/additional-seeds/seed_2/replay/20261003T010503455591Z/Seed2KernelData.lean,General / shared,9410,"Email supplement received 06:19:17 CEST, after cutoff; distinct from on-time PDF | email ZIP",https://mail.google.com/mail/u/0/#all/1a0fffd2419ec392,,contestants/E02/13-archives/Math_Competition_Completed_Results_Submission_Bundle.zip,Math_Competition_Completed_Results_Submission/Focus_Evidence/evidence/FOCUS-MATRIX/additional-seeds/seed_2/replay/20261003T010503455591Z/Seed2KernelData.lean,,929322ca,Filename/path inference; editable in the app
350226,Focus_Evidence/evidence/FOCUS-MATRIX/additional-seeds/seed_2/replay/20261003T010503455591Z/Seed2KernelFinal.lean,General / shared,7015,"Email supplement received 06:19:17 CEST, after cutoff; distinct from on-time PDF | email ZIP",https://mail.google.com/mail/u/0/#all/1a0fffd2419ec392,,contestants/E02/13-archives/Math_Competition_Completed_Results_Submission_Bundle.zip,Math_Competition_Completed_Results_Submission/Focus_Evidence/evidence/FOCUS-MATRIX/additional-seeds/seed_2/replay/20261003T010503455591Z/Seed2KernelFinal.lean,,2fc700ef,Filename/path inference; editable in the app
350228,Focus_Evidence/evidence/FOCUS-MATRIX/additional-seeds/seed_2/replay/20261003T010503455591Z/Seed2Row_uv_00.lean,General / shared,275,"Email supplement received 06:19:17 CEST, after cutoff; distinct from on-time PDF | email ZIP",https://mail.google.com/mail/u/0/#all/1a0fffd2419ec392,,contestants/E02/13-archives/Math_Competition_Completed_Results_Submission_Bundle.zip,Math_Competition_Completed_Results_Submission/Focus_Evidence/evidence/FOCUS-MATRIX/additional-seeds/seed_2/replay/20261003T010503455591Z/Seed2Row_uv_00.lean,,083e536e,Filename/path inference; editable in the app
350230,Focus_Evidence/evidence/FOCUS-MATRIX/additional-seeds/seed_2/replay/20261003T010503455591Z/Seed2Row_uv_01.lean,General / shared,275,"Email supplement received 06:19:17 CEST, after cutoff; distinct from on-time PDF | email ZIP",https://mail.google.com/mail/u/0/#all/1a0fffd2419ec392,,contestants/E02/13-archives/Math_Competition_Completed_Results_Submission_Bundle.zip,Math_Competition_Completed_Results_Submission/Focus_Evidence/evidence/FOCUS-MATRIX/additional-seeds/seed_2/replay/20261003T010503455591Z/Seed2Row_uv_01.lean,,c4b2042e,Filename/path inference; editable in the app
350232,Focus_Evidence/evidence/FOCUS-MATRIX/additional-seeds/seed_2/replay/20261003T010503455591Z/Seed2Row_uv_02.lean,General / shared,275,"Email supplement received 06:19:17 CEST, after cutoff; distinct from on-time PDF | email ZIP",https://mail.google.com/mail/u/0/#all/1a0fffd2419ec392,,contestants/E02/13-archives/Math_Competition_Completed_Results_Submission_Bundle.zip,Math_Competition_Completed_Results_Submission/Focus_Evidence/evidence/FOCUS-MATRIX/additional-seeds/seed_2/replay/20261003T010503455591Z/Seed2Row_uv_02.lean,,4a57fbaf,Filename/path inference; editable in the app
350234,Focus_Evidence/evidence/FOCUS-MATRIX/additional-seeds/seed_2/replay/20261003T010503455591Z/Seed2Row_uv_03.lean,General / shared,275,"Email supplement received 06:19:17 CEST, after cutoff; distinct from on-time PDF | email ZIP",https://mail.google.com/mail/u/0/#all/1a0fffd2419ec392,,contestants/E02/13-archives/Math_Competition_Completed_Results_Submission_Bundle.zip,Math_Competition_Completed_Results_Submission/Focus_Evidence/evidence/FOCUS-MATRIX/additional-seeds/seed_2/replay/20261003T010503455591Z/Seed2Row_uv_03.lean,,86dbacef,Filename/path inference; editable in the app
350236,Focus_Evidence/evidence/FOCUS-MATRIX/additional-seeds/seed_2/replay/20261003T010503455591Z/Seed2Row_uv_04.lean,General / shared,275,"Email supplement received 06:19:17 CEST, after cutoff; distinct from on-time PDF | email ZIP",https://mail.google.com/mail/u/0/#all/1a0fffd2419ec392,,contestants/E02/13-archives/Math_Competition_Completed_Results_Submission_Bundle.zip,Math_Competition_Completed_Results_Submission/Focus_Evidence/evidence/FOCUS-MATRIX/additional-seeds/seed_2/replay/20261003T010503455591Z/Seed2Row_uv_04.lean,,8ced02ec,Filename/path inference; editable in the app
350238,Focus_Evidence/evidence/FOCUS-MATRIX/additional-seeds/seed_2/replay/20261003T010503455591Z/Seed2Row_uv_05.lean,General / shared,275,"Email supplement received 06:19:17 CEST, after cutoff; distinct from on-time PDF | email ZIP",https://mail.google.com/mail/u/0/#all/1a0fffd2419ec392,,contestants/E02/13-archives/Math_Competition_Completed_Results_Submission_Bundle.zip,Math_Competition_Completed_Results_Submission/Focus_Evidence/evidence/FOCUS-MATRIX/additional-seeds/seed_2/replay/20261003T010503455591Z/Seed2Row_uv_05.lean,,406155ac,Filename/path inference; editable in the app
350240,Focus_Evidence/evidence/FOCUS-MATRIX/additional-seeds/seed_2/replay/20261003T010503455591Z/Seed2Row_uv_06.lean,General / shared,275,"Email supplement received 06:19:17 CEST, after cutoff; distinct from on-time PDF | email ZIP",https://mail.google.com/mail/u/0/#all/1a0fffd2419ec392,,contestants/E02/13-archives/Math_Competition_Completed_Results_Submission_Bundle.zip,Math_Competition_Completed_Results_Submission/Focus_Evidence/evidence/FOCUS-MATRIX/additional-seeds/seed_2/replay/20261003T010503455591Z/Seed2Row_uv_06.lean,,ce84aa2d,Filename/path inference; editable in the app
350242,Focus_Evidence/evidence/FOCUS-MATRIX/additional-seeds/seed_2/replay/20261003T010503455591Z/Seed2Row_uv_07.lean,General / shared,275,"Email supplement received 06:19:17 CEST, after cutoff; distinct from on-time PDF | email ZIP",https://mail.google.com/mail/u/0/#all/1a0fffd2419ec392,,contestants/E02/13-archives/Math_Competition_Completed_Results_Submission_Bundle.zip,Math_Competition_Completed_Results_Submission/Focus_Evidence/evidence/FOCUS-MATRIX/additional-seeds/seed_2/replay/20261003T010503455591Z/Seed2Row_uv_07.lean,,0208fd6d,Filename/path inference; editable in the app
350244,Focus_Evidence/evidence/FOCUS-MATRIX/additional-seeds/seed_2/replay/20261003T010503455591Z/Seed2Row_uv_08.lean,General / shared,275,"Email supplement received 06:19:17 CEST, after cutoff; distinct from on-time PDF | email ZIP",https://mail.google.com/mail/u/0/#all/1a0fffd2419ec392,,contestants/E02/13-archives/Math_Competition_Completed_Results_Submission_Bundle.zip,Math_Competition_Completed_Results_Submission/Focus_Evidence/evidence/FOCUS-MATRIX/additional-seeds/seed_2/replay/20261003T010503455591Z/Seed2Row_uv_08.lean,,dae9f62b,Filename/path inference; editable in the app
350246,Focus_Evidence/evidence/FOCUS-MATRIX/additional-seeds/seed_2/replay/20261003T010503455591Z/Seed2Row_uv_09.lean,General / shared,275,"Email supplement received 06:19:17 CEST, after cutoff; distinct from on-time PDF | email ZIP",https://mail.google.com/mail/u/0/#all/1a0fffd2419ec392,,contestants/E02/13-archives/Math_Competition_Completed_Results_Submission_Bundle.zip,Math_Competition_Completed_Results_Submission/Focus_Evidence/evidence/FOCUS-MATRIX/additional-seeds/seed_2/replay/20261003T010503455591Z/Seed2Row_uv_09.lean,,1665a16b,Filename/path inference; editable in the app
350248,Focus_Evidence/evidence/FOCUS-MATRIX/additional-seeds/seed_2/replay/20261003T010503455591Z/Seed2Row_uv_10.lean,General / shared,279,"Email supplement received 06:19:17 CEST, after cutoff; distinct from on-time PDF | email ZIP",https://mail.google.com/mail/u/0/#all/1a0fffd2419ec392,,contestants/E02/13-archives/Math_Competition_Completed_Results_Submission_Bundle.zip,Math_Competition_Completed_Results_Submission/Focus_Evidence/evidence/FOCUS-MATRIX/additional-seeds/seed_2/replay/20261003T010503455591Z/Seed2Row_uv_10.lean,,f106a37c,Filename/path inference; editable in the app
350250,Focus_Evidence/evidence/FOCUS-MATRIX/additional-seeds/seed_2/replay/20261003T010503455591Z/Seed2Row_uv_11.lean,General / shared,279,"Email supplement received 06:19:17 CEST, after cutoff; distinct from on-time PDF | email ZIP",https://mail.google.com/mail/u/0/#all/1a0fffd2419ec392,,contestants/E02/13-archives/Math_Competition_Completed_Results_Submission_Bundle.zip,Math_Competition_Completed_Results_Submission/Focus_Evidence/evidence/FOCUS-MATRIX/additional-seeds/seed_2/replay/20261003T010503455591Z/Seed2Row_uv_11.lean,,5e188f0a,Filename/path inference; editable in the app
350252,Focus_Evidence/evidence/FOCUS-MATRIX/additional-seeds/seed_2/replay/20261003T010503455591Z/Seed2Row_uv_12.lean,General / shared,279,"Email supplement received 06:19:17 CEST, after cutoff; distinct from on-time PDF | email ZIP",https://mail.google.com/mail/u/0/#all/1a0fffd2419ec392,,contestants/E02/13-archives/Math_Competition_Completed_Results_Submission_Bundle.zip,Math_Competition_Completed_Results_Submission/Focus_Evidence/evidence/FOCUS-MATRIX/additional-seeds/seed_2/replay/20261003T010503455591Z/Seed2Row_uv_12.lean,,744bfdd1,Filename/path inference; editable in the app
350254,Focus_Evidence/evidence/FOCUS-MATRIX/additional-seeds/seed_2/replay/20261003T010503455591Z/Seed2Row_uv_13.lean,General / shared,279,"Email supplement received 06:19:17 CEST, after cutoff; distinct from on-time PDF | email ZIP",https://mail.google.com/mail/u/0/#all/1a0fffd2419ec392,,contestants/E02/13-archives/Math_Competition_Completed_Results_Submission_Bundle.zip,Math_Competition_Completed_Results_Submission/Focus_Evidence/evidence/FOCUS-MATRIX/additional-seeds/seed_2/replay/20261003T010503455591Z/Seed2Row_uv_13.lean,,db55d1a7,Filename/path inference; editable in the app
350256,Focus_Evidence/evidence/FOCUS-MATRIX/additional-seeds/seed_2/replay/20261003T010503455591Z/Seed2Row_uv_14.lean,General / shared,279,"Email supplement received 06:19:17 CEST, after cutoff; distinct from on-time PDF | email ZIP",https://mail.google.com/mail/u/0/#all/1a0fffd2419ec392,,contestants/E02/13-archives/Math_Competition_Completed_Results_Submission_Bundle.zip,Math_Competition_Completed_Results_Submission/Focus_Evidence/evidence/FOCUS-MATRIX/additional-seeds/seed_2/replay/20261003T010503455591Z/Seed2Row_uv_14.lean,,20ed1867,Filename/path inference; editable in the app
350258,Focus_Evidence/evidence/FOCUS-MATRIX/additional-seeds/seed_2/replay/20261003T010503455591Z/Seed2Row_uv_15.lean,General / shared,279,"Email supplement received 06:19:17 CEST, after cutoff; distinct from on-time PDF | email ZIP",https://mail.google.com/mail/u/0/#all/1a0fffd2419ec392,,contestants/E02/13-archives/Math_Competition_Completed_Results_Submission_Bundle.zip,Math_Competition_Completed_Results_Submission/Focus_Evidence/evidence/FOCUS-MATRIX/additional-seeds/seed_2/replay/20261003T010503455591Z/Seed2Row_uv_15.lean,,8ff33411,Filename/path inference; editable in the app
350260,Focus_Evidence/evidence/FOCUS-MATRIX/additional-seeds/seed_2/replay/20261003T010503455591Z/Seed2Row_uv_16.lean,General / shared,279,"Email supplement received 06:19:17 CEST, after cutoff; distinct from on-time PDF | email ZIP",https://mail.google.com/mail/u/0/#all/1a0fffd2419ec392,,contestants/E02/13-archives/Math_Competition_Completed_Results_Submission_Bundle.zip,Math_Competition_Completed_Results_Submission/Focus_Evidence/evidence/FOCUS-MATRIX/additional-seeds/seed_2/replay/20261003T010503455591Z/Seed2Row_uv_16.lean,,a5a046ca,Filename/path inference; editable in the app
350262,Focus_Evidence/evidence/FOCUS-MATRIX/additional-seeds/seed_2/replay/20261003T010503455591Z/Seed2Row_uv_17.lean,General / shared,279,"Email supplement received 06:19:17 CEST, after cutoff; distinct from on-time PDF | email ZIP",https://mail.google.com/mail/u/0/#all/1a0fffd2419ec392,,contestants/E02/13-archives/Math_Competition_Completed_Results_Submission_Bundle.zip,Math_Competition_Completed_Results_Submission/Focus_Evidence/evidence/FOCUS-MATRIX/additional-seeds/seed_2/replay/20261003T010503455591Z/Seed2Row_uv_17.lean,,0abe6abc,Filename/path inference; editable in the app
350264,Focus_Evidence/evidence/FOCUS-MATRIX/additional-seeds/seed_2/replay/20261003T010503455591Z/Seed2Row_uv_18.lean,General / shared,279,"Email supplement received 06:19:17 CEST, after cutoff; distinct from on-time PDF | email ZIP",https://mail.google.com/mail/u/0/#all/1a0fffd2419ec392,,contestants/E02/13-archives/Math_Competition_Completed_Results_Submission_Bundle.zip,Math_Competition_Completed_Results_Submission/Focus_Evidence/evidence/FOCUS-MATRIX/additional-seeds/seed_2/replay/20261003T010503455591Z/Seed2Row_uv_18.lean,,89a0d30b,Filename/path inference; editable in the app
350266,Focus_Evidence/evidence/FOCUS-MATRIX/additional-seeds/seed_2/replay/20261003T010503455591Z/Seed2Row_uv_19.lean,General / shared,279,"Email supplement received 06:19:17 CEST, after cutoff; distinct from on-time PDF | email ZIP",https://mail.google.com/mail/u/0/#all/1a0fffd2419ec392,,contestants/E02/13-archives/Math_Competition_Completed_Results_Submission_Bundle.zip,Math_Competition_Completed_Results_Submission/Focus_Evidence/evidence/FOCUS-MATRIX/additional-seeds/seed_2/replay/20261003T010503455591Z/Seed2Row_uv_19.lean,,26beff7d,Filename/path inference; editable in the app
350268,Focus_Evidence/evidence/FOCUS-MATRIX/additional-seeds/seed_2/replay/20261003T010503455591Z/Seed2Row_uv_20.lean,General / shared,279,"Email supplement received 06:19:17 CEST, after cutoff; distinct from on-time PDF | email ZIP",https://mail.google.com/mail/u/0/#all/1a0fffd2419ec392,,contestants/E02/13-archives/Math_Competition_Completed_Results_Submission_Bundle.zip,Math_Competition_Completed_Results_Submission/Focus_Evidence/evidence/FOCUS-MATRIX/additional-seeds/seed_2/replay/20261003T010503455591Z/Seed2Row_uv_20.lean,,e02dfb52,Filename/path inference; editable in the app
350270,Focus_Evidence/evidence/FOCUS-MATRIX/additional-seeds/seed_2/replay/20261003T010503455591Z/Seed2Row_uv_21.lean,General / shared,279,"Email supplement received 06:19:17 CEST, after cutoff; distinct from on-time PDF | email ZIP",https://mail.google.com/mail/u/0/#all/1a0fffd2419ec392,,contestants/E02/13-archives/Math_Competition_Completed_Results_Submission_Bundle.zip,Math_Competition_Completed_Results_Submission/Focus_Evidence/evidence/FOCUS-MATRIX/additional-seeds/seed_2/replay/20261003T010503455591Z/Seed2Row_uv_21.lean,,4f33d724,Filename/path inference; editable in the app
350272,Focus_Evidence/evidence/FOCUS-MATRIX/additional-seeds/seed_2/replay/20261003T010503455591Z/Seed2Row_uv_22.lean,General / shared,279,"Email supplement received 06:19:17 CEST, after cutoff; distinct from on-time PDF | email ZIP",https://mail.google.com/mail/u/0/#all/1a0fffd2419ec392,,contestants/E02/13-archives/Math_Competition_Completed_Results_Submission_Bundle.zip,Math_Competition_Completed_Results_Submission/Focus_Evidence/evidence/FOCUS-MATRIX/additional-seeds/seed_2/replay/20261003T010503455591Z/Seed2Row_uv_22.lean,,6560a5ff,Filename/path inference; editable in the app
350274,Focus_Evidence/evidence/FOCUS-MATRIX/additional-seeds/seed_2/replay/20261003T010503455591Z/Seed2Row_uw_00.lean,General / shared,275,"Email supplement received 06:19:17 CEST, after cutoff; distinct from on-time PDF | email ZIP",https://mail.google.com/mail/u/0/#all/1a0fffd2419ec392,,contestants/E02/13-archives/Math_Competition_Completed_Results_Submission_Bundle.zip,Math_Competition_Completed_Results_Submission/Focus_Evidence/evidence/FOCUS-MATRIX/additional-seeds/seed_2/replay/20261003T010503455591Z/Seed2Row_uw_00.lean,,fd7939ab,Filename/path inference; editable in the app
350276,Focus_Evidence/evidence/FOCUS-MATRIX/additional-seeds/seed_2/replay/20261003T010503455591Z/Seed2Row_uw_01.lean,General / shared,275,"Email supplement received 06:19:17 CEST, after cutoff; distinct from on-time PDF | email ZIP",https://mail.google.com/mail/u/0/#all/1a0fffd2419ec392,,contestants/E02/13-archives/Math_Competition_Completed_Results_Submission_Bundle.zip,Math_Competition_Completed_Results_Submission/Focus_Evidence/evidence/FOCUS-MATRIX/additional-seeds/seed_2/replay/20261003T010503455591Z/Seed2Row_uw_01.lean,,31f56eeb,Filename/path inference; editable in the app
350278,Focus_Evidence/evidence/FOCUS-MATRIX/additional-seeds/seed_2/replay/20261003T010503455591Z/Seed2Row_uw_02.lean,General / shared,275,"Email supplement received 06:19:17 CEST, after cutoff; distinct from on-time PDF | email ZIP",https://mail.google.com/mail/u/0/#all/1a0fffd2419ec392,,contestants/E02/13-archives/Math_Competition_Completed_Results_Submission_Bundle.zip,Math_Competition_Completed_Results_Submission/Focus_Evidence/evidence/FOCUS-MATRIX/additional-seeds/seed_2/replay/20261003T010503455591Z/Seed2Row_uw_02.lean,,bf10916a,Filename/path inference; editable in the app
350280,Focus_Evidence/evidence/FOCUS-MATRIX/additional-seeds/seed_2/replay/20261003T010503455591Z/Seed2Row_uw_03.lean,General / shared,275,"Email supplement received 06:19:17 CEST, after cutoff; distinct from on-time PDF | email ZIP",https://mail.google.com/mail/u/0/#all/1a0fffd2419ec392,,contestants/E02/13-archives/Math_Competition_Completed_Results_Submission_Bundle.zip,Math_Competition_Completed_Results_Submission/Focus_Evidence/evidence/FOCUS-MATRIX/additional-seeds/seed_2/replay/20261003T010503455591Z/Seed2Row_uw_03.lean,,739cc62a,Filename/path inference; editable in the app
350282,Focus_Evidence/evidence/FOCUS-MATRIX/additional-seeds/seed_2/replay/20261003T010503455591Z/Seed2Row_uw_04.lean,General / shared,275,"Email supplement received 06:19:17 CEST, after cutoff; distinct from on-time PDF | email ZIP",https://mail.google.com/mail/u/0/#all/1a0fffd2419ec392,,contestants/E02/13-archives/Math_Competition_Completed_Results_Submission_Bundle.zip,Math_Competition_Completed_Results_Submission/Focus_Evidence/evidence/FOCUS-MATRIX/additional-seeds/seed_2/replay/20261003T010503455591Z/Seed2Row_uw_04.lean,,79aa6829,Filename/path inference; editable in the app
350284,Focus_Evidence/evidence/FOCUS-MATRIX/additional-seeds/seed_2/replay/20261003T010503455591Z/Seed2Row_uw_05.lean,General / shared,275,"Email supplement received 06:19:17 CEST, after cutoff; distinct from on-time PDF | email ZIP",https://mail.google.com/mail/u/0/#all/1a0fffd2419ec392,,contestants/E02/13-archives/Math_Competition_Completed_Results_Submission_Bundle.zip,Math_Competition_Completed_Results_Submission/Focus_Evidence/evidence/FOCUS-MATRIX/additional-seeds/seed_2/replay/20261003T010503455591Z/Seed2Row_uw_05.lean,,b5263f69,Filename/path inference; editable in the app
350286,Focus_Evidence/evidence/FOCUS-MATRIX/additional-seeds/seed_2/replay/20261003T010503455591Z/Seed2Row_uw_06.lean,General / shared,275,"Email supplement received 06:19:17 CEST, after cutoff; distinct from on-time PDF | email ZIP",https://mail.google.com/mail/u/0/#all/1a0fffd2419ec392,,contestants/E02/13-archives/Math_Competition_Completed_Results_Submission_Bundle.zip,Math_Competition_Completed_Results_Submission/Focus_Evidence/evidence/FOCUS-MATRIX/additional-seeds/seed_2/replay/20261003T010503455591Z/Seed2Row_uw_06.lean,,3bc3c0e8,Filename/path inference; editable in the app
350288,Focus_Evidence/evidence/FOCUS-MATRIX/additional-seeds/seed_2/replay/20261003T010503455591Z/Seed2Row_uw_07.lean,General / shared,275,"Email supplement received 06:19:17 CEST, after cutoff; distinct from on-time PDF | email ZIP",https://mail.google.com/mail/u/0/#all/1a0fffd2419ec392,,contestants/E02/13-archives/Math_Competition_Completed_Results_Submission_Bundle.zip,Math_Competition_Completed_Results_Submission/Focus_Evidence/evidence/FOCUS-MATRIX/additional-seeds/seed_2/replay/20261003T010503455591Z/Seed2Row_uw_07.lean,,f74f97a8,Filename/path inference; editable in the app
350290,Focus_Evidence/evidence/FOCUS-MATRIX/additional-seeds/seed_2/replay/20261003T010503455591Z/Seed2Row_uw_08.lean,General / shared,275,"Email supplement received 06:19:17 CEST, after cutoff; distinct from on-time PDF | email ZIP",https://mail.google.com/mail/u/0/#all/1a0fffd2419ec392,,contestants/E02/13-archives/Math_Competition_Completed_Results_Submission_Bundle.zip,Math_Competition_Completed_Results_Submission/Focus_Evidence/evidence/FOCUS-MATRIX/additional-seeds/seed_2/replay/20261003T010503455591Z/Seed2Row_uw_08.lean,,2fae9cee,Filename/path inference; editable in the app
350292,Focus_Evidence/evidence/FOCUS-MATRIX/additional-seeds/seed_2/replay/20261003T010503455591Z/Seed2Row_uw_09.lean,General / shared,275,"Email supplement received 06:19:17 CEST, after cutoff; distinct from on-time PDF | email ZIP",https://mail.google.com/mail/u/0/#all/1a0fffd2419ec392,,contestants/E02/13-archives/Math_Competition_Completed_Results_Submission_Bundle.zip,Math_Competition_Completed_Results_Submission/Focus_Evidence/evidence/FOCUS-MATRIX/additional-seeds/seed_2/replay/20261003T010503455591Z/Seed2Row_uw_09.lean,,e322cbae,Filename/path inference; editable in the app
350294,Focus_Evidence/evidence/FOCUS-MATRIX/additional-seeds/seed_2/replay/20261003T010503455591Z/Seed2Row_uw_10.lean,General / shared,279,"Email supplement received 06:19:17 CEST, after cutoff; distinct from on-time PDF | email ZIP",https://mail.google.com/mail/u/0/#all/1a0fffd2419ec392,,contestants/E02/13-archives/Math_Competition_Completed_Results_Submission_Bundle.zip,Math_Competition_Completed_Results_Submission/Focus_Evidence/evidence/FOCUS-MATRIX/additional-seeds/seed_2/replay/20261003T010503455591Z/Seed2Row_uw_10.lean,,809c11cb,Filename/path inference; editable in the app
350296,Focus_Evidence/evidence/FOCUS-MATRIX/additional-seeds/seed_2/replay/20261003T010503455591Z/Seed2Row_uw_11.lean,General / shared,279,"Email supplement received 06:19:17 CEST, after cutoff; distinct from on-time PDF | email ZIP",https://mail.google.com/mail/u/0/#all/1a0fffd2419ec392,,contestants/E02/13-archives/Math_Competition_Completed_Results_Submission_Bundle.zip,Math_Competition_Completed_Results_Submission/Focus_Evidence/evidence/FOCUS-MATRIX/additional-seeds/seed_2/replay/20261003T010503455591Z/Seed2Row_uw_11.lean,,2f823dbd,Filename/path inference; editable in the app
350298,Focus_Evidence/evidence/FOCUS-MATRIX/additional-seeds/seed_2/replay/20261003T010503455591Z/Seed2Row_uw_12.lean,General / shared,279,"Email supplement received 06:19:17 CEST, after cutoff; distinct from on-time PDF | email ZIP",https://mail.google.com/mail/u/0/#all/1a0fffd2419ec392,,contestants/E02/13-archives/Math_Competition_Completed_Results_Submission_Bundle.zip,Math_Competition_Completed_Results_Submission/Focus_Evidence/evidence/FOCUS-MATRIX/additional-seeds/seed_2/replay/20261003T010503455591Z/Seed2Row_uw_12.lean,,05d14f66,Filename/path inference; editable in the app
350300,Focus_Evidence/evidence/FOCUS-MATRIX/additional-seeds/seed_2/replay/20261003T010503455591Z/Seed2Row_uw_13.lean,General / shared,279,"Email supplement received 06:19:17 CEST, after cutoff; distinct from on-time PDF | email ZIP",https://mail.google.com/mail/u/0/#all/1a0fffd2419ec392,,contestants/E02/13-archives/Math_Competition_Completed_Results_Submission_Bundle.zip,Math_Competition_Completed_Results_Submission/Focus_Evidence/evidence/FOCUS-MATRIX/additional-seeds/seed_2/replay/20261003T010503455591Z/Seed2Row_uw_13.lean,,aacf6310,Filename/path inference; editable in the app
350302,Focus_Evidence/evidence/FOCUS-MATRIX/additional-seeds/seed_2/replay/20261003T010503455591Z/Seed2Row_uw_14.lean,General / shared,279,"Email supplement received 06:19:17 CEST, after cutoff; distinct from on-time PDF | email ZIP",https://mail.google.com/mail/u/0/#all/1a0fffd2419ec392,,contestants/E02/13-archives/Math_Competition_Completed_Results_Submission_Bundle.zip,Math_Competition_Completed_Results_Submission/Focus_Evidence/evidence/FOCUS-MATRIX/additional-seeds/seed_2/replay/20261003T010503455591Z/Seed2Row_uw_14.lean,,5177aad0,Filename/path inference; editable in the app
350304,Focus_Evidence/evidence/FOCUS-MATRIX/additional-seeds/seed_2/replay/20261003T010503455591Z/Seed2Row_uw_15.lean,General / shared,279,"Email supplement received 06:19:17 CEST, after cutoff; distinct from on-time PDF | email ZIP",https://mail.google.com/mail/u/0/#all/1a0fffd2419ec392,,contestants/E02/13-archives/Math_Competition_Completed_Results_Submission_Bundle.zip,Math_Competition_Completed_Results_Submission/Focus_Evidence/evidence/FOCUS-MATRIX/additional-seeds/seed_2/replay/20261003T010503455591Z/Seed2Row_uw_15.lean,,fe6986a6,Filename/path inference; editable in the app
350306,Focus_Evidence/evidence/FOCUS-MATRIX/additional-seeds/seed_2/replay/20261003T010503455591Z/Seed2Row_uw_16.lean,General / shared,279,"Email supplement received 06:19:17 CEST, after cutoff; distinct from on-time PDF | email ZIP",https://mail.google.com/mail/u/0/#all/1a0fffd2419ec392,,contestants/E02/13-archives/Math_Competition_Completed_Results_Submission_Bundle.zip,Math_Competition_Completed_Results_Submission/Focus_Evidence/evidence/FOCUS-MATRIX/additional-seeds/seed_2/replay/20261003T010503455591Z/Seed2Row_uw_16.lean,,d43af47d,Filename/path inference; editable in the app
350308,Focus_Evidence/evidence/FOCUS-MATRIX/additional-seeds/seed_2/replay/20261003T010503455591Z/Seed2Row_uw_17.lean,General / shared,279,"Email supplement received 06:19:17 CEST, after cutoff; distinct from on-time PDF | email ZIP",https://mail.google.com/mail/u/0/#all/1a0fffd2419ec392,,contestants/E02/13-archives/Math_Competition_Completed_Results_Submission_Bundle.zip,Math_Competition_Completed_Results_Submission/Focus_Evidence/evidence/FOCUS-MATRIX/additional-seeds/seed_2/replay/20261003T010503455591Z/Seed2Row_uw_17.lean,,7b24d80b,Filename/path inference; editable in the app
350310,Focus_Evidence/evidence/FOCUS-MATRIX/additional-seeds/seed_2/replay/20261003T010503455591Z/Seed2Row_uw_18.lean,General / shared,279,"Email supplement received 06:19:17 CEST, after cutoff; distinct from on-time PDF | email ZIP",https://mail.google.com/mail/u/0/#all/1a0fffd2419ec392,,contestants/E02/13-archives/Math_Competition_Completed_Results_Submission_Bundle.zip,Math_Competition_Completed_Results_Submission/Focus_Evidence/evidence/FOCUS-MATRIX/additional-seeds/seed_2/replay/20261003T010503455591Z/Seed2Row_uw_18.lean,,f83a61bc,Filename/path inference; editable in the app
350312,Focus_Evidence/evidence/FOCUS-MATRIX/additional-seeds/seed_2/replay/20261003T010503455591Z/Seed2Row_uw_19.lean,General / shared,279,"Email supplement received 06:19:17 CEST, after cutoff; distinct from on-time PDF | email ZIP",https://mail.google.com/mail/u/0/#all/1a0fffd2419ec392,,contestants/E02/13-archives/Math_Competition_Completed_Results_Submission_Bundle.zip,Math_Competition_Completed_Results_Submission/Focus_Evidence/evidence/FOCUS-MATRIX/additional-seeds/seed_2/replay/20261003T010503455591Z/Seed2Row_uw_19.lean,,57244dca,Filename/path inference; editable in the app
350314,Focus_Evidence/evidence/FOCUS-MATRIX/additional-seeds/seed_2/replay/20261003T010503455591Z/Seed2Row_uw_20.lean,General / shared,279,"Email supplement received 06:19:17 CEST, after cutoff; distinct from on-time PDF | email ZIP",https://mail.google.com/mail/u/0/#all/1a0fffd2419ec392,,contestants/E02/13-archives/Math_Competition_Completed_Results_Submission_Bundle.zip,Math_Competition_Completed_Results_Submission/Focus_Evidence/evidence/FOCUS-MATRIX/additional-seeds/seed_2/replay/20261003T010503455591Z/Seed2Row_uw_20.lean,,91b749e5,Filename/path inference; editable in the app
350316,Focus_Evidence/evidence/FOCUS-MATRIX/additional-seeds/seed_2/replay/20261003T010503455591Z/Seed2Row_uw_21.lean,General / shared,279,"Email supplement received 06:19:17 CEST, after cutoff; distinct from on-time PDF | email ZIP",https://mail.google.com/mail/u/0/#all/1a0fffd2419ec392,,contestants/E02/13-archives/Math_Competition_Completed_Results_Submission_Bundle.zip,Math_Competition_Completed_Results_Submission/Focus_Evidence/evidence/FOCUS-MATRIX/additional-seeds/seed_2/replay/20261003T010503455591Z/Seed2Row_uw_21.lean,,3ea96593,Filename/path inference; editable in the app
350318,Focus_Evidence/evidence/FOCUS-MATRIX/additional-seeds/seed_2/replay/20261003T010503455591Z/Seed2Row_uw_22.lean,General / shared,279,"Email supplement received 06:19:17 CEST, after cutoff; distinct from on-time PDF | email ZIP",https://mail.google.com/mail/u/0/#all/1a0fffd2419ec392,,contestants/E02/13-archives/Math_Competition_Completed_Results_Submission_Bundle.zip,Math_Competition_Completed_Results_Submission/Focus_Evidence/evidence/FOCUS-MATRIX/additional-seeds/seed_2/replay/20261003T010503455591Z/Seed2Row_uw_22.lean,,14fa1748,Filename/path inference; editable in the app
350320,Focus_Evidence/evidence/FOCUS-MATRIX/additional-seeds/seed_2/replay/20261003T010503455591Z/Seed2Row_vw_00.lean,General / shared,275,"Email supplement received 06:19:17 CEST, after cutoff; distinct from on-time PDF | email ZIP",https://mail.google.com/mail/u/0/#all/1a0fffd2419ec392,,contestants/E02/13-archives/Math_Competition_Completed_Results_Submission_Bundle.zip,Math_Competition_Completed_Results_Submission/Focus_Evidence/evidence/FOCUS-MATRIX/additional-seeds/seed_2/replay/20261003T010503455591Z/Seed2Row_vw_00.lean,,1a05ac15,Filename/path inference; editable in the app
350322,Focus_Evidence/evidence/FOCUS-MATRIX/additional-seeds/seed_2/replay/20261003T010503455591Z/Seed2Row_vw_01.lean,General / shared,275,"Email supplement received 06:19:17 CEST, after cutoff; distinct from on-time PDF | email ZIP",https://mail.google.com/mail/u/0/#all/1a0fffd2419ec392,,contestants/E02/13-archives/Math_Competition_Completed_Results_Submission_Bundle.zip,Math_Competition_Completed_Results_Submission/Focus_Evidence/evidence/FOCUS-MATRIX/additional-seeds/seed_2/replay/20261003T010503455591Z/Seed2Row_vw_01.lean,,d689fb55,Filename/path inference; editable in the app
350324,Focus_Evidence/evidence/FOCUS-MATRIX/additional-seeds/seed_2/replay/20261003T010503455591Z/Seed2Row_vw_02.lean,General / shared,275,"Email supplement received 06:19:17 CEST, after cutoff; distinct from on-time PDF | email ZIP",https://mail.google.com/mail/u/0/#all/1a0fffd2419ec392,,contestants/E02/13-archives/Math_Competition_Completed_Results_Submission_Bundle.zip,Math_Competition_Completed_Results_Submission/Focus_Evidence/evidence/FOCUS-MATRIX/additional-seeds/seed_2/replay/20261003T010503455591Z/Seed2Row_vw_02.lean,,586c04d4,Filename/path inference; editable in the app
350326,Focus_Evidence/evidence/FOCUS-MATRIX/additional-seeds/seed_2/replay/20261003T010503455591Z/Seed2Row_vw_03.lean,General / shared,275,"Email supplement received 06:19:17 CEST, after cutoff; distinct from on-time PDF | email ZIP",https://mail.google.com/mail/u/0/#all/1a0fffd2419ec392,,contestants/E02/13-archives/Math_Competition_Completed_Results_Submission_Bundle.zip,Math_Competition_Completed_Results_Submission/Focus_Evidence/evidence/FOCUS-MATRIX/additional-seeds/seed_2/replay/20261003T010503455591Z/Seed2Row_vw_03.lean,,94e05394,Filename/path inference; editable in the app
350328,Focus_Evidence/evidence/FOCUS-MATRIX/additional-seeds/seed_2/replay/20261003T010503455591Z/Seed2Row_vw_04.lean,General / shared,275,"Email supplement received 06:19:17 CEST, after cutoff; distinct from on-time PDF | email ZIP",https://mail.google.com/mail/u/0/#all/1a0fffd2419ec392,,contestants/E02/13-archives/Math_Competition_Completed_Results_Submission_Bundle.zip,Math_Competition_Completed_Results_Submission/Focus_Evidence/evidence/FOCUS-MATRIX/additional-seeds/seed_2/replay/20261003T010503455591Z/Seed2Row_vw_04.lean,,9ed6fd97,Filename/path inference; editable in the app
350330,Focus_Evidence/evidence/FOCUS-MATRIX/additional-seeds/seed_2/replay/20261003T010503455591Z/Seed2Row_vw_05.lean,General / shared,275,"Email supplement received 06:19:17 CEST, after cutoff; distinct from on-time PDF | email ZIP",https://mail.google.com/mail/u/0/#all/1a0fffd2419ec392,,contestants/E02/13-archives/Math_Competition_Completed_Results_Submission_Bundle.zip,Math_Competition_Completed_Results_Submission/Focus_Evidence/evidence/FOCUS-MATRIX/additional-seeds/seed_2/replay/20261003T010503455591Z/Seed2Row_vw_05.lean,,525aaad7,Filename/path inference; editable in the app
350332,Focus_Evidence/evidence/FOCUS-MATRIX/additional-seeds/seed_2/replay/20261003T010503455591Z/Seed2Row_vw_06.lean,General / shared,275,"Email supplement received 06:19:17 CEST, after cutoff; distinct from on-time PDF | email ZIP",https://mail.google.com/mail/u/0/#all/1a0fffd2419ec392,,contestants/E02/13-archives/Math_Competition_Completed_Results_Submission_Bundle.zip,Math_Competition_Completed_Results_Submission/Focus_Evidence/evidence/FOCUS-MATRIX/additional-seeds/seed_2/replay/20261003T010503455591Z/Seed2Row_vw_06.lean,,dcbf5556,Filename/path inference; editable in the app
350334,Focus_Evidence/evidence/FOCUS-MATRIX/additional-seeds/seed_2/replay/20261003T010503455591Z/Seed2Row_vw_07.lean,General / shared,275,"Email supplement received 06:19:17 CEST, after cutoff; distinct from on-time PDF | email ZIP",https://mail.google.com/mail/u/0/#all/1a0fffd2419ec392,,contestants/E02/13-archives/Math_Competition_Completed_Results_Submission_Bundle.zip,Math_Competition_Completed_Results_Submission/Focus_Evidence/evidence/FOCUS-MATRIX/additional-seeds/seed_2/replay/20261003T010503455591Z/Seed2Row_vw_07.lean,,10330216,Filename/path inference; editable in the app
350336,Focus_Evidence/evidence/FOCUS-MATRIX/additional-seeds/seed_2/replay/20261003T010503455591Z/Seed2Row_vw_08.lean,General / shared,275,"Email supplement received 06:19:17 CEST, after cutoff; distinct from on-time PDF | email ZIP",https://mail.google.com/mail/u/0/#all/1a0fffd2419ec392,,contestants/E02/13-archives/Math_Competition_Completed_Results_Submission_Bundle.zip,Math_Competition_Completed_Results_Submission/Focus_Evidence/evidence/FOCUS-MATRIX/additional-seeds/seed_2/replay/20261003T010503455591Z/Seed2Row_vw_08.lean,,c8d20950,Filename/path inference; editable in the app
350338,Focus_Evidence/evidence/FOCUS-MATRIX/additional-seeds/seed_2/replay/20261003T010503455591Z/Seed2Row_vw_09.lean,General / shared,275,"Email supplement received 06:19:17 CEST, after cutoff; distinct from on-time PDF | email ZIP",https://mail.google.com/mail/u/0/#all/1a0fffd2419ec392,,contestants/E02/13-archives/Math_Competition_Completed_Results_Submission_Bundle.zip,Math_Competition_Completed_Results_Submission/Focus_Evidence/evidence/FOCUS-MATRIX/additional-seeds/seed_2/replay/20261003T010503455591Z/Seed2Row_vw_09.lean,,045e5e10,Filename/path inference; editable in the app
350340,Focus_Evidence/evidence/FOCUS-MATRIX/additional-seeds/seed_2/replay/20261003T010503455591Z/Seed2Row_vw_10.lean,General / shared,279,"Email supplement received 06:19:17 CEST, after cutoff; distinct from on-time PDF | email ZIP",https://mail.google.com/mail/u/0/#all/1a0fffd2419ec392,,contestants/E02/13-archives/Math_Competition_Completed_Results_Submission_Bundle.zip,Math_Competition_Completed_Results_Submission/Focus_Evidence/evidence/FOCUS-MATRIX/additional-seeds/seed_2/replay/20261003T010503455591Z/Seed2Row_vw_10.lean,,7f01d46c,Filename/path inference; editable in the app
350342,Focus_Evidence/evidence/FOCUS-MATRIX/additional-seeds/seed_2/replay/20261003T010503455591Z/Seed2Row_vw_11.lean,General / shared,279,"Email supplement received 06:19:17 CEST, after cutoff; distinct from on-time PDF | email ZIP",https://mail.google.com/mail/u/0/#all/1a0fffd2419ec392,,contestants/E02/13-archives/Math_Competition_Completed_Results_Submission_Bundle.zip,Math_Competition_Completed_Results_Submission/Focus_Evidence/evidence/FOCUS-MATRIX/additional-seeds/seed_2/replay/20261003T010503455591Z/Seed2Row_vw_11.lean,,d01ff81a,Filename/path inference; editable in the app
350344,Focus_Evidence/evidence/FOCUS-MATRIX/additional-seeds/seed_2/replay/20261003T010503455591Z/Seed2Row_vw_12.lean,General / shared,279,"Email supplement received 06:19:17 CEST, after cutoff; distinct from on-time PDF | email ZIP",https://mail.google.com/mail/u/0/#all/1a0fffd2419ec392,,contestants/E02/13-archives/Math_Competition_Completed_Results_Submission_Bundle.zip,Math_Competition_Completed_Results_Submission/Focus_Evidence/evidence/FOCUS-MATRIX/additional-seeds/seed_2/replay/20261003T010503455591Z/Seed2Row_vw_12.lean,,fa4c8ac1,Filename/path inference; editable in the app
350346,Focus_Evidence/evidence/FOCUS-MATRIX/additional-seeds/seed_2/replay/20261003T010503455591Z/Seed2Row_vw_13.lean,General / shared,279,"Email supplement received 06:19:17 CEST, after cutoff; distinct from on-time PDF | email ZIP",https://mail.google.com/mail/u/0/#all/1a0fffd2419ec392,,contestants/E02/13-archives/Math_Competition_Completed_Results_Submission_Bundle.zip,Math_Competition_Completed_Results_Submission/Focus_Evidence/evidence/FOCUS-MATRIX/additional-seeds/seed_2/replay/20261003T010503455591Z/Seed2Row_vw_13.lean,,5552a6b7,Filename/path inference; editable in the app
350348,Focus_Evidence/evidence/FOCUS-MATRIX/additional-seeds/seed_2/replay/20261003T010503455591Z/Seed2Row_vw_14.lean,General / shared,279,"Email supplement received 06:19:17 CEST, after cutoff; distinct from on-time PDF | email ZIP",https://mail.google.com/mail/u/0/#all/1a0fffd2419ec392,,contestants/E02/13-archives/Math_Competition_Completed_Results_Submission_Bundle.zip,Math_Competition_Completed_Results_Submission/Focus_Evidence/evidence/FOCUS-MATRIX/additional-seeds/seed_2/replay/20261003T010503455591Z/Seed2Row_vw_14.lean,,aeea6f77,Filename/path inference; editable in the app
350350,Focus_Evidence/evidence/FOCUS-MATRIX/additional-seeds/seed_2/replay/20261003T010503455591Z/Seed2Row_vw_15.lean,General / shared,279,"Email supplement received 06:19:17 CEST, after cutoff; distinct from on-time PDF | email ZIP",https://mail.google.com/mail/u/0/#all/1a0fffd2419ec392,,contestants/E02/13-archives/Math_Competition_Completed_Results_Submission_Bundle.zip,Math_Competition_Completed_Results_Submission/Focus_Evidence/evidence/FOCUS-MATRIX/additional-seeds/seed_2/replay/20261003T010503455591Z/Seed2Row_vw_15.lean,,01f44301,Filename/path inference; editable in the app
350352,Focus_Evidence/evidence/FOCUS-MATRIX/additional-seeds/seed_2/replay/20261003T010503455591Z/Seed2Row_vw_16.lean,General / shared,279,"Email supplement received 06:19:17 CEST, after cutoff; distinct from on-time PDF | email ZIP",https://mail.google.com/mail/u/0/#all/1a0fffd2419ec392,,contestants/E02/13-archives/Math_Competition_Completed_Results_Submission_Bundle.zip,Math_Competition_Completed_Results_Submission/Focus_Evidence/evidence/FOCUS-MATRIX/additional-seeds/seed_2/replay/20261003T010503455591Z/Seed2Row_vw_16.lean,,2ba731da,Filename/path inference; editable in the app
350354,Focus_Evidence/evidence/FOCUS-MATRIX/additional-seeds/seed_2/replay/20261003T010503455591Z/Seed2Row_vw_17.lean,General / shared,279,"Email supplement received 06:19:17 CEST, after cutoff; distinct from on-time PDF | email ZIP",https://mail.google.com/mail/u/0/#all/1a0fffd2419ec392,,contestants/E02/13-archives/Math_Competition_Completed_Results_Submission_Bundle.zip,Math_Competition_Completed_Results_Submission/Focus_Evidence/evidence/FOCUS-MATRIX/additional-seeds/seed_2/replay/20261003T010503455591Z/Seed2Row_vw_17.lean,,84b91dac,Filename/path inference; editable in the app
350356,Focus_Evidence/evidence/FOCUS-MATRIX/additional-seeds/seed_2/replay/20261003T010503455591Z/Seed2Row_vw_18.lean,General / shared,279,"Email supplement received 06:19:17 CEST, after cutoff; distinct from on-time PDF | email ZIP",https://mail.google.com/mail/u/0/#all/1a0fffd2419ec392,,contestants/E02/13-archives/Math_Competition_Completed_Results_Submission_Bundle.zip,Math_Competition_Completed_Results_Submission/Focus_Evidence/evidence/FOCUS-MATRIX/additional-seeds/seed_2/replay/20261003T010503455591Z/Seed2Row_vw_18.lean,,07a7a41b,Filename/path inference; editable in the app
350358,Focus_Evidence/evidence/FOCUS-MATRIX/additional-seeds/seed_2/replay/20261003T010503455591Z/Seed2Row_vw_19.lean,General / shared,279,"Email supplement received 06:19:17 CEST, after cutoff; distinct from on-time PDF | email ZIP",https://mail.google.com/mail/u/0/#all/1a0fffd2419ec392,,contestants/E02/13-archives/Math_Competition_Completed_Results_Submission_Bundle.zip,Math_Competition_Completed_Results_Submission/Focus_Evidence/evidence/FOCUS-MATRIX/additional-seeds/seed_2/replay/20261003T010503455591Z/Seed2Row_vw_19.lean,,a8b9886d,Filename/path inference; editable in the app
350360,Focus_Evidence/evidence/FOCUS-MATRIX/additional-seeds/seed_2/replay/20261003T010503455591Z/Seed2Row_vw_20.lean,General / shared,279,"Email supplement received 06:19:17 CEST, after cutoff; distinct from on-time PDF | email ZIP",https://mail.google.com/mail/u/0/#all/1a0fffd2419ec392,,contestants/E02/13-archives/Math_Competition_Completed_Results_Submission_Bundle.zip,Math_Competition_Completed_Results_Submission/Focus_Evidence/evidence/FOCUS-MATRIX/additional-seeds/seed_2/replay/20261003T010503455591Z/Seed2Row_vw_20.lean,,6e2a8c42,Filename/path inference; editable in the app
350362,Focus_Evidence/evidence/FOCUS-MATRIX/additional-seeds/seed_2/replay/20261003T010503455591Z/Seed2Row_vw_21.lean,General / shared,279,"Email supplement received 06:19:17 CEST, after cutoff; distinct from on-time PDF | email ZIP",https://mail.google.com/mail/u/0/#all/1a0fffd2419ec392,,contestants/E02/13-archives/Math_Competition_Completed_Results_Submission_Bundle.zip,Math_Competition_Completed_Results_Submission/Focus_Evidence/evidence/FOCUS-MATRIX/additional-seeds/seed_2/replay/20261003T010503455591Z/Seed2Row_vw_21.lean,,c134a034,Filename/path inference; editable in the app
350364,Focus_Evidence/evidence/FOCUS-MATRIX/additional-seeds/seed_2/replay/20261003T010503455591Z/Seed2Row_vw_22.lean,General / shared,279,"Email supplement received 06:19:17 CEST, after cutoff; distinct from on-time PDF | email ZIP",https://mail.google.com/mail/u/0/#all/1a0fffd2419ec392,,contestants/E02/13-archives/Math_Competition_Completed_Results_Submission_Bundle.zip,Math_Competition_Completed_Results_Submission/Focus_Evidence/evidence/FOCUS-MATRIX/additional-seeds/seed_2/replay/20261003T010503455591Z/Seed2Row_vw_22.lean,,eb67d2ef,Filename/path inference; editable in the app
350371,Focus_Evidence/evidence/FOCUS-MATRIX/kernel/KernelData.lean,General / shared,9372,"Email supplement received 06:19:17 CEST, after cutoff; distinct from on-time PDF | email ZIP",https://mail.google.com/mail/u/0/#all/1a0fffd2419ec392,,contestants/E02/13-archives/Math_Competition_Completed_Results_Submission_Bundle.zip,Math_Competition_Completed_Results_Submission/Focus_Evidence/evidence/FOCUS-MATRIX/kernel/KernelData.lean,,d9cf7160,Filename/path inference; editable in the app
350373,Focus_Evidence/evidence/FOCUS-MATRIX/kernel/KernelFinal.lean,General / shared,6660,"Email supplement received 06:19:17 CEST, after cutoff; distinct from on-time PDF | email ZIP",https://mail.google.com/mail/u/0/#all/1a0fffd2419ec392,,contestants/E02/13-archives/Math_Competition_Completed_Results_Submission_Bundle.zip,Math_Competition_Completed_Results_Submission/Focus_Evidence/evidence/FOCUS-MATRIX/kernel/KernelFinal.lean,,28af68dd,Filename/path inference; editable in the app
350376,Focus_Evidence/evidence/FOCUS-MATRIX/kernel/Row_uv_00.lean,General / shared,260,"Email supplement received 06:19:17 CEST, after cutoff; distinct from on-time PDF | email ZIP",https://mail.google.com/mail/u/0/#all/1a0fffd2419ec392,,contestants/E02/13-archives/Math_Competition_Completed_Results_Submission_Bundle.zip,Math_Competition_Completed_Results_Submission/Focus_Evidence/evidence/FOCUS-MATRIX/kernel/Row_uv_00.lean,,4f7f70a3,Filename/path inference; editable in the app
350378,Focus_Evidence/evidence/FOCUS-MATRIX/kernel/Row_uv_01.lean,General / shared,260,"Email supplement received 06:19:17 CEST, after cutoff; distinct from on-time PDF | email ZIP",https://mail.google.com/mail/u/0/#all/1a0fffd2419ec392,,contestants/E02/13-archives/Math_Competition_Completed_Results_Submission_Bundle.zip,Math_Competition_Completed_Results_Submission/Focus_Evidence/evidence/FOCUS-MATRIX/kernel/Row_uv_01.lean,,9fa2133b,Filename/path inference; editable in the app
350380,Focus_Evidence/evidence/FOCUS-MATRIX/kernel/Row_uv_02.lean,General / shared,260,"Email supplement received 06:19:17 CEST, after cutoff; distinct from on-time PDF | email ZIP",https://mail.google.com/mail/u/0/#all/1a0fffd2419ec392,,contestants/E02/13-archives/Math_Competition_Completed_Results_Submission_Bundle.zip,Math_Competition_Completed_Results_Submission/Focus_Evidence/evidence/FOCUS-MATRIX/kernel/Row_uv_02.lean,,35b4b1d2,Filename/path inference; editable in the app
350382,Focus_Evidence/evidence/FOCUS-MATRIX/kernel/Row_uv_03.lean,General / shared,260,"Email supplement received 06:19:17 CEST, after cutoff; distinct from on-time PDF | email ZIP",https://mail.google.com/mail/u/0/#all/1a0fffd2419ec392,,contestants/E02/13-archives/Math_Competition_Completed_Results_Submission_Bundle.zip,Math_Competition_Completed_Results_Submission/Focus_Evidence/evidence/FOCUS-MATRIX/kernel/Row_uv_03.lean,,e569d24a,Filename/path inference; editable in the app
350384,Focus_Evidence/evidence/FOCUS-MATRIX/kernel/Row_uv_04.lean,General / shared,260,"Email supplement received 06:19:17 CEST, after cutoff; distinct from on-time PDF | email ZIP",https://mail.google.com/mail/u/0/#all/1a0fffd2419ec392,,contestants/E02/13-archives/Math_Competition_Completed_Results_Submission_Bundle.zip,Math_Competition_Completed_Results_Submission/Focus_Evidence/evidence/FOCUS-MATRIX/kernel/Row_uv_04.lean,,bae8f241,Filename/path inference; editable in the app
350386,Focus_Evidence/evidence/FOCUS-MATRIX/kernel/Row_uv_05.lean,General / shared,260,"Email supplement received 06:19:17 CEST, after cutoff; distinct from on-time PDF | email ZIP",https://mail.google.com/mail/u/0/#all/1a0fffd2419ec392,,contestants/E02/13-archives/Math_Competition_Completed_Results_Submission_Bundle.zip,Math_Competition_Completed_Results_Submission/Focus_Evidence/evidence/FOCUS-MATRIX/kernel/Row_uv_05.lean,,6a3591d9,Filename/path inference; editable in the app
350388,Focus_Evidence/evidence/FOCUS-MATRIX/kernel/Row_uv_06.lean,General / shared,260,"Email supplement received 06:19:17 CEST, after cutoff; distinct from on-time PDF | email ZIP",https://mail.google.com/mail/u/0/#all/1a0fffd2419ec392,,contestants/E02/13-archives/Math_Competition_Completed_Results_Submission_Bundle.zip,Math_Competition_Completed_Results_Submission/Focus_Evidence/evidence/FOCUS-MATRIX/kernel/Row_uv_06.lean,,c0233330,Filename/path inference; editable in the app
350390,Focus_Evidence/evidence/FOCUS-MATRIX/kernel/Row_uv_07.lean,General / shared,260,"Email supplement received 06:19:17 CEST, after cutoff; distinct from on-time PDF | email ZIP",https://mail.google.com/mail/u/0/#all/1a0fffd2419ec392,,contestants/E02/13-archives/Math_Competition_Completed_Results_Submission_Bundle.zip,Math_Competition_Completed_Results_Submission/Focus_Evidence/evidence/FOCUS-MATRIX/kernel/Row_uv_07.lean,,10fe50a8,Filename/path inference; editable in the app
350392,Focus_Evidence/evidence/FOCUS-MATRIX/kernel/Row_uv_08.lean,General / shared,260,"Email supplement received 06:19:17 CEST, after cutoff; distinct from on-time PDF | email ZIP",https://mail.google.com/mail/u/0/#all/1a0fffd2419ec392,,contestants/E02/13-archives/Math_Competition_Completed_Results_Submission_Bundle.zip,Math_Competition_Completed_Results_Submission/Focus_Evidence/evidence/FOCUS-MATRIX/kernel/Row_uv_08.lean,,7f217326,Filename/path inference; editable in the app
350394,Focus_Evidence/evidence/FOCUS-MATRIX/kernel/Row_uv_09.lean,General / shared,260,"Email supplement received 06:19:17 CEST, after cutoff; distinct from on-time PDF | email ZIP",https://mail.google.com/mail/u/0/#all/1a0fffd2419ec392,,contestants/E02/13-archives/Math_Competition_Completed_Results_Submission_Bundle.zip,Math_Competition_Completed_Results_Submission/Focus_Evidence/evidence/FOCUS-MATRIX/kernel/Row_uv_09.lean,,affc10be,Filename/path inference; editable in the app
350396,Focus_Evidence/evidence/FOCUS-MATRIX/kernel/Row_uv_10.lean,General / shared,264,"Email supplement received 06:19:17 CEST, after cutoff; distinct from on-time PDF | email ZIP",https://mail.google.com/mail/u/0/#all/1a0fffd2419ec392,,contestants/E02/13-archives/Math_Competition_Completed_Results_Submission_Bundle.zip,Math_Competition_Completed_Results_Submission/Focus_Evidence/evidence/FOCUS-MATRIX/kernel/Row_uv_10.lean,,3ea133bb,Filename/path inference; editable in the app
350398,Focus_Evidence/evidence/FOCUS-MATRIX/kernel/Row_uv_11.lean,General / shared,264,"Email supplement received 06:19:17 CEST, after cutoff; distinct from on-time PDF | email ZIP",https://mail.google.com/mail/u/0/#all/1a0fffd2419ec392,,contestants/E02/13-archives/Math_Competition_Completed_Results_Submission_Bundle.zip,Math_Competition_Completed_Results_Submission/Focus_Evidence/evidence/FOCUS-MATRIX/kernel/Row_uv_11.lean,,61ac09ea,Filename/path inference; editable in the app
350400,Focus_Evidence/evidence/FOCUS-MATRIX/kernel/Row_uv_12.lean,General / shared,264,"Email supplement received 06:19:17 CEST, after cutoff; distinct from on-time PDF | email ZIP",https://mail.google.com/mail/u/0/#all/1a0fffd2419ec392,,contestants/E02/13-archives/Math_Competition_Completed_Results_Submission_Bundle.zip,Math_Competition_Completed_Results_Submission/Focus_Evidence/evidence/FOCUS-MATRIX/kernel/Row_uv_12.lean,,80bb4719,Filename/path inference; editable in the app
350402,Focus_Evidence/evidence/FOCUS-MATRIX/kernel/Row_uv_13.lean,General / shared,264,"Email supplement received 06:19:17 CEST, after cutoff; distinct from on-time PDF | email ZIP",https://mail.google.com/mail/u/0/#all/1a0fffd2419ec392,,contestants/E02/13-archives/Math_Competition_Completed_Results_Submission_Bundle.zip,Math_Competition_Completed_Results_Submission/Focus_Evidence/evidence/FOCUS-MATRIX/kernel/Row_uv_13.lean,,dfb67d48,Filename/path inference; editable in the app
350404,Focus_Evidence/evidence/FOCUS-MATRIX/kernel/Row_uv_14.lean,General / shared,264,"Email supplement received 06:19:17 CEST, after cutoff; distinct from on-time PDF | email ZIP",https://mail.google.com/mail/u/0/#all/1a0fffd2419ec392,,contestants/E02/13-archives/Math_Competition_Completed_Results_Submission_Bundle.zip,Math_Competition_Completed_Results_Submission/Focus_Evidence/evidence/FOCUS-MATRIX/kernel/Row_uv_14.lean,,99e4dcbe,Filename/path inference; editable in the app
350406,Focus_Evidence/evidence/FOCUS-MATRIX/kernel/Row_uv_15.lean,General / shared,264,"Email supplement received 06:19:17 CEST, after cutoff; distinct from on-time PDF | email ZIP",https://mail.google.com/mail/u/0/#all/1a0fffd2419ec392,,contestants/E02/13-archives/Math_Competition_Completed_Results_Submission_Bundle.zip,Math_Competition_Completed_Results_Submission/Focus_Evidence/evidence/FOCUS-MATRIX/kernel/Row_uv_15.lean,,c6e9e6ef,Filename/path inference; editable in the app
350408,Focus_Evidence/evidence/FOCUS-MATRIX/kernel/Row_uv_16.lean,General / shared,264,"Email supplement received 06:19:17 CEST, after cutoff; distinct from on-time PDF | email ZIP",https://mail.google.com/mail/u/0/#all/1a0fffd2419ec392,,contestants/E02/13-archives/Math_Competition_Completed_Results_Submission_Bundle.zip,Math_Competition_Completed_Results_Submission/Focus_Evidence/evidence/FOCUS-MATRIX/kernel/Row_uv_16.lean,,27fea81c,Filename/path inference; editable in the app
350410,Focus_Evidence/evidence/FOCUS-MATRIX/kernel/Row_uv_17.lean,General / shared,264,"Email supplement received 06:19:17 CEST, after cutoff; distinct from on-time PDF | email ZIP",https://mail.google.com/mail/u/0/#all/1a0fffd2419ec392,,contestants/E02/13-archives/Math_Competition_Completed_Results_Submission_Bundle.zip,Math_Competition_Completed_Results_Submission/Focus_Evidence/evidence/FOCUS-MATRIX/kernel/Row_uv_17.lean,,78f3924d,Filename/path inference; editable in the app
350412,Focus_Evidence/evidence/FOCUS-MATRIX/kernel/Row_uv_18.lean,General / shared,264,"Email supplement received 06:19:17 CEST, after cutoff; distinct from on-time PDF | email ZIP",https://mail.google.com/mail/u/0/#all/1a0fffd2419ec392,,contestants/E02/13-archives/Math_Competition_Completed_Results_Submission_Bundle.zip,Math_Competition_Completed_Results_Submission/Focus_Evidence/evidence/FOCUS-MATRIX/kernel/Row_uv_18.lean,,ab5bebf0,Filename/path inference; editable in the app
350414,Focus_Evidence/evidence/FOCUS-MATRIX/kernel/Row_uv_19.lean,General / shared,264,"Email supplement received 06:19:17 CEST, after cutoff; distinct from on-time PDF | email ZIP",https://mail.google.com/mail/u/0/#all/1a0fffd2419ec392,,contestants/E02/13-archives/Math_Competition_Completed_Results_Submission_Bundle.zip,Math_Competition_Completed_Results_Submission/Focus_Evidence/evidence/FOCUS-MATRIX/kernel/Row_uv_19.lean,,f456d1a1,Filename/path inference; editable in the app
350416,Focus_Evidence/evidence/FOCUS-MATRIX/kernel/Row_uv_20.lean,General / shared,264,"Email supplement received 06:19:17 CEST, after cutoff; distinct from on-time PDF | email ZIP",https://mail.google.com/mail/u/0/#all/1a0fffd2419ec392,,contestants/E02/13-archives/Math_Competition_Completed_Results_Submission_Bundle.zip,Math_Competition_Completed_Results_Submission/Focus_Evidence/evidence/FOCUS-MATRIX/kernel/Row_uv_20.lean,,1af48753,Filename/path inference; editable in the app
350418,Focus_Evidence/evidence/FOCUS-MATRIX/kernel/Row_uv_21.lean,General / shared,264,"Email supplement received 06:19:17 CEST, after cutoff; distinct from on-time PDF | email ZIP",https://mail.google.com/mail/u/0/#all/1a0fffd2419ec392,,contestants/E02/13-archives/Math_Competition_Completed_Results_Submission_Bundle.zip,Math_Competition_Completed_Results_Submission/Focus_Evidence/evidence/FOCUS-MATRIX/kernel/Row_uv_21.lean,,45f9bd02,Filename/path inference; editable in the app
350420,Focus_Evidence/evidence/FOCUS-MATRIX/kernel/Row_uv_22.lean,General / shared,264,"Email supplement received 06:19:17 CEST, after cutoff; distinct from on-time PDF | email ZIP",https://mail.google.com/mail/u/0/#all/1a0fffd2419ec392,,contestants/E02/13-archives/Math_Competition_Completed_Results_Submission_Bundle.zip,Math_Competition_Completed_Results_Submission/Focus_Evidence/evidence/FOCUS-MATRIX/kernel/Row_uv_22.lean,,a4eef3f1,Filename/path inference; editable in the app
350422,Focus_Evidence/evidence/FOCUS-MATRIX/kernel/Row_uw_00.lean,General / shared,260,"Email supplement received 06:19:17 CEST, after cutoff; distinct from on-time PDF | email ZIP",https://mail.google.com/mail/u/0/#all/1a0fffd2419ec392,,contestants/E02/13-archives/Math_Competition_Completed_Results_Submission_Bundle.zip,Math_Competition_Completed_Results_Submission/Focus_Evidence/evidence/FOCUS-MATRIX/kernel/Row_uw_00.lean,,d1e21dcd,Filename/path inference; editable in the app
350424,Focus_Evidence/evidence/FOCUS-MATRIX/kernel/Row_uw_01.lean,General / shared,260,"Email supplement received 06:19:17 CEST, after cutoff; distinct from on-time PDF | email ZIP",https://mail.google.com/mail/u/0/#all/1a0fffd2419ec392,,contestants/E02/13-archives/Math_Competition_Completed_Results_Submission_Bundle.zip,Math_Competition_Completed_Results_Submission/Focus_Evidence/evidence/FOCUS-MATRIX/kernel/Row_uw_01.lean,,013f7e55,Filename/path inference; editable in the app
350426,Focus_Evidence/evidence/FOCUS-MATRIX/kernel/Row_uw_02.lean,General / shared,260,"Email supplement received 06:19:17 CEST, after cutoff; distinct from on-time PDF | email ZIP",https://mail.google.com/mail/u/0/#all/1a0fffd2419ec392,,contestants/E02/13-archives/Math_Competition_Completed_Results_Submission_Bundle.zip,Math_Competition_Completed_Results_Submission/Focus_Evidence/evidence/FOCUS-MATRIX/kernel/Row_uw_02.lean,,ab29dcbc,Filename/path inference; editable in the app
350428,Focus_Evidence/evidence/FOCUS-MATRIX/kernel/Row_uw_03.lean,General / shared,260,"Email supplement received 06:19:17 CEST, after cutoff; distinct from on-time PDF | email ZIP",https://mail.google.com/mail/u/0/#all/1a0fffd2419ec392,,contestants/E02/13-archives/Math_Competition_Completed_Results_Submission_Bundle.zip,Math_Competition_Completed_Results_Submission/Focus_Evidence/evidence/FOCUS-MATRIX/kernel/Row_uw_03.lean,,7bf4bf24,Filename/path inference; editable in the app
350430,Focus_Evidence/evidence/FOCUS-MATRIX/kernel/Row_uw_04.lean,General / shared,260,"Email supplement received 06:19:17 CEST, after cutoff; distinct from on-time PDF | email ZIP",https://mail.google.com/mail/u/0/#all/1a0fffd2419ec392,,contestants/E02/13-archives/Math_Competition_Completed_Results_Submission_Bundle.zip,Math_Competition_Completed_Results_Submission/Focus_Evidence/evidence/FOCUS-MATRIX/kernel/Row_uw_04.lean,,24759f2f,Filename/path inference; editable in the app
350432,Focus_Evidence/evidence/FOCUS-MATRIX/kernel/Row_uw_05.lean,General / shared,260,"Email supplement received 06:19:17 CEST, after cutoff; distinct from on-time PDF | email ZIP",https://mail.google.com/mail/u/0/#all/1a0fffd2419ec392,,contestants/E02/13-archives/Math_Competition_Completed_Results_Submission_Bundle.zip,Math_Competition_Completed_Results_Submission/Focus_Evidence/evidence/FOCUS-MATRIX/kernel/Row_uw_05.lean,,f4a8fcb7,Filename/path inference; editable in the app
350434,Focus_Evidence/evidence/FOCUS-MATRIX/kernel/Row_uw_06.lean,General / shared,260,"Email supplement received 06:19:17 CEST, after cutoff; distinct from on-time PDF | email ZIP",https://mail.google.com/mail/u/0/#all/1a0fffd2419ec392,,contestants/E02/13-archives/Math_Competition_Completed_Results_Submission_Bundle.zip,Math_Competition_Completed_Results_Submission/Focus_Evidence/evidence/FOCUS-MATRIX/kernel/Row_uw_06.lean,,5ebe5e5e,Filename/path inference; editable in the app
350436,Focus_Evidence/evidence/FOCUS-MATRIX/kernel/Row_uw_07.lean,General / shared,260,"Email supplement received 06:19:17 CEST, after cutoff; distinct from on-time PDF | email ZIP",https://mail.google.com/mail/u/0/#all/1a0fffd2419ec392,,contestants/E02/13-archives/Math_Competition_Completed_Results_Submission_Bundle.zip,Math_Competition_Completed_Results_Submission/Focus_Evidence/evidence/FOCUS-MATRIX/kernel/Row_uw_07.lean,,8e633dc6,Filename/path inference; editable in the app
350438,Focus_Evidence/evidence/FOCUS-MATRIX/kernel/Row_uw_08.lean,General / shared,260,"Email supplement received 06:19:17 CEST, after cutoff; distinct from on-time PDF | email ZIP",https://mail.google.com/mail/u/0/#all/1a0fffd2419ec392,,contestants/E02/13-archives/Math_Competition_Completed_Results_Submission_Bundle.zip,Math_Competition_Completed_Results_Submission/Focus_Evidence/evidence/FOCUS-MATRIX/kernel/Row_uw_08.lean,,e1bc1e48,Filename/path inference; editable in the app
350440,Focus_Evidence/evidence/FOCUS-MATRIX/kernel/Row_uw_09.lean,General / shared,260,"Email supplement received 06:19:17 CEST, after cutoff; distinct from on-time PDF | email ZIP",https://mail.google.com/mail/u/0/#all/1a0fffd2419ec392,,contestants/E02/13-archives/Math_Competition_Completed_Results_Submission_Bundle.zip,Math_Competition_Completed_Results_Submission/Focus_Evidence/evidence/FOCUS-MATRIX/kernel/Row_uw_09.lean,,31617dd0,Filename/path inference; editable in the app
350442,Focus_Evidence/evidence/FOCUS-MATRIX/kernel/Row_uw_10.lean,General / shared,264,"Email supplement received 06:19:17 CEST, after cutoff; distinct from on-time PDF | email ZIP",https://mail.google.com/mail/u/0/#all/1a0fffd2419ec392,,contestants/E02/13-archives/Math_Competition_Completed_Results_Submission_Bundle.zip,Math_Competition_Completed_Results_Submission/Focus_Evidence/evidence/FOCUS-MATRIX/kernel/Row_uw_10.lean,,11ec61b9,Filename/path inference; editable in the app
350444,Focus_Evidence/evidence/FOCUS-MATRIX/kernel/Row_uw_11.lean,General / shared,264,"Email supplement received 06:19:17 CEST, after cutoff; distinct from on-time PDF | email ZIP",https://mail.google.com/mail/u/0/#all/1a0fffd2419ec392,,contestants/E02/13-archives/Math_Competition_Completed_Results_Submission_Bundle.zip,Math_Competition_Completed_Results_Submission/Focus_Evidence/evidence/FOCUS-MATRIX/kernel/Row_uw_11.lean,,4ee15be8,Filename/path inference; editable in the app
350446,Focus_Evidence/evidence/FOCUS-MATRIX/kernel/Row_uw_12.lean,General / shared,264,"Email supplement received 06:19:17 CEST, after cutoff; distinct from on-time PDF | email ZIP",https://mail.google.com/mail/u/0/#all/1a0fffd2419ec392,,contestants/E02/13-archives/Math_Competition_Completed_Results_Submission_Bundle.zip,Math_Competition_Completed_Results_Submission/Focus_Evidence/evidence/FOCUS-MATRIX/kernel/Row_uw_12.lean,,aff6151b,Filename/path inference; editable in the app
350448,Focus_Evidence/evidence/FOCUS-MATRIX/kernel/Row_uw_13.lean,General / shared,264,"Email supplement received 06:19:17 CEST, after cutoff; distinct from on-time PDF | email ZIP",https://mail.google.com/mail/u/0/#all/1a0fffd2419ec392,,contestants/E02/13-archives/Math_Competition_Completed_Results_Submission_Bundle.zip,Math_Competition_Completed_Results_Submission/Focus_Evidence/evidence/FOCUS-MATRIX/kernel/Row_uw_13.lean,,f0fb2f4a,Filename/path inference; editable in the app
350450,Focus_Evidence/evidence/FOCUS-MATRIX/kernel/Row_uw_14.lean,General / shared,264,"Email supplement received 06:19:17 CEST, after cutoff; distinct from on-time PDF | email ZIP",https://mail.google.com/mail/u/0/#all/1a0fffd2419ec392,,contestants/E02/13-archives/Math_Competition_Completed_Results_Submission_Bundle.zip,Math_Competition_Completed_Results_Submission/Focus_Evidence/evidence/FOCUS-MATRIX/kernel/Row_uw_14.lean,,b6a98ebc,Filename/path inference; editable in the app
350452,Focus_Evidence/evidence/FOCUS-MATRIX/kernel/Row_uw_15.lean,General / shared,264,"Email supplement received 06:19:17 CEST, after cutoff; distinct from on-time PDF | email ZIP",https://mail.google.com/mail/u/0/#all/1a0fffd2419ec392,,contestants/E02/13-archives/Math_Competition_Completed_Results_Submission_Bundle.zip,Math_Competition_Completed_Results_Submission/Focus_Evidence/evidence/FOCUS-MATRIX/kernel/Row_uw_15.lean,,e9a4b4ed,Filename/path inference; editable in the app
350454,Focus_Evidence/evidence/FOCUS-MATRIX/kernel/Row_uw_16.lean,General / shared,264,"Email supplement received 06:19:17 CEST, after cutoff; distinct from on-time PDF | email ZIP",https://mail.google.com/mail/u/0/#all/1a0fffd2419ec392,,contestants/E02/13-archives/Math_Competition_Completed_Results_Submission_Bundle.zip,Math_Competition_Completed_Results_Submission/Focus_Evidence/evidence/FOCUS-MATRIX/kernel/Row_uw_16.lean,,08b3fa1e,Filename/path inference; editable in the app
350456,Focus_Evidence/evidence/FOCUS-MATRIX/kernel/Row_uw_17.lean,General / shared,264,"Email supplement received 06:19:17 CEST, after cutoff; distinct from on-time PDF | email ZIP",https://mail.google.com/mail/u/0/#all/1a0fffd2419ec392,,contestants/E02/13-archives/Math_Competition_Completed_Results_Submission_Bundle.zip,Math_Competition_Completed_Results_Submission/Focus_Evidence/evidence/FOCUS-MATRIX/kernel/Row_uw_17.lean,,57bec04f,Filename/path inference; editable in the app
350458,Focus_Evidence/evidence/FOCUS-MATRIX/kernel/Row_uw_18.lean,General / shared,264,"Email supplement received 06:19:17 CEST, after cutoff; distinct from on-time PDF | email ZIP",https://mail.google.com/mail/u/0/#all/1a0fffd2419ec392,,contestants/E02/13-archives/Math_Competition_Completed_Results_Submission_Bundle.zip,Math_Competition_Completed_Results_Submission/Focus_Evidence/evidence/FOCUS-MATRIX/kernel/Row_uw_18.lean,,8416b9f2,Filename/path inference; editable in the app
350460,Focus_Evidence/evidence/FOCUS-MATRIX/kernel/Row_uw_19.lean,General / shared,264,"Email supplement received 06:19:17 CEST, after cutoff; distinct from on-time PDF | email ZIP",https://mail.google.com/mail/u/0/#all/1a0fffd2419ec392,,contestants/E02/13-archives/Math_Competition_Completed_Results_Submission_Bundle.zip,Math_Competition_Completed_Results_Submission/Focus_Evidence/evidence/FOCUS-MATRIX/kernel/Row_uw_19.lean,,db1b83a3,Filename/path inference; editable in the app
350462,Focus_Evidence/evidence/FOCUS-MATRIX/kernel/Row_uw_20.lean,General / shared,264,"Email supplement received 06:19:17 CEST, after cutoff; distinct from on-time PDF | email ZIP",https://mail.google.com/mail/u/0/#all/1a0fffd2419ec392,,contestants/E02/13-archives/Math_Competition_Completed_Results_Submission_Bundle.zip,Math_Competition_Completed_Results_Submission/Focus_Evidence/evidence/FOCUS-MATRIX/kernel/Row_uw_20.lean,,35b9d551,Filename/path inference; editable in the app
350464,Focus_Evidence/evidence/FOCUS-MATRIX/kernel/Row_uw_21.lean,General / shared,264,"Email supplement received 06:19:17 CEST, after cutoff; distinct from on-time PDF | email ZIP",https://mail.google.com/mail/u/0/#all/1a0fffd2419ec392,,contestants/E02/13-archives/Math_Competition_Completed_Results_Submission_Bundle.zip,Math_Competition_Completed_Results_Submission/Focus_Evidence/evidence/FOCUS-MATRIX/kernel/Row_uw_21.lean,,6ab4ef00,Filename/path inference; editable in the app
350466,Focus_Evidence/evidence/FOCUS-MATRIX/kernel/Row_uw_22.lean,General / shared,264,"Email supplement received 06:19:17 CEST, after cutoff; distinct from on-time PDF | email ZIP",https://mail.google.com/mail/u/0/#all/1a0fffd2419ec392,,contestants/E02/13-archives/Math_Competition_Completed_Results_Submission_Bundle.zip,Math_Competition_Completed_Results_Submission/Focus_Evidence/evidence/FOCUS-MATRIX/kernel/Row_uw_22.lean,,8ba3a1f3,Filename/path inference; editable in the app
350468,Focus_Evidence/evidence/FOCUS-MATRIX/kernel/Row_vw_00.lean,General / shared,260,"Email supplement received 06:19:17 CEST, after cutoff; distinct from on-time PDF | email ZIP",https://mail.google.com/mail/u/0/#all/1a0fffd2419ec392,,contestants/E02/13-archives/Math_Competition_Completed_Results_Submission_Bundle.zip,Math_Competition_Completed_Results_Submission/Focus_Evidence/evidence/FOCUS-MATRIX/kernel/Row_vw_00.lean,,f52e68da,Filename/path inference; editable in the app
350470,Focus_Evidence/evidence/FOCUS-MATRIX/kernel/Row_vw_01.lean,General / shared,260,"Email supplement received 06:19:17 CEST, after cutoff; distinct from on-time PDF | email ZIP",https://mail.google.com/mail/u/0/#all/1a0fffd2419ec392,,contestants/E02/13-archives/Math_Competition_Completed_Results_Submission_Bundle.zip,Math_Competition_Completed_Results_Submission/Focus_Evidence/evidence/FOCUS-MATRIX/kernel/Row_vw_01.lean,,25f30b42,Filename/path inference; editable in the app
350472,Focus_Evidence/evidence/FOCUS-MATRIX/kernel/Row_vw_02.lean,General / shared,260,"Email supplement received 06:19:17 CEST, after cutoff; distinct from on-time PDF | email ZIP",https://mail.google.com/mail/u/0/#all/1a0fffd2419ec392,,contestants/E02/13-archives/Math_Competition_Completed_Results_Submission_Bundle.zip,Math_Competition_Completed_Results_Submission/Focus_Evidence/evidence/FOCUS-MATRIX/kernel/Row_vw_02.lean,,8fe5a9ab,Filename/path inference; editable in the app
350474,Focus_Evidence/evidence/FOCUS-MATRIX/kernel/Row_vw_03.lean,General / shared,260,"Email supplement received 06:19:17 CEST, after cutoff; distinct from on-time PDF | email ZIP",https://mail.google.com/mail/u/0/#all/1a0fffd2419ec392,,contestants/E02/13-archives/Math_Competition_Completed_Results_Submission_Bundle.zip,Math_Competition_Completed_Results_Submission/Focus_Evidence/evidence/FOCUS-MATRIX/kernel/Row_vw_03.lean,,5f38ca33,Filename/path inference; editable in the app
350476,Focus_Evidence/evidence/FOCUS-MATRIX/kernel/Row_vw_04.lean,General / shared,260,"Email supplement received 06:19:17 CEST, after cutoff; distinct from on-time PDF | email ZIP",https://mail.google.com/mail/u/0/#all/1a0fffd2419ec392,,contestants/E02/13-archives/Math_Competition_Completed_Results_Submission_Bundle.zip,Math_Competition_Completed_Results_Submission/Focus_Evidence/evidence/FOCUS-MATRIX/kernel/Row_vw_04.lean,,00b9ea38,Filename/path inference; editable in the app
350478,Focus_Evidence/evidence/FOCUS-MATRIX/kernel/Row_vw_05.lean,General / shared,260,"Email supplement received 06:19:17 CEST, after cutoff; distinct from on-time PDF | email ZIP",https://mail.google.com/mail/u/0/#all/1a0fffd2419ec392,,contestants/E02/13-archives/Math_Competition_Completed_Results_Submission_Bundle.zip,Math_Competition_Completed_Results_Submission/Focus_Evidence/evidence/FOCUS-MATRIX/kernel/Row_vw_05.lean,,d06489a0,Filename/path inference; editable in the app
350480,Focus_Evidence/evidence/FOCUS-MATRIX/kernel/Row_vw_06.lean,General / shared,260,"Email supplement received 06:19:17 CEST, after cutoff; distinct from on-time PDF | email ZIP",https://mail.google.com/mail/u/0/#all/1a0fffd2419ec392,,contestants/E02/13-archives/Math_Competition_Completed_Results_Submission_Bundle.zip,Math_Competition_Completed_Results_Submission/Focus_Evidence/evidence/FOCUS-MATRIX/kernel/Row_vw_06.lean,,7a722b49,Filename/path inference; editable in the app
350482,Focus_Evidence/evidence/FOCUS-MATRIX/kernel/Row_vw_07.lean,General / shared,260,"Email supplement received 06:19:17 CEST, after cutoff; distinct from on-time PDF | email ZIP",https://mail.google.com/mail/u/0/#all/1a0fffd2419ec392,,contestants/E02/13-archives/Math_Competition_Completed_Results_Submission_Bundle.zip,Math_Competition_Completed_Results_Submission/Focus_Evidence/evidence/FOCUS-MATRIX/kernel/Row_vw_07.lean,,aaaf48d1,Filename/path inference; editable in the app
350484,Focus_Evidence/evidence/FOCUS-MATRIX/kernel/Row_vw_08.lean,General / shared,260,"Email supplement received 06:19:17 CEST, after cutoff; distinct from on-time PDF | email ZIP",https://mail.google.com/mail/u/0/#all/1a0fffd2419ec392,,contestants/E02/13-archives/Math_Competition_Completed_Results_Submission_Bundle.zip,Math_Competition_Completed_Results_Submission/Focus_Evidence/evidence/FOCUS-MATRIX/kernel/Row_vw_08.lean,,c5706b5f,Filename/path inference; editable in the app
350486,Focus_Evidence/evidence/FOCUS-MATRIX/kernel/Row_vw_09.lean,General / shared,260,"Email supplement received 06:19:17 CEST, after cutoff; distinct from on-time PDF | email ZIP",https://mail.google.com/mail/u/0/#all/1a0fffd2419ec392,,contestants/E02/13-archives/Math_Competition_Completed_Results_Submission_Bundle.zip,Math_Competition_Completed_Results_Submission/Focus_Evidence/evidence/FOCUS-MATRIX/kernel/Row_vw_09.lean,,15ad08c7,Filename/path inference; editable in the app
350488,Focus_Evidence/evidence/FOCUS-MATRIX/kernel/Row_vw_10.lean,General / shared,264,"Email supplement received 06:19:17 CEST, after cutoff; distinct from on-time PDF | email ZIP",https://mail.google.com/mail/u/0/#all/1a0fffd2419ec392,,contestants/E02/13-archives/Math_Competition_Completed_Results_Submission_Bundle.zip,Math_Competition_Completed_Results_Submission/Focus_Evidence/evidence/FOCUS-MATRIX/kernel/Row_vw_10.lean,,f8fe137a,Filename/path inference; editable in the app
350490,Focus_Evidence/evidence/FOCUS-MATRIX/kernel/Row_vw_11.lean,General / shared,264,"Email supplement received 06:19:17 CEST, after cutoff; distinct from on-time PDF | email ZIP",https://mail.google.com/mail/u/0/#all/1a0fffd2419ec392,,contestants/E02/13-archives/Math_Competition_Completed_Results_Submission_Bundle.zip,Math_Competition_Completed_Results_Submission/Focus_Evidence/evidence/FOCUS-MATRIX/kernel/Row_vw_11.lean,,a7f3292b,Filename/path inference; editable in the app
350492,Focus_Evidence/evidence/FOCUS-MATRIX/kernel/Row_vw_12.lean,General / shared,264,"Email supplement received 06:19:17 CEST, after cutoff; distinct from on-time PDF | email ZIP",https://mail.google.com/mail/u/0/#all/1a0fffd2419ec392,,contestants/E02/13-archives/Math_Competition_Completed_Results_Submission_Bundle.zip,Math_Competition_Completed_Results_Submission/Focus_Evidence/evidence/FOCUS-MATRIX/kernel/Row_vw_12.lean,,46e467d8,Filename/path inference; editable in the app
350494,Focus_Evidence/evidence/FOCUS-MATRIX/kernel/Row_vw_13.lean,General / shared,264,"Email supplement received 06:19:17 CEST, after cutoff; distinct from on-time PDF | email ZIP",https://mail.google.com/mail/u/0/#all/1a0fffd2419ec392,,contestants/E02/13-archives/Math_Competition_Completed_Results_Submission_Bundle.zip,Math_Competition_Completed_Results_Submission/Focus_Evidence/evidence/FOCUS-MATRIX/kernel/Row_vw_13.lean,,19e95d89,Filename/path inference; editable in the app
350496,Focus_Evidence/evidence/FOCUS-MATRIX/kernel/Row_vw_14.lean,General / shared,264,"Email supplement received 06:19:17 CEST, after cutoff; distinct from on-time PDF | email ZIP",https://mail.google.com/mail/u/0/#all/1a0fffd2419ec392,,contestants/E02/13-archives/Math_Competition_Completed_Results_Submission_Bundle.zip,Math_Competition_Completed_Results_Submission/Focus_Evidence/evidence/FOCUS-MATRIX/kernel/Row_vw_14.lean,,5fbbfc7f,Filename/path inference; editable in the app
350498,Focus_Evidence/evidence/FOCUS-MATRIX/kernel/Row_vw_15.lean,General / shared,264,"Email supplement received 06:19:17 CEST, after cutoff; distinct from on-time PDF | email ZIP",https://mail.google.com/mail/u/0/#all/1a0fffd2419ec392,,contestants/E02/13-archives/Math_Competition_Completed_Results_Submission_Bundle.zip,Math_Competition_Completed_Results_Submission/Focus_Evidence/evidence/FOCUS-MATRIX/kernel/Row_vw_15.lean,,00b6c62e,Filename/path inference; editable in the app
350500,Focus_Evidence/evidence/FOCUS-MATRIX/kernel/Row_vw_16.lean,General / shared,264,"Email supplement received 06:19:17 CEST, after cutoff; distinct from on-time PDF | email ZIP",https://mail.google.com/mail/u/0/#all/1a0fffd2419ec392,,contestants/E02/13-archives/Math_Competition_Completed_Results_Submission_Bundle.zip,Math_Competition_Completed_Results_Submission/Focus_Evidence/evidence/FOCUS-MATRIX/kernel/Row_vw_16.lean,,e1a188dd,Filename/path inference; editable in the app
350502,Focus_Evidence/evidence/FOCUS-MATRIX/kernel/Row_vw_17.lean,General / shared,264,"Email supplement received 06:19:17 CEST, after cutoff; distinct from on-time PDF | email ZIP",https://mail.google.com/mail/u/0/#all/1a0fffd2419ec392,,contestants/E02/13-archives/Math_Competition_Completed_Results_Submission_Bundle.zip,Math_Competition_Completed_Results_Submission/Focus_Evidence/evidence/FOCUS-MATRIX/kernel/Row_vw_17.lean,,beacb28c,Filename/path inference; editable in the app
350504,Focus_Evidence/evidence/FOCUS-MATRIX/kernel/Row_vw_18.lean,General / shared,264,"Email supplement received 06:19:17 CEST, after cutoff; distinct from on-time PDF | email ZIP",https://mail.google.com/mail/u/0/#all/1a0fffd2419ec392,,contestants/E02/13-archives/Math_Competition_Completed_Results_Submission_Bundle.zip,Math_Competition_Completed_Results_Submission/Focus_Evidence/evidence/FOCUS-MATRIX/kernel/Row_vw_18.lean,,6d04cb31,Filename/path inference; editable in the app
350506,Focus_Evidence/evidence/FOCUS-MATRIX/kernel/Row_vw_19.lean,General / shared,264,"Email supplement received 06:19:17 CEST, after cutoff; distinct from on-time PDF | email ZIP",https://mail.google.com/mail/u/0/#all/1a0fffd2419ec392,,contestants/E02/13-archives/Math_Competition_Completed_Results_Submission_Bundle.zip,Math_Competition_Completed_Results_Submission/Focus_Evidence/evidence/FOCUS-MATRIX/kernel/Row_vw_19.lean,,3209f160,Filename/path inference; editable in the app
350508,Focus_Evidence/evidence/FOCUS-MATRIX/kernel/Row_vw_20.lean,General / shared,264,"Email supplement received 06:19:17 CEST, after cutoff; distinct from on-time PDF | email ZIP",https://mail.google.com/mail/u/0/#all/1a0fffd2419ec392,,contestants/E02/13-archives/Math_Competition_Completed_Results_Submission_Bundle.zip,Math_Competition_Completed_Results_Submission/Focus_Evidence/evidence/FOCUS-MATRIX/kernel/Row_vw_20.lean,,dcaba792,Filename/path inference; editable in the app
350510,Focus_Evidence/evidence/FOCUS-MATRIX/kernel/Row_vw_21.lean,General / shared,264,"Email supplement received 06:19:17 CEST, after cutoff; distinct from on-time PDF | email ZIP",https://mail.google.com/mail/u/0/#all/1a0fffd2419ec392,,contestants/E02/13-archives/Math_Competition_Completed_Results_Submission_Bundle.zip,Math_Competition_Completed_Results_Submission/Focus_Evidence/evidence/FOCUS-MATRIX/kernel/Row_vw_21.lean,,83a69dc3,Filename/path inference; editable in the app
350512,Focus_Evidence/evidence/FOCUS-MATRIX/kernel/Row_vw_22.lean,General / shared,264,"Email supplement received 06:19:17 CEST, after cutoff; distinct from on-time PDF | email ZIP",https://mail.google.com/mail/u/0/#all/1a0fffd2419ec392,,contestants/E02/13-archives/Math_Competition_Completed_Results_Submission_Bundle.zip,Math_Competition_Completed_Results_Submission/Focus_Evidence/evidence/FOCUS-MATRIX/kernel/Row_vw_22.lean,,62b1d330,Filename/path inference; editable in the app
350538,Focus_Evidence/evidence/FOCUS-RAMSEY/formal/AxiomAudit.lean,Ramsey multiplicity,324,"Email supplement received 06:19:17 CEST, after cutoff; distinct from on-time PDF | email ZIP",https://mail.google.com/mail/u/0/#all/1a0fffd2419ec392,,contestants/E02/13-archives/Math_Competition_Completed_Results_Submission_Bundle.zip,Math_Competition_Completed_Results_Submission/Focus_Evidence/evidence/FOCUS-RAMSEY/formal/AxiomAudit.lean,,20b68359,Filename/path inference; editable in the app
350540,Focus_Evidence/evidence/FOCUS-RAMSEY/formal/Lea/RamseyLifting/Lifting.lean,Ramsey multiplicity,50060,"Email supplement received 06:19:17 CEST, after cutoff; distinct from on-time PDF | email ZIP",https://mail.google.com/mail/u/0/#all/1a0fffd2419ec392,,contestants/E02/13-archives/Math_Competition_Completed_Results_Submission_Bundle.zip,Math_Competition_Completed_Results_Submission/Focus_Evidence/evidence/FOCUS-RAMSEY/formal/Lea/RamseyLifting/Lifting.lean,,88e31fd3,Filename/path inference; editable in the app
350542,Focus_Evidence/evidence/FOCUS-RAMSEY/formal/Limit.lean,Ramsey multiplicity,23932,"Email supplement received 06:19:17 CEST, after cutoff; distinct from on-time PDF | email ZIP",https://mail.google.com/mail/u/0/#all/1a0fffd2419ec392,,contestants/E02/13-archives/Math_Competition_Completed_Results_Submission_Bundle.zip,Math_Competition_Completed_Results_Submission/Focus_Evidence/evidence/FOCUS-RAMSEY/formal/Limit.lean,,37164cb6,Filename/path inference; editable in the app
350549,Focus_Evidence/evidence/FOCUS-RAMSEY/original/Lifting.lean,Ramsey multiplicity,50054,"Email supplement received 06:19:17 CEST, after cutoff; distinct from on-time PDF | email ZIP",https://mail.google.com/mail/u/0/#all/1a0fffd2419ec392,,contestants/E02/13-archives/Math_Competition_Completed_Results_Submission_Bundle.zip,Math_Competition_Completed_Results_Submission/Focus_Evidence/evidence/FOCUS-RAMSEY/original/Lifting.lean,,a529ba9b,Filename/path inference; editable in the app
350551,Focus_Evidence/evidence/FOCUS-RAMSEY/original/Limit.lean,Ramsey multiplicity,23852,"Email supplement received 06:19:17 CEST, after cutoff; distinct from on-time PDF | email ZIP",https://mail.google.com/mail/u/0/#all/1a0fffd2419ec392,,contestants/E02/13-archives/Math_Competition_Completed_Results_Submission_Bundle.zip,Math_Competition_Completed_Results_Submission/Focus_Evidence/evidence/FOCUS-RAMSEY/original/Limit.lean,,60c87528,Filename/path inference; editable in the app
350573,Reproduction_Sources/a000224/OpHack/QuadraticResidue224/Bounds.lean,General / shared,16851,"Email supplement received 06:19:17 CEST, after cutoff; distinct from on-time PDF | email ZIP",https://mail.google.com/mail/u/0/#all/1a0fffd2419ec392,,contestants/E02/13-archives/Math_Competition_Completed_Results_Submission_Bundle.zip,Math_Competition_Completed_Results_Submission/Reproduction_Sources/a000224/OpHack/QuadraticResidue224/Bounds.lean,,38bbb5c9,Filename/path inference; editable in the app
350574,Reproduction_Sources/a000224/OpHack/QuadraticResidue224/CertificateP101.lean,General / shared,35094,"Email supplement received 06:19:17 CEST, after cutoff; distinct from on-time PDF | email ZIP",https://mail.google.com/mail/u/0/#all/1a0fffd2419ec392,,contestants/E02/13-archives/Math_Competition_Completed_Results_Submission_Bundle.zip,Math_Competition_Completed_Results_Submission/Reproduction_Sources/a000224/OpHack/QuadraticResidue224/CertificateP101.lean,,cc3ed74c,Filename/path inference; editable in the app
350575,Reproduction_Sources/a000224/OpHack/QuadraticResidue224/CertificateP103.lean,General / shared,33467,"Email supplement received 06:19:17 CEST, after cutoff; distinct from on-time PDF | email ZIP",https://mail.google.com/mail/u/0/#all/1a0fffd2419ec392,,contestants/E02/13-archives/Math_Competition_Completed_Results_Submission_Bundle.zip,Math_Competition_Completed_Results_Submission/Reproduction_Sources/a000224/OpHack/QuadraticResidue224/CertificateP103.lean,,4fc53ed0,Filename/path inference; editable in the app
350576,Reproduction_Sources/a000224/OpHack/QuadraticResidue224/CertificateP107.lean,General / shared,29925,"Email supplement received 06:19:17 CEST, after cutoff; distinct from on-time PDF | email ZIP",https://mail.google.com/mail/u/0/#all/1a0fffd2419ec392,,contestants/E02/13-archives/Math_Competition_Completed_Results_Submission_Bundle.zip,Math_Competition_Completed_Results_Submission/Reproduction_Sources/a000224/OpHack/QuadraticResidue224/CertificateP107.lean,,a5a35641,Filename/path inference; editable in the app
350577,Reproduction_Sources/a000224/OpHack/QuadraticResidue224/CertificateP109.lean,General / shared,29185,"Email supplement received 06:19:17 CEST, after cutoff; distinct from on-time PDF | email ZIP",https://mail.google.com/mail/u/0/#all/1a0fffd2419ec392,,contestants/E02/13-archives/Math_Competition_Completed_Results_Submission_Bundle.zip,Math_Competition_Completed_Results_Submission/Reproduction_Sources/a000224/OpHack/QuadraticResidue224/CertificateP109.lean,,3e01aea8,Filename/path inference; editable in the app
350578,Reproduction_Sources/a000224/OpHack/QuadraticResidue224/CertificateP11.lean,General / shared,45125,"Email supplement received 06:19:17 CEST, after cutoff; distinct from on-time PDF | email ZIP",https://mail.google.com/mail/u/0/#all/1a0fffd2419ec392,,contestants/E02/13-archives/Math_Competition_Completed_Results_Submission_Bundle.zip,Math_Competition_Completed_Results_Submission/Reproduction_Sources/a000224/OpHack/QuadraticResidue224/CertificateP11.lean,,b0212d47,Filename/path inference; editable in the app
350579,Reproduction_Sources/a000224/OpHack/QuadraticResidue224/CertificateP113.lean,General / shared,26143,"Email supplement received 06:19:17 CEST, after cutoff; distinct from on-time PDF | email ZIP",https://mail.google.com/mail/u/0/#all/1a0fffd2419ec392,,contestants/E02/13-archives/Math_Competition_Completed_Results_Submission_Bundle.zip,Math_Competition_Completed_Results_Submission/Reproduction_Sources/a000224/OpHack/QuadraticResidue224/CertificateP113.lean,,b2547c24,Filename/path inference; editable in the app
350580,Reproduction_Sources/a000224/OpHack/QuadraticResidue224/CertificateP127.lean,General / shared,58,"Email supplement received 06:19:17 CEST, after cutoff; distinct from on-time PDF | email ZIP",https://mail.google.com/mail/u/0/#all/1a0fffd2419ec392,,contestants/E02/13-archives/Math_Competition_Completed_Results_Submission_Bundle.zip,Math_Competition_Completed_Results_Submission/Reproduction_Sources/a000224/OpHack/QuadraticResidue224/CertificateP127.lean,,d9a3e99c,Filename/path inference; editable in the app
350581,Reproduction_Sources/a000224/OpHack/QuadraticResidue224/CertificateP127Part0001.lean,General / shared,78011,"Email supplement received 06:19:17 CEST, after cutoff; distinct from on-time PDF | email ZIP",https://mail.google.com/mail/u/0/#all/1a0fffd2419ec392,,contestants/E02/13-archives/Math_Competition_Completed_Results_Submission_Bundle.zip,Math_Competition_Completed_Results_Submission/Reproduction_Sources/a000224/OpHack/QuadraticResidue224/CertificateP127Part0001.lean,,97f7ce34,Filename/path inference; editable in the app
350582,Reproduction_Sources/a000224/OpHack/QuadraticResidue224/CertificateP127Part0002.lean,General / shared,78178,"Email supplement received 06:19:17 CEST, after cutoff; distinct from on-time PDF | email ZIP",https://mail.google.com/mail/u/0/#all/1a0fffd2419ec392,,contestants/E02/13-archives/Math_Competition_Completed_Results_Submission_Bundle.zip,Math_Competition_Completed_Results_Submission/Reproduction_Sources/a000224/OpHack/QuadraticResidue224/CertificateP127Part0002.lean,,f87615ae,Filename/path inference; editable in the app
350583,Reproduction_Sources/a000224/OpHack/QuadraticResidue224/CertificateP127Part0003.lean,General / shared,78178,"Email supplement received 06:19:17 CEST, after cutoff; distinct from on-time PDF | email ZIP",https://mail.google.com/mail/u/0/#all/1a0fffd2419ec392,,contestants/E02/13-archives/Math_Competition_Completed_Results_Submission_Bundle.zip,Math_Competition_Completed_Results_Submission/Reproduction_Sources/a000224/OpHack/QuadraticResidue224/CertificateP127Part0003.lean,,d1b1dbe0,Filename/path inference; editable in the app
350584,Reproduction_Sources/a000224/OpHack/QuadraticResidue224/CertificateP127Part0004.lean,General / shared,78271,"Email supplement received 06:19:17 CEST, after cutoff; distinct from on-time PDF | email ZIP",https://mail.google.com/mail/u/0/#all/1a0fffd2419ec392,,contestants/E02/13-archives/Math_Competition_Completed_Results_Submission_Bundle.zip,Math_Competition_Completed_Results_Submission/Reproduction_Sources/a000224/OpHack/QuadraticResidue224/CertificateP127Part0004.lean,,67a18f9e,Filename/path inference; editable in the app
350585,Reproduction_Sources/a000224/OpHack/QuadraticResidue224/CertificateP127Part0005.lean,General / shared,78378,"Email supplement received 06:19:17 CEST, after cutoff; distinct from on-time PDF | email ZIP",https://mail.google.com/mail/u/0/#all/1a0fffd2419ec392,,contestants/E02/13-archives/Math_Competition_Completed_Results_Submission_Bundle.zip,Math_Competition_Completed_Results_Submission/Reproduction_Sources/a000224/OpHack/QuadraticResidue224/CertificateP127Part0005.lean,,689ff08e,Filename/path inference; editable in the app
350586,Reproduction_Sources/a000224/OpHack/QuadraticResidue224/CertificateP127Part0006.lean,General / shared,78378,"Email supplement received 06:19:17 CEST, after cutoff; distinct from on-time PDF | email ZIP",https://mail.google.com/mail/u/0/#all/1a0fffd2419ec392,,contestants/E02/13-archives/Math_Competition_Completed_Results_Submission_Bundle.zip,Math_Competition_Completed_Results_Submission/Reproduction_Sources/a000224/OpHack/QuadraticResidue224/CertificateP127Part0006.lean,,d1317bc9,Filename/path inference; editable in the app
350587,Reproduction_Sources/a000224/OpHack/QuadraticResidue224/CertificateP127Part0007.lean,General / shared,78378,"Email supplement received 06:19:17 CEST, after cutoff; distinct from on-time PDF | email ZIP",https://mail.google.com/mail/u/0/#all/1a0fffd2419ec392,,contestants/E02/13-archives/Math_Competition_Completed_Results_Submission_Bundle.zip,Math_Competition_Completed_Results_Submission/Reproduction_Sources/a000224/OpHack/QuadraticResidue224/CertificateP127Part0007.lean,,6206edf6,Filename/path inference; editable in the app
350588,Reproduction_Sources/a000224/OpHack/QuadraticResidue224/CertificateP127Part0008.lean,General / shared,78378,"Email supplement received 06:19:17 CEST, after cutoff; distinct from on-time PDF | email ZIP",https://mail.google.com/mail/u/0/#all/1a0fffd2419ec392,,contestants/E02/13-archives/Math_Competition_Completed_Results_Submission_Bundle.zip,Math_Competition_Completed_Results_Submission/Reproduction_Sources/a000224/OpHack/QuadraticResidue224/CertificateP127Part0008.lean,,619cf408,Filename/path inference; editable in the app
350589,Reproduction_Sources/a000224/OpHack/QuadraticResidue224/CertificateP127Part0009.lean,General / shared,78378,"Email supplement received 06:19:17 CEST, after cutoff; distinct from on-time PDF | email ZIP",https://mail.google.com/mail/u/0/#all/1a0fffd2419ec392,,contestants/E02/13-archives/Math_Competition_Completed_Results_Submission_Bundle.zip,Math_Competition_Completed_Results_Submission/Reproduction_Sources/a000224/OpHack/QuadraticResidue224/CertificateP127Part0009.lean,,b9698da3,Filename/path inference; editable in the app
350590,Reproduction_Sources/a000224/OpHack/QuadraticResidue224/CertificateP127Part0010.lean,General / shared,78378,"Email supplement received 06:19:17 CEST, after cutoff; distinct from on-time PDF | email ZIP",https://mail.google.com/mail/u/0/#all/1a0fffd2419ec392,,contestants/E02/13-archives/Math_Competition_Completed_Results_Submission_Bundle.zip,Math_Competition_Completed_Results_Submission/Reproduction_Sources/a000224/OpHack/QuadraticResidue224/CertificateP127Part0010.lean,,ee2cece3,Filename/path inference; editable in the app
350591,Reproduction_Sources/a000224/OpHack/QuadraticResidue224/CertificateP127Part0011.lean,General / shared,78378,"Email supplement received 06:19:17 CEST, after cutoff; distinct from on-time PDF | email ZIP",https://mail.google.com/mail/u/0/#all/1a0fffd2419ec392,,contestants/E02/13-archives/Math_Competition_Completed_Results_Submission_Bundle.zip,Math_Competition_Completed_Results_Submission/Reproduction_Sources/a000224/OpHack/QuadraticResidue224/CertificateP127Part0011.lean,,e72d46c0,Filename/path inference; editable in the app
350592,Reproduction_Sources/a000224/OpHack/QuadraticResidue224/CertificateP127Part0012.lean,General / shared,78378,"Email supplement received 06:19:17 CEST, after cutoff; distinct from on-time PDF | email ZIP",https://mail.google.com/mail/u/0/#all/1a0fffd2419ec392,,contestants/E02/13-archives/Math_Competition_Completed_Results_Submission_Bundle.zip,Math_Competition_Completed_Results_Submission/Reproduction_Sources/a000224/OpHack/QuadraticResidue224/CertificateP127Part0012.lean,,028bfe60,Filename/path inference; editable in the app
350593,Reproduction_Sources/a000224/OpHack/QuadraticResidue224/CertificateP127Part0013.lean,General / shared,78378,"Email supplement received 06:19:17 CEST, after cutoff; distinct from on-time PDF | email ZIP",https://mail.google.com/mail/u/0/#all/1a0fffd2419ec392,,contestants/E02/13-archives/Math_Competition_Completed_Results_Submission_Bundle.zip,Math_Competition_Completed_Results_Submission/Reproduction_Sources/a000224/OpHack/QuadraticResidue224/CertificateP127Part0013.lean,,9489b0fa,Filename/path inference; editable in the app
350594,Reproduction_Sources/a000224/OpHack/QuadraticResidue224/CertificateP127Part0014.lean,General / shared,78378,"Email supplement received 06:19:17 CEST, after cutoff; distinct from on-time PDF | email ZIP",https://mail.google.com/mail/u/0/#all/1a0fffd2419ec392,,contestants/E02/13-archives/Math_Competition_Completed_Results_Submission_Bundle.zip,Math_Competition_Completed_Results_Submission/Reproduction_Sources/a000224/OpHack/QuadraticResidue224/CertificateP127Part0014.lean,,21576ea1,Filename/path inference; editable in the app
350595,Reproduction_Sources/a000224/OpHack/QuadraticResidue224/CertificateP127Part0015.lean,General / shared,78378,"Email supplement received 06:19:17 CEST, after cutoff; distinct from on-time PDF | email ZIP",https://mail.google.com/mail/u/0/#all/1a0fffd2419ec392,,contestants/E02/13-archives/Math_Competition_Completed_Results_Submission_Bundle.zip,Math_Competition_Completed_Results_Submission/Reproduction_Sources/a000224/OpHack/QuadraticResidue224/CertificateP127Part0015.lean,,45757ffb,Filename/path inference; editable in the app
350596,Reproduction_Sources/a000224/OpHack/QuadraticResidue224/CertificateP127Part0016.lean,General / shared,174161,"Email supplement received 06:19:17 CEST, after cutoff; distinct from on-time PDF | email ZIP",https://mail.google.com/mail/u/0/#all/1a0fffd2419ec392,,contestants/E02/13-archives/Math_Competition_Completed_Results_Submission_Bundle.zip,Math_Competition_Completed_Results_Submission/Reproduction_Sources/a000224/OpHack/QuadraticResidue224/CertificateP127Part0016.lean,,8ba94cf4,Filename/path inference; editable in the app
350597,Reproduction_Sources/a000224/OpHack/QuadraticResidue224/CertificateP127Part0017.lean,General / shared,181778,"Email supplement received 06:19:17 CEST, after cutoff; distinct from on-time PDF | email ZIP",https://mail.google.com/mail/u/0/#all/1a0fffd2419ec392,,contestants/E02/13-archives/Math_Competition_Completed_Results_Submission_Bundle.zip,Math_Competition_Completed_Results_Submission/Reproduction_Sources/a000224/OpHack/QuadraticResidue224/CertificateP127Part0017.lean,,0f03092d,Filename/path inference; editable in the app
350598,Reproduction_Sources/a000224/OpHack/QuadraticResidue224/CertificateP127Part0018.lean,General / shared,181778,"Email supplement received 06:19:17 CEST, after cutoff; distinct from on-time PDF | email ZIP",https://mail.google.com/mail/u/0/#all/1a0fffd2419ec392,,contestants/E02/13-archives/Math_Competition_Completed_Results_Submission_Bundle.zip,Math_Competition_Completed_Results_Submission/Reproduction_Sources/a000224/OpHack/QuadraticResidue224/CertificateP127Part0018.lean,,da6b6199,Filename/path inference; editable in the app
350599,Reproduction_Sources/a000224/OpHack/QuadraticResidue224/CertificateP127Part0019.lean,General / shared,185120,"Email supplement received 06:19:17 CEST, after cutoff; distinct from on-time PDF | email ZIP",https://mail.google.com/mail/u/0/#all/1a0fffd2419ec392,,contestants/E02/13-archives/Math_Competition_Completed_Results_Submission_Bundle.zip,Math_Competition_Completed_Results_Submission/Reproduction_Sources/a000224/OpHack/QuadraticResidue224/CertificateP127Part0019.lean,,78f47d94,Filename/path inference; editable in the app
350600,Reproduction_Sources/a000224/OpHack/QuadraticResidue224/CertificateP127Part0020.lean,General / shared,185778,"Email supplement received 06:19:17 CEST, after cutoff; distinct from on-time PDF | email ZIP",https://mail.google.com/mail/u/0/#all/1a0fffd2419ec392,,contestants/E02/13-archives/Math_Competition_Completed_Results_Submission_Bundle.zip,Math_Competition_Completed_Results_Submission/Reproduction_Sources/a000224/OpHack/QuadraticResidue224/CertificateP127Part0020.lean,,a970cedc,Filename/path inference; editable in the app
350601,Reproduction_Sources/a000224/OpHack/QuadraticResidue224/CertificateP127Part0021.lean,General / shared,185778,"Email supplement received 06:19:17 CEST, after cutoff; distinct from on-time PDF | email ZIP",https://mail.google.com/mail/u/0/#all/1a0fffd2419ec392,,contestants/E02/13-archives/Math_Competition_Completed_Results_Submission_Bundle.zip,Math_Competition_Completed_Results_Submission/Reproduction_Sources/a000224/OpHack/QuadraticResidue224/CertificateP127Part0021.lean,,28736a88,Filename/path inference; editable in the app
350602,Reproduction_Sources/a000224/OpHack/QuadraticResidue224/CertificateP127Part0022.lean,General / shared,185778,"Email supplement received 06:19:17 CEST, after cutoff; distinct from on-time PDF | email ZIP",https://mail.google.com/mail/u/0/#all/1a0fffd2419ec392,,contestants/E02/13-archives/Math_Competition_Completed_Results_Submission_Bundle.zip,Math_Competition_Completed_Results_Submission/Reproduction_Sources/a000224/OpHack/QuadraticResidue224/CertificateP127Part0022.lean,,238514c4,Filename/path inference; editable in the app
350603,Reproduction_Sources/a000224/OpHack/QuadraticResidue224/CertificateP127Part0023.lean,General / shared,185778,"Email supplement received 06:19:17 CEST, after cutoff; distinct from on-time PDF | email ZIP",https://mail.google.com/mail/u/0/#all/1a0fffd2419ec392,,contestants/E02/13-archives/Math_Competition_Completed_Results_Submission_Bundle.zip,Math_Competition_Completed_Results_Submission/Reproduction_Sources/a000224/OpHack/QuadraticResidue224/CertificateP127Part0023.lean,,ec327821,Filename/path inference; editable in the app
350604,Reproduction_Sources/a000224/OpHack/QuadraticResidue224/CertificateP127Part0024.lean,General / shared,185778,"Email supplement received 06:19:17 CEST, after cutoff; distinct from on-time PDF | email ZIP",https://mail.google.com/mail/u/0/#all/1a0fffd2419ec392,,contestants/E02/13-archives/Math_Competition_Completed_Results_Submission_Bundle.zip,Math_Competition_Completed_Results_Submission/Reproduction_Sources/a000224/OpHack/QuadraticResidue224/CertificateP127Part0024.lean,,cf939a39,Filename/path inference; editable in the app
350605,Reproduction_Sources/a000224/OpHack/QuadraticResidue224/CertificateP127Part0025.lean,General / shared,185778,"Email supplement received 06:19:17 CEST, after cutoff; distinct from on-time PDF | email ZIP",https://mail.google.com/mail/u/0/#all/1a0fffd2419ec392,,contestants/E02/13-archives/Math_Competition_Completed_Results_Submission_Bundle.zip,Math_Competition_Completed_Results_Submission/Reproduction_Sources/a000224/OpHack/QuadraticResidue224/CertificateP127Part0025.lean,,befd819c,Filename/path inference; editable in the app
350606,Reproduction_Sources/a000224/OpHack/QuadraticResidue224/CertificateP127Part0026.lean,General / shared,211509,"Email supplement received 06:19:17 CEST, after cutoff; distinct from on-time PDF | email ZIP",https://mail.google.com/mail/u/0/#all/1a0fffd2419ec392,,contestants/E02/13-archives/Math_Competition_Completed_Results_Submission_Bundle.zip,Math_Competition_Completed_Results_Submission/Reproduction_Sources/a000224/OpHack/QuadraticResidue224/CertificateP127Part0026.lean,,f72d3edb,Filename/path inference; editable in the app
350607,Reproduction_Sources/a000224/OpHack/QuadraticResidue224/CertificateP127Part0027.lean,General / shared,213822,"Email supplement received 06:19:17 CEST, after cutoff; distinct from on-time PDF | email ZIP",https://mail.google.com/mail/u/0/#all/1a0fffd2419ec392,,contestants/E02/13-archives/Math_Competition_Completed_Results_Submission_Bundle.zip,Math_Competition_Completed_Results_Submission/Reproduction_Sources/a000224/OpHack/QuadraticResidue224/CertificateP127Part0027.lean,,a467eba7,Filename/path inference; editable in the app
350608,Reproduction_Sources/a000224/OpHack/QuadraticResidue224/CertificateP127Part0028.lean,General / shared,213630,"Email supplement received 06:19:17 CEST, after cutoff; distinct from on-time PDF | email ZIP",https://mail.google.com/mail/u/0/#all/1a0fffd2419ec392,,contestants/E02/13-archives/Math_Competition_Completed_Results_Submission_Bundle.zip,Math_Competition_Completed_Results_Submission/Reproduction_Sources/a000224/OpHack/QuadraticResidue224/CertificateP127Part0028.lean,,412faff1,Filename/path inference; editable in the app
350609,Reproduction_Sources/a000224/OpHack/QuadraticResidue224/CertificateP127Part0029.lean,General / shared,214137,"Email supplement received 06:19:17 CEST, after cutoff; distinct from on-time PDF | email ZIP",https://mail.google.com/mail/u/0/#all/1a0fffd2419ec392,,contestants/E02/13-archives/Math_Competition_Completed_Results_Submission_Bundle.zip,Math_Competition_Completed_Results_Submission/Reproduction_Sources/a000224/OpHack/QuadraticResidue224/CertificateP127Part0029.lean,,2278a4df,Filename/path inference; editable in the app
350610,Reproduction_Sources/a000224/OpHack/QuadraticResidue224/CertificateP127Part0030.lean,General / shared,213012,"Email supplement received 06:19:17 CEST, after cutoff; distinct from on-time PDF | email ZIP",https://mail.google.com/mail/u/0/#all/1a0fffd2419ec392,,contestants/E02/13-archives/Math_Competition_Completed_Results_Submission_Bundle.zip,Math_Competition_Completed_Results_Submission/Reproduction_Sources/a000224/OpHack/QuadraticResidue224/CertificateP127Part0030.lean,,d410649a,Filename/path inference; editable in the app
350611,Reproduction_Sources/a000224/OpHack/QuadraticResidue224/CertificateP127Part0031.lean,General / shared,213411,"Email supplement received 06:19:17 CEST, after cutoff; distinct from on-time PDF | email ZIP",https://mail.google.com/mail/u/0/#all/1a0fffd2419ec392,,contestants/E02/13-archives/Math_Competition_Completed_Results_Submission_Bundle.zip,Math_Competition_Completed_Results_Submission/Reproduction_Sources/a000224/OpHack/QuadraticResidue224/CertificateP127Part0031.lean,,75f73163,Filename/path inference; editable in the app
350612,Reproduction_Sources/a000224/OpHack/QuadraticResidue224/CertificateP127Part0032.lean,General / shared,213048,"Email supplement received 06:19:17 CEST, after cutoff; distinct from on-time PDF | email ZIP",https://mail.google.com/mail/u/0/#all/1a0fffd2419ec392,,contestants/E02/13-archives/Math_Competition_Completed_Results_Submission_Bundle.zip,Math_Competition_Completed_Results_Submission/Reproduction_Sources/a000224/OpHack/QuadraticResidue224/CertificateP127Part0032.lean,,3e2927b6,Filename/path inference; editable in the app
350613,Reproduction_Sources/a000224/OpHack/QuadraticResidue224/CertificateP127Part0033.lean,General / shared,214341,"Email supplement received 06:19:17 CEST, after cutoff; distinct from on-time PDF | email ZIP",https://mail.google.com/mail/u/0/#all/1a0fffd2419ec392,,contestants/E02/13-archives/Math_Competition_Completed_Results_Submission_Bundle.zip,Math_Competition_Completed_Results_Submission/Reproduction_Sources/a000224/OpHack/QuadraticResidue224/CertificateP127Part0033.lean,,ffd82765,Filename/path inference; editable in the app
350614,Reproduction_Sources/a000224/OpHack/QuadraticResidue224/CertificateP127Part0034.lean,General / shared,213003,"Email supplement received 06:19:17 CEST, after cutoff; distinct from on-time PDF | email ZIP",https://mail.google.com/mail/u/0/#all/1a0fffd2419ec392,,contestants/E02/13-archives/Math_Competition_Completed_Results_Submission_Bundle.zip,Math_Competition_Completed_Results_Submission/Reproduction_Sources/a000224/OpHack/QuadraticResidue224/CertificateP127Part0034.lean,,2b0115be,Filename/path inference; editable in the app
350615,Reproduction_Sources/a000224/OpHack/QuadraticResidue224/CertificateP127Part0035.lean,General / shared,212901,"Email supplement received 06:19:17 CEST, after cutoff; distinct from on-time PDF | email ZIP",https://mail.google.com/mail/u/0/#all/1a0fffd2419ec392,,contestants/E02/13-archives/Math_Competition_Completed_Results_Submission_Bundle.zip,Math_Competition_Completed_Results_Submission/Reproduction_Sources/a000224/OpHack/QuadraticResidue224/CertificateP127Part0035.lean,,06a5a1c3,Filename/path inference; editable in the app
350616,Reproduction_Sources/a000224/OpHack/QuadraticResidue224/CertificateP127Part0036.lean,General / shared,96058,"Email supplement received 06:19:17 CEST, after cutoff; distinct from on-time PDF | email ZIP",https://mail.google.com/mail/u/0/#all/1a0fffd2419ec392,,contestants/E02/13-archives/Math_Competition_Completed_Results_Submission_Bundle.zip,Math_Competition_Completed_Results_Submission/Reproduction_Sources/a000224/OpHack/QuadraticResidue224/CertificateP127Part0036.lean,,1140c9b4,Filename/path inference; editable in the app
350617,Reproduction_Sources/a000224/OpHack/QuadraticResidue224/CertificateP127Part0037.lean,General / shared,68034,"Email supplement received 06:19:17 CEST, after cutoff; distinct from on-time PDF | email ZIP",https://mail.google.com/mail/u/0/#all/1a0fffd2419ec392,,contestants/E02/13-archives/Math_Competition_Completed_Results_Submission_Bundle.zip,Math_Competition_Completed_Results_Submission/Reproduction_Sources/a000224/OpHack/QuadraticResidue224/CertificateP127Part0037.lean,,fb82bd87,Filename/path inference; editable in the app
350618,Reproduction_Sources/a000224/OpHack/QuadraticResidue224/CertificateP127Part0038.lean,General / shared,69378,"Email supplement received 06:19:17 CEST, after cutoff; distinct from on-time PDF | email ZIP",https://mail.google.com/mail/u/0/#all/1a0fffd2419ec392,,contestants/E02/13-archives/Math_Competition_Completed_Results_Submission_Bundle.zip,Math_Competition_Completed_Results_Submission/Reproduction_Sources/a000224/OpHack/QuadraticResidue224/CertificateP127Part0038.lean,,2c69b11d,Filename/path inference; editable in the app
350619,Reproduction_Sources/a000224/OpHack/QuadraticResidue224/CertificateP127Part0039.lean,General / shared,69378,"Email supplement received 06:19:17 CEST, after cutoff; distinct from on-time PDF | email ZIP",https://mail.google.com/mail/u/0/#all/1a0fffd2419ec392,,contestants/E02/13-archives/Math_Competition_Completed_Results_Submission_Bundle.zip,Math_Competition_Completed_Results_Submission/Reproduction_Sources/a000224/OpHack/QuadraticResidue224/CertificateP127Part0039.lean,,f119710a,Filename/path inference; editable in the app
350620,Reproduction_Sources/a000224/OpHack/QuadraticResidue224/CertificateP127Part0040.lean,General / shared,69378,"Email supplement received 06:19:17 CEST, after cutoff; distinct from on-time PDF | email ZIP",https://mail.google.com/mail/u/0/#all/1a0fffd2419ec392,,contestants/E02/13-archives/Math_Competition_Completed_Results_Submission_Bundle.zip,Math_Competition_Completed_Results_Submission/Reproduction_Sources/a000224/OpHack/QuadraticResidue224/CertificateP127Part0040.lean,,f218674a,Filename/path inference; editable in the app
350621,Reproduction_Sources/a000224/OpHack/QuadraticResidue224/CertificateP127Part0041.lean,General / shared,69378,"Email supplement received 06:19:17 CEST, after cutoff; distinct from on-time PDF | email ZIP",https://mail.google.com/mail/u/0/#all/1a0fffd2419ec392,,contestants/E02/13-archives/Math_Competition_Completed_Results_Submission_Bundle.zip,Math_Competition_Completed_Results_Submission/Reproduction_Sources/a000224/OpHack/QuadraticResidue224/CertificateP127Part0041.lean,,aedf3f30,Filename/path inference; editable in the app
350622,Reproduction_Sources/a000224/OpHack/QuadraticResidue224/CertificateP127Part0042.lean,General / shared,69378,"Email supplement received 06:19:17 CEST, after cutoff; distinct from on-time PDF | email ZIP",https://mail.google.com/mail/u/0/#all/1a0fffd2419ec392,,contestants/E02/13-archives/Math_Competition_Completed_Results_Submission_Bundle.zip,Math_Competition_Completed_Results_Submission/Reproduction_Sources/a000224/OpHack/QuadraticResidue224/CertificateP127Part0042.lean,,a7dfbb5d,Filename/path inference; editable in the app
350623,Reproduction_Sources/a000224/OpHack/QuadraticResidue224/CertificateP127Part0043.lean,General / shared,69378,"Email supplement received 06:19:17 CEST, after cutoff; distinct from on-time PDF | email ZIP",https://mail.google.com/mail/u/0/#all/1a0fffd2419ec392,,contestants/E02/13-archives/Math_Competition_Completed_Results_Submission_Bundle.zip,Math_Competition_Completed_Results_Submission/Reproduction_Sources/a000224/OpHack/QuadraticResidue224/CertificateP127Part0043.lean,,7fd4c8e2,Filename/path inference; editable in the app
350624,Reproduction_Sources/a000224/OpHack/QuadraticResidue224/CertificateP127Part0044.lean,General / shared,69378,"Email supplement received 06:19:17 CEST, after cutoff; distinct from on-time PDF | email ZIP",https://mail.google.com/mail/u/0/#all/1a0fffd2419ec392,,contestants/E02/13-archives/Math_Competition_Completed_Results_Submission_Bundle.zip,Math_Competition_Completed_Results_Submission/Reproduction_Sources/a000224/OpHack/QuadraticResidue224/CertificateP127Part0044.lean,,0132a241,Filename/path inference; editable in the app
350625,Reproduction_Sources/a000224/OpHack/QuadraticResidue224/CertificateP127Part0045.lean,General / shared,69378,"Email supplement received 06:19:17 CEST, after cutoff; distinct from on-time PDF | email ZIP",https://mail.google.com/mail/u/0/#all/1a0fffd2419ec392,,contestants/E02/13-archives/Math_Competition_Completed_Results_Submission_Bundle.zip,Math_Competition_Completed_Results_Submission/Reproduction_Sources/a000224/OpHack/QuadraticResidue224/CertificateP127Part0045.lean,,9496bb3b,Filename/path inference; editable in the app
350626,Reproduction_Sources/a000224/OpHack/QuadraticResidue224/CertificateP127Part0046.lean,General / shared,67932,"Email supplement received 06:19:17 CEST, after cutoff; distinct from on-time PDF | email ZIP",https://mail.google.com/mail/u/0/#all/1a0fffd2419ec392,,contestants/E02/13-archives/Math_Competition_Completed_Results_Submission_Bundle.zip,Math_Competition_Completed_Results_Submission/Reproduction_Sources/a000224/OpHack/QuadraticResidue224/CertificateP127Part0046.lean,,d4a0bcf4,Filename/path inference; editable in the app
350627,Reproduction_Sources/a000224/OpHack/QuadraticResidue224/CertificateP127Part0047.lean,General / shared,69312,"Email supplement received 06:19:17 CEST, after cutoff; distinct from on-time PDF | email ZIP",https://mail.google.com/mail/u/0/#all/1a0fffd2419ec392,,contestants/E02/13-archives/Math_Competition_Completed_Results_Submission_Bundle.zip,Math_Competition_Completed_Results_Submission/Reproduction_Sources/a000224/OpHack/QuadraticResidue224/CertificateP127Part0047.lean,,c492407b,Filename/path inference; editable in the app
350628,Reproduction_Sources/a000224/OpHack/QuadraticResidue224/CertificateP127Part0048.lean,General / shared,69378,"Email supplement received 06:19:17 CEST, after cutoff; distinct from on-time PDF | email ZIP",https://mail.google.com/mail/u/0/#all/1a0fffd2419ec392,,contestants/E02/13-archives/Math_Competition_Completed_Results_Submission_Bundle.zip,Math_Competition_Completed_Results_Submission/Reproduction_Sources/a000224/OpHack/QuadraticResidue224/CertificateP127Part0048.lean,,1d661146,Filename/path inference; editable in the app
350629,Reproduction_Sources/a000224/OpHack/QuadraticResidue224/CertificateP127Part0049.lean,General / shared,69378,"Email supplement received 06:19:17 CEST, after cutoff; distinct from on-time PDF | email ZIP",https://mail.google.com/mail/u/0/#all/1a0fffd2419ec392,,contestants/E02/13-archives/Math_Competition_Completed_Results_Submission_Bundle.zip,Math_Competition_Completed_Results_Submission/Reproduction_Sources/a000224/OpHack/QuadraticResidue224/CertificateP127Part0049.lean,,11b0e9d6,Filename/path inference; editable in the app
350630,Reproduction_Sources/a000224/OpHack/QuadraticResidue224/CertificateP127Part0050.lean,General / shared,69378,"Email supplement received 06:19:17 CEST, after cutoff; distinct from on-time PDF | email ZIP",https://mail.google.com/mail/u/0/#all/1a0fffd2419ec392,,contestants/E02/13-archives/Math_Competition_Completed_Results_Submission_Bundle.zip,Math_Competition_Completed_Results_Submission/Reproduction_Sources/a000224/OpHack/QuadraticResidue224/CertificateP127Part0050.lean,,d06d6b0c,Filename/path inference; editable in the app
350631,Reproduction_Sources/a000224/OpHack/QuadraticResidue224/CertificateP127Part0051.lean,General / shared,68622,"Email supplement received 06:19:17 CEST, after cutoff; distinct from on-time PDF | email ZIP",https://mail.google.com/mail/u/0/#all/1a0fffd2419ec392,,contestants/E02/13-archives/Math_Competition_Completed_Results_Submission_Bundle.zip,Math_Competition_Completed_Results_Submission/Reproduction_Sources/a000224/OpHack/QuadraticResidue224/CertificateP127Part0051.lean,,0f4a45f5,Filename/path inference; editable in the app
350632,Reproduction_Sources/a000224/OpHack/QuadraticResidue224/CertificateP127Part0052.lean,General / shared,69378,"Email supplement received 06:19:17 CEST, after cutoff; distinct from on-time PDF | email ZIP",https://mail.google.com/mail/u/0/#all/1a0fffd2419ec392,,contestants/E02/13-archives/Math_Competition_Completed_Results_Submission_Bundle.zip,Math_Competition_Completed_Results_Submission/Reproduction_Sources/a000224/OpHack/QuadraticResidue224/CertificateP127Part0052.lean,,93d59bda,Filename/path inference; editable in the app
350633,Reproduction_Sources/a000224/OpHack/QuadraticResidue224/CertificateP127Part0053.lean,General / shared,69006,"Email supplement received 06:19:17 CEST, after cutoff; distinct from on-time PDF | email ZIP",https://mail.google.com/mail/u/0/#all/1a0fffd2419ec392,,contestants/E02/13-archives/Math_Competition_Completed_Results_Submission_Bundle.zip,Math_Competition_Completed_Results_Submission/Reproduction_Sources/a000224/OpHack/QuadraticResidue224/CertificateP127Part0053.lean,,cdb1f52c,Filename/path inference; editable in the app
350634,Reproduction_Sources/a000224/OpHack/QuadraticResidue224/CertificateP127Part0054.lean,General / shared,69372,"Email supplement received 06:19:17 CEST, after cutoff; distinct from on-time PDF | email ZIP",https://mail.google.com/mail/u/0/#all/1a0fffd2419ec392,,contestants/E02/13-archives/Math_Competition_Completed_Results_Submission_Bundle.zip,Math_Competition_Completed_Results_Submission/Reproduction_Sources/a000224/OpHack/QuadraticResidue224/CertificateP127Part0054.lean,,7a605be5,Filename/path inference; editable in the app
350635,Reproduction_Sources/a000224/OpHack/QuadraticResidue224/CertificateP127Part0055.lean,General / shared,69096,"Email supplement received 06:19:17 CEST, after cutoff; distinct from on-time PDF | email ZIP",https://mail.google.com/mail/u/0/#all/1a0fffd2419ec392,,contestants/E02/13-archives/Math_Competition_Completed_Results_Submission_Bundle.zip,Math_Competition_Completed_Results_Submission/Reproduction_Sources/a000224/OpHack/QuadraticResidue224/CertificateP127Part0055.lean,,38a07af5,Filename/path inference; editable in the app
350636,Reproduction_Sources/a000224/OpHack/QuadraticResidue224/CertificateP127Part0056.lean,General / shared,23005,"Email supplement received 06:19:17 CEST, after cutoff; distinct from on-time PDF | email ZIP",https://mail.google.com/mail/u/0/#all/1a0fffd2419ec392,,contestants/E02/13-archives/Math_Competition_Completed_Results_Submission_Bundle.zip,Math_Competition_Completed_Results_Submission/Reproduction_Sources/a000224/OpHack/QuadraticResidue224/CertificateP127Part0056.lean,,4dad542b,Filename/path inference; editable in the app
350637,Reproduction_Sources/a000224/OpHack/QuadraticResidue224/CertificateP13.lean,General / shared,142389,"Email supplement received 06:19:17 CEST, after cutoff; distinct from on-time PDF | email ZIP",https://mail.google.com/mail/u/0/#all/1a0fffd2419ec392,,contestants/E02/13-archives/Math_Competition_Completed_Results_Submission_Bundle.zip,Math_Competition_Completed_Results_Submission/Reproduction_Sources/a000224/OpHack/QuadraticResidue224/CertificateP13.lean,,556f0db8,Filename/path inference; editable in the app
350638,Reproduction_Sources/a000224/OpHack/QuadraticResidue224/CertificateP131.lean,General / shared,58,"Email supplement received 06:19:17 CEST, after cutoff; distinct from on-time PDF | email ZIP",https://mail.google.com/mail/u/0/#all/1a0fffd2419ec392,,contestants/E02/13-archives/Math_Competition_Completed_Results_Submission_Bundle.zip,Math_Competition_Completed_Results_Submission/Reproduction_Sources/a000224/OpHack/QuadraticResidue224/CertificateP131.lean,,0ae3b5b1,Filename/path inference; editable in the app
350639,Reproduction_Sources/a000224/OpHack/QuadraticResidue224/CertificateP131Part0001.lean,General / shared,77123,"Email supplement received 06:19:17 CEST, after cutoff; distinct from on-time PDF | email ZIP",https://mail.google.com/mail/u/0/#all/1a0fffd2419ec392,,contestants/E02/13-archives/Math_Competition_Completed_Results_Submission_Bundle.zip,Math_Competition_Completed_Results_Submission/Reproduction_Sources/a000224/OpHack/QuadraticResidue224/CertificateP131Part0001.lean,,4c214a9c,Filename/path inference; editable in the app
350640,Reproduction_Sources/a000224/OpHack/QuadraticResidue224/CertificateP131Part0002.lean,General / shared,77178,"Email supplement received 06:19:17 CEST, after cutoff; distinct from on-time PDF | email ZIP",https://mail.google.com/mail/u/0/#all/1a0fffd2419ec392,,contestants/E02/13-archives/Math_Competition_Completed_Results_Submission_Bundle.zip,Math_Competition_Completed_Results_Submission/Reproduction_Sources/a000224/OpHack/QuadraticResidue224/CertificateP131Part0002.lean,,465f9686,Filename/path inference; editable in the app
350641,Reproduction_Sources/a000224/OpHack/QuadraticResidue224/CertificateP131Part0003.lean,General / shared,159260,"Email supplement received 06:19:17 CEST, after cutoff; distinct from on-time PDF | email ZIP",https://mail.google.com/mail/u/0/#all/1a0fffd2419ec392,,contestants/E02/13-archives/Math_Competition_Completed_Results_Submission_Bundle.zip,Math_Competition_Completed_Results_Submission/Reproduction_Sources/a000224/OpHack/QuadraticResidue224/CertificateP131Part0003.lean,,f0af00c4,Filename/path inference; editable in the app
350642,Reproduction_Sources/a000224/OpHack/QuadraticResidue224/CertificateP131Part0004.lean,General / shared,203499,"Email supplement received 06:19:17 CEST, after cutoff; distinct from on-time PDF | email ZIP",https://mail.google.com/mail/u/0/#all/1a0fffd2419ec392,,contestants/E02/13-archives/Math_Competition_Completed_Results_Submission_Bundle.zip,Math_Competition_Completed_Results_Submission/Reproduction_Sources/a000224/OpHack/QuadraticResidue224/CertificateP131Part0004.lean,,ab1c0cea,Filename/path inference; editable in the app
350643,Reproduction_Sources/a000224/OpHack/QuadraticResidue224/CertificateP131Part0005.lean,General / shared,139968,"Email supplement received 06:19:17 CEST, after cutoff; distinct from on-time PDF | email ZIP",https://mail.google.com/mail/u/0/#all/1a0fffd2419ec392,,contestants/E02/13-archives/Math_Competition_Completed_Results_Submission_Bundle.zip,Math_Competition_Completed_Results_Submission/Reproduction_Sources/a000224/OpHack/QuadraticResidue224/CertificateP131Part0005.lean,,8d33016c,Filename/path inference; editable in the app
350644,Reproduction_Sources/a000224/OpHack/QuadraticResidue224/CertificateP131Part0006.lean,General / shared,67455,"Email supplement received 06:19:17 CEST, after cutoff; distinct from on-time PDF | email ZIP",https://mail.google.com/mail/u/0/#all/1a0fffd2419ec392,,contestants/E02/13-archives/Math_Competition_Completed_Results_Submission_Bundle.zip,Math_Competition_Completed_Results_Submission/Reproduction_Sources/a000224/OpHack/QuadraticResidue224/CertificateP131Part0006.lean,,dcb351af,Filename/path inference; editable in the app
350645,Reproduction_Sources/a000224/OpHack/QuadraticResidue224/CertificateP131Part0007.lean,General / shared,52643,"Email supplement received 06:19:17 CEST, after cutoff; distinct from on-time PDF | email ZIP",https://mail.google.com/mail/u/0/#all/1a0fffd2419ec392,,contestants/E02/13-archives/Math_Competition_Completed_Results_Submission_Bundle.zip,Math_Competition_Completed_Results_Submission/Reproduction_Sources/a000224/OpHack/QuadraticResidue224/CertificateP131Part0007.lean,,f4c453d9,Filename/path inference; editable in the app
350646,Reproduction_Sources/a000224/OpHack/QuadraticResidue224/CertificateP137.lean,General / shared,58,"Email supplement received 06:19:17 CEST, after cutoff; distinct from on-time PDF | email ZIP",https://mail.google.com/mail/u/0/#all/1a0fffd2419ec392,,contestants/E02/13-archives/Math_Competition_Completed_Results_Submission_Bundle.zip,Math_Competition_Completed_Results_Submission/Reproduction_Sources/a000224/OpHack/QuadraticResidue224/CertificateP137.lean,,2cd09635,Filename/path inference; editable in the app
350647,Reproduction_Sources/a000224/OpHack/QuadraticResidue224/CertificateP137Part0001.lean,General / shared,76973,"Email supplement received 06:19:17 CEST, after cutoff; distinct from on-time PDF | email ZIP",https://mail.google.com/mail/u/0/#all/1a0fffd2419ec392,,contestants/E02/13-archives/Math_Competition_Completed_Results_Submission_Bundle.zip,Math_Competition_Completed_Results_Submission/Reproduction_Sources/a000224/OpHack/QuadraticResidue224/CertificateP137Part0001.lean,,e11ec0a6,Filename/path inference; editable in the app
350648,Reproduction_Sources/a000224/OpHack/QuadraticResidue224/CertificateP137Part0002.lean,General / shared,183039,"Email supplement received 06:19:17 CEST, after cutoff; distinct from on-time PDF | email ZIP",https://mail.google.com/mail/u/0/#all/1a0fffd2419ec392,,contestants/E02/13-archives/Math_Competition_Completed_Results_Submission_Bundle.zip,Math_Competition_Completed_Results_Submission/Reproduction_Sources/a000224/OpHack/QuadraticResidue224/CertificateP137Part0002.lean,,d69f3329,Filename/path inference; editable in the app
350649,Reproduction_Sources/a000224/OpHack/QuadraticResidue224/CertificateP137Part0003.lean,General / shared,85391,"Email supplement received 06:19:17 CEST, after cutoff; distinct from on-time PDF | email ZIP",https://mail.google.com/mail/u/0/#all/1a0fffd2419ec392,,contestants/E02/13-archives/Math_Competition_Completed_Results_Submission_Bundle.zip,Math_Competition_Completed_Results_Submission/Reproduction_Sources/a000224/OpHack/QuadraticResidue224/CertificateP137Part0003.lean,,b1d3b812,Filename/path inference; editable in the app
350650,Reproduction_Sources/a000224/OpHack/QuadraticResidue224/CertificateP137Part0004.lean,General / shared,8690,"Email supplement received 06:19:17 CEST, after cutoff; distinct from on-time PDF | email ZIP",https://mail.google.com/mail/u/0/#all/1a0fffd2419ec392,,contestants/E02/13-archives/Math_Competition_Completed_Results_Submission_Bundle.zip,Math_Competition_Completed_Results_Submission/Reproduction_Sources/a000224/OpHack/QuadraticResidue224/CertificateP137Part0004.lean,,7875902f,Filename/path inference; editable in the app
350651,Reproduction_Sources/a000224/OpHack/QuadraticResidue224/CertificateP139.lean,General / shared,58,"Email supplement received 06:19:17 CEST, after cutoff; distinct from on-time PDF | email ZIP",https://mail.google.com/mail/u/0/#all/1a0fffd2419ec392,,contestants/E02/13-archives/Math_Competition_Completed_Results_Submission_Bundle.zip,Math_Competition_Completed_Results_Submission/Reproduction_Sources/a000224/OpHack/QuadraticResidue224/CertificateP139.lean,,7d583041,Filename/path inference; editable in the app
350652,Reproduction_Sources/a000224/OpHack/QuadraticResidue224/CertificateP139Part0001.lean,General / shared,76985,"Email supplement received 06:19:17 CEST, after cutoff; distinct from on-time PDF | email ZIP",https://mail.google.com/mail/u/0/#all/1a0fffd2419ec392,,contestants/E02/13-archives/Math_Competition_Completed_Results_Submission_Bundle.zip,Math_Competition_Completed_Results_Submission/Reproduction_Sources/a000224/OpHack/QuadraticResidue224/CertificateP139Part0001.lean,,d9946887,Filename/path inference; editable in the app
350653,Reproduction_Sources/a000224/OpHack/QuadraticResidue224/CertificateP139Part0002.lean,General / shared,180193,"Email supplement received 06:19:17 CEST, after cutoff; distinct from on-time PDF | email ZIP",https://mail.google.com/mail/u/0/#all/1a0fffd2419ec392,,contestants/E02/13-archives/Math_Competition_Completed_Results_Submission_Bundle.zip,Math_Competition_Completed_Results_Submission/Reproduction_Sources/a000224/OpHack/QuadraticResidue224/CertificateP139Part0002.lean,,30a9ea5f,Filename/path inference; editable in the app
350654,Reproduction_Sources/a000224/OpHack/QuadraticResidue224/CertificateP139Part0003.lean,General / shared,47150,"Email supplement received 06:19:17 CEST, after cutoff; distinct from on-time PDF | email ZIP",https://mail.google.com/mail/u/0/#all/1a0fffd2419ec392,,contestants/E02/13-archives/Math_Competition_Completed_Results_Submission_Bundle.zip,Math_Competition_Completed_Results_Submission/Reproduction_Sources/a000224/OpHack/QuadraticResidue224/CertificateP139Part0003.lean,,3ebe1f22,Filename/path inference; editable in the app
350655,Reproduction_Sources/a000224/OpHack/QuadraticResidue224/CertificateP149.lean,General / shared,58,"Email supplement received 06:19:17 CEST, after cutoff; distinct from on-time PDF | email ZIP",https://mail.google.com/mail/u/0/#all/1a0fffd2419ec392,,contestants/E02/13-archives/Math_Competition_Completed_Results_Submission_Bundle.zip,Math_Competition_Completed_Results_Submission/Reproduction_Sources/a000224/OpHack/QuadraticResidue224/CertificateP149.lean,,4d781483,Filename/path inference; editable in the app
350656,Reproduction_Sources/a000224/OpHack/QuadraticResidue224/CertificateP149Part0001.lean,General / shared,119225,"Email supplement received 06:19:17 CEST, after cutoff; distinct from on-time PDF | email ZIP",https://mail.google.com/mail/u/0/#all/1a0fffd2419ec392,,contestants/E02/13-archives/Math_Competition_Completed_Results_Submission_Bundle.zip,Math_Competition_Completed_Results_Submission/Reproduction_Sources/a000224/OpHack/QuadraticResidue224/CertificateP149Part0001.lean,,0971dd8a,Filename/path inference; editable in the app
350657,Reproduction_Sources/a000224/OpHack/QuadraticResidue224/CertificateP149Part0002.lean,General / shared,60670,"Email supplement received 06:19:17 CEST, after cutoff; distinct from on-time PDF | email ZIP",https://mail.google.com/mail/u/0/#all/1a0fffd2419ec392,,contestants/E02/13-archives/Math_Competition_Completed_Results_Submission_Bundle.zip,Math_Competition_Completed_Results_Submission/Reproduction_Sources/a000224/OpHack/QuadraticResidue224/CertificateP149Part0002.lean,,bf0b4523,Filename/path inference; editable in the app
350658,Reproduction_Sources/a000224/OpHack/QuadraticResidue224/CertificateP151.lean,General / shared,58,"Email supplement received 06:19:17 CEST, after cutoff; distinct from on-time PDF | email ZIP",https://mail.google.com/mail/u/0/#all/1a0fffd2419ec392,,contestants/E02/13-archives/Math_Competition_Completed_Results_Submission_Bundle.zip,Math_Competition_Completed_Results_Submission/Reproduction_Sources/a000224/OpHack/QuadraticResidue224/CertificateP151.lean,,9f218bb7,Filename/path inference; editable in the app
350659,Reproduction_Sources/a000224/OpHack/QuadraticResidue224/CertificateP151Part0001.lean,General / shared,125317,"Email supplement received 06:19:17 CEST, after cutoff; distinct from on-time PDF | email ZIP",https://mail.google.com/mail/u/0/#all/1a0fffd2419ec392,,contestants/E02/13-archives/Math_Competition_Completed_Results_Submission_Bundle.zip,Math_Competition_Completed_Results_Submission/Reproduction_Sources/a000224/OpHack/QuadraticResidue224/CertificateP151Part0001.lean,,89044bbf,Filename/path inference; editable in the app
350660,Reproduction_Sources/a000224/OpHack/QuadraticResidue224/CertificateP151Part0002.lean,General / shared,40887,"Email supplement received 06:19:17 CEST, after cutoff; distinct from on-time PDF | email ZIP",https://mail.google.com/mail/u/0/#all/1a0fffd2419ec392,,contestants/E02/13-archives/Math_Competition_Completed_Results_Submission_Bundle.zip,Math_Competition_Completed_Results_Submission/Reproduction_Sources/a000224/OpHack/QuadraticResidue224/CertificateP151Part0002.lean,,61225b1d,Filename/path inference; editable in the app
350661,Reproduction_Sources/a000224/OpHack/QuadraticResidue224/CertificateP157.lean,General / shared,58,"Email supplement received 06:19:17 CEST, after cutoff; distinct from on-time PDF | email ZIP",https://mail.google.com/mail/u/0/#all/1a0fffd2419ec392,,contestants/E02/13-archives/Math_Competition_Completed_Results_Submission_Bundle.zip,Math_Competition_Completed_Results_Submission/Reproduction_Sources/a000224/OpHack/QuadraticResidue224/CertificateP157.lean,,923ffbf0,Filename/path inference; editable in the app
350662,Reproduction_Sources/a000224/OpHack/QuadraticResidue224/CertificateP157Part0001.lean,General / shared,121308,"Email supplement received 06:19:17 CEST, after cutoff; distinct from on-time PDF | email ZIP",https://mail.google.com/mail/u/0/#all/1a0fffd2419ec392,,contestants/E02/13-archives/Math_Competition_Completed_Results_Submission_Bundle.zip,Math_Competition_Completed_Results_Submission/Reproduction_Sources/a000224/OpHack/QuadraticResidue224/CertificateP157Part0001.lean,,7ecb2b34,Filename/path inference; editable in the app
350663,Reproduction_Sources/a000224/OpHack/QuadraticResidue224/CertificateP157Part0002.lean,General / shared,16883,"Email supplement received 06:19:17 CEST, after cutoff; distinct from on-time PDF | email ZIP",https://mail.google.com/mail/u/0/#all/1a0fffd2419ec392,,contestants/E02/13-archives/Math_Competition_Completed_Results_Submission_Bundle.zip,Math_Competition_Completed_Results_Submission/Reproduction_Sources/a000224/OpHack/QuadraticResidue224/CertificateP157Part0002.lean,,7b045389,Filename/path inference; editable in the app
350664,Reproduction_Sources/a000224/OpHack/QuadraticResidue224/CertificateP163.lean,General / shared,58,"Email supplement received 06:19:17 CEST, after cutoff; distinct from on-time PDF | email ZIP",https://mail.google.com/mail/u/0/#all/1a0fffd2419ec392,,contestants/E02/13-archives/Math_Competition_Completed_Results_Submission_Bundle.zip,Math_Competition_Completed_Results_Submission/Reproduction_Sources/a000224/OpHack/QuadraticResidue224/CertificateP163.lean,,02363d8b,Filename/path inference; editable in the app
350665,Reproduction_Sources/a000224/OpHack/QuadraticResidue224/CertificateP163Part0001.lean,General / shared,112873,"Email supplement received 06:19:17 CEST, after cutoff; distinct from on-time PDF | email ZIP",https://mail.google.com/mail/u/0/#all/1a0fffd2419ec392,,contestants/E02/13-archives/Math_Competition_Completed_Results_Submission_Bundle.zip,Math_Competition_Completed_Results_Submission/Reproduction_Sources/a000224/OpHack/QuadraticResidue224/CertificateP163Part0001.lean,,0bbf0831,Filename/path inference; editable in the app
350666,Reproduction_Sources/a000224/OpHack/QuadraticResidue224/CertificateP163Part0002.lean,General / shared,5612,"Email supplement received 06:19:17 CEST, after cutoff; distinct from on-time PDF | email ZIP",https://mail.google.com/mail/u/0/#all/1a0fffd2419ec392,,contestants/E02/13-archives/Math_Competition_Completed_Results_Submission_Bundle.zip,Math_Competition_Completed_Results_Submission/Reproduction_Sources/a000224/OpHack/QuadraticResidue224/CertificateP163Part0002.lean,,bea4e988,Filename/path inference; editable in the app
350667,Reproduction_Sources/a000224/OpHack/QuadraticResidue224/CertificateP167.lean,General / shared,106712,"Email supplement received 06:19:17 CEST, after cutoff; distinct from on-time PDF | email ZIP",https://mail.google.com/mail/u/0/#all/1a0fffd2419ec392,,contestants/E02/13-archives/Math_Competition_Completed_Results_Submission_Bundle.zip,Math_Competition_Completed_Results_Submission/Reproduction_Sources/a000224/OpHack/QuadraticResidue224/CertificateP167.lean,,df6523eb,Filename/path inference; editable in the app
350668,Reproduction_Sources/a000224/OpHack/QuadraticResidue224/CertificateP17.lean,General / shared,296882,"Email supplement received 06:19:17 CEST, after cutoff; distinct from on-time PDF | email ZIP",https://mail.google.com/mail/u/0/#all/1a0fffd2419ec392,,contestants/E02/13-archives/Math_Competition_Completed_Results_Submission_Bundle.zip,Math_Competition_Completed_Results_Submission/Reproduction_Sources/a000224/OpHack/QuadraticResidue224/CertificateP17.lean,,406aac5a,Filename/path inference; editable in the app
350669,Reproduction_Sources/a000224/OpHack/QuadraticResidue224/CertificateP173.lean,General / shared,93491,"Email supplement received 06:19:17 CEST, after cutoff; distinct from on-time PDF | email ZIP",https://mail.google.com/mail/u/0/#all/1a0fffd2419ec392,,contestants/E02/13-archives/Math_Competition_Completed_Results_Submission_Bundle.zip,Math_Competition_Completed_Results_Submission/Reproduction_Sources/a000224/OpHack/QuadraticResidue224/CertificateP173.lean,,492f166b,Filename/path inference; editable in the app
350670,Reproduction_Sources/a000224/OpHack/QuadraticResidue224/CertificateP179.lean,General / shared,85095,"Email supplement received 06:19:17 CEST, after cutoff; distinct from on-time PDF | email ZIP",https://mail.google.com/mail/u/0/#all/1a0fffd2419ec392,,contestants/E02/13-archives/Math_Competition_Completed_Results_Submission_Bundle.zip,Math_Competition_Completed_Results_Submission/Reproduction_Sources/a000224/OpHack/QuadraticResidue224/CertificateP179.lean,,ef36b4f8,Filename/path inference; editable in the app
350671,Reproduction_Sources/a000224/OpHack/QuadraticResidue224/CertificateP181.lean,General / shared,81315,"Email supplement received 06:19:17 CEST, after cutoff; distinct from on-time PDF | email ZIP",https://mail.google.com/mail/u/0/#all/1a0fffd2419ec392,,contestants/E02/13-archives/Math_Competition_Completed_Results_Submission_Bundle.zip,Math_Competition_Completed_Results_Submission/Reproduction_Sources/a000224/OpHack/QuadraticResidue224/CertificateP181.lean,,84296a6f,Filename/path inference; editable in the app
350672,Reproduction_Sources/a000224/OpHack/QuadraticResidue224/CertificateP19.lean,General / shared,44641,"Email supplement received 06:19:17 CEST, after cutoff; distinct from on-time PDF | email ZIP",https://mail.google.com/mail/u/0/#all/1a0fffd2419ec392,,contestants/E02/13-archives/Math_Competition_Completed_Results_Submission_Bundle.zip,Math_Competition_Completed_Results_Submission/Reproduction_Sources/a000224/OpHack/QuadraticResidue224/CertificateP19.lean,,579523cd,Filename/path inference; editable in the app
350673,Reproduction_Sources/a000224/OpHack/QuadraticResidue224/CertificateP191.lean,General / shared,71254,"Email supplement received 06:19:17 CEST, after cutoff; distinct from on-time PDF | email ZIP",https://mail.google.com/mail/u/0/#all/1a0fffd2419ec392,,contestants/E02/13-archives/Math_Competition_Completed_Results_Submission_Bundle.zip,Math_Competition_Completed_Results_Submission/Reproduction_Sources/a000224/OpHack/QuadraticResidue224/CertificateP191.lean,,b0146e49,Filename/path inference; editable in the app
350674,Reproduction_Sources/a000224/OpHack/QuadraticResidue224/CertificateP193.lean,General / shared,69114,"Email supplement received 06:19:17 CEST, after cutoff; distinct from on-time PDF | email ZIP",https://mail.google.com/mail/u/0/#all/1a0fffd2419ec392,,contestants/E02/13-archives/Math_Competition_Completed_Results_Submission_Bundle.zip,Math_Competition_Completed_Results_Submission/Reproduction_Sources/a000224/OpHack/QuadraticResidue224/CertificateP193.lean,,9025907e,Filename/path inference; editable in the app
350675,Reproduction_Sources/a000224/OpHack/QuadraticResidue224/CertificateP197.lean,General / shared,66214,"Email supplement received 06:19:17 CEST, after cutoff; distinct from on-time PDF | email ZIP",https://mail.google.com/mail/u/0/#all/1a0fffd2419ec392,,contestants/E02/13-archives/Math_Competition_Completed_Results_Submission_Bundle.zip,Math_Competition_Completed_Results_Submission/Reproduction_Sources/a000224/OpHack/QuadraticResidue224/CertificateP197.lean,,2a57b1aa,Filename/path inference; editable in the app
350676,Reproduction_Sources/a000224/OpHack/QuadraticResidue224/CertificateP199.lean,General / shared,65000,"Email supplement received 06:19:17 CEST, after cutoff; distinct from on-time PDF | email ZIP",https://mail.google.com/mail/u/0/#all/1a0fffd2419ec392,,contestants/E02/13-archives/Math_Competition_Completed_Results_Submission_Bundle.zip,Math_Competition_Completed_Results_Submission/Reproduction_Sources/a000224/OpHack/QuadraticResidue224/CertificateP199.lean,,2bb331ad,Filename/path inference; editable in the app
350677,Reproduction_Sources/a000224/OpHack/QuadraticResidue224/CertificateP211.lean,General / shared,55734,"Email supplement received 06:19:17 CEST, after cutoff; distinct from on-time PDF | email ZIP",https://mail.google.com/mail/u/0/#all/1a0fffd2419ec392,,contestants/E02/13-archives/Math_Competition_Completed_Results_Submission_Bundle.zip,Math_Competition_Completed_Results_Submission/Reproduction_Sources/a000224/OpHack/QuadraticResidue224/CertificateP211.lean,,1893527e,Filename/path inference; editable in the app
350678,Reproduction_Sources/a000224/OpHack/QuadraticResidue224/CertificateP223.lean,General / shared,48574,"Email supplement received 06:19:17 CEST, after cutoff; distinct from on-time PDF | email ZIP",https://mail.google.com/mail/u/0/#all/1a0fffd2419ec392,,contestants/E02/13-archives/Math_Competition_Completed_Results_Submission_Bundle.zip,Math_Competition_Completed_Results_Submission/Reproduction_Sources/a000224/OpHack/QuadraticResidue224/CertificateP223.lean,,f2946bd0,Filename/path inference; editable in the app
350679,Reproduction_Sources/a000224/OpHack/QuadraticResidue224/CertificateP227.lean,General / shared,47378,"Email supplement received 06:19:17 CEST, after cutoff; distinct from on-time PDF | email ZIP",https://mail.google.com/mail/u/0/#all/1a0fffd2419ec392,,contestants/E02/13-archives/Math_Competition_Completed_Results_Submission_Bundle.zip,Math_Competition_Completed_Results_Submission/Reproduction_Sources/a000224/OpHack/QuadraticResidue224/CertificateP227.lean,,2c503611,Filename/path inference; editable in the app
350680,Reproduction_Sources/a000224/OpHack/QuadraticResidue224/CertificateP229.lean,General / shared,46468,"Email supplement received 06:19:17 CEST, after cutoff; distinct from on-time PDF | email ZIP",https://mail.google.com/mail/u/0/#all/1a0fffd2419ec392,,contestants/E02/13-archives/Math_Competition_Completed_Results_Submission_Bundle.zip,Math_Competition_Completed_Results_Submission/Reproduction_Sources/a000224/OpHack/QuadraticResidue224/CertificateP229.lean,,2d81aa72,Filename/path inference; editable in the app
350681,Reproduction_Sources/a000224/OpHack/QuadraticResidue224/CertificateP23.lean,General / shared,44108,"Email supplement received 06:19:17 CEST, after cutoff; distinct from on-time PDF | email ZIP",https://mail.google.com/mail/u/0/#all/1a0fffd2419ec392,,contestants/E02/13-archives/Math_Competition_Completed_Results_Submission_Bundle.zip,Math_Competition_Completed_Results_Submission/Reproduction_Sources/a000224/OpHack/QuadraticResidue224/CertificateP23.lean,,9f3d9434,Filename/path inference; editable in the app
350682,Reproduction_Sources/a000224/OpHack/QuadraticResidue224/CertificateP233.lean,General / shared,45254,"Email supplement received 06:19:17 CEST, after cutoff; distinct from on-time PDF | email ZIP",https://mail.google.com/mail/u/0/#all/1a0fffd2419ec392,,contestants/E02/13-archives/Math_Competition_Completed_Results_Submission_Bundle.zip,Math_Competition_Completed_Results_Submission/Reproduction_Sources/a000224/OpHack/QuadraticResidue224/CertificateP233.lean,,988e768d,Filename/path inference; editable in the app
350683,Reproduction_Sources/a000224/OpHack/QuadraticResidue224/CertificateP239.lean,General / shared,42792,"Email supplement received 06:19:17 CEST, after cutoff; distinct from on-time PDF | email ZIP",https://mail.google.com/mail/u/0/#all/1a0fffd2419ec392,,contestants/E02/13-archives/Math_Competition_Completed_Results_Submission_Bundle.zip,Math_Competition_Completed_Results_Submission/Reproduction_Sources/a000224/OpHack/QuadraticResidue224/CertificateP239.lean,,8df6c721,Filename/path inference; editable in the app
350684,Reproduction_Sources/a000224/OpHack/QuadraticResidue224/CertificateP241.lean,General / shared,43244,"Email supplement received 06:19:17 CEST, after cutoff; distinct from on-time PDF | email ZIP",https://mail.google.com/mail/u/0/#all/1a0fffd2419ec392,,contestants/E02/13-archives/Math_Competition_Completed_Results_Submission_Bundle.zip,Math_Competition_Completed_Results_Submission/Reproduction_Sources/a000224/OpHack/QuadraticResidue224/CertificateP241.lean,,0dcec6b9,Filename/path inference; editable in the app
350685,Reproduction_Sources/a000224/OpHack/QuadraticResidue224/CertificateP251.lean,General / shared,40816,"Email supplement received 06:19:17 CEST, after cutoff; distinct from on-time PDF | email ZIP",https://mail.google.com/mail/u/0/#all/1a0fffd2419ec392,,contestants/E02/13-archives/Math_Competition_Completed_Results_Submission_Bundle.zip,Math_Competition_Completed_Results_Submission/Reproduction_Sources/a000224/OpHack/QuadraticResidue224/CertificateP251.lean,,c6726583,Filename/path inference; editable in the app
350686,Reproduction_Sources/a000224/OpHack/QuadraticResidue224/CertificateP257.lean,General / shared,38222,"Email supplement received 06:19:17 CEST, after cutoff; distinct from on-time PDF | email ZIP",https://mail.google.com/mail/u/0/#all/1a0fffd2419ec392,,contestants/E02/13-archives/Math_Competition_Completed_Results_Submission_Bundle.zip,Math_Competition_Completed_Results_Submission/Reproduction_Sources/a000224/OpHack/QuadraticResidue224/CertificateP257.lean,,a066895d,Filename/path inference; editable in the app
350687,Reproduction_Sources/a000224/OpHack/QuadraticResidue224/CertificateP263.lean,General / shared,35628,"Email supplement received 06:19:17 CEST, after cutoff; distinct from on-time PDF | email ZIP",https://mail.google.com/mail/u/0/#all/1a0fffd2419ec392,,contestants/E02/13-archives/Math_Competition_Completed_Results_Submission_Bundle.zip,Math_Competition_Completed_Results_Submission/Reproduction_Sources/a000224/OpHack/QuadraticResidue224/CertificateP263.lean,,81eb6c92,Filename/path inference; editable in the app
350688,Reproduction_Sources/a000224/OpHack/QuadraticResidue224/CertificateP269.lean,General / shared,33025,"Email supplement received 06:19:17 CEST, after cutoff; distinct from on-time PDF | email ZIP",https://mail.google.com/mail/u/0/#all/1a0fffd2419ec392,,contestants/E02/13-archives/Math_Competition_Completed_Results_Submission_Bundle.zip,Math_Competition_Completed_Results_Submission/Reproduction_Sources/a000224/OpHack/QuadraticResidue224/CertificateP269.lean,,b4af708b,Filename/path inference; editable in the app
350689,Reproduction_Sources/a000224/OpHack/QuadraticResidue224/CertificateP271.lean,General / shared,31359,"Email supplement received 06:19:17 CEST, after cutoff; distinct from on-time PDF | email ZIP",https://mail.google.com/mail/u/0/#all/1a0fffd2419ec392,,contestants/E02/13-archives/Math_Competition_Completed_Results_Submission_Bundle.zip,Math_Competition_Completed_Results_Submission/Reproduction_Sources/a000224/OpHack/QuadraticResidue224/CertificateP271.lean,,714df315,Filename/path inference; editable in the app
350690,Reproduction_Sources/a000224/OpHack/QuadraticResidue224/CertificateP277.lean,General / shared,29237,"Email supplement received 06:19:17 CEST, after cutoff; distinct from on-time PDF | email ZIP",https://mail.google.com/mail/u/0/#all/1a0fffd2419ec392,,contestants/E02/13-archives/Math_Competition_Completed_Results_Submission_Bundle.zip,Math_Competition_Completed_Results_Submission/Reproduction_Sources/a000224/OpHack/QuadraticResidue224/CertificateP277.lean,,30ba1287,Filename/path inference; editable in the app
350691,Reproduction_Sources/a000224/OpHack/QuadraticResidue224/CertificateP281.lean,General / shared,28336,"Email supplement received 06:19:17 CEST, after cutoff; distinct from on-time PDF | email ZIP",https://mail.google.com/mail/u/0/#all/1a0fffd2419ec392,,contestants/E02/13-archives/Math_Competition_Completed_Results_Submission_Bundle.zip,Math_Competition_Completed_Results_Submission/Reproduction_Sources/a000224/OpHack/QuadraticResidue224/CertificateP281.lean,,f939b82c,Filename/path inference; editable in the app
350692,Reproduction_Sources/a000224/OpHack/QuadraticResidue224/CertificateP283.lean,General / shared,27419,"Email supplement received 06:19:17 CEST, after cutoff; distinct from on-time PDF | email ZIP",https://mail.google.com/mail/u/0/#all/1a0fffd2419ec392,,contestants/E02/13-archives/Math_Competition_Completed_Results_Submission_Bundle.zip,Math_Competition_Completed_Results_Submission/Reproduction_Sources/a000224/OpHack/QuadraticResidue224/CertificateP283.lean,,6e2e45dc,Filename/path inference; editable in the app
350693,Reproduction_Sources/a000224/OpHack/QuadraticResidue224/CertificateP29.lean,General / shared,42779,"Email supplement received 06:19:17 CEST, after cutoff; distinct from on-time PDF | email ZIP",https://mail.google.com/mail/u/0/#all/1a0fffd2419ec392,,contestants/E02/13-archives/Math_Competition_Completed_Results_Submission_Bundle.zip,Math_Competition_Completed_Results_Submission/Reproduction_Sources/a000224/OpHack/QuadraticResidue224/CertificateP29.lean,,8dca6fe4,Filename/path inference; editable in the app
350694,Reproduction_Sources/a000224/OpHack/QuadraticResidue224/CertificateP293.lean,General / shared,23622,"Email supplement received 06:19:17 CEST, after cutoff; distinct from on-time PDF | email ZIP",https://mail.google.com/mail/u/0/#all/1a0fffd2419ec392,,contestants/E02/13-archives/Math_Competition_Completed_Results_Submission_Bundle.zip,Math_Competition_Completed_Results_Submission/Reproduction_Sources/a000224/OpHack/QuadraticResidue224/CertificateP293.lean,,2e8ccfa0,Filename/path inference; editable in the app
350695,Reproduction_Sources/a000224/OpHack/QuadraticResidue224/CertificateP3.lean,General / shared,20329,"Email supplement received 06:19:17 CEST, after cutoff; distinct from on-time PDF | email ZIP",https://mail.google.com/mail/u/0/#all/1a0fffd2419ec392,,contestants/E02/13-archives/Math_Competition_Completed_Results_Submission_Bundle.zip,Math_Competition_Completed_Results_Submission/Reproduction_Sources/a000224/OpHack/QuadraticResidue224/CertificateP3.lean,,07a0c0ad,Filename/path inference; editable in the app
350696,Reproduction_Sources/a000224/OpHack/QuadraticResidue224/CertificateP307.lean,General / shared,19351,"Email supplement received 06:19:17 CEST, after cutoff; distinct from on-time PDF | email ZIP",https://mail.google.com/mail/u/0/#all/1a0fffd2419ec392,,contestants/E02/13-archives/Math_Competition_Completed_Results_Submission_Bundle.zip,Math_Competition_Completed_Results_Submission/Reproduction_Sources/a000224/OpHack/QuadraticResidue224/CertificateP307.lean,,7f21485b,Filename/path inference; editable in the app
350697,Reproduction_Sources/a000224/OpHack/QuadraticResidue224/CertificateP31.lean,General / shared,57,"Email supplement received 06:19:17 CEST, after cutoff; distinct from on-time PDF | email ZIP",https://mail.google.com/mail/u/0/#all/1a0fffd2419ec392,,contestants/E02/13-archives/Math_Competition_Completed_Results_Submission_Bundle.zip,Math_Competition_Completed_Results_Submission/Reproduction_Sources/a000224/OpHack/QuadraticResidue224/CertificateP31.lean,,a38f5b88,Filename/path inference; editable in the app
350698,Reproduction_Sources/a000224/OpHack/QuadraticResidue224/CertificateP311.lean,General / shared,18423,"Email supplement received 06:19:17 CEST, after cutoff; distinct from on-time PDF | email ZIP",https://mail.google.com/mail/u/0/#all/1a0fffd2419ec392,,contestants/E02/13-archives/Math_Competition_Completed_Results_Submission_Bundle.zip,Math_Competition_Completed_Results_Submission/Reproduction_Sources/a000224/OpHack/QuadraticResidue224/CertificateP311.lean,,fb3f0824,Filename/path inference; editable in the app
350699,Reproduction_Sources/a000224/OpHack/QuadraticResidue224/CertificateP313.lean,General / shared,17969,"Email supplement received 06:19:17 CEST, after cutoff; distinct from on-time PDF | email ZIP",https://mail.google.com/mail/u/0/#all/1a0fffd2419ec392,,contestants/E02/13-archives/Math_Competition_Completed_Results_Submission_Bundle.zip,Math_Competition_Completed_Results_Submission/Reproduction_Sources/a000224/OpHack/QuadraticResidue224/CertificateP313.lean,,b3ea62bf,Filename/path inference; editable in the app
350700,Reproduction_Sources/a000224/OpHack/QuadraticResidue224/CertificateP317.lean,General / shared,16312,"Email supplement received 06:19:17 CEST, after cutoff; distinct from on-time PDF | email ZIP",https://mail.google.com/mail/u/0/#all/1a0fffd2419ec392,,contestants/E02/13-archives/Math_Competition_Completed_Results_Submission_Bundle.zip,Math_Competition_Completed_Results_Submission/Reproduction_Sources/a000224/OpHack/QuadraticResidue224/CertificateP317.lean,,3b6d1e93,Filename/path inference; editable in the app
350701,Reproduction_Sources/a000224/OpHack/QuadraticResidue224/CertificateP31Part0001.lean,General / shared,77147,"Email supplement received 06:19:17 CEST, after cutoff; distinct from on-time PDF | email ZIP",https://mail.google.com/mail/u/0/#all/1a0fffd2419ec392,,contestants/E02/13-archives/Math_Competition_Completed_Results_Submission_Bundle.zip,Math_Competition_Completed_Results_Submission/Reproduction_Sources/a000224/OpHack/QuadraticResidue224/CertificateP31Part0001.lean,,6a65aad5,Filename/path inference; editable in the app
350702,Reproduction_Sources/a000224/OpHack/QuadraticResidue224/CertificateP31Part0002.lean,General / shared,143795,"Email supplement received 06:19:17 CEST, after cutoff; distinct from on-time PDF | email ZIP",https://mail.google.com/mail/u/0/#all/1a0fffd2419ec392,,contestants/E02/13-archives/Math_Competition_Completed_Results_Submission_Bundle.zip,Math_Competition_Completed_Results_Submission/Reproduction_Sources/a000224/OpHack/QuadraticResidue224/CertificateP31Part0002.lean,,a9e6c06c,Filename/path inference; editable in the app
350703,Reproduction_Sources/a000224/OpHack/QuadraticResidue224/CertificateP31Part0003.lean,General / shared,150137,"Email supplement received 06:19:17 CEST, after cutoff; distinct from on-time PDF | email ZIP",https://mail.google.com/mail/u/0/#all/1a0fffd2419ec392,,contestants/E02/13-archives/Math_Competition_Completed_Results_Submission_Bundle.zip,Math_Competition_Completed_Results_Submission/Reproduction_Sources/a000224/OpHack/QuadraticResidue224/CertificateP31Part0003.lean,,bbda9b5d,Filename/path inference; editable in the app
350704,Reproduction_Sources/a000224/OpHack/QuadraticResidue224/CertificateP31Part0004.lean,General / shared,50533,"Email supplement received 06:19:17 CEST, after cutoff; distinct from on-time PDF | email ZIP",https://mail.google.com/mail/u/0/#all/1a0fffd2419ec392,,contestants/E02/13-archives/Math_Competition_Completed_Results_Submission_Bundle.zip,Math_Competition_Completed_Results_Submission/Reproduction_Sources/a000224/OpHack/QuadraticResidue224/CertificateP31Part0004.lean,,b0d071ee,Filename/path inference; editable in the app
350705,Reproduction_Sources/a000224/OpHack/QuadraticResidue224/CertificateP331.lean,General / shared,12486,"Email supplement received 06:19:17 CEST, after cutoff; distinct from on-time PDF | email ZIP",https://mail.google.com/mail/u/0/#all/1a0fffd2419ec392,,contestants/E02/13-archives/Math_Competition_Completed_Results_Submission_Bundle.zip,Math_Competition_Completed_Results_Submission/Reproduction_Sources/a000224/OpHack/QuadraticResidue224/CertificateP331.lean,,a2cb23d9,Filename/path inference; editable in the app
350706,Reproduction_Sources/a000224/OpHack/QuadraticResidue224/CertificateP337.lean,General / shared,11558,"Email supplement received 06:19:17 CEST, after cutoff; distinct from on-time PDF | email ZIP",https://mail.google.com/mail/u/0/#all/1a0fffd2419ec392,,contestants/E02/13-archives/Math_Competition_Completed_Results_Submission_Bundle.zip,Math_Competition_Completed_Results_Submission/Reproduction_Sources/a000224/OpHack/QuadraticResidue224/CertificateP337.lean,,31e4308a,Filename/path inference; editable in the app
350707,Reproduction_Sources/a000224/OpHack/QuadraticResidue224/CertificateP347.lean,General / shared,9445,"Email supplement received 06:19:17 CEST, after cutoff; distinct from on-time PDF | email ZIP",https://mail.google.com/mail/u/0/#all/1a0fffd2419ec392,,contestants/E02/13-archives/Math_Competition_Completed_Results_Submission_Bundle.zip,Math_Competition_Completed_Results_Submission/Reproduction_Sources/a000224/OpHack/QuadraticResidue224/CertificateP347.lean,,ce8235e2,Filename/path inference; editable in the app
350708,Reproduction_Sources/a000224/OpHack/QuadraticResidue224/CertificateP349.lean,General / shared,8973,"Email supplement received 06:19:17 CEST, after cutoff; distinct from on-time PDF | email ZIP",https://mail.google.com/mail/u/0/#all/1a0fffd2419ec392,,contestants/E02/13-archives/Math_Competition_Completed_Results_Submission_Bundle.zip,Math_Competition_Completed_Results_Submission/Reproduction_Sources/a000224/OpHack/QuadraticResidue224/CertificateP349.lean,,cd41384f,Filename/path inference; editable in the app
350709,Reproduction_Sources/a000224/OpHack/QuadraticResidue224/CertificateP353.lean,General / shared,6862,"Email supplement received 06:19:17 CEST, after cutoff; distinct from on-time PDF | email ZIP",https://mail.google.com/mail/u/0/#all/1a0fffd2419ec392,,contestants/E02/13-archives/Math_Competition_Completed_Results_Submission_Bundle.zip,Math_Competition_Completed_Results_Submission/Reproduction_Sources/a000224/OpHack/QuadraticResidue224/CertificateP353.lean,,f0d808fb,Filename/path inference; editable in the app
350710,Reproduction_Sources/a000224/OpHack/QuadraticResidue224/CertificateP359.lean,General / shared,6388,"Email supplement received 06:19:17 CEST, after cutoff; distinct from on-time PDF | email ZIP",https://mail.google.com/mail/u/0/#all/1a0fffd2419ec392,,contestants/E02/13-archives/Math_Competition_Completed_Results_Submission_Bundle.zip,Math_Competition_Completed_Results_Submission/Reproduction_Sources/a000224/OpHack/QuadraticResidue224/CertificateP359.lean,,0ab3e908,Filename/path inference; editable in the app
350711,Reproduction_Sources/a000224/OpHack/QuadraticResidue224/CertificateP367.lean,General / shared,4248,"Email supplement received 06:19:17 CEST, after cutoff; distinct from on-time PDF | email ZIP",https://mail.google.com/mail/u/0/#all/1a0fffd2419ec392,,contestants/E02/13-archives/Math_Competition_Completed_Results_Submission_Bundle.zip,Math_Competition_Completed_Results_Submission/Reproduction_Sources/a000224/OpHack/QuadraticResidue224/CertificateP367.lean,,639bd6ff,Filename/path inference; editable in the app
350712,Reproduction_Sources/a000224/OpHack/QuadraticResidue224/CertificateP37.lean,General / shared,49367,"Email supplement received 06:19:17 CEST, after cutoff; distinct from on-time PDF | email ZIP",https://mail.google.com/mail/u/0/#all/1a0fffd2419ec392,,contestants/E02/13-archives/Math_Competition_Completed_Results_Submission_Bundle.zip,Math_Competition_Completed_Results_Submission/Reproduction_Sources/a000224/OpHack/QuadraticResidue224/CertificateP37.lean,,483be1bd,Filename/path inference; editable in the app
350713,Reproduction_Sources/a000224/OpHack/QuadraticResidue224/CertificateP373.lean,General / shared,2591,"Email supplement received 06:19:17 CEST, after cutoff; distinct from on-time PDF | email ZIP",https://mail.google.com/mail/u/0/#all/1a0fffd2419ec392,,contestants/E02/13-archives/Math_Competition_Completed_Results_Submission_Bundle.zip,Math_Competition_Completed_Results_Submission/Reproduction_Sources/a000224/OpHack/QuadraticResidue224/CertificateP373.lean,,f18125e8,Filename/path inference; editable in the app
350714,Reproduction_Sources/a000224/OpHack/QuadraticResidue224/CertificateP379.lean,General / shared,1663,"Email supplement received 06:19:17 CEST, after cutoff; distinct from on-time PDF | email ZIP",https://mail.google.com/mail/u/0/#all/1a0fffd2419ec392,,contestants/E02/13-archives/Math_Competition_Completed_Results_Submission_Bundle.zip,Math_Competition_Completed_Results_Submission/Reproduction_Sources/a000224/OpHack/QuadraticResidue224/CertificateP379.lean,,7627fc9e,Filename/path inference; editable in the app
350715,Reproduction_Sources/a000224/OpHack/QuadraticResidue224/CertificateP41.lean,General / shared,34729,"Email supplement received 06:19:17 CEST, after cutoff; distinct from on-time PDF | email ZIP",https://mail.google.com/mail/u/0/#all/1a0fffd2419ec392,,contestants/E02/13-archives/Math_Competition_Completed_Results_Submission_Bundle.zip,Math_Competition_Completed_Results_Submission/Reproduction_Sources/a000224/OpHack/QuadraticResidue224/CertificateP41.lean,,b603f1c4,Filename/path inference; editable in the app
350716,Reproduction_Sources/a000224/OpHack/QuadraticResidue224/CertificateP43.lean,General / shared,57,"Email supplement received 06:19:17 CEST, after cutoff; distinct from on-time PDF | email ZIP",https://mail.google.com/mail/u/0/#all/1a0fffd2419ec392,,contestants/E02/13-archives/Math_Competition_Completed_Results_Submission_Bundle.zip,Math_Competition_Completed_Results_Submission/Reproduction_Sources/a000224/OpHack/QuadraticResidue224/CertificateP43.lean,,c10008f1,Filename/path inference; editable in the app
350717,Reproduction_Sources/a000224/OpHack/QuadraticResidue224/CertificateP43Part0001.lean,General / shared,97183,"Email supplement received 06:19:17 CEST, after cutoff; distinct from on-time PDF | email ZIP",https://mail.google.com/mail/u/0/#all/1a0fffd2419ec392,,contestants/E02/13-archives/Math_Competition_Completed_Results_Submission_Bundle.zip,Math_Competition_Completed_Results_Submission/Reproduction_Sources/a000224/OpHack/QuadraticResidue224/CertificateP43Part0001.lean,,8ffd5df0,Filename/path inference; editable in the app
350718,Reproduction_Sources/a000224/OpHack/QuadraticResidue224/CertificateP43Part0002.lean,General / shared,124771,"Email supplement received 06:19:17 CEST, after cutoff; distinct from on-time PDF | email ZIP",https://mail.google.com/mail/u/0/#all/1a0fffd2419ec392,,contestants/E02/13-archives/Math_Competition_Completed_Results_Submission_Bundle.zip,Math_Competition_Completed_Results_Submission/Reproduction_Sources/a000224/OpHack/QuadraticResidue224/CertificateP43Part0002.lean,,57276858,Filename/path inference; editable in the app
350719,Reproduction_Sources/a000224/OpHack/QuadraticResidue224/CertificateP43Part0003.lean,General / shared,2308,"Email supplement received 06:19:17 CEST, after cutoff; distinct from on-time PDF | email ZIP",https://mail.google.com/mail/u/0/#all/1a0fffd2419ec392,,contestants/E02/13-archives/Math_Competition_Completed_Results_Submission_Bundle.zip,Math_Competition_Completed_Results_Submission/Reproduction_Sources/a000224/OpHack/QuadraticResidue224/CertificateP43Part0003.lean,,a6feeafe,Filename/path inference; editable in the app
350720,Reproduction_Sources/a000224/OpHack/QuadraticResidue224/CertificateP47.lean,General / shared,84642,"Email supplement received 06:19:17 CEST, after cutoff; distinct from on-time PDF | email ZIP",https://mail.google.com/mail/u/0/#all/1a0fffd2419ec392,,contestants/E02/13-archives/Math_Competition_Completed_Results_Submission_Bundle.zip,Math_Competition_Completed_Results_Submission/Reproduction_Sources/a000224/OpHack/QuadraticResidue224/CertificateP47.lean,,b21c274d,Filename/path inference; editable in the app
350721,Reproduction_Sources/a000224/OpHack/QuadraticResidue224/CertificateP5.lean,General / shared,57068,"Email supplement received 06:19:17 CEST, after cutoff; distinct from on-time PDF | email ZIP",https://mail.google.com/mail/u/0/#all/1a0fffd2419ec392,,contestants/E02/13-archives/Math_Competition_Completed_Results_Submission_Bundle.zip,Math_Competition_Completed_Results_Submission/Reproduction_Sources/a000224/OpHack/QuadraticResidue224/CertificateP5.lean,,40e92e14,Filename/path inference; editable in the app
350722,Reproduction_Sources/a000224/OpHack/QuadraticResidue224/CertificateP53.lean,General / shared,48607,"Email supplement received 06:19:17 CEST, after cutoff; distinct from on-time PDF | email ZIP",https://mail.google.com/mail/u/0/#all/1a0fffd2419ec392,,contestants/E02/13-archives/Math_Competition_Completed_Results_Submission_Bundle.zip,Math_Competition_Completed_Results_Submission/Reproduction_Sources/a000224/OpHack/QuadraticResidue224/CertificateP53.lean,,3cde5a38,Filename/path inference; editable in the app
350723,Reproduction_Sources/a000224/OpHack/QuadraticResidue224/CertificateP59.lean,General / shared,35135,"Email supplement received 06:19:17 CEST, after cutoff; distinct from on-time PDF | email ZIP",https://mail.google.com/mail/u/0/#all/1a0fffd2419ec392,,contestants/E02/13-archives/Math_Competition_Completed_Results_Submission_Bundle.zip,Math_Competition_Completed_Results_Submission/Reproduction_Sources/a000224/OpHack/QuadraticResidue224/CertificateP59.lean,,8dafc6be,Filename/path inference; editable in the app
350724,Reproduction_Sources/a000224/OpHack/QuadraticResidue224/CertificateP61.lean,General / shared,32108,"Email supplement received 06:19:17 CEST, after cutoff; distinct from on-time PDF | email ZIP",https://mail.google.com/mail/u/0/#all/1a0fffd2419ec392,,contestants/E02/13-archives/Math_Competition_Completed_Results_Submission_Bundle.zip,Math_Competition_Completed_Results_Submission/Reproduction_Sources/a000224/OpHack/QuadraticResidue224/CertificateP61.lean,,b2cb80c5,Filename/path inference; editable in the app
350725,Reproduction_Sources/a000224/OpHack/QuadraticResidue224/CertificateP67.lean,General / shared,57,"Email supplement received 06:19:17 CEST, after cutoff; distinct from on-time PDF | email ZIP",https://mail.google.com/mail/u/0/#all/1a0fffd2419ec392,,contestants/E02/13-archives/Math_Competition_Completed_Results_Submission_Bundle.zip,Math_Competition_Completed_Results_Submission/Reproduction_Sources/a000224/OpHack/QuadraticResidue224/CertificateP67.lean,,899c200b,Filename/path inference; editable in the app
350726,Reproduction_Sources/a000224/OpHack/QuadraticResidue224/CertificateP67Part0001.lean,General / shared,99964,"Email supplement received 06:19:17 CEST, after cutoff; distinct from on-time PDF | email ZIP",https://mail.google.com/mail/u/0/#all/1a0fffd2419ec392,,contestants/E02/13-archives/Math_Competition_Completed_Results_Submission_Bundle.zip,Math_Competition_Completed_Results_Submission/Reproduction_Sources/a000224/OpHack/QuadraticResidue224/CertificateP67Part0001.lean,,c3dd5566,Filename/path inference; editable in the app
350727,Reproduction_Sources/a000224/OpHack/QuadraticResidue224/CertificateP67Part0002.lean,General / shared,111918,"Email supplement received 06:19:17 CEST, after cutoff; distinct from on-time PDF | email ZIP",https://mail.google.com/mail/u/0/#all/1a0fffd2419ec392,,contestants/E02/13-archives/Math_Competition_Completed_Results_Submission_Bundle.zip,Math_Competition_Completed_Results_Submission/Reproduction_Sources/a000224/OpHack/QuadraticResidue224/CertificateP67Part0002.lean,,eb61ad24,Filename/path inference; editable in the app
350728,Reproduction_Sources/a000224/OpHack/QuadraticResidue224/CertificateP7.lean,General / shared,33455,"Email supplement received 06:19:17 CEST, after cutoff; distinct from on-time PDF | email ZIP",https://mail.google.com/mail/u/0/#all/1a0fffd2419ec392,,contestants/E02/13-archives/Math_Competition_Completed_Results_Submission_Bundle.zip,Math_Competition_Completed_Results_Submission/Reproduction_Sources/a000224/OpHack/QuadraticResidue224/CertificateP7.lean,,67321db4,Filename/path inference; editable in the app
350729,Reproduction_Sources/a000224/OpHack/QuadraticResidue224/CertificateP71.lean,General / shared,57,"Email supplement received 06:19:17 CEST, after cutoff; distinct from on-time PDF | email ZIP",https://mail.google.com/mail/u/0/#all/1a0fffd2419ec392,,contestants/E02/13-archives/Math_Competition_Completed_Results_Submission_Bundle.zip,Math_Competition_Completed_Results_Submission/Reproduction_Sources/a000224/OpHack/QuadraticResidue224/CertificateP71.lean,,450c8f8c,Filename/path inference; editable in the app
350730,Reproduction_Sources/a000224/OpHack/QuadraticResidue224/CertificateP71Part0001.lean,General / shared,113407,"Email supplement received 06:19:17 CEST, after cutoff; distinct from on-time PDF | email ZIP",https://mail.google.com/mail/u/0/#all/1a0fffd2419ec392,,contestants/E02/13-archives/Math_Competition_Completed_Results_Submission_Bundle.zip,Math_Competition_Completed_Results_Submission/Reproduction_Sources/a000224/OpHack/QuadraticResidue224/CertificateP71Part0001.lean,,09189766,Filename/path inference; editable in the app
350731,Reproduction_Sources/a000224/OpHack/QuadraticResidue224/CertificateP71Part0002.lean,General / shared,9028,"Email supplement received 06:19:17 CEST, after cutoff; distinct from on-time PDF | email ZIP",https://mail.google.com/mail/u/0/#all/1a0fffd2419ec392,,contestants/E02/13-archives/Math_Competition_Completed_Results_Submission_Bundle.zip,Math_Competition_Completed_Results_Submission/Reproduction_Sources/a000224/OpHack/QuadraticResidue224/CertificateP71Part0002.lean,,0025890d,Filename/path inference; editable in the app
350732,Reproduction_Sources/a000224/OpHack/QuadraticResidue224/CertificateP73.lean,General / shared,101335,"Email supplement received 06:19:17 CEST, after cutoff; distinct from on-time PDF | email ZIP",https://mail.google.com/mail/u/0/#all/1a0fffd2419ec392,,contestants/E02/13-archives/Math_Competition_Completed_Results_Submission_Bundle.zip,Math_Competition_Completed_Results_Submission/Reproduction_Sources/a000224/OpHack/QuadraticResidue224/CertificateP73.lean,,f2530e4e,Filename/path inference; editable in the app
350733,Reproduction_Sources/a000224/OpHack/QuadraticResidue224/CertificateP79.lean,General / shared,70035,"Email supplement received 06:19:17 CEST, after cutoff; distinct from on-time PDF | email ZIP",https://mail.google.com/mail/u/0/#all/1a0fffd2419ec392,,contestants/E02/13-archives/Math_Competition_Completed_Results_Submission_Bundle.zip,Math_Competition_Completed_Results_Submission/Reproduction_Sources/a000224/OpHack/QuadraticResidue224/CertificateP79.lean,,95e25773,Filename/path inference; editable in the app
350734,Reproduction_Sources/a000224/OpHack/QuadraticResidue224/CertificateP83.lean,General / shared,59252,"Email supplement received 06:19:17 CEST, after cutoff; distinct from on-time PDF | email ZIP",https://mail.google.com/mail/u/0/#all/1a0fffd2419ec392,,contestants/E02/13-archives/Math_Competition_Completed_Results_Submission_Bundle.zip,Math_Competition_Completed_Results_Submission/Reproduction_Sources/a000224/OpHack/QuadraticResidue224/CertificateP83.lean,,b6265160,Filename/path inference; editable in the app
350735,Reproduction_Sources/a000224/OpHack/QuadraticResidue224/CertificateP89.lean,General / shared,46831,"Email supplement received 06:19:17 CEST, after cutoff; distinct from on-time PDF | email ZIP",https://mail.google.com/mail/u/0/#all/1a0fffd2419ec392,,contestants/E02/13-archives/Math_Competition_Completed_Results_Submission_Bundle.zip,Math_Competition_Completed_Results_Submission/Reproduction_Sources/a000224/OpHack/QuadraticResidue224/CertificateP89.lean,,eb9bbe22,Filename/path inference; editable in the app
350736,Reproduction_Sources/a000224/OpHack/QuadraticResidue224/CertificateP97.lean,General / shared,38850,"Email supplement received 06:19:17 CEST, after cutoff; distinct from on-time PDF | email ZIP",https://mail.google.com/mail/u/0/#all/1a0fffd2419ec392,,contestants/E02/13-archives/Math_Competition_Completed_Results_Submission_Bundle.zip,Math_Competition_Completed_Results_Submission/Reproduction_Sources/a000224/OpHack/QuadraticResidue224/CertificateP97.lean,,4e7f5abb,Filename/path inference; editable in the app
350737,Reproduction_Sources/a000224/OpHack/QuadraticResidue224/GeneratedCertificate.lean,General / shared,10040,"Email supplement received 06:19:17 CEST, after cutoff; distinct from on-time PDF | email ZIP",https://mail.google.com/mail/u/0/#all/1a0fffd2419ec392,,contestants/E02/13-archives/Math_Competition_Completed_Results_Submission_Bundle.zip,Math_Competition_Completed_Results_Submission/Reproduction_Sources/a000224/OpHack/QuadraticResidue224/GeneratedCertificate.lean,,b2253aae,Filename/path inference; editable in the app
350738,Reproduction_Sources/a000224/OpHack/QuadraticResidue224/NecessaryBounds.lean,General / shared,10826,"Email supplement received 06:19:17 CEST, after cutoff; distinct from on-time PDF | email ZIP",https://mail.google.com/mail/u/0/#all/1a0fffd2419ec392,,contestants/E02/13-archives/Math_Competition_Completed_Results_Submission_Bundle.zip,Math_Competition_Completed_Results_Submission/Reproduction_Sources/a000224/OpHack/QuadraticResidue224/NecessaryBounds.lean,,b2683e74,Filename/path inference; editable in the app
350739,Reproduction_Sources/a000224/OpHack/QuadraticResidue224/Reduction.lean,General / shared,7515,"Email supplement received 06:19:17 CEST, after cutoff; distinct from on-time PDF | email ZIP",https://mail.google.com/mail/u/0/#all/1a0fffd2419ec392,,contestants/E02/13-archives/Math_Competition_Completed_Results_Submission_Bundle.zip,Math_Competition_Completed_Results_Submission/Reproduction_Sources/a000224/OpHack/QuadraticResidue224/Reduction.lean,,63d1a4f2,Filename/path inference; editable in the app
350740,Reproduction_Sources/a000224/OpHack/QuadraticResidue224/SplitCertificatePilot.lean,General / shared,1367,"Email supplement received 06:19:17 CEST, after cutoff; distinct from on-time PDF | email ZIP",https://mail.google.com/mail/u/0/#all/1a0fffd2419ec392,,contestants/E02/13-archives/Math_Competition_Completed_Results_Submission_Bundle.zip,Math_Competition_Completed_Results_Submission/Reproduction_Sources/a000224/OpHack/QuadraticResidue224/SplitCertificatePilot.lean,,5d6f6d61,Filename/path inference; editable in the app
350741,Reproduction_Sources/a000224/OpHack/QuadraticResidue224/SquareCount.lean,General / shared,6648,"Email supplement received 06:19:17 CEST, after cutoff; distinct from on-time PDF | email ZIP",https://mail.google.com/mail/u/0/#all/1a0fffd2419ec392,,contestants/E02/13-archives/Math_Competition_Completed_Results_Submission_Bundle.zip,Math_Competition_Completed_Results_Submission/Reproduction_Sources/a000224/OpHack/QuadraticResidue224/SquareCount.lean,,99bc1e17,Filename/path inference; editable in the app
350742,Reproduction_Sources/a000224/OpHack/QuadraticResidue224/SquareTypes.lean,General / shared,5338,"Email supplement received 06:19:17 CEST, after cutoff; distinct from on-time PDF | email ZIP",https://mail.google.com/mail/u/0/#all/1a0fffd2419ec392,,contestants/E02/13-archives/Math_Competition_Completed_Results_Submission_Bundle.zip,Math_Competition_Completed_Results_Submission/Reproduction_Sources/a000224/OpHack/QuadraticResidue224/SquareTypes.lean,,bddd51ff,Filename/path inference; editable in the app
350743,Reproduction_Sources/a000224/OpHack/QuadraticResidue224/Target224.lean,General / shared,2549,"Email supplement received 06:19:17 CEST, after cutoff; distinct from on-time PDF | email ZIP",https://mail.google.com/mail/u/0/#all/1a0fffd2419ec392,,contestants/E02/13-archives/Math_Competition_Completed_Results_Submission_Bundle.zip,Math_Competition_Completed_Results_Submission/Reproduction_Sources/a000224/OpHack/QuadraticResidue224/Target224.lean,,9ff7f76d,Filename/path inference; editable in the app
350744,Reproduction_Sources/a000224/compatibility/4.33.1/Bounds.lean,General / shared,16899,"Email supplement received 06:19:17 CEST, after cutoff; distinct from on-time PDF | email ZIP",https://mail.google.com/mail/u/0/#all/1a0fffd2419ec392,,contestants/E02/13-archives/Math_Competition_Completed_Results_Submission_Bundle.zip,Math_Competition_Completed_Results_Submission/Reproduction_Sources/a000224/compatibility/4.33.1/Bounds.lean,,5ebe239f,Filename/path inference; editable in the app
350751,Reproduction_Sources/a046969-i/A46969.lean,General / shared,1487,"Email supplement received 06:19:17 CEST, after cutoff; distinct from on-time PDF | email ZIP",https://mail.google.com/mail/u/0/#all/1a0fffd2419ec392,,contestants/E02/13-archives/Math_Competition_Completed_Results_Submission_Bundle.zip,Math_Competition_Completed_Results_Submission/Reproduction_Sources/a046969-i/A46969.lean,,bb8f7203,Filename/path inference; editable in the app
350752,Reproduction_Sources/a046969-i/A46969Bernoulli.lean,General / shared,8360,"Email supplement received 06:19:17 CEST, after cutoff; distinct from on-time PDF | email ZIP",https://mail.google.com/mail/u/0/#all/1a0fffd2419ec392,,contestants/E02/13-archives/Math_Competition_Completed_Results_Submission_Bundle.zip,Math_Competition_Completed_Results_Submission/Reproduction_Sources/a046969-i/A46969Bernoulli.lean,,6b6f1905,Filename/path inference; editable in the app
350753,Reproduction_Sources/a046969-i/A46969Conclusion.lean,General / shared,5099,"Email supplement received 06:19:17 CEST, after cutoff; distinct from on-time PDF | email ZIP",https://mail.google.com/mail/u/0/#all/1a0fffd2419ec392,,contestants/E02/13-archives/Math_Competition_Completed_Results_Submission_Bundle.zip,Math_Competition_Completed_Results_Submission/Reproduction_Sources/a046969-i/A46969Conclusion.lean,,adbbf7a3,Filename/path inference; editable in the app
350754,Reproduction_Sources/a046969-i/A46969Denominator.lean,General / shared,2634,"Email supplement received 06:19:17 CEST, after cutoff; distinct from on-time PDF | email ZIP",https://mail.google.com/mail/u/0/#all/1a0fffd2419ec392,,contestants/E02/13-archives/Math_Competition_Completed_Results_Submission_Bundle.zip,Math_Competition_Completed_Results_Submission/Reproduction_Sources/a046969-i/A46969Denominator.lean,,c06df562,Filename/path inference; editable in the app
350755,Reproduction_Sources/a046969-i/A46969PowerSums.lean,General / shared,8795,"Email supplement received 06:19:17 CEST, after cutoff; distinct from on-time PDF | email ZIP",https://mail.google.com/mail/u/0/#all/1a0fffd2419ec392,,contestants/E02/13-archives/Math_Competition_Completed_Results_Submission_Bundle.zip,Math_Competition_Completed_Results_Submission/Reproduction_Sources/a046969-i/A46969PowerSums.lean,,7e2ce291,Filename/path inference; editable in the app
350759,Reproduction_Sources/a060957/OpHack/SubsetProducts/AtomTypes.lean,General / shared,2589,"Email supplement received 06:19:17 CEST, after cutoff; distinct from on-time PDF | email ZIP",https://mail.google.com/mail/u/0/#all/1a0fffd2419ec392,,contestants/E02/13-archives/Math_Competition_Completed_Results_Submission_Bundle.zip,Math_Competition_Completed_Results_Submission/Reproduction_Sources/a060957/OpHack/SubsetProducts/AtomTypes.lean,,9adf7de9,Filename/path inference; editable in the app
350760,Reproduction_Sources/a060957/OpHack/SubsetProducts/Atoms.lean,General / shared,3980,"Email supplement received 06:19:17 CEST, after cutoff; distinct from on-time PDF | email ZIP",https://mail.google.com/mail/u/0/#all/1a0fffd2419ec392,,contestants/E02/13-archives/Math_Competition_Completed_Results_Submission_Bundle.zip,Math_Competition_Completed_Results_Submission/Reproduction_Sources/a060957/OpHack/SubsetProducts/Atoms.lean,,f4f13758,Filename/path inference; editable in the app
350761,Reproduction_Sources/a060957/OpHack/SubsetProducts/Balance.lean,General / shared,3607,"Email supplement received 06:19:17 CEST, after cutoff; distinct from on-time PDF | email ZIP",https://mail.google.com/mail/u/0/#all/1a0fffd2419ec392,,contestants/E02/13-archives/Math_Competition_Completed_Results_Submission_Bundle.zip,Math_Competition_Completed_Results_Submission/Reproduction_Sources/a060957/OpHack/SubsetProducts/Balance.lean,,20e66b7d,Filename/path inference; editable in the app
350762,Reproduction_Sources/a060957/OpHack/SubsetProducts/BaseBounds.lean,General / shared,3639,"Email supplement received 06:19:17 CEST, after cutoff; distinct from on-time PDF | email ZIP",https://mail.google.com/mail/u/0/#all/1a0fffd2419ec392,,contestants/E02/13-archives/Math_Competition_Completed_Results_Submission_Bundle.zip,Math_Competition_Completed_Results_Submission/Reproduction_Sources/a060957/OpHack/SubsetProducts/BaseBounds.lean,,901885cd,Filename/path inference; editable in the app
350763,Reproduction_Sources/a060957/OpHack/SubsetProducts/BaseVectors.lean,General / shared,4471,"Email supplement received 06:19:17 CEST, after cutoff; distinct from on-time PDF | email ZIP",https://mail.google.com/mail/u/0/#all/1a0fffd2419ec392,,contestants/E02/13-archives/Math_Competition_Completed_Results_Submission_Bundle.zip,Math_Competition_Completed_Results_Submission/Reproduction_Sources/a060957/OpHack/SubsetProducts/BaseVectors.lean,,1c035faf,Filename/path inference; editable in the app
350764,Reproduction_Sources/a060957/OpHack/SubsetProducts/ChoiceModel.lean,General / shared,3865,"Email supplement received 06:19:17 CEST, after cutoff; distinct from on-time PDF | email ZIP",https://mail.google.com/mail/u/0/#all/1a0fffd2419ec392,,contestants/E02/13-archives/Math_Competition_Completed_Results_Submission_Bundle.zip,Math_Competition_Completed_Results_Submission/Reproduction_Sources/a060957/OpHack/SubsetProducts/ChoiceModel.lean,,25c0306b,Filename/path inference; editable in the app
350765,Reproduction_Sources/a060957/OpHack/SubsetProducts/ChoiceNumbers.lean,General / shared,4428,"Email supplement received 06:19:17 CEST, after cutoff; distinct from on-time PDF | email ZIP",https://mail.google.com/mail/u/0/#all/1a0fffd2419ec392,,contestants/E02/13-archives/Math_Competition_Completed_Results_Submission_Bundle.zip,Math_Competition_Completed_Results_Submission/Reproduction_Sources/a060957/OpHack/SubsetProducts/ChoiceNumbers.lean,,ddcee729,Filename/path inference; editable in the app
350766,Reproduction_Sources/a060957/OpHack/SubsetProducts/Classification.lean,General / shared,1659,"Email supplement received 06:19:17 CEST, after cutoff; distinct from on-time PDF | email ZIP",https://mail.google.com/mail/u/0/#all/1a0fffd2419ec392,,contestants/E02/13-archives/Math_Competition_Completed_Results_Submission_Bundle.zip,Math_Competition_Completed_Results_Submission/Reproduction_Sources/a060957/OpHack/SubsetProducts/Classification.lean,,ba17e8eb,Filename/path inference; editable in the app
350767,Reproduction_Sources/a060957/OpHack/SubsetProducts/Embedding.lean,General / shared,3125,"Email supplement received 06:19:17 CEST, after cutoff; distinct from on-time PDF | email ZIP",https://mail.google.com/mail/u/0/#all/1a0fffd2419ec392,,contestants/E02/13-archives/Math_Competition_Completed_Results_Submission_Bundle.zip,Math_Competition_Completed_Results_Submission/Reproduction_Sources/a060957/OpHack/SubsetProducts/Embedding.lean,,bef1bf44,Filename/path inference; editable in the app
350768,Reproduction_Sources/a060957/OpHack/SubsetProducts/ExponentProducts.lean,General / shared,1845,"Email supplement received 06:19:17 CEST, after cutoff; distinct from on-time PDF | email ZIP",https://mail.google.com/mail/u/0/#all/1a0fffd2419ec392,,contestants/E02/13-archives/Math_Competition_Completed_Results_Submission_Bundle.zip,Math_Competition_Completed_Results_Submission/Reproduction_Sources/a060957/OpHack/SubsetProducts/ExponentProducts.lean,,30af0531,Filename/path inference; editable in the app
350769,Reproduction_Sources/a060957/OpHack/SubsetProducts/Exponents.lean,General / shared,2225,"Email supplement received 06:19:17 CEST, after cutoff; distinct from on-time PDF | email ZIP",https://mail.google.com/mail/u/0/#all/1a0fffd2419ec392,,contestants/E02/13-archives/Math_Competition_Completed_Results_Submission_Bundle.zip,Math_Competition_Completed_Results_Submission/Reproduction_Sources/a060957/OpHack/SubsetProducts/Exponents.lean,,f7861529,Filename/path inference; editable in the app
350770,Reproduction_Sources/a060957/OpHack/SubsetProducts/Face.lean,General / shared,1326,"Email supplement received 06:19:17 CEST, after cutoff; distinct from on-time PDF | email ZIP",https://mail.google.com/mail/u/0/#all/1a0fffd2419ec392,,contestants/E02/13-archives/Math_Competition_Completed_Results_Submission_Bundle.zip,Math_Competition_Completed_Results_Submission/Reproduction_Sources/a060957/OpHack/SubsetProducts/Face.lean,,a4c0f37a,Filename/path inference; editable in the app
350771,Reproduction_Sources/a060957/OpHack/SubsetProducts/Gadget.lean,General / shared,3949,"Email supplement received 06:19:17 CEST, after cutoff; distinct from on-time PDF | email ZIP",https://mail.google.com/mail/u/0/#all/1a0fffd2419ec392,,contestants/E02/13-archives/Math_Competition_Completed_Results_Submission_Bundle.zip,Math_Competition_Completed_Results_Submission/Reproduction_Sources/a060957/OpHack/SubsetProducts/Gadget.lean,,4a834981,Filename/path inference; editable in the app
350772,Reproduction_Sources/a060957/OpHack/SubsetProducts/GadgetBounds.lean,General / shared,9289,"Email supplement received 06:19:17 CEST, after cutoff; distinct from on-time PDF | email ZIP",https://mail.google.com/mail/u/0/#all/1a0fffd2419ec392,,contestants/E02/13-archives/Math_Competition_Completed_Results_Submission_Bundle.zip,Math_Competition_Completed_Results_Submission/Reproduction_Sources/a060957/OpHack/SubsetProducts/GadgetBounds.lean,,41ad6851,Filename/path inference; editable in the app
350773,Reproduction_Sources/a060957/OpHack/SubsetProducts/Generic/Balance.lean,General / shared,3414,"Email supplement received 06:19:17 CEST, after cutoff; distinct from on-time PDF | email ZIP",https://mail.google.com/mail/u/0/#all/1a0fffd2419ec392,,contestants/E02/13-archives/Math_Competition_Completed_Results_Submission_Bundle.zip,Math_Competition_Completed_Results_Submission/Reproduction_Sources/a060957/OpHack/SubsetProducts/Generic/Balance.lean,,e2f558e3,Filename/path inference; editable in the app
350774,Reproduction_Sources/a060957/OpHack/SubsetProducts/Generic/BaseBounds.lean,General / shared,1966,"Email supplement received 06:19:17 CEST, after cutoff; distinct from on-time PDF | email ZIP",https://mail.google.com/mail/u/0/#all/1a0fffd2419ec392,,contestants/E02/13-archives/Math_Competition_Completed_Results_Submission_Bundle.zip,Math_Competition_Completed_Results_Submission/Reproduction_Sources/a060957/OpHack/SubsetProducts/Generic/BaseBounds.lean,,6b39b2b9,Filename/path inference; editable in the app
350775,Reproduction_Sources/a060957/OpHack/SubsetProducts/Generic/BaseVectors.lean,General / shared,4832,"Email supplement received 06:19:17 CEST, after cutoff; distinct from on-time PDF | email ZIP",https://mail.google.com/mail/u/0/#all/1a0fffd2419ec392,,contestants/E02/13-archives/Math_Competition_Completed_Results_Submission_Bundle.zip,Math_Competition_Completed_Results_Submission/Reproduction_Sources/a060957/OpHack/SubsetProducts/Generic/BaseVectors.lean,,14e7f212,Filename/path inference; editable in the app
350776,Reproduction_Sources/a060957/OpHack/SubsetProducts/Generic/ChoiceModel.lean,General / shared,5198,"Email supplement received 06:19:17 CEST, after cutoff; distinct from on-time PDF | email ZIP",https://mail.google.com/mail/u/0/#all/1a0fffd2419ec392,,contestants/E02/13-archives/Math_Competition_Completed_Results_Submission_Bundle.zip,Math_Competition_Completed_Results_Submission/Reproduction_Sources/a060957/OpHack/SubsetProducts/Generic/ChoiceModel.lean,,ca7919ad,Filename/path inference; editable in the app
350777,Reproduction_Sources/a060957/OpHack/SubsetProducts/Generic/ChoiceNumbers.lean,General / shared,5093,"Email supplement received 06:19:17 CEST, after cutoff; distinct from on-time PDF | email ZIP",https://mail.google.com/mail/u/0/#all/1a0fffd2419ec392,,contestants/E02/13-archives/Math_Competition_Completed_Results_Submission_Bundle.zip,Math_Competition_Completed_Results_Submission/Reproduction_Sources/a060957/OpHack/SubsetProducts/Generic/ChoiceNumbers.lean,,79c2b77b,Filename/path inference; editable in the app
350778,Reproduction_Sources/a060957/OpHack/SubsetProducts/Generic/Circulant.lean,General / shared,4195,"Email supplement received 06:19:17 CEST, after cutoff; distinct from on-time PDF | email ZIP",https://mail.google.com/mail/u/0/#all/1a0fffd2419ec392,,contestants/E02/13-archives/Math_Competition_Completed_Results_Submission_Bundle.zip,Math_Competition_Completed_Results_Submission/Reproduction_Sources/a060957/OpHack/SubsetProducts/Generic/Circulant.lean,,0c152cae,Filename/path inference; editable in the app
350779,Reproduction_Sources/a060957/OpHack/SubsetProducts/Generic/CountSupport.lean,General / shared,4697,"Email supplement received 06:19:17 CEST, after cutoff; distinct from on-time PDF | email ZIP",https://mail.google.com/mail/u/0/#all/1a0fffd2419ec392,,contestants/E02/13-archives/Math_Competition_Completed_Results_Submission_Bundle.zip,Math_Competition_Completed_Results_Submission/Reproduction_Sources/a060957/OpHack/SubsetProducts/Generic/CountSupport.lean,,afdf8369,Filename/path inference; editable in the app
350780,Reproduction_Sources/a060957/OpHack/SubsetProducts/Generic/Embedding.lean,General / shared,3598,"Email supplement received 06:19:17 CEST, after cutoff; distinct from on-time PDF | email ZIP",https://mail.google.com/mail/u/0/#all/1a0fffd2419ec392,,contestants/E02/13-archives/Math_Competition_Completed_Results_Submission_Bundle.zip,Math_Competition_Completed_Results_Submission/Reproduction_Sources/a060957/OpHack/SubsetProducts/Generic/Embedding.lean,,f2836eca,Filename/path inference; editable in the app
350781,Reproduction_Sources/a060957/OpHack/SubsetProducts/Generic/ExactFiber.lean,General / shared,5269,"Email supplement received 06:19:17 CEST, after cutoff; distinct from on-time PDF | email ZIP",https://mail.google.com/mail/u/0/#all/1a0fffd2419ec392,,contestants/E02/13-archives/Math_Competition_Completed_Results_Submission_Bundle.zip,Math_Competition_Completed_Results_Submission/Reproduction_Sources/a060957/OpHack/SubsetProducts/Generic/ExactFiber.lean,,06d35bed,Filename/path inference; editable in the app
350782,Reproduction_Sources/a060957/OpHack/SubsetProducts/Generic/Final.lean,General / shared,6362,"Email supplement received 06:19:17 CEST, after cutoff; distinct from on-time PDF | email ZIP",https://mail.google.com/mail/u/0/#all/1a0fffd2419ec392,,contestants/E02/13-archives/Math_Competition_Completed_Results_Submission_Bundle.zip,Math_Competition_Completed_Results_Submission/Reproduction_Sources/a060957/OpHack/SubsetProducts/Generic/Final.lean,,71d4a8d5,Filename/path inference; editable in the app
350783,Reproduction_Sources/a060957/OpHack/SubsetProducts/Generic/GlobalSlice.lean,General / shared,2908,"Email supplement received 06:19:17 CEST, after cutoff; distinct from on-time PDF | email ZIP",https://mail.google.com/mail/u/0/#all/1a0fffd2419ec392,,contestants/E02/13-archives/Math_Competition_Completed_Results_Submission_Bundle.zip,Math_Competition_Completed_Results_Submission/Reproduction_Sources/a060957/OpHack/SubsetProducts/Generic/GlobalSlice.lean,,a69504a0,Filename/path inference; editable in the app
350784,Reproduction_Sources/a060957/OpHack/SubsetProducts/Generic/GraphAtoms.lean,General / shared,9041,"Email supplement received 06:19:17 CEST, after cutoff; distinct from on-time PDF | email ZIP",https://mail.google.com/mail/u/0/#all/1a0fffd2419ec392,,contestants/E02/13-archives/Math_Competition_Completed_Results_Submission_Bundle.zip,Math_Competition_Completed_Results_Submission/Reproduction_Sources/a060957/OpHack/SubsetProducts/Generic/GraphAtoms.lean,,82d8bc4e,Filename/path inference; editable in the app
350785,Reproduction_Sources/a060957/OpHack/SubsetProducts/Generic/LinearAtoms.lean,General / shared,10240,"Email supplement received 06:19:17 CEST, after cutoff; distinct from on-time PDF | email ZIP",https://mail.google.com/mail/u/0/#all/1a0fffd2419ec392,,contestants/E02/13-archives/Math_Competition_Completed_Results_Submission_Bundle.zip,Math_Competition_Completed_Results_Submission/Reproduction_Sources/a060957/OpHack/SubsetProducts/Generic/LinearAtoms.lean,,391e6b8d,Filename/path inference; editable in the app
350786,Reproduction_Sources/a060957/OpHack/SubsetProducts/Generic/Normalization.lean,General / shared,1188,"Email supplement received 06:19:17 CEST, after cutoff; distinct from on-time PDF | email ZIP",https://mail.google.com/mail/u/0/#all/1a0fffd2419ec392,,contestants/E02/13-archives/Math_Competition_Completed_Results_Submission_Bundle.zip,Math_Competition_Completed_Results_Submission/Reproduction_Sources/a060957/OpHack/SubsetProducts/Generic/Normalization.lean,,6a7701ab,Filename/path inference; editable in the app
350787,Reproduction_Sources/a060957/OpHack/SubsetProducts/Generic/Parameters.lean,General / shared,3699,"Email supplement received 06:19:17 CEST, after cutoff; distinct from on-time PDF | email ZIP",https://mail.google.com/mail/u/0/#all/1a0fffd2419ec392,,contestants/E02/13-archives/Math_Competition_Completed_Results_Submission_Bundle.zip,Math_Competition_Completed_Results_Submission/Reproduction_Sources/a060957/OpHack/SubsetProducts/Generic/Parameters.lean,,dc812b61,Filename/path inference; editable in the app
350788,Reproduction_Sources/a060957/OpHack/SubsetProducts/Generic/Primes.lean,General / shared,3667,"Email supplement received 06:19:17 CEST, after cutoff; distinct from on-time PDF | email ZIP",https://mail.google.com/mail/u/0/#all/1a0fffd2419ec392,,contestants/E02/13-archives/Math_Competition_Completed_Results_Submission_Bundle.zip,Math_Competition_Completed_Results_Submission/Reproduction_Sources/a060957/OpHack/SubsetProducts/Generic/Primes.lean,,7ca96a96,Filename/path inference; editable in the app
350789,Reproduction_Sources/a060957/OpHack/SubsetProducts/Generic/ProductSupport.lean,General / shared,7418,"Email supplement received 06:19:17 CEST, after cutoff; distinct from on-time PDF | email ZIP",https://mail.google.com/mail/u/0/#all/1a0fffd2419ec392,,contestants/E02/13-archives/Math_Competition_Completed_Results_Submission_Bundle.zip,Math_Competition_Completed_Results_Submission/Reproduction_Sources/a060957/OpHack/SubsetProducts/Generic/ProductSupport.lean,,ecbe56d3,Filename/path inference; editable in the app
350790,Reproduction_Sources/a060957/OpHack/SubsetProducts/Generic/SelectedChoices.lean,General / shared,9599,"Email supplement received 06:19:17 CEST, after cutoff; distinct from on-time PDF | email ZIP",https://mail.google.com/mail/u/0/#all/1a0fffd2419ec392,,contestants/E02/13-archives/Math_Competition_Completed_Results_Submission_Bundle.zip,Math_Competition_Completed_Results_Submission/Reproduction_Sources/a060957/OpHack/SubsetProducts/Generic/SelectedChoices.lean,,0698de24,Filename/path inference; editable in the app
350791,Reproduction_Sources/a060957/OpHack/SubsetProducts/Generic/ZeroChoices.lean,General / shared,4812,"Email supplement received 06:19:17 CEST, after cutoff; distinct from on-time PDF | email ZIP",https://mail.google.com/mail/u/0/#all/1a0fffd2419ec392,,contestants/E02/13-archives/Math_Competition_Completed_Results_Submission_Bundle.zip,Math_Competition_Completed_Results_Submission/Reproduction_Sources/a060957/OpHack/SubsetProducts/Generic/ZeroChoices.lean,,b5721340,Filename/path inference; editable in the app
350792,Reproduction_Sources/a060957/OpHack/SubsetProducts/GlobalSlice.lean,General / shared,2443,"Email supplement received 06:19:17 CEST, after cutoff; distinct from on-time PDF | email ZIP",https://mail.google.com/mail/u/0/#all/1a0fffd2419ec392,,contestants/E02/13-archives/Math_Competition_Completed_Results_Submission_Bundle.zip,Math_Competition_Completed_Results_Submission/Reproduction_Sources/a060957/OpHack/SubsetProducts/GlobalSlice.lean,,4a1ee546,Filename/path inference; editable in the app
350793,Reproduction_Sources/a060957/OpHack/SubsetProducts/IntegralAtoms.lean,General / shared,3353,"Email supplement received 06:19:17 CEST, after cutoff; distinct from on-time PDF | email ZIP",https://mail.google.com/mail/u/0/#all/1a0fffd2419ec392,,contestants/E02/13-archives/Math_Competition_Completed_Results_Submission_Bundle.zip,Math_Competition_Completed_Results_Submission/Reproduction_Sources/a060957/OpHack/SubsetProducts/IntegralAtoms.lean,,72d870fe,Filename/path inference; editable in the app
350794,Reproduction_Sources/a060957/OpHack/SubsetProducts/Main.lean,General / shared,5387,"Email supplement received 06:19:17 CEST, after cutoff; distinct from on-time PDF | email ZIP",https://mail.google.com/mail/u/0/#all/1a0fffd2419ec392,,contestants/E02/13-archives/Math_Competition_Completed_Results_Submission_Bundle.zip,Math_Competition_Completed_Results_Submission/Reproduction_Sources/a060957/OpHack/SubsetProducts/Main.lean,,e3472311,Filename/path inference; editable in the app
350795,Reproduction_Sources/a060957/OpHack/SubsetProducts/Parameters.lean,General / shared,1304,"Email supplement received 06:19:17 CEST, after cutoff; distinct from on-time PDF | email ZIP",https://mail.google.com/mail/u/0/#all/1a0fffd2419ec392,,contestants/E02/13-archives/Math_Competition_Completed_Results_Submission_Bundle.zip,Math_Competition_Completed_Results_Submission/Reproduction_Sources/a060957/OpHack/SubsetProducts/Parameters.lean,,8906b1bc,Filename/path inference; editable in the app
350796,Reproduction_Sources/a060957/OpHack/SubsetProducts/Primes.lean,General / shared,3434,"Email supplement received 06:19:17 CEST, after cutoff; distinct from on-time PDF | email ZIP",https://mail.google.com/mail/u/0/#all/1a0fffd2419ec392,,contestants/E02/13-archives/Math_Competition_Completed_Results_Submission_Bundle.zip,Math_Competition_Completed_Results_Submission/Reproduction_Sources/a060957/OpHack/SubsetProducts/Primes.lean,,473bc83f,Filename/path inference; editable in the app
350797,Reproduction_Sources/a060957/OpHack/SubsetProducts/ProductGap.lean,General / shared,2779,"Email supplement received 06:19:17 CEST, after cutoff; distinct from on-time PDF | email ZIP",https://mail.google.com/mail/u/0/#all/1a0fffd2419ec392,,contestants/E02/13-archives/Math_Competition_Completed_Results_Submission_Bundle.zip,Math_Competition_Completed_Results_Submission/Reproduction_Sources/a060957/OpHack/SubsetProducts/ProductGap.lean,,cd747d13,Filename/path inference; editable in the app
350798,Reproduction_Sources/a060957/OpHack/SubsetProducts/Recovery.lean,General / shared,1246,"Email supplement received 06:19:17 CEST, after cutoff; distinct from on-time PDF | email ZIP",https://mail.google.com/mail/u/0/#all/1a0fffd2419ec392,,contestants/E02/13-archives/Math_Competition_Completed_Results_Submission_Bundle.zip,Math_Competition_Completed_Results_Submission/Reproduction_Sources/a060957/OpHack/SubsetProducts/Recovery.lean,,490fee49,Filename/path inference; editable in the app
350799,Reproduction_Sources/a060957/OpHack/SubsetProducts/SelectedSums.lean,General / shared,3844,"Email supplement received 06:19:17 CEST, after cutoff; distinct from on-time PDF | email ZIP",https://mail.google.com/mail/u/0/#all/1a0fffd2419ec392,,contestants/E02/13-archives/Math_Competition_Completed_Results_Submission_Bundle.zip,Math_Competition_Completed_Results_Submission/Reproduction_Sources/a060957/OpHack/SubsetProducts/SelectedSums.lean,,f045555d,Filename/path inference; editable in the app
350800,Reproduction_Sources/a060957/OpHack/SubsetProducts/Separation.lean,General / shared,1293,"Email supplement received 06:19:17 CEST, after cutoff; distinct from on-time PDF | email ZIP",https://mail.google.com/mail/u/0/#all/1a0fffd2419ec392,,contestants/E02/13-archives/Math_Competition_Completed_Results_Submission_Bundle.zip,Math_Competition_Completed_Results_Submission/Reproduction_Sources/a060957/OpHack/SubsetProducts/Separation.lean,,7f8098f4,Filename/path inference; editable in the app
350801,Reproduction_Sources/a060957/OpHack/SubsetProducts/Simplex.lean,General / shared,2354,"Email supplement received 06:19:17 CEST, after cutoff; distinct from on-time PDF | email ZIP",https://mail.google.com/mail/u/0/#all/1a0fffd2419ec392,,contestants/E02/13-archives/Math_Competition_Completed_Results_Submission_Bundle.zip,Math_Competition_Completed_Results_Submission/Reproduction_Sources/a060957/OpHack/SubsetProducts/Simplex.lean,,baa4b6b8,Filename/path inference; editable in the app
350802,Reproduction_Sources/a060957/OpHack/SubsetProducts/WitnessChoices.lean,General / shared,2221,"Email supplement received 06:19:17 CEST, after cutoff; distinct from on-time PDF | email ZIP",https://mail.google.com/mail/u/0/#all/1a0fffd2419ec392,,contestants/E02/13-archives/Math_Competition_Completed_Results_Submission_Bundle.zip,Math_Competition_Completed_Results_Submission/Reproduction_Sources/a060957/OpHack/SubsetProducts/WitnessChoices.lean,,4ec63cae,Filename/path inference; editable in the app
350803,Reproduction_Sources/a060957/OpHack/SubsetProducts/ZeroChoices.lean,General / shared,4340,"Email supplement received 06:19:17 CEST, after cutoff; distinct from on-time PDF | email ZIP",https://mail.google.com/mail/u/0/#all/1a0fffd2419ec392,,contestants/E02/13-archives/Math_Competition_Completed_Results_Submission_Bundle.zip,Math_Competition_Completed_Results_Submission/Reproduction_Sources/a060957/OpHack/SubsetProducts/ZeroChoices.lean,,17feb242,Filename/path inference; editable in the app
350807,Reproduction_Sources/a100475/A100475.lean,General / shared,1059,"Email supplement received 06:19:17 CEST, after cutoff; distinct from on-time PDF | email ZIP",https://mail.google.com/mail/u/0/#all/1a0fffd2419ec392,,contestants/E02/13-archives/Math_Competition_Completed_Results_Submission_Bundle.zip,Math_Competition_Completed_Results_Submission/Reproduction_Sources/a100475/A100475.lean,,46c756a4,Filename/path inference; editable in the app
350808,Reproduction_Sources/a100475/A100475Bounds.lean,General / shared,6074,"Email supplement received 06:19:17 CEST, after cutoff; distinct from on-time PDF | email ZIP",https://mail.google.com/mail/u/0/#all/1a0fffd2419ec392,,contestants/E02/13-archives/Math_Competition_Completed_Results_Submission_Bundle.zip,Math_Competition_Completed_Results_Submission/Reproduction_Sources/a100475/A100475Bounds.lean,,b5f4abf9,Filename/path inference; editable in the app
350809,Reproduction_Sources/a100475/A100475Certificate.lean,General / shared,16937,"Email supplement received 06:19:17 CEST, after cutoff; distinct from on-time PDF | email ZIP",https://mail.google.com/mail/u/0/#all/1a0fffd2419ec392,,contestants/E02/13-archives/Math_Competition_Completed_Results_Submission_Bundle.zip,Math_Competition_Completed_Results_Submission/Reproduction_Sources/a100475/A100475Certificate.lean,,78dae2e1,Filename/path inference; editable in the app
350810,Reproduction_Sources/a100475/A100475CertificateDefs.lean,General / shared,834,"Email supplement received 06:19:17 CEST, after cutoff; distinct from on-time PDF | email ZIP",https://mail.google.com/mail/u/0/#all/1a0fffd2419ec392,,contestants/E02/13-archives/Math_Competition_Completed_Results_Submission_Bundle.zip,Math_Competition_Completed_Results_Submission/Reproduction_Sources/a100475/A100475CertificateDefs.lean,,96e630de,Filename/path inference; editable in the app
350811,Reproduction_Sources/a100475/A100475Conclusion.lean,General / shared,1510,"Email supplement received 06:19:17 CEST, after cutoff; distinct from on-time PDF | email ZIP",https://mail.google.com/mail/u/0/#all/1a0fffd2419ec392,,contestants/E02/13-archives/Math_Competition_Completed_Results_Submission_Bundle.zip,Math_Competition_Completed_Results_Submission/Reproduction_Sources/a100475/A100475Conclusion.lean,,bab633c2,Filename/path inference; editable in the app
350812,Reproduction_Sources/a100475/A100475Dynamics.lean,General / shared,4320,"Email supplement received 06:19:17 CEST, after cutoff; distinct from on-time PDF | email ZIP",https://mail.google.com/mail/u/0/#all/1a0fffd2419ec392,,contestants/E02/13-archives/Math_Competition_Completed_Results_Submission_Bundle.zip,Math_Competition_Completed_Results_Submission/Reproduction_Sources/a100475/A100475Dynamics.lean,,b0d5fd4e,Filename/path inference; editable in the app
350813,Reproduction_Sources/a100475/A100475Finite.lean,General / shared,15278,"Email supplement received 06:19:17 CEST, after cutoff; distinct from on-time PDF | email ZIP",https://mail.google.com/mail/u/0/#all/1a0fffd2419ec392,,contestants/E02/13-archives/Math_Competition_Completed_Results_Submission_Bundle.zip,Math_Competition_Completed_Results_Submission/Reproduction_Sources/a100475/A100475Finite.lean,,3509364a,Filename/path inference; editable in the app
350814,Reproduction_Sources/a100475/A100475Large.lean,General / shared,1724,"Email supplement received 06:19:17 CEST, after cutoff; distinct from on-time PDF | email ZIP",https://mail.google.com/mail/u/0/#all/1a0fffd2419ec392,,contestants/E02/13-archives/Math_Competition_Completed_Results_Submission_Bundle.zip,Math_Competition_Completed_Results_Submission/Reproduction_Sources/a100475/A100475Large.lean,,42c946f4,Filename/path inference; editable in the app
350815,Reproduction_Sources/a100475/A100475ScanPart00.lean,General / shared,893,"Email supplement received 06:19:17 CEST, after cutoff; distinct from on-time PDF | email ZIP",https://mail.google.com/mail/u/0/#all/1a0fffd2419ec392,,contestants/E02/13-archives/Math_Competition_Completed_Results_Submission_Bundle.zip,Math_Competition_Completed_Results_Submission/Reproduction_Sources/a100475/A100475ScanPart00.lean,,a911052e,Filename/path inference; editable in the app
350816,Reproduction_Sources/a100475/A100475ScanPart01.lean,General / shared,928,"Email supplement received 06:19:17 CEST, after cutoff; distinct from on-time PDF | email ZIP",https://mail.google.com/mail/u/0/#all/1a0fffd2419ec392,,contestants/E02/13-archives/Math_Competition_Completed_Results_Submission_Bundle.zip,Math_Competition_Completed_Results_Submission/Reproduction_Sources/a100475/A100475ScanPart01.lean,,ae5141ab,Filename/path inference; editable in the app
350817,Reproduction_Sources/a100475/A100475ScanPart02.lean,General / shared,928,"Email supplement received 06:19:17 CEST, after cutoff; distinct from on-time PDF | email ZIP",https://mail.google.com/mail/u/0/#all/1a0fffd2419ec392,,contestants/E02/13-archives/Math_Competition_Completed_Results_Submission_Bundle.zip,Math_Competition_Completed_Results_Submission/Reproduction_Sources/a100475/A100475ScanPart02.lean,,cf8a03f4,Filename/path inference; editable in the app
350818,Reproduction_Sources/a100475/A100475ScanPart03.lean,General / shared,928,"Email supplement received 06:19:17 CEST, after cutoff; distinct from on-time PDF | email ZIP",https://mail.google.com/mail/u/0/#all/1a0fffd2419ec392,,contestants/E02/13-archives/Math_Competition_Completed_Results_Submission_Bundle.zip,Math_Competition_Completed_Results_Submission/Reproduction_Sources/a100475/A100475ScanPart03.lean,,14d33dc0,Filename/path inference; editable in the app
350819,Reproduction_Sources/a100475/A100475ScanPart04.lean,General / shared,928,"Email supplement received 06:19:17 CEST, after cutoff; distinct from on-time PDF | email ZIP",https://mail.google.com/mail/u/0/#all/1a0fffd2419ec392,,contestants/E02/13-archives/Math_Competition_Completed_Results_Submission_Bundle.zip,Math_Competition_Completed_Results_Submission/Reproduction_Sources/a100475/A100475ScanPart04.lean,,95f8b449,Filename/path inference; editable in the app
350820,Reproduction_Sources/a100475/A100475ScanPart05.lean,General / shared,928,"Email supplement received 06:19:17 CEST, after cutoff; distinct from on-time PDF | email ZIP",https://mail.google.com/mail/u/0/#all/1a0fffd2419ec392,,contestants/E02/13-archives/Math_Competition_Completed_Results_Submission_Bundle.zip,Math_Competition_Completed_Results_Submission/Reproduction_Sources/a100475/A100475ScanPart05.lean,,2b3ff03e,Filename/path inference; editable in the app
350821,Reproduction_Sources/a100475/A100475ScanPart06.lean,General / shared,928,"Email supplement received 06:19:17 CEST, after cutoff; distinct from on-time PDF | email ZIP",https://mail.google.com/mail/u/0/#all/1a0fffd2419ec392,,contestants/E02/13-archives/Math_Competition_Completed_Results_Submission_Bundle.zip,Math_Competition_Completed_Results_Submission/Reproduction_Sources/a100475/A100475ScanPart06.lean,,1123ae24,Filename/path inference; editable in the app
350822,Reproduction_Sources/a100475/A100475ScanPart07.lean,General / shared,929,"Email supplement received 06:19:17 CEST, after cutoff; distinct from on-time PDF | email ZIP",https://mail.google.com/mail/u/0/#all/1a0fffd2419ec392,,contestants/E02/13-archives/Math_Competition_Completed_Results_Submission_Bundle.zip,Math_Competition_Completed_Results_Submission/Reproduction_Sources/a100475/A100475ScanPart07.lean,,7191400e,Filename/path inference; editable in the app
350823,Reproduction_Sources/a100475/A100475ScanPart08.lean,General / shared,948,"Email supplement received 06:19:17 CEST, after cutoff; distinct from on-time PDF | email ZIP",https://mail.google.com/mail/u/0/#all/1a0fffd2419ec392,,contestants/E02/13-archives/Math_Competition_Completed_Results_Submission_Bundle.zip,Math_Competition_Completed_Results_Submission/Reproduction_Sources/a100475/A100475ScanPart08.lean,,ece20550,Filename/path inference; editable in the app
350824,Reproduction_Sources/a100475/A100475ScanPart09.lean,General / shared,948,"Email supplement received 06:19:17 CEST, after cutoff; distinct from on-time PDF | email ZIP",https://mail.google.com/mail/u/0/#all/1a0fffd2419ec392,,contestants/E02/13-archives/Math_Competition_Completed_Results_Submission_Bundle.zip,Math_Competition_Completed_Results_Submission/Reproduction_Sources/a100475/A100475ScanPart09.lean,,d16754da,Filename/path inference; editable in the app
350825,Reproduction_Sources/a100475/A100475Sieve.lean,General / shared,2079,"Email supplement received 06:19:17 CEST, after cutoff; distinct from on-time PDF | email ZIP",https://mail.google.com/mail/u/0/#all/1a0fffd2419ec392,,contestants/E02/13-archives/Math_Competition_Completed_Results_Submission_Bundle.zip,Math_Competition_Completed_Results_Submission/Reproduction_Sources/a100475/A100475Sieve.lean,,9aaa42e5,Filename/path inference; editable in the app
350826,Reproduction_Sources/a100475/A100475SievePart00.lean,General / shared,4309,"Email supplement received 06:19:17 CEST, after cutoff; distinct from on-time PDF | email ZIP",https://mail.google.com/mail/u/0/#all/1a0fffd2419ec392,,contestants/E02/13-archives/Math_Competition_Completed_Results_Submission_Bundle.zip,Math_Competition_Completed_Results_Submission/Reproduction_Sources/a100475/A100475SievePart00.lean,,dfa854f9,Filename/path inference; editable in the app
350827,Reproduction_Sources/a100475/A100475SievePart01.lean,General / shared,4442,"Email supplement received 06:19:17 CEST, after cutoff; distinct from on-time PDF | email ZIP",https://mail.google.com/mail/u/0/#all/1a0fffd2419ec392,,contestants/E02/13-archives/Math_Competition_Completed_Results_Submission_Bundle.zip,Math_Competition_Completed_Results_Submission/Reproduction_Sources/a100475/A100475SievePart01.lean,,b50202ff,Filename/path inference; editable in the app
350828,Reproduction_Sources/a100475/A100475SievePart02.lean,General / shared,4428,"Email supplement received 06:19:17 CEST, after cutoff; distinct from on-time PDF | email ZIP",https://mail.google.com/mail/u/0/#all/1a0fffd2419ec392,,contestants/E02/13-archives/Math_Competition_Completed_Results_Submission_Bundle.zip,Math_Competition_Completed_Results_Submission/Reproduction_Sources/a100475/A100475SievePart02.lean,,f72f2b0d,Filename/path inference; editable in the app
350829,Reproduction_Sources/a100475/A100475SievePart03.lean,General / shared,4426,"Email supplement received 06:19:17 CEST, after cutoff; distinct from on-time PDF | email ZIP",https://mail.google.com/mail/u/0/#all/1a0fffd2419ec392,,contestants/E02/13-archives/Math_Competition_Completed_Results_Submission_Bundle.zip,Math_Competition_Completed_Results_Submission/Reproduction_Sources/a100475/A100475SievePart03.lean,,15e6a292,Filename/path inference; editable in the app
350830,Reproduction_Sources/a100475/A100475SievePart04.lean,General / shared,4418,"Email supplement received 06:19:17 CEST, after cutoff; distinct from on-time PDF | email ZIP",https://mail.google.com/mail/u/0/#all/1a0fffd2419ec392,,contestants/E02/13-archives/Math_Competition_Completed_Results_Submission_Bundle.zip,Math_Competition_Completed_Results_Submission/Reproduction_Sources/a100475/A100475SievePart04.lean,,7d022fc4,Filename/path inference; editable in the app
350831,Reproduction_Sources/a100475/A100475SievePart05.lean,General / shared,4418,"Email supplement received 06:19:17 CEST, after cutoff; distinct from on-time PDF | email ZIP",https://mail.google.com/mail/u/0/#all/1a0fffd2419ec392,,contestants/E02/13-archives/Math_Competition_Completed_Results_Submission_Bundle.zip,Math_Competition_Completed_Results_Submission/Reproduction_Sources/a100475/A100475SievePart05.lean,,0f23dd41,Filename/path inference; editable in the app
350832,Reproduction_Sources/a100475/A100475SievePart06.lean,General / shared,1344,"Email supplement received 06:19:17 CEST, after cutoff; distinct from on-time PDF | email ZIP",https://mail.google.com/mail/u/0/#all/1a0fffd2419ec392,,contestants/E02/13-archives/Math_Competition_Completed_Results_Submission_Bundle.zip,Math_Competition_Completed_Results_Submission/Reproduction_Sources/a100475/A100475SievePart06.lean,,788f19c7,Filename/path inference; editable in the app
350833,Reproduction_Sources/a100475/A100475SievePart07.lean,General / shared,4466,"Email supplement received 06:19:17 CEST, after cutoff; distinct from on-time PDF | email ZIP",https://mail.google.com/mail/u/0/#all/1a0fffd2419ec392,,contestants/E02/13-archives/Math_Competition_Completed_Results_Submission_Bundle.zip,Math_Competition_Completed_Results_Submission/Reproduction_Sources/a100475/A100475SievePart07.lean,,231c5850,Filename/path inference; editable in the app
350834,Reproduction_Sources/a100475/A100475SievePart08.lean,General / shared,4468,"Email supplement received 06:19:17 CEST, after cutoff; distinct from on-time PDF | email ZIP",https://mail.google.com/mail/u/0/#all/1a0fffd2419ec392,,contestants/E02/13-archives/Math_Competition_Completed_Results_Submission_Bundle.zip,Math_Competition_Completed_Results_Submission/Reproduction_Sources/a100475/A100475SievePart08.lean,,805a9f39,Filename/path inference; editable in the app
350835,Reproduction_Sources/a100475/A100475SievePart09.lean,General / shared,4468,"Email supplement received 06:19:17 CEST, after cutoff; distinct from on-time PDF | email ZIP",https://mail.google.com/mail/u/0/#all/1a0fffd2419ec392,,contestants/E02/13-archives/Math_Competition_Completed_Results_Submission_Bundle.zip,Math_Competition_Completed_Results_Submission/Reproduction_Sources/a100475/A100475SievePart09.lean,,906966c5,Filename/path inference; editable in the app
350836,Reproduction_Sources/a100475/A100475SievePart10.lean,General / shared,4472,"Email supplement received 06:19:17 CEST, after cutoff; distinct from on-time PDF | email ZIP",https://mail.google.com/mail/u/0/#all/1a0fffd2419ec392,,contestants/E02/13-archives/Math_Competition_Completed_Results_Submission_Bundle.zip,Math_Competition_Completed_Results_Submission/Reproduction_Sources/a100475/A100475SievePart10.lean,,d03a5438,Filename/path inference; editable in the app
350837,Reproduction_Sources/a100475/A100475SievePart11.lean,General / shared,4472,"Email supplement received 06:19:17 CEST, after cutoff; distinct from on-time PDF | email ZIP",https://mail.google.com/mail/u/0/#all/1a0fffd2419ec392,,contestants/E02/13-archives/Math_Competition_Completed_Results_Submission_Bundle.zip,Math_Competition_Completed_Results_Submission/Reproduction_Sources/a100475/A100475SievePart11.lean,,5b3adab3,Filename/path inference; editable in the app
350838,Reproduction_Sources/a100475/A100475SievePart12.lean,General / shared,4472,"Email supplement received 06:19:17 CEST, after cutoff; distinct from on-time PDF | email ZIP",https://mail.google.com/mail/u/0/#all/1a0fffd2419ec392,,contestants/E02/13-archives/Math_Competition_Completed_Results_Submission_Bundle.zip,Math_Competition_Completed_Results_Submission/Reproduction_Sources/a100475/A100475SievePart12.lean,,7b347f41,Filename/path inference; editable in the app
350839,Reproduction_Sources/a100475/A100475SievePart13.lean,General / shared,4470,"Email supplement received 06:19:17 CEST, after cutoff; distinct from on-time PDF | email ZIP",https://mail.google.com/mail/u/0/#all/1a0fffd2419ec392,,contestants/E02/13-archives/Math_Competition_Completed_Results_Submission_Bundle.zip,Math_Competition_Completed_Results_Submission/Reproduction_Sources/a100475/A100475SievePart13.lean,,65ea3211,Filename/path inference; editable in the app
350840,Reproduction_Sources/a100475/A100475SievePart14.lean,General / shared,4476,"Email supplement received 06:19:17 CEST, after cutoff; distinct from on-time PDF | email ZIP",https://mail.google.com/mail/u/0/#all/1a0fffd2419ec392,,contestants/E02/13-archives/Math_Competition_Completed_Results_Submission_Bundle.zip,Math_Competition_Completed_Results_Submission/Reproduction_Sources/a100475/A100475SievePart14.lean,,14ba40fc,Filename/path inference; editable in the app
350841,Reproduction_Sources/a100475/A100475SievePart15.lean,General / shared,4470,"Email supplement received 06:19:17 CEST, after cutoff; distinct from on-time PDF | email ZIP",https://mail.google.com/mail/u/0/#all/1a0fffd2419ec392,,contestants/E02/13-archives/Math_Competition_Completed_Results_Submission_Bundle.zip,Math_Competition_Completed_Results_Submission/Reproduction_Sources/a100475/A100475SievePart15.lean,,2701c898,Filename/path inference; editable in the app
350842,Reproduction_Sources/a100475/A100475SievePart16.lean,General / shared,4470,"Email supplement received 06:19:17 CEST, after cutoff; distinct from on-time PDF | email ZIP",https://mail.google.com/mail/u/0/#all/1a0fffd2419ec392,,contestants/E02/13-archives/Math_Competition_Completed_Results_Submission_Bundle.zip,Math_Competition_Completed_Results_Submission/Reproduction_Sources/a100475/A100475SievePart16.lean,,0eb9166b,Filename/path inference; editable in the app
350843,Reproduction_Sources/a100475/A100475SievePart17.lean,General / shared,4470,"Email supplement received 06:19:17 CEST, after cutoff; distinct from on-time PDF | email ZIP",https://mail.google.com/mail/u/0/#all/1a0fffd2419ec392,,contestants/E02/13-archives/Math_Competition_Completed_Results_Submission_Bundle.zip,Math_Competition_Completed_Results_Submission/Reproduction_Sources/a100475/A100475SievePart17.lean,,989faecc,Filename/path inference; editable in the app
350844,Reproduction_Sources/a100475/A100475SievePart18.lean,General / shared,4474,"Email supplement received 06:19:17 CEST, after cutoff; distinct from on-time PDF | email ZIP",https://mail.google.com/mail/u/0/#all/1a0fffd2419ec392,,contestants/E02/13-archives/Math_Competition_Completed_Results_Submission_Bundle.zip,Math_Competition_Completed_Results_Submission/Reproduction_Sources/a100475/A100475SievePart18.lean,,af0b38eb,Filename/path inference; editable in the app
350845,Reproduction_Sources/a100475/A100475SievePart19.lean,General / shared,4476,"Email supplement received 06:19:17 CEST, after cutoff; distinct from on-time PDF | email ZIP",https://mail.google.com/mail/u/0/#all/1a0fffd2419ec392,,contestants/E02/13-archives/Math_Competition_Completed_Results_Submission_Bundle.zip,Math_Competition_Completed_Results_Submission/Reproduction_Sources/a100475/A100475SievePart19.lean,,811a848e,Filename/path inference; editable in the app
350846,Reproduction_Sources/a100475/A100475SievePart20.lean,General / shared,4480,"Email supplement received 06:19:17 CEST, after cutoff; distinct from on-time PDF | email ZIP",https://mail.google.com/mail/u/0/#all/1a0fffd2419ec392,,contestants/E02/13-archives/Math_Competition_Completed_Results_Submission_Bundle.zip,Math_Competition_Completed_Results_Submission/Reproduction_Sources/a100475/A100475SievePart20.lean,,5d5e0076,Filename/path inference; editable in the app
350847,Reproduction_Sources/a100475/A100475SievePart21.lean,General / shared,4476,"Email supplement received 06:19:17 CEST, after cutoff; distinct from on-time PDF | email ZIP",https://mail.google.com/mail/u/0/#all/1a0fffd2419ec392,,contestants/E02/13-archives/Math_Competition_Completed_Results_Submission_Bundle.zip,Math_Competition_Completed_Results_Submission/Reproduction_Sources/a100475/A100475SievePart21.lean,,a97a4222,Filename/path inference; editable in the app
350848,Reproduction_Sources/a100475/A100475SievePart22.lean,General / shared,4474,"Email supplement received 06:19:17 CEST, after cutoff; distinct from on-time PDF | email ZIP",https://mail.google.com/mail/u/0/#all/1a0fffd2419ec392,,contestants/E02/13-archives/Math_Competition_Completed_Results_Submission_Bundle.zip,Math_Competition_Completed_Results_Submission/Reproduction_Sources/a100475/A100475SievePart22.lean,,14ed9481,Filename/path inference; editable in the app
350849,Reproduction_Sources/a100475/A100475SievePart23.lean,General / shared,4476,"Email supplement received 06:19:17 CEST, after cutoff; distinct from on-time PDF | email ZIP",https://mail.google.com/mail/u/0/#all/1a0fffd2419ec392,,contestants/E02/13-archives/Math_Competition_Completed_Results_Submission_Bundle.zip,Math_Competition_Completed_Results_Submission/Reproduction_Sources/a100475/A100475SievePart23.lean,,1cffd71e,Filename/path inference; editable in the app
350850,Reproduction_Sources/a100475/A100475SievePart24.lean,General / shared,4478,"Email supplement received 06:19:17 CEST, after cutoff; distinct from on-time PDF | email ZIP",https://mail.google.com/mail/u/0/#all/1a0fffd2419ec392,,contestants/E02/13-archives/Math_Competition_Completed_Results_Submission_Bundle.zip,Math_Competition_Completed_Results_Submission/Reproduction_Sources/a100475/A100475SievePart24.lean,,2f36186d,Filename/path inference; editable in the app
350851,Reproduction_Sources/a100475/A100475SievePart25.lean,General / shared,4474,"Email supplement received 06:19:17 CEST, after cutoff; distinct from on-time PDF | email ZIP",https://mail.google.com/mail/u/0/#all/1a0fffd2419ec392,,contestants/E02/13-archives/Math_Competition_Completed_Results_Submission_Bundle.zip,Math_Competition_Completed_Results_Submission/Reproduction_Sources/a100475/A100475SievePart25.lean,,1abea33c,Filename/path inference; editable in the app
350852,Reproduction_Sources/a100475/A100475SievePart26.lean,General / shared,4478,"Email supplement received 06:19:17 CEST, after cutoff; distinct from on-time PDF | email ZIP",https://mail.google.com/mail/u/0/#all/1a0fffd2419ec392,,contestants/E02/13-archives/Math_Competition_Completed_Results_Submission_Bundle.zip,Math_Competition_Completed_Results_Submission/Reproduction_Sources/a100475/A100475SievePart26.lean,,25e0267b,Filename/path inference; editable in the app
350853,Reproduction_Sources/a100475/A100475SievePart27.lean,General / shared,4478,"Email supplement received 06:19:17 CEST, after cutoff; distinct from on-time PDF | email ZIP",https://mail.google.com/mail/u/0/#all/1a0fffd2419ec392,,contestants/E02/13-archives/Math_Competition_Completed_Results_Submission_Bundle.zip,Math_Competition_Completed_Results_Submission/Reproduction_Sources/a100475/A100475SievePart27.lean,,f42e288e,Filename/path inference; editable in the app
350854,Reproduction_Sources/a100475/A100475SievePart28.lean,General / shared,4478,"Email supplement received 06:19:17 CEST, after cutoff; distinct from on-time PDF | email ZIP",https://mail.google.com/mail/u/0/#all/1a0fffd2419ec392,,contestants/E02/13-archives/Math_Competition_Completed_Results_Submission_Bundle.zip,Math_Competition_Completed_Results_Submission/Reproduction_Sources/a100475/A100475SievePart28.lean,,b11c9853,Filename/path inference; editable in the app
350855,Reproduction_Sources/a100475/A100475SievePart29.lean,General / shared,4480,"Email supplement received 06:19:17 CEST, after cutoff; distinct from on-time PDF | email ZIP",https://mail.google.com/mail/u/0/#all/1a0fffd2419ec392,,contestants/E02/13-archives/Math_Competition_Completed_Results_Submission_Bundle.zip,Math_Competition_Completed_Results_Submission/Reproduction_Sources/a100475/A100475SievePart29.lean,,82eddbbf,Filename/path inference; editable in the app
350856,Reproduction_Sources/a100475/A100475SievePart30.lean,General / shared,4478,"Email supplement received 06:19:17 CEST, after cutoff; distinct from on-time PDF | email ZIP",https://mail.google.com/mail/u/0/#all/1a0fffd2419ec392,,contestants/E02/13-archives/Math_Competition_Completed_Results_Submission_Bundle.zip,Math_Competition_Completed_Results_Submission/Reproduction_Sources/a100475/A100475SievePart30.lean,,f50d70ee,Filename/path inference; editable in the app
350857,Reproduction_Sources/a100475/A100475SievePart31.lean,General / shared,4476,"Email supplement received 06:19:17 CEST, after cutoff; distinct from on-time PDF | email ZIP",https://mail.google.com/mail/u/0/#all/1a0fffd2419ec392,,contestants/E02/13-archives/Math_Competition_Completed_Results_Submission_Bundle.zip,Math_Competition_Completed_Results_Submission/Reproduction_Sources/a100475/A100475SievePart31.lean,,f9d85180,Filename/path inference; editable in the app
350858,Reproduction_Sources/a100475/A100475SievePart32.lean,General / shared,4478,"Email supplement received 06:19:17 CEST, after cutoff; distinct from on-time PDF | email ZIP",https://mail.google.com/mail/u/0/#all/1a0fffd2419ec392,,contestants/E02/13-archives/Math_Competition_Completed_Results_Submission_Bundle.zip,Math_Competition_Completed_Results_Submission/Reproduction_Sources/a100475/A100475SievePart32.lean,,7a4b0c7a,Filename/path inference; editable in the app
350859,Reproduction_Sources/a100475/A100475SievePart33.lean,General / shared,4474,"Email supplement received 06:19:17 CEST, after cutoff; distinct from on-time PDF | email ZIP",https://mail.google.com/mail/u/0/#all/1a0fffd2419ec392,,contestants/E02/13-archives/Math_Competition_Completed_Results_Submission_Bundle.zip,Math_Competition_Completed_Results_Submission/Reproduction_Sources/a100475/A100475SievePart33.lean,,085db823,Filename/path inference; editable in the app
350860,Reproduction_Sources/a100475/A100475SievePart34.lean,General / shared,4474,"Email supplement received 06:19:17 CEST, after cutoff; distinct from on-time PDF | email ZIP",https://mail.google.com/mail/u/0/#all/1a0fffd2419ec392,,contestants/E02/13-archives/Math_Competition_Completed_Results_Submission_Bundle.zip,Math_Competition_Completed_Results_Submission/Reproduction_Sources/a100475/A100475SievePart34.lean,,e985c6bb,Filename/path inference; editable in the app
350861,Reproduction_Sources/a100475/A100475SievePart35.lean,General / shared,4482,"Email supplement received 06:19:17 CEST, after cutoff; distinct from on-time PDF | email ZIP",https://mail.google.com/mail/u/0/#all/1a0fffd2419ec392,,contestants/E02/13-archives/Math_Competition_Completed_Results_Submission_Bundle.zip,Math_Competition_Completed_Results_Submission/Reproduction_Sources/a100475/A100475SievePart35.lean,,1d737429,Filename/path inference; editable in the app
350862,Reproduction_Sources/a100475/A100475SievePart36.lean,General / shared,4478,"Email supplement received 06:19:17 CEST, after cutoff; distinct from on-time PDF | email ZIP",https://mail.google.com/mail/u/0/#all/1a0fffd2419ec392,,contestants/E02/13-archives/Math_Competition_Completed_Results_Submission_Bundle.zip,Math_Competition_Completed_Results_Submission/Reproduction_Sources/a100475/A100475SievePart36.lean,,4288dc61,Filename/path inference; editable in the app
350863,Reproduction_Sources/a100475/A100475SievePart37.lean,General / shared,4482,"Email supplement received 06:19:17 CEST, after cutoff; distinct from on-time PDF | email ZIP",https://mail.google.com/mail/u/0/#all/1a0fffd2419ec392,,contestants/E02/13-archives/Math_Competition_Completed_Results_Submission_Bundle.zip,Math_Competition_Completed_Results_Submission/Reproduction_Sources/a100475/A100475SievePart37.lean,,cde3d1f6,Filename/path inference; editable in the app
350864,Reproduction_Sources/a100475/A100475SievePart38.lean,General / shared,4482,"Email supplement received 06:19:17 CEST, after cutoff; distinct from on-time PDF | email ZIP",https://mail.google.com/mail/u/0/#all/1a0fffd2419ec392,,contestants/E02/13-archives/Math_Competition_Completed_Results_Submission_Bundle.zip,Math_Competition_Completed_Results_Submission/Reproduction_Sources/a100475/A100475SievePart38.lean,,6e60e9ed,Filename/path inference; editable in the app
350865,Reproduction_Sources/a100475/A100475SievePart39.lean,General / shared,4474,"Email supplement received 06:19:17 CEST, after cutoff; distinct from on-time PDF | email ZIP",https://mail.google.com/mail/u/0/#all/1a0fffd2419ec392,,contestants/E02/13-archives/Math_Competition_Completed_Results_Submission_Bundle.zip,Math_Competition_Completed_Results_Submission/Reproduction_Sources/a100475/A100475SievePart39.lean,,4795bc33,Filename/path inference; editable in the app
350866,Reproduction_Sources/a100475/A100475SievePart40.lean,General / shared,4482,"Email supplement received 06:19:17 CEST, after cutoff; distinct from on-time PDF | email ZIP",https://mail.google.com/mail/u/0/#all/1a0fffd2419ec392,,contestants/E02/13-archives/Math_Competition_Completed_Results_Submission_Bundle.zip,Math_Competition_Completed_Results_Submission/Reproduction_Sources/a100475/A100475SievePart40.lean,,0244846b,Filename/path inference; editable in the app
350867,Reproduction_Sources/a100475/A100475SievePart41.lean,General / shared,4478,"Email supplement received 06:19:17 CEST, after cutoff; distinct from on-time PDF | email ZIP",https://mail.google.com/mail/u/0/#all/1a0fffd2419ec392,,contestants/E02/13-archives/Math_Competition_Completed_Results_Submission_Bundle.zip,Math_Competition_Completed_Results_Submission/Reproduction_Sources/a100475/A100475SievePart41.lean,,dd401ca4,Filename/path inference; editable in the app
350868,Reproduction_Sources/a100475/A100475SievePart42.lean,General / shared,4482,"Email supplement received 06:19:17 CEST, after cutoff; distinct from on-time PDF | email ZIP",https://mail.google.com/mail/u/0/#all/1a0fffd2419ec392,,contestants/E02/13-archives/Math_Competition_Completed_Results_Submission_Bundle.zip,Math_Competition_Completed_Results_Submission/Reproduction_Sources/a100475/A100475SievePart42.lean,,8bbd3e9b,Filename/path inference; editable in the app
350869,Reproduction_Sources/a100475/A100475SievePart43.lean,General / shared,4478,"Email supplement received 06:19:17 CEST, after cutoff; distinct from on-time PDF | email ZIP",https://mail.google.com/mail/u/0/#all/1a0fffd2419ec392,,contestants/E02/13-archives/Math_Competition_Completed_Results_Submission_Bundle.zip,Math_Competition_Completed_Results_Submission/Reproduction_Sources/a100475/A100475SievePart43.lean,,5426cb49,Filename/path inference; editable in the app
350870,Reproduction_Sources/a100475/A100475SievePart44.lean,General / shared,4482,"Email supplement received 06:19:17 CEST, after cutoff; distinct from on-time PDF | email ZIP",https://mail.google.com/mail/u/0/#all/1a0fffd2419ec392,,contestants/E02/13-archives/Math_Competition_Completed_Results_Submission_Bundle.zip,Math_Competition_Completed_Results_Submission/Reproduction_Sources/a100475/A100475SievePart44.lean,,5f4ebf18,Filename/path inference; editable in the app
350871,Reproduction_Sources/a100475/A100475SievePart45.lean,General / shared,4478,"Email supplement received 06:19:17 CEST, after cutoff; distinct from on-time PDF | email ZIP",https://mail.google.com/mail/u/0/#all/1a0fffd2419ec392,,contestants/E02/13-archives/Math_Competition_Completed_Results_Submission_Bundle.zip,Math_Competition_Completed_Results_Submission/Reproduction_Sources/a100475/A100475SievePart45.lean,,f8d5f0b6,Filename/path inference; editable in the app
350872,Reproduction_Sources/a100475/A100475SievePart46.lean,General / shared,4482,"Email supplement received 06:19:17 CEST, after cutoff; distinct from on-time PDF | email ZIP",https://mail.google.com/mail/u/0/#all/1a0fffd2419ec392,,contestants/E02/13-archives/Math_Competition_Completed_Results_Submission_Bundle.zip,Math_Competition_Completed_Results_Submission/Reproduction_Sources/a100475/A100475SievePart46.lean,,105d242b,Filename/path inference; editable in the app
350873,Reproduction_Sources/a100475/A100475SievePart47.lean,General / shared,4482,"Email supplement received 06:19:17 CEST, after cutoff; distinct from on-time PDF | email ZIP",https://mail.google.com/mail/u/0/#all/1a0fffd2419ec392,,contestants/E02/13-archives/Math_Competition_Completed_Results_Submission_Bundle.zip,Math_Competition_Completed_Results_Submission/Reproduction_Sources/a100475/A100475SievePart47.lean,,843e3b52,Filename/path inference; editable in the app
350874,Reproduction_Sources/a100475/A100475SievePart48.lean,General / shared,4484,"Email supplement received 06:19:17 CEST, after cutoff; distinct from on-time PDF | email ZIP",https://mail.google.com/mail/u/0/#all/1a0fffd2419ec392,,contestants/E02/13-archives/Math_Competition_Completed_Results_Submission_Bundle.zip,Math_Competition_Completed_Results_Submission/Reproduction_Sources/a100475/A100475SievePart48.lean,,36a488e1,Filename/path inference; editable in the app
350875,Reproduction_Sources/a100475/A100475SievePart49.lean,General / shared,4480,"Email supplement received 06:19:17 CEST, after cutoff; distinct from on-time PDF | email ZIP",https://mail.google.com/mail/u/0/#all/1a0fffd2419ec392,,contestants/E02/13-archives/Math_Competition_Completed_Results_Submission_Bundle.zip,Math_Competition_Completed_Results_Submission/Reproduction_Sources/a100475/A100475SievePart49.lean,,c1ceb63f,Filename/path inference; editable in the app
350876,Reproduction_Sources/a100475/A100475SievePart50.lean,General / shared,4480,"Email supplement received 06:19:17 CEST, after cutoff; distinct from on-time PDF | email ZIP",https://mail.google.com/mail/u/0/#all/1a0fffd2419ec392,,contestants/E02/13-archives/Math_Competition_Completed_Results_Submission_Bundle.zip,Math_Competition_Completed_Results_Submission/Reproduction_Sources/a100475/A100475SievePart50.lean,,c336420f,Filename/path inference; editable in the app
350877,Reproduction_Sources/a100475/A100475SievePart51.lean,General / shared,4480,"Email supplement received 06:19:17 CEST, after cutoff; distinct from on-time PDF | email ZIP",https://mail.google.com/mail/u/0/#all/1a0fffd2419ec392,,contestants/E02/13-archives/Math_Competition_Completed_Results_Submission_Bundle.zip,Math_Competition_Completed_Results_Submission/Reproduction_Sources/a100475/A100475SievePart51.lean,,e1081afe,Filename/path inference; editable in the app
350878,Reproduction_Sources/a100475/A100475SievePart52.lean,General / shared,4474,"Email supplement received 06:19:17 CEST, after cutoff; distinct from on-time PDF | email ZIP",https://mail.google.com/mail/u/0/#all/1a0fffd2419ec392,,contestants/E02/13-archives/Math_Competition_Completed_Results_Submission_Bundle.zip,Math_Competition_Completed_Results_Submission/Reproduction_Sources/a100475/A100475SievePart52.lean,,192e0e37,Filename/path inference; editable in the app
350879,Reproduction_Sources/a100475/A100475SievePart53.lean,General / shared,4486,"Email supplement received 06:19:17 CEST, after cutoff; distinct from on-time PDF | email ZIP",https://mail.google.com/mail/u/0/#all/1a0fffd2419ec392,,contestants/E02/13-archives/Math_Competition_Completed_Results_Submission_Bundle.zip,Math_Competition_Completed_Results_Submission/Reproduction_Sources/a100475/A100475SievePart53.lean,,8f1eb206,Filename/path inference; editable in the app
350880,Reproduction_Sources/a100475/A100475SievePart54.lean,General / shared,4484,"Email supplement received 06:19:17 CEST, after cutoff; distinct from on-time PDF | email ZIP",https://mail.google.com/mail/u/0/#all/1a0fffd2419ec392,,contestants/E02/13-archives/Math_Competition_Completed_Results_Submission_Bundle.zip,Math_Competition_Completed_Results_Submission/Reproduction_Sources/a100475/A100475SievePart54.lean,,a6e9d438,Filename/path inference; editable in the app
350881,Reproduction_Sources/a100475/A100475SievePart55.lean,General / shared,4476,"Email supplement received 06:19:17 CEST, after cutoff; distinct from on-time PDF | email ZIP",https://mail.google.com/mail/u/0/#all/1a0fffd2419ec392,,contestants/E02/13-archives/Math_Competition_Completed_Results_Submission_Bundle.zip,Math_Competition_Completed_Results_Submission/Reproduction_Sources/a100475/A100475SievePart55.lean,,1d66cee6,Filename/path inference; editable in the app
350882,Reproduction_Sources/a100475/A100475SievePart56.lean,General / shared,4486,"Email supplement received 06:19:17 CEST, after cutoff; distinct from on-time PDF | email ZIP",https://mail.google.com/mail/u/0/#all/1a0fffd2419ec392,,contestants/E02/13-archives/Math_Competition_Completed_Results_Submission_Bundle.zip,Math_Competition_Completed_Results_Submission/Reproduction_Sources/a100475/A100475SievePart56.lean,,753c67a9,Filename/path inference; editable in the app
350883,Reproduction_Sources/a100475/A100475SievePart57.lean,General / shared,4480,"Email supplement received 06:19:17 CEST, after cutoff; distinct from on-time PDF | email ZIP",https://mail.google.com/mail/u/0/#all/1a0fffd2419ec392,,contestants/E02/13-archives/Math_Competition_Completed_Results_Submission_Bundle.zip,Math_Competition_Completed_Results_Submission/Reproduction_Sources/a100475/A100475SievePart57.lean,,6b787d21,Filename/path inference; editable in the app
350884,Reproduction_Sources/a100475/A100475SievePart58.lean,General / shared,4474,"Email supplement received 06:19:17 CEST, after cutoff; distinct from on-time PDF | email ZIP",https://mail.google.com/mail/u/0/#all/1a0fffd2419ec392,,contestants/E02/13-archives/Math_Competition_Completed_Results_Submission_Bundle.zip,Math_Competition_Completed_Results_Submission/Reproduction_Sources/a100475/A100475SievePart58.lean,,5b6fd705,Filename/path inference; editable in the app
350885,Reproduction_Sources/a100475/A100475SievePart59.lean,General / shared,4480,"Email supplement received 06:19:17 CEST, after cutoff; distinct from on-time PDF | email ZIP",https://mail.google.com/mail/u/0/#all/1a0fffd2419ec392,,contestants/E02/13-archives/Math_Competition_Completed_Results_Submission_Bundle.zip,Math_Competition_Completed_Results_Submission/Reproduction_Sources/a100475/A100475SievePart59.lean,,fbef5b3e,Filename/path inference; editable in the app
350886,Reproduction_Sources/a100475/A100475SievePart60.lean,General / shared,4480,"Email supplement received 06:19:17 CEST, after cutoff; distinct from on-time PDF | email ZIP",https://mail.google.com/mail/u/0/#all/1a0fffd2419ec392,,contestants/E02/13-archives/Math_Competition_Completed_Results_Submission_Bundle.zip,Math_Competition_Completed_Results_Submission/Reproduction_Sources/a100475/A100475SievePart60.lean,,4a64a89f,Filename/path inference; editable in the app
350887,Reproduction_Sources/a100475/A100475SievePart61.lean,General / shared,4476,"Email supplement received 06:19:17 CEST, after cutoff; distinct from on-time PDF | email ZIP",https://mail.google.com/mail/u/0/#all/1a0fffd2419ec392,,contestants/E02/13-archives/Math_Competition_Completed_Results_Submission_Bundle.zip,Math_Competition_Completed_Results_Submission/Reproduction_Sources/a100475/A100475SievePart61.lean,,307e692e,Filename/path inference; editable in the app
350888,Reproduction_Sources/a100475/A100475SievePart62.lean,General / shared,848,"Email supplement received 06:19:17 CEST, after cutoff; distinct from on-time PDF | email ZIP",https://mail.google.com/mail/u/0/#all/1a0fffd2419ec392,,contestants/E02/13-archives/Math_Competition_Completed_Results_Submission_Bundle.zip,Math_Competition_Completed_Results_Submission/Reproduction_Sources/a100475/A100475SievePart62.lean,,bafc2b35,Filename/path inference; editable in the app
350889,Reproduction_Sources/a100475/A100475Small.lean,General / shared,4918,"Email supplement received 06:19:17 CEST, after cutoff; distinct from on-time PDF | email ZIP",https://mail.google.com/mail/u/0/#all/1a0fffd2419ec392,,contestants/E02/13-archives/Math_Competition_Completed_Results_Submission_Bundle.zip,Math_Competition_Completed_Results_Submission/Reproduction_Sources/a100475/A100475Small.lean,,f180390d,Filename/path inference; editable in the app
350890,Reproduction_Sources/a100475/A100475Transitions.lean,General / shared,8267,"Email supplement received 06:19:17 CEST, after cutoff; distinct from on-time PDF | email ZIP",https://mail.google.com/mail/u/0/#all/1a0fffd2419ec392,,contestants/E02/13-archives/Math_Competition_Completed_Results_Submission_Bundle.zip,Math_Competition_Completed_Results_Submission/Reproduction_Sources/a100475/A100475Transitions.lean,,5156e146,Filename/path inference; editable in the app
350894,Reproduction_Sources/a135508/A135508.lean,General / shared,6550,"Email supplement received 06:19:17 CEST, after cutoff; distinct from on-time PDF | email ZIP",https://mail.google.com/mail/u/0/#all/1a0fffd2419ec392,,contestants/E02/13-archives/Math_Competition_Completed_Results_Submission_Bundle.zip,Math_Competition_Completed_Results_Submission/Reproduction_Sources/a135508/A135508.lean,,81ae163c,Filename/path inference; editable in the app
350898,Reproduction_Sources/apery-odd/OpHack/AperyPrimePower/BinaryPower.lean,General / shared,6439,"Email supplement received 06:19:17 CEST, after cutoff; distinct from on-time PDF | email ZIP",https://mail.google.com/mail/u/0/#all/1a0fffd2419ec392,,contestants/E02/13-archives/Math_Competition_Completed_Results_Submission_Bundle.zip,Math_Competition_Completed_Results_Submission/Reproduction_Sources/apery-odd/OpHack/AperyPrimePower/BinaryPower.lean,,7f37dcb0,Filename/path inference; editable in the app
350899,Reproduction_Sources/apery-odd/OpHack/AperyPrimePower/Coefficients.lean,General / shared,7964,"Email supplement received 06:19:17 CEST, after cutoff; distinct from on-time PDF | email ZIP",https://mail.google.com/mail/u/0/#all/1a0fffd2419ec392,,contestants/E02/13-archives/Math_Competition_Completed_Results_Submission_Bundle.zip,Math_Competition_Completed_Results_Submission/Reproduction_Sources/apery-odd/OpHack/AperyPrimePower/Coefficients.lean,,7c38eeb8,Filename/path inference; editable in the app
350900,Reproduction_Sources/apery-odd/OpHack/AperyPrimePower/Eisenstein.lean,General / shared,2611,"Email supplement received 06:19:17 CEST, after cutoff; distinct from on-time PDF | email ZIP",https://mail.google.com/mail/u/0/#all/1a0fffd2419ec392,,contestants/E02/13-archives/Math_Competition_Completed_Results_Submission_Bundle.zip,Math_Competition_Completed_Results_Submission/Reproduction_Sources/apery-odd/OpHack/AperyPrimePower/Eisenstein.lean,,ee47cdff,Filename/path inference; editable in the app
350901,Reproduction_Sources/apery-odd/OpHack/AperyPrimePower/OddPrimePower.lean,General / shared,9810,"Email supplement received 06:19:17 CEST, after cutoff; distinct from on-time PDF | email ZIP",https://mail.google.com/mail/u/0/#all/1a0fffd2419ec392,,contestants/E02/13-archives/Math_Competition_Completed_Results_Submission_Bundle.zip,Math_Competition_Completed_Results_Submission/Reproduction_Sources/apery-odd/OpHack/AperyPrimePower/OddPrimePower.lean,,78ec7ea4,Filename/path inference; editable in the app
350902,Reproduction_Sources/apery-odd/OpHack/AperyPrimePower/Target5258.lean,General / shared,1620,"Email supplement received 06:19:17 CEST, after cutoff; distinct from on-time PDF | email ZIP",https://mail.google.com/mail/u/0/#all/1a0fffd2419ec392,,contestants/E02/13-archives/Math_Competition_Completed_Results_Submission_Bundle.zip,Math_Competition_Completed_Results_Submission/Reproduction_Sources/apery-odd/OpHack/AperyPrimePower/Target5258.lean,,82728d14,Filename/path inference; editable in the app
350903,Reproduction_Sources/apery-odd/OpHack/AperyPrimePower/ThreePower.lean,General / shared,1547,"Email supplement received 06:19:17 CEST, after cutoff; distinct from on-time PDF | email ZIP",https://mail.google.com/mail/u/0/#all/1a0fffd2419ec392,,contestants/E02/13-archives/Math_Competition_Completed_Results_Submission_Bundle.zip,Math_Competition_Completed_Results_Submission/Reproduction_Sources/apery-odd/OpHack/AperyPrimePower/ThreePower.lean,,a1c442d4,Filename/path inference; editable in the app
350904,Reproduction_Sources/apery-odd/OpHack/AperyPrimePower/Translation.lean,General / shared,6690,"Email supplement received 06:19:17 CEST, after cutoff; distinct from on-time PDF | email ZIP",https://mail.google.com/mail/u/0/#all/1a0fffd2419ec392,,contestants/E02/13-archives/Math_Competition_Completed_Results_Submission_Bundle.zip,Math_Competition_Completed_Results_Submission/Reproduction_Sources/apery-odd/OpHack/AperyPrimePower/Translation.lean,,ebc19ef8,Filename/path inference; editable in the app
350916,Reproduction_Sources/erdos1060-uniform-partial/src/AsymptoticBridge.lean,Other formal mathematics,8085,"Email supplement received 06:19:17 CEST, after cutoff; distinct from on-time PDF | email ZIP",https://mail.google.com/mail/u/0/#all/1a0fffd2419ec392,,contestants/E02/13-archives/Math_Competition_Completed_Results_Submission_Bundle.zip,Math_Competition_Completed_Results_Submission/Reproduction_Sources/erdos1060-uniform-partial/src/AsymptoticBridge.lean,,c2a9464f,Filename/path inference; editable in the app
350917,Reproduction_Sources/erdos1060-uniform-partial/src/EntropyConversion.lean,Other formal mathematics,2608,"Email supplement received 06:19:17 CEST, after cutoff; distinct from on-time PDF | email ZIP",https://mail.google.com/mail/u/0/#all/1a0fffd2419ec392,,contestants/E02/13-archives/Math_Competition_Completed_Results_Submission_Bundle.zip,Math_Competition_Completed_Results_Submission/Reproduction_Sources/erdos1060-uniform-partial/src/EntropyConversion.lean,,c09389f4,Filename/path inference; editable in the app
350918,Reproduction_Sources/erdos1060-uniform-partial/src/SigmaCanonicalCount.lean,Other formal mathematics,1087,"Email supplement received 06:19:17 CEST, after cutoff; distinct from on-time PDF | email ZIP",https://mail.google.com/mail/u/0/#all/1a0fffd2419ec392,,contestants/E02/13-archives/Math_Competition_Completed_Results_Submission_Bundle.zip,Math_Competition_Completed_Results_Submission/Reproduction_Sources/erdos1060-uniform-partial/src/SigmaCanonicalCount.lean,,d43f28dd,Filename/path inference; editable in the app
350919,Reproduction_Sources/erdos1060-uniform-partial/src/SigmaCoreInjection.lean,Other formal mathematics,14847,"Email supplement received 06:19:17 CEST, after cutoff; distinct from on-time PDF | email ZIP",https://mail.google.com/mail/u/0/#all/1a0fffd2419ec392,,contestants/E02/13-archives/Math_Competition_Completed_Results_Submission_Bundle.zip,Math_Competition_Completed_Results_Submission/Reproduction_Sources/erdos1060-uniform-partial/src/SigmaCoreInjection.lean,,14bb2d20,Filename/path inference; editable in the app
350920,Reproduction_Sources/erdos1060-uniform-partial/src/SigmaFiberAsymptotic.lean,Other formal mathematics,2597,"Email supplement received 06:19:17 CEST, after cutoff; distinct from on-time PDF | email ZIP",https://mail.google.com/mail/u/0/#all/1a0fffd2419ec392,,contestants/E02/13-archives/Math_Competition_Completed_Results_Submission_Bundle.zip,Math_Competition_Completed_Results_Submission/Reproduction_Sources/erdos1060-uniform-partial/src/SigmaFiberAsymptotic.lean,,016156bb,Filename/path inference; editable in the app
350921,Reproduction_Sources/erdos1060-uniform-partial/src/SigmaFiberEntropy.lean,Other formal mathematics,3518,"Email supplement received 06:19:17 CEST, after cutoff; distinct from on-time PDF | email ZIP",https://mail.google.com/mail/u/0/#all/1a0fffd2419ec392,,contestants/E02/13-archives/Math_Competition_Completed_Results_Submission_Bundle.zip,Math_Competition_Completed_Results_Submission/Reproduction_Sources/erdos1060-uniform-partial/src/SigmaFiberEntropy.lean,,a861e6c0,Filename/path inference; editable in the app
350922,Reproduction_Sources/erdos1060-uniform-partial/src/SigmaLogBudgets.lean,Other formal mathematics,6342,"Email supplement received 06:19:17 CEST, after cutoff; distinct from on-time PDF | email ZIP",https://mail.google.com/mail/u/0/#all/1a0fffd2419ec392,,contestants/E02/13-archives/Math_Competition_Completed_Results_Submission_Bundle.zip,Math_Competition_Completed_Results_Submission/Reproduction_Sources/erdos1060-uniform-partial/src/SigmaLogBudgets.lean,,cd2e8d46,Filename/path inference; editable in the app
350923,Reproduction_Sources/erdos1060-uniform-partial/src/SquarefreeSigmaInjection.lean,Other formal mathematics,6915,"Email supplement received 06:19:17 CEST, after cutoff; distinct from on-time PDF | email ZIP",https://mail.google.com/mail/u/0/#all/1a0fffd2419ec392,,contestants/E02/13-archives/Math_Competition_Completed_Results_Submission_Bundle.zip,Math_Competition_Completed_Results_Submission/Reproduction_Sources/erdos1060-uniform-partial/src/SquarefreeSigmaInjection.lean,,25cab65d,Filename/path inference; editable in the app
350924,Reproduction_Sources/erdos1060-uniform-partial/src/WeightedCoreBound.lean,Other formal mathematics,9115,"Email supplement received 06:19:17 CEST, after cutoff; distinct from on-time PDF | email ZIP",https://mail.google.com/mail/u/0/#all/1a0fffd2419ec392,,contestants/E02/13-archives/Math_Competition_Completed_Results_Submission_Bundle.zip,Math_Competition_Completed_Results_Submission/Reproduction_Sources/erdos1060-uniform-partial/src/WeightedCoreBound.lean,,b2f3383c,Filename/path inference; editable in the app
350925,Reproduction_Sources/erdos1060-uniform-partial/src/WeightedCutoff.lean,Other formal mathematics,4340,"Email supplement received 06:19:17 CEST, after cutoff; distinct from on-time PDF | email ZIP",https://mail.google.com/mail/u/0/#all/1a0fffd2419ec392,,contestants/E02/13-archives/Math_Competition_Completed_Results_Submission_Bundle.zip,Math_Competition_Completed_Results_Submission/Reproduction_Sources/erdos1060-uniform-partial/src/WeightedCutoff.lean,,2132e54b,Filename/path inference; editable in the app
350926,Reproduction_Sources/erdos169-fourap/OpHack/BaseDigitAP.lean,Other formal mathematics,2338,"Email supplement received 06:19:17 CEST, after cutoff; distinct from on-time PDF | email ZIP",https://mail.google.com/mail/u/0/#all/1a0fffd2419ec392,,contestants/E02/13-archives/Math_Competition_Completed_Results_Submission_Bundle.zip,Math_Competition_Completed_Results_Submission/Reproduction_Sources/erdos169-fourap/OpHack/BaseDigitAP.lean,,6d2ee8ea,Filename/path inference; editable in the app
350927,Reproduction_Sources/erdos169-fourap/OpHack/DigitCounting.lean,Other formal mathematics,20723,"Email supplement received 06:19:17 CEST, after cutoff; distinct from on-time PDF | email ZIP",https://mail.google.com/mail/u/0/#all/1a0fffd2419ec392,,contestants/E02/13-archives/Math_Competition_Completed_Results_Submission_Bundle.zip,Math_Competition_Completed_Results_Submission/Reproduction_Sources/erdos169-fourap/OpHack/DigitCounting.lean,,28a85651,Filename/path inference; editable in the app
350928,Reproduction_Sources/erdos169-fourap/OpHack/DigitDescent.lean,Other formal mathematics,2110,"Email supplement received 06:19:17 CEST, after cutoff; distinct from on-time PDF | email ZIP",https://mail.google.com/mail/u/0/#all/1a0fffd2419ec392,,contestants/E02/13-archives/Math_Competition_Completed_Results_Submission_Bundle.zip,Math_Competition_Completed_Results_Submission/Reproduction_Sources/erdos169-fourap/OpHack/DigitDescent.lean,,f289a5d8,Filename/path inference; editable in the app
350929,Reproduction_Sources/erdos169-fourap/OpHack/ErdosSingletonFinite.lean,Other formal mathematics,3095,"Email supplement received 06:19:17 CEST, after cutoff; distinct from on-time PDF | email ZIP",https://mail.google.com/mail/u/0/#all/1a0fffd2419ec392,,contestants/E02/13-archives/Math_Competition_Completed_Results_Submission_Bundle.zip,Math_Competition_Completed_Results_Submission/Reproduction_Sources/erdos169-fourap/OpHack/ErdosSingletonFinite.lean,,15bfc724,Filename/path inference; editable in the app
350930,Reproduction_Sources/erdos169-fourap/OpHack/ErdosSixFinite.lean,Other formal mathematics,4176,"Email supplement received 06:19:17 CEST, after cutoff; distinct from on-time PDF | email ZIP",https://mail.google.com/mail/u/0/#all/1a0fffd2419ec392,,contestants/E02/13-archives/Math_Competition_Completed_Results_Submission_Bundle.zip,Math_Competition_Completed_Results_Submission/Reproduction_Sources/erdos169-fourap/OpHack/ErdosSixFinite.lean,,4634d47e,Filename/path inference; editable in the app
350931,Reproduction_Sources/erdos169-fourap/OpHack/FiniteHarmonicMean.lean,Erdos 3,1966,"Email supplement received 06:19:17 CEST, after cutoff; distinct from on-time PDF | email ZIP",https://mail.google.com/mail/u/0/#all/1a0fffd2419ec392,,contestants/E02/13-archives/Math_Competition_Completed_Results_Submission_Bundle.zip,Math_Competition_Completed_Results_Submission/Reproduction_Sources/erdos169-fourap/OpHack/FiniteHarmonicMean.lean,,9137a7f3,Filename/path inference; editable in the app
350932,Reproduction_Sources/erdos169-fourap/OpHack/FloorBounds.lean,Other formal mathematics,1202,"Email supplement received 06:19:17 CEST, after cutoff; distinct from on-time PDF | email ZIP",https://mail.google.com/mail/u/0/#all/1a0fffd2419ec392,,contestants/E02/13-archives/Math_Competition_Completed_Results_Submission_Bundle.zip,Math_Competition_Completed_Results_Submission/Reproduction_Sources/erdos169-fourap/OpHack/FloorBounds.lean,,b5d563ab,Filename/path inference; editable in the app
350933,Reproduction_Sources/erdos169-fourap/OpHack/HarmonicCertificate.lean,Erdos 3,1632,"Email supplement received 06:19:17 CEST, after cutoff; distinct from on-time PDF | email ZIP",https://mail.google.com/mail/u/0/#all/1a0fffd2419ec392,,contestants/E02/13-archives/Math_Competition_Completed_Results_Submission_Bundle.zip,Math_Competition_Completed_Results_Submission/Reproduction_Sources/erdos169-fourap/OpHack/HarmonicCertificate.lean,,5837a8ee,Filename/path inference; editable in the app
350934,Reproduction_Sources/erdos169-fourap/OpHack/MainResult.lean,Other formal mathematics,889,"Email supplement received 06:19:17 CEST, after cutoff; distinct from on-time PDF | email ZIP",https://mail.google.com/mail/u/0/#all/1a0fffd2419ec392,,contestants/E02/13-archives/Math_Competition_Completed_Results_Submission_Bundle.zip,Math_Competition_Completed_Results_Submission/Reproduction_Sources/erdos169-fourap/OpHack/MainResult.lean,,b11e9cd5,Filename/path inference; editable in the app
350935,Reproduction_Sources/erdos169-fourap/OpHack/OldThreeModular.lean,Other formal mathematics,1820,"Email supplement received 06:19:17 CEST, after cutoff; distinct from on-time PDF | email ZIP",https://mail.google.com/mail/u/0/#all/1a0fffd2419ec392,,contestants/E02/13-archives/Math_Competition_Completed_Results_Submission_Bundle.zip,Math_Competition_Completed_Results_Submission/Reproduction_Sources/erdos169-fourap/OpHack/OldThreeModular.lean,,af3389d0,Filename/path inference; editable in the app
350936,Reproduction_Sources/erdos169-fourap/OpHack/ReciprocalBlocks.lean,Erdos 3,1919,"Email supplement received 06:19:17 CEST, after cutoff; distinct from on-time PDF | email ZIP",https://mail.google.com/mail/u/0/#all/1a0fffd2419ec392,,contestants/E02/13-archives/Math_Competition_Completed_Results_Submission_Bundle.zip,Math_Competition_Completed_Results_Submission/Reproduction_Sources/erdos169-fourap/OpHack/ReciprocalBlocks.lean,,f734fe16,Filename/path inference; editable in the app
350937,Reproduction_Sources/erdos169-fourap/OpHack/ResidueFibre.lean,Other formal mathematics,1982,"Email supplement received 06:19:17 CEST, after cutoff; distinct from on-time PDF | email ZIP",https://mail.google.com/mail/u/0/#all/1a0fffd2419ec392,,contestants/E02/13-archives/Math_Competition_Completed_Results_Submission_Bundle.zip,Math_Competition_Completed_Results_Submission/Reproduction_Sources/erdos169-fourap/OpHack/ResidueFibre.lean,,35c4b67d,Filename/path inference; editable in the app
350938,Reproduction_Sources/erdos169-fourap/OpHack/SixFibreAP.lean,Other formal mathematics,5998,"Email supplement received 06:19:17 CEST, after cutoff; distinct from on-time PDF | email ZIP",https://mail.google.com/mail/u/0/#all/1a0fffd2419ec392,,contestants/E02/13-archives/Math_Competition_Completed_Results_Submission_Bundle.zip,Math_Competition_Completed_Results_Submission/Reproduction_Sources/erdos169-fourap/OpHack/SixFibreAP.lean,,9250335e,Filename/path inference; editable in the app
350939,Reproduction_Sources/erdos169-fourap/OpHack/SixFinalAP.lean,Other formal mathematics,458,"Email supplement received 06:19:17 CEST, after cutoff; distinct from on-time PDF | email ZIP",https://mail.google.com/mail/u/0/#all/1a0fffd2419ec392,,contestants/E02/13-archives/Math_Competition_Completed_Results_Submission_Bundle.zip,Math_Competition_Completed_Results_Submission/Reproduction_Sources/erdos169-fourap/OpHack/SixFinalAP.lean,,4eefc4f0,Filename/path inference; editable in the app
350940,Reproduction_Sources/erdos169-fourap/OpHack/SixFinalReciprocal.lean,Erdos 3,2673,"Email supplement received 06:19:17 CEST, after cutoff; distinct from on-time PDF | email ZIP",https://mail.google.com/mail/u/0/#all/1a0fffd2419ec392,,contestants/E02/13-archives/Math_Competition_Completed_Results_Submission_Bundle.zip,Math_Competition_Completed_Results_Submission/Reproduction_Sources/erdos169-fourap/OpHack/SixFinalReciprocal.lean,,2bcbabe0,Filename/path inference; editable in the app
350941,Reproduction_Sources/erdos169-fourap/OpHack/SixFloorBridge.lean,Other formal mathematics,6475,"Email supplement received 06:19:17 CEST, after cutoff; distinct from on-time PDF | email ZIP",https://mail.google.com/mail/u/0/#all/1a0fffd2419ec392,,contestants/E02/13-archives/Math_Competition_Completed_Results_Submission_Bundle.zip,Math_Competition_Completed_Results_Submission/Reproduction_Sources/erdos169-fourap/OpHack/SixFloorBridge.lean,,b7e8c182,Filename/path inference; editable in the app
350942,Reproduction_Sources/erdos169-fourap/OpHack/SixHarmonicAggregation.lean,Erdos 3,12672,"Email supplement received 06:19:17 CEST, after cutoff; distinct from on-time PDF | email ZIP",https://mail.google.com/mail/u/0/#all/1a0fffd2419ec392,,contestants/E02/13-archives/Math_Competition_Completed_Results_Submission_Bundle.zip,Math_Competition_Completed_Results_Submission/Reproduction_Sources/erdos169-fourap/OpHack/SixHarmonicAggregation.lean,,42251be2,Filename/path inference; editable in the app
350943,Reproduction_Sources/erdos169-fourap/OpHack/SixHarmonicCertificate.lean,Erdos 3,1614,"Email supplement received 06:19:17 CEST, after cutoff; distinct from on-time PDF | email ZIP",https://mail.google.com/mail/u/0/#all/1a0fffd2419ec392,,contestants/E02/13-archives/Math_Competition_Completed_Results_Submission_Bundle.zip,Math_Competition_Completed_Results_Submission/Reproduction_Sources/erdos169-fourap/OpHack/SixHarmonicCertificate.lean,,5cae1175,Filename/path inference; editable in the app
350944,Reproduction_Sources/erdos169-fourap/OpHack/SixListBridge.lean,Other formal mathematics,7266,"Email supplement received 06:19:17 CEST, after cutoff; distinct from on-time PDF | email ZIP",https://mail.google.com/mail/u/0/#all/1a0fffd2419ec392,,contestants/E02/13-archives/Math_Competition_Completed_Results_Submission_Bundle.zip,Math_Competition_Completed_Results_Submission/Reproduction_Sources/erdos169-fourap/OpHack/SixListBridge.lean,,ec58b9a3,Filename/path inference; editable in the app
350945,Reproduction_Sources/erdos169-fourap/OpHack/SixModularAssembly.lean,Other formal mathematics,11268,"Email supplement received 06:19:17 CEST, after cutoff; distinct from on-time PDF | email ZIP",https://mail.google.com/mail/u/0/#all/1a0fffd2419ec392,,contestants/E02/13-archives/Math_Competition_Completed_Results_Submission_Bundle.zip,Math_Competition_Completed_Results_Submission/Reproduction_Sources/erdos169-fourap/OpHack/SixModularAssembly.lean,,2fd2a801,Filename/path inference; editable in the app
350946,Reproduction_Sources/erdos169-fourap/OpHack/SixModularFinal.lean,Other formal mathematics,8910,"Email supplement received 06:19:17 CEST, after cutoff; distinct from on-time PDF | email ZIP",https://mail.google.com/mail/u/0/#all/1a0fffd2419ec392,,contestants/E02/13-archives/Math_Competition_Completed_Results_Submission_Bundle.zip,Math_Competition_Completed_Results_Submission/Reproduction_Sources/erdos169-fourap/OpHack/SixModularFinal.lean,,02f4e57e,Filename/path inference; editable in the app
350947,Reproduction_Sources/erdos169-fourap/OpHack/SixTermwise.lean,Other formal mathematics,1659,"Email supplement received 06:19:17 CEST, after cutoff; distinct from on-time PDF | email ZIP",https://mail.google.com/mail/u/0/#all/1a0fffd2419ec392,,contestants/E02/13-archives/Math_Competition_Completed_Results_Submission_Bundle.zip,Math_Competition_Completed_Results_Submission/Reproduction_Sources/erdos169-fourap/OpHack/SixTermwise.lean,,b2509378,Filename/path inference; editable in the app
350951,Reproduction_Sources/erdos21-sharp-residual/OpHack/Erdos21/AuthorBaseline.lean,Other formal mathematics,59682,"Email supplement received 06:19:17 CEST, after cutoff; distinct from on-time PDF | email ZIP",https://mail.google.com/mail/u/0/#all/1a0fffd2419ec392,,contestants/E02/13-archives/Math_Competition_Completed_Results_Submission_Bundle.zip,Math_Competition_Completed_Results_Submission/Reproduction_Sources/erdos21-sharp-residual/OpHack/Erdos21/AuthorBaseline.lean,,b2a31166,Filename/path inference; editable in the app
350952,Reproduction_Sources/erdos21-sharp-residual/OpHack/Erdos21/ColoredLinks.lean,Other formal mathematics,17221,"Email supplement received 06:19:17 CEST, after cutoff; distinct from on-time PDF | email ZIP",https://mail.google.com/mail/u/0/#all/1a0fffd2419ec392,,contestants/E02/13-archives/Math_Competition_Completed_Results_Submission_Bundle.zip,Math_Competition_Completed_Results_Submission/Reproduction_Sources/erdos21-sharp-residual/OpHack/Erdos21/ColoredLinks.lean,,8ea879be,Filename/path inference; editable in the app
350953,Reproduction_Sources/erdos21-sharp-residual/OpHack/Erdos21/ColoredSeven.lean,Other formal mathematics,13598,"Email supplement received 06:19:17 CEST, after cutoff; distinct from on-time PDF | email ZIP",https://mail.google.com/mail/u/0/#all/1a0fffd2419ec392,,contestants/E02/13-archives/Math_Competition_Completed_Results_Submission_Bundle.zip,Math_Competition_Completed_Results_Submission/Reproduction_Sources/erdos21-sharp-residual/OpHack/Erdos21/ColoredSeven.lean,,a7de78e8,Filename/path inference; editable in the app
350954,Reproduction_Sources/erdos21-sharp-residual/OpHack/Erdos21/ColoredStructure.lean,Other formal mathematics,11845,"Email supplement received 06:19:17 CEST, after cutoff; distinct from on-time PDF | email ZIP",https://mail.google.com/mail/u/0/#all/1a0fffd2419ec392,,contestants/E02/13-archives/Math_Competition_Completed_Results_Submission_Bundle.zip,Math_Competition_Completed_Results_Submission/Reproduction_Sources/erdos21-sharp-residual/OpHack/Erdos21/ColoredStructure.lean,,12db78ed,Filename/path inference; editable in the app
350955,Reproduction_Sources/erdos21-sharp-residual/OpHack/Erdos21/LinkCounts.lean,Other formal mathematics,4608,"Email supplement received 06:19:17 CEST, after cutoff; distinct from on-time PDF | email ZIP",https://mail.google.com/mail/u/0/#all/1a0fffd2419ec392,,contestants/E02/13-archives/Math_Competition_Completed_Results_Submission_Bundle.zip,Math_Competition_Completed_Results_Submission/Reproduction_Sources/erdos21-sharp-residual/OpHack/Erdos21/LinkCounts.lean,,69237b20,Filename/path inference; editable in the app
350956,Reproduction_Sources/erdos21-sharp-residual/OpHack/Erdos21/Main.lean,Other formal mathematics,2996,"Email supplement received 06:19:17 CEST, after cutoff; distinct from on-time PDF | email ZIP",https://mail.google.com/mail/u/0/#all/1a0fffd2419ec392,,contestants/E02/13-archives/Math_Competition_Completed_Results_Submission_Bundle.zip,Math_Competition_Completed_Results_Submission/Reproduction_Sources/erdos21-sharp-residual/OpHack/Erdos21/Main.lean,,0514c3b6,Filename/path inference; editable in the app
350957,Reproduction_Sources/erdos21-sharp-residual/OpHack/Erdos21/PackingArithmetic.lean,Other formal mathematics,471,"Email supplement received 06:19:17 CEST, after cutoff; distinct from on-time PDF | email ZIP",https://mail.google.com/mail/u/0/#all/1a0fffd2419ec392,,contestants/E02/13-archives/Math_Competition_Completed_Results_Submission_Bundle.zip,Math_Competition_Completed_Results_Submission/Reproduction_Sources/erdos21-sharp-residual/OpHack/Erdos21/PackingArithmetic.lean,,2c944901,Filename/path inference; editable in the app
350958,Reproduction_Sources/erdos21-sharp-residual/OpHack/Erdos21/PackingBarrier.lean,Other formal mathematics,1090,"Email supplement received 06:19:17 CEST, after cutoff; distinct from on-time PDF | email ZIP",https://mail.google.com/mail/u/0/#all/1a0fffd2419ec392,,contestants/E02/13-archives/Math_Competition_Completed_Results_Submission_Bundle.zip,Math_Competition_Completed_Results_Submission/Reproduction_Sources/erdos21-sharp-residual/OpHack/Erdos21/PackingBarrier.lean,,f24dea62,Filename/path inference; editable in the app
350959,Reproduction_Sources/erdos21-sharp-residual/OpHack/Erdos21/PackingBounds.lean,Other formal mathematics,5721,"Email supplement received 06:19:17 CEST, after cutoff; distinct from on-time PDF | email ZIP",https://mail.google.com/mail/u/0/#all/1a0fffd2419ec392,,contestants/E02/13-archives/Math_Competition_Completed_Results_Submission_Bundle.zip,Math_Competition_Completed_Results_Submission/Reproduction_Sources/erdos21-sharp-residual/OpHack/Erdos21/PackingBounds.lean,,99ed0dab,Filename/path inference; editable in the app
350960,Reproduction_Sources/erdos21-sharp-residual/OpHack/Erdos21/PackingConfig.lean,Other formal mathematics,2387,"Email supplement received 06:19:17 CEST, after cutoff; distinct from on-time PDF | email ZIP",https://mail.google.com/mail/u/0/#all/1a0fffd2419ec392,,contestants/E02/13-archives/Math_Competition_Completed_Results_Submission_Bundle.zip,Math_Competition_Completed_Results_Submission/Reproduction_Sources/erdos21-sharp-residual/OpHack/Erdos21/PackingConfig.lean,,13860cda,Filename/path inference; editable in the app
350961,Reproduction_Sources/erdos21-sharp-residual/OpHack/Erdos21/PackingFiveNine.lean,Other formal mathematics,5548,"Email supplement received 06:19:17 CEST, after cutoff; distinct from on-time PDF | email ZIP",https://mail.google.com/mail/u/0/#all/1a0fffd2419ec392,,contestants/E02/13-archives/Math_Competition_Completed_Results_Submission_Bundle.zip,Math_Competition_Completed_Results_Submission/Reproduction_Sources/erdos21-sharp-residual/OpHack/Erdos21/PackingFiveNine.lean,,270b6761,Filename/path inference; editable in the app
350962,Reproduction_Sources/erdos21-sharp-residual/OpHack/Erdos21/PackingGraphs.lean,Other formal mathematics,4397,"Email supplement received 06:19:17 CEST, after cutoff; distinct from on-time PDF | email ZIP",https://mail.google.com/mail/u/0/#all/1a0fffd2419ec392,,contestants/E02/13-archives/Math_Competition_Completed_Results_Submission_Bundle.zip,Math_Competition_Completed_Results_Submission/Reproduction_Sources/erdos21-sharp-residual/OpHack/Erdos21/PackingGraphs.lean,,90e2491d,Filename/path inference; editable in the app
350963,Reproduction_Sources/erdos21-sharp-residual/OpHack/Erdos21/PackingSevenFour.lean,Other formal mathematics,3429,"Email supplement received 06:19:17 CEST, after cutoff; distinct from on-time PDF | email ZIP",https://mail.google.com/mail/u/0/#all/1a0fffd2419ec392,,contestants/E02/13-archives/Math_Competition_Completed_Results_Submission_Bundle.zip,Math_Competition_Completed_Results_Submission/Reproduction_Sources/erdos21-sharp-residual/OpHack/Erdos21/PackingSevenFour.lean,,7e7fdc4d,Filename/path inference; editable in the app
350964,Reproduction_Sources/erdos21-sharp-residual/OpHack/Erdos21/PackingSevenThree.lean,Other formal mathematics,7522,"Email supplement received 06:19:17 CEST, after cutoff; distinct from on-time PDF | email ZIP",https://mail.google.com/mail/u/0/#all/1a0fffd2419ec392,,contestants/E02/13-archives/Math_Competition_Completed_Results_Submission_Bundle.zip,Math_Competition_Completed_Results_Submission/Reproduction_Sources/erdos21-sharp-residual/OpHack/Erdos21/PackingSevenThree.lean,,5356e5ee,Filename/path inference; editable in the app
350965,Reproduction_Sources/erdos21-sharp-residual/OpHack/Erdos21/PackingStructure.lean,Other formal mathematics,3272,"Email supplement received 06:19:17 CEST, after cutoff; distinct from on-time PDF | email ZIP",https://mail.google.com/mail/u/0/#all/1a0fffd2419ec392,,contestants/E02/13-archives/Math_Competition_Completed_Results_Submission_Bundle.zip,Math_Competition_Completed_Results_Submission/Reproduction_Sources/erdos21-sharp-residual/OpHack/Erdos21/PackingStructure.lean,,da8342fb,Filename/path inference; editable in the app
350966,Reproduction_Sources/erdos21-sharp-residual/OpHack/Erdos21/Peeling.lean,Other formal mathematics,3774,"Email supplement received 06:19:17 CEST, after cutoff; distinct from on-time PDF | email ZIP",https://mail.google.com/mail/u/0/#all/1a0fffd2419ec392,,contestants/E02/13-archives/Math_Competition_Completed_Results_Submission_Bundle.zip,Math_Competition_Completed_Results_Submission/Reproduction_Sources/erdos21-sharp-residual/OpHack/Erdos21/Peeling.lean,,8e78f87b,Filename/path inference; editable in the app
350967,Reproduction_Sources/erdos21-sharp-residual/OpHack/Erdos21/SharpEndpoint.lean,Other formal mathematics,2854,"Email supplement received 06:19:17 CEST, after cutoff; distinct from on-time PDF | email ZIP",https://mail.google.com/mail/u/0/#all/1a0fffd2419ec392,,contestants/E02/13-archives/Math_Competition_Completed_Results_Submission_Bundle.zip,Math_Competition_Completed_Results_Submission/Reproduction_Sources/erdos21-sharp-residual/OpHack/Erdos21/SharpEndpoint.lean,,741a9461,Filename/path inference; editable in the app
350968,Reproduction_Sources/erdos21-sharp-residual/OpHack/Erdos21/SmallPackings.lean,Other formal mathematics,15198,"Email supplement received 06:19:17 CEST, after cutoff; distinct from on-time PDF | email ZIP",https://mail.google.com/mail/u/0/#all/1a0fffd2419ec392,,contestants/E02/13-archives/Math_Competition_Completed_Results_Submission_Bundle.zip,Math_Competition_Completed_Results_Submission/Reproduction_Sources/erdos21-sharp-residual/OpHack/Erdos21/SmallPackings.lean,,c67f1052,Filename/path inference; editable in the app
350969,Reproduction_Sources/erdos21-sharp-residual/author-source/Theorem1.lean,Other formal mathematics,114124,"Email supplement received 06:19:17 CEST, after cutoff; distinct from on-time PDF | email ZIP",https://mail.google.com/mail/u/0/#all/1a0fffd2419ec392,,contestants/E02/13-archives/Math_Competition_Completed_Results_Submission_Bundle.zip,Math_Competition_Completed_Results_Submission/Reproduction_Sources/erdos21-sharp-residual/author-source/Theorem1.lean,,1db2b311,Filename/path inference; editable in the app
350973,Reproduction_Sources/erdos829-log-five-thirds/AsymptoticBridge.lean,Other formal mathematics,8085,"Email supplement received 06:19:17 CEST, after cutoff; distinct from on-time PDF | email ZIP",https://mail.google.com/mail/u/0/#all/1a0fffd2419ec392,,contestants/E02/13-archives/Math_Competition_Completed_Results_Submission_Bundle.zip,Math_Competition_Completed_Results_Submission/Reproduction_Sources/erdos829-log-five-thirds/AsymptoticBridge.lean,,c2a9464f,Filename/path inference; editable in the app
350974,Reproduction_Sources/erdos829-log-five-thirds/BlockCodeBound.lean,Other formal mathematics,6081,"Email supplement received 06:19:17 CEST, after cutoff; distinct from on-time PDF | email ZIP",https://mail.google.com/mail/u/0/#all/1a0fffd2419ec392,,contestants/E02/13-archives/Math_Competition_Completed_Results_Submission_Bundle.zip,Math_Competition_Completed_Results_Submission/Reproduction_Sources/erdos829-log-five-thirds/BlockCodeBound.lean,,9752c8a7,Filename/path inference; editable in the app
350975,Reproduction_Sources/erdos829-log-five-thirds/CubeGcdTransfer.lean,Other formal mathematics,5668,"Email supplement received 06:19:17 CEST, after cutoff; distinct from on-time PDF | email ZIP",https://mail.google.com/mail/u/0/#all/1a0fffd2419ec392,,contestants/E02/13-archives/Math_Competition_Completed_Results_Submission_Bundle.zip,Math_Competition_Completed_Results_Submission/Reproduction_Sources/erdos829-log-five-thirds/CubeGcdTransfer.lean,,7b7d9394,Filename/path inference; editable in the app
350976,Reproduction_Sources/erdos829-log-five-thirds/CubicCanonicalCount.lean,Other formal mathematics,2693,"Email supplement received 06:19:17 CEST, after cutoff; distinct from on-time PDF | email ZIP",https://mail.google.com/mail/u/0/#all/1a0fffd2419ec392,,contestants/E02/13-archives/Math_Competition_Completed_Results_Submission_Bundle.zip,Math_Competition_Completed_Results_Submission/Reproduction_Sources/erdos829-log-five-thirds/CubicCanonicalCount.lean,,c7a74965,Filename/path inference; editable in the app
350977,Reproduction_Sources/erdos829-log-five-thirds/CubicCountAsymptotic.lean,Other formal mathematics,5238,"Email supplement received 06:19:17 CEST, after cutoff; distinct from on-time PDF | email ZIP",https://mail.google.com/mail/u/0/#all/1a0fffd2419ec392,,contestants/E02/13-archives/Math_Competition_Completed_Results_Submission_Bundle.zip,Math_Competition_Completed_Results_Submission/Reproduction_Sources/erdos829-log-five-thirds/CubicCountAsymptotic.lean,,8b7af73d,Filename/path inference; editable in the app
350978,Reproduction_Sources/erdos829-log-five-thirds/CubicCounts.lean,Other formal mathematics,1645,"Email supplement received 06:19:17 CEST, after cutoff; distinct from on-time PDF | email ZIP",https://mail.google.com/mail/u/0/#all/1a0fffd2419ec392,,contestants/E02/13-archives/Math_Competition_Completed_Results_Submission_Bundle.zip,Math_Competition_Completed_Results_Submission/Reproduction_Sources/erdos829-log-five-thirds/CubicCounts.lean,,0375ac28,Filename/path inference; editable in the app
350979,Reproduction_Sources/erdos829-log-five-thirds/CubicCutoff.lean,Other formal mathematics,3801,"Email supplement received 06:19:17 CEST, after cutoff; distinct from on-time PDF | email ZIP",https://mail.google.com/mail/u/0/#all/1a0fffd2419ec392,,contestants/E02/13-archives/Math_Competition_Completed_Results_Submission_Bundle.zip,Math_Competition_Completed_Results_Submission/Reproduction_Sources/erdos829-log-five-thirds/CubicCutoff.lean,,69363b05,Filename/path inference; editable in the app
350980,Reproduction_Sources/erdos829-log-five-thirds/CubicDeterminant.lean,Other formal mathematics,3760,"Email supplement received 06:19:17 CEST, after cutoff; distinct from on-time PDF | email ZIP",https://mail.google.com/mail/u/0/#all/1a0fffd2419ec392,,contestants/E02/13-archives/Math_Competition_Completed_Results_Submission_Bundle.zip,Math_Competition_Completed_Results_Submission/Reproduction_Sources/erdos829-log-five-thirds/CubicDeterminant.lean,,23b5b666,Filename/path inference; editable in the app
350981,Reproduction_Sources/erdos829-log-five-thirds/CubicEliasEncoding.lean,Other formal mathematics,2662,"Email supplement received 06:19:17 CEST, after cutoff; distinct from on-time PDF | email ZIP",https://mail.google.com/mail/u/0/#all/1a0fffd2419ec392,,contestants/E02/13-archives/Math_Competition_Completed_Results_Submission_Bundle.zip,Math_Competition_Completed_Results_Submission/Reproduction_Sources/erdos829-log-five-thirds/CubicEliasEncoding.lean,,9e02a458,Filename/path inference; editable in the app
350982,Reproduction_Sources/erdos829-log-five-thirds/CubicEncoding.lean,Other formal mathematics,6676,"Email supplement received 06:19:17 CEST, after cutoff; distinct from on-time PDF | email ZIP",https://mail.google.com/mail/u/0/#all/1a0fffd2419ec392,,contestants/E02/13-archives/Math_Competition_Completed_Results_Submission_Bundle.zip,Math_Competition_Completed_Results_Submission/Reproduction_Sources/erdos829-log-five-thirds/CubicEncoding.lean,,fc8e6eab,Filename/path inference; editable in the app
350983,Reproduction_Sources/erdos829-log-five-thirds/CubicLocalWeights.lean,Other formal mathematics,3338,"Email supplement received 06:19:17 CEST, after cutoff; distinct from on-time PDF | email ZIP",https://mail.google.com/mail/u/0/#all/1a0fffd2419ec392,,contestants/E02/13-archives/Math_Competition_Completed_Results_Submission_Bundle.zip,Math_Competition_Completed_Results_Submission/Reproduction_Sources/erdos829-log-five-thirds/CubicLocalWeights.lean,,1a9e8598,Filename/path inference; editable in the app
350984,Reproduction_Sources/erdos829-log-five-thirds/CubicMultiplicative.lean,Other formal mathematics,3934,"Email supplement received 06:19:17 CEST, after cutoff; distinct from on-time PDF | email ZIP",https://mail.google.com/mail/u/0/#all/1a0fffd2419ec392,,contestants/E02/13-archives/Math_Competition_Completed_Results_Submission_Bundle.zip,Math_Competition_Completed_Results_Submission/Reproduction_Sources/erdos829-log-five-thirds/CubicMultiplicative.lean,,e079d1ba,Filename/path inference; editable in the app
350985,Reproduction_Sources/erdos829-log-five-thirds/CubicPrimeBounds.lean,Other formal mathematics,2359,"Email supplement received 06:19:17 CEST, after cutoff; distinct from on-time PDF | email ZIP",https://mail.google.com/mail/u/0/#all/1a0fffd2419ec392,,contestants/E02/13-archives/Math_Competition_Completed_Results_Submission_Bundle.zip,Math_Competition_Completed_Results_Submission/Reproduction_Sources/erdos829-log-five-thirds/CubicPrimeBounds.lean,,8b1b577b,Filename/path inference; editable in the app
350986,Reproduction_Sources/erdos829-log-five-thirds/CubicRatios.lean,Other formal mathematics,2667,"Email supplement received 06:19:17 CEST, after cutoff; distinct from on-time PDF | email ZIP",https://mail.google.com/mail/u/0/#all/1a0fffd2419ec392,,contestants/E02/13-archives/Math_Competition_Completed_Results_Submission_Bundle.zip,Math_Competition_Completed_Results_Submission/Reproduction_Sources/erdos829-log-five-thirds/CubicRatios.lean,,ac90e8fd,Filename/path inference; editable in the app
350987,Reproduction_Sources/erdos829-log-five-thirds/CubicRoots.lean,Other formal mathematics,1594,"Email supplement received 06:19:17 CEST, after cutoff; distinct from on-time PDF | email ZIP",https://mail.google.com/mail/u/0/#all/1a0fffd2419ec392,,contestants/E02/13-archives/Math_Competition_Completed_Results_Submission_Bundle.zip,Math_Competition_Completed_Results_Submission/Reproduction_Sources/erdos829-log-five-thirds/CubicRoots.lean,,68915490,Filename/path inference; editable in the app
350988,Reproduction_Sources/erdos829-log-five-thirds/CubicSeparation.lean,Other formal mathematics,2848,"Email supplement received 06:19:17 CEST, after cutoff; distinct from on-time PDF | email ZIP",https://mail.google.com/mail/u/0/#all/1a0fffd2419ec392,,contestants/E02/13-archives/Math_Competition_Completed_Results_Submission_Bundle.zip,Math_Competition_Completed_Results_Submission/Reproduction_Sources/erdos829-log-five-thirds/CubicSeparation.lean,,3c8ad3c2,Filename/path inference; editable in the app
350989,Reproduction_Sources/erdos829-log-five-thirds/EliasBlockCodeBound.lean,Other formal mathematics,5353,"Email supplement received 06:19:17 CEST, after cutoff; distinct from on-time PDF | email ZIP",https://mail.google.com/mail/u/0/#all/1a0fffd2419ec392,,contestants/E02/13-archives/Math_Competition_Completed_Results_Submission_Bundle.zip,Math_Competition_Completed_Results_Submission/Reproduction_Sources/erdos829-log-five-thirds/EliasBlockCodeBound.lean,,65987b48,Filename/path inference; editable in the app
350990,Reproduction_Sources/erdos829-log-five-thirds/EliasBlockFiveThirds.lean,Other formal mathematics,5396,"Email supplement received 06:19:17 CEST, after cutoff; distinct from on-time PDF | email ZIP",https://mail.google.com/mail/u/0/#all/1a0fffd2419ec392,,contestants/E02/13-archives/Math_Competition_Completed_Results_Submission_Bundle.zip,Math_Competition_Completed_Results_Submission/Reproduction_Sources/erdos829-log-five-thirds/EliasBlockFiveThirds.lean,,583ebafe,Filename/path inference; editable in the app
350991,Reproduction_Sources/erdos829-log-five-thirds/FiveThirdsAsymptotic.lean,Other formal mathematics,5892,"Email supplement received 06:19:17 CEST, after cutoff; distinct from on-time PDF | email ZIP",https://mail.google.com/mail/u/0/#all/1a0fffd2419ec392,,contestants/E02/13-archives/Math_Competition_Completed_Results_Submission_Bundle.zip,Math_Competition_Completed_Results_Submission/Reproduction_Sources/erdos829-log-five-thirds/FiveThirdsAsymptotic.lean,,205f1686,Filename/path inference; editable in the app
350992,Reproduction_Sources/erdos829-log-five-thirds/FiveThirdsCanonical.lean,Other formal mathematics,1243,"Email supplement received 06:19:17 CEST, after cutoff; distinct from on-time PDF | email ZIP",https://mail.google.com/mail/u/0/#all/1a0fffd2419ec392,,contestants/E02/13-archives/Math_Competition_Completed_Results_Submission_Bundle.zip,Math_Competition_Completed_Results_Submission/Reproduction_Sources/erdos829-log-five-thirds/FiveThirdsCanonical.lean,,e2ce1d5b,Filename/path inference; editable in the app
350993,Reproduction_Sources/erdos829-log-five-thirds/FiveThirdsCutoff.lean,Other formal mathematics,3831,"Email supplement received 06:19:17 CEST, after cutoff; distinct from on-time PDF | email ZIP",https://mail.google.com/mail/u/0/#all/1a0fffd2419ec392,,contestants/E02/13-archives/Math_Competition_Completed_Results_Submission_Bundle.zip,Math_Competition_Completed_Results_Submission/Reproduction_Sources/erdos829-log-five-thirds/FiveThirdsCutoff.lean,,639fc69c,Filename/path inference; editable in the app
350994,Reproduction_Sources/erdos829-log-five-thirds/FiveThirdsLocalWeights.lean,Other formal mathematics,3382,"Email supplement received 06:19:17 CEST, after cutoff; distinct from on-time PDF | email ZIP",https://mail.google.com/mail/u/0/#all/1a0fffd2419ec392,,contestants/E02/13-archives/Math_Competition_Completed_Results_Submission_Bundle.zip,Math_Competition_Completed_Results_Submission/Reproduction_Sources/erdos829-log-five-thirds/FiveThirdsLocalWeights.lean,,351eb430,Filename/path inference; editable in the app
350995,Reproduction_Sources/erdos829-log-five-thirds/FiveThirdsMultiplicative.lean,Other formal mathematics,3964,"Email supplement received 06:19:17 CEST, after cutoff; distinct from on-time PDF | email ZIP",https://mail.google.com/mail/u/0/#all/1a0fffd2419ec392,,contestants/E02/13-archives/Math_Competition_Completed_Results_Submission_Bundle.zip,Math_Competition_Completed_Results_Submission/Reproduction_Sources/erdos829-log-five-thirds/FiveThirdsMultiplicative.lean,,05d8021a,Filename/path inference; editable in the app
350996,Reproduction_Sources/erdos829-log-five-thirds/FiveThirdsNonnegative.lean,Other formal mathematics,1974,"Email supplement received 06:19:17 CEST, after cutoff; distinct from on-time PDF | email ZIP",https://mail.google.com/mail/u/0/#all/1a0fffd2419ec392,,contestants/E02/13-archives/Math_Competition_Completed_Results_Submission_Bundle.zip,Math_Competition_Completed_Results_Submission/Reproduction_Sources/erdos829-log-five-thirds/FiveThirdsNonnegative.lean,,578af2bd,Filename/path inference; editable in the app
350997,Reproduction_Sources/erdos829-log-five-thirds/NonnegativeCubeCounts.lean,Other formal mathematics,4972,"Email supplement received 06:19:17 CEST, after cutoff; distinct from on-time PDF | email ZIP",https://mail.google.com/mail/u/0/#all/1a0fffd2419ec392,,contestants/E02/13-archives/Math_Competition_Completed_Results_Submission_Bundle.zip,Math_Competition_Completed_Results_Submission/Reproduction_Sources/erdos829-log-five-thirds/NonnegativeCubeCounts.lean,,55eb5c7b,Filename/path inference; editable in the app
350999,Reproduction_Sources/erdos829-log-five-thirds/SigmaCoreInjection.lean,Other formal mathematics,14847,"Email supplement received 06:19:17 CEST, after cutoff; distinct from on-time PDF | email ZIP",https://mail.google.com/mail/u/0/#all/1a0fffd2419ec392,,contestants/E02/13-archives/Math_Competition_Completed_Results_Submission_Bundle.zip,Math_Competition_Completed_Results_Submission/Reproduction_Sources/erdos829-log-five-thirds/SigmaCoreInjection.lean,,14bb2d20,Filename/path inference; editable in the app
351000,Reproduction_Sources/erdos829-log-five-thirds/SigmaLogBudgets.lean,Other formal mathematics,6342,"Email supplement received 06:19:17 CEST, after cutoff; distinct from on-time PDF | email ZIP",https://mail.google.com/mail/u/0/#all/1a0fffd2419ec392,,contestants/E02/13-archives/Math_Competition_Completed_Results_Submission_Bundle.zip,Math_Competition_Completed_Results_Submission/Reproduction_Sources/erdos829-log-five-thirds/SigmaLogBudgets.lean,,cd2e8d46,Filename/path inference; editable in the app
351001,Reproduction_Sources/erdos829-log-five-thirds/SquarefreeSigmaInjection.lean,Other formal mathematics,6915,"Email supplement received 06:19:17 CEST, after cutoff; distinct from on-time PDF | email ZIP",https://mail.google.com/mail/u/0/#all/1a0fffd2419ec392,,contestants/E02/13-archives/Math_Competition_Completed_Results_Submission_Bundle.zip,Math_Competition_Completed_Results_Submission/Reproduction_Sources/erdos829-log-five-thirds/SquarefreeSigmaInjection.lean,,25cab65d,Filename/path inference; editable in the app
351002,Reproduction_Sources/erdos829-log-five-thirds/WeightedTernaryElias.lean,Other formal mathematics,8262,"Email supplement received 06:19:17 CEST, after cutoff; distinct from on-time PDF | email ZIP",https://mail.google.com/mail/u/0/#all/1a0fffd2419ec392,,contestants/E02/13-archives/Math_Competition_Completed_Results_Submission_Bundle.zip,Math_Competition_Completed_Results_Submission/Reproduction_Sources/erdos829-log-five-thirds/WeightedTernaryElias.lean,,842dea39,Filename/path inference; editable in the app
351003,Reproduction_Sources/erdos829-log-five-thirds/WeightedTernaryEliasGlobal.lean,Other formal mathematics,6041,"Email supplement received 06:19:17 CEST, after cutoff; distinct from on-time PDF | email ZIP",https://mail.google.com/mail/u/0/#all/1a0fffd2419ec392,,contestants/E02/13-archives/Math_Competition_Completed_Results_Submission_Bundle.zip,Math_Competition_Completed_Results_Submission/Reproduction_Sources/erdos829-log-five-thirds/WeightedTernaryEliasGlobal.lean,,5db03992,Filename/path inference; editable in the app
351004,Reproduction_Sources/erdos829-log-five-thirds/WeightedTernaryPacking.lean,Other formal mathematics,12191,"Email supplement received 06:19:17 CEST, after cutoff; distinct from on-time PDF | email ZIP",https://mail.google.com/mail/u/0/#all/1a0fffd2419ec392,,contestants/E02/13-archives/Math_Competition_Completed_Results_Submission_Bundle.zip,Math_Competition_Completed_Results_Submission/Reproduction_Sources/erdos829-log-five-thirds/WeightedTernaryPacking.lean,,76438401,Filename/path inference; editable in the app
351009,Reproduction_Sources/erdos944-order-bound/CriticalCodeBound.lean,Other formal mathematics,10826,"Email supplement received 06:19:17 CEST, after cutoff; distinct from on-time PDF | email ZIP",https://mail.google.com/mail/u/0/#all/1a0fffd2419ec392,,contestants/E02/13-archives/Math_Competition_Completed_Results_Submission_Bundle.zip,Math_Competition_Completed_Results_Submission/Reproduction_Sources/erdos944-order-bound/CriticalCodeBound.lean,,a6e01266,Filename/path inference; editable in the app
351010,Reproduction_Sources/erdos944-order-bound/OpHack/Erdos944Bounds.lean,Other formal mathematics,3603,"Email supplement received 06:19:17 CEST, after cutoff; distinct from on-time PDF | email ZIP",https://mail.google.com/mail/u/0/#all/1a0fffd2419ec392,,contestants/E02/13-archives/Math_Competition_Completed_Results_Submission_Bundle.zip,Math_Competition_Completed_Results_Submission/Reproduction_Sources/erdos944-order-bound/OpHack/Erdos944Bounds.lean,,4b963205,Filename/path inference; editable in the app
351011,Reproduction_Sources/erdos944-order-bound/OpHack/Erdos944Graph.lean,Other formal mathematics,10258,"Email supplement received 06:19:17 CEST, after cutoff; distinct from on-time PDF | email ZIP",https://mail.google.com/mail/u/0/#all/1a0fffd2419ec392,,contestants/E02/13-archives/Math_Competition_Completed_Results_Submission_Bundle.zip,Math_Competition_Completed_Results_Submission/Reproduction_Sources/erdos944-order-bound/OpHack/Erdos944Graph.lean,,5baf80ae,Filename/path inference; editable in the app
351016,Reproduction_Sources/ferrers/OpHack/Ferrers/AllBalancedCuts.lean,General / shared,2573,"Email supplement received 06:19:17 CEST, after cutoff; distinct from on-time PDF | email ZIP",https://mail.google.com/mail/u/0/#all/1a0fffd2419ec392,,contestants/E02/13-archives/Math_Competition_Completed_Results_Submission_Bundle.zip,Math_Competition_Completed_Results_Submission/Reproduction_Sources/ferrers/OpHack/Ferrers/AllBalancedCuts.lean,,d72818e9,Filename/path inference; editable in the app
351017,Reproduction_Sources/ferrers/OpHack/Ferrers/AlmostPerfectColors.lean,General / shared,3025,"Email supplement received 06:19:17 CEST, after cutoff; distinct from on-time PDF | email ZIP",https://mail.google.com/mail/u/0/#all/1a0fffd2419ec392,,contestants/E02/13-archives/Math_Competition_Completed_Results_Submission_Bundle.zip,Math_Competition_Completed_Results_Submission/Reproduction_Sources/ferrers/OpHack/Ferrers/AlmostPerfectColors.lean,,4216a32b,Filename/path inference; editable in the app
351018,Reproduction_Sources/ferrers/OpHack/Ferrers/BalancedColoring.lean,General / shared,1421,"Email supplement received 06:19:17 CEST, after cutoff; distinct from on-time PDF | email ZIP",https://mail.google.com/mail/u/0/#all/1a0fffd2419ec392,,contestants/E02/13-archives/Math_Competition_Completed_Results_Submission_Bundle.zip,Math_Competition_Completed_Results_Submission/Reproduction_Sources/ferrers/OpHack/Ferrers/BalancedColoring.lean,,f686e358,Filename/path inference; editable in the app
351019,Reproduction_Sources/ferrers/OpHack/Ferrers/BalancedExtensionCut.lean,General / shared,3798,"Email supplement received 06:19:17 CEST, after cutoff; distinct from on-time PDF | email ZIP",https://mail.google.com/mail/u/0/#all/1a0fffd2419ec392,,contestants/E02/13-archives/Math_Competition_Completed_Results_Submission_Bundle.zip,Math_Competition_Completed_Results_Submission/Reproduction_Sources/ferrers/OpHack/Ferrers/BalancedExtensionCut.lean,,a6f4164e,Filename/path inference; editable in the app
351020,Reproduction_Sources/ferrers/OpHack/Ferrers/BalancedFactor.lean,General / shared,3498,"Email supplement received 06:19:17 CEST, after cutoff; distinct from on-time PDF | email ZIP",https://mail.google.com/mail/u/0/#all/1a0fffd2419ec392,,contestants/E02/13-archives/Math_Competition_Completed_Results_Submission_Bundle.zip,Math_Competition_Completed_Results_Submission/Reproduction_Sources/ferrers/OpHack/Ferrers/BalancedFactor.lean,,ffb4ad82,Filename/path inference; editable in the app
351021,Reproduction_Sources/ferrers/OpHack/Ferrers/BoundedEdgeColoring.lean,General / shared,7278,"Email supplement received 06:19:17 CEST, after cutoff; distinct from on-time PDF | email ZIP",https://mail.google.com/mail/u/0/#all/1a0fffd2419ec392,,contestants/E02/13-archives/Math_Competition_Completed_Results_Submission_Bundle.zip,Math_Competition_Completed_Results_Submission/Reproduction_Sources/ferrers/OpHack/Ferrers/BoundedEdgeColoring.lean,,fc42da2a,Filename/path inference; editable in the app
351022,Reproduction_Sources/ferrers/OpHack/Ferrers/CellGraphRank.lean,General / shared,11856,"Email supplement received 06:19:17 CEST, after cutoff; distinct from on-time PDF | email ZIP",https://mail.google.com/mail/u/0/#all/1a0fffd2419ec392,,contestants/E02/13-archives/Math_Competition_Completed_Results_Submission_Bundle.zip,Math_Competition_Completed_Results_Submission/Reproduction_Sources/ferrers/OpHack/Ferrers/CellGraphRank.lean,,af895aa3,Filename/path inference; editable in the app
351023,Reproduction_Sources/ferrers/OpHack/Ferrers/CornerCuts.lean,General / shared,10616,"Email supplement received 06:19:17 CEST, after cutoff; distinct from on-time PDF | email ZIP",https://mail.google.com/mail/u/0/#all/1a0fffd2419ec392,,contestants/E02/13-archives/Math_Competition_Completed_Results_Submission_Bundle.zip,Math_Competition_Completed_Results_Submission/Reproduction_Sources/ferrers/OpHack/Ferrers/CornerCuts.lean,,ce43b5b6,Filename/path inference; editable in the app
351024,Reproduction_Sources/ferrers/OpHack/Ferrers/CornerEquality.lean,General / shared,9339,"Email supplement received 06:19:17 CEST, after cutoff; distinct from on-time PDF | email ZIP",https://mail.google.com/mail/u/0/#all/1a0fffd2419ec392,,contestants/E02/13-archives/Math_Competition_Completed_Results_Submission_Bundle.zip,Math_Competition_Completed_Results_Submission/Reproduction_Sources/ferrers/OpHack/Ferrers/CornerEquality.lean,,f8f4b5cb,Filename/path inference; editable in the app
351025,Reproduction_Sources/ferrers/OpHack/Ferrers/CornerOptimality.lean,General / shared,5225,"Email supplement received 06:19:17 CEST, after cutoff; distinct from on-time PDF | email ZIP",https://mail.google.com/mail/u/0/#all/1a0fffd2419ec392,,contestants/E02/13-archives/Math_Competition_Completed_Results_Submission_Bundle.zip,Math_Competition_Completed_Results_Submission/Reproduction_Sources/ferrers/OpHack/Ferrers/CornerOptimality.lean,,cd2b6764,Filename/path inference; editable in the app
351026,Reproduction_Sources/ferrers/OpHack/Ferrers/CountLayers.lean,General / shared,3805,"Email supplement received 06:19:17 CEST, after cutoff; distinct from on-time PDF | email ZIP",https://mail.google.com/mail/u/0/#all/1a0fffd2419ec392,,contestants/E02/13-archives/Math_Competition_Completed_Results_Submission_Bundle.zip,Math_Competition_Completed_Results_Submission/Reproduction_Sources/ferrers/OpHack/Ferrers/CountLayers.lean,,c871abb6,Filename/path inference; editable in the app
351027,Reproduction_Sources/ferrers/OpHack/Ferrers/DefectExtension.lean,General / shared,6155,"Email supplement received 06:19:17 CEST, after cutoff; distinct from on-time PDF | email ZIP",https://mail.google.com/mail/u/0/#all/1a0fffd2419ec392,,contestants/E02/13-archives/Math_Competition_Completed_Results_Submission_Bundle.zip,Math_Competition_Completed_Results_Submission/Reproduction_Sources/ferrers/OpHack/Ferrers/DefectExtension.lean,,91780cf1,Filename/path inference; editable in the app
351028,Reproduction_Sources/ferrers/OpHack/Ferrers/DefectRankBounds.lean,General / shared,2891,"Email supplement received 06:19:17 CEST, after cutoff; distinct from on-time PDF | email ZIP",https://mail.google.com/mail/u/0/#all/1a0fffd2419ec392,,contestants/E02/13-archives/Math_Competition_Completed_Results_Submission_Bundle.zip,Math_Competition_Completed_Results_Submission/Reproduction_Sources/ferrers/OpHack/Ferrers/DefectRankBounds.lean,,db6ee9d6,Filename/path inference; editable in the app
351029,Reproduction_Sources/ferrers/OpHack/Ferrers/DefectRedStructure.lean,General / shared,3759,"Email supplement received 06:19:17 CEST, after cutoff; distinct from on-time PDF | email ZIP",https://mail.google.com/mail/u/0/#all/1a0fffd2419ec392,,contestants/E02/13-archives/Math_Competition_Completed_Results_Submission_Bundle.zip,Math_Competition_Completed_Results_Submission/Reproduction_Sources/ferrers/OpHack/Ferrers/DefectRedStructure.lean,,1efceb95,Filename/path inference; editable in the app
351030,Reproduction_Sources/ferrers/OpHack/Ferrers/DeficientTopArm.lean,General / shared,11539,"Email supplement received 06:19:17 CEST, after cutoff; distinct from on-time PDF | email ZIP",https://mail.google.com/mail/u/0/#all/1a0fffd2419ec392,,contestants/E02/13-archives/Math_Competition_Completed_Results_Submission_Bundle.zip,Math_Competition_Completed_Results_Submission/Reproduction_Sources/ferrers/OpHack/Ferrers/DeficientTopArm.lean,,1fc7ef65,Filename/path inference; editable in the app
351031,Reproduction_Sources/ferrers/OpHack/Ferrers/FactorDecomposition.lean,General / shared,16736,"Email supplement received 06:19:17 CEST, after cutoff; distinct from on-time PDF | email ZIP",https://mail.google.com/mail/u/0/#all/1a0fffd2419ec392,,contestants/E02/13-archives/Math_Competition_Completed_Results_Submission_Bundle.zip,Math_Competition_Completed_Results_Submission/Reproduction_Sources/ferrers/OpHack/Ferrers/FactorDecomposition.lean,,06e92461,Filename/path inference; editable in the app
351032,Reproduction_Sources/ferrers/OpHack/Ferrers/FactorHallGadget.lean,General / shared,12476,"Email supplement received 06:19:17 CEST, after cutoff; distinct from on-time PDF | email ZIP",https://mail.google.com/mail/u/0/#all/1a0fffd2419ec392,,contestants/E02/13-archives/Math_Competition_Completed_Results_Submission_Bundle.zip,Math_Competition_Completed_Results_Submission/Reproduction_Sources/ferrers/OpHack/Ferrers/FactorHallGadget.lean,,1429ea5f,Filename/path inference; editable in the app
351033,Reproduction_Sources/ferrers/OpHack/Ferrers/FactorRank.lean,General / shared,2444,"Email supplement received 06:19:17 CEST, after cutoff; distinct from on-time PDF | email ZIP",https://mail.google.com/mail/u/0/#all/1a0fffd2419ec392,,contestants/E02/13-archives/Math_Competition_Completed_Results_Submission_Bundle.zip,Math_Competition_Completed_Results_Submission/Reproduction_Sources/ferrers/OpHack/Ferrers/FactorRank.lean,,e8aa432d,Filename/path inference; editable in the app
351034,Reproduction_Sources/ferrers/OpHack/Ferrers/Incidence.lean,General / shared,1236,"Email supplement received 06:19:17 CEST, after cutoff; distinct from on-time PDF | email ZIP",https://mail.google.com/mail/u/0/#all/1a0fffd2419ec392,,contestants/E02/13-archives/Math_Competition_Completed_Results_Submission_Bundle.zip,Math_Competition_Completed_Results_Submission/Reproduction_Sources/ferrers/OpHack/Ferrers/Incidence.lean,,9585f68b,Filename/path inference; editable in the app
351035,Reproduction_Sources/ferrers/OpHack/Ferrers/LowerFinset.lean,General / shared,1166,"Email supplement received 06:19:17 CEST, after cutoff; distinct from on-time PDF | email ZIP",https://mail.google.com/mail/u/0/#all/1a0fffd2419ec392,,contestants/E02/13-archives/Math_Competition_Completed_Results_Submission_Bundle.zip,Math_Competition_Completed_Results_Submission/Reproduction_Sources/ferrers/OpHack/Ferrers/LowerFinset.lean,,741f8210,Filename/path inference; editable in the app
351036,Reproduction_Sources/ferrers/OpHack/Ferrers/MatchingClasses.lean,General / shared,3653,"Email supplement received 06:19:17 CEST, after cutoff; distinct from on-time PDF | email ZIP",https://mail.google.com/mail/u/0/#all/1a0fffd2419ec392,,contestants/E02/13-archives/Math_Competition_Completed_Results_Submission_Bundle.zip,Math_Competition_Completed_Results_Submission/Reproduction_Sources/ferrers/OpHack/Ferrers/MatchingClasses.lean,,ce456dd2,Filename/path inference; editable in the app
351037,Reproduction_Sources/ferrers/OpHack/Ferrers/MatchingCombine.lean,General / shared,2453,"Email supplement received 06:19:17 CEST, after cutoff; distinct from on-time PDF | email ZIP",https://mail.google.com/mail/u/0/#all/1a0fffd2419ec392,,contestants/E02/13-archives/Math_Competition_Completed_Results_Submission_Bundle.zip,Math_Competition_Completed_Results_Submission/Reproduction_Sources/ferrers/OpHack/Ferrers/MatchingCombine.lean,,7055618a,Filename/path inference; editable in the app
351038,Reproduction_Sources/ferrers/OpHack/Ferrers/MatchingRanks.lean,General / shared,2541,"Email supplement received 06:19:17 CEST, after cutoff; distinct from on-time PDF | email ZIP",https://mail.google.com/mail/u/0/#all/1a0fffd2419ec392,,contestants/E02/13-archives/Math_Competition_Completed_Results_Submission_Bundle.zip,Math_Competition_Completed_Results_Submission/Reproduction_Sources/ferrers/OpHack/Ferrers/MatchingRanks.lean,,afd717f8,Filename/path inference; editable in the app
351039,Reproduction_Sources/ferrers/OpHack/Ferrers/MatchingUnions.lean,General / shared,2751,"Email supplement received 06:19:17 CEST, after cutoff; distinct from on-time PDF | email ZIP",https://mail.google.com/mail/u/0/#all/1a0fffd2419ec392,,contestants/E02/13-archives/Math_Competition_Completed_Results_Submission_Bundle.zip,Math_Competition_Completed_Results_Submission/Reproduction_Sources/ferrers/OpHack/Ferrers/MatchingUnions.lean,,33cd73f3,Filename/path inference; editable in the app
351040,Reproduction_Sources/ferrers/OpHack/Ferrers/OneDefectPrefix.lean,General / shared,4203,"Email supplement received 06:19:17 CEST, after cutoff; distinct from on-time PDF | email ZIP",https://mail.google.com/mail/u/0/#all/1a0fffd2419ec392,,contestants/E02/13-archives/Math_Competition_Completed_Results_Submission_Bundle.zip,Math_Competition_Completed_Results_Submission/Reproduction_Sources/ferrers/OpHack/Ferrers/OneDefectPrefix.lean,,2ab3586e,Filename/path inference; editable in the app
351041,Reproduction_Sources/ferrers/OpHack/Ferrers/OneDefectProfile.lean,General / shared,2553,"Email supplement received 06:19:17 CEST, after cutoff; distinct from on-time PDF | email ZIP",https://mail.google.com/mail/u/0/#all/1a0fffd2419ec392,,contestants/E02/13-archives/Math_Competition_Completed_Results_Submission_Bundle.zip,Math_Competition_Completed_Results_Submission/Reproduction_Sources/ferrers/OpHack/Ferrers/OneDefectProfile.lean,,a730109b,Filename/path inference; editable in the app
351042,Reproduction_Sources/ferrers/OpHack/Ferrers/PartialFactorHall.lean,General / shared,15146,"Email supplement received 06:19:17 CEST, after cutoff; distinct from on-time PDF | email ZIP",https://mail.google.com/mail/u/0/#all/1a0fffd2419ec392,,contestants/E02/13-archives/Math_Competition_Completed_Results_Submission_Bundle.zip,Math_Competition_Completed_Results_Submission/Reproduction_Sources/ferrers/OpHack/Ferrers/PartialFactorHall.lean,,73b37ee9,Filename/path inference; editable in the app
351043,Reproduction_Sources/ferrers/OpHack/Ferrers/PrefixCapacity.lean,General / shared,2784,"Email supplement received 06:19:17 CEST, after cutoff; distinct from on-time PDF | email ZIP",https://mail.google.com/mail/u/0/#all/1a0fffd2419ec392,,contestants/E02/13-archives/Math_Competition_Completed_Results_Submission_Bundle.zip,Math_Competition_Completed_Results_Submission/Reproduction_Sources/ferrers/OpHack/Ferrers/PrefixCapacity.lean,,c503de7f,Filename/path inference; editable in the app
351044,Reproduction_Sources/ferrers/OpHack/Ferrers/RankPrefixFormula.lean,General / shared,2049,"Email supplement received 06:19:17 CEST, after cutoff; distinct from on-time PDF | email ZIP",https://mail.google.com/mail/u/0/#all/1a0fffd2419ec392,,contestants/E02/13-archives/Math_Competition_Completed_Results_Submission_Bundle.zip,Math_Competition_Completed_Results_Submission/Reproduction_Sources/ferrers/OpHack/Ferrers/RankPrefixFormula.lean,,6e7937c2,Filename/path inference; editable in the app
351045,Reproduction_Sources/ferrers/OpHack/Ferrers/RestrictedPrefix.lean,General / shared,5508,"Email supplement received 06:19:17 CEST, after cutoff; distinct from on-time PDF | email ZIP",https://mail.google.com/mail/u/0/#all/1a0fffd2419ec392,,contestants/E02/13-archives/Math_Competition_Completed_Results_Submission_Bundle.zip,Math_Competition_Completed_Results_Submission/Reproduction_Sources/ferrers/OpHack/Ferrers/RestrictedPrefix.lean,,13168ae2,Filename/path inference; editable in the app
351046,Reproduction_Sources/ferrers/OpHack/Ferrers/SortedGeometry.lean,General / shared,2833,"Email supplement received 06:19:17 CEST, after cutoff; distinct from on-time PDF | email ZIP",https://mail.google.com/mail/u/0/#all/1a0fffd2419ec392,,contestants/E02/13-archives/Math_Competition_Completed_Results_Submission_Bundle.zip,Math_Competition_Completed_Results_Submission/Reproduction_Sources/ferrers/OpHack/Ferrers/SortedGeometry.lean,,89008979,Filename/path inference; editable in the app
351047,Reproduction_Sources/ferrers/OpHack/Ferrers/SpecialRedColoring.lean,General / shared,1778,"Email supplement received 06:19:17 CEST, after cutoff; distinct from on-time PDF | email ZIP",https://mail.google.com/mail/u/0/#all/1a0fffd2419ec392,,contestants/E02/13-archives/Math_Competition_Completed_Results_Submission_Bundle.zip,Math_Competition_Completed_Results_Submission/Reproduction_Sources/ferrers/OpHack/Ferrers/SpecialRedColoring.lean,,9d701cda,Filename/path inference; editable in the app
351048,Reproduction_Sources/ferrers/OpHack/Ferrers/SpecialRedCuts.lean,General / shared,12418,"Email supplement received 06:19:17 CEST, after cutoff; distinct from on-time PDF | email ZIP",https://mail.google.com/mail/u/0/#all/1a0fffd2419ec392,,contestants/E02/13-archives/Math_Competition_Completed_Results_Submission_Bundle.zip,Math_Competition_Completed_Results_Submission/Reproduction_Sources/ferrers/OpHack/Ferrers/SpecialRedCuts.lean,,dbc22ffa,Filename/path inference; editable in the app
351049,Reproduction_Sources/ferrers/OpHack/Ferrers/SquareConsequences.lean,General / shared,3100,"Email supplement received 06:19:17 CEST, after cutoff; distinct from on-time PDF | email ZIP",https://mail.google.com/mail/u/0/#all/1a0fffd2419ec392,,contestants/E02/13-archives/Math_Competition_Completed_Results_Submission_Bundle.zip,Math_Competition_Completed_Results_Submission/Reproduction_Sources/ferrers/OpHack/Ferrers/SquareConsequences.lean,,64d459ca,Filename/path inference; editable in the app
351050,Reproduction_Sources/ferrers/OpHack/Ferrers/SquareRedStructure.lean,General / shared,3836,"Email supplement received 06:19:17 CEST, after cutoff; distinct from on-time PDF | email ZIP",https://mail.google.com/mail/u/0/#all/1a0fffd2419ec392,,contestants/E02/13-archives/Math_Competition_Completed_Results_Submission_Bundle.zip,Math_Competition_Completed_Results_Submission/Reproduction_Sources/ferrers/OpHack/Ferrers/SquareRedStructure.lean,,f19262e1,Filename/path inference; editable in the app
351051,Reproduction_Sources/ferrers/OpHack/Ferrers/SquareTranspose.lean,General / shared,892,"Email supplement received 06:19:17 CEST, after cutoff; distinct from on-time PDF | email ZIP",https://mail.google.com/mail/u/0/#all/1a0fffd2419ec392,,contestants/E02/13-archives/Math_Competition_Completed_Results_Submission_Bundle.zip,Math_Competition_Completed_Results_Submission/Reproduction_Sources/ferrers/OpHack/Ferrers/SquareTranspose.lean,,3283a8e0,Filename/path inference; editable in the app
351052,Reproduction_Sources/ferrers/OpHack/Ferrers/TightDefectCorner.lean,General / shared,14425,"Email supplement received 06:19:17 CEST, after cutoff; distinct from on-time PDF | email ZIP",https://mail.google.com/mail/u/0/#all/1a0fffd2419ec392,,contestants/E02/13-archives/Math_Competition_Completed_Results_Submission_Bundle.zip,Math_Competition_Completed_Results_Submission/Reproduction_Sources/ferrers/OpHack/Ferrers/TightDefectCorner.lean,,f00c4b53,Filename/path inference; editable in the app
351053,Reproduction_Sources/ferrers/OpHack/Ferrers/TightSquareCorner.lean,General / shared,17079,"Email supplement received 06:19:17 CEST, after cutoff; distinct from on-time PDF | email ZIP",https://mail.google.com/mail/u/0/#all/1a0fffd2419ec392,,contestants/E02/13-archives/Math_Competition_Completed_Results_Submission_Bundle.zip,Math_Competition_Completed_Results_Submission/Reproduction_Sources/ferrers/OpHack/Ferrers/TightSquareCorner.lean,,6d11941b,Filename/path inference; editable in the app
351054,Reproduction_Sources/ferrers/OpHack/Ferrers/TopArmExtension.lean,General / shared,14330,"Email supplement received 06:19:17 CEST, after cutoff; distinct from on-time PDF | email ZIP",https://mail.google.com/mail/u/0/#all/1a0fffd2419ec392,,contestants/E02/13-archives/Math_Competition_Completed_Results_Submission_Bundle.zip,Math_Competition_Completed_Results_Submission/Reproduction_Sources/ferrers/OpHack/Ferrers/TopArmExtension.lean,,2e76055f,Filename/path inference; editable in the app
351055,Reproduction_Sources/ferrers/OpHack/Ferrers/Transpose.lean,General / shared,2970,"Email supplement received 06:19:17 CEST, after cutoff; distinct from on-time PDF | email ZIP",https://mail.google.com/mail/u/0/#all/1a0fffd2419ec392,,contestants/E02/13-archives/Math_Competition_Completed_Results_Submission_Bundle.zip,Math_Competition_Completed_Results_Submission/Reproduction_Sources/ferrers/OpHack/Ferrers/Transpose.lean,,d2e2f1e3,Filename/path inference; editable in the app
351056,Reproduction_Sources/ferrers/OpHack/Ferrers/TwoArmExtension.lean,General / shared,5293,"Email supplement received 06:19:17 CEST, after cutoff; distinct from on-time PDF | email ZIP",https://mail.google.com/mail/u/0/#all/1a0fffd2419ec392,,contestants/E02/13-archives/Math_Competition_Completed_Results_Submission_Bundle.zip,Math_Competition_Completed_Results_Submission/Reproduction_Sources/ferrers/OpHack/Ferrers/TwoArmExtension.lean,,2cde9fe0,Filename/path inference; editable in the app
351057,Reproduction_Sources/ferrers/OpHack/Ferrers/YoungDiagramBridge.lean,General / shared,7886,"Email supplement received 06:19:17 CEST, after cutoff; distinct from on-time PDF | email ZIP",https://mail.google.com/mail/u/0/#all/1a0fffd2419ec392,,contestants/E02/13-archives/Math_Competition_Completed_Results_Submission_Bundle.zip,Math_Competition_Completed_Results_Submission/Reproduction_Sources/ferrers/OpHack/Ferrers/YoungDiagramBridge.lean,,8a73bc21,Filename/path inference; editable in the app
351058,Reproduction_Sources/ferrers/OpHack/Ferrers/YoungDiagramDefect.lean,General / shared,4132,"Email supplement received 06:19:17 CEST, after cutoff; distinct from on-time PDF | email ZIP",https://mail.google.com/mail/u/0/#all/1a0fffd2419ec392,,contestants/E02/13-archives/Math_Competition_Completed_Results_Submission_Bundle.zip,Math_Competition_Completed_Results_Submission/Reproduction_Sources/ferrers/OpHack/Ferrers/YoungDiagramDefect.lean,,6c431978,Filename/path inference; editable in the app
351059,Reproduction_Sources/ferrers/OpHack/Ferrers/YoungDiagramRestrictedPrefix.lean,General / shared,10066,"Email supplement received 06:19:17 CEST, after cutoff; distinct from on-time PDF | email ZIP",https://mail.google.com/mail/u/0/#all/1a0fffd2419ec392,,contestants/E02/13-archives/Math_Competition_Completed_Results_Submission_Bundle.zip,Math_Competition_Completed_Results_Submission/Reproduction_Sources/ferrers/OpHack/Ferrers/YoungDiagramRestrictedPrefix.lean,,7fb1be4f,Filename/path inference; editable in the app
351070,Reproduction_Sources/m2-research/claims/proofs/1948663a1348321db557d85cd4e05e9b3b1ad9e03a8dc3f7a342c17afc215ca3.lean,General / shared,33057,"Email supplement received 06:19:17 CEST, after cutoff; distinct from on-time PDF | email ZIP",https://mail.google.com/mail/u/0/#all/1a0fffd2419ec392,,contestants/E02/13-archives/Math_Competition_Completed_Results_Submission_Bundle.zip,Math_Competition_Completed_Results_Submission/Reproduction_Sources/m2-research/claims/proofs/1948663a1348321db557d85cd4e05e9b3b1ad9e03a8dc3f7a342c17afc215ca3.lean,,2f10def1,Filename/path inference; editable in the app
351071,Reproduction_Sources/m2-research/claims/proofs/269a2caa15a591595c54001b8cc5360c677ff25f63904e9017548e7492cf965f.lean,General / shared,15099,"Email supplement received 06:19:17 CEST, after cutoff; distinct from on-time PDF | email ZIP",https://mail.google.com/mail/u/0/#all/1a0fffd2419ec392,,contestants/E02/13-archives/Math_Competition_Completed_Results_Submission_Bundle.zip,Math_Competition_Completed_Results_Submission/Reproduction_Sources/m2-research/claims/proofs/269a2caa15a591595c54001b8cc5360c677ff25f63904e9017548e7492cf965f.lean,,531b6c20,Filename/path inference; editable in the app
351072,Reproduction_Sources/m2-research/claims/proofs/30761d1c63ddf3a50fc6ee930e68dacb2cd63742913abfd9007567ec00f72c8e.lean,General / shared,60167,"Email supplement received 06:19:17 CEST, after cutoff; distinct from on-time PDF | email ZIP",https://mail.google.com/mail/u/0/#all/1a0fffd2419ec392,,contestants/E02/13-archives/Math_Competition_Completed_Results_Submission_Bundle.zip,Math_Competition_Completed_Results_Submission/Reproduction_Sources/m2-research/claims/proofs/30761d1c63ddf3a50fc6ee930e68dacb2cd63742913abfd9007567ec00f72c8e.lean,,f3342c96,Filename/path inference; editable in the app
351073,Reproduction_Sources/m2-research/claims/proofs/5e4bb2ede244d1de75b753bc0115a7173872d8b4ecb488d6e6e94828e2691d28.lean,General / shared,73326,"Email supplement received 06:19:17 CEST, after cutoff; distinct from on-time PDF | email ZIP",https://mail.google.com/mail/u/0/#all/1a0fffd2419ec392,,contestants/E02/13-archives/Math_Competition_Completed_Results_Submission_Bundle.zip,Math_Competition_Completed_Results_Submission/Reproduction_Sources/m2-research/claims/proofs/5e4bb2ede244d1de75b753bc0115a7173872d8b4ecb488d6e6e94828e2691d28.lean,,f6df62d3,Filename/path inference; editable in the app
351074,Reproduction_Sources/m2-research/claims/proofs/87b6dd5bd86142923b09c0207d04800a82e423eff3fe4178f53bb2a873a8db5e.lean,General / shared,19905,"Email supplement received 06:19:17 CEST, after cutoff; distinct from on-time PDF | email ZIP",https://mail.google.com/mail/u/0/#all/1a0fffd2419ec392,,contestants/E02/13-archives/Math_Competition_Completed_Results_Submission_Bundle.zip,Math_Competition_Completed_Results_Submission/Reproduction_Sources/m2-research/claims/proofs/87b6dd5bd86142923b09c0207d04800a82e423eff3fe4178f53bb2a873a8db5e.lean,,fcbfce27,Filename/path inference; editable in the app
351075,Reproduction_Sources/m2-research/claims/proofs/cc13704faafdd146113fbb944434a585102dde0dba7700cccacc9f194ba56777.lean,General / shared,60217,"Email supplement received 06:19:17 CEST, after cutoff; distinct from on-time PDF | email ZIP",https://mail.google.com/mail/u/0/#all/1a0fffd2419ec392,,contestants/E02/13-archives/Math_Competition_Completed_Results_Submission_Bundle.zip,Math_Competition_Completed_Results_Submission/Reproduction_Sources/m2-research/claims/proofs/cc13704faafdd146113fbb944434a585102dde0dba7700cccacc9f194ba56777.lean,,3badc331,Filename/path inference; editable in the app
351076,Reproduction_Sources/m2-research/claims/proofs/d8fefc50c50b01cf689691ca19ede76b3714975c8cc895d8a151a13ec01070c9.lean,General / shared,43761,"Email supplement received 06:19:17 CEST, after cutoff; distinct from on-time PDF | email ZIP",https://mail.google.com/mail/u/0/#all/1a0fffd2419ec392,,contestants/E02/13-archives/Math_Competition_Completed_Results_Submission_Bundle.zip,Math_Competition_Completed_Results_Submission/Reproduction_Sources/m2-research/claims/proofs/d8fefc50c50b01cf689691ca19ede76b3714975c8cc895d8a151a13ec01070c9.lean,,53e1fbf3,Filename/path inference; editable in the app
351077,Reproduction_Sources/m2-research/projects/formal-conjectures/FormalConjectures/Arxiv/2501.03234/ArithmeticSumS.lean,General / shared,4740,"Email supplement received 06:19:17 CEST, after cutoff; distinct from on-time PDF | email ZIP",https://mail.google.com/mail/u/0/#all/1a0fffd2419ec392,,contestants/E02/13-archives/Math_Competition_Completed_Results_Submission_Bundle.zip,Math_Competition_Completed_Results_Submission/Reproduction_Sources/m2-research/projects/formal-conjectures/FormalConjectures/Arxiv/2501.03234/ArithmeticSumS.lean,,6d6a869c,Filename/path inference; editable in the app
351078,Reproduction_Sources/m2-research/projects/formal-conjectures/FormalConjectures/ErdosProblems/887.lean,Other formal mathematics,2571,"Email supplement received 06:19:17 CEST, after cutoff; distinct from on-time PDF | email ZIP",https://mail.google.com/mail/u/0/#all/1a0fffd2419ec392,,contestants/E02/13-archives/Math_Competition_Completed_Results_Submission_Bundle.zip,Math_Competition_Completed_Results_Submission/Reproduction_Sources/m2-research/projects/formal-conjectures/FormalConjectures/ErdosProblems/887.lean,,0b5f93e1,Filename/path inference; editable in the app
351079,Reproduction_Sources/m2-research/projects/formal-conjectures/FormalConjectures/ErdosProblems/94.lean,Other formal mathematics,3273,"Email supplement received 06:19:17 CEST, after cutoff; distinct from on-time PDF | email ZIP",https://mail.google.com/mail/u/0/#all/1a0fffd2419ec392,,contestants/E02/13-archives/Math_Competition_Completed_Results_Submission_Bundle.zip,Math_Competition_Completed_Results_Submission/Reproduction_Sources/m2-research/projects/formal-conjectures/FormalConjectures/ErdosProblems/94.lean,,b1c0f560,Filename/path inference; editable in the app
351080,Reproduction_Sources/m2-research/projects/formal-conjectures/FormalConjectures/OEIS/60841.lean,General / shared,3086,"Email supplement received 06:19:17 CEST, after cutoff; distinct from on-time PDF | email ZIP",https://mail.google.com/mail/u/0/#all/1a0fffd2419ec392,,contestants/E02/13-archives/Math_Competition_Completed_Results_Submission_Bundle.zip,Math_Competition_Completed_Results_Submission/Reproduction_Sources/m2-research/projects/formal-conjectures/FormalConjectures/OEIS/60841.lean,,77d14339,Filename/path inference; editable in the app
351081,Reproduction_Sources/m2-research/projects/formal-conjectures/FormalConjectures/OEIS/7406.lean,General / shared,1650,"Email supplement received 06:19:17 CEST, after cutoff; distinct from on-time PDF | email ZIP",https://mail.google.com/mail/u/0/#all/1a0fffd2419ec392,,contestants/E02/13-archives/Math_Competition_Completed_Results_Submission_Bundle.zip,Math_Competition_Completed_Results_Submission/Reproduction_Sources/m2-research/projects/formal-conjectures/FormalConjectures/OEIS/7406.lean,,13822722,Filename/path inference; editable in the app
351082,Reproduction_Sources/m2-research/projects/formal-conjectures/FormalConjectures/OEIS/77408.lean,General / shared,2447,"Email supplement received 06:19:17 CEST, after cutoff; distinct from on-time PDF | email ZIP",https://mail.google.com/mail/u/0/#all/1a0fffd2419ec392,,contestants/E02/13-archives/Math_Competition_Completed_Results_Submission_Bundle.zip,Math_Competition_Completed_Results_Submission/Reproduction_Sources/m2-research/projects/formal-conjectures/FormalConjectures/OEIS/77408.lean,,b88cc8f2,Filename/path inference; editable in the app
351083,Reproduction_Sources/m2-research/projects/formal-conjectures/FormalConjectures/OEIS/89026.lean,General / shared,1378,"Email supplement received 06:19:17 CEST, after cutoff; distinct from on-time PDF | email ZIP",https://mail.google.com/mail/u/0/#all/1a0fffd2419ec392,,contestants/E02/13-archives/Math_Competition_Completed_Results_Submission_Bundle.zip,Math_Competition_Completed_Results_Submission/Reproduction_Sources/m2-research/projects/formal-conjectures/FormalConjectures/OEIS/89026.lean,,1fc0dc49,Filename/path inference; editable in the app
351293,Reproduction_Sources/m2-research/projects/formal-conjectures/FormalConjecturesForMathlib.lean,General / shared,15898,"Email supplement received 06:19:17 CEST, after cutoff; distinct from on-time PDF | email ZIP",https://mail.google.com/mail/u/0/#all/1a0fffd2419ec392,,contestants/E02/13-archives/Math_Competition_Completed_Results_Submission_Bundle.zip,Math_Competition_Completed_Results_Submission/Reproduction_Sources/m2-research/projects/formal-conjectures/FormalConjecturesForMathlib.lean,,5338ee1a,Filename/path inference; editable in the app
351084,Reproduction_Sources/m2-research/projects/formal-conjectures/FormalConjecturesForMathlib/Algebra/GCDMonoid/Finset.lean,General / shared,962,"Email supplement received 06:19:17 CEST, after cutoff; distinct from on-time PDF | email ZIP",https://mail.google.com/mail/u/0/#all/1a0fffd2419ec392,,contestants/E02/13-archives/Math_Competition_Completed_Results_Submission_Bundle.zip,Math_Competition_Completed_Results_Submission/Reproduction_Sources/m2-research/projects/formal-conjectures/FormalConjecturesForMathlib/Algebra/GCDMonoid/Finset.lean,,ba92be56,Filename/path inference; editable in the app
351085,Reproduction_Sources/m2-research/projects/formal-conjectures/FormalConjecturesForMathlib/Algebra/GradedMonoid.lean,General / shared,1287,"Email supplement received 06:19:17 CEST, after cutoff; distinct from on-time PDF | email ZIP",https://mail.google.com/mail/u/0/#all/1a0fffd2419ec392,,contestants/E02/13-archives/Math_Competition_Completed_Results_Submission_Bundle.zip,Math_Competition_Completed_Results_Submission/Reproduction_Sources/m2-research/projects/formal-conjectures/FormalConjecturesForMathlib/Algebra/GradedMonoid.lean,,11814857,Filename/path inference; editable in the app
351086,Reproduction_Sources/m2-research/projects/formal-conjectures/FormalConjecturesForMathlib/Algebra/Group/Action/Pointwise/Set/Basic.lean,General / shared,926,"Email supplement received 06:19:17 CEST, after cutoff; distinct from on-time PDF | email ZIP",https://mail.google.com/mail/u/0/#all/1a0fffd2419ec392,,contestants/E02/13-archives/Math_Competition_Completed_Results_Submission_Bundle.zip,Math_Competition_Completed_Results_Submission/Reproduction_Sources/m2-research/projects/formal-conjectures/FormalConjecturesForMathlib/Algebra/Group/Action/Pointwise/Set/Basic.lean,,f8d86aa1,Filename/path inference; editable in the app
351087,Reproduction_Sources/m2-research/projects/formal-conjectures/FormalConjecturesForMathlib/Algebra/Group/GrowthFunction.lean,General / shared,6662,"Email supplement received 06:19:17 CEST, after cutoff; distinct from on-time PDF | email ZIP",https://mail.google.com/mail/u/0/#all/1a0fffd2419ec392,,contestants/E02/13-archives/Math_Competition_Completed_Results_Submission_Bundle.zip,Math_Competition_Completed_Results_Submission/Reproduction_Sources/m2-research/projects/formal-conjectures/FormalConjecturesForMathlib/Algebra/Group/GrowthFunction.lean,,b88c674a,Filename/path inference; editable in the app
351088,Reproduction_Sources/m2-research/projects/formal-conjectures/FormalConjecturesForMathlib/Algebra/Group/Indicator.lean,General / shared,945,"Email supplement received 06:19:17 CEST, after cutoff; distinct from on-time PDF | email ZIP",https://mail.google.com/mail/u/0/#all/1a0fffd2419ec392,,contestants/E02/13-archives/Math_Competition_Completed_Results_Submission_Bundle.zip,Math_Competition_Completed_Results_Submission/Reproduction_Sources/m2-research/projects/formal-conjectures/FormalConjecturesForMathlib/Algebra/Group/Indicator.lean,,299f67dc,Filename/path inference; editable in the app
351089,Reproduction_Sources/m2-research/projects/formal-conjectures/FormalConjecturesForMathlib/Algebra/Homology/DerivedCategory/Ext/GradedAlgebra.lean,General / shared,5847,"Email supplement received 06:19:17 CEST, after cutoff; distinct from on-time PDF | email ZIP",https://mail.google.com/mail/u/0/#all/1a0fffd2419ec392,,contestants/E02/13-archives/Math_Competition_Completed_Results_Submission_Bundle.zip,Math_Competition_Completed_Results_Submission/Reproduction_Sources/m2-research/projects/formal-conjectures/FormalConjecturesForMathlib/Algebra/Homology/DerivedCategory/Ext/GradedAlgebra.lean,,5756742e,Filename/path inference; editable in the app
351090,Reproduction_Sources/m2-research/projects/formal-conjectures/FormalConjecturesForMathlib/Algebra/MvPolynomial/PoissonBracket.lean,General / shared,4434,"Email supplement received 06:19:17 CEST, after cutoff; distinct from on-time PDF | email ZIP",https://mail.google.com/mail/u/0/#all/1a0fffd2419ec392,,contestants/E02/13-archives/Math_Competition_Completed_Results_Submission_Bundle.zip,Math_Competition_Completed_Results_Submission/Reproduction_Sources/m2-research/projects/formal-conjectures/FormalConjecturesForMathlib/Algebra/MvPolynomial/PoissonBracket.lean,,a7deec30,Filename/path inference; editable in the app
351091,Reproduction_Sources/m2-research/projects/formal-conjectures/FormalConjecturesForMathlib/Algebra/MvPolynomial/RegularFunction.lean,General / shared,2532,"Email supplement received 06:19:17 CEST, after cutoff; distinct from on-time PDF | email ZIP",https://mail.google.com/mail/u/0/#all/1a0fffd2419ec392,,contestants/E02/13-archives/Math_Competition_Completed_Results_Submission_Bundle.zip,Math_Competition_Completed_Results_Submission/Reproduction_Sources/m2-research/projects/formal-conjectures/FormalConjecturesForMathlib/Algebra/MvPolynomial/RegularFunction.lean,,aaec650f,Filename/path inference; editable in the app
351092,Reproduction_Sources/m2-research/projects/formal-conjectures/FormalConjecturesForMathlib/Algebra/Order/Group/Pointwise/Interval.lean,General / shared,1201,"Email supplement received 06:19:17 CEST, after cutoff; distinct from on-time PDF | email ZIP",https://mail.google.com/mail/u/0/#all/1a0fffd2419ec392,,contestants/E02/13-archives/Math_Competition_Completed_Results_Submission_Bundle.zip,Math_Competition_Completed_Results_Submission/Reproduction_Sources/m2-research/projects/formal-conjectures/FormalConjecturesForMathlib/Algebra/Order/Group/Pointwise/Interval.lean,,27b751bf,Filename/path inference; editable in the app
351093,Reproduction_Sources/m2-research/projects/formal-conjectures/FormalConjecturesForMathlib/Algebra/Polynomial/Algebra.lean,General / shared,1590,"Email supplement received 06:19:17 CEST, after cutoff; distinct from on-time PDF | email ZIP",https://mail.google.com/mail/u/0/#all/1a0fffd2419ec392,,contestants/E02/13-archives/Math_Competition_Completed_Results_Submission_Bundle.zip,Math_Competition_Completed_Results_Submission/Reproduction_Sources/m2-research/projects/formal-conjectures/FormalConjecturesForMathlib/Algebra/Polynomial/Algebra.lean,,9f964965,Filename/path inference; editable in the app
351094,Reproduction_Sources/m2-research/projects/formal-conjectures/FormalConjecturesForMathlib/Algebra/Polynomial/Basic.lean,General / shared,1590,"Email supplement received 06:19:17 CEST, after cutoff; distinct from on-time PDF | email ZIP",https://mail.google.com/mail/u/0/#all/1a0fffd2419ec392,,contestants/E02/13-archives/Math_Competition_Completed_Results_Submission_Bundle.zip,Math_Competition_Completed_Results_Submission/Reproduction_Sources/m2-research/projects/formal-conjectures/FormalConjecturesForMathlib/Algebra/Polynomial/Basic.lean,,e370e79a,Filename/path inference; editable in the app
351095,Reproduction_Sources/m2-research/projects/formal-conjectures/FormalConjecturesForMathlib/Algebra/Polynomial/HasseDeriv.lean,General / shared,937,"Email supplement received 06:19:17 CEST, after cutoff; distinct from on-time PDF | email ZIP",https://mail.google.com/mail/u/0/#all/1a0fffd2419ec392,,contestants/E02/13-archives/Math_Competition_Completed_Results_Submission_Bundle.zip,Math_Competition_Completed_Results_Submission/Reproduction_Sources/m2-research/projects/formal-conjectures/FormalConjecturesForMathlib/Algebra/Polynomial/HasseDeriv.lean,,0ef939ea,Filename/path inference; editable in the app
351096,Reproduction_Sources/m2-research/projects/formal-conjectures/FormalConjecturesForMathlib/Algebra/Powerfree.lean,General / shared,2522,"Email supplement received 06:19:17 CEST, after cutoff; distinct from on-time PDF | email ZIP",https://mail.google.com/mail/u/0/#all/1a0fffd2419ec392,,contestants/E02/13-archives/Math_Competition_Completed_Results_Submission_Bundle.zip,Math_Competition_Completed_Results_Submission/Reproduction_Sources/m2-research/projects/formal-conjectures/FormalConjecturesForMathlib/Algebra/Powerfree.lean,,c2b31f31,Filename/path inference; editable in the app
351097,Reproduction_Sources/m2-research/projects/formal-conjectures/FormalConjecturesForMathlib/Algebra/QuadraticAlgebra/Instances.lean,General / shared,2389,"Email supplement received 06:19:17 CEST, after cutoff; distinct from on-time PDF | email ZIP",https://mail.google.com/mail/u/0/#all/1a0fffd2419ec392,,contestants/E02/13-archives/Math_Competition_Completed_Results_Submission_Bundle.zip,Math_Competition_Completed_Results_Submission/Reproduction_Sources/m2-research/projects/formal-conjectures/FormalConjecturesForMathlib/Algebra/QuadraticAlgebra/Instances.lean,,248b25c7,Filename/path inference; editable in the app
351098,Reproduction_Sources/m2-research/projects/formal-conjectures/FormalConjecturesForMathlib/Algebra/Ring/PythagorasNumber.lean,General / shared,4071,"Email supplement received 06:19:17 CEST, after cutoff; distinct from on-time PDF | email ZIP",https://mail.google.com/mail/u/0/#all/1a0fffd2419ec392,,contestants/E02/13-archives/Math_Competition_Completed_Results_Submission_Bundle.zip,Math_Competition_Completed_Results_Submission/Reproduction_Sources/m2-research/projects/formal-conjectures/FormalConjecturesForMathlib/Algebra/Ring/PythagorasNumber.lean,,ea799591,Filename/path inference; editable in the app
351099,Reproduction_Sources/m2-research/projects/formal-conjectures/FormalConjecturesForMathlib/AlgebraicGeometry/EllipticCurve/GlobalPeriod.lean,General / shared,3684,"Email supplement received 06:19:17 CEST, after cutoff; distinct from on-time PDF | email ZIP",https://mail.google.com/mail/u/0/#all/1a0fffd2419ec392,,contestants/E02/13-archives/Math_Competition_Completed_Results_Submission_Bundle.zip,Math_Competition_Completed_Results_Submission/Reproduction_Sources/m2-research/projects/formal-conjectures/FormalConjecturesForMathlib/AlgebraicGeometry/EllipticCurve/GlobalPeriod.lean,,48514ad9,Filename/path inference; editable in the app
351100,Reproduction_Sources/m2-research/projects/formal-conjectures/FormalConjecturesForMathlib/AlgebraicGeometry/EllipticCurve/MinimalDiscriminant.lean,General / shared,2371,"Email supplement received 06:19:17 CEST, after cutoff; distinct from on-time PDF | email ZIP",https://mail.google.com/mail/u/0/#all/1a0fffd2419ec392,,contestants/E02/13-archives/Math_Competition_Completed_Results_Submission_Bundle.zip,Math_Competition_Completed_Results_Submission/Reproduction_Sources/m2-research/projects/formal-conjectures/FormalConjecturesForMathlib/AlgebraicGeometry/EllipticCurve/MinimalDiscriminant.lean,,5f5ddffb,Filename/path inference; editable in the app
351101,Reproduction_Sources/m2-research/projects/formal-conjectures/FormalConjecturesForMathlib/AlgebraicGeometry/EllipticCurve/Regulator.lean,General / shared,4211,"Email supplement received 06:19:17 CEST, after cutoff; distinct from on-time PDF | email ZIP",https://mail.google.com/mail/u/0/#all/1a0fffd2419ec392,,contestants/E02/13-archives/Math_Competition_Completed_Results_Submission_Bundle.zip,Math_Competition_Completed_Results_Submission/Reproduction_Sources/m2-research/projects/formal-conjectures/FormalConjecturesForMathlib/AlgebraicGeometry/EllipticCurve/Regulator.lean,,a972e850,Filename/path inference; editable in the app
351102,Reproduction_Sources/m2-research/projects/formal-conjectures/FormalConjecturesForMathlib/AlgebraicGeometry/EllipticCurve/Tamagawa.lean,General / shared,3557,"Email supplement received 06:19:17 CEST, after cutoff; distinct from on-time PDF | email ZIP",https://mail.google.com/mail/u/0/#all/1a0fffd2419ec392,,contestants/E02/13-archives/Math_Competition_Completed_Results_Submission_Bundle.zip,Math_Competition_Completed_Results_Submission/Reproduction_Sources/m2-research/projects/formal-conjectures/FormalConjecturesForMathlib/AlgebraicGeometry/EllipticCurve/Tamagawa.lean,,a977e5f1,Filename/path inference; editable in the app
351103,Reproduction_Sources/m2-research/projects/formal-conjectures/FormalConjecturesForMathlib/AlgebraicGeometry/ProjectiveSpace.lean,General / shared,1511,"Email supplement received 06:19:17 CEST, after cutoff; distinct from on-time PDF | email ZIP",https://mail.google.com/mail/u/0/#all/1a0fffd2419ec392,,contestants/E02/13-archives/Math_Competition_Completed_Results_Submission_Bundle.zip,Math_Competition_Completed_Results_Submission/Reproduction_Sources/m2-research/projects/formal-conjectures/FormalConjecturesForMathlib/AlgebraicGeometry/ProjectiveSpace.lean,,439b8f88,Filename/path inference; editable in the app
351104,Reproduction_Sources/m2-research/projects/formal-conjectures/FormalConjecturesForMathlib/AlgebraicGeometry/VectorBundle.lean,General / shared,2505,"Email supplement received 06:19:17 CEST, after cutoff; distinct from on-time PDF | email ZIP",https://mail.google.com/mail/u/0/#all/1a0fffd2419ec392,,contestants/E02/13-archives/Math_Competition_Completed_Results_Submission_Bundle.zip,Math_Competition_Completed_Results_Submission/Reproduction_Sources/m2-research/projects/formal-conjectures/FormalConjecturesForMathlib/AlgebraicGeometry/VectorBundle.lean,,d7274b69,Filename/path inference; editable in the app
351105,Reproduction_Sources/m2-research/projects/formal-conjectures/FormalConjecturesForMathlib/Analysis/Asymptotics/Basic.lean,General / shared,896,"Email supplement received 06:19:17 CEST, after cutoff; distinct from on-time PDF | email ZIP",https://mail.google.com/mail/u/0/#all/1a0fffd2419ec392,,contestants/E02/13-archives/Math_Competition_Completed_Results_Submission_Bundle.zip,Math_Competition_Completed_Results_Submission/Reproduction_Sources/m2-research/projects/formal-conjectures/FormalConjecturesForMathlib/Analysis/Asymptotics/Basic.lean,,40b413b2,Filename/path inference; editable in the app
351106,Reproduction_Sources/m2-research/projects/formal-conjectures/FormalConjecturesForMathlib/Analysis/Equidistribution/ModOne.lean,General / shared,1552,"Email supplement received 06:19:17 CEST, after cutoff; distinct from on-time PDF | email ZIP",https://mail.google.com/mail/u/0/#all/1a0fffd2419ec392,,contestants/E02/13-archives/Math_Competition_Completed_Results_Submission_Bundle.zip,Math_Competition_Completed_Results_Submission/Reproduction_Sources/m2-research/projects/formal-conjectures/FormalConjecturesForMathlib/Analysis/Equidistribution/ModOne.lean,,40fee663,Filename/path inference; editable in the app
351107,Reproduction_Sources/m2-research/projects/formal-conjectures/FormalConjecturesForMathlib/Analysis/Fourier/SpectralSets.lean,General / shared,4187,"Email supplement received 06:19:17 CEST, after cutoff; distinct from on-time PDF | email ZIP",https://mail.google.com/mail/u/0/#all/1a0fffd2419ec392,,contestants/E02/13-archives/Math_Competition_Completed_Results_Submission_Bundle.zip,Math_Competition_Completed_Results_Submission/Reproduction_Sources/m2-research/projects/formal-conjectures/FormalConjecturesForMathlib/Analysis/Fourier/SpectralSets.lean,,e1573e50,Filename/path inference; editable in the app
351108,Reproduction_Sources/m2-research/projects/formal-conjectures/FormalConjecturesForMathlib/Analysis/HasGaps.lean,General / shared,3082,"Email supplement received 06:19:17 CEST, after cutoff; distinct from on-time PDF | email ZIP",https://mail.google.com/mail/u/0/#all/1a0fffd2419ec392,,contestants/E02/13-archives/Math_Competition_Completed_Results_Submission_Bundle.zip,Math_Competition_Completed_Results_Submission/Reproduction_Sources/m2-research/projects/formal-conjectures/FormalConjecturesForMathlib/Analysis/HasGaps.lean,,784c067a,Filename/path inference; editable in the app
351109,Reproduction_Sources/m2-research/projects/formal-conjectures/FormalConjecturesForMathlib/Analysis/Matrix/Spectrum.lean,General / shared,859,"Email supplement received 06:19:17 CEST, after cutoff; distinct from on-time PDF | email ZIP",https://mail.google.com/mail/u/0/#all/1a0fffd2419ec392,,contestants/E02/13-archives/Math_Competition_Completed_Results_Submission_Bundle.zip,Math_Competition_Completed_Results_Submission/Reproduction_Sources/m2-research/projects/formal-conjectures/FormalConjecturesForMathlib/Analysis/Matrix/Spectrum.lean,,3c8e244b,Filename/path inference; editable in the app
351110,Reproduction_Sources/m2-research/projects/formal-conjectures/FormalConjecturesForMathlib/Analysis/Real/Cardinality.lean,General / shared,696,"Email supplement received 06:19:17 CEST, after cutoff; distinct from on-time PDF | email ZIP",https://mail.google.com/mail/u/0/#all/1a0fffd2419ec392,,contestants/E02/13-archives/Math_Competition_Completed_Results_Submission_Bundle.zip,Math_Competition_Completed_Results_Submission/Reproduction_Sources/m2-research/projects/formal-conjectures/FormalConjecturesForMathlib/Analysis/Real/Cardinality.lean,,48d1704a,Filename/path inference; editable in the app
351111,Reproduction_Sources/m2-research/projects/formal-conjectures/FormalConjecturesForMathlib/Analysis/SpecialFunctions/AdditiveCharacter.lean,General / shared,964,"Email supplement received 06:19:17 CEST, after cutoff; distinct from on-time PDF | email ZIP",https://mail.google.com/mail/u/0/#all/1a0fffd2419ec392,,contestants/E02/13-archives/Math_Competition_Completed_Results_Submission_Bundle.zip,Math_Competition_Completed_Results_Submission/Reproduction_Sources/m2-research/projects/formal-conjectures/FormalConjecturesForMathlib/Analysis/SpecialFunctions/AdditiveCharacter.lean,,7b698669,Filename/path inference; editable in the app
351112,Reproduction_Sources/m2-research/projects/formal-conjectures/FormalConjecturesForMathlib/Analysis/SpecialFunctions/Log/Basic.lean,General / shared,3424,"Email supplement received 06:19:17 CEST, after cutoff; distinct from on-time PDF | email ZIP",https://mail.google.com/mail/u/0/#all/1a0fffd2419ec392,,contestants/E02/13-archives/Math_Competition_Completed_Results_Submission_Bundle.zip,Math_Competition_Completed_Results_Submission/Reproduction_Sources/m2-research/projects/formal-conjectures/FormalConjecturesForMathlib/Analysis/SpecialFunctions/Log/Basic.lean,,53e49672,Filename/path inference; editable in the app
351113,Reproduction_Sources/m2-research/projects/formal-conjectures/FormalConjecturesForMathlib/Analysis/SpecialFunctions/NthRoot.lean,General / shared,4097,"Email supplement received 06:19:17 CEST, after cutoff; distinct from on-time PDF | email ZIP",https://mail.google.com/mail/u/0/#all/1a0fffd2419ec392,,contestants/E02/13-archives/Math_Competition_Completed_Results_Submission_Bundle.zip,Math_Competition_Completed_Results_Submission/Reproduction_Sources/m2-research/projects/formal-conjectures/FormalConjecturesForMathlib/Analysis/SpecialFunctions/NthRoot.lean,,d0d2ea90,Filename/path inference; editable in the app
351114,Reproduction_Sources/m2-research/projects/formal-conjectures/FormalConjecturesForMathlib/Combinatorics/AP/Basic.lean,General / shared,10583,"Email supplement received 06:19:17 CEST, after cutoff; distinct from on-time PDF | email ZIP",https://mail.google.com/mail/u/0/#all/1a0fffd2419ec392,,contestants/E02/13-archives/Math_Competition_Completed_Results_Submission_Bundle.zip,Math_Competition_Completed_Results_Submission/Reproduction_Sources/m2-research/projects/formal-conjectures/FormalConjecturesForMathlib/Combinatorics/AP/Basic.lean,,86ff95d8,Filename/path inference; editable in the app
351115,Reproduction_Sources/m2-research/projects/formal-conjectures/FormalConjecturesForMathlib/Combinatorics/Additive/Basis.lean,General / shared,9744,"Email supplement received 06:19:17 CEST, after cutoff; distinct from on-time PDF | email ZIP",https://mail.google.com/mail/u/0/#all/1a0fffd2419ec392,,contestants/E02/13-archives/Math_Competition_Completed_Results_Submission_Bundle.zip,Math_Competition_Completed_Results_Submission/Reproduction_Sources/m2-research/projects/formal-conjectures/FormalConjecturesForMathlib/Combinatorics/Additive/Basis.lean,,3a09c66d,Filename/path inference; editable in the app
351116,Reproduction_Sources/m2-research/projects/formal-conjectures/FormalConjecturesForMathlib/Combinatorics/Additive/Convolution.lean,General / shared,2199,"Email supplement received 06:19:17 CEST, after cutoff; distinct from on-time PDF | email ZIP",https://mail.google.com/mail/u/0/#all/1a0fffd2419ec392,,contestants/E02/13-archives/Math_Competition_Completed_Results_Submission_Bundle.zip,Math_Competition_Completed_Results_Submission/Reproduction_Sources/m2-research/projects/formal-conjectures/FormalConjecturesForMathlib/Combinatorics/Additive/Convolution.lean,,f81b2478,Filename/path inference; editable in the app
351117,Reproduction_Sources/m2-research/projects/formal-conjectures/FormalConjecturesForMathlib/Combinatorics/Additive/Coset.lean,General / shared,6999,"Email supplement received 06:19:17 CEST, after cutoff; distinct from on-time PDF | email ZIP",https://mail.google.com/mail/u/0/#all/1a0fffd2419ec392,,contestants/E02/13-archives/Math_Competition_Completed_Results_Submission_Bundle.zip,Math_Competition_Completed_Results_Submission/Reproduction_Sources/m2-research/projects/formal-conjectures/FormalConjecturesForMathlib/Combinatorics/Additive/Coset.lean,,e5df0db8,Filename/path inference; editable in the app
351118,Reproduction_Sources/m2-research/projects/formal-conjectures/FormalConjecturesForMathlib/Combinatorics/Additive/DifferenceBasis.lean,General / shared,3615,"Email supplement received 06:19:17 CEST, after cutoff; distinct from on-time PDF | email ZIP",https://mail.google.com/mail/u/0/#all/1a0fffd2419ec392,,contestants/E02/13-archives/Math_Competition_Completed_Results_Submission_Bundle.zip,Math_Competition_Completed_Results_Submission/Reproduction_Sources/m2-research/projects/formal-conjectures/FormalConjecturesForMathlib/Combinatorics/Additive/DifferenceBasis.lean,,0849d81a,Filename/path inference; editable in the app
351119,Reproduction_Sources/m2-research/projects/formal-conjectures/FormalConjecturesForMathlib/Combinatorics/Additive/RestrictedSumset.lean,General / shared,1148,"Email supplement received 06:19:17 CEST, after cutoff; distinct from on-time PDF | email ZIP",https://mail.google.com/mail/u/0/#all/1a0fffd2419ec392,,contestants/E02/13-archives/Math_Competition_Completed_Results_Submission_Bundle.zip,Math_Competition_Completed_Results_Submission/Reproduction_Sources/m2-research/projects/formal-conjectures/FormalConjecturesForMathlib/Combinatorics/Additive/RestrictedSumset.lean,,953e71d3,Filename/path inference; editable in the app
351120,Reproduction_Sources/m2-research/projects/formal-conjectures/FormalConjecturesForMathlib/Combinatorics/Additive/VCDim.lean,General / shared,6253,"Email supplement received 06:19:17 CEST, after cutoff; distinct from on-time PDF | email ZIP",https://mail.google.com/mail/u/0/#all/1a0fffd2419ec392,,contestants/E02/13-archives/Math_Competition_Completed_Results_Submission_Bundle.zip,Math_Competition_Completed_Results_Submission/Reproduction_Sources/m2-research/projects/formal-conjectures/FormalConjecturesForMathlib/Combinatorics/Additive/VCDim.lean,,2554f446,Filename/path inference; editable in the app
351121,Reproduction_Sources/m2-research/projects/formal-conjectures/FormalConjecturesForMathlib/Combinatorics/Basic.lean,General / shared,10985,"Email supplement received 06:19:17 CEST, after cutoff; distinct from on-time PDF | email ZIP",https://mail.google.com/mail/u/0/#all/1a0fffd2419ec392,,contestants/E02/13-archives/Math_Competition_Completed_Results_Submission_Bundle.zip,Math_Competition_Completed_Results_Submission/Reproduction_Sources/m2-research/projects/formal-conjectures/FormalConjecturesForMathlib/Combinatorics/Basic.lean,,b65fa4b9,Filename/path inference; editable in the app
351122,Reproduction_Sources/m2-research/projects/formal-conjectures/FormalConjecturesForMathlib/Combinatorics/Digraph/Tournament.lean,General / shared,2840,"Email supplement received 06:19:17 CEST, after cutoff; distinct from on-time PDF | email ZIP",https://mail.google.com/mail/u/0/#all/1a0fffd2419ec392,,contestants/E02/13-archives/Math_Competition_Completed_Results_Submission_Bundle.zip,Math_Competition_Completed_Results_Submission/Reproduction_Sources/m2-research/projects/formal-conjectures/FormalConjecturesForMathlib/Combinatorics/Digraph/Tournament.lean,,f27b9b6c,Filename/path inference; editable in the app
351123,Reproduction_Sources/m2-research/projects/formal-conjectures/FormalConjecturesForMathlib/Combinatorics/Hypergraph/ThreeUniform.lean,Other formal mathematics,6530,"Email supplement received 06:19:17 CEST, after cutoff; distinct from on-time PDF | email ZIP",https://mail.google.com/mail/u/0/#all/1a0fffd2419ec392,,contestants/E02/13-archives/Math_Competition_Completed_Results_Submission_Bundle.zip,Math_Competition_Completed_Results_Submission/Reproduction_Sources/m2-research/projects/formal-conjectures/FormalConjecturesForMathlib/Combinatorics/Hypergraph/ThreeUniform.lean,,57731d40,Filename/path inference; editable in the app
351124,Reproduction_Sources/m2-research/projects/formal-conjectures/FormalConjecturesForMathlib/Combinatorics/LatinSquare.lean,General / shared,3005,"Email supplement received 06:19:17 CEST, after cutoff; distinct from on-time PDF | email ZIP",https://mail.google.com/mail/u/0/#all/1a0fffd2419ec392,,contestants/E02/13-archives/Math_Competition_Completed_Results_Submission_Bundle.zip,Math_Competition_Completed_Results_Submission/Reproduction_Sources/m2-research/projects/formal-conjectures/FormalConjecturesForMathlib/Combinatorics/LatinSquare.lean,,3fb2f76e,Filename/path inference; editable in the app
351125,Reproduction_Sources/m2-research/projects/formal-conjectures/FormalConjecturesForMathlib/Combinatorics/LimitObjects/Graphon.lean,General / shared,3373,"Email supplement received 06:19:17 CEST, after cutoff; distinct from on-time PDF | email ZIP",https://mail.google.com/mail/u/0/#all/1a0fffd2419ec392,,contestants/E02/13-archives/Math_Competition_Completed_Results_Submission_Bundle.zip,Math_Competition_Completed_Results_Submission/Reproduction_Sources/m2-research/projects/formal-conjectures/FormalConjecturesForMathlib/Combinatorics/LimitObjects/Graphon.lean,,3ff3c143,Filename/path inference; editable in the app
351126,Reproduction_Sources/m2-research/projects/formal-conjectures/FormalConjecturesForMathlib/Combinatorics/LimitObjects/Tournamenton.lean,General / shared,2738,"Email supplement received 06:19:17 CEST, after cutoff; distinct from on-time PDF | email ZIP",https://mail.google.com/mail/u/0/#all/1a0fffd2419ec392,,contestants/E02/13-archives/Math_Competition_Completed_Results_Submission_Bundle.zip,Math_Competition_Completed_Results_Submission/Reproduction_Sources/m2-research/projects/formal-conjectures/FormalConjecturesForMathlib/Combinatorics/LimitObjects/Tournamenton.lean,,3e0c36c2,Filename/path inference; editable in the app
351128,Reproduction_Sources/m2-research/projects/formal-conjectures/FormalConjecturesForMathlib/Combinatorics/Ramsey.lean,Ramsey multiplicity,2550,"Email supplement received 06:19:17 CEST, after cutoff; distinct from on-time PDF | email ZIP",https://mail.google.com/mail/u/0/#all/1a0fffd2419ec392,,contestants/E02/13-archives/Math_Competition_Completed_Results_Submission_Bundle.zip,Math_Competition_Completed_Results_Submission/Reproduction_Sources/m2-research/projects/formal-conjectures/FormalConjecturesForMathlib/Combinatorics/Ramsey.lean,,f7e295cb,Filename/path inference; editable in the app
351127,Reproduction_Sources/m2-research/projects/formal-conjectures/FormalConjecturesForMathlib/Combinatorics/Ramsey/Diagonal.lean,Ramsey multiplicity,14955,"Email supplement received 06:19:17 CEST, after cutoff; distinct from on-time PDF | email ZIP",https://mail.google.com/mail/u/0/#all/1a0fffd2419ec392,,contestants/E02/13-archives/Math_Competition_Completed_Results_Submission_Bundle.zip,Math_Competition_Completed_Results_Submission/Reproduction_Sources/m2-research/projects/formal-conjectures/FormalConjecturesForMathlib/Combinatorics/Ramsey/Diagonal.lean,,2367fc67,Filename/path inference; editable in the app
351129,Reproduction_Sources/m2-research/projects/formal-conjectures/FormalConjecturesForMathlib/Combinatorics/SetFamily/PropertyB.lean,General / shared,1272,"Email supplement received 06:19:17 CEST, after cutoff; distinct from on-time PDF | email ZIP",https://mail.google.com/mail/u/0/#all/1a0fffd2419ec392,,contestants/E02/13-archives/Math_Competition_Completed_Results_Submission_Bundle.zip,Math_Competition_Completed_Results_Submission/Reproduction_Sources/m2-research/projects/formal-conjectures/FormalConjecturesForMathlib/Combinatorics/SetFamily/PropertyB.lean,,f150c795,Filename/path inference; editable in the app
351130,Reproduction_Sources/m2-research/projects/formal-conjectures/FormalConjecturesForMathlib/Combinatorics/SetFamily/Sunflower.lean,General / shared,1682,"Email supplement received 06:19:17 CEST, after cutoff; distinct from on-time PDF | email ZIP",https://mail.google.com/mail/u/0/#all/1a0fffd2419ec392,,contestants/E02/13-archives/Math_Competition_Completed_Results_Submission_Bundle.zip,Math_Competition_Completed_Results_Submission/Reproduction_Sources/m2-research/projects/formal-conjectures/FormalConjecturesForMathlib/Combinatorics/SetFamily/Sunflower.lean,,43f4ed62,Filename/path inference; editable in the app
351131,Reproduction_Sources/m2-research/projects/formal-conjectures/FormalConjecturesForMathlib/Combinatorics/SetFamily/UnionFree.lean,General / shared,1535,"Email supplement received 06:19:17 CEST, after cutoff; distinct from on-time PDF | email ZIP",https://mail.google.com/mail/u/0/#all/1a0fffd2419ec392,,contestants/E02/13-archives/Math_Competition_Completed_Results_Submission_Bundle.zip,Math_Competition_Completed_Results_Submission/Reproduction_Sources/m2-research/projects/formal-conjectures/FormalConjecturesForMathlib/Combinatorics/SetFamily/UnionFree.lean,,e8e30852,Filename/path inference; editable in the app
351132,Reproduction_Sources/m2-research/projects/formal-conjectures/FormalConjecturesForMathlib/Combinatorics/SetFamily/VCDim.lean,General / shared,3803,"Email supplement received 06:19:17 CEST, after cutoff; distinct from on-time PDF | email ZIP",https://mail.google.com/mail/u/0/#all/1a0fffd2419ec392,,contestants/E02/13-archives/Math_Competition_Completed_Results_Submission_Bundle.zip,Math_Competition_Completed_Results_Submission/Reproduction_Sources/m2-research/projects/formal-conjectures/FormalConjecturesForMathlib/Combinatorics/SetFamily/VCDim.lean,,47ab052c,Filename/path inference; editable in the app
351133,Reproduction_Sources/m2-research/projects/formal-conjectures/FormalConjecturesForMathlib/Combinatorics/SetTheory/PartitionRelation.lean,General / shared,2187,"Email supplement received 06:19:17 CEST, after cutoff; distinct from on-time PDF | email ZIP",https://mail.google.com/mail/u/0/#all/1a0fffd2419ec392,,contestants/E02/13-archives/Math_Competition_Completed_Results_Submission_Bundle.zip,Math_Competition_Completed_Results_Submission/Reproduction_Sources/m2-research/projects/formal-conjectures/FormalConjecturesForMathlib/Combinatorics/SetTheory/PartitionRelation.lean,,5e587eb6,Filename/path inference; editable in the app
351134,Reproduction_Sources/m2-research/projects/formal-conjectures/FormalConjecturesForMathlib/Combinatorics/SimpleGraph/AnnihilationNumber.lean,General / shared,2875,"Email supplement received 06:19:17 CEST, after cutoff; distinct from on-time PDF | email ZIP",https://mail.google.com/mail/u/0/#all/1a0fffd2419ec392,,contestants/E02/13-archives/Math_Competition_Completed_Results_Submission_Bundle.zip,Math_Competition_Completed_Results_Submission/Reproduction_Sources/m2-research/projects/formal-conjectures/FormalConjecturesForMathlib/Combinatorics/SimpleGraph/AnnihilationNumber.lean,,8543f9a9,Filename/path inference; editable in the app
351135,Reproduction_Sources/m2-research/projects/formal-conjectures/FormalConjecturesForMathlib/Combinatorics/SimpleGraph/Balanced.lean,General / shared,1191,"Email supplement received 06:19:17 CEST, after cutoff; distinct from on-time PDF | email ZIP",https://mail.google.com/mail/u/0/#all/1a0fffd2419ec392,,contestants/E02/13-archives/Math_Competition_Completed_Results_Submission_Bundle.zip,Math_Competition_Completed_Results_Submission/Reproduction_Sources/m2-research/projects/formal-conjectures/FormalConjecturesForMathlib/Combinatorics/SimpleGraph/Balanced.lean,,efb281a6,Filename/path inference; editable in the app
351136,Reproduction_Sources/m2-research/projects/formal-conjectures/FormalConjecturesForMathlib/Combinatorics/SimpleGraph/Circumference.lean,General / shared,1524,"Email supplement received 06:19:17 CEST, after cutoff; distinct from on-time PDF | email ZIP",https://mail.google.com/mail/u/0/#all/1a0fffd2419ec392,,contestants/E02/13-archives/Math_Competition_Completed_Results_Submission_Bundle.zip,Math_Competition_Completed_Results_Submission/Reproduction_Sources/m2-research/projects/formal-conjectures/FormalConjecturesForMathlib/Combinatorics/SimpleGraph/Circumference.lean,,a63c8aa7,Filename/path inference; editable in the app
351137,Reproduction_Sources/m2-research/projects/formal-conjectures/FormalConjecturesForMathlib/Combinatorics/SimpleGraph/Clique.lean,General / shared,2184,"Email supplement received 06:19:17 CEST, after cutoff; distinct from on-time PDF | email ZIP",https://mail.google.com/mail/u/0/#all/1a0fffd2419ec392,,contestants/E02/13-archives/Math_Competition_Completed_Results_Submission_Bundle.zip,Math_Competition_Completed_Results_Submission/Reproduction_Sources/m2-research/projects/formal-conjectures/FormalConjecturesForMathlib/Combinatorics/SimpleGraph/Clique.lean,,e7ae7a11,Filename/path inference; editable in the app
351138,Reproduction_Sources/m2-research/projects/formal-conjectures/FormalConjecturesForMathlib/Combinatorics/SimpleGraph/Coloring/Vertex.lean,General / shared,7060,"Email supplement received 06:19:17 CEST, after cutoff; distinct from on-time PDF | email ZIP",https://mail.google.com/mail/u/0/#all/1a0fffd2419ec392,,contestants/E02/13-archives/Math_Competition_Completed_Results_Submission_Bundle.zip,Math_Competition_Completed_Results_Submission/Reproduction_Sources/m2-research/projects/formal-conjectures/FormalConjecturesForMathlib/Combinatorics/SimpleGraph/Coloring/Vertex.lean,,b87da243,Filename/path inference; editable in the app
351139,Reproduction_Sources/m2-research/projects/formal-conjectures/FormalConjecturesForMathlib/Combinatorics/SimpleGraph/CompleteGraphEdgeCount.lean,General / shared,1549,"Email supplement received 06:19:17 CEST, after cutoff; distinct from on-time PDF | email ZIP",https://mail.google.com/mail/u/0/#all/1a0fffd2419ec392,,contestants/E02/13-archives/Math_Competition_Completed_Results_Submission_Bundle.zip,Math_Competition_Completed_Results_Submission/Reproduction_Sources/m2-research/projects/formal-conjectures/FormalConjecturesForMathlib/Combinatorics/SimpleGraph/CompleteGraphEdgeCount.lean,,f37ae808,Filename/path inference; editable in the app
351140,Reproduction_Sources/m2-research/projects/formal-conjectures/FormalConjecturesForMathlib/Combinatorics/SimpleGraph/Connectivity.lean,General / shared,7671,"Email supplement received 06:19:17 CEST, after cutoff; distinct from on-time PDF | email ZIP",https://mail.google.com/mail/u/0/#all/1a0fffd2419ec392,,contestants/E02/13-archives/Math_Competition_Completed_Results_Submission_Bundle.zip,Math_Competition_Completed_Results_Submission/Reproduction_Sources/m2-research/projects/formal-conjectures/FormalConjecturesForMathlib/Combinatorics/SimpleGraph/Connectivity.lean,,32966c6a,Filename/path inference; editable in the app
351141,Reproduction_Sources/m2-research/projects/formal-conjectures/FormalConjecturesForMathlib/Combinatorics/SimpleGraph/Cvetkovic.lean,General / shared,1660,"Email supplement received 06:19:17 CEST, after cutoff; distinct from on-time PDF | email ZIP",https://mail.google.com/mail/u/0/#all/1a0fffd2419ec392,,contestants/E02/13-archives/Math_Competition_Completed_Results_Submission_Bundle.zip,Math_Competition_Completed_Results_Submission/Reproduction_Sources/m2-research/projects/formal-conjectures/FormalConjecturesForMathlib/Combinatorics/SimpleGraph/Cvetkovic.lean,,ce0af381,Filename/path inference; editable in the app
351142,Reproduction_Sources/m2-research/projects/formal-conjectures/FormalConjecturesForMathlib/Combinatorics/SimpleGraph/Cycle.lean,General / shared,1977,"Email supplement received 06:19:17 CEST, after cutoff; distinct from on-time PDF | email ZIP",https://mail.google.com/mail/u/0/#all/1a0fffd2419ec392,,contestants/E02/13-archives/Math_Competition_Completed_Results_Submission_Bundle.zip,Math_Competition_Completed_Results_Submission/Reproduction_Sources/m2-research/projects/formal-conjectures/FormalConjecturesForMathlib/Combinatorics/SimpleGraph/Cycle.lean,,6e333657,Filename/path inference; editable in the app
351143,Reproduction_Sources/m2-research/projects/formal-conjectures/FormalConjecturesForMathlib/Combinatorics/SimpleGraph/CycleRank.lean,General / shared,1061,"Email supplement received 06:19:17 CEST, after cutoff; distinct from on-time PDF | email ZIP",https://mail.google.com/mail/u/0/#all/1a0fffd2419ec392,,contestants/E02/13-archives/Math_Competition_Completed_Results_Submission_Bundle.zip,Math_Competition_Completed_Results_Submission/Reproduction_Sources/m2-research/projects/formal-conjectures/FormalConjecturesForMathlib/Combinatorics/SimpleGraph/CycleRank.lean,,81fb6dab,Filename/path inference; editable in the app
351144,Reproduction_Sources/m2-research/projects/formal-conjectures/FormalConjecturesForMathlib/Combinatorics/SimpleGraph/Decomposition.lean,General / shared,1321,"Email supplement received 06:19:17 CEST, after cutoff; distinct from on-time PDF | email ZIP",https://mail.google.com/mail/u/0/#all/1a0fffd2419ec392,,contestants/E02/13-archives/Math_Competition_Completed_Results_Submission_Bundle.zip,Math_Competition_Completed_Results_Submission/Reproduction_Sources/m2-research/projects/formal-conjectures/FormalConjecturesForMathlib/Combinatorics/SimpleGraph/Decomposition.lean,,4d21fcbc,Filename/path inference; editable in the app
351145,Reproduction_Sources/m2-research/projects/formal-conjectures/FormalConjecturesForMathlib/Combinatorics/SimpleGraph/Degeneracy.lean,General / shared,1762,"Email supplement received 06:19:17 CEST, after cutoff; distinct from on-time PDF | email ZIP",https://mail.google.com/mail/u/0/#all/1a0fffd2419ec392,,contestants/E02/13-archives/Math_Competition_Completed_Results_Submission_Bundle.zip,Math_Competition_Completed_Results_Submission/Reproduction_Sources/m2-research/projects/formal-conjectures/FormalConjecturesForMathlib/Combinatorics/SimpleGraph/Degeneracy.lean,,02ee6f11,Filename/path inference; editable in the app
351146,Reproduction_Sources/m2-research/projects/formal-conjectures/FormalConjecturesForMathlib/Combinatorics/SimpleGraph/Degrees.lean,General / shared,6648,"Email supplement received 06:19:17 CEST, after cutoff; distinct from on-time PDF | email ZIP",https://mail.google.com/mail/u/0/#all/1a0fffd2419ec392,,contestants/E02/13-archives/Math_Competition_Completed_Results_Submission_Bundle.zip,Math_Competition_Completed_Results_Submission/Reproduction_Sources/m2-research/projects/formal-conjectures/FormalConjecturesForMathlib/Combinatorics/SimpleGraph/Degrees.lean,,edfb7855,Filename/path inference; editable in the app
351147,Reproduction_Sources/m2-research/projects/formal-conjectures/FormalConjecturesForMathlib/Combinatorics/SimpleGraph/DiamExtra.lean,General / shared,1035,"Email supplement received 06:19:17 CEST, after cutoff; distinct from on-time PDF | email ZIP",https://mail.google.com/mail/u/0/#all/1a0fffd2419ec392,,contestants/E02/13-archives/Math_Competition_Completed_Results_Submission_Bundle.zip,Math_Competition_Completed_Results_Submission/Reproduction_Sources/m2-research/projects/formal-conjectures/FormalConjecturesForMathlib/Combinatorics/SimpleGraph/DiamExtra.lean,,4c201c4b,Filename/path inference; editable in the app
351148,Reproduction_Sources/m2-research/projects/formal-conjectures/FormalConjecturesForMathlib/Combinatorics/SimpleGraph/Domination.lean,General / shared,8318,"Email supplement received 06:19:17 CEST, after cutoff; distinct from on-time PDF | email ZIP",https://mail.google.com/mail/u/0/#all/1a0fffd2419ec392,,contestants/E02/13-archives/Math_Competition_Completed_Results_Submission_Bundle.zip,Math_Competition_Completed_Results_Submission/Reproduction_Sources/m2-research/projects/formal-conjectures/FormalConjecturesForMathlib/Combinatorics/SimpleGraph/Domination.lean,,eaba9581,Filename/path inference; editable in the app
351149,Reproduction_Sources/m2-research/projects/formal-conjectures/FormalConjecturesForMathlib/Combinatorics/SimpleGraph/Eccentricity.lean,General / shared,4514,"Email supplement received 06:19:17 CEST, after cutoff; distinct from on-time PDF | email ZIP",https://mail.google.com/mail/u/0/#all/1a0fffd2419ec392,,contestants/E02/13-archives/Math_Competition_Completed_Results_Submission_Bundle.zip,Math_Competition_Completed_Results_Submission/Reproduction_Sources/m2-research/projects/formal-conjectures/FormalConjecturesForMathlib/Combinatorics/SimpleGraph/Eccentricity.lean,,d3fb59f1,Filename/path inference; editable in the app
351150,Reproduction_Sources/m2-research/projects/formal-conjectures/FormalConjecturesForMathlib/Combinatorics/SimpleGraph/EdgeColouring.lean,General / shared,2286,"Email supplement received 06:19:17 CEST, after cutoff; distinct from on-time PDF | email ZIP",https://mail.google.com/mail/u/0/#all/1a0fffd2419ec392,,contestants/E02/13-archives/Math_Competition_Completed_Results_Submission_Bundle.zip,Math_Competition_Completed_Results_Submission/Reproduction_Sources/m2-research/projects/formal-conjectures/FormalConjecturesForMathlib/Combinatorics/SimpleGraph/EdgeColouring.lean,,003247b3,Filename/path inference; editable in the app
351151,Reproduction_Sources/m2-research/projects/formal-conjectures/FormalConjecturesForMathlib/Combinatorics/SimpleGraph/FractionalAlpha.lean,General / shared,1279,"Email supplement received 06:19:17 CEST, after cutoff; distinct from on-time PDF | email ZIP",https://mail.google.com/mail/u/0/#all/1a0fffd2419ec392,,contestants/E02/13-archives/Math_Competition_Completed_Results_Submission_Bundle.zip,Math_Competition_Completed_Results_Submission/Reproduction_Sources/m2-research/projects/formal-conjectures/FormalConjecturesForMathlib/Combinatorics/SimpleGraph/FractionalAlpha.lean,,3db3ee20,Filename/path inference; editable in the app
351152,Reproduction_Sources/m2-research/projects/formal-conjectures/FormalConjecturesForMathlib/Combinatorics/SimpleGraph/HarmonicIndex.lean,Erdos 3,1231,"Email supplement received 06:19:17 CEST, after cutoff; distinct from on-time PDF | email ZIP",https://mail.google.com/mail/u/0/#all/1a0fffd2419ec392,,contestants/E02/13-archives/Math_Competition_Completed_Results_Submission_Bundle.zip,Math_Competition_Completed_Results_Submission/Reproduction_Sources/m2-research/projects/formal-conjectures/FormalConjecturesForMathlib/Combinatorics/SimpleGraph/HarmonicIndex.lean,,32a5af6a,Filename/path inference; editable in the app
351153,Reproduction_Sources/m2-research/projects/formal-conjectures/FormalConjecturesForMathlib/Combinatorics/SimpleGraph/HomDensity.lean,General / shared,3278,"Email supplement received 06:19:17 CEST, after cutoff; distinct from on-time PDF | email ZIP",https://mail.google.com/mail/u/0/#all/1a0fffd2419ec392,,contestants/E02/13-archives/Math_Competition_Completed_Results_Submission_Bundle.zip,Math_Competition_Completed_Results_Submission/Reproduction_Sources/m2-research/projects/formal-conjectures/FormalConjecturesForMathlib/Combinatorics/SimpleGraph/HomDensity.lean,,acfd38ca,Filename/path inference; editable in the app
351154,Reproduction_Sources/m2-research/projects/formal-conjectures/FormalConjecturesForMathlib/Combinatorics/SimpleGraph/Hypercube.lean,General / shared,1466,"Email supplement received 06:19:17 CEST, after cutoff; distinct from on-time PDF | email ZIP",https://mail.google.com/mail/u/0/#all/1a0fffd2419ec392,,contestants/E02/13-archives/Math_Competition_Completed_Results_Submission_Bundle.zip,Math_Competition_Completed_Results_Submission/Reproduction_Sources/m2-research/projects/formal-conjectures/FormalConjecturesForMathlib/Combinatorics/SimpleGraph/Hypercube.lean,,ec4a74d2,Filename/path inference; editable in the app
351155,Reproduction_Sources/m2-research/projects/formal-conjectures/FormalConjecturesForMathlib/Combinatorics/SimpleGraph/Independence.lean,General / shared,5455,"Email supplement received 06:19:17 CEST, after cutoff; distinct from on-time PDF | email ZIP",https://mail.google.com/mail/u/0/#all/1a0fffd2419ec392,,contestants/E02/13-archives/Math_Competition_Completed_Results_Submission_Bundle.zip,Math_Competition_Completed_Results_Submission/Reproduction_Sources/m2-research/projects/formal-conjectures/FormalConjecturesForMathlib/Combinatorics/SimpleGraph/Independence.lean,,3fcaab79,Filename/path inference; editable in the app
351156,Reproduction_Sources/m2-research/projects/formal-conjectures/FormalConjecturesForMathlib/Combinatorics/SimpleGraph/Induced.lean,General / shared,3473,"Email supplement received 06:19:17 CEST, after cutoff; distinct from on-time PDF | email ZIP",https://mail.google.com/mail/u/0/#all/1a0fffd2419ec392,,contestants/E02/13-archives/Math_Competition_Completed_Results_Submission_Bundle.zip,Math_Competition_Completed_Results_Submission/Reproduction_Sources/m2-research/projects/formal-conjectures/FormalConjecturesForMathlib/Combinatorics/SimpleGraph/Induced.lean,,7103d58c,Filename/path inference; editable in the app
351157,Reproduction_Sources/m2-research/projects/formal-conjectures/FormalConjecturesForMathlib/Combinatorics/SimpleGraph/InducedTreeNeighborhood.lean,General / shared,23529,"Email supplement received 06:19:17 CEST, after cutoff; distinct from on-time PDF | email ZIP",https://mail.google.com/mail/u/0/#all/1a0fffd2419ec392,,contestants/E02/13-archives/Math_Competition_Completed_Results_Submission_Bundle.zip,Math_Competition_Completed_Results_Submission/Reproduction_Sources/m2-research/projects/formal-conjectures/FormalConjecturesForMathlib/Combinatorics/SimpleGraph/InducedTreeNeighborhood.lean,,dacbc9a1,Filename/path inference; editable in the app
351158,Reproduction_Sources/m2-research/projects/formal-conjectures/FormalConjecturesForMathlib/Combinatorics/SimpleGraph/Johnson.lean,General / shared,1957,"Email supplement received 06:19:17 CEST, after cutoff; distinct from on-time PDF | email ZIP",https://mail.google.com/mail/u/0/#all/1a0fffd2419ec392,,contestants/E02/13-archives/Math_Competition_Completed_Results_Submission_Bundle.zip,Math_Competition_Completed_Results_Submission/Reproduction_Sources/m2-research/projects/formal-conjectures/FormalConjecturesForMathlib/Combinatorics/SimpleGraph/Johnson.lean,,3348cd3a,Filename/path inference; editable in the app
351159,Reproduction_Sources/m2-research/projects/formal-conjectures/FormalConjecturesForMathlib/Combinatorics/SimpleGraph/LargestInducedTree.lean,General / shared,18994,"Email supplement received 06:19:17 CEST, after cutoff; distinct from on-time PDF | email ZIP",https://mail.google.com/mail/u/0/#all/1a0fffd2419ec392,,contestants/E02/13-archives/Math_Competition_Completed_Results_Submission_Bundle.zip,Math_Competition_Completed_Results_Submission/Reproduction_Sources/m2-research/projects/formal-conjectures/FormalConjecturesForMathlib/Combinatorics/SimpleGraph/LargestInducedTree.lean,,d2a4c3b7,Filename/path inference; editable in the app
351160,Reproduction_Sources/m2-research/projects/formal-conjectures/FormalConjecturesForMathlib/Combinatorics/SimpleGraph/LovaszTheta.lean,General / shared,9573,"Email supplement received 06:19:17 CEST, after cutoff; distinct from on-time PDF | email ZIP",https://mail.google.com/mail/u/0/#all/1a0fffd2419ec392,,contestants/E02/13-archives/Math_Competition_Completed_Results_Submission_Bundle.zip,Math_Competition_Completed_Results_Submission/Reproduction_Sources/m2-research/projects/formal-conjectures/FormalConjecturesForMathlib/Combinatorics/SimpleGraph/LovaszTheta.lean,,bcd2dd3b,Filename/path inference; editable in the app
351161,Reproduction_Sources/m2-research/projects/formal-conjectures/FormalConjecturesForMathlib/Combinatorics/SimpleGraph/Matching.lean,General / shared,3573,"Email supplement received 06:19:17 CEST, after cutoff; distinct from on-time PDF | email ZIP",https://mail.google.com/mail/u/0/#all/1a0fffd2419ec392,,contestants/E02/13-archives/Math_Competition_Completed_Results_Submission_Bundle.zip,Math_Competition_Completed_Results_Submission/Reproduction_Sources/m2-research/projects/formal-conjectures/FormalConjecturesForMathlib/Combinatorics/SimpleGraph/Matching.lean,,ece06e7b,Filename/path inference; editable in the app
351162,Reproduction_Sources/m2-research/projects/formal-conjectures/FormalConjecturesForMathlib/Combinatorics/SimpleGraph/PathCover.lean,General / shared,1347,"Email supplement received 06:19:17 CEST, after cutoff; distinct from on-time PDF | email ZIP",https://mail.google.com/mail/u/0/#all/1a0fffd2419ec392,,contestants/E02/13-archives/Math_Competition_Completed_Results_Submission_Bundle.zip,Math_Competition_Completed_Results_Submission/Reproduction_Sources/m2-research/projects/formal-conjectures/FormalConjecturesForMathlib/Combinatorics/SimpleGraph/PathCover.lean,,17ce1b8f,Filename/path inference; editable in the app
351163,Reproduction_Sources/m2-research/projects/formal-conjectures/FormalConjecturesForMathlib/Combinatorics/SimpleGraph/Prod.lean,General / shared,1274,"Email supplement received 06:19:17 CEST, after cutoff; distinct from on-time PDF | email ZIP",https://mail.google.com/mail/u/0/#all/1a0fffd2419ec392,,contestants/E02/13-archives/Math_Competition_Completed_Results_Submission_Bundle.zip,Math_Competition_Completed_Results_Submission/Reproduction_Sources/m2-research/projects/formal-conjectures/FormalConjecturesForMathlib/Combinatorics/SimpleGraph/Prod.lean,,c73fc9de,Filename/path inference; editable in the app
351164,Reproduction_Sources/m2-research/projects/formal-conjectures/FormalConjecturesForMathlib/Combinatorics/SimpleGraph/QuasiLineGraph.lean,General / shared,1086,"Email supplement received 06:19:17 CEST, after cutoff; distinct from on-time PDF | email ZIP",https://mail.google.com/mail/u/0/#all/1a0fffd2419ec392,,contestants/E02/13-archives/Math_Competition_Completed_Results_Submission_Bundle.zip,Math_Competition_Completed_Results_Submission/Reproduction_Sources/m2-research/projects/formal-conjectures/FormalConjecturesForMathlib/Combinatorics/SimpleGraph/QuasiLineGraph.lean,,ba2ac9b9,Filename/path inference; editable in the app
351165,Reproduction_Sources/m2-research/projects/formal-conjectures/FormalConjecturesForMathlib/Combinatorics/SimpleGraph/Ramsey.lean,Ramsey multiplicity,4952,"Email supplement received 06:19:17 CEST, after cutoff; distinct from on-time PDF | email ZIP",https://mail.google.com/mail/u/0/#all/1a0fffd2419ec392,,contestants/E02/13-archives/Math_Competition_Completed_Results_Submission_Bundle.zip,Math_Competition_Completed_Results_Submission/Reproduction_Sources/m2-research/projects/formal-conjectures/FormalConjecturesForMathlib/Combinatorics/SimpleGraph/Ramsey.lean,,30798f85,Filename/path inference; editable in the app
351166,Reproduction_Sources/m2-research/projects/formal-conjectures/FormalConjecturesForMathlib/Combinatorics/SimpleGraph/Residue.lean,General / shared,3499,"Email supplement received 06:19:17 CEST, after cutoff; distinct from on-time PDF | email ZIP",https://mail.google.com/mail/u/0/#all/1a0fffd2419ec392,,contestants/E02/13-archives/Math_Competition_Completed_Results_Submission_Bundle.zip,Math_Competition_Completed_Results_Submission/Reproduction_Sources/m2-research/projects/formal-conjectures/FormalConjecturesForMathlib/Combinatorics/SimpleGraph/Residue.lean,,41d4d418,Filename/path inference; editable in the app
351167,Reproduction_Sources/m2-research/projects/formal-conjectures/FormalConjecturesForMathlib/Combinatorics/SimpleGraph/Saturation.lean,General / shared,3070,"Email supplement received 06:19:17 CEST, after cutoff; distinct from on-time PDF | email ZIP",https://mail.google.com/mail/u/0/#all/1a0fffd2419ec392,,contestants/E02/13-archives/Math_Competition_Completed_Results_Submission_Bundle.zip,Math_Competition_Completed_Results_Submission/Reproduction_Sources/m2-research/projects/formal-conjectures/FormalConjecturesForMathlib/Combinatorics/SimpleGraph/Saturation.lean,,7f11e097,Filename/path inference; editable in the app
351168,Reproduction_Sources/m2-research/projects/formal-conjectures/FormalConjecturesForMathlib/Combinatorics/SimpleGraph/SizeRamsey.lean,Ramsey multiplicity,1659,"Email supplement received 06:19:17 CEST, after cutoff; distinct from on-time PDF | email ZIP",https://mail.google.com/mail/u/0/#all/1a0fffd2419ec392,,contestants/E02/13-archives/Math_Competition_Completed_Results_Submission_Bundle.zip,Math_Competition_Completed_Results_Submission/Reproduction_Sources/m2-research/projects/formal-conjectures/FormalConjecturesForMathlib/Combinatorics/SimpleGraph/SizeRamsey.lean,,f024271e,Filename/path inference; editable in the app
351169,Reproduction_Sources/m2-research/projects/formal-conjectures/FormalConjecturesForMathlib/Combinatorics/SimpleGraph/SpanningTree.lean,General / shared,1346,"Email supplement received 06:19:17 CEST, after cutoff; distinct from on-time PDF | email ZIP",https://mail.google.com/mail/u/0/#all/1a0fffd2419ec392,,contestants/E02/13-archives/Math_Competition_Completed_Results_Submission_Bundle.zip,Math_Competition_Completed_Results_Submission/Reproduction_Sources/m2-research/projects/formal-conjectures/FormalConjecturesForMathlib/Combinatorics/SimpleGraph/SpanningTree.lean,,5ffd4acb,Filename/path inference; editable in the app
351170,Reproduction_Sources/m2-research/projects/formal-conjectures/FormalConjecturesForMathlib/Combinatorics/SimpleGraph/SubgraphIsomorphism.lean,General / shared,1575,"Email supplement received 06:19:17 CEST, after cutoff; distinct from on-time PDF | email ZIP",https://mail.google.com/mail/u/0/#all/1a0fffd2419ec392,,contestants/E02/13-archives/Math_Competition_Completed_Results_Submission_Bundle.zip,Math_Competition_Completed_Results_Submission/Reproduction_Sources/m2-research/projects/formal-conjectures/FormalConjecturesForMathlib/Combinatorics/SimpleGraph/SubgraphIsomorphism.lean,,de1148a4,Filename/path inference; editable in the app
351171,Reproduction_Sources/m2-research/projects/formal-conjectures/FormalConjecturesForMathlib/Combinatorics/SimpleGraph/SzegedIndex.lean,General / shared,3539,"Email supplement received 06:19:17 CEST, after cutoff; distinct from on-time PDF | email ZIP",https://mail.google.com/mail/u/0/#all/1a0fffd2419ec392,,contestants/E02/13-archives/Math_Competition_Completed_Results_Submission_Bundle.zip,Math_Competition_Completed_Results_Submission/Reproduction_Sources/m2-research/projects/formal-conjectures/FormalConjecturesForMathlib/Combinatorics/SimpleGraph/SzegedIndex.lean,,7df70f77,Filename/path inference; editable in the app
351172,Reproduction_Sources/m2-research/projects/formal-conjectures/FormalConjecturesForMathlib/Combinatorics/SimpleGraph/Temperature.lean,General / shared,1291,"Email supplement received 06:19:17 CEST, after cutoff; distinct from on-time PDF | email ZIP",https://mail.google.com/mail/u/0/#all/1a0fffd2419ec392,,contestants/E02/13-archives/Math_Competition_Completed_Results_Submission_Bundle.zip,Math_Competition_Completed_Results_Submission/Reproduction_Sources/m2-research/projects/formal-conjectures/FormalConjecturesForMathlib/Combinatorics/SimpleGraph/Temperature.lean,,801e98f9,Filename/path inference; editable in the app
351173,Reproduction_Sources/m2-research/projects/formal-conjectures/FormalConjecturesForMathlib/Combinatorics/SimpleGraph/UnitDistancePlaneGraph.lean,General / shared,2383,"Email supplement received 06:19:17 CEST, after cutoff; distinct from on-time PDF | email ZIP",https://mail.google.com/mail/u/0/#all/1a0fffd2419ec392,,contestants/E02/13-archives/Math_Competition_Completed_Results_Submission_Bundle.zip,Math_Competition_Completed_Results_Submission/Reproduction_Sources/m2-research/projects/formal-conjectures/FormalConjecturesForMathlib/Combinatorics/SimpleGraph/UnitDistancePlaneGraph.lean,,ce171707,Filename/path inference; editable in the app
351174,Reproduction_Sources/m2-research/projects/formal-conjectures/FormalConjecturesForMathlib/Combinatorics/SimpleGraph/VertexDistance.lean,General / shared,19283,"Email supplement received 06:19:17 CEST, after cutoff; distinct from on-time PDF | email ZIP",https://mail.google.com/mail/u/0/#all/1a0fffd2419ec392,,contestants/E02/13-archives/Math_Competition_Completed_Results_Submission_Bundle.zip,Math_Competition_Completed_Results_Submission/Reproduction_Sources/m2-research/projects/formal-conjectures/FormalConjecturesForMathlib/Combinatorics/SimpleGraph/VertexDistance.lean,,90f0999b,Filename/path inference; editable in the app
351175,Reproduction_Sources/m2-research/projects/formal-conjectures/FormalConjecturesForMathlib/Combinatorics/SimpleGraph/WellTotallyDominated.lean,General / shared,2431,"Email supplement received 06:19:17 CEST, after cutoff; distinct from on-time PDF | email ZIP",https://mail.google.com/mail/u/0/#all/1a0fffd2419ec392,,contestants/E02/13-archives/Math_Competition_Completed_Results_Submission_Bundle.zip,Math_Competition_Completed_Results_Submission/Reproduction_Sources/m2-research/projects/formal-conjectures/FormalConjecturesForMathlib/Combinatorics/SimpleGraph/WellTotallyDominated.lean,,6f134693,Filename/path inference; editable in the app
351176,Reproduction_Sources/m2-research/projects/formal-conjectures/FormalConjecturesForMathlib/Combinatorics/SimpleGraph/WienerIndex.lean,General / shared,4562,"Email supplement received 06:19:17 CEST, after cutoff; distinct from on-time PDF | email ZIP",https://mail.google.com/mail/u/0/#all/1a0fffd2419ec392,,contestants/E02/13-archives/Math_Competition_Completed_Results_Submission_Bundle.zip,Math_Competition_Completed_Results_Submission/Reproduction_Sources/m2-research/projects/formal-conjectures/FormalConjecturesForMathlib/Combinatorics/SimpleGraph/WienerIndex.lean,,46de5806,Filename/path inference; editable in the app
351177,Reproduction_Sources/m2-research/projects/formal-conjectures/FormalConjecturesForMathlib/Combinatorics/YoungDiagram.lean,General / shared,1264,"Email supplement received 06:19:17 CEST, after cutoff; distinct from on-time PDF | email ZIP",https://mail.google.com/mail/u/0/#all/1a0fffd2419ec392,,contestants/E02/13-archives/Math_Competition_Completed_Results_Submission_Bundle.zip,Math_Competition_Completed_Results_Submission/Reproduction_Sources/m2-research/projects/formal-conjectures/FormalConjecturesForMathlib/Combinatorics/YoungDiagram.lean,,7f0c66df,Filename/path inference; editable in the app
351178,Reproduction_Sources/m2-research/projects/formal-conjectures/FormalConjecturesForMathlib/Computability/AutomaticSequence.lean,General / shared,3461,"Email supplement received 06:19:17 CEST, after cutoff; distinct from on-time PDF | email ZIP",https://mail.google.com/mail/u/0/#all/1a0fffd2419ec392,,contestants/E02/13-archives/Math_Competition_Completed_Results_Submission_Bundle.zip,Math_Competition_Completed_Results_Submission/Reproduction_Sources/m2-research/projects/formal-conjectures/FormalConjecturesForMathlib/Computability/AutomaticSequence.lean,,ba6943e3,Filename/path inference; editable in the app
351179,Reproduction_Sources/m2-research/projects/formal-conjectures/FormalConjecturesForMathlib/Computability/BitstringEncoding.lean,General / shared,8912,"Email supplement received 06:19:17 CEST, after cutoff; distinct from on-time PDF | email ZIP",https://mail.google.com/mail/u/0/#all/1a0fffd2419ec392,,contestants/E02/13-archives/Math_Competition_Completed_Results_Submission_Bundle.zip,Math_Competition_Completed_Results_Submission/Reproduction_Sources/m2-research/projects/formal-conjectures/FormalConjecturesForMathlib/Computability/BitstringEncoding.lean,,127c5ca2,Filename/path inference; editable in the app
351180,Reproduction_Sources/m2-research/projects/formal-conjectures/FormalConjecturesForMathlib/Computability/Complexity.lean,General / shared,3302,"Email supplement received 06:19:17 CEST, after cutoff; distinct from on-time PDF | email ZIP",https://mail.google.com/mail/u/0/#all/1a0fffd2419ec392,,contestants/E02/13-archives/Math_Competition_Completed_Results_Submission_Bundle.zip,Math_Competition_Completed_Results_Submission/Reproduction_Sources/m2-research/projects/formal-conjectures/FormalConjecturesForMathlib/Computability/Complexity.lean,,a7da76ce,Filename/path inference; editable in the app
351181,Reproduction_Sources/m2-research/projects/formal-conjectures/FormalConjecturesForMathlib/Computability/DFA.lean,General / shared,2740,"Email supplement received 06:19:17 CEST, after cutoff; distinct from on-time PDF | email ZIP",https://mail.google.com/mail/u/0/#all/1a0fffd2419ec392,,contestants/E02/13-archives/Math_Competition_Completed_Results_Submission_Bundle.zip,Math_Competition_Completed_Results_Submission/Reproduction_Sources/m2-research/projects/formal-conjectures/FormalConjecturesForMathlib/Computability/DFA.lean,,20c215b0,Filename/path inference; editable in the app
351182,Reproduction_Sources/m2-research/projects/formal-conjectures/FormalConjecturesForMathlib/Computability/Primrec.lean,General / shared,1937,"Email supplement received 06:19:17 CEST, after cutoff; distinct from on-time PDF | email ZIP",https://mail.google.com/mail/u/0/#all/1a0fffd2419ec392,,contestants/E02/13-archives/Math_Competition_Completed_Results_Submission_Bundle.zip,Math_Competition_Completed_Results_Submission/Reproduction_Sources/m2-research/projects/formal-conjectures/FormalConjecturesForMathlib/Computability/Primrec.lean,,a9440560,Filename/path inference; editable in the app
351183,Reproduction_Sources/m2-research/projects/formal-conjectures/FormalConjecturesForMathlib/Computability/TuringMachine/BusyBeavers.lean,Busy Beaver,8424,"Email supplement received 06:19:17 CEST, after cutoff; distinct from on-time PDF | email ZIP",https://mail.google.com/mail/u/0/#all/1a0fffd2419ec392,,contestants/E02/13-archives/Math_Competition_Completed_Results_Submission_Bundle.zip,Math_Competition_Completed_Results_Submission/Reproduction_Sources/m2-research/projects/formal-conjectures/FormalConjecturesForMathlib/Computability/TuringMachine/BusyBeavers.lean,,e99f0bbd,Filename/path inference; editable in the app
351184,Reproduction_Sources/m2-research/projects/formal-conjectures/FormalConjecturesForMathlib/Computability/TuringMachine/Notation.lean,General / shared,12872,"Email supplement received 06:19:17 CEST, after cutoff; distinct from on-time PDF | email ZIP",https://mail.google.com/mail/u/0/#all/1a0fffd2419ec392,,contestants/E02/13-archives/Math_Competition_Completed_Results_Submission_Bundle.zip,Math_Competition_Completed_Results_Submission/Reproduction_Sources/m2-research/projects/formal-conjectures/FormalConjecturesForMathlib/Computability/TuringMachine/Notation.lean,,98c2b232,Filename/path inference; editable in the app
351185,Reproduction_Sources/m2-research/projects/formal-conjectures/FormalConjecturesForMathlib/Computability/TuringMachine/PostTuringMachine.lean,General / shared,3177,"Email supplement received 06:19:17 CEST, after cutoff; distinct from on-time PDF | email ZIP",https://mail.google.com/mail/u/0/#all/1a0fffd2419ec392,,contestants/E02/13-archives/Math_Competition_Completed_Results_Submission_Bundle.zip,Math_Competition_Completed_Results_Submission/Reproduction_Sources/m2-research/projects/formal-conjectures/FormalConjecturesForMathlib/Computability/TuringMachine/PostTuringMachine.lean,,9619bf9d,Filename/path inference; editable in the app
351186,Reproduction_Sources/m2-research/projects/formal-conjectures/FormalConjecturesForMathlib/Data/Bool/Basic.lean,General / shared,785,"Email supplement received 06:19:17 CEST, after cutoff; distinct from on-time PDF | email ZIP",https://mail.google.com/mail/u/0/#all/1a0fffd2419ec392,,contestants/E02/13-archives/Math_Competition_Completed_Results_Submission_Bundle.zip,Math_Competition_Completed_Results_Submission/Reproduction_Sources/m2-research/projects/formal-conjectures/FormalConjecturesForMathlib/Data/Bool/Basic.lean,,e78eed48,Filename/path inference; editable in the app
351187,Reproduction_Sources/m2-research/projects/formal-conjectures/FormalConjecturesForMathlib/Data/Finset/Card.lean,General / shared,848,"Email supplement received 06:19:17 CEST, after cutoff; distinct from on-time PDF | email ZIP",https://mail.google.com/mail/u/0/#all/1a0fffd2419ec392,,contestants/E02/13-archives/Math_Competition_Completed_Results_Submission_Bundle.zip,Math_Competition_Completed_Results_Submission/Reproduction_Sources/m2-research/projects/formal-conjectures/FormalConjecturesForMathlib/Data/Finset/Card.lean,,c70f92c5,Filename/path inference; editable in the app
351188,Reproduction_Sources/m2-research/projects/formal-conjectures/FormalConjecturesForMathlib/Data/Finset/Powerset.lean,General / shared,2482,"Email supplement received 06:19:17 CEST, after cutoff; distinct from on-time PDF | email ZIP",https://mail.google.com/mail/u/0/#all/1a0fffd2419ec392,,contestants/E02/13-archives/Math_Competition_Completed_Results_Submission_Bundle.zip,Math_Competition_Completed_Results_Submission/Reproduction_Sources/m2-research/projects/formal-conjectures/FormalConjecturesForMathlib/Data/Finset/Powerset.lean,,728ecd1f,Filename/path inference; editable in the app
351189,Reproduction_Sources/m2-research/projects/formal-conjectures/FormalConjecturesForMathlib/Data/Finset/ReciprocalSum.lean,Erdos 3,893,"Email supplement received 06:19:17 CEST, after cutoff; distinct from on-time PDF | email ZIP",https://mail.google.com/mail/u/0/#all/1a0fffd2419ec392,,contestants/E02/13-archives/Math_Competition_Completed_Results_Submission_Bundle.zip,Math_Competition_Completed_Results_Submission/Reproduction_Sources/m2-research/projects/formal-conjectures/FormalConjecturesForMathlib/Data/Finset/ReciprocalSum.lean,,3e78daee,Filename/path inference; editable in the app
351190,Reproduction_Sources/m2-research/projects/formal-conjectures/FormalConjecturesForMathlib/Data/Int/IntermediateValue.lean,General / shared,1857,"Email supplement received 06:19:17 CEST, after cutoff; distinct from on-time PDF | email ZIP",https://mail.google.com/mail/u/0/#all/1a0fffd2419ec392,,contestants/E02/13-archives/Math_Competition_Completed_Results_Submission_Bundle.zip,Math_Competition_Completed_Results_Submission/Reproduction_Sources/m2-research/projects/formal-conjectures/FormalConjecturesForMathlib/Data/Int/IntermediateValue.lean,,d11beeac,Filename/path inference; editable in the app
351191,Reproduction_Sources/m2-research/projects/formal-conjectures/FormalConjecturesForMathlib/Data/Int/Order/Basic.lean,General / shared,717,"Email supplement received 06:19:17 CEST, after cutoff; distinct from on-time PDF | email ZIP",https://mail.google.com/mail/u/0/#all/1a0fffd2419ec392,,contestants/E02/13-archives/Math_Competition_Completed_Results_Submission_Bundle.zip,Math_Competition_Completed_Results_Submission/Reproduction_Sources/m2-research/projects/formal-conjectures/FormalConjecturesForMathlib/Data/Int/Order/Basic.lean,,9f074166,Filename/path inference; editable in the app
351192,Reproduction_Sources/m2-research/projects/formal-conjectures/FormalConjecturesForMathlib/Data/Nat/Factorization/Basic.lean,General / shared,1223,"Email supplement received 06:19:17 CEST, after cutoff; distinct from on-time PDF | email ZIP",https://mail.google.com/mail/u/0/#all/1a0fffd2419ec392,,contestants/E02/13-archives/Math_Competition_Completed_Results_Submission_Bundle.zip,Math_Competition_Completed_Results_Submission/Reproduction_Sources/m2-research/projects/formal-conjectures/FormalConjecturesForMathlib/Data/Nat/Factorization/Basic.lean,,b483f3b4,Filename/path inference; editable in the app
351193,Reproduction_Sources/m2-research/projects/formal-conjectures/FormalConjecturesForMathlib/Data/Nat/Full.lean,General / shared,3208,"Email supplement received 06:19:17 CEST, after cutoff; distinct from on-time PDF | email ZIP",https://mail.google.com/mail/u/0/#all/1a0fffd2419ec392,,contestants/E02/13-archives/Math_Competition_Completed_Results_Submission_Bundle.zip,Math_Competition_Completed_Results_Submission/Reproduction_Sources/m2-research/projects/formal-conjectures/FormalConjecturesForMathlib/Data/Nat/Full.lean,,664c4ccd,Filename/path inference; editable in the app
351194,Reproduction_Sources/m2-research/projects/formal-conjectures/FormalConjecturesForMathlib/Data/Nat/Init.lean,General / shared,2174,"Email supplement received 06:19:17 CEST, after cutoff; distinct from on-time PDF | email ZIP",https://mail.google.com/mail/u/0/#all/1a0fffd2419ec392,,contestants/E02/13-archives/Math_Competition_Completed_Results_Submission_Bundle.zip,Math_Competition_Completed_Results_Submission/Reproduction_Sources/m2-research/projects/formal-conjectures/FormalConjecturesForMathlib/Data/Nat/Init.lean,,d22e12a5,Filename/path inference; editable in the app
351195,Reproduction_Sources/m2-research/projects/formal-conjectures/FormalConjecturesForMathlib/Data/Nat/MaxPrimeFac.lean,General / shared,7461,"Email supplement received 06:19:17 CEST, after cutoff; distinct from on-time PDF | email ZIP",https://mail.google.com/mail/u/0/#all/1a0fffd2419ec392,,contestants/E02/13-archives/Math_Competition_Completed_Results_Submission_Bundle.zip,Math_Competition_Completed_Results_Submission/Reproduction_Sources/m2-research/projects/formal-conjectures/FormalConjecturesForMathlib/Data/Nat/MaxPrimeFac.lean,,c2661c05,Filename/path inference; editable in the app
351196,Reproduction_Sources/m2-research/projects/formal-conjectures/FormalConjecturesForMathlib/Data/Nat/PerfectPower.lean,General / shared,6359,"Email supplement received 06:19:17 CEST, after cutoff; distinct from on-time PDF | email ZIP",https://mail.google.com/mail/u/0/#all/1a0fffd2419ec392,,contestants/E02/13-archives/Math_Competition_Completed_Results_Submission_Bundle.zip,Math_Competition_Completed_Results_Submission/Reproduction_Sources/m2-research/projects/formal-conjectures/FormalConjecturesForMathlib/Data/Nat/PerfectPower.lean,,06022447,Filename/path inference; editable in the app
351197,Reproduction_Sources/m2-research/projects/formal-conjectures/FormalConjecturesForMathlib/Data/Nat/Prime/Composite.lean,General / shared,717,"Email supplement received 06:19:17 CEST, after cutoff; distinct from on-time PDF | email ZIP",https://mail.google.com/mail/u/0/#all/1a0fffd2419ec392,,contestants/E02/13-archives/Math_Competition_Completed_Results_Submission_Bundle.zip,Math_Competition_Completed_Results_Submission/Reproduction_Sources/m2-research/projects/formal-conjectures/FormalConjecturesForMathlib/Data/Nat/Prime/Composite.lean,,bef593a4,Filename/path inference; editable in the app
351198,Reproduction_Sources/m2-research/projects/formal-conjectures/FormalConjecturesForMathlib/Data/Nat/Prime/Defs.lean,General / shared,684,"Email supplement received 06:19:17 CEST, after cutoff; distinct from on-time PDF | email ZIP",https://mail.google.com/mail/u/0/#all/1a0fffd2419ec392,,contestants/E02/13-archives/Math_Competition_Completed_Results_Submission_Bundle.zip,Math_Competition_Completed_Results_Submission/Reproduction_Sources/m2-research/projects/formal-conjectures/FormalConjecturesForMathlib/Data/Nat/Prime/Defs.lean,,22302071,Filename/path inference; editable in the app
351199,Reproduction_Sources/m2-research/projects/formal-conjectures/FormalConjecturesForMathlib/Data/Nat/Prime/Finset.lean,General / shared,1106,"Email supplement received 06:19:17 CEST, after cutoff; distinct from on-time PDF | email ZIP",https://mail.google.com/mail/u/0/#all/1a0fffd2419ec392,,contestants/E02/13-archives/Math_Competition_Completed_Results_Submission_Bundle.zip,Math_Competition_Completed_Results_Submission/Reproduction_Sources/m2-research/projects/formal-conjectures/FormalConjecturesForMathlib/Data/Nat/Prime/Finset.lean,,681cbcd3,Filename/path inference; editable in the app
351200,Reproduction_Sources/m2-research/projects/formal-conjectures/FormalConjecturesForMathlib/Data/Nat/Prime/Infinite.lean,General / shared,860,"Email supplement received 06:19:17 CEST, after cutoff; distinct from on-time PDF | email ZIP",https://mail.google.com/mail/u/0/#all/1a0fffd2419ec392,,contestants/E02/13-archives/Math_Competition_Completed_Results_Submission_Bundle.zip,Math_Competition_Completed_Results_Submission/Reproduction_Sources/m2-research/projects/formal-conjectures/FormalConjecturesForMathlib/Data/Nat/Prime/Infinite.lean,,0173d9ef,Filename/path inference; editable in the app
351201,Reproduction_Sources/m2-research/projects/formal-conjectures/FormalConjecturesForMathlib/Data/Nat/Squarefree.lean,General / shared,4487,"Email supplement received 06:19:17 CEST, after cutoff; distinct from on-time PDF | email ZIP",https://mail.google.com/mail/u/0/#all/1a0fffd2419ec392,,contestants/E02/13-archives/Math_Competition_Completed_Results_Submission_Bundle.zip,Math_Competition_Completed_Results_Submission/Reproduction_Sources/m2-research/projects/formal-conjectures/FormalConjecturesForMathlib/Data/Nat/Squarefree.lean,,28648323,Filename/path inference; editable in the app
351202,Reproduction_Sources/m2-research/projects/formal-conjectures/FormalConjecturesForMathlib/Data/Real/Constants.lean,General / shared,1228,"Email supplement received 06:19:17 CEST, after cutoff; distinct from on-time PDF | email ZIP",https://mail.google.com/mail/u/0/#all/1a0fffd2419ec392,,contestants/E02/13-archives/Math_Competition_Completed_Results_Submission_Bundle.zip,Math_Competition_Completed_Results_Submission/Reproduction_Sources/m2-research/projects/formal-conjectures/FormalConjecturesForMathlib/Data/Real/Constants.lean,,59a9f770,Filename/path inference; editable in the app
351203,Reproduction_Sources/m2-research/projects/formal-conjectures/FormalConjecturesForMathlib/Data/Real/NearestInt.lean,General / shared,1000,"Email supplement received 06:19:17 CEST, after cutoff; distinct from on-time PDF | email ZIP",https://mail.google.com/mail/u/0/#all/1a0fffd2419ec392,,contestants/E02/13-archives/Math_Competition_Completed_Results_Submission_Bundle.zip,Math_Competition_Completed_Results_Submission/Reproduction_Sources/m2-research/projects/formal-conjectures/FormalConjecturesForMathlib/Data/Real/NearestInt.lean,,d9fb3148,Filename/path inference; editable in the app
351204,Reproduction_Sources/m2-research/projects/formal-conjectures/FormalConjecturesForMathlib/Data/Set/Density.lean,General / shared,9780,"Email supplement received 06:19:17 CEST, after cutoff; distinct from on-time PDF | email ZIP",https://mail.google.com/mail/u/0/#all/1a0fffd2419ec392,,contestants/E02/13-archives/Math_Competition_Completed_Results_Submission_Bundle.zip,Math_Competition_Completed_Results_Submission/Reproduction_Sources/m2-research/projects/formal-conjectures/FormalConjecturesForMathlib/Data/Set/Density.lean,,3f06a988,Filename/path inference; editable in the app
351205,Reproduction_Sources/m2-research/projects/formal-conjectures/FormalConjecturesForMathlib/Data/Set/Interval.lean,General / shared,1017,"Email supplement received 06:19:17 CEST, after cutoff; distinct from on-time PDF | email ZIP",https://mail.google.com/mail/u/0/#all/1a0fffd2419ec392,,contestants/E02/13-archives/Math_Competition_Completed_Results_Submission_Bundle.zip,Math_Competition_Completed_Results_Submission/Reproduction_Sources/m2-research/projects/formal-conjectures/FormalConjecturesForMathlib/Data/Set/Interval.lean,,39376e07,Filename/path inference; editable in the app
351206,Reproduction_Sources/m2-research/projects/formal-conjectures/FormalConjecturesForMathlib/Data/Set/Triplewise.lean,General / shared,5107,"Email supplement received 06:19:17 CEST, after cutoff; distinct from on-time PDF | email ZIP",https://mail.google.com/mail/u/0/#all/1a0fffd2419ec392,,contestants/E02/13-archives/Math_Competition_Completed_Results_Submission_Bundle.zip,Math_Competition_Completed_Results_Submission/Reproduction_Sources/m2-research/projects/formal-conjectures/FormalConjecturesForMathlib/Data/Set/Triplewise.lean,,5046bbed,Filename/path inference; editable in the app
351207,Reproduction_Sources/m2-research/projects/formal-conjectures/FormalConjecturesForMathlib/Data/Sym/Sym2.lean,General / shared,887,"Email supplement received 06:19:17 CEST, after cutoff; distinct from on-time PDF | email ZIP",https://mail.google.com/mail/u/0/#all/1a0fffd2419ec392,,contestants/E02/13-archives/Math_Competition_Completed_Results_Submission_Bundle.zip,Math_Competition_Completed_Results_Submission/Reproduction_Sources/m2-research/projects/formal-conjectures/FormalConjecturesForMathlib/Data/Sym/Sym2.lean,,15428cf6,Filename/path inference; editable in the app
351208,Reproduction_Sources/m2-research/projects/formal-conjectures/FormalConjecturesForMathlib/Data/ZMod/Fp.lean,General / shared,1394,"Email supplement received 06:19:17 CEST, after cutoff; distinct from on-time PDF | email ZIP",https://mail.google.com/mail/u/0/#all/1a0fffd2419ec392,,contestants/E02/13-archives/Math_Competition_Completed_Results_Submission_Bundle.zip,Math_Competition_Completed_Results_Submission/Reproduction_Sources/m2-research/projects/formal-conjectures/FormalConjecturesForMathlib/Data/ZMod/Fp.lean,,c0875dfb,Filename/path inference; editable in the app
351209,Reproduction_Sources/m2-research/projects/formal-conjectures/FormalConjecturesForMathlib/Data/ZMod/PerfectDifferenceSet.lean,General / shared,940,"Email supplement received 06:19:17 CEST, after cutoff; distinct from on-time PDF | email ZIP",https://mail.google.com/mail/u/0/#all/1a0fffd2419ec392,,contestants/E02/13-archives/Math_Competition_Completed_Results_Submission_Bundle.zip,Math_Competition_Completed_Results_Submission/Reproduction_Sources/m2-research/projects/formal-conjectures/FormalConjecturesForMathlib/Data/ZMod/PerfectDifferenceSet.lean,,de51ed95,Filename/path inference; editable in the app
351210,Reproduction_Sources/m2-research/projects/formal-conjectures/FormalConjecturesForMathlib/Dynamics/SymbolicDynamics/BlockComplexity.lean,General / shared,3021,"Email supplement received 06:19:17 CEST, after cutoff; distinct from on-time PDF | email ZIP",https://mail.google.com/mail/u/0/#all/1a0fffd2419ec392,,contestants/E02/13-archives/Math_Competition_Completed_Results_Submission_Bundle.zip,Math_Competition_Completed_Results_Submission/Reproduction_Sources/m2-research/projects/formal-conjectures/FormalConjecturesForMathlib/Dynamics/SymbolicDynamics/BlockComplexity.lean,,e00d86d2,Filename/path inference; editable in the app
351211,Reproduction_Sources/m2-research/projects/formal-conjectures/FormalConjecturesForMathlib/FieldTheory/MilnorKTheory.lean,General / shared,15511,"Email supplement received 06:19:17 CEST, after cutoff; distinct from on-time PDF | email ZIP",https://mail.google.com/mail/u/0/#all/1a0fffd2419ec392,,contestants/E02/13-archives/Math_Competition_Completed_Results_Submission_Bundle.zip,Math_Competition_Completed_Results_Submission/Reproduction_Sources/m2-research/projects/formal-conjectures/FormalConjecturesForMathlib/FieldTheory/MilnorKTheory.lean,,4d5a8e53,Filename/path inference; editable in the app
351212,Reproduction_Sources/m2-research/projects/formal-conjectures/FormalConjecturesForMathlib/FieldTheory/MvRatFunc/Defs.lean,General / shared,1347,"Email supplement received 06:19:17 CEST, after cutoff; distinct from on-time PDF | email ZIP",https://mail.google.com/mail/u/0/#all/1a0fffd2419ec392,,contestants/E02/13-archives/Math_Competition_Completed_Results_Submission_Bundle.zip,Math_Competition_Completed_Results_Submission/Reproduction_Sources/m2-research/projects/formal-conjectures/FormalConjecturesForMathlib/FieldTheory/MvRatFunc/Defs.lean,,70ff417a,Filename/path inference; editable in the app
351213,Reproduction_Sources/m2-research/projects/formal-conjectures/FormalConjecturesForMathlib/Geometry/2d.lean,General / shared,11251,"Email supplement received 06:19:17 CEST, after cutoff; distinct from on-time PDF | email ZIP",https://mail.google.com/mail/u/0/#all/1a0fffd2419ec392,,contestants/E02/13-archives/Math_Competition_Completed_Results_Submission_Bundle.zip,Math_Competition_Completed_Results_Submission/Reproduction_Sources/m2-research/projects/formal-conjectures/FormalConjecturesForMathlib/Geometry/2d.lean,,fd3a063f,Filename/path inference; editable in the app
351214,Reproduction_Sources/m2-research/projects/formal-conjectures/FormalConjecturesForMathlib/Geometry/3d.lean,General / shared,1429,"Email supplement received 06:19:17 CEST, after cutoff; distinct from on-time PDF | email ZIP",https://mail.google.com/mail/u/0/#all/1a0fffd2419ec392,,contestants/E02/13-archives/Math_Competition_Completed_Results_Submission_Bundle.zip,Math_Competition_Completed_Results_Submission/Reproduction_Sources/m2-research/projects/formal-conjectures/FormalConjecturesForMathlib/Geometry/3d.lean,,4f359d4c,Filename/path inference; editable in the app
351215,Reproduction_Sources/m2-research/projects/formal-conjectures/FormalConjecturesForMathlib/Geometry/Euclidean.lean,General / shared,745,"Email supplement received 06:19:17 CEST, after cutoff; distinct from on-time PDF | email ZIP",https://mail.google.com/mail/u/0/#all/1a0fffd2419ec392,,contestants/E02/13-archives/Math_Competition_Completed_Results_Submission_Bundle.zip,Math_Competition_Completed_Results_Submission/Reproduction_Sources/m2-research/projects/formal-conjectures/FormalConjecturesForMathlib/Geometry/Euclidean.lean,,f674790c,Filename/path inference; editable in the app
351216,Reproduction_Sources/m2-research/projects/formal-conjectures/FormalConjecturesForMathlib/Geometry/Manifold/LieGroupPresentation.lean,General / shared,3968,"Email supplement received 06:19:17 CEST, after cutoff; distinct from on-time PDF | email ZIP",https://mail.google.com/mail/u/0/#all/1a0fffd2419ec392,,contestants/E02/13-archives/Math_Competition_Completed_Results_Submission_Bundle.zip,Math_Competition_Completed_Results_Submission/Reproduction_Sources/m2-research/projects/formal-conjectures/FormalConjecturesForMathlib/Geometry/Manifold/LieGroupPresentation.lean,,95cb6bc2,Filename/path inference; editable in the app
351217,Reproduction_Sources/m2-research/projects/formal-conjectures/FormalConjecturesForMathlib/Geometry/Metric.lean,General / shared,4841,"Email supplement received 06:19:17 CEST, after cutoff; distinct from on-time PDF | email ZIP",https://mail.google.com/mail/u/0/#all/1a0fffd2419ec392,,contestants/E02/13-archives/Math_Competition_Completed_Results_Submission_Bundle.zip,Math_Competition_Completed_Results_Submission/Reproduction_Sources/m2-research/projects/formal-conjectures/FormalConjecturesForMathlib/Geometry/Metric.lean,,32cb8944,Filename/path inference; editable in the app
351218,Reproduction_Sources/m2-research/projects/formal-conjectures/FormalConjecturesForMathlib/GroupTheory/Torsion.lean,General / shared,3040,"Email supplement received 06:19:17 CEST, after cutoff; distinct from on-time PDF | email ZIP",https://mail.google.com/mail/u/0/#all/1a0fffd2419ec392,,contestants/E02/13-archives/Math_Competition_Completed_Results_Submission_Bundle.zip,Math_Competition_Completed_Results_Submission/Reproduction_Sources/m2-research/projects/formal-conjectures/FormalConjecturesForMathlib/GroupTheory/Torsion.lean,,ac22f3ad,Filename/path inference; editable in the app
351219,Reproduction_Sources/m2-research/projects/formal-conjectures/FormalConjecturesForMathlib/Lean/Elab/InfoTree/Util.lean,General / shared,1295,"Email supplement received 06:19:17 CEST, after cutoff; distinct from on-time PDF | email ZIP",https://mail.google.com/mail/u/0/#all/1a0fffd2419ec392,,contestants/E02/13-archives/Math_Competition_Completed_Results_Submission_Bundle.zip,Math_Competition_Completed_Results_Submission/Reproduction_Sources/m2-research/projects/formal-conjectures/FormalConjecturesForMathlib/Lean/Elab/InfoTree/Util.lean,,439876e3,Filename/path inference; editable in the app
351220,Reproduction_Sources/m2-research/projects/formal-conjectures/FormalConjecturesForMathlib/LinearAlgebra/AffineSpace/Simplex/Basic.lean,General / shared,969,"Email supplement received 06:19:17 CEST, after cutoff; distinct from on-time PDF | email ZIP",https://mail.google.com/mail/u/0/#all/1a0fffd2419ec392,,contestants/E02/13-archives/Math_Competition_Completed_Results_Submission_Bundle.zip,Math_Competition_Completed_Results_Submission/Reproduction_Sources/m2-research/projects/formal-conjectures/FormalConjecturesForMathlib/LinearAlgebra/AffineSpace/Simplex/Basic.lean,,3748bf4f,Filename/path inference; editable in the app
351221,Reproduction_Sources/m2-research/projects/formal-conjectures/FormalConjecturesForMathlib/LinearAlgebra/GeneralLinearGroup.lean,General / shared,1413,"Email supplement received 06:19:17 CEST, after cutoff; distinct from on-time PDF | email ZIP",https://mail.google.com/mail/u/0/#all/1a0fffd2419ec392,,contestants/E02/13-archives/Math_Competition_Completed_Results_Submission_Bundle.zip,Math_Competition_Completed_Results_Submission/Reproduction_Sources/m2-research/projects/formal-conjectures/FormalConjecturesForMathlib/LinearAlgebra/GeneralLinearGroup.lean,,ed17c315,Filename/path inference; editable in the app
351222,Reproduction_Sources/m2-research/projects/formal-conjectures/FormalConjecturesForMathlib/LinearAlgebra/QuadraticForm/UInvariant.lean,General / shared,5039,"Email supplement received 06:19:17 CEST, after cutoff; distinct from on-time PDF | email ZIP",https://mail.google.com/mail/u/0/#all/1a0fffd2419ec392,,contestants/E02/13-archives/Math_Competition_Completed_Results_Submission_Bundle.zip,Math_Competition_Completed_Results_Submission/Reproduction_Sources/m2-research/projects/formal-conjectures/FormalConjecturesForMathlib/LinearAlgebra/QuadraticForm/UInvariant.lean,,ea689e92,Filename/path inference; editable in the app
351223,Reproduction_Sources/m2-research/projects/formal-conjectures/FormalConjecturesForMathlib/LinearAlgebra/SpecialLinearGroup.lean,General / shared,1045,"Email supplement received 06:19:17 CEST, after cutoff; distinct from on-time PDF | email ZIP",https://mail.google.com/mail/u/0/#all/1a0fffd2419ec392,,contestants/E02/13-archives/Math_Competition_Completed_Results_Submission_Bundle.zip,Math_Competition_Completed_Results_Submission/Reproduction_Sources/m2-research/projects/formal-conjectures/FormalConjecturesForMathlib/LinearAlgebra/SpecialLinearGroup.lean,,71da1d5e,Filename/path inference; editable in the app
351224,Reproduction_Sources/m2-research/projects/formal-conjectures/FormalConjecturesForMathlib/Logic/Equiv/Fin/Rotate.lean,General / shared,850,"Email supplement received 06:19:17 CEST, after cutoff; distinct from on-time PDF | email ZIP",https://mail.google.com/mail/u/0/#all/1a0fffd2419ec392,,contestants/E02/13-archives/Math_Competition_Completed_Results_Submission_Bundle.zip,Math_Competition_Completed_Results_Submission/Reproduction_Sources/m2-research/projects/formal-conjectures/FormalConjecturesForMathlib/Logic/Equiv/Fin/Rotate.lean,,cf2c3f57,Filename/path inference; editable in the app
351225,Reproduction_Sources/m2-research/projects/formal-conjectures/FormalConjecturesForMathlib/ModelTheory/Decidability.lean,General / shared,5354,"Email supplement received 06:19:17 CEST, after cutoff; distinct from on-time PDF | email ZIP",https://mail.google.com/mail/u/0/#all/1a0fffd2419ec392,,contestants/E02/13-archives/Math_Competition_Completed_Results_Submission_Bundle.zip,Math_Competition_Completed_Results_Submission/Reproduction_Sources/m2-research/projects/formal-conjectures/FormalConjecturesForMathlib/ModelTheory/Decidability.lean,,dca1507d,Filename/path inference; editable in the app
351226,Reproduction_Sources/m2-research/projects/formal-conjectures/FormalConjecturesForMathlib/ModelTheory/Encoding.lean,General / shared,5443,"Email supplement received 06:19:17 CEST, after cutoff; distinct from on-time PDF | email ZIP",https://mail.google.com/mail/u/0/#all/1a0fffd2419ec392,,contestants/E02/13-archives/Math_Competition_Completed_Results_Submission_Bundle.zip,Math_Competition_Completed_Results_Submission/Reproduction_Sources/m2-research/projects/formal-conjectures/FormalConjecturesForMathlib/ModelTheory/Encoding.lean,,3bab98bb,Filename/path inference; editable in the app
351227,Reproduction_Sources/m2-research/projects/formal-conjectures/FormalConjecturesForMathlib/ModelTheory/Real.lean,General / shared,4730,"Email supplement received 06:19:17 CEST, after cutoff; distinct from on-time PDF | email ZIP",https://mail.google.com/mail/u/0/#all/1a0fffd2419ec392,,contestants/E02/13-archives/Math_Competition_Completed_Results_Submission_Bundle.zip,Math_Competition_Completed_Results_Submission/Reproduction_Sources/m2-research/projects/formal-conjectures/FormalConjecturesForMathlib/ModelTheory/Real.lean,,ce880cf0,Filename/path inference; editable in the app
351228,Reproduction_Sources/m2-research/projects/formal-conjectures/FormalConjecturesForMathlib/NumberTheory/AdditionChain.lean,General / shared,7767,"Email supplement received 06:19:17 CEST, after cutoff; distinct from on-time PDF | email ZIP",https://mail.google.com/mail/u/0/#all/1a0fffd2419ec392,,contestants/E02/13-archives/Math_Competition_Completed_Results_Submission_Bundle.zip,Math_Competition_Completed_Results_Submission/Reproduction_Sources/m2-research/projects/formal-conjectures/FormalConjecturesForMathlib/NumberTheory/AdditionChain.lean,,7413dfcb,Filename/path inference; editable in the app
351229,Reproduction_Sources/m2-research/projects/formal-conjectures/FormalConjecturesForMathlib/NumberTheory/AdditiveComplement.lean,General / shared,1299,"Email supplement received 06:19:17 CEST, after cutoff; distinct from on-time PDF | email ZIP",https://mail.google.com/mail/u/0/#all/1a0fffd2419ec392,,contestants/E02/13-archives/Math_Competition_Completed_Results_Submission_Bundle.zip,Math_Competition_Completed_Results_Submission/Reproduction_Sources/m2-research/projects/formal-conjectures/FormalConjecturesForMathlib/NumberTheory/AdditiveComplement.lean,,c0a02b0a,Filename/path inference; editable in the app
351230,Reproduction_Sources/m2-research/projects/formal-conjectures/FormalConjecturesForMathlib/NumberTheory/AdditivelyComplete.lean,General / shared,8468,"Email supplement received 06:19:17 CEST, after cutoff; distinct from on-time PDF | email ZIP",https://mail.google.com/mail/u/0/#all/1a0fffd2419ec392,,contestants/E02/13-archives/Math_Competition_Completed_Results_Submission_Bundle.zip,Math_Competition_Completed_Results_Submission/Reproduction_Sources/m2-research/projects/formal-conjectures/FormalConjecturesForMathlib/NumberTheory/AdditivelyComplete.lean,,32f86fc4,Filename/path inference; editable in the app
351231,Reproduction_Sources/m2-research/projects/formal-conjectures/FormalConjecturesForMathlib/NumberTheory/AlmostPrime.lean,General / shared,893,"Email supplement received 06:19:17 CEST, after cutoff; distinct from on-time PDF | email ZIP",https://mail.google.com/mail/u/0/#all/1a0fffd2419ec392,,contestants/E02/13-archives/Math_Competition_Completed_Results_Submission_Bundle.zip,Math_Competition_Completed_Results_Submission/Reproduction_Sources/m2-research/projects/formal-conjectures/FormalConjecturesForMathlib/NumberTheory/AlmostPrime.lean,,c3af71c6,Filename/path inference; editable in the app
351232,Reproduction_Sources/m2-research/projects/formal-conjectures/FormalConjecturesForMathlib/NumberTheory/Amicable.lean,General / shared,1078,"Email supplement received 06:19:17 CEST, after cutoff; distinct from on-time PDF | email ZIP",https://mail.google.com/mail/u/0/#all/1a0fffd2419ec392,,contestants/E02/13-archives/Math_Competition_Completed_Results_Submission_Bundle.zip,Math_Competition_Completed_Results_Submission/Reproduction_Sources/m2-research/projects/formal-conjectures/FormalConjecturesForMathlib/NumberTheory/Amicable.lean,,1451b411,Filename/path inference; editable in the app
351233,Reproduction_Sources/m2-research/projects/formal-conjectures/FormalConjecturesForMathlib/NumberTheory/AutomaticNumber.lean,General / shared,2835,"Email supplement received 06:19:17 CEST, after cutoff; distinct from on-time PDF | email ZIP",https://mail.google.com/mail/u/0/#all/1a0fffd2419ec392,,contestants/E02/13-archives/Math_Competition_Completed_Results_Submission_Bundle.zip,Math_Competition_Completed_Results_Submission/Reproduction_Sources/m2-research/projects/formal-conjectures/FormalConjecturesForMathlib/NumberTheory/AutomaticNumber.lean,,8cebbb9c,Filename/path inference; editable in the app
351237,Reproduction_Sources/m2-research/projects/formal-conjectures/FormalConjecturesForMathlib/NumberTheory/AutomorphicForm/BorelJacquet.lean,General / shared,28161,"Email supplement received 06:19:17 CEST, after cutoff; distinct from on-time PDF | email ZIP",https://mail.google.com/mail/u/0/#all/1a0fffd2419ec392,,contestants/E02/13-archives/Math_Competition_Completed_Results_Submission_Bundle.zip,Math_Competition_Completed_Results_Submission/Reproduction_Sources/m2-research/projects/formal-conjectures/FormalConjecturesForMathlib/NumberTheory/AutomorphicForm/BorelJacquet.lean,,366b7cc7,Filename/path inference; editable in the app
351234,Reproduction_Sources/m2-research/projects/formal-conjectures/FormalConjecturesForMathlib/NumberTheory/AutomorphicForm/BorelJacquet/CenterAction.lean,General / shared,8803,"Email supplement received 06:19:17 CEST, after cutoff; distinct from on-time PDF | email ZIP",https://mail.google.com/mail/u/0/#all/1a0fffd2419ec392,,contestants/E02/13-archives/Math_Competition_Completed_Results_Submission_Bundle.zip,Math_Competition_Completed_Results_Submission/Reproduction_Sources/m2-research/projects/formal-conjectures/FormalConjecturesForMathlib/NumberTheory/AutomorphicForm/BorelJacquet/CenterAction.lean,,1e0e3f4a,Filename/path inference; editable in the app
351235,Reproduction_Sources/m2-research/projects/formal-conjectures/FormalConjecturesForMathlib/NumberTheory/AutomorphicForm/BorelJacquet/LieDeriv.lean,General / shared,23477,"Email supplement received 06:19:17 CEST, after cutoff; distinct from on-time PDF | email ZIP",https://mail.google.com/mail/u/0/#all/1a0fffd2419ec392,,contestants/E02/13-archives/Math_Competition_Completed_Results_Submission_Bundle.zip,Math_Competition_Completed_Results_Submission/Reproduction_Sources/m2-research/projects/formal-conjectures/FormalConjecturesForMathlib/NumberTheory/AutomorphicForm/BorelJacquet/LieDeriv.lean,,02a5c00f,Filename/path inference; editable in the app
351236,Reproduction_Sources/m2-research/projects/formal-conjectures/FormalConjecturesForMathlib/NumberTheory/AutomorphicForm/BorelJacquet/Subgroups.lean,General / shared,11986,"Email supplement received 06:19:17 CEST, after cutoff; distinct from on-time PDF | email ZIP",https://mail.google.com/mail/u/0/#all/1a0fffd2419ec392,,contestants/E02/13-archives/Math_Competition_Completed_Results_Submission_Bundle.zip,Math_Competition_Completed_Results_Submission/Reproduction_Sources/m2-research/projects/formal-conjectures/FormalConjecturesForMathlib/NumberTheory/AutomorphicForm/BorelJacquet/Subgroups.lean,,2cd06f54,Filename/path inference; editable in the app
351238,Reproduction_Sources/m2-research/projects/formal-conjectures/FormalConjecturesForMathlib/NumberTheory/BeurlingPrimes.lean,General / shared,2748,"Email supplement received 06:19:17 CEST, after cutoff; distinct from on-time PDF | email ZIP",https://mail.google.com/mail/u/0/#all/1a0fffd2419ec392,,contestants/E02/13-archives/Math_Competition_Completed_Results_Submission_Bundle.zip,Math_Competition_Completed_Results_Submission/Reproduction_Sources/m2-research/projects/formal-conjectures/FormalConjecturesForMathlib/NumberTheory/BeurlingPrimes.lean,,b1fe38f2,Filename/path inference; editable in the app
351239,Reproduction_Sources/m2-research/projects/formal-conjectures/FormalConjecturesForMathlib/NumberTheory/Carmichael.lean,General / shared,1021,"Email supplement received 06:19:17 CEST, after cutoff; distinct from on-time PDF | email ZIP",https://mail.google.com/mail/u/0/#all/1a0fffd2419ec392,,contestants/E02/13-archives/Math_Competition_Completed_Results_Submission_Bundle.zip,Math_Competition_Completed_Results_Submission/Reproduction_Sources/m2-research/projects/formal-conjectures/FormalConjecturesForMathlib/NumberTheory/Carmichael.lean,,b7546f07,Filename/path inference; editable in the app
351240,Reproduction_Sources/m2-research/projects/formal-conjectures/FormalConjecturesForMathlib/NumberTheory/CoveringSystem.lean,General / shared,2143,"Email supplement received 06:19:17 CEST, after cutoff; distinct from on-time PDF | email ZIP",https://mail.google.com/mail/u/0/#all/1a0fffd2419ec392,,contestants/E02/13-archives/Math_Competition_Completed_Results_Submission_Bundle.zip,Math_Competition_Completed_Results_Submission/Reproduction_Sources/m2-research/projects/formal-conjectures/FormalConjecturesForMathlib/NumberTheory/CoveringSystem.lean,,157dc200,Filename/path inference; editable in the app
351241,Reproduction_Sources/m2-research/projects/formal-conjectures/FormalConjecturesForMathlib/NumberTheory/DiophantineApproximation/ZNumber.lean,General / shared,1527,"Email supplement received 06:19:17 CEST, after cutoff; distinct from on-time PDF | email ZIP",https://mail.google.com/mail/u/0/#all/1a0fffd2419ec392,,contestants/E02/13-archives/Math_Competition_Completed_Results_Submission_Bundle.zip,Math_Competition_Completed_Results_Submission/Reproduction_Sources/m2-research/projects/formal-conjectures/FormalConjecturesForMathlib/NumberTheory/DiophantineApproximation/ZNumber.lean,,75a83205,Filename/path inference; editable in the app
351242,Reproduction_Sources/m2-research/projects/formal-conjectures/FormalConjecturesForMathlib/NumberTheory/DirichletCharacter/Basic.lean,General / shared,1053,"Email supplement received 06:19:17 CEST, after cutoff; distinct from on-time PDF | email ZIP",https://mail.google.com/mail/u/0/#all/1a0fffd2419ec392,,contestants/E02/13-archives/Math_Competition_Completed_Results_Submission_Bundle.zip,Math_Competition_Completed_Results_Submission/Reproduction_Sources/m2-research/projects/formal-conjectures/FormalConjecturesForMathlib/NumberTheory/DirichletCharacter/Basic.lean,,55e552ef,Filename/path inference; editable in the app
351243,Reproduction_Sources/m2-research/projects/formal-conjectures/FormalConjecturesForMathlib/NumberTheory/Divisors.lean,General / shared,1999,"Email supplement received 06:19:17 CEST, after cutoff; distinct from on-time PDF | email ZIP",https://mail.google.com/mail/u/0/#all/1a0fffd2419ec392,,contestants/E02/13-archives/Math_Competition_Completed_Results_Submission_Bundle.zip,Math_Competition_Completed_Results_Submission/Reproduction_Sources/m2-research/projects/formal-conjectures/FormalConjecturesForMathlib/NumberTheory/Divisors.lean,,cf304285,Filename/path inference; editable in the app
351244,Reproduction_Sources/m2-research/projects/formal-conjectures/FormalConjecturesForMathlib/NumberTheory/ExpansionEntropy.lean,General / shared,2284,"Email supplement received 06:19:17 CEST, after cutoff; distinct from on-time PDF | email ZIP",https://mail.google.com/mail/u/0/#all/1a0fffd2419ec392,,contestants/E02/13-archives/Math_Competition_Completed_Results_Submission_Bundle.zip,Math_Competition_Completed_Results_Submission/Reproduction_Sources/m2-research/projects/formal-conjectures/FormalConjecturesForMathlib/NumberTheory/ExpansionEntropy.lean,,dcc85ca8,Filename/path inference; editable in the app
351245,Reproduction_Sources/m2-research/projects/formal-conjectures/FormalConjecturesForMathlib/NumberTheory/Harmonic.lean,Erdos 3,2319,"Email supplement received 06:19:17 CEST, after cutoff; distinct from on-time PDF | email ZIP",https://mail.google.com/mail/u/0/#all/1a0fffd2419ec392,,contestants/E02/13-archives/Math_Competition_Completed_Results_Submission_Bundle.zip,Math_Competition_Completed_Results_Submission/Reproduction_Sources/m2-research/projects/formal-conjectures/FormalConjecturesForMathlib/NumberTheory/Harmonic.lean,,3c393075,Filename/path inference; editable in the app
351246,Reproduction_Sources/m2-research/projects/formal-conjectures/FormalConjecturesForMathlib/NumberTheory/Lacunary.lean,General / shared,2162,"Email supplement received 06:19:17 CEST, after cutoff; distinct from on-time PDF | email ZIP",https://mail.google.com/mail/u/0/#all/1a0fffd2419ec392,,contestants/E02/13-archives/Math_Competition_Completed_Results_Submission_Bundle.zip,Math_Competition_Completed_Results_Submission/Reproduction_Sources/m2-research/projects/formal-conjectures/FormalConjecturesForMathlib/NumberTheory/Lacunary.lean,,2d45531d,Filename/path inference; editable in the app
351247,Reproduction_Sources/m2-research/projects/formal-conjectures/FormalConjecturesForMathlib/NumberTheory/LegendreSymbol/Basic.lean,General / shared,760,"Email supplement received 06:19:17 CEST, after cutoff; distinct from on-time PDF | email ZIP",https://mail.google.com/mail/u/0/#all/1a0fffd2419ec392,,contestants/E02/13-archives/Math_Competition_Completed_Results_Submission_Bundle.zip,Math_Competition_Completed_Results_Submission/Reproduction_Sources/m2-research/projects/formal-conjectures/FormalConjecturesForMathlib/NumberTheory/LegendreSymbol/Basic.lean,,740a7973,Filename/path inference; editable in the app
351248,Reproduction_Sources/m2-research/projects/formal-conjectures/FormalConjecturesForMathlib/NumberTheory/MultiplicativelyIndependent.lean,General / shared,3866,"Email supplement received 06:19:17 CEST, after cutoff; distinct from on-time PDF | email ZIP",https://mail.google.com/mail/u/0/#all/1a0fffd2419ec392,,contestants/E02/13-archives/Math_Competition_Completed_Results_Submission_Bundle.zip,Math_Competition_Completed_Results_Submission/Reproduction_Sources/m2-research/projects/formal-conjectures/FormalConjecturesForMathlib/NumberTheory/MultiplicativelyIndependent.lean,,a25aab8e,Filename/path inference; editable in the app
351249,Reproduction_Sources/m2-research/projects/formal-conjectures/FormalConjecturesForMathlib/NumberTheory/NormalNumber.lean,General / shared,3606,"Email supplement received 06:19:17 CEST, after cutoff; distinct from on-time PDF | email ZIP",https://mail.google.com/mail/u/0/#all/1a0fffd2419ec392,,contestants/E02/13-archives/Math_Competition_Completed_Results_Submission_Bundle.zip,Math_Competition_Completed_Results_Submission/Reproduction_Sources/m2-research/projects/formal-conjectures/FormalConjecturesForMathlib/NumberTheory/NormalNumber.lean,,e71d4a64,Filename/path inference; editable in the app
351250,Reproduction_Sources/m2-research/projects/formal-conjectures/FormalConjecturesForMathlib/NumberTheory/NumberField/FundamentalDiscriminant.lean,General / shared,2418,"Email supplement received 06:19:17 CEST, after cutoff; distinct from on-time PDF | email ZIP",https://mail.google.com/mail/u/0/#all/1a0fffd2419ec392,,contestants/E02/13-archives/Math_Competition_Completed_Results_Submission_Bundle.zip,Math_Competition_Completed_Results_Submission/Reproduction_Sources/m2-research/projects/formal-conjectures/FormalConjecturesForMathlib/NumberTheory/NumberField/FundamentalDiscriminant.lean,,1dd0a10f,Filename/path inference; editable in the app
351251,Reproduction_Sources/m2-research/projects/formal-conjectures/FormalConjecturesForMathlib/NumberTheory/NumberField/Quadratic.lean,General / shared,1609,"Email supplement received 06:19:17 CEST, after cutoff; distinct from on-time PDF | email ZIP",https://mail.google.com/mail/u/0/#all/1a0fffd2419ec392,,contestants/E02/13-archives/Math_Competition_Completed_Results_Submission_Bundle.zip,Math_Competition_Completed_Results_Submission/Reproduction_Sources/m2-research/projects/formal-conjectures/FormalConjecturesForMathlib/NumberTheory/NumberField/Quadratic.lean,,c9cd4c2e,Filename/path inference; editable in the app
351252,Reproduction_Sources/m2-research/projects/formal-conjectures/FormalConjecturesForMathlib/NumberTheory/PisotNumber.lean,General / shared,3989,"Email supplement received 06:19:17 CEST, after cutoff; distinct from on-time PDF | email ZIP",https://mail.google.com/mail/u/0/#all/1a0fffd2419ec392,,contestants/E02/13-archives/Math_Competition_Completed_Results_Submission_Bundle.zip,Math_Competition_Completed_Results_Submission/Reproduction_Sources/m2-research/projects/formal-conjectures/FormalConjecturesForMathlib/NumberTheory/PisotNumber.lean,,234f5d2d,Filename/path inference; editable in the app
351253,Reproduction_Sources/m2-research/projects/formal-conjectures/FormalConjecturesForMathlib/NumberTheory/PracticalNumbers.lean,General / shared,1461,"Email supplement received 06:19:17 CEST, after cutoff; distinct from on-time PDF | email ZIP",https://mail.google.com/mail/u/0/#all/1a0fffd2419ec392,,contestants/E02/13-archives/Math_Competition_Completed_Results_Submission_Bundle.zip,Math_Competition_Completed_Results_Submission/Reproduction_Sources/m2-research/projects/formal-conjectures/FormalConjecturesForMathlib/NumberTheory/PracticalNumbers.lean,,6f7e93a5,Filename/path inference; editable in the app
351254,Reproduction_Sources/m2-research/projects/formal-conjectures/FormalConjecturesForMathlib/NumberTheory/PrimeGap.lean,General / shared,854,"Email supplement received 06:19:17 CEST, after cutoff; distinct from on-time PDF | email ZIP",https://mail.google.com/mail/u/0/#all/1a0fffd2419ec392,,contestants/E02/13-archives/Math_Competition_Completed_Results_Submission_Bundle.zip,Math_Competition_Completed_Results_Submission/Reproduction_Sources/m2-research/projects/formal-conjectures/FormalConjecturesForMathlib/NumberTheory/PrimeGap.lean,,3166acc5,Filename/path inference; editable in the app
351255,Reproduction_Sources/m2-research/projects/formal-conjectures/FormalConjecturesForMathlib/NumberTheory/Primitive.lean,General / shared,3682,"Email supplement received 06:19:17 CEST, after cutoff; distinct from on-time PDF | email ZIP",https://mail.google.com/mail/u/0/#all/1a0fffd2419ec392,,contestants/E02/13-archives/Math_Competition_Completed_Results_Submission_Bundle.zip,Math_Competition_Completed_Results_Submission/Reproduction_Sources/m2-research/projects/formal-conjectures/FormalConjecturesForMathlib/NumberTheory/Primitive.lean,,a2389f1f,Filename/path inference; editable in the app
351256,Reproduction_Sources/m2-research/projects/formal-conjectures/FormalConjecturesForMathlib/NumberTheory/SierpinskiNumber.lean,General / shared,1425,"Email supplement received 06:19:17 CEST, after cutoff; distinct from on-time PDF | email ZIP",https://mail.google.com/mail/u/0/#all/1a0fffd2419ec392,,contestants/E02/13-archives/Math_Competition_Completed_Results_Submission_Bundle.zip,Math_Competition_Completed_Results_Submission/Reproduction_Sources/m2-research/projects/formal-conjectures/FormalConjecturesForMathlib/NumberTheory/SierpinskiNumber.lean,,8ec73ed4,Filename/path inference; editable in the app
351257,Reproduction_Sources/m2-research/projects/formal-conjectures/FormalConjecturesForMathlib/NumberTheory/SmoothScale.lean,General / shared,1083,"Email supplement received 06:19:17 CEST, after cutoff; distinct from on-time PDF | email ZIP",https://mail.google.com/mail/u/0/#all/1a0fffd2419ec392,,contestants/E02/13-archives/Math_Competition_Completed_Results_Submission_Bundle.zip,Math_Competition_Completed_Results_Submission/Reproduction_Sources/m2-research/projects/formal-conjectures/FormalConjecturesForMathlib/NumberTheory/SmoothScale.lean,,eb892c75,Filename/path inference; editable in the app
351258,Reproduction_Sources/m2-research/projects/formal-conjectures/FormalConjecturesForMathlib/NumberTheory/WallSunSunPrimes.lean,General / shared,4295,"Email supplement received 06:19:17 CEST, after cutoff; distinct from on-time PDF | email ZIP",https://mail.google.com/mail/u/0/#all/1a0fffd2419ec392,,contestants/E02/13-archives/Math_Competition_Completed_Results_Submission_Bundle.zip,Math_Competition_Completed_Results_Submission/Reproduction_Sources/m2-research/projects/formal-conjectures/FormalConjecturesForMathlib/NumberTheory/WallSunSunPrimes.lean,,1822eac1,Filename/path inference; editable in the app
351259,Reproduction_Sources/m2-research/projects/formal-conjectures/FormalConjecturesForMathlib/NumberTheory/WieferichPrime.lean,General / shared,4126,"Email supplement received 06:19:17 CEST, after cutoff; distinct from on-time PDF | email ZIP",https://mail.google.com/mail/u/0/#all/1a0fffd2419ec392,,contestants/E02/13-archives/Math_Competition_Completed_Results_Submission_Bundle.zip,Math_Competition_Completed_Results_Submission/Reproduction_Sources/m2-research/projects/formal-conjectures/FormalConjecturesForMathlib/NumberTheory/WieferichPrime.lean,,f2531d54,Filename/path inference; editable in the app
351260,Reproduction_Sources/m2-research/projects/formal-conjectures/FormalConjecturesForMathlib/Order/Bounds/Basic.lean,General / shared,759,"Email supplement received 06:19:17 CEST, after cutoff; distinct from on-time PDF | email ZIP",https://mail.google.com/mail/u/0/#all/1a0fffd2419ec392,,contestants/E02/13-archives/Math_Competition_Completed_Results_Submission_Bundle.zip,Math_Competition_Completed_Results_Submission/Reproduction_Sources/m2-research/projects/formal-conjectures/FormalConjecturesForMathlib/Order/Bounds/Basic.lean,,f523a354,Filename/path inference; editable in the app
351261,Reproduction_Sources/m2-research/projects/formal-conjectures/FormalConjecturesForMathlib/Order/Filter/Cofinite.lean,General / shared,2401,"Email supplement received 06:19:17 CEST, after cutoff; distinct from on-time PDF | email ZIP",https://mail.google.com/mail/u/0/#all/1a0fffd2419ec392,,contestants/E02/13-archives/Math_Competition_Completed_Results_Submission_Bundle.zip,Math_Competition_Completed_Results_Submission/Reproduction_Sources/m2-research/projects/formal-conjectures/FormalConjecturesForMathlib/Order/Filter/Cofinite.lean,,5596549f,Filename/path inference; editable in the app
351262,Reproduction_Sources/m2-research/projects/formal-conjectures/FormalConjecturesForMathlib/Order/Filter/atTopBot/Finset.lean,General / shared,1111,"Email supplement received 06:19:17 CEST, after cutoff; distinct from on-time PDF | email ZIP",https://mail.google.com/mail/u/0/#all/1a0fffd2419ec392,,contestants/E02/13-archives/Math_Competition_Completed_Results_Submission_Bundle.zip,Math_Competition_Completed_Results_Submission/Reproduction_Sources/m2-research/projects/formal-conjectures/FormalConjecturesForMathlib/Order/Filter/atTopBot/Finset.lean,,7e685926,Filename/path inference; editable in the app
351263,Reproduction_Sources/m2-research/projects/formal-conjectures/FormalConjecturesForMathlib/Order/Interval/Finset/Basic.lean,General / shared,1634,"Email supplement received 06:19:17 CEST, after cutoff; distinct from on-time PDF | email ZIP",https://mail.google.com/mail/u/0/#all/1a0fffd2419ec392,,contestants/E02/13-archives/Math_Competition_Completed_Results_Submission_Bundle.zip,Math_Competition_Completed_Results_Submission/Reproduction_Sources/m2-research/projects/formal-conjectures/FormalConjecturesForMathlib/Order/Interval/Finset/Basic.lean,,2ea6ca15,Filename/path inference; editable in the app
351264,Reproduction_Sources/m2-research/projects/formal-conjectures/FormalConjecturesForMathlib/Order/Interval/Finset/Nat.lean,General / shared,840,"Email supplement received 06:19:17 CEST, after cutoff; distinct from on-time PDF | email ZIP",https://mail.google.com/mail/u/0/#all/1a0fffd2419ec392,,contestants/E02/13-archives/Math_Competition_Completed_Results_Submission_Bundle.zip,Math_Competition_Completed_Results_Submission/Reproduction_Sources/m2-research/projects/formal-conjectures/FormalConjecturesForMathlib/Order/Interval/Finset/Nat.lean,,147685ed,Filename/path inference; editable in the app
351265,Reproduction_Sources/m2-research/projects/formal-conjectures/FormalConjecturesForMathlib/Order/Nat.lean,General / shared,886,"Email supplement received 06:19:17 CEST, after cutoff; distinct from on-time PDF | email ZIP",https://mail.google.com/mail/u/0/#all/1a0fffd2419ec392,,contestants/E02/13-archives/Math_Competition_Completed_Results_Submission_Bundle.zip,Math_Competition_Completed_Results_Submission/Reproduction_Sources/m2-research/projects/formal-conjectures/FormalConjecturesForMathlib/Order/Nat.lean,,105ed8fd,Filename/path inference; editable in the app
351266,Reproduction_Sources/m2-research/projects/formal-conjectures/FormalConjecturesForMathlib/Order/Unimodular.lean,General / shared,1102,"Email supplement received 06:19:17 CEST, after cutoff; distinct from on-time PDF | email ZIP",https://mail.google.com/mail/u/0/#all/1a0fffd2419ec392,,contestants/E02/13-archives/Math_Competition_Completed_Results_Submission_Bundle.zip,Math_Competition_Completed_Results_Submission/Reproduction_Sources/m2-research/projects/formal-conjectures/FormalConjecturesForMathlib/Order/Unimodular.lean,,28c21a2a,Filename/path inference; editable in the app
351267,Reproduction_Sources/m2-research/projects/formal-conjectures/FormalConjecturesForMathlib/Probability/FiniteMethod.lean,General / shared,3636,"Email supplement received 06:19:17 CEST, after cutoff; distinct from on-time PDF | email ZIP",https://mail.google.com/mail/u/0/#all/1a0fffd2419ec392,,contestants/E02/13-archives/Math_Competition_Completed_Results_Submission_Bundle.zip,Math_Competition_Completed_Results_Submission/Reproduction_Sources/m2-research/projects/formal-conjectures/FormalConjecturesForMathlib/Probability/FiniteMethod.lean,,8eb186e4,Filename/path inference; editable in the app
351268,Reproduction_Sources/m2-research/projects/formal-conjectures/FormalConjecturesForMathlib/RingTheory/Bialgebra/Cohomology.lean,General / shared,5579,"Email supplement received 06:19:17 CEST, after cutoff; distinct from on-time PDF | email ZIP",https://mail.google.com/mail/u/0/#all/1a0fffd2419ec392,,contestants/E02/13-archives/Math_Competition_Completed_Results_Submission_Bundle.zip,Math_Competition_Completed_Results_Submission/Reproduction_Sources/m2-research/projects/formal-conjectures/FormalConjecturesForMathlib/RingTheory/Bialgebra/Cohomology.lean,,18af1ad8,Filename/path inference; editable in the app
351269,Reproduction_Sources/m2-research/projects/formal-conjectures/FormalConjecturesForMathlib/RingTheory/Bialgebra/TrivialModule.lean,General / shared,3393,"Email supplement received 06:19:17 CEST, after cutoff; distinct from on-time PDF | email ZIP",https://mail.google.com/mail/u/0/#all/1a0fffd2419ec392,,contestants/E02/13-archives/Math_Competition_Completed_Results_Submission_Bundle.zip,Math_Competition_Completed_Results_Submission/Reproduction_Sources/m2-research/projects/formal-conjectures/FormalConjecturesForMathlib/RingTheory/Bialgebra/TrivialModule.lean,,d86cc486,Filename/path inference; editable in the app
351270,Reproduction_Sources/m2-research/projects/formal-conjectures/FormalConjecturesForMathlib/RingTheory/CohenMacaulayModule.lean,General / shared,5126,"Email supplement received 06:19:17 CEST, after cutoff; distinct from on-time PDF | email ZIP",https://mail.google.com/mail/u/0/#all/1a0fffd2419ec392,,contestants/E02/13-archives/Math_Competition_Completed_Results_Submission_Bundle.zip,Math_Competition_Completed_Results_Submission/Reproduction_Sources/m2-research/projects/formal-conjectures/FormalConjecturesForMathlib/RingTheory/CohenMacaulayModule.lean,,3d6217c6,Filename/path inference; editable in the app
351271,Reproduction_Sources/m2-research/projects/formal-conjectures/FormalConjecturesForMathlib/RingTheory/Ideal/Basic.lean,General / shared,2640,"Email supplement received 06:19:17 CEST, after cutoff; distinct from on-time PDF | email ZIP",https://mail.google.com/mail/u/0/#all/1a0fffd2419ec392,,contestants/E02/13-archives/Math_Competition_Completed_Results_Submission_Bundle.zip,Math_Competition_Completed_Results_Submission/Reproduction_Sources/m2-research/projects/formal-conjectures/FormalConjecturesForMathlib/RingTheory/Ideal/Basic.lean,,1b388952,Filename/path inference; editable in the app
351272,Reproduction_Sources/m2-research/projects/formal-conjectures/FormalConjecturesForMathlib/RingTheory/Ideal/Defs.lean,General / shared,1036,"Email supplement received 06:19:17 CEST, after cutoff; distinct from on-time PDF | email ZIP",https://mail.google.com/mail/u/0/#all/1a0fffd2419ec392,,contestants/E02/13-archives/Math_Competition_Completed_Results_Submission_Bundle.zip,Math_Competition_Completed_Results_Submission/Reproduction_Sources/m2-research/projects/formal-conjectures/FormalConjecturesForMathlib/RingTheory/Ideal/Defs.lean,,e9c7531b,Filename/path inference; editable in the app
351273,Reproduction_Sources/m2-research/projects/formal-conjectures/FormalConjecturesForMathlib/RingTheory/Ideal/Maximal.lean,General / shared,2292,"Email supplement received 06:19:17 CEST, after cutoff; distinct from on-time PDF | email ZIP",https://mail.google.com/mail/u/0/#all/1a0fffd2419ec392,,contestants/E02/13-archives/Math_Competition_Completed_Results_Submission_Bundle.zip,Math_Competition_Completed_Results_Submission/Reproduction_Sources/m2-research/projects/formal-conjectures/FormalConjecturesForMathlib/RingTheory/Ideal/Maximal.lean,,1ff42136,Filename/path inference; editable in the app
351274,Reproduction_Sources/m2-research/projects/formal-conjectures/FormalConjecturesForMathlib/RingTheory/IntersectionMultiplicity.lean,General / shared,4643,"Email supplement received 06:19:17 CEST, after cutoff; distinct from on-time PDF | email ZIP",https://mail.google.com/mail/u/0/#all/1a0fffd2419ec392,,contestants/E02/13-archives/Math_Competition_Completed_Results_Submission_Bundle.zip,Math_Competition_Completed_Results_Submission/Reproduction_Sources/m2-research/projects/formal-conjectures/FormalConjecturesForMathlib/RingTheory/IntersectionMultiplicity.lean,,385fba5e,Filename/path inference; editable in the app
351275,Reproduction_Sources/m2-research/projects/formal-conjectures/FormalConjecturesForMathlib/RingTheory/MvPolynomial/LexPlusPowers.lean,General / shared,4187,"Email supplement received 06:19:17 CEST, after cutoff; distinct from on-time PDF | email ZIP",https://mail.google.com/mail/u/0/#all/1a0fffd2419ec392,,contestants/E02/13-archives/Math_Competition_Completed_Results_Submission_Bundle.zip,Math_Competition_Completed_Results_Submission/Reproduction_Sources/m2-research/projects/formal-conjectures/FormalConjecturesForMathlib/RingTheory/MvPolynomial/LexPlusPowers.lean,,a2167bce,Filename/path inference; editable in the app
351276,Reproduction_Sources/m2-research/projects/formal-conjectures/FormalConjecturesForMathlib/RingTheory/Noetherian/Defs.lean,General / shared,1001,"Email supplement received 06:19:17 CEST, after cutoff; distinct from on-time PDF | email ZIP",https://mail.google.com/mail/u/0/#all/1a0fffd2419ec392,,contestants/E02/13-archives/Math_Competition_Completed_Results_Submission_Bundle.zip,Math_Competition_Completed_Results_Submission/Reproduction_Sources/m2-research/projects/formal-conjectures/FormalConjecturesForMathlib/RingTheory/Noetherian/Defs.lean,,29a3ba35,Filename/path inference; editable in the app
351277,Reproduction_Sources/m2-research/projects/formal-conjectures/FormalConjecturesForMathlib/RingTheory/SystemOfParameters.lean,General / shared,2666,"Email supplement received 06:19:17 CEST, after cutoff; distinct from on-time PDF | email ZIP",https://mail.google.com/mail/u/0/#all/1a0fffd2419ec392,,contestants/E02/13-archives/Math_Competition_Completed_Results_Submission_Bundle.zip,Math_Competition_Completed_Results_Submission/Reproduction_Sources/m2-research/projects/formal-conjectures/FormalConjecturesForMathlib/RingTheory/SystemOfParameters.lean,,b590a16f,Filename/path inference; editable in the app
351278,Reproduction_Sources/m2-research/projects/formal-conjectures/FormalConjecturesForMathlib/RingTheory/Valuation/LocalUniformization.lean,General / shared,3865,"Email supplement received 06:19:17 CEST, after cutoff; distinct from on-time PDF | email ZIP",https://mail.google.com/mail/u/0/#all/1a0fffd2419ec392,,contestants/E02/13-archives/Math_Competition_Completed_Results_Submission_Bundle.zip,Math_Competition_Completed_Results_Submission/Reproduction_Sources/m2-research/projects/formal-conjectures/FormalConjecturesForMathlib/RingTheory/Valuation/LocalUniformization.lean,,90f438f2,Filename/path inference; editable in the app
351279,Reproduction_Sources/m2-research/projects/formal-conjectures/FormalConjecturesForMathlib/SetTheory/Cardinal/Arithmetic.lean,General / shared,1639,"Email supplement received 06:19:17 CEST, after cutoff; distinct from on-time PDF | email ZIP",https://mail.google.com/mail/u/0/#all/1a0fffd2419ec392,,contestants/E02/13-archives/Math_Competition_Completed_Results_Submission_Bundle.zip,Math_Competition_Completed_Results_Submission/Reproduction_Sources/m2-research/projects/formal-conjectures/FormalConjecturesForMathlib/SetTheory/Cardinal/Arithmetic.lean,,f1ed23e9,Filename/path inference; editable in the app
351280,Reproduction_Sources/m2-research/projects/formal-conjectures/FormalConjecturesForMathlib/SetTheory/Cardinal/Continuum.lean,General / shared,709,"Email supplement received 06:19:17 CEST, after cutoff; distinct from on-time PDF | email ZIP",https://mail.google.com/mail/u/0/#all/1a0fffd2419ec392,,contestants/E02/13-archives/Math_Competition_Completed_Results_Submission_Bundle.zip,Math_Competition_Completed_Results_Submission/Reproduction_Sources/m2-research/projects/formal-conjectures/FormalConjecturesForMathlib/SetTheory/Cardinal/Continuum.lean,,a39ede1a,Filename/path inference; editable in the app
351281,Reproduction_Sources/m2-research/projects/formal-conjectures/FormalConjecturesForMathlib/SetTheory/Cardinal/SimpleGraph.lean,General / shared,1378,"Email supplement received 06:19:17 CEST, after cutoff; distinct from on-time PDF | email ZIP",https://mail.google.com/mail/u/0/#all/1a0fffd2419ec392,,contestants/E02/13-archives/Math_Competition_Completed_Results_Submission_Bundle.zip,Math_Competition_Completed_Results_Submission/Reproduction_Sources/m2-research/projects/formal-conjectures/FormalConjecturesForMathlib/SetTheory/Cardinal/SimpleGraph.lean,,bc831c56,Filename/path inference; editable in the app
351282,Reproduction_Sources/m2-research/projects/formal-conjectures/FormalConjecturesForMathlib/Tactic/Linter/Term.lean,General / shared,3685,"Email supplement received 06:19:17 CEST, after cutoff; distinct from on-time PDF | email ZIP",https://mail.google.com/mail/u/0/#all/1a0fffd2419ec392,,contestants/E02/13-archives/Math_Competition_Completed_Results_Submission_Bundle.zip,Math_Competition_Completed_Results_Submission/Reproduction_Sources/m2-research/projects/formal-conjectures/FormalConjecturesForMathlib/Tactic/Linter/Term.lean,,ac76096e,Filename/path inference; editable in the app
351283,Reproduction_Sources/m2-research/projects/formal-conjectures/FormalConjecturesForMathlib/Topology/AbsoluteNeighborhoodRetract.lean,General / shared,1553,"Email supplement received 06:19:17 CEST, after cutoff; distinct from on-time PDF | email ZIP",https://mail.google.com/mail/u/0/#all/1a0fffd2419ec392,,contestants/E02/13-archives/Math_Competition_Completed_Results_Submission_Bundle.zip,Math_Competition_Completed_Results_Submission/Reproduction_Sources/m2-research/projects/formal-conjectures/FormalConjecturesForMathlib/Topology/AbsoluteNeighborhoodRetract.lean,,5249224a,Filename/path inference; editable in the app
351284,Reproduction_Sources/m2-research/projects/formal-conjectures/FormalConjecturesForMathlib/Topology/Algebra/InfiniteSum/Group.lean,General / shared,1224,"Email supplement received 06:19:17 CEST, after cutoff; distinct from on-time PDF | email ZIP",https://mail.google.com/mail/u/0/#all/1a0fffd2419ec392,,contestants/E02/13-archives/Math_Competition_Completed_Results_Submission_Bundle.zip,Math_Competition_Completed_Results_Submission/Reproduction_Sources/m2-research/projects/formal-conjectures/FormalConjecturesForMathlib/Topology/Algebra/InfiniteSum/Group.lean,,de4dd71b,Filename/path inference; editable in the app
351285,Reproduction_Sources/m2-research/projects/formal-conjectures/FormalConjecturesForMathlib/Topology/Algebra/InfiniteSum/Order.lean,General / shared,1256,"Email supplement received 06:19:17 CEST, after cutoff; distinct from on-time PDF | email ZIP",https://mail.google.com/mail/u/0/#all/1a0fffd2419ec392,,contestants/E02/13-archives/Math_Competition_Completed_Results_Submission_Bundle.zip,Math_Competition_Completed_Results_Submission/Reproduction_Sources/m2-research/projects/formal-conjectures/FormalConjecturesForMathlib/Topology/Algebra/InfiniteSum/Order.lean,,91235328,Filename/path inference; editable in the app
351286,Reproduction_Sources/m2-research/projects/formal-conjectures/FormalConjecturesForMathlib/Topology/Algebra/InfiniteSum/Real.lean,General / shared,1643,"Email supplement received 06:19:17 CEST, after cutoff; distinct from on-time PDF | email ZIP",https://mail.google.com/mail/u/0/#all/1a0fffd2419ec392,,contestants/E02/13-archives/Math_Competition_Completed_Results_Submission_Bundle.zip,Math_Competition_Completed_Results_Submission/Reproduction_Sources/m2-research/projects/formal-conjectures/FormalConjecturesForMathlib/Topology/Algebra/InfiniteSum/Real.lean,,4d3579b9,Filename/path inference; editable in the app
351287,Reproduction_Sources/m2-research/projects/formal-conjectures/FormalConjecturesForMathlib/Topology/CardinalInvariants.lean,General / shared,6877,"Email supplement received 06:19:17 CEST, after cutoff; distinct from on-time PDF | email ZIP",https://mail.google.com/mail/u/0/#all/1a0fffd2419ec392,,contestants/E02/13-archives/Math_Competition_Completed_Results_Submission_Bundle.zip,Math_Competition_Completed_Results_Submission/Reproduction_Sources/m2-research/projects/formal-conjectures/FormalConjecturesForMathlib/Topology/CardinalInvariants.lean,,af384f63,Filename/path inference; editable in the app
351288,Reproduction_Sources/m2-research/projects/formal-conjectures/FormalConjecturesForMathlib/Topology/Discrete.lean,General / shared,1327,"Email supplement received 06:19:17 CEST, after cutoff; distinct from on-time PDF | email ZIP",https://mail.google.com/mail/u/0/#all/1a0fffd2419ec392,,contestants/E02/13-archives/Math_Competition_Completed_Results_Submission_Bundle.zip,Math_Competition_Completed_Results_Submission/Reproduction_Sources/m2-research/projects/formal-conjectures/FormalConjecturesForMathlib/Topology/Discrete.lean,,4f72c4ea,Filename/path inference; editable in the app
351289,Reproduction_Sources/m2-research/projects/formal-conjectures/FormalConjecturesForMathlib/Topology/GDelta.lean,General / shared,1089,"Email supplement received 06:19:17 CEST, after cutoff; distinct from on-time PDF | email ZIP",https://mail.google.com/mail/u/0/#all/1a0fffd2419ec392,,contestants/E02/13-archives/Math_Competition_Completed_Results_Submission_Bundle.zip,Math_Competition_Completed_Results_Submission/Reproduction_Sources/m2-research/projects/formal-conjectures/FormalConjecturesForMathlib/Topology/GDelta.lean,,4790e417,Filename/path inference; editable in the app
351290,Reproduction_Sources/m2-research/projects/formal-conjectures/FormalConjecturesForMathlib/Topology/Homogeneous.lean,General / shared,906,"Email supplement received 06:19:17 CEST, after cutoff; distinct from on-time PDF | email ZIP",https://mail.google.com/mail/u/0/#all/1a0fffd2419ec392,,contestants/E02/13-archives/Math_Competition_Completed_Results_Submission_Bundle.zip,Math_Competition_Completed_Results_Submission/Reproduction_Sources/m2-research/projects/formal-conjectures/FormalConjecturesForMathlib/Topology/Homogeneous.lean,,6f352993,Filename/path inference; editable in the app
351291,Reproduction_Sources/m2-research/projects/formal-conjectures/FormalConjecturesForMathlib/Topology/LebesgueCoveringDimension.lean,General / shared,1623,"Email supplement received 06:19:17 CEST, after cutoff; distinct from on-time PDF | email ZIP",https://mail.google.com/mail/u/0/#all/1a0fffd2419ec392,,contestants/E02/13-archives/Math_Competition_Completed_Results_Submission_Bundle.zip,Math_Competition_Completed_Results_Submission/Reproduction_Sources/m2-research/projects/formal-conjectures/FormalConjecturesForMathlib/Topology/LebesgueCoveringDimension.lean,,81270d44,Filename/path inference; editable in the app
351292,Reproduction_Sources/m2-research/projects/formal-conjectures/FormalConjecturesForMathlib/Topology/MetricSpace/MetricSeparated.lean,General / shared,1120,"Email supplement received 06:19:17 CEST, after cutoff; distinct from on-time PDF | email ZIP",https://mail.google.com/mail/u/0/#all/1a0fffd2419ec392,,contestants/E02/13-archives/Math_Competition_Completed_Results_Submission_Bundle.zip,Math_Competition_Completed_Results_Submission/Reproduction_Sources/m2-research/projects/formal-conjectures/FormalConjecturesForMathlib/Topology/MetricSpace/MetricSeparated.lean,,2e860f07,Filename/path inference; editable in the app
351311,Reproduction_Sources/m2-research/projects/formal-conjectures/FormalConjecturesUtil.lean,General / shared,1801,"Email supplement received 06:19:17 CEST, after cutoff; distinct from on-time PDF | email ZIP",https://mail.google.com/mail/u/0/#all/1a0fffd2419ec392,,contestants/E02/13-archives/Math_Competition_Completed_Results_Submission_Bundle.zip,Math_Competition_Completed_Results_Submission/Reproduction_Sources/m2-research/projects/formal-conjectures/FormalConjecturesUtil.lean,,e5b32338,Filename/path inference; editable in the app
351295,Reproduction_Sources/m2-research/projects/formal-conjectures/FormalConjecturesUtil/Answer.lean,General / shared,6914,"Email supplement received 06:19:17 CEST, after cutoff; distinct from on-time PDF | email ZIP",https://mail.google.com/mail/u/0/#all/1a0fffd2419ec392,,contestants/E02/13-archives/Math_Competition_Completed_Results_Submission_Bundle.zip,Math_Competition_Completed_Results_Submission/Reproduction_Sources/m2-research/projects/formal-conjectures/FormalConjecturesUtil/Answer.lean,,db5bdade,Filename/path inference; editable in the app
351294,Reproduction_Sources/m2-research/projects/formal-conjectures/FormalConjecturesUtil/Answer/Syntax.lean,General / shared,853,"Email supplement received 06:19:17 CEST, after cutoff; distinct from on-time PDF | email ZIP",https://mail.google.com/mail/u/0/#all/1a0fffd2419ec392,,contestants/E02/13-archives/Math_Competition_Completed_Results_Submission_Bundle.zip,Math_Competition_Completed_Results_Submission/Reproduction_Sources/m2-research/projects/formal-conjectures/FormalConjecturesUtil/Answer/Syntax.lean,,ec00d0a8,Filename/path inference; editable in the app
351296,Reproduction_Sources/m2-research/projects/formal-conjectures/FormalConjecturesUtil/Attributes/AMS.lean,General / shared,6457,"Email supplement received 06:19:17 CEST, after cutoff; distinct from on-time PDF | email ZIP",https://mail.google.com/mail/u/0/#all/1a0fffd2419ec392,,contestants/E02/13-archives/Math_Competition_Completed_Results_Submission_Bundle.zip,Math_Competition_Completed_Results_Submission/Reproduction_Sources/m2-research/projects/formal-conjectures/FormalConjecturesUtil/Attributes/AMS.lean,,43b316e2,Filename/path inference; editable in the app
351297,Reproduction_Sources/m2-research/projects/formal-conjectures/FormalConjecturesUtil/Attributes/Basic.lean,General / shared,22389,"Email supplement received 06:19:17 CEST, after cutoff; distinct from on-time PDF | email ZIP",https://mail.google.com/mail/u/0/#all/1a0fffd2419ec392,,contestants/E02/13-archives/Math_Competition_Completed_Results_Submission_Bundle.zip,Math_Competition_Completed_Results_Submission/Reproduction_Sources/m2-research/projects/formal-conjectures/FormalConjecturesUtil/Attributes/Basic.lean,,7369ab7b,Filename/path inference; editable in the app
351298,Reproduction_Sources/m2-research/projects/formal-conjectures/FormalConjecturesUtil/Linters/AMSLinter.lean,General / shared,4113,"Email supplement received 06:19:17 CEST, after cutoff; distinct from on-time PDF | email ZIP",https://mail.google.com/mail/u/0/#all/1a0fffd2419ec392,,contestants/E02/13-archives/Math_Competition_Completed_Results_Submission_Bundle.zip,Math_Competition_Completed_Results_Submission/Reproduction_Sources/m2-research/projects/formal-conjectures/FormalConjecturesUtil/Linters/AMSLinter.lean,,58930e1c,Filename/path inference; editable in the app
351299,Reproduction_Sources/m2-research/projects/formal-conjectures/FormalConjecturesUtil/Linters/AnswerLinter.lean,General / shared,2571,"Email supplement received 06:19:17 CEST, after cutoff; distinct from on-time PDF | email ZIP",https://mail.google.com/mail/u/0/#all/1a0fffd2419ec392,,contestants/E02/13-archives/Math_Competition_Completed_Results_Submission_Bundle.zip,Math_Competition_Completed_Results_Submission/Reproduction_Sources/m2-research/projects/formal-conjectures/FormalConjecturesUtil/Linters/AnswerLinter.lean,,7faf9c40,Filename/path inference; editable in the app
351300,Reproduction_Sources/m2-research/projects/formal-conjectures/FormalConjecturesUtil/Linters/CategoryAnswerLinter.lean,General / shared,3171,"Email supplement received 06:19:17 CEST, after cutoff; distinct from on-time PDF | email ZIP",https://mail.google.com/mail/u/0/#all/1a0fffd2419ec392,,contestants/E02/13-archives/Math_Competition_Completed_Results_Submission_Bundle.zip,Math_Competition_Completed_Results_Submission/Reproduction_Sources/m2-research/projects/formal-conjectures/FormalConjecturesUtil/Linters/CategoryAnswerLinter.lean,,c4738597,Filename/path inference; editable in the app
351301,Reproduction_Sources/m2-research/projects/formal-conjectures/FormalConjecturesUtil/Linters/CategoryDocstringLinter.lean,General / shared,2302,"Email supplement received 06:19:17 CEST, after cutoff; distinct from on-time PDF | email ZIP",https://mail.google.com/mail/u/0/#all/1a0fffd2419ec392,,contestants/E02/13-archives/Math_Competition_Completed_Results_Submission_Bundle.zip,Math_Competition_Completed_Results_Submission/Reproduction_Sources/m2-research/projects/formal-conjectures/FormalConjecturesUtil/Linters/CategoryDocstringLinter.lean,,56cb5f59,Filename/path inference; editable in the app
351302,Reproduction_Sources/m2-research/projects/formal-conjectures/FormalConjecturesUtil/Linters/CategoryLinter.lean,General / shared,5856,"Email supplement received 06:19:17 CEST, after cutoff; distinct from on-time PDF | email ZIP",https://mail.google.com/mail/u/0/#all/1a0fffd2419ec392,,contestants/E02/13-archives/Math_Competition_Completed_Results_Submission_Bundle.zip,Math_Competition_Completed_Results_Submission/Reproduction_Sources/m2-research/projects/formal-conjectures/FormalConjecturesUtil/Linters/CategoryLinter.lean,,fb8e6ee0,Filename/path inference; editable in the app
351303,Reproduction_Sources/m2-research/projects/formal-conjectures/FormalConjecturesUtil/Linters/CopyrightLinter.lean,General / shared,3396,"Email supplement received 06:19:17 CEST, after cutoff; distinct from on-time PDF | email ZIP",https://mail.google.com/mail/u/0/#all/1a0fffd2419ec392,,contestants/E02/13-archives/Math_Competition_Completed_Results_Submission_Bundle.zip,Math_Competition_Completed_Results_Submission/Reproduction_Sources/m2-research/projects/formal-conjectures/FormalConjecturesUtil/Linters/CopyrightLinter.lean,,b636dabf,Filename/path inference; editable in the app
351304,Reproduction_Sources/m2-research/projects/formal-conjectures/FormalConjecturesUtil/Linters/ExistsImplicationLinter.lean,General / shared,3735,"Email supplement received 06:19:17 CEST, after cutoff; distinct from on-time PDF | email ZIP",https://mail.google.com/mail/u/0/#all/1a0fffd2419ec392,,contestants/E02/13-archives/Math_Competition_Completed_Results_Submission_Bundle.zip,Math_Competition_Completed_Results_Submission/Reproduction_Sources/m2-research/projects/formal-conjectures/FormalConjecturesUtil/Linters/ExistsImplicationLinter.lean,,e2c3b32e,Filename/path inference; editable in the app
351305,Reproduction_Sources/m2-research/projects/formal-conjectures/FormalConjecturesUtil/Linters/FormalProofLinter.lean,General / shared,5474,"Email supplement received 06:19:17 CEST, after cutoff; distinct from on-time PDF | email ZIP",https://mail.google.com/mail/u/0/#all/1a0fffd2419ec392,,contestants/E02/13-archives/Math_Competition_Completed_Results_Submission_Bundle.zip,Math_Competition_Completed_Results_Submission/Reproduction_Sources/m2-research/projects/formal-conjectures/FormalConjecturesUtil/Linters/FormalProofLinter.lean,,93bcf47a,Filename/path inference; editable in the app
351306,Reproduction_Sources/m2-research/projects/formal-conjectures/FormalConjecturesUtil/Linters/ImportLinter.lean,General / shared,6537,"Email supplement received 06:19:17 CEST, after cutoff; distinct from on-time PDF | email ZIP",https://mail.google.com/mail/u/0/#all/1a0fffd2419ec392,,contestants/E02/13-archives/Math_Competition_Completed_Results_Submission_Bundle.zip,Math_Competition_Completed_Results_Submission/Reproduction_Sources/m2-research/projects/formal-conjectures/FormalConjecturesUtil/Linters/ImportLinter.lean,,86dabb68,Filename/path inference; editable in the app
351307,Reproduction_Sources/m2-research/projects/formal-conjectures/FormalConjecturesUtil/Linters/LatexDocstringLinter.lean,General / shared,2586,"Email supplement received 06:19:17 CEST, after cutoff; distinct from on-time PDF | email ZIP",https://mail.google.com/mail/u/0/#all/1a0fffd2419ec392,,contestants/E02/13-archives/Math_Competition_Completed_Results_Submission_Bundle.zip,Math_Competition_Completed_Results_Submission/Reproduction_Sources/m2-research/projects/formal-conjectures/FormalConjecturesUtil/Linters/LatexDocstringLinter.lean,,4e72bb0c,Filename/path inference; editable in the app
351308,Reproduction_Sources/m2-research/projects/formal-conjectures/FormalConjecturesUtil/Linters/ModuleDocstringLinter.lean,General / shared,2913,"Email supplement received 06:19:17 CEST, after cutoff; distinct from on-time PDF | email ZIP",https://mail.google.com/mail/u/0/#all/1a0fffd2419ec392,,contestants/E02/13-archives/Math_Competition_Completed_Results_Submission_Bundle.zip,Math_Competition_Completed_Results_Submission/Reproduction_Sources/m2-research/projects/formal-conjectures/FormalConjecturesUtil/Linters/ModuleDocstringLinter.lean,,6b6d43b8,Filename/path inference; editable in the app
351309,Reproduction_Sources/m2-research/projects/formal-conjectures/FormalConjecturesUtil/Linters/NamespaceLinter.lean,General / shared,2117,"Email supplement received 06:19:17 CEST, after cutoff; distinct from on-time PDF | email ZIP",https://mail.google.com/mail/u/0/#all/1a0fffd2419ec392,,contestants/E02/13-archives/Math_Competition_Completed_Results_Submission_Bundle.zip,Math_Competition_Completed_Results_Submission/Reproduction_Sources/m2-research/projects/formal-conjectures/FormalConjecturesUtil/Linters/NamespaceLinter.lean,,40bd5dd6,Filename/path inference; editable in the app
351310,Reproduction_Sources/m2-research/projects/formal-conjectures/FormalConjecturesUtil/Linters/StubLinter.lean,General / shared,2825,"Email supplement received 06:19:17 CEST, after cutoff; distinct from on-time PDF | email ZIP",https://mail.google.com/mail/u/0/#all/1a0fffd2419ec392,,contestants/E02/13-archives/Math_Competition_Completed_Results_Submission_Bundle.zip,Math_Competition_Completed_Results_Submission/Reproduction_Sources/m2-research/projects/formal-conjectures/FormalConjecturesUtil/Linters/StubLinter.lean,,6a8bede5,Filename/path inference; editable in the app
351315,Reproduction_Sources/opdp13/OpHack/PowerFourier/Cosine.lean,General / shared,2299,"Email supplement received 06:19:17 CEST, after cutoff; distinct from on-time PDF | email ZIP",https://mail.google.com/mail/u/0/#all/1a0fffd2419ec392,,contestants/E02/13-archives/Math_Competition_Completed_Results_Submission_Bundle.zip,Math_Competition_Completed_Results_Submission/Reproduction_Sources/opdp13/OpHack/PowerFourier/Cosine.lean,,ad516d15,Filename/path inference; editable in the app
351316,Reproduction_Sources/opdp13/OpHack/PowerFourier/Gaussian.lean,General / shared,4017,"Email supplement received 06:19:17 CEST, after cutoff; distinct from on-time PDF | email ZIP",https://mail.google.com/mail/u/0/#all/1a0fffd2419ec392,,contestants/E02/13-archives/Math_Competition_Completed_Results_Submission_Bundle.zip,Math_Competition_Completed_Results_Submission/Reproduction_Sources/opdp13/OpHack/PowerFourier/Gaussian.lean,,28ad9c8d,Filename/path inference; editable in the app
351317,Reproduction_Sources/opdp13/OpHack/PowerFourier/Growth.lean,General / shared,3470,"Email supplement received 06:19:17 CEST, after cutoff; distinct from on-time PDF | email ZIP",https://mail.google.com/mail/u/0/#all/1a0fffd2419ec392,,contestants/E02/13-archives/Math_Competition_Completed_Results_Submission_Bundle.zip,Math_Competition_Completed_Results_Submission/Reproduction_Sources/opdp13/OpHack/PowerFourier/Growth.lean,,00c9055d,Filename/path inference; editable in the app
351318,Reproduction_Sources/opdp13/OpHack/PowerFourier/Integration.lean,General / shared,2994,"Email supplement received 06:19:17 CEST, after cutoff; distinct from on-time PDF | email ZIP",https://mail.google.com/mail/u/0/#all/1a0fffd2419ec392,,contestants/E02/13-archives/Math_Competition_Completed_Results_Submission_Bundle.zip,Math_Competition_Completed_Results_Submission/Reproduction_Sources/opdp13/OpHack/PowerFourier/Integration.lean,,89b5f7d5,Filename/path inference; editable in the app
351319,Reproduction_Sources/opdp13/OpHack/PowerFourier/Logarithms.lean,General / shared,3828,"Email supplement received 06:19:17 CEST, after cutoff; distinct from on-time PDF | email ZIP",https://mail.google.com/mail/u/0/#all/1a0fffd2419ec392,,contestants/E02/13-archives/Math_Competition_Completed_Results_Submission_Bundle.zip,Math_Competition_Completed_Results_Submission/Reproduction_Sources/opdp13/OpHack/PowerFourier/Logarithms.lean,,0629b543,Filename/path inference; editable in the app
351320,Reproduction_Sources/opdp13/OpHack/PowerFourier/Main.lean,General / shared,4589,"Email supplement received 06:19:17 CEST, after cutoff; distinct from on-time PDF | email ZIP",https://mail.google.com/mail/u/0/#all/1a0fffd2419ec392,,contestants/E02/13-archives/Math_Competition_Completed_Results_Submission_Bundle.zip,Math_Competition_Completed_Results_Submission/Reproduction_Sources/opdp13/OpHack/PowerFourier/Main.lean,,e2f0bf4f,Filename/path inference; editable in the app
351321,Reproduction_Sources/opdp13/OpHack/PowerFourier/Negative.lean,General / shared,3729,"Email supplement received 06:19:17 CEST, after cutoff; distinct from on-time PDF | email ZIP",https://mail.google.com/mail/u/0/#all/1a0fffd2419ec392,,contestants/E02/13-archives/Math_Competition_Completed_Results_Submission_Bundle.zip,Math_Competition_Completed_Results_Submission/Reproduction_Sources/opdp13/OpHack/PowerFourier/Negative.lean,,199f0dfb,Filename/path inference; editable in the app
351322,Reproduction_Sources/opdp13/OpHack/PowerFourier/Polynomial.lean,General / shared,5083,"Email supplement received 06:19:17 CEST, after cutoff; distinct from on-time PDF | email ZIP",https://mail.google.com/mail/u/0/#all/1a0fffd2419ec392,,contestants/E02/13-archives/Math_Competition_Completed_Results_Submission_Bundle.zip,Math_Competition_Completed_Results_Submission/Reproduction_Sources/opdp13/OpHack/PowerFourier/Polynomial.lean,,1d368691,Filename/path inference; editable in the app
351323,Reproduction_Sources/opdp13/OpHack/PowerFourier/Positive.lean,General / shared,4400,"Email supplement received 06:19:17 CEST, after cutoff; distinct from on-time PDF | email ZIP",https://mail.google.com/mail/u/0/#all/1a0fffd2419ec392,,contestants/E02/13-archives/Math_Competition_Completed_Results_Submission_Bundle.zip,Math_Competition_Completed_Results_Submission/Reproduction_Sources/opdp13/OpHack/PowerFourier/Positive.lean,,a7532111,Filename/path inference; editable in the app
351324,Reproduction_Sources/opdp13/OpHack/PowerMoment/Algebra.lean,General / shared,4486,"Email supplement received 06:19:17 CEST, after cutoff; distinct from on-time PDF | email ZIP",https://mail.google.com/mail/u/0/#all/1a0fffd2419ec392,,contestants/E02/13-archives/Math_Competition_Completed_Results_Submission_Bundle.zip,Math_Competition_Completed_Results_Submission/Reproduction_Sources/opdp13/OpHack/PowerMoment/Algebra.lean,,439eb536,Filename/path inference; editable in the app
351325,Reproduction_Sources/opdp13/OpHack/PowerMoment/Bound.lean,General / shared,4535,"Email supplement received 06:19:17 CEST, after cutoff; distinct from on-time PDF | email ZIP",https://mail.google.com/mail/u/0/#all/1a0fffd2419ec392,,contestants/E02/13-archives/Math_Competition_Completed_Results_Submission_Bundle.zip,Math_Competition_Completed_Results_Submission/Reproduction_Sources/opdp13/OpHack/PowerMoment/Bound.lean,,13a36524,Filename/path inference; editable in the app
351326,Reproduction_Sources/opdp13/OpHack/PowerMoment/Parity.lean,General / shared,2793,"Email supplement received 06:19:17 CEST, after cutoff; distinct from on-time PDF | email ZIP",https://mail.google.com/mail/u/0/#all/1a0fffd2419ec392,,contestants/E02/13-archives/Math_Competition_Completed_Results_Submission_Bundle.zip,Math_Competition_Completed_Results_Submission/Reproduction_Sources/opdp13/OpHack/PowerMoment/Parity.lean,,3b68cd0a,Filename/path inference; editable in the app
351327,Reproduction_Sources/opdp13/OpHack/PowerMoment/Powers.lean,General / shared,2382,"Email supplement received 06:19:17 CEST, after cutoff; distinct from on-time PDF | email ZIP",https://mail.google.com/mail/u/0/#all/1a0fffd2419ec392,,contestants/E02/13-archives/Math_Competition_Completed_Results_Submission_Bundle.zip,Math_Competition_Completed_Results_Submission/Reproduction_Sources/opdp13/OpHack/PowerMoment/Powers.lean,,a79f585a,Filename/path inference; editable in the app
351328,Reproduction_Sources/opdp13/OpHack/PowerSemigroup/Basic.lean,General / shared,2294,"Email supplement received 06:19:17 CEST, after cutoff; distinct from on-time PDF | email ZIP",https://mail.google.com/mail/u/0/#all/1a0fffd2419ec392,,contestants/E02/13-archives/Math_Competition_Completed_Results_Submission_Bundle.zip,Math_Competition_Completed_Results_Submission/Reproduction_Sources/opdp13/OpHack/PowerSemigroup/Basic.lean,,8afc1977,Filename/path inference; editable in the app
351329,Reproduction_Sources/opdp13/OpHack/PowerSemigroup/Certificates.lean,General / shared,3268,"Email supplement received 06:19:17 CEST, after cutoff; distinct from on-time PDF | email ZIP",https://mail.google.com/mail/u/0/#all/1a0fffd2419ec392,,contestants/E02/13-archives/Math_Competition_Completed_Results_Submission_Bundle.zip,Math_Competition_Completed_Results_Submission/Reproduction_Sources/opdp13/OpHack/PowerSemigroup/Certificates.lean,,2c83d41a,Filename/path inference; editable in the app
351330,Reproduction_Sources/opdp13/OpHack/PowerSemigroup/Evaluation.lean,General / shared,5102,"Email supplement received 06:19:17 CEST, after cutoff; distinct from on-time PDF | email ZIP",https://mail.google.com/mail/u/0/#all/1a0fffd2419ec392,,contestants/E02/13-archives/Math_Competition_Completed_Results_Submission_Bundle.zip,Math_Competition_Completed_Results_Submission/Reproduction_Sources/opdp13/OpHack/PowerSemigroup/Evaluation.lean,,4a757545,Filename/path inference; editable in the app
351331,Reproduction_Sources/opdp13/OpHack/PowerSemigroup/Hermitian.lean,General / shared,3952,"Email supplement received 06:19:17 CEST, after cutoff; distinct from on-time PDF | email ZIP",https://mail.google.com/mail/u/0/#all/1a0fffd2419ec392,,contestants/E02/13-archives/Math_Competition_Completed_Results_Submission_Bundle.zip,Math_Competition_Completed_Results_Submission/Reproduction_Sources/opdp13/OpHack/PowerSemigroup/Hermitian.lean,,1a8f4c94,Filename/path inference; editable in the app
351332,Reproduction_Sources/opdp13/OpHack/PowerSemigroup/Main.lean,General / shared,2456,"Email supplement received 06:19:17 CEST, after cutoff; distinct from on-time PDF | email ZIP",https://mail.google.com/mail/u/0/#all/1a0fffd2419ec392,,contestants/E02/13-archives/Math_Competition_Completed_Results_Submission_Bundle.zip,Math_Competition_Completed_Results_Submission/Reproduction_Sources/opdp13/OpHack/PowerSemigroup/Main.lean,,7f1120f7,Filename/path inference; editable in the app
351333,Reproduction_Sources/opdp13/OpHack/PowerUpper/ActualCore.lean,General / shared,1685,"Email supplement received 06:19:17 CEST, after cutoff; distinct from on-time PDF | email ZIP",https://mail.google.com/mail/u/0/#all/1a0fffd2419ec392,,contestants/E02/13-archives/Math_Competition_Completed_Results_Submission_Bundle.zip,Math_Competition_Completed_Results_Submission/Reproduction_Sources/opdp13/OpHack/PowerUpper/ActualCore.lean,,9faaf033,Filename/path inference; editable in the app
351334,Reproduction_Sources/opdp13/OpHack/PowerUpper/AngleBridge.lean,General / shared,7386,"Email supplement received 06:19:17 CEST, after cutoff; distinct from on-time PDF | email ZIP",https://mail.google.com/mail/u/0/#all/1a0fffd2419ec392,,contestants/E02/13-archives/Math_Competition_Completed_Results_Submission_Bundle.zip,Math_Competition_Completed_Results_Submission/Reproduction_Sources/opdp13/OpHack/PowerUpper/AngleBridge.lean,,b3ec1313,Filename/path inference; editable in the app
351335,Reproduction_Sources/opdp13/OpHack/PowerUpper/ArcEstimates.lean,General / shared,6558,"Email supplement received 06:19:17 CEST, after cutoff; distinct from on-time PDF | email ZIP",https://mail.google.com/mail/u/0/#all/1a0fffd2419ec392,,contestants/E02/13-archives/Math_Competition_Completed_Results_Submission_Bundle.zip,Math_Competition_Completed_Results_Submission/Reproduction_Sources/opdp13/OpHack/PowerUpper/ArcEstimates.lean,,f1ab92be,Filename/path inference; editable in the app
351336,Reproduction_Sources/opdp13/OpHack/PowerUpper/BoundaryGap.lean,General / shared,7058,"Email supplement received 06:19:17 CEST, after cutoff; distinct from on-time PDF | email ZIP",https://mail.google.com/mail/u/0/#all/1a0fffd2419ec392,,contestants/E02/13-archives/Math_Competition_Completed_Results_Submission_Bundle.zip,Math_Competition_Completed_Results_Submission/Reproduction_Sources/opdp13/OpHack/PowerUpper/BoundaryGap.lean,,775b286a,Filename/path inference; editable in the app
351337,Reproduction_Sources/opdp13/OpHack/PowerUpper/DirectRadius.lean,General / shared,4965,"Email supplement received 06:19:17 CEST, after cutoff; distinct from on-time PDF | email ZIP",https://mail.google.com/mail/u/0/#all/1a0fffd2419ec392,,contestants/E02/13-archives/Math_Competition_Completed_Results_Submission_Bundle.zip,Math_Competition_Completed_Results_Submission/Reproduction_Sources/opdp13/OpHack/PowerUpper/DirectRadius.lean,,8a0c03df,Filename/path inference; editable in the app
351338,Reproduction_Sources/opdp13/OpHack/PowerUpper/EdgeModulus.lean,General / shared,4731,"Email supplement received 06:19:17 CEST, after cutoff; distinct from on-time PDF | email ZIP",https://mail.google.com/mail/u/0/#all/1a0fffd2419ec392,,contestants/E02/13-archives/Math_Competition_Completed_Results_Submission_Bundle.zip,Math_Competition_Completed_Results_Submission/Reproduction_Sources/opdp13/OpHack/PowerUpper/EdgeModulus.lean,,7c810616,Filename/path inference; editable in the app
351339,Reproduction_Sources/opdp13/OpHack/PowerUpper/ErrorControl.lean,General / shared,4610,"Email supplement received 06:19:17 CEST, after cutoff; distinct from on-time PDF | email ZIP",https://mail.google.com/mail/u/0/#all/1a0fffd2419ec392,,contestants/E02/13-archives/Math_Competition_Completed_Results_Submission_Bundle.zip,Math_Competition_Completed_Results_Submission/Reproduction_Sources/opdp13/OpHack/PowerUpper/ErrorControl.lean,,dbcfa8d0,Filename/path inference; editable in the app
351340,Reproduction_Sources/opdp13/OpHack/PowerUpper/FourierExtraction.lean,General / shared,2709,"Email supplement received 06:19:17 CEST, after cutoff; distinct from on-time PDF | email ZIP",https://mail.google.com/mail/u/0/#all/1a0fffd2419ec392,,contestants/E02/13-archives/Math_Competition_Completed_Results_Submission_Bundle.zip,Math_Competition_Completed_Results_Submission/Reproduction_Sources/opdp13/OpHack/PowerUpper/FourierExtraction.lean,,49772b24,Filename/path inference; editable in the app
351341,Reproduction_Sources/opdp13/OpHack/PowerUpper/Function.lean,General / shared,1065,"Email supplement received 06:19:17 CEST, after cutoff; distinct from on-time PDF | email ZIP",https://mail.google.com/mail/u/0/#all/1a0fffd2419ec392,,contestants/E02/13-archives/Math_Competition_Completed_Results_Submission_Bundle.zip,Math_Competition_Completed_Results_Submission/Reproduction_Sources/opdp13/OpHack/PowerUpper/Function.lean,,d2c1a5e3,Filename/path inference; editable in the app
351342,Reproduction_Sources/opdp13/OpHack/PowerUpper/Gap.lean,General / shared,1398,"Email supplement received 06:19:17 CEST, after cutoff; distinct from on-time PDF | email ZIP",https://mail.google.com/mail/u/0/#all/1a0fffd2419ec392,,contestants/E02/13-archives/Math_Competition_Completed_Results_Submission_Bundle.zip,Math_Competition_Completed_Results_Submission/Reproduction_Sources/opdp13/OpHack/PowerUpper/Gap.lean,,45b26cac,Filename/path inference; editable in the app
351343,Reproduction_Sources/opdp13/OpHack/PowerUpper/GaussianCore.lean,General / shared,15296,"Email supplement received 06:19:17 CEST, after cutoff; distinct from on-time PDF | email ZIP",https://mail.google.com/mail/u/0/#all/1a0fffd2419ec392,,contestants/E02/13-archives/Math_Competition_Completed_Results_Submission_Bundle.zip,Math_Competition_Completed_Results_Submission/Reproduction_Sources/opdp13/OpHack/PowerUpper/GaussianCore.lean,,0684f323,Filename/path inference; editable in the app
351344,Reproduction_Sources/opdp13/OpHack/PowerUpper/Integrand.lean,General / shared,4546,"Email supplement received 06:19:17 CEST, after cutoff; distinct from on-time PDF | email ZIP",https://mail.google.com/mail/u/0/#all/1a0fffd2419ec392,,contestants/E02/13-archives/Math_Competition_Completed_Results_Submission_Bundle.zip,Math_Competition_Completed_Results_Submission/Reproduction_Sources/opdp13/OpHack/PowerUpper/Integrand.lean,,5fb00fc3,Filename/path inference; editable in the app
351345,Reproduction_Sources/opdp13/OpHack/PowerUpper/LeastIndex.lean,General / shared,4749,"Email supplement received 06:19:17 CEST, after cutoff; distinct from on-time PDF | email ZIP",https://mail.google.com/mail/u/0/#all/1a0fffd2419ec392,,contestants/E02/13-archives/Math_Competition_Completed_Results_Submission_Bundle.zip,Math_Competition_Completed_Results_Submission/Reproduction_Sources/opdp13/OpHack/PowerUpper/LeastIndex.lean,,e4d061b3,Filename/path inference; editable in the app
351346,Reproduction_Sources/opdp13/OpHack/PowerUpper/LocalExpansion.lean,General / shared,13449,"Email supplement received 06:19:17 CEST, after cutoff; distinct from on-time PDF | email ZIP",https://mail.google.com/mail/u/0/#all/1a0fffd2419ec392,,contestants/E02/13-archives/Math_Competition_Completed_Results_Submission_Bundle.zip,Math_Competition_Completed_Results_Submission/Reproduction_Sources/opdp13/OpHack/PowerUpper/LocalExpansion.lean,,7c0fad48,Filename/path inference; editable in the app
351347,Reproduction_Sources/opdp13/OpHack/PowerUpper/MainUpper.lean,General / shared,7289,"Email supplement received 06:19:17 CEST, after cutoff; distinct from on-time PDF | email ZIP",https://mail.google.com/mail/u/0/#all/1a0fffd2419ec392,,contestants/E02/13-archives/Math_Competition_Completed_Results_Submission_Bundle.zip,Math_Competition_Completed_Results_Submission/Reproduction_Sources/opdp13/OpHack/PowerUpper/MainUpper.lean,,cfb891e2,Filename/path inference; editable in the app
351348,Reproduction_Sources/opdp13/OpHack/PowerUpper/OuterEstimates.lean,General / shared,11224,"Email supplement received 06:19:17 CEST, after cutoff; distinct from on-time PDF | email ZIP",https://mail.google.com/mail/u/0/#all/1a0fffd2419ec392,,contestants/E02/13-archives/Math_Competition_Completed_Results_Submission_Bundle.zip,Math_Competition_Completed_Results_Submission/Reproduction_Sources/opdp13/OpHack/PowerUpper/OuterEstimates.lean,,11a89a35,Filename/path inference; editable in the app
351349,Reproduction_Sources/opdp13/OpHack/PowerUpper/QuarticTail.lean,General / shared,7581,"Email supplement received 06:19:17 CEST, after cutoff; distinct from on-time PDF | email ZIP",https://mail.google.com/mail/u/0/#all/1a0fffd2419ec392,,contestants/E02/13-archives/Math_Competition_Completed_Results_Submission_Bundle.zip,Math_Competition_Completed_Results_Submission/Reproduction_Sources/opdp13/OpHack/PowerUpper/QuarticTail.lean,,9168a9ac,Filename/path inference; editable in the app
351350,Reproduction_Sources/opdp13/OpHack/PowerUpper/Saddle.lean,General / shared,2043,"Email supplement received 06:19:17 CEST, after cutoff; distinct from on-time PDF | email ZIP",https://mail.google.com/mail/u/0/#all/1a0fffd2419ec392,,contestants/E02/13-archives/Math_Competition_Completed_Results_Submission_Bundle.zip,Math_Competition_Completed_Results_Submission/Reproduction_Sources/opdp13/OpHack/PowerUpper/Saddle.lean,,3dfc34df,Filename/path inference; editable in the app
351351,Reproduction_Sources/opdp13/OpHack/PowerUpper/ScalarTail.lean,General / shared,2023,"Email supplement received 06:19:17 CEST, after cutoff; distinct from on-time PDF | email ZIP",https://mail.google.com/mail/u/0/#all/1a0fffd2419ec392,,contestants/E02/13-archives/Math_Competition_Completed_Results_Submission_Bundle.zip,Math_Competition_Completed_Results_Submission/Reproduction_Sources/opdp13/OpHack/PowerUpper/ScalarTail.lean,,a7ba3dd8,Filename/path inference; editable in the app
351352,Reproduction_Sources/opdp13/OpHack/PowerUpper/SmallCoefficients.lean,General / shared,10308,"Email supplement received 06:19:17 CEST, after cutoff; distinct from on-time PDF | email ZIP",https://mail.google.com/mail/u/0/#all/1a0fffd2419ec392,,contestants/E02/13-archives/Math_Competition_Completed_Results_Submission_Bundle.zip,Math_Competition_Completed_Results_Submission/Reproduction_Sources/opdp13/OpHack/PowerUpper/SmallCoefficients.lean,,0b2d51c8,Filename/path inference; editable in the app
351353,Reproduction_Sources/opdp13/OpHack/PowerUpper/Symmetry.lean,General / shared,6785,"Email supplement received 06:19:17 CEST, after cutoff; distinct from on-time PDF | email ZIP",https://mail.google.com/mail/u/0/#all/1a0fffd2419ec392,,contestants/E02/13-archives/Math_Competition_Completed_Results_Submission_Bundle.zip,Math_Competition_Completed_Results_Submission/Reproduction_Sources/opdp13/OpHack/PowerUpper/Symmetry.lean,,69efabd0,Filename/path inference; editable in the app
351354,Reproduction_Sources/opdp13/OpHack/PowerUpper/Threshold.lean,General / shared,3026,"Email supplement received 06:19:17 CEST, after cutoff; distinct from on-time PDF | email ZIP",https://mail.google.com/mail/u/0/#all/1a0fffd2419ec392,,contestants/E02/13-archives/Math_Competition_Completed_Results_Submission_Bundle.zip,Math_Competition_Completed_Results_Submission/Reproduction_Sources/opdp13/OpHack/PowerUpper/Threshold.lean,,20cb5402,Filename/path inference; editable in the app
351358,Reproduction_Sources/opdp43/OpHack/NoThree/Grid.lean,General / shared,4050,"Email supplement received 06:19:17 CEST, after cutoff; distinct from on-time PDF | email ZIP",https://mail.google.com/mail/u/0/#all/1a0fffd2419ec392,,contestants/E02/13-archives/Math_Competition_Completed_Results_Submission_Bundle.zip,Math_Competition_Completed_Results_Submission/Reproduction_Sources/opdp43/OpHack/NoThree/Grid.lean,,05ea1860,Filename/path inference; editable in the app
351359,Reproduction_Sources/opdp43/OpHack/NoThree/GridBalance.lean,General / shared,4127,"Email supplement received 06:19:17 CEST, after cutoff; distinct from on-time PDF | email ZIP",https://mail.google.com/mail/u/0/#all/1a0fffd2419ec392,,contestants/E02/13-archives/Math_Competition_Completed_Results_Submission_Bundle.zip,Math_Competition_Completed_Results_Submission/Reproduction_Sources/opdp43/OpHack/NoThree/GridBalance.lean,,da728081,Filename/path inference; editable in the app
351360,Reproduction_Sources/opdp43/OpHack/NoThree/Main.lean,General / shared,2668,"Email supplement received 06:19:17 CEST, after cutoff; distinct from on-time PDF | email ZIP",https://mail.google.com/mail/u/0/#all/1a0fffd2419ec392,,contestants/E02/13-archives/Math_Competition_Completed_Results_Submission_Bundle.zip,Math_Competition_Completed_Results_Submission/Reproduction_Sources/opdp43/OpHack/NoThree/Main.lean,,d3c44f1f,Filename/path inference; editable in the app
351361,Reproduction_Sources/opdp43/OpHack/NoThree/Symmetry.lean,General / shared,6240,"Email supplement received 06:19:17 CEST, after cutoff; distinct from on-time PDF | email ZIP",https://mail.google.com/mail/u/0/#all/1a0fffd2419ec392,,contestants/E02/13-archives/Math_Competition_Completed_Results_Submission_Bundle.zip,Math_Competition_Completed_Results_Submission/Reproduction_Sources/opdp43/OpHack/NoThree/Symmetry.lean,,a3238696,Filename/path inference; editable in the app
351365,Reproduction_Sources/opdp67/OpHack/Quaternion67TwoWitness.lean,Other formal mathematics,7999,"Email supplement received 06:19:17 CEST, after cutoff; distinct from on-time PDF | email ZIP",https://mail.google.com/mail/u/0/#all/1a0fffd2419ec392,,contestants/E02/13-archives/Math_Competition_Completed_Results_Submission_Bundle.zip,Math_Competition_Completed_Results_Submission/Reproduction_Sources/opdp67/OpHack/Quaternion67TwoWitness.lean,,a6a9dad5,Filename/path inference; editable in the app
351369,Reproduction_Sources/opdp89-parity-sharp/LikelihoodDomination.lean,General / shared,4882,"Email supplement received 06:19:17 CEST, after cutoff; distinct from on-time PDF | email ZIP",https://mail.google.com/mail/u/0/#all/1a0fffd2419ec392,,contestants/E02/13-archives/Math_Competition_Completed_Results_Submission_Bundle.zip,Math_Competition_Completed_Results_Submission/Reproduction_Sources/opdp89-parity-sharp/LikelihoodDomination.lean,,d2a3ecb1,Filename/path inference; editable in the app
351370,Reproduction_Sources/opdp89-parity-sharp/LocalMaximum.lean,General / shared,7589,"Email supplement received 06:19:17 CEST, after cutoff; distinct from on-time PDF | email ZIP",https://mail.google.com/mail/u/0/#all/1a0fffd2419ec392,,contestants/E02/13-archives/Math_Competition_Completed_Results_Submission_Bundle.zip,Math_Competition_Completed_Results_Submission/Reproduction_Sources/opdp89-parity-sharp/LocalMaximum.lean,,349dc94c,Filename/path inference; editable in the app
351371,Reproduction_Sources/opdp89-parity-sharp/LogCoshDerivatives.lean,General / shared,3345,"Email supplement received 06:19:17 CEST, after cutoff; distinct from on-time PDF | email ZIP",https://mail.google.com/mail/u/0/#all/1a0fffd2419ec392,,contestants/E02/13-archives/Math_Competition_Completed_Results_Submission_Bundle.zip,Math_Competition_Completed_Results_Submission/Reproduction_Sources/opdp89-parity-sharp/LogCoshDerivatives.lean,,d888ea94,Filename/path inference; editable in the app
351372,Reproduction_Sources/opdp89-parity-sharp/Main.lean,General / shared,2148,"Email supplement received 06:19:17 CEST, after cutoff; distinct from on-time PDF | email ZIP",https://mail.google.com/mail/u/0/#all/1a0fffd2419ec392,,contestants/E02/13-archives/Math_Competition_Completed_Results_Submission_Bundle.zip,Math_Competition_Completed_Results_Submission/Reproduction_Sources/opdp89-parity-sharp/Main.lean,,40ab9926,Filename/path inference; editable in the app
351373,Reproduction_Sources/opdp89-parity-sharp/MixedDifference.lean,General / shared,16820,"Email supplement received 06:19:17 CEST, after cutoff; distinct from on-time PDF | email ZIP",https://mail.google.com/mail/u/0/#all/1a0fffd2419ec392,,contestants/E02/13-archives/Math_Competition_Completed_Results_Submission_Bundle.zip,Math_Competition_Completed_Results_Submission/Reproduction_Sources/opdp89-parity-sharp/MixedDifference.lean,,336ae02e,Filename/path inference; editable in the app
351374,Reproduction_Sources/opdp89-parity-sharp/Nonglobal.lean,General / shared,7038,"Email supplement received 06:19:17 CEST, after cutoff; distinct from on-time PDF | email ZIP",https://mail.google.com/mail/u/0/#all/1a0fffd2419ec392,,contestants/E02/13-archives/Math_Competition_Completed_Results_Submission_Bundle.zip,Math_Competition_Completed_Results_Submission/Reproduction_Sources/opdp89-parity-sharp/Nonglobal.lean,,51a0affb,Filename/path inference; editable in the app
351375,Reproduction_Sources/opdp89-parity-sharp/ParityWalsh.lean,General / shared,12115,"Email supplement received 06:19:17 CEST, after cutoff; distinct from on-time PDF | email ZIP",https://mail.google.com/mail/u/0/#all/1a0fffd2419ec392,,contestants/E02/13-archives/Math_Competition_Completed_Results_Submission_Bundle.zip,Math_Competition_Completed_Results_Submission/Reproduction_Sources/opdp89-parity-sharp/ParityWalsh.lean,,402c6698,Filename/path inference; editable in the app
351376,Reproduction_Sources/opdp89-parity-sharp/QuantitativeJensen.lean,General / shared,5123,"Email supplement received 06:19:17 CEST, after cutoff; distinct from on-time PDF | email ZIP",https://mail.google.com/mail/u/0/#all/1a0fffd2419ec392,,contestants/E02/13-archives/Math_Competition_Completed_Results_Submission_Bundle.zip,Math_Competition_Completed_Results_Submission/Reproduction_Sources/opdp89-parity-sharp/QuantitativeJensen.lean,,c0b816c2,Filename/path inference; editable in the app
351377,Reproduction_Sources/opdp89-parity-sharp/QuarticEscape.lean,General / shared,7281,"Email supplement received 06:19:17 CEST, after cutoff; distinct from on-time PDF | email ZIP",https://mail.google.com/mail/u/0/#all/1a0fffd2419ec392,,contestants/E02/13-archives/Math_Competition_Completed_Results_Submission_Bundle.zip,Math_Competition_Completed_Results_Submission/Reproduction_Sources/opdp89-parity-sharp/QuarticEscape.lean,,eac078bc,Filename/path inference; editable in the app
351378,Reproduction_Sources/opdp89-parity-sharp/QuarticGeometry.lean,General / shared,2435,"Email supplement received 06:19:17 CEST, after cutoff; distinct from on-time PDF | email ZIP",https://mail.google.com/mail/u/0/#all/1a0fffd2419ec392,,contestants/E02/13-archives/Math_Competition_Completed_Results_Submission_Bundle.zip,Math_Competition_Completed_Results_Submission/Reproduction_Sources/opdp89-parity-sharp/QuarticGeometry.lean,,f052f5b2,Filename/path inference; editable in the app
351379,Reproduction_Sources/opdp89-parity-sharp/QuarticJets.lean,General / shared,8609,"Email supplement received 06:19:17 CEST, after cutoff; distinct from on-time PDF | email ZIP",https://mail.google.com/mail/u/0/#all/1a0fffd2419ec392,,contestants/E02/13-archives/Math_Competition_Completed_Results_Submission_Bundle.zip,Math_Competition_Completed_Results_Submission/Reproduction_Sources/opdp89-parity-sharp/QuarticJets.lean,,0a6922d2,Filename/path inference; editable in the app
351380,Reproduction_Sources/opdp89-parity-sharp/SaddleTopology.lean,General / shared,6971,"Email supplement received 06:19:17 CEST, after cutoff; distinct from on-time PDF | email ZIP",https://mail.google.com/mail/u/0/#all/1a0fffd2419ec392,,contestants/E02/13-archives/Math_Competition_Completed_Results_Submission_Bundle.zip,Math_Competition_Completed_Results_Submission/Reproduction_Sources/opdp89-parity-sharp/SaddleTopology.lean,,d74ccb8f,Filename/path inference; editable in the app
351381,Reproduction_Sources/opdp89-parity-sharp/SharpClassification.lean,General / shared,2985,"Email supplement received 06:19:17 CEST, after cutoff; distinct from on-time PDF | email ZIP",https://mail.google.com/mail/u/0/#all/1a0fffd2419ec392,,contestants/E02/13-archives/Math_Competition_Completed_Results_Submission_Bundle.zip,Math_Competition_Completed_Results_Submission/Reproduction_Sources/opdp89-parity-sharp/SharpClassification.lean,,f5f24413,Filename/path inference; editable in the app
351382,Reproduction_Sources/opdp89-parity-sharp/StableRegion.lean,General / shared,6164,"Email supplement received 06:19:17 CEST, after cutoff; distinct from on-time PDF | email ZIP",https://mail.google.com/mail/u/0/#all/1a0fffd2419ec392,,contestants/E02/13-archives/Math_Competition_Completed_Results_Submission_Bundle.zip,Math_Competition_Completed_Results_Submission/Reproduction_Sources/opdp89-parity-sharp/StableRegion.lean,,111b5178,Filename/path inference; editable in the app
351383,Reproduction_Sources/opdp89-parity-sharp/Stationarity.lean,General / shared,3554,"Email supplement received 06:19:17 CEST, after cutoff; distinct from on-time PDF | email ZIP",https://mail.google.com/mail/u/0/#all/1a0fffd2419ec392,,contestants/E02/13-archives/Math_Competition_Completed_Results_Submission_Bundle.zip,Math_Competition_Completed_Results_Submission/Reproduction_Sources/opdp89-parity-sharp/Stationarity.lean,,25b59f83,Filename/path inference; editable in the app
