id,original_path,topic,bytes,version,source,local_path,archive_path,archive_member,sha256,crc32,basis
351688,hill-results.json,General / shared,1292,"Reported successful runs, not all private experiments",Collected official hill leaderboards,contestants/E57/06-data/hill-results.json,,,abcdda6b0f7aa33540a08862e9825fc7708c0d38bd4ac88aeb21236bb247186c,,Filename/path inference; editable in the app
346319,kobon-triangles/added/g38/n39_466_38-12lueb2ymvk5a-grow.json,Kobon triangles,935,Pinned collected revision; final designation governed by team receipt | f462d8e18aea2a458376c523c9b6c2980237071f,https://codeload.github.com/Rohith18p/rsi-kobon-triangles/zip/f462d8e18aea2a458376c523c9b6c2980237071f,,contestants/E57/13-archives/E57-Rohith18p-rsi-kobon-triangles-f462d8e18aea2a458376c523c9b6c2980237071f.zip,rsi-kobon-triangles-f462d8e18aea2a458376c523c9b6c2980237071f/kobon-triangles/added/g38/n39_466_38-12lueb2ymvk5a-grow.json,,4a94ea47,Filename/path inference; editable in the app
346320,kobon-triangles/added/g38/n39_466_38-165al3pv2il7a-grow.json,Kobon triangles,1050,Pinned collected revision; final designation governed by team receipt | f462d8e18aea2a458376c523c9b6c2980237071f,https://codeload.github.com/Rohith18p/rsi-kobon-triangles/zip/f462d8e18aea2a458376c523c9b6c2980237071f,,contestants/E57/13-archives/E57-Rohith18p-rsi-kobon-triangles-f462d8e18aea2a458376c523c9b6c2980237071f.zip,rsi-kobon-triangles-f462d8e18aea2a458376c523c9b6c2980237071f/kobon-triangles/added/g38/n39_466_38-165al3pv2il7a-grow.json,,0c704189,Filename/path inference; editable in the app
346321,kobon-triangles/added/g38/n39_466_38-1go5dkh2o79la-grow.json,Kobon triangles,998,Pinned collected revision; final designation governed by team receipt | f462d8e18aea2a458376c523c9b6c2980237071f,https://codeload.github.com/Rohith18p/rsi-kobon-triangles/zip/f462d8e18aea2a458376c523c9b6c2980237071f,,contestants/E57/13-archives/E57-Rohith18p-rsi-kobon-triangles-f462d8e18aea2a458376c523c9b6c2980237071f.zip,rsi-kobon-triangles-f462d8e18aea2a458376c523c9b6c2980237071f/kobon-triangles/added/g38/n39_466_38-1go5dkh2o79la-grow.json,,927cf2fa,Filename/path inference; editable in the app
346322,kobon-triangles/added/g38/n39_466_38-1k6igten1u2wy-grow.json,Kobon triangles,925,Pinned collected revision; final designation governed by team receipt | f462d8e18aea2a458376c523c9b6c2980237071f,https://codeload.github.com/Rohith18p/rsi-kobon-triangles/zip/f462d8e18aea2a458376c523c9b6c2980237071f,,contestants/E57/13-archives/E57-Rohith18p-rsi-kobon-triangles-f462d8e18aea2a458376c523c9b6c2980237071f.zip,rsi-kobon-triangles-f462d8e18aea2a458376c523c9b6c2980237071f/kobon-triangles/added/g38/n39_466_38-1k6igten1u2wy-grow.json,,3389ce93,Filename/path inference; editable in the app
346323,kobon-triangles/added/g38/n39_466_38-2b0r1hsuah0ey-grow.json,Kobon triangles,932,Pinned collected revision; final designation governed by team receipt | f462d8e18aea2a458376c523c9b6c2980237071f,https://codeload.github.com/Rohith18p/rsi-kobon-triangles/zip/f462d8e18aea2a458376c523c9b6c2980237071f,,contestants/E57/13-archives/E57-Rohith18p-rsi-kobon-triangles-f462d8e18aea2a458376c523c9b6c2980237071f.zip,rsi-kobon-triangles-f462d8e18aea2a458376c523c9b6c2980237071f/kobon-triangles/added/g38/n39_466_38-2b0r1hsuah0ey-grow.json,,2ff5f87f,Filename/path inference; editable in the app
346324,kobon-triangles/added/g38/n39_466_38-2c6yrbku64ci4-grow.json,Kobon triangles,974,Pinned collected revision; final designation governed by team receipt | f462d8e18aea2a458376c523c9b6c2980237071f,https://codeload.github.com/Rohith18p/rsi-kobon-triangles/zip/f462d8e18aea2a458376c523c9b6c2980237071f,,contestants/E57/13-archives/E57-Rohith18p-rsi-kobon-triangles-f462d8e18aea2a458376c523c9b6c2980237071f.zip,rsi-kobon-triangles-f462d8e18aea2a458376c523c9b6c2980237071f/kobon-triangles/added/g38/n39_466_38-2c6yrbku64ci4-grow.json,,e6ea7abc,Filename/path inference; editable in the app
346325,kobon-triangles/added/g38/n39_466_38-2hbl7ttz2idds-grow.json,Kobon triangles,964,Pinned collected revision; final designation governed by team receipt | f462d8e18aea2a458376c523c9b6c2980237071f,https://codeload.github.com/Rohith18p/rsi-kobon-triangles/zip/f462d8e18aea2a458376c523c9b6c2980237071f,,contestants/E57/13-archives/E57-Rohith18p-rsi-kobon-triangles-f462d8e18aea2a458376c523c9b6c2980237071f.zip,rsi-kobon-triangles-f462d8e18aea2a458376c523c9b6c2980237071f/kobon-triangles/added/g38/n39_466_38-2hbl7ttz2idds-grow.json,,08965658,Filename/path inference; editable in the app
346326,kobon-triangles/added/g38/n39_466_38-2r2wdhthj7gvy-grow.json,Kobon triangles,956,Pinned collected revision; final designation governed by team receipt | f462d8e18aea2a458376c523c9b6c2980237071f,https://codeload.github.com/Rohith18p/rsi-kobon-triangles/zip/f462d8e18aea2a458376c523c9b6c2980237071f,,contestants/E57/13-archives/E57-Rohith18p-rsi-kobon-triangles-f462d8e18aea2a458376c523c9b6c2980237071f.zip,rsi-kobon-triangles-f462d8e18aea2a458376c523c9b6c2980237071f/kobon-triangles/added/g38/n39_466_38-2r2wdhthj7gvy-grow.json,,43737c4a,Filename/path inference; editable in the app
346327,kobon-triangles/added/g38/n39_466_38-30yl7q03pynmi-grow.json,Kobon triangles,975,Pinned collected revision; final designation governed by team receipt | f462d8e18aea2a458376c523c9b6c2980237071f,https://codeload.github.com/Rohith18p/rsi-kobon-triangles/zip/f462d8e18aea2a458376c523c9b6c2980237071f,,contestants/E57/13-archives/E57-Rohith18p-rsi-kobon-triangles-f462d8e18aea2a458376c523c9b6c2980237071f.zip,rsi-kobon-triangles-f462d8e18aea2a458376c523c9b6c2980237071f/kobon-triangles/added/g38/n39_466_38-30yl7q03pynmi-grow.json,,db16a1fb,Filename/path inference; editable in the app
346328,kobon-triangles/added/g38/n39_466_38-37qi4fg234vpq-grow.json,Kobon triangles,944,Pinned collected revision; final designation governed by team receipt | f462d8e18aea2a458376c523c9b6c2980237071f,https://codeload.github.com/Rohith18p/rsi-kobon-triangles/zip/f462d8e18aea2a458376c523c9b6c2980237071f,,contestants/E57/13-archives/E57-Rohith18p-rsi-kobon-triangles-f462d8e18aea2a458376c523c9b6c2980237071f.zip,rsi-kobon-triangles-f462d8e18aea2a458376c523c9b6c2980237071f/kobon-triangles/added/g38/n39_466_38-37qi4fg234vpq-grow.json,,a6ff8610,Filename/path inference; editable in the app
346329,kobon-triangles/added/g38/n39_466_38-37w3x41b70w86-grow.json,Kobon triangles,811,Pinned collected revision; final designation governed by team receipt | f462d8e18aea2a458376c523c9b6c2980237071f,https://codeload.github.com/Rohith18p/rsi-kobon-triangles/zip/f462d8e18aea2a458376c523c9b6c2980237071f,,contestants/E57/13-archives/E57-Rohith18p-rsi-kobon-triangles-f462d8e18aea2a458376c523c9b6c2980237071f.zip,rsi-kobon-triangles-f462d8e18aea2a458376c523c9b6c2980237071f/kobon-triangles/added/g38/n39_466_38-37w3x41b70w86-grow.json,,61394732,Filename/path inference; editable in the app
346330,kobon-triangles/added/g38/n39_466_38-3mfhkokuv4vl4-grow.json,Kobon triangles,958,Pinned collected revision; final designation governed by team receipt | f462d8e18aea2a458376c523c9b6c2980237071f,https://codeload.github.com/Rohith18p/rsi-kobon-triangles/zip/f462d8e18aea2a458376c523c9b6c2980237071f,,contestants/E57/13-archives/E57-Rohith18p-rsi-kobon-triangles-f462d8e18aea2a458376c523c9b6c2980237071f.zip,rsi-kobon-triangles-f462d8e18aea2a458376c523c9b6c2980237071f/kobon-triangles/added/g38/n39_466_38-3mfhkokuv4vl4-grow.json,,3649b777,Filename/path inference; editable in the app
346331,kobon-triangles/added/g38/n39_466_38-3urhbpmwfbeo-grow.json,Kobon triangles,1059,Pinned collected revision; final designation governed by team receipt | f462d8e18aea2a458376c523c9b6c2980237071f,https://codeload.github.com/Rohith18p/rsi-kobon-triangles/zip/f462d8e18aea2a458376c523c9b6c2980237071f,,contestants/E57/13-archives/E57-Rohith18p-rsi-kobon-triangles-f462d8e18aea2a458376c523c9b6c2980237071f.zip,rsi-kobon-triangles-f462d8e18aea2a458376c523c9b6c2980237071f/kobon-triangles/added/g38/n39_466_38-3urhbpmwfbeo-grow.json,,473d6128,Filename/path inference; editable in the app
346332,kobon-triangles/added/g38/n39_466_38-49p53r5sv3dq-grow.json,Kobon triangles,1064,Pinned collected revision; final designation governed by team receipt | f462d8e18aea2a458376c523c9b6c2980237071f,https://codeload.github.com/Rohith18p/rsi-kobon-triangles/zip/f462d8e18aea2a458376c523c9b6c2980237071f,,contestants/E57/13-archives/E57-Rohith18p-rsi-kobon-triangles-f462d8e18aea2a458376c523c9b6c2980237071f.zip,rsi-kobon-triangles-f462d8e18aea2a458376c523c9b6c2980237071f/kobon-triangles/added/g38/n39_466_38-49p53r5sv3dq-grow.json,,7212647f,Filename/path inference; editable in the app
346333,kobon-triangles/added/g38/n39_466_38-99lm1kdnc18u-grow.json,Kobon triangles,1029,Pinned collected revision; final designation governed by team receipt | f462d8e18aea2a458376c523c9b6c2980237071f,https://codeload.github.com/Rohith18p/rsi-kobon-triangles/zip/f462d8e18aea2a458376c523c9b6c2980237071f,,contestants/E57/13-archives/E57-Rohith18p-rsi-kobon-triangles-f462d8e18aea2a458376c523c9b6c2980237071f.zip,rsi-kobon-triangles-f462d8e18aea2a458376c523c9b6c2980237071f/kobon-triangles/added/g38/n39_466_38-99lm1kdnc18u-grow.json,,00648c19,Filename/path inference; editable in the app
346334,kobon-triangles/added/g38/n39_467_38-11pgius0q1nfm-grow.json,Kobon triangles,1028,Pinned collected revision; final designation governed by team receipt | f462d8e18aea2a458376c523c9b6c2980237071f,https://codeload.github.com/Rohith18p/rsi-kobon-triangles/zip/f462d8e18aea2a458376c523c9b6c2980237071f,,contestants/E57/13-archives/E57-Rohith18p-rsi-kobon-triangles-f462d8e18aea2a458376c523c9b6c2980237071f.zip,rsi-kobon-triangles-f462d8e18aea2a458376c523c9b6c2980237071f/kobon-triangles/added/g38/n39_467_38-11pgius0q1nfm-grow.json,,84519bb2,Filename/path inference; editable in the app
346335,kobon-triangles/added/g38/n39_467_38-12nydszg1occi-grow.json,Kobon triangles,961,Pinned collected revision; final designation governed by team receipt | f462d8e18aea2a458376c523c9b6c2980237071f,https://codeload.github.com/Rohith18p/rsi-kobon-triangles/zip/f462d8e18aea2a458376c523c9b6c2980237071f,,contestants/E57/13-archives/E57-Rohith18p-rsi-kobon-triangles-f462d8e18aea2a458376c523c9b6c2980237071f.zip,rsi-kobon-triangles-f462d8e18aea2a458376c523c9b6c2980237071f/kobon-triangles/added/g38/n39_467_38-12nydszg1occi-grow.json,,91c8eb83,Filename/path inference; editable in the app
346336,kobon-triangles/added/g38/n39_467_38-13c7lmw14i6zu-grow.json,Kobon triangles,1121,Pinned collected revision; final designation governed by team receipt | f462d8e18aea2a458376c523c9b6c2980237071f,https://codeload.github.com/Rohith18p/rsi-kobon-triangles/zip/f462d8e18aea2a458376c523c9b6c2980237071f,,contestants/E57/13-archives/E57-Rohith18p-rsi-kobon-triangles-f462d8e18aea2a458376c523c9b6c2980237071f.zip,rsi-kobon-triangles-f462d8e18aea2a458376c523c9b6c2980237071f/kobon-triangles/added/g38/n39_467_38-13c7lmw14i6zu-grow.json,,aadc6aaa,Filename/path inference; editable in the app
346337,kobon-triangles/added/g38/n39_467_38-17qpptfgcjxjw-grow.json,Kobon triangles,1037,Pinned collected revision; final designation governed by team receipt | f462d8e18aea2a458376c523c9b6c2980237071f,https://codeload.github.com/Rohith18p/rsi-kobon-triangles/zip/f462d8e18aea2a458376c523c9b6c2980237071f,,contestants/E57/13-archives/E57-Rohith18p-rsi-kobon-triangles-f462d8e18aea2a458376c523c9b6c2980237071f.zip,rsi-kobon-triangles-f462d8e18aea2a458376c523c9b6c2980237071f/kobon-triangles/added/g38/n39_467_38-17qpptfgcjxjw-grow.json,,0c5e236c,Filename/path inference; editable in the app
346338,kobon-triangles/added/g38/n39_467_38-18anchzhpucry-grow.json,Kobon triangles,961,Pinned collected revision; final designation governed by team receipt | f462d8e18aea2a458376c523c9b6c2980237071f,https://codeload.github.com/Rohith18p/rsi-kobon-triangles/zip/f462d8e18aea2a458376c523c9b6c2980237071f,,contestants/E57/13-archives/E57-Rohith18p-rsi-kobon-triangles-f462d8e18aea2a458376c523c9b6c2980237071f.zip,rsi-kobon-triangles-f462d8e18aea2a458376c523c9b6c2980237071f/kobon-triangles/added/g38/n39_467_38-18anchzhpucry-grow.json,,ae917fb9,Filename/path inference; editable in the app
346339,kobon-triangles/added/g38/n39_467_38-18jxe92dogm7k-grow.json,Kobon triangles,836,Pinned collected revision; final designation governed by team receipt | f462d8e18aea2a458376c523c9b6c2980237071f,https://codeload.github.com/Rohith18p/rsi-kobon-triangles/zip/f462d8e18aea2a458376c523c9b6c2980237071f,,contestants/E57/13-archives/E57-Rohith18p-rsi-kobon-triangles-f462d8e18aea2a458376c523c9b6c2980237071f.zip,rsi-kobon-triangles-f462d8e18aea2a458376c523c9b6c2980237071f/kobon-triangles/added/g38/n39_467_38-18jxe92dogm7k-grow.json,,bc7559a6,Filename/path inference; editable in the app
346340,kobon-triangles/added/g38/n39_467_38-19s7qaw6h324i-grow.json,Kobon triangles,807,Pinned collected revision; final designation governed by team receipt | f462d8e18aea2a458376c523c9b6c2980237071f,https://codeload.github.com/Rohith18p/rsi-kobon-triangles/zip/f462d8e18aea2a458376c523c9b6c2980237071f,,contestants/E57/13-archives/E57-Rohith18p-rsi-kobon-triangles-f462d8e18aea2a458376c523c9b6c2980237071f.zip,rsi-kobon-triangles-f462d8e18aea2a458376c523c9b6c2980237071f/kobon-triangles/added/g38/n39_467_38-19s7qaw6h324i-grow.json,,47e7e436,Filename/path inference; editable in the app
346341,kobon-triangles/added/g38/n39_467_38-19z49xjogu8t6-grow.json,Kobon triangles,928,Pinned collected revision; final designation governed by team receipt | f462d8e18aea2a458376c523c9b6c2980237071f,https://codeload.github.com/Rohith18p/rsi-kobon-triangles/zip/f462d8e18aea2a458376c523c9b6c2980237071f,,contestants/E57/13-archives/E57-Rohith18p-rsi-kobon-triangles-f462d8e18aea2a458376c523c9b6c2980237071f.zip,rsi-kobon-triangles-f462d8e18aea2a458376c523c9b6c2980237071f/kobon-triangles/added/g38/n39_467_38-19z49xjogu8t6-grow.json,,efca6e3a,Filename/path inference; editable in the app
346342,kobon-triangles/added/g38/n39_467_38-1a6v30qo5l7xi-grow.json,Kobon triangles,937,Pinned collected revision; final designation governed by team receipt | f462d8e18aea2a458376c523c9b6c2980237071f,https://codeload.github.com/Rohith18p/rsi-kobon-triangles/zip/f462d8e18aea2a458376c523c9b6c2980237071f,,contestants/E57/13-archives/E57-Rohith18p-rsi-kobon-triangles-f462d8e18aea2a458376c523c9b6c2980237071f.zip,rsi-kobon-triangles-f462d8e18aea2a458376c523c9b6c2980237071f/kobon-triangles/added/g38/n39_467_38-1a6v30qo5l7xi-grow.json,,bbf93554,Filename/path inference; editable in the app
346343,kobon-triangles/added/g38/n39_467_38-1a7jasc8k4608-grow.json,Kobon triangles,970,Pinned collected revision; final designation governed by team receipt | f462d8e18aea2a458376c523c9b6c2980237071f,https://codeload.github.com/Rohith18p/rsi-kobon-triangles/zip/f462d8e18aea2a458376c523c9b6c2980237071f,,contestants/E57/13-archives/E57-Rohith18p-rsi-kobon-triangles-f462d8e18aea2a458376c523c9b6c2980237071f.zip,rsi-kobon-triangles-f462d8e18aea2a458376c523c9b6c2980237071f/kobon-triangles/added/g38/n39_467_38-1a7jasc8k4608-grow.json,,e05e12c0,Filename/path inference; editable in the app
346344,kobon-triangles/added/g38/n39_467_38-1drub3jku6mvo-grow.json,Kobon triangles,984,Pinned collected revision; final designation governed by team receipt | f462d8e18aea2a458376c523c9b6c2980237071f,https://codeload.github.com/Rohith18p/rsi-kobon-triangles/zip/f462d8e18aea2a458376c523c9b6c2980237071f,,contestants/E57/13-archives/E57-Rohith18p-rsi-kobon-triangles-f462d8e18aea2a458376c523c9b6c2980237071f.zip,rsi-kobon-triangles-f462d8e18aea2a458376c523c9b6c2980237071f/kobon-triangles/added/g38/n39_467_38-1drub3jku6mvo-grow.json,,98140099,Filename/path inference; editable in the app
346345,kobon-triangles/added/g38/n39_467_38-1fyyusfju4tni-grow.json,Kobon triangles,979,Pinned collected revision; final designation governed by team receipt | f462d8e18aea2a458376c523c9b6c2980237071f,https://codeload.github.com/Rohith18p/rsi-kobon-triangles/zip/f462d8e18aea2a458376c523c9b6c2980237071f,,contestants/E57/13-archives/E57-Rohith18p-rsi-kobon-triangles-f462d8e18aea2a458376c523c9b6c2980237071f.zip,rsi-kobon-triangles-f462d8e18aea2a458376c523c9b6c2980237071f/kobon-triangles/added/g38/n39_467_38-1fyyusfju4tni-grow.json,,2a8e496e,Filename/path inference; editable in the app
346346,kobon-triangles/added/g38/n39_467_38-1hihlqrhpfxcs-grow.json,Kobon triangles,1005,Pinned collected revision; final designation governed by team receipt | f462d8e18aea2a458376c523c9b6c2980237071f,https://codeload.github.com/Rohith18p/rsi-kobon-triangles/zip/f462d8e18aea2a458376c523c9b6c2980237071f,,contestants/E57/13-archives/E57-Rohith18p-rsi-kobon-triangles-f462d8e18aea2a458376c523c9b6c2980237071f.zip,rsi-kobon-triangles-f462d8e18aea2a458376c523c9b6c2980237071f/kobon-triangles/added/g38/n39_467_38-1hihlqrhpfxcs-grow.json,,f7767651,Filename/path inference; editable in the app
346347,kobon-triangles/added/g38/n39_467_38-1hm769ek4by68-grow.json,Kobon triangles,956,Pinned collected revision; final designation governed by team receipt | f462d8e18aea2a458376c523c9b6c2980237071f,https://codeload.github.com/Rohith18p/rsi-kobon-triangles/zip/f462d8e18aea2a458376c523c9b6c2980237071f,,contestants/E57/13-archives/E57-Rohith18p-rsi-kobon-triangles-f462d8e18aea2a458376c523c9b6c2980237071f.zip,rsi-kobon-triangles-f462d8e18aea2a458376c523c9b6c2980237071f/kobon-triangles/added/g38/n39_467_38-1hm769ek4by68-grow.json,,3e145add,Filename/path inference; editable in the app
346348,kobon-triangles/added/g38/n39_467_38-1hwilw02m7swk-grow.json,Kobon triangles,857,Pinned collected revision; final designation governed by team receipt | f462d8e18aea2a458376c523c9b6c2980237071f,https://codeload.github.com/Rohith18p/rsi-kobon-triangles/zip/f462d8e18aea2a458376c523c9b6c2980237071f,,contestants/E57/13-archives/E57-Rohith18p-rsi-kobon-triangles-f462d8e18aea2a458376c523c9b6c2980237071f.zip,rsi-kobon-triangles-f462d8e18aea2a458376c523c9b6c2980237071f/kobon-triangles/added/g38/n39_467_38-1hwilw02m7swk-grow.json,,c459ecd7,Filename/path inference; editable in the app
346349,kobon-triangles/added/g38/n39_467_38-1isjfjv16835w-grow.json,Kobon triangles,991,Pinned collected revision; final designation governed by team receipt | f462d8e18aea2a458376c523c9b6c2980237071f,https://codeload.github.com/Rohith18p/rsi-kobon-triangles/zip/f462d8e18aea2a458376c523c9b6c2980237071f,,contestants/E57/13-archives/E57-Rohith18p-rsi-kobon-triangles-f462d8e18aea2a458376c523c9b6c2980237071f.zip,rsi-kobon-triangles-f462d8e18aea2a458376c523c9b6c2980237071f/kobon-triangles/added/g38/n39_467_38-1isjfjv16835w-grow.json,,c07c78f2,Filename/path inference; editable in the app
346350,kobon-triangles/added/g38/n39_467_38-1ixsr0zqf9jbs-grow.json,Kobon triangles,999,Pinned collected revision; final designation governed by team receipt | f462d8e18aea2a458376c523c9b6c2980237071f,https://codeload.github.com/Rohith18p/rsi-kobon-triangles/zip/f462d8e18aea2a458376c523c9b6c2980237071f,,contestants/E57/13-archives/E57-Rohith18p-rsi-kobon-triangles-f462d8e18aea2a458376c523c9b6c2980237071f.zip,rsi-kobon-triangles-f462d8e18aea2a458376c523c9b6c2980237071f/kobon-triangles/added/g38/n39_467_38-1ixsr0zqf9jbs-grow.json,,2b157111,Filename/path inference; editable in the app
346351,kobon-triangles/added/g38/n39_467_38-1j1yry86c3yoi-grow.json,Kobon triangles,957,Pinned collected revision; final designation governed by team receipt | f462d8e18aea2a458376c523c9b6c2980237071f,https://codeload.github.com/Rohith18p/rsi-kobon-triangles/zip/f462d8e18aea2a458376c523c9b6c2980237071f,,contestants/E57/13-archives/E57-Rohith18p-rsi-kobon-triangles-f462d8e18aea2a458376c523c9b6c2980237071f.zip,rsi-kobon-triangles-f462d8e18aea2a458376c523c9b6c2980237071f/kobon-triangles/added/g38/n39_467_38-1j1yry86c3yoi-grow.json,,216e31bd,Filename/path inference; editable in the app
346352,kobon-triangles/added/g38/n39_467_38-1lin99ecoqy4c-grow.json,Kobon triangles,1034,Pinned collected revision; final designation governed by team receipt | f462d8e18aea2a458376c523c9b6c2980237071f,https://codeload.github.com/Rohith18p/rsi-kobon-triangles/zip/f462d8e18aea2a458376c523c9b6c2980237071f,,contestants/E57/13-archives/E57-Rohith18p-rsi-kobon-triangles-f462d8e18aea2a458376c523c9b6c2980237071f.zip,rsi-kobon-triangles-f462d8e18aea2a458376c523c9b6c2980237071f/kobon-triangles/added/g38/n39_467_38-1lin99ecoqy4c-grow.json,,a8bd21ac,Filename/path inference; editable in the app
346353,kobon-triangles/added/g38/n39_467_38-1n30p8c7832by-grow.json,Kobon triangles,964,Pinned collected revision; final designation governed by team receipt | f462d8e18aea2a458376c523c9b6c2980237071f,https://codeload.github.com/Rohith18p/rsi-kobon-triangles/zip/f462d8e18aea2a458376c523c9b6c2980237071f,,contestants/E57/13-archives/E57-Rohith18p-rsi-kobon-triangles-f462d8e18aea2a458376c523c9b6c2980237071f.zip,rsi-kobon-triangles-f462d8e18aea2a458376c523c9b6c2980237071f/kobon-triangles/added/g38/n39_467_38-1n30p8c7832by-grow.json,,2c9afc40,Filename/path inference; editable in the app
346354,kobon-triangles/added/g38/n39_467_38-1n8ecjupa7wco-grow.json,Kobon triangles,989,Pinned collected revision; final designation governed by team receipt | f462d8e18aea2a458376c523c9b6c2980237071f,https://codeload.github.com/Rohith18p/rsi-kobon-triangles/zip/f462d8e18aea2a458376c523c9b6c2980237071f,,contestants/E57/13-archives/E57-Rohith18p-rsi-kobon-triangles-f462d8e18aea2a458376c523c9b6c2980237071f.zip,rsi-kobon-triangles-f462d8e18aea2a458376c523c9b6c2980237071f/kobon-triangles/added/g38/n39_467_38-1n8ecjupa7wco-grow.json,,b95baff1,Filename/path inference; editable in the app
346355,kobon-triangles/added/g38/n39_467_38-1soc8v2un1pn2-grow.json,Kobon triangles,952,Pinned collected revision; final designation governed by team receipt | f462d8e18aea2a458376c523c9b6c2980237071f,https://codeload.github.com/Rohith18p/rsi-kobon-triangles/zip/f462d8e18aea2a458376c523c9b6c2980237071f,,contestants/E57/13-archives/E57-Rohith18p-rsi-kobon-triangles-f462d8e18aea2a458376c523c9b6c2980237071f.zip,rsi-kobon-triangles-f462d8e18aea2a458376c523c9b6c2980237071f/kobon-triangles/added/g38/n39_467_38-1soc8v2un1pn2-grow.json,,1edac373,Filename/path inference; editable in the app
346356,kobon-triangles/added/g38/n39_467_38-1yad11d0imydu-grow.json,Kobon triangles,945,Pinned collected revision; final designation governed by team receipt | f462d8e18aea2a458376c523c9b6c2980237071f,https://codeload.github.com/Rohith18p/rsi-kobon-triangles/zip/f462d8e18aea2a458376c523c9b6c2980237071f,,contestants/E57/13-archives/E57-Rohith18p-rsi-kobon-triangles-f462d8e18aea2a458376c523c9b6c2980237071f.zip,rsi-kobon-triangles-f462d8e18aea2a458376c523c9b6c2980237071f/kobon-triangles/added/g38/n39_467_38-1yad11d0imydu-grow.json,,194539e5,Filename/path inference; editable in the app
346357,kobon-triangles/added/g38/n39_467_38-21297wlr1o1be-grow.json,Kobon triangles,960,Pinned collected revision; final designation governed by team receipt | f462d8e18aea2a458376c523c9b6c2980237071f,https://codeload.github.com/Rohith18p/rsi-kobon-triangles/zip/f462d8e18aea2a458376c523c9b6c2980237071f,,contestants/E57/13-archives/E57-Rohith18p-rsi-kobon-triangles-f462d8e18aea2a458376c523c9b6c2980237071f.zip,rsi-kobon-triangles-f462d8e18aea2a458376c523c9b6c2980237071f/kobon-triangles/added/g38/n39_467_38-21297wlr1o1be-grow.json,,3886d893,Filename/path inference; editable in the app
346358,kobon-triangles/added/g38/n39_467_38-284pr4bypycka-grow.json,Kobon triangles,954,Pinned collected revision; final designation governed by team receipt | f462d8e18aea2a458376c523c9b6c2980237071f,https://codeload.github.com/Rohith18p/rsi-kobon-triangles/zip/f462d8e18aea2a458376c523c9b6c2980237071f,,contestants/E57/13-archives/E57-Rohith18p-rsi-kobon-triangles-f462d8e18aea2a458376c523c9b6c2980237071f.zip,rsi-kobon-triangles-f462d8e18aea2a458376c523c9b6c2980237071f/kobon-triangles/added/g38/n39_467_38-284pr4bypycka-grow.json,,3780c8a3,Filename/path inference; editable in the app
346359,kobon-triangles/added/g38/n39_467_38-29myoxahnunni-grow.json,Kobon triangles,938,Pinned collected revision; final designation governed by team receipt | f462d8e18aea2a458376c523c9b6c2980237071f,https://codeload.github.com/Rohith18p/rsi-kobon-triangles/zip/f462d8e18aea2a458376c523c9b6c2980237071f,,contestants/E57/13-archives/E57-Rohith18p-rsi-kobon-triangles-f462d8e18aea2a458376c523c9b6c2980237071f.zip,rsi-kobon-triangles-f462d8e18aea2a458376c523c9b6c2980237071f/kobon-triangles/added/g38/n39_467_38-29myoxahnunni-grow.json,,62f57b38,Filename/path inference; editable in the app
346360,kobon-triangles/added/g38/n39_467_38-2aj2r8r1vi7ca-grow.json,Kobon triangles,995,Pinned collected revision; final designation governed by team receipt | f462d8e18aea2a458376c523c9b6c2980237071f,https://codeload.github.com/Rohith18p/rsi-kobon-triangles/zip/f462d8e18aea2a458376c523c9b6c2980237071f,,contestants/E57/13-archives/E57-Rohith18p-rsi-kobon-triangles-f462d8e18aea2a458376c523c9b6c2980237071f.zip,rsi-kobon-triangles-f462d8e18aea2a458376c523c9b6c2980237071f/kobon-triangles/added/g38/n39_467_38-2aj2r8r1vi7ca-grow.json,,0cc6deb1,Filename/path inference; editable in the app
346361,kobon-triangles/added/g38/n39_467_38-2aqhbsrvx21z6-grow.json,Kobon triangles,961,Pinned collected revision; final designation governed by team receipt | f462d8e18aea2a458376c523c9b6c2980237071f,https://codeload.github.com/Rohith18p/rsi-kobon-triangles/zip/f462d8e18aea2a458376c523c9b6c2980237071f,,contestants/E57/13-archives/E57-Rohith18p-rsi-kobon-triangles-f462d8e18aea2a458376c523c9b6c2980237071f.zip,rsi-kobon-triangles-f462d8e18aea2a458376c523c9b6c2980237071f/kobon-triangles/added/g38/n39_467_38-2aqhbsrvx21z6-grow.json,,4d449319,Filename/path inference; editable in the app
346362,kobon-triangles/added/g38/n39_467_38-2ce7xy1ramq9q-grow.json,Kobon triangles,978,Pinned collected revision; final designation governed by team receipt | f462d8e18aea2a458376c523c9b6c2980237071f,https://codeload.github.com/Rohith18p/rsi-kobon-triangles/zip/f462d8e18aea2a458376c523c9b6c2980237071f,,contestants/E57/13-archives/E57-Rohith18p-rsi-kobon-triangles-f462d8e18aea2a458376c523c9b6c2980237071f.zip,rsi-kobon-triangles-f462d8e18aea2a458376c523c9b6c2980237071f/kobon-triangles/added/g38/n39_467_38-2ce7xy1ramq9q-grow.json,,7ed66cc5,Filename/path inference; editable in the app
346363,kobon-triangles/added/g38/n39_467_38-2cisv2eawgb9c-grow.json,Kobon triangles,1166,Pinned collected revision; final designation governed by team receipt | f462d8e18aea2a458376c523c9b6c2980237071f,https://codeload.github.com/Rohith18p/rsi-kobon-triangles/zip/f462d8e18aea2a458376c523c9b6c2980237071f,,contestants/E57/13-archives/E57-Rohith18p-rsi-kobon-triangles-f462d8e18aea2a458376c523c9b6c2980237071f.zip,rsi-kobon-triangles-f462d8e18aea2a458376c523c9b6c2980237071f/kobon-triangles/added/g38/n39_467_38-2cisv2eawgb9c-grow.json,,26d0edc9,Filename/path inference; editable in the app
346364,kobon-triangles/added/g38/n39_467_38-2ctz0gymnyh4u-grow.json,Kobon triangles,1014,Pinned collected revision; final designation governed by team receipt | f462d8e18aea2a458376c523c9b6c2980237071f,https://codeload.github.com/Rohith18p/rsi-kobon-triangles/zip/f462d8e18aea2a458376c523c9b6c2980237071f,,contestants/E57/13-archives/E57-Rohith18p-rsi-kobon-triangles-f462d8e18aea2a458376c523c9b6c2980237071f.zip,rsi-kobon-triangles-f462d8e18aea2a458376c523c9b6c2980237071f/kobon-triangles/added/g38/n39_467_38-2ctz0gymnyh4u-grow.json,,e21dc3a2,Filename/path inference; editable in the app
346365,kobon-triangles/added/g38/n39_467_38-2f174073q1w42-grow.json,Kobon triangles,982,Pinned collected revision; final designation governed by team receipt | f462d8e18aea2a458376c523c9b6c2980237071f,https://codeload.github.com/Rohith18p/rsi-kobon-triangles/zip/f462d8e18aea2a458376c523c9b6c2980237071f,,contestants/E57/13-archives/E57-Rohith18p-rsi-kobon-triangles-f462d8e18aea2a458376c523c9b6c2980237071f.zip,rsi-kobon-triangles-f462d8e18aea2a458376c523c9b6c2980237071f/kobon-triangles/added/g38/n39_467_38-2f174073q1w42-grow.json,,62ef969b,Filename/path inference; editable in the app
346366,kobon-triangles/added/g38/n39_467_38-2h842peezd3wq-grow.json,Kobon triangles,949,Pinned collected revision; final designation governed by team receipt | f462d8e18aea2a458376c523c9b6c2980237071f,https://codeload.github.com/Rohith18p/rsi-kobon-triangles/zip/f462d8e18aea2a458376c523c9b6c2980237071f,,contestants/E57/13-archives/E57-Rohith18p-rsi-kobon-triangles-f462d8e18aea2a458376c523c9b6c2980237071f.zip,rsi-kobon-triangles-f462d8e18aea2a458376c523c9b6c2980237071f/kobon-triangles/added/g38/n39_467_38-2h842peezd3wq-grow.json,,f84ae499,Filename/path inference; editable in the app
346367,kobon-triangles/added/g38/n39_467_38-2hw3h4lzjk9ay-grow.json,Kobon triangles,1063,Pinned collected revision; final designation governed by team receipt | f462d8e18aea2a458376c523c9b6c2980237071f,https://codeload.github.com/Rohith18p/rsi-kobon-triangles/zip/f462d8e18aea2a458376c523c9b6c2980237071f,,contestants/E57/13-archives/E57-Rohith18p-rsi-kobon-triangles-f462d8e18aea2a458376c523c9b6c2980237071f.zip,rsi-kobon-triangles-f462d8e18aea2a458376c523c9b6c2980237071f/kobon-triangles/added/g38/n39_467_38-2hw3h4lzjk9ay-grow.json,,e5b8bacc,Filename/path inference; editable in the app
346368,kobon-triangles/added/g38/n39_467_38-2ker0a954psv4-grow.json,Kobon triangles,972,Pinned collected revision; final designation governed by team receipt | f462d8e18aea2a458376c523c9b6c2980237071f,https://codeload.github.com/Rohith18p/rsi-kobon-triangles/zip/f462d8e18aea2a458376c523c9b6c2980237071f,,contestants/E57/13-archives/E57-Rohith18p-rsi-kobon-triangles-f462d8e18aea2a458376c523c9b6c2980237071f.zip,rsi-kobon-triangles-f462d8e18aea2a458376c523c9b6c2980237071f/kobon-triangles/added/g38/n39_467_38-2ker0a954psv4-grow.json,,4c9173bd,Filename/path inference; editable in the app
346369,kobon-triangles/added/g38/n39_467_38-2kntch8v1swee-grow.json,Kobon triangles,1140,Pinned collected revision; final designation governed by team receipt | f462d8e18aea2a458376c523c9b6c2980237071f,https://codeload.github.com/Rohith18p/rsi-kobon-triangles/zip/f462d8e18aea2a458376c523c9b6c2980237071f,,contestants/E57/13-archives/E57-Rohith18p-rsi-kobon-triangles-f462d8e18aea2a458376c523c9b6c2980237071f.zip,rsi-kobon-triangles-f462d8e18aea2a458376c523c9b6c2980237071f/kobon-triangles/added/g38/n39_467_38-2kntch8v1swee-grow.json,,d68393c3,Filename/path inference; editable in the app
346370,kobon-triangles/added/g38/n39_467_38-2obkqukk8s5ew-grow.json,Kobon triangles,955,Pinned collected revision; final designation governed by team receipt | f462d8e18aea2a458376c523c9b6c2980237071f,https://codeload.github.com/Rohith18p/rsi-kobon-triangles/zip/f462d8e18aea2a458376c523c9b6c2980237071f,,contestants/E57/13-archives/E57-Rohith18p-rsi-kobon-triangles-f462d8e18aea2a458376c523c9b6c2980237071f.zip,rsi-kobon-triangles-f462d8e18aea2a458376c523c9b6c2980237071f/kobon-triangles/added/g38/n39_467_38-2obkqukk8s5ew-grow.json,,c3c33f0c,Filename/path inference; editable in the app
346371,kobon-triangles/added/g38/n39_467_38-2v8dalpcpl32u-grow.json,Kobon triangles,930,Pinned collected revision; final designation governed by team receipt | f462d8e18aea2a458376c523c9b6c2980237071f,https://codeload.github.com/Rohith18p/rsi-kobon-triangles/zip/f462d8e18aea2a458376c523c9b6c2980237071f,,contestants/E57/13-archives/E57-Rohith18p-rsi-kobon-triangles-f462d8e18aea2a458376c523c9b6c2980237071f.zip,rsi-kobon-triangles-f462d8e18aea2a458376c523c9b6c2980237071f/kobon-triangles/added/g38/n39_467_38-2v8dalpcpl32u-grow.json,,5e2b5122,Filename/path inference; editable in the app
346372,kobon-triangles/added/g38/n39_467_38-2wy3q6w45gyly-grow.json,Kobon triangles,916,Pinned collected revision; final designation governed by team receipt | f462d8e18aea2a458376c523c9b6c2980237071f,https://codeload.github.com/Rohith18p/rsi-kobon-triangles/zip/f462d8e18aea2a458376c523c9b6c2980237071f,,contestants/E57/13-archives/E57-Rohith18p-rsi-kobon-triangles-f462d8e18aea2a458376c523c9b6c2980237071f.zip,rsi-kobon-triangles-f462d8e18aea2a458376c523c9b6c2980237071f/kobon-triangles/added/g38/n39_467_38-2wy3q6w45gyly-grow.json,,65d902bb,Filename/path inference; editable in the app
346373,kobon-triangles/added/g38/n39_467_38-2xb70gtsgy36q-grow.json,Kobon triangles,927,Pinned collected revision; final designation governed by team receipt | f462d8e18aea2a458376c523c9b6c2980237071f,https://codeload.github.com/Rohith18p/rsi-kobon-triangles/zip/f462d8e18aea2a458376c523c9b6c2980237071f,,contestants/E57/13-archives/E57-Rohith18p-rsi-kobon-triangles-f462d8e18aea2a458376c523c9b6c2980237071f.zip,rsi-kobon-triangles-f462d8e18aea2a458376c523c9b6c2980237071f/kobon-triangles/added/g38/n39_467_38-2xb70gtsgy36q-grow.json,,9945784d,Filename/path inference; editable in the app
346374,kobon-triangles/added/g38/n39_467_38-2y4yzlgkm7m3s-grow.json,Kobon triangles,955,Pinned collected revision; final designation governed by team receipt | f462d8e18aea2a458376c523c9b6c2980237071f,https://codeload.github.com/Rohith18p/rsi-kobon-triangles/zip/f462d8e18aea2a458376c523c9b6c2980237071f,,contestants/E57/13-archives/E57-Rohith18p-rsi-kobon-triangles-f462d8e18aea2a458376c523c9b6c2980237071f.zip,rsi-kobon-triangles-f462d8e18aea2a458376c523c9b6c2980237071f/kobon-triangles/added/g38/n39_467_38-2y4yzlgkm7m3s-grow.json,,1e3b2848,Filename/path inference; editable in the app
346375,kobon-triangles/added/g38/n39_467_38-2z5luiwsj1liu-grow.json,Kobon triangles,961,Pinned collected revision; final designation governed by team receipt | f462d8e18aea2a458376c523c9b6c2980237071f,https://codeload.github.com/Rohith18p/rsi-kobon-triangles/zip/f462d8e18aea2a458376c523c9b6c2980237071f,,contestants/E57/13-archives/E57-Rohith18p-rsi-kobon-triangles-f462d8e18aea2a458376c523c9b6c2980237071f.zip,rsi-kobon-triangles-f462d8e18aea2a458376c523c9b6c2980237071f/kobon-triangles/added/g38/n39_467_38-2z5luiwsj1liu-grow.json,,5e5c6b4a,Filename/path inference; editable in the app
346376,kobon-triangles/added/g38/n39_467_38-2zs8g3mit58zq-grow.json,Kobon triangles,971,Pinned collected revision; final designation governed by team receipt | f462d8e18aea2a458376c523c9b6c2980237071f,https://codeload.github.com/Rohith18p/rsi-kobon-triangles/zip/f462d8e18aea2a458376c523c9b6c2980237071f,,contestants/E57/13-archives/E57-Rohith18p-rsi-kobon-triangles-f462d8e18aea2a458376c523c9b6c2980237071f.zip,rsi-kobon-triangles-f462d8e18aea2a458376c523c9b6c2980237071f/kobon-triangles/added/g38/n39_467_38-2zs8g3mit58zq-grow.json,,6b3c8c19,Filename/path inference; editable in the app
346377,kobon-triangles/added/g38/n39_467_38-30gtcbzq0714w-grow.json,Kobon triangles,1034,Pinned collected revision; final designation governed by team receipt | f462d8e18aea2a458376c523c9b6c2980237071f,https://codeload.github.com/Rohith18p/rsi-kobon-triangles/zip/f462d8e18aea2a458376c523c9b6c2980237071f,,contestants/E57/13-archives/E57-Rohith18p-rsi-kobon-triangles-f462d8e18aea2a458376c523c9b6c2980237071f.zip,rsi-kobon-triangles-f462d8e18aea2a458376c523c9b6c2980237071f/kobon-triangles/added/g38/n39_467_38-30gtcbzq0714w-grow.json,,0568a7c6,Filename/path inference; editable in the app
346378,kobon-triangles/added/g38/n39_467_38-30jgxap9ho8oi-grow.json,Kobon triangles,890,Pinned collected revision; final designation governed by team receipt | f462d8e18aea2a458376c523c9b6c2980237071f,https://codeload.github.com/Rohith18p/rsi-kobon-triangles/zip/f462d8e18aea2a458376c523c9b6c2980237071f,,contestants/E57/13-archives/E57-Rohith18p-rsi-kobon-triangles-f462d8e18aea2a458376c523c9b6c2980237071f.zip,rsi-kobon-triangles-f462d8e18aea2a458376c523c9b6c2980237071f/kobon-triangles/added/g38/n39_467_38-30jgxap9ho8oi-grow.json,,ffdbd28c,Filename/path inference; editable in the app
346379,kobon-triangles/added/g38/n39_467_38-30qoo5iq9vwoa-grow.json,Kobon triangles,921,Pinned collected revision; final designation governed by team receipt | f462d8e18aea2a458376c523c9b6c2980237071f,https://codeload.github.com/Rohith18p/rsi-kobon-triangles/zip/f462d8e18aea2a458376c523c9b6c2980237071f,,contestants/E57/13-archives/E57-Rohith18p-rsi-kobon-triangles-f462d8e18aea2a458376c523c9b6c2980237071f.zip,rsi-kobon-triangles-f462d8e18aea2a458376c523c9b6c2980237071f/kobon-triangles/added/g38/n39_467_38-30qoo5iq9vwoa-grow.json,,133f9e94,Filename/path inference; editable in the app
346380,kobon-triangles/added/g38/n39_467_38-36y5t2yreb66a-grow.json,Kobon triangles,997,Pinned collected revision; final designation governed by team receipt | f462d8e18aea2a458376c523c9b6c2980237071f,https://codeload.github.com/Rohith18p/rsi-kobon-triangles/zip/f462d8e18aea2a458376c523c9b6c2980237071f,,contestants/E57/13-archives/E57-Rohith18p-rsi-kobon-triangles-f462d8e18aea2a458376c523c9b6c2980237071f.zip,rsi-kobon-triangles-f462d8e18aea2a458376c523c9b6c2980237071f/kobon-triangles/added/g38/n39_467_38-36y5t2yreb66a-grow.json,,6c76079a,Filename/path inference; editable in the app
346381,kobon-triangles/added/g38/n39_467_38-3760w7rykiaaq-grow.json,Kobon triangles,936,Pinned collected revision; final designation governed by team receipt | f462d8e18aea2a458376c523c9b6c2980237071f,https://codeload.github.com/Rohith18p/rsi-kobon-triangles/zip/f462d8e18aea2a458376c523c9b6c2980237071f,,contestants/E57/13-archives/E57-Rohith18p-rsi-kobon-triangles-f462d8e18aea2a458376c523c9b6c2980237071f.zip,rsi-kobon-triangles-f462d8e18aea2a458376c523c9b6c2980237071f/kobon-triangles/added/g38/n39_467_38-3760w7rykiaaq-grow.json,,7cc75783,Filename/path inference; editable in the app
346382,kobon-triangles/added/g38/n39_467_38-3adm8degls3bq-grow.json,Kobon triangles,911,Pinned collected revision; final designation governed by team receipt | f462d8e18aea2a458376c523c9b6c2980237071f,https://codeload.github.com/Rohith18p/rsi-kobon-triangles/zip/f462d8e18aea2a458376c523c9b6c2980237071f,,contestants/E57/13-archives/E57-Rohith18p-rsi-kobon-triangles-f462d8e18aea2a458376c523c9b6c2980237071f.zip,rsi-kobon-triangles-f462d8e18aea2a458376c523c9b6c2980237071f/kobon-triangles/added/g38/n39_467_38-3adm8degls3bq-grow.json,,9483a4a2,Filename/path inference; editable in the app
346383,kobon-triangles/added/g38/n39_467_38-3d5syyxj52gl2-grow.json,Kobon triangles,984,Pinned collected revision; final designation governed by team receipt | f462d8e18aea2a458376c523c9b6c2980237071f,https://codeload.github.com/Rohith18p/rsi-kobon-triangles/zip/f462d8e18aea2a458376c523c9b6c2980237071f,,contestants/E57/13-archives/E57-Rohith18p-rsi-kobon-triangles-f462d8e18aea2a458376c523c9b6c2980237071f.zip,rsi-kobon-triangles-f462d8e18aea2a458376c523c9b6c2980237071f/kobon-triangles/added/g38/n39_467_38-3d5syyxj52gl2-grow.json,,01d85475,Filename/path inference; editable in the app
346384,kobon-triangles/added/g38/n39_467_38-3d9w3jqhefwhm-grow.json,Kobon triangles,975,Pinned collected revision; final designation governed by team receipt | f462d8e18aea2a458376c523c9b6c2980237071f,https://codeload.github.com/Rohith18p/rsi-kobon-triangles/zip/f462d8e18aea2a458376c523c9b6c2980237071f,,contestants/E57/13-archives/E57-Rohith18p-rsi-kobon-triangles-f462d8e18aea2a458376c523c9b6c2980237071f.zip,rsi-kobon-triangles-f462d8e18aea2a458376c523c9b6c2980237071f/kobon-triangles/added/g38/n39_467_38-3d9w3jqhefwhm-grow.json,,e770ae16,Filename/path inference; editable in the app
346385,kobon-triangles/added/g38/n39_467_38-3dlpc6dh34duc-grow.json,Kobon triangles,965,Pinned collected revision; final designation governed by team receipt | f462d8e18aea2a458376c523c9b6c2980237071f,https://codeload.github.com/Rohith18p/rsi-kobon-triangles/zip/f462d8e18aea2a458376c523c9b6c2980237071f,,contestants/E57/13-archives/E57-Rohith18p-rsi-kobon-triangles-f462d8e18aea2a458376c523c9b6c2980237071f.zip,rsi-kobon-triangles-f462d8e18aea2a458376c523c9b6c2980237071f/kobon-triangles/added/g38/n39_467_38-3dlpc6dh34duc-grow.json,,b096575f,Filename/path inference; editable in the app
346386,kobon-triangles/added/g38/n39_467_38-3f4y81ay2ziem-grow.json,Kobon triangles,1116,Pinned collected revision; final designation governed by team receipt | f462d8e18aea2a458376c523c9b6c2980237071f,https://codeload.github.com/Rohith18p/rsi-kobon-triangles/zip/f462d8e18aea2a458376c523c9b6c2980237071f,,contestants/E57/13-archives/E57-Rohith18p-rsi-kobon-triangles-f462d8e18aea2a458376c523c9b6c2980237071f.zip,rsi-kobon-triangles-f462d8e18aea2a458376c523c9b6c2980237071f/kobon-triangles/added/g38/n39_467_38-3f4y81ay2ziem-grow.json,,40deaf61,Filename/path inference; editable in the app
346387,kobon-triangles/added/g38/n39_467_38-3g1yf3stsijek-grow.json,Kobon triangles,956,Pinned collected revision; final designation governed by team receipt | f462d8e18aea2a458376c523c9b6c2980237071f,https://codeload.github.com/Rohith18p/rsi-kobon-triangles/zip/f462d8e18aea2a458376c523c9b6c2980237071f,,contestants/E57/13-archives/E57-Rohith18p-rsi-kobon-triangles-f462d8e18aea2a458376c523c9b6c2980237071f.zip,rsi-kobon-triangles-f462d8e18aea2a458376c523c9b6c2980237071f/kobon-triangles/added/g38/n39_467_38-3g1yf3stsijek-grow.json,,f933de68,Filename/path inference; editable in the app
346388,kobon-triangles/added/g38/n39_467_38-3g4dog5dzv1ko-grow.json,Kobon triangles,852,Pinned collected revision; final designation governed by team receipt | f462d8e18aea2a458376c523c9b6c2980237071f,https://codeload.github.com/Rohith18p/rsi-kobon-triangles/zip/f462d8e18aea2a458376c523c9b6c2980237071f,,contestants/E57/13-archives/E57-Rohith18p-rsi-kobon-triangles-f462d8e18aea2a458376c523c9b6c2980237071f.zip,rsi-kobon-triangles-f462d8e18aea2a458376c523c9b6c2980237071f/kobon-triangles/added/g38/n39_467_38-3g4dog5dzv1ko-grow.json,,410cf100,Filename/path inference; editable in the app
346389,kobon-triangles/added/g38/n39_467_38-3j3wjlimsnldm-grow.json,Kobon triangles,932,Pinned collected revision; final designation governed by team receipt | f462d8e18aea2a458376c523c9b6c2980237071f,https://codeload.github.com/Rohith18p/rsi-kobon-triangles/zip/f462d8e18aea2a458376c523c9b6c2980237071f,,contestants/E57/13-archives/E57-Rohith18p-rsi-kobon-triangles-f462d8e18aea2a458376c523c9b6c2980237071f.zip,rsi-kobon-triangles-f462d8e18aea2a458376c523c9b6c2980237071f/kobon-triangles/added/g38/n39_467_38-3j3wjlimsnldm-grow.json,,d14f2610,Filename/path inference; editable in the app
346390,kobon-triangles/added/g38/n39_467_38-3lse4kccwx09m-grow.json,Kobon triangles,936,Pinned collected revision; final designation governed by team receipt | f462d8e18aea2a458376c523c9b6c2980237071f,https://codeload.github.com/Rohith18p/rsi-kobon-triangles/zip/f462d8e18aea2a458376c523c9b6c2980237071f,,contestants/E57/13-archives/E57-Rohith18p-rsi-kobon-triangles-f462d8e18aea2a458376c523c9b6c2980237071f.zip,rsi-kobon-triangles-f462d8e18aea2a458376c523c9b6c2980237071f/kobon-triangles/added/g38/n39_467_38-3lse4kccwx09m-grow.json,,b4fcee38,Filename/path inference; editable in the app
346391,kobon-triangles/added/g38/n39_467_38-3rcfhdl3xyfoa-grow.json,Kobon triangles,1008,Pinned collected revision; final designation governed by team receipt | f462d8e18aea2a458376c523c9b6c2980237071f,https://codeload.github.com/Rohith18p/rsi-kobon-triangles/zip/f462d8e18aea2a458376c523c9b6c2980237071f,,contestants/E57/13-archives/E57-Rohith18p-rsi-kobon-triangles-f462d8e18aea2a458376c523c9b6c2980237071f.zip,rsi-kobon-triangles-f462d8e18aea2a458376c523c9b6c2980237071f/kobon-triangles/added/g38/n39_467_38-3rcfhdl3xyfoa-grow.json,,7d289fb2,Filename/path inference; editable in the app
346392,kobon-triangles/added/g38/n39_467_38-3tbr158qxxtre-grow.json,Kobon triangles,1021,Pinned collected revision; final designation governed by team receipt | f462d8e18aea2a458376c523c9b6c2980237071f,https://codeload.github.com/Rohith18p/rsi-kobon-triangles/zip/f462d8e18aea2a458376c523c9b6c2980237071f,,contestants/E57/13-archives/E57-Rohith18p-rsi-kobon-triangles-f462d8e18aea2a458376c523c9b6c2980237071f.zip,rsi-kobon-triangles-f462d8e18aea2a458376c523c9b6c2980237071f/kobon-triangles/added/g38/n39_467_38-3tbr158qxxtre-grow.json,,fc37e9b9,Filename/path inference; editable in the app
346393,kobon-triangles/added/g38/n39_467_38-3ttudszy1nhhs-grow.json,Kobon triangles,972,Pinned collected revision; final designation governed by team receipt | f462d8e18aea2a458376c523c9b6c2980237071f,https://codeload.github.com/Rohith18p/rsi-kobon-triangles/zip/f462d8e18aea2a458376c523c9b6c2980237071f,,contestants/E57/13-archives/E57-Rohith18p-rsi-kobon-triangles-f462d8e18aea2a458376c523c9b6c2980237071f.zip,rsi-kobon-triangles-f462d8e18aea2a458376c523c9b6c2980237071f/kobon-triangles/added/g38/n39_467_38-3ttudszy1nhhs-grow.json,,1373b83a,Filename/path inference; editable in the app
346394,kobon-triangles/added/g38/n39_467_38-3uh0fjk9odvjq-grow.json,Kobon triangles,790,Pinned collected revision; final designation governed by team receipt | f462d8e18aea2a458376c523c9b6c2980237071f,https://codeload.github.com/Rohith18p/rsi-kobon-triangles/zip/f462d8e18aea2a458376c523c9b6c2980237071f,,contestants/E57/13-archives/E57-Rohith18p-rsi-kobon-triangles-f462d8e18aea2a458376c523c9b6c2980237071f.zip,rsi-kobon-triangles-f462d8e18aea2a458376c523c9b6c2980237071f/kobon-triangles/added/g38/n39_467_38-3uh0fjk9odvjq-grow.json,,020ad95c,Filename/path inference; editable in the app
346395,kobon-triangles/added/g38/n39_467_38-3vostz0yodtwg-grow.json,Kobon triangles,929,Pinned collected revision; final designation governed by team receipt | f462d8e18aea2a458376c523c9b6c2980237071f,https://codeload.github.com/Rohith18p/rsi-kobon-triangles/zip/f462d8e18aea2a458376c523c9b6c2980237071f,,contestants/E57/13-archives/E57-Rohith18p-rsi-kobon-triangles-f462d8e18aea2a458376c523c9b6c2980237071f.zip,rsi-kobon-triangles-f462d8e18aea2a458376c523c9b6c2980237071f/kobon-triangles/added/g38/n39_467_38-3vostz0yodtwg-grow.json,,95b2f142,Filename/path inference; editable in the app
346396,kobon-triangles/added/g38/n39_467_38-4h9w3zovrfnm-grow.json,Kobon triangles,1125,Pinned collected revision; final designation governed by team receipt | f462d8e18aea2a458376c523c9b6c2980237071f,https://codeload.github.com/Rohith18p/rsi-kobon-triangles/zip/f462d8e18aea2a458376c523c9b6c2980237071f,,contestants/E57/13-archives/E57-Rohith18p-rsi-kobon-triangles-f462d8e18aea2a458376c523c9b6c2980237071f.zip,rsi-kobon-triangles-f462d8e18aea2a458376c523c9b6c2980237071f/kobon-triangles/added/g38/n39_467_38-4h9w3zovrfnm-grow.json,,ec10b713,Filename/path inference; editable in the app
346397,kobon-triangles/added/g38/n39_467_38-6b1zucz3ubfq-grow.json,Kobon triangles,941,Pinned collected revision; final designation governed by team receipt | f462d8e18aea2a458376c523c9b6c2980237071f,https://codeload.github.com/Rohith18p/rsi-kobon-triangles/zip/f462d8e18aea2a458376c523c9b6c2980237071f,,contestants/E57/13-archives/E57-Rohith18p-rsi-kobon-triangles-f462d8e18aea2a458376c523c9b6c2980237071f.zip,rsi-kobon-triangles-f462d8e18aea2a458376c523c9b6c2980237071f/kobon-triangles/added/g38/n39_467_38-6b1zucz3ubfq-grow.json,,0254ed3a,Filename/path inference; editable in the app
346398,kobon-triangles/added/g38/n39_467_38-azvh16k16u3e-grow.json,Kobon triangles,972,Pinned collected revision; final designation governed by team receipt | f462d8e18aea2a458376c523c9b6c2980237071f,https://codeload.github.com/Rohith18p/rsi-kobon-triangles/zip/f462d8e18aea2a458376c523c9b6c2980237071f,,contestants/E57/13-archives/E57-Rohith18p-rsi-kobon-triangles-f462d8e18aea2a458376c523c9b6c2980237071f.zip,rsi-kobon-triangles-f462d8e18aea2a458376c523c9b6c2980237071f/kobon-triangles/added/g38/n39_467_38-azvh16k16u3e-grow.json,,8660db0c,Filename/path inference; editable in the app
346399,kobon-triangles/added/g38/n39_467_38-cjolrzo90mlk-grow.json,Kobon triangles,966,Pinned collected revision; final designation governed by team receipt | f462d8e18aea2a458376c523c9b6c2980237071f,https://codeload.github.com/Rohith18p/rsi-kobon-triangles/zip/f462d8e18aea2a458376c523c9b6c2980237071f,,contestants/E57/13-archives/E57-Rohith18p-rsi-kobon-triangles-f462d8e18aea2a458376c523c9b6c2980237071f.zip,rsi-kobon-triangles-f462d8e18aea2a458376c523c9b6c2980237071f/kobon-triangles/added/g38/n39_467_38-cjolrzo90mlk-grow.json,,cefe0f53,Filename/path inference; editable in the app
346400,kobon-triangles/added/g38/n39_467_38-ebklwew7xbyi-grow.json,Kobon triangles,1142,Pinned collected revision; final designation governed by team receipt | f462d8e18aea2a458376c523c9b6c2980237071f,https://codeload.github.com/Rohith18p/rsi-kobon-triangles/zip/f462d8e18aea2a458376c523c9b6c2980237071f,,contestants/E57/13-archives/E57-Rohith18p-rsi-kobon-triangles-f462d8e18aea2a458376c523c9b6c2980237071f.zip,rsi-kobon-triangles-f462d8e18aea2a458376c523c9b6c2980237071f/kobon-triangles/added/g38/n39_467_38-ebklwew7xbyi-grow.json,,4846561b,Filename/path inference; editable in the app
346401,kobon-triangles/added/g38/n39_467_38-edf3mxo70tli-grow.json,Kobon triangles,991,Pinned collected revision; final designation governed by team receipt | f462d8e18aea2a458376c523c9b6c2980237071f,https://codeload.github.com/Rohith18p/rsi-kobon-triangles/zip/f462d8e18aea2a458376c523c9b6c2980237071f,,contestants/E57/13-archives/E57-Rohith18p-rsi-kobon-triangles-f462d8e18aea2a458376c523c9b6c2980237071f.zip,rsi-kobon-triangles-f462d8e18aea2a458376c523c9b6c2980237071f/kobon-triangles/added/g38/n39_467_38-edf3mxo70tli-grow.json,,751fe44f,Filename/path inference; editable in the app
346402,kobon-triangles/added/g38/n39_467_38-etm24w25es9y-grow.json,Kobon triangles,948,Pinned collected revision; final designation governed by team receipt | f462d8e18aea2a458376c523c9b6c2980237071f,https://codeload.github.com/Rohith18p/rsi-kobon-triangles/zip/f462d8e18aea2a458376c523c9b6c2980237071f,,contestants/E57/13-archives/E57-Rohith18p-rsi-kobon-triangles-f462d8e18aea2a458376c523c9b6c2980237071f.zip,rsi-kobon-triangles-f462d8e18aea2a458376c523c9b6c2980237071f/kobon-triangles/added/g38/n39_467_38-etm24w25es9y-grow.json,,2ea36b75,Filename/path inference; editable in the app
346403,kobon-triangles/added/g38/n39_467_38-he47dg69xsm2-grow.json,Kobon triangles,1108,Pinned collected revision; final designation governed by team receipt | f462d8e18aea2a458376c523c9b6c2980237071f,https://codeload.github.com/Rohith18p/rsi-kobon-triangles/zip/f462d8e18aea2a458376c523c9b6c2980237071f,,contestants/E57/13-archives/E57-Rohith18p-rsi-kobon-triangles-f462d8e18aea2a458376c523c9b6c2980237071f.zip,rsi-kobon-triangles-f462d8e18aea2a458376c523c9b6c2980237071f/kobon-triangles/added/g38/n39_467_38-he47dg69xsm2-grow.json,,decf7c13,Filename/path inference; editable in the app
346404,kobon-triangles/added/g38/n39_467_38-hufivcsce5xc-grow.json,Kobon triangles,996,Pinned collected revision; final designation governed by team receipt | f462d8e18aea2a458376c523c9b6c2980237071f,https://codeload.github.com/Rohith18p/rsi-kobon-triangles/zip/f462d8e18aea2a458376c523c9b6c2980237071f,,contestants/E57/13-archives/E57-Rohith18p-rsi-kobon-triangles-f462d8e18aea2a458376c523c9b6c2980237071f.zip,rsi-kobon-triangles-f462d8e18aea2a458376c523c9b6c2980237071f/kobon-triangles/added/g38/n39_467_38-hufivcsce5xc-grow.json,,d177990b,Filename/path inference; editable in the app
346405,kobon-triangles/added/g38/n39_467_38-j4kw3yu7wct6-grow.json,Kobon triangles,950,Pinned collected revision; final designation governed by team receipt | f462d8e18aea2a458376c523c9b6c2980237071f,https://codeload.github.com/Rohith18p/rsi-kobon-triangles/zip/f462d8e18aea2a458376c523c9b6c2980237071f,,contestants/E57/13-archives/E57-Rohith18p-rsi-kobon-triangles-f462d8e18aea2a458376c523c9b6c2980237071f.zip,rsi-kobon-triangles-f462d8e18aea2a458376c523c9b6c2980237071f/kobon-triangles/added/g38/n39_467_38-j4kw3yu7wct6-grow.json,,88d7409f,Filename/path inference; editable in the app
346406,kobon-triangles/added/g38/n39_467_38-jrysz8e19fz2-grow.json,Kobon triangles,1003,Pinned collected revision; final designation governed by team receipt | f462d8e18aea2a458376c523c9b6c2980237071f,https://codeload.github.com/Rohith18p/rsi-kobon-triangles/zip/f462d8e18aea2a458376c523c9b6c2980237071f,,contestants/E57/13-archives/E57-Rohith18p-rsi-kobon-triangles-f462d8e18aea2a458376c523c9b6c2980237071f.zip,rsi-kobon-triangles-f462d8e18aea2a458376c523c9b6c2980237071f/kobon-triangles/added/g38/n39_467_38-jrysz8e19fz2-grow.json,,e70ad70d,Filename/path inference; editable in the app
346407,kobon-triangles/added/g38/n39_467_38-l88t6ut57zo0-grow.json,Kobon triangles,941,Pinned collected revision; final designation governed by team receipt | f462d8e18aea2a458376c523c9b6c2980237071f,https://codeload.github.com/Rohith18p/rsi-kobon-triangles/zip/f462d8e18aea2a458376c523c9b6c2980237071f,,contestants/E57/13-archives/E57-Rohith18p-rsi-kobon-triangles-f462d8e18aea2a458376c523c9b6c2980237071f.zip,rsi-kobon-triangles-f462d8e18aea2a458376c523c9b6c2980237071f/kobon-triangles/added/g38/n39_467_38-l88t6ut57zo0-grow.json,,6b9329ae,Filename/path inference; editable in the app
346408,kobon-triangles/added/g38/n39_467_38-tnh47r6pulnq-grow.json,Kobon triangles,957,Pinned collected revision; final designation governed by team receipt | f462d8e18aea2a458376c523c9b6c2980237071f,https://codeload.github.com/Rohith18p/rsi-kobon-triangles/zip/f462d8e18aea2a458376c523c9b6c2980237071f,,contestants/E57/13-archives/E57-Rohith18p-rsi-kobon-triangles-f462d8e18aea2a458376c523c9b6c2980237071f.zip,rsi-kobon-triangles-f462d8e18aea2a458376c523c9b6c2980237071f/kobon-triangles/added/g38/n39_467_38-tnh47r6pulnq-grow.json,,ea1d3132,Filename/path inference; editable in the app
346409,kobon-triangles/added/g38/n39_467_38-xm95p0vrtcn6-grow.json,Kobon triangles,953,Pinned collected revision; final designation governed by team receipt | f462d8e18aea2a458376c523c9b6c2980237071f,https://codeload.github.com/Rohith18p/rsi-kobon-triangles/zip/f462d8e18aea2a458376c523c9b6c2980237071f,,contestants/E57/13-archives/E57-Rohith18p-rsi-kobon-triangles-f462d8e18aea2a458376c523c9b6c2980237071f.zip,rsi-kobon-triangles-f462d8e18aea2a458376c523c9b6c2980237071f/kobon-triangles/added/g38/n39_467_38-xm95p0vrtcn6-grow.json,,5cc9b8ed,Filename/path inference; editable in the app
346410,kobon-triangles/added/g38/n39_467_38-yatn89pyoem2-grow.json,Kobon triangles,1168,Pinned collected revision; final designation governed by team receipt | f462d8e18aea2a458376c523c9b6c2980237071f,https://codeload.github.com/Rohith18p/rsi-kobon-triangles/zip/f462d8e18aea2a458376c523c9b6c2980237071f,,contestants/E57/13-archives/E57-Rohith18p-rsi-kobon-triangles-f462d8e18aea2a458376c523c9b6c2980237071f.zip,rsi-kobon-triangles-f462d8e18aea2a458376c523c9b6c2980237071f/kobon-triangles/added/g38/n39_467_38-yatn89pyoem2-grow.json,,5b3b0045,Filename/path inference; editable in the app
346411,kobon-triangles/added/g38/n39_467_38-yn64ktsixgxa-grow.json,Kobon triangles,949,Pinned collected revision; final designation governed by team receipt | f462d8e18aea2a458376c523c9b6c2980237071f,https://codeload.github.com/Rohith18p/rsi-kobon-triangles/zip/f462d8e18aea2a458376c523c9b6c2980237071f,,contestants/E57/13-archives/E57-Rohith18p-rsi-kobon-triangles-f462d8e18aea2a458376c523c9b6c2980237071f.zip,rsi-kobon-triangles-f462d8e18aea2a458376c523c9b6c2980237071f/kobon-triangles/added/g38/n39_467_38-yn64ktsixgxa-grow.json,,108f259d,Filename/path inference; editable in the app
346412,kobon-triangles/added/g38/n39_468_38-10315kffwaagk-grow.json,Kobon triangles,984,Pinned collected revision; final designation governed by team receipt | f462d8e18aea2a458376c523c9b6c2980237071f,https://codeload.github.com/Rohith18p/rsi-kobon-triangles/zip/f462d8e18aea2a458376c523c9b6c2980237071f,,contestants/E57/13-archives/E57-Rohith18p-rsi-kobon-triangles-f462d8e18aea2a458376c523c9b6c2980237071f.zip,rsi-kobon-triangles-f462d8e18aea2a458376c523c9b6c2980237071f/kobon-triangles/added/g38/n39_468_38-10315kffwaagk-grow.json,,eb780c5c,Filename/path inference; editable in the app
346413,kobon-triangles/added/g38/n39_468_38-10n5fb3lemql8-grow.json,Kobon triangles,1090,Pinned collected revision; final designation governed by team receipt | f462d8e18aea2a458376c523c9b6c2980237071f,https://codeload.github.com/Rohith18p/rsi-kobon-triangles/zip/f462d8e18aea2a458376c523c9b6c2980237071f,,contestants/E57/13-archives/E57-Rohith18p-rsi-kobon-triangles-f462d8e18aea2a458376c523c9b6c2980237071f.zip,rsi-kobon-triangles-f462d8e18aea2a458376c523c9b6c2980237071f/kobon-triangles/added/g38/n39_468_38-10n5fb3lemql8-grow.json,,00d18ca5,Filename/path inference; editable in the app
346414,kobon-triangles/added/g38/n39_468_38-148pc3iyoelj4-grow.json,Kobon triangles,830,Pinned collected revision; final designation governed by team receipt | f462d8e18aea2a458376c523c9b6c2980237071f,https://codeload.github.com/Rohith18p/rsi-kobon-triangles/zip/f462d8e18aea2a458376c523c9b6c2980237071f,,contestants/E57/13-archives/E57-Rohith18p-rsi-kobon-triangles-f462d8e18aea2a458376c523c9b6c2980237071f.zip,rsi-kobon-triangles-f462d8e18aea2a458376c523c9b6c2980237071f/kobon-triangles/added/g38/n39_468_38-148pc3iyoelj4-grow.json,,1d8dab6d,Filename/path inference; editable in the app
346415,kobon-triangles/added/g38/n39_468_38-15kzkft84f3u8-grow.json,Kobon triangles,1092,Pinned collected revision; final designation governed by team receipt | f462d8e18aea2a458376c523c9b6c2980237071f,https://codeload.github.com/Rohith18p/rsi-kobon-triangles/zip/f462d8e18aea2a458376c523c9b6c2980237071f,,contestants/E57/13-archives/E57-Rohith18p-rsi-kobon-triangles-f462d8e18aea2a458376c523c9b6c2980237071f.zip,rsi-kobon-triangles-f462d8e18aea2a458376c523c9b6c2980237071f/kobon-triangles/added/g38/n39_468_38-15kzkft84f3u8-grow.json,,bf403747,Filename/path inference; editable in the app
346416,kobon-triangles/added/g38/n39_468_38-17c3dqwv0yl8w-grow.json,Kobon triangles,993,Pinned collected revision; final designation governed by team receipt | f462d8e18aea2a458376c523c9b6c2980237071f,https://codeload.github.com/Rohith18p/rsi-kobon-triangles/zip/f462d8e18aea2a458376c523c9b6c2980237071f,,contestants/E57/13-archives/E57-Rohith18p-rsi-kobon-triangles-f462d8e18aea2a458376c523c9b6c2980237071f.zip,rsi-kobon-triangles-f462d8e18aea2a458376c523c9b6c2980237071f/kobon-triangles/added/g38/n39_468_38-17c3dqwv0yl8w-grow.json,,b27ee62c,Filename/path inference; editable in the app
346417,kobon-triangles/added/g38/n39_468_38-18195zyv1bzg2-grow.json,Kobon triangles,999,Pinned collected revision; final designation governed by team receipt | f462d8e18aea2a458376c523c9b6c2980237071f,https://codeload.github.com/Rohith18p/rsi-kobon-triangles/zip/f462d8e18aea2a458376c523c9b6c2980237071f,,contestants/E57/13-archives/E57-Rohith18p-rsi-kobon-triangles-f462d8e18aea2a458376c523c9b6c2980237071f.zip,rsi-kobon-triangles-f462d8e18aea2a458376c523c9b6c2980237071f/kobon-triangles/added/g38/n39_468_38-18195zyv1bzg2-grow.json,,a6f7b064,Filename/path inference; editable in the app
346418,kobon-triangles/added/g38/n39_468_38-19joplra27euo-grow.json,Kobon triangles,936,Pinned collected revision; final designation governed by team receipt | f462d8e18aea2a458376c523c9b6c2980237071f,https://codeload.github.com/Rohith18p/rsi-kobon-triangles/zip/f462d8e18aea2a458376c523c9b6c2980237071f,,contestants/E57/13-archives/E57-Rohith18p-rsi-kobon-triangles-f462d8e18aea2a458376c523c9b6c2980237071f.zip,rsi-kobon-triangles-f462d8e18aea2a458376c523c9b6c2980237071f/kobon-triangles/added/g38/n39_468_38-19joplra27euo-grow.json,,e7883a3e,Filename/path inference; editable in the app
346419,kobon-triangles/added/g38/n39_468_38-1b258mh9ikyma-grow.json,Kobon triangles,947,Pinned collected revision; final designation governed by team receipt | f462d8e18aea2a458376c523c9b6c2980237071f,https://codeload.github.com/Rohith18p/rsi-kobon-triangles/zip/f462d8e18aea2a458376c523c9b6c2980237071f,,contestants/E57/13-archives/E57-Rohith18p-rsi-kobon-triangles-f462d8e18aea2a458376c523c9b6c2980237071f.zip,rsi-kobon-triangles-f462d8e18aea2a458376c523c9b6c2980237071f/kobon-triangles/added/g38/n39_468_38-1b258mh9ikyma-grow.json,,5548c858,Filename/path inference; editable in the app
346420,kobon-triangles/added/g38/n39_468_38-1b8afbqrzl6bo-grow.json,Kobon triangles,852,Pinned collected revision; final designation governed by team receipt | f462d8e18aea2a458376c523c9b6c2980237071f,https://codeload.github.com/Rohith18p/rsi-kobon-triangles/zip/f462d8e18aea2a458376c523c9b6c2980237071f,,contestants/E57/13-archives/E57-Rohith18p-rsi-kobon-triangles-f462d8e18aea2a458376c523c9b6c2980237071f.zip,rsi-kobon-triangles-f462d8e18aea2a458376c523c9b6c2980237071f/kobon-triangles/added/g38/n39_468_38-1b8afbqrzl6bo-grow.json,,8a711764,Filename/path inference; editable in the app
346421,kobon-triangles/added/g38/n39_468_38-1csnmf6bqhbce-grow.json,Kobon triangles,948,Pinned collected revision; final designation governed by team receipt | f462d8e18aea2a458376c523c9b6c2980237071f,https://codeload.github.com/Rohith18p/rsi-kobon-triangles/zip/f462d8e18aea2a458376c523c9b6c2980237071f,,contestants/E57/13-archives/E57-Rohith18p-rsi-kobon-triangles-f462d8e18aea2a458376c523c9b6c2980237071f.zip,rsi-kobon-triangles-f462d8e18aea2a458376c523c9b6c2980237071f/kobon-triangles/added/g38/n39_468_38-1csnmf6bqhbce-grow.json,,8fa0748c,Filename/path inference; editable in the app
346422,kobon-triangles/added/g38/n39_468_38-1eulkh826mdgi-grow.json,Kobon triangles,959,Pinned collected revision; final designation governed by team receipt | f462d8e18aea2a458376c523c9b6c2980237071f,https://codeload.github.com/Rohith18p/rsi-kobon-triangles/zip/f462d8e18aea2a458376c523c9b6c2980237071f,,contestants/E57/13-archives/E57-Rohith18p-rsi-kobon-triangles-f462d8e18aea2a458376c523c9b6c2980237071f.zip,rsi-kobon-triangles-f462d8e18aea2a458376c523c9b6c2980237071f/kobon-triangles/added/g38/n39_468_38-1eulkh826mdgi-grow.json,,5a2947d7,Filename/path inference; editable in the app
346423,kobon-triangles/added/g38/n39_468_38-1hlxlerrt14lo-grow.json,Kobon triangles,935,Pinned collected revision; final designation governed by team receipt | f462d8e18aea2a458376c523c9b6c2980237071f,https://codeload.github.com/Rohith18p/rsi-kobon-triangles/zip/f462d8e18aea2a458376c523c9b6c2980237071f,,contestants/E57/13-archives/E57-Rohith18p-rsi-kobon-triangles-f462d8e18aea2a458376c523c9b6c2980237071f.zip,rsi-kobon-triangles-f462d8e18aea2a458376c523c9b6c2980237071f/kobon-triangles/added/g38/n39_468_38-1hlxlerrt14lo-grow.json,,794d1cab,Filename/path inference; editable in the app
346424,kobon-triangles/added/g38/n39_468_38-1hmf83hfqgb46-grow.json,Kobon triangles,1079,Pinned collected revision; final designation governed by team receipt | f462d8e18aea2a458376c523c9b6c2980237071f,https://codeload.github.com/Rohith18p/rsi-kobon-triangles/zip/f462d8e18aea2a458376c523c9b6c2980237071f,,contestants/E57/13-archives/E57-Rohith18p-rsi-kobon-triangles-f462d8e18aea2a458376c523c9b6c2980237071f.zip,rsi-kobon-triangles-f462d8e18aea2a458376c523c9b6c2980237071f/kobon-triangles/added/g38/n39_468_38-1hmf83hfqgb46-grow.json,,b81fd41e,Filename/path inference; editable in the app
346425,kobon-triangles/added/g38/n39_468_38-1hy9zhd9gkdyq-grow.json,Kobon triangles,990,Pinned collected revision; final designation governed by team receipt | f462d8e18aea2a458376c523c9b6c2980237071f,https://codeload.github.com/Rohith18p/rsi-kobon-triangles/zip/f462d8e18aea2a458376c523c9b6c2980237071f,,contestants/E57/13-archives/E57-Rohith18p-rsi-kobon-triangles-f462d8e18aea2a458376c523c9b6c2980237071f.zip,rsi-kobon-triangles-f462d8e18aea2a458376c523c9b6c2980237071f/kobon-triangles/added/g38/n39_468_38-1hy9zhd9gkdyq-grow.json,,b1ccce67,Filename/path inference; editable in the app
346426,kobon-triangles/added/g38/n39_468_38-1ifz9ppo7qg3s-grow.json,Kobon triangles,881,Pinned collected revision; final designation governed by team receipt | f462d8e18aea2a458376c523c9b6c2980237071f,https://codeload.github.com/Rohith18p/rsi-kobon-triangles/zip/f462d8e18aea2a458376c523c9b6c2980237071f,,contestants/E57/13-archives/E57-Rohith18p-rsi-kobon-triangles-f462d8e18aea2a458376c523c9b6c2980237071f.zip,rsi-kobon-triangles-f462d8e18aea2a458376c523c9b6c2980237071f/kobon-triangles/added/g38/n39_468_38-1ifz9ppo7qg3s-grow.json,,2a37d1a8,Filename/path inference; editable in the app
346427,kobon-triangles/added/g38/n39_468_38-1jhf3tb84hyak-grow.json,Kobon triangles,968,Pinned collected revision; final designation governed by team receipt | f462d8e18aea2a458376c523c9b6c2980237071f,https://codeload.github.com/Rohith18p/rsi-kobon-triangles/zip/f462d8e18aea2a458376c523c9b6c2980237071f,,contestants/E57/13-archives/E57-Rohith18p-rsi-kobon-triangles-f462d8e18aea2a458376c523c9b6c2980237071f.zip,rsi-kobon-triangles-f462d8e18aea2a458376c523c9b6c2980237071f/kobon-triangles/added/g38/n39_468_38-1jhf3tb84hyak-grow.json,,fa98a21c,Filename/path inference; editable in the app
346428,kobon-triangles/added/g38/n39_468_38-1k91ruy5n07j8-grow.json,Kobon triangles,957,Pinned collected revision; final designation governed by team receipt | f462d8e18aea2a458376c523c9b6c2980237071f,https://codeload.github.com/Rohith18p/rsi-kobon-triangles/zip/f462d8e18aea2a458376c523c9b6c2980237071f,,contestants/E57/13-archives/E57-Rohith18p-rsi-kobon-triangles-f462d8e18aea2a458376c523c9b6c2980237071f.zip,rsi-kobon-triangles-f462d8e18aea2a458376c523c9b6c2980237071f/kobon-triangles/added/g38/n39_468_38-1k91ruy5n07j8-grow.json,,201268e8,Filename/path inference; editable in the app
346429,kobon-triangles/added/g38/n39_468_38-1lmf4tg8vimhi-grow.json,Kobon triangles,987,Pinned collected revision; final designation governed by team receipt | f462d8e18aea2a458376c523c9b6c2980237071f,https://codeload.github.com/Rohith18p/rsi-kobon-triangles/zip/f462d8e18aea2a458376c523c9b6c2980237071f,,contestants/E57/13-archives/E57-Rohith18p-rsi-kobon-triangles-f462d8e18aea2a458376c523c9b6c2980237071f.zip,rsi-kobon-triangles-f462d8e18aea2a458376c523c9b6c2980237071f/kobon-triangles/added/g38/n39_468_38-1lmf4tg8vimhi-grow.json,,7bf3e4c1,Filename/path inference; editable in the app
346430,kobon-triangles/added/g38/n39_468_38-1n664x43brpso-grow.json,Kobon triangles,1013,Pinned collected revision; final designation governed by team receipt | f462d8e18aea2a458376c523c9b6c2980237071f,https://codeload.github.com/Rohith18p/rsi-kobon-triangles/zip/f462d8e18aea2a458376c523c9b6c2980237071f,,contestants/E57/13-archives/E57-Rohith18p-rsi-kobon-triangles-f462d8e18aea2a458376c523c9b6c2980237071f.zip,rsi-kobon-triangles-f462d8e18aea2a458376c523c9b6c2980237071f/kobon-triangles/added/g38/n39_468_38-1n664x43brpso-grow.json,,61ea1a1e,Filename/path inference; editable in the app
346431,kobon-triangles/added/g38/n39_468_38-1p7vhjtkomruq-grow.json,Kobon triangles,967,Pinned collected revision; final designation governed by team receipt | f462d8e18aea2a458376c523c9b6c2980237071f,https://codeload.github.com/Rohith18p/rsi-kobon-triangles/zip/f462d8e18aea2a458376c523c9b6c2980237071f,,contestants/E57/13-archives/E57-Rohith18p-rsi-kobon-triangles-f462d8e18aea2a458376c523c9b6c2980237071f.zip,rsi-kobon-triangles-f462d8e18aea2a458376c523c9b6c2980237071f/kobon-triangles/added/g38/n39_468_38-1p7vhjtkomruq-grow.json,,941059a2,Filename/path inference; editable in the app
346432,kobon-triangles/added/g38/n39_468_38-1purs6etvhc7y-grow.json,Kobon triangles,827,Pinned collected revision; final designation governed by team receipt | f462d8e18aea2a458376c523c9b6c2980237071f,https://codeload.github.com/Rohith18p/rsi-kobon-triangles/zip/f462d8e18aea2a458376c523c9b6c2980237071f,,contestants/E57/13-archives/E57-Rohith18p-rsi-kobon-triangles-f462d8e18aea2a458376c523c9b6c2980237071f.zip,rsi-kobon-triangles-f462d8e18aea2a458376c523c9b6c2980237071f/kobon-triangles/added/g38/n39_468_38-1purs6etvhc7y-grow.json,,ffc03e17,Filename/path inference; editable in the app
346433,kobon-triangles/added/g38/n39_468_38-1qf5dlauon7q-grow.json,Kobon triangles,797,Pinned collected revision; final designation governed by team receipt | f462d8e18aea2a458376c523c9b6c2980237071f,https://codeload.github.com/Rohith18p/rsi-kobon-triangles/zip/f462d8e18aea2a458376c523c9b6c2980237071f,,contestants/E57/13-archives/E57-Rohith18p-rsi-kobon-triangles-f462d8e18aea2a458376c523c9b6c2980237071f.zip,rsi-kobon-triangles-f462d8e18aea2a458376c523c9b6c2980237071f/kobon-triangles/added/g38/n39_468_38-1qf5dlauon7q-grow.json,,e86960b1,Filename/path inference; editable in the app
346434,kobon-triangles/added/g38/n39_468_38-1qtxd5vy7jioc-grow.json,Kobon triangles,1009,Pinned collected revision; final designation governed by team receipt | f462d8e18aea2a458376c523c9b6c2980237071f,https://codeload.github.com/Rohith18p/rsi-kobon-triangles/zip/f462d8e18aea2a458376c523c9b6c2980237071f,,contestants/E57/13-archives/E57-Rohith18p-rsi-kobon-triangles-f462d8e18aea2a458376c523c9b6c2980237071f.zip,rsi-kobon-triangles-f462d8e18aea2a458376c523c9b6c2980237071f/kobon-triangles/added/g38/n39_468_38-1qtxd5vy7jioc-grow.json,,e29f3f46,Filename/path inference; editable in the app
346435,kobon-triangles/added/g38/n39_468_38-1ra7gvdzhitfa-grow.json,Kobon triangles,950,Pinned collected revision; final designation governed by team receipt | f462d8e18aea2a458376c523c9b6c2980237071f,https://codeload.github.com/Rohith18p/rsi-kobon-triangles/zip/f462d8e18aea2a458376c523c9b6c2980237071f,,contestants/E57/13-archives/E57-Rohith18p-rsi-kobon-triangles-f462d8e18aea2a458376c523c9b6c2980237071f.zip,rsi-kobon-triangles-f462d8e18aea2a458376c523c9b6c2980237071f/kobon-triangles/added/g38/n39_468_38-1ra7gvdzhitfa-grow.json,,8b248ad8,Filename/path inference; editable in the app
346436,kobon-triangles/added/g38/n39_468_38-1tbc0p8hy8p4i-grow.json,Kobon triangles,966,Pinned collected revision; final designation governed by team receipt | f462d8e18aea2a458376c523c9b6c2980237071f,https://codeload.github.com/Rohith18p/rsi-kobon-triangles/zip/f462d8e18aea2a458376c523c9b6c2980237071f,,contestants/E57/13-archives/E57-Rohith18p-rsi-kobon-triangles-f462d8e18aea2a458376c523c9b6c2980237071f.zip,rsi-kobon-triangles-f462d8e18aea2a458376c523c9b6c2980237071f/kobon-triangles/added/g38/n39_468_38-1tbc0p8hy8p4i-grow.json,,858ff95d,Filename/path inference; editable in the app
346437,kobon-triangles/added/g38/n39_468_38-1tgc2ef2lhi0o-grow.json,Kobon triangles,1007,Pinned collected revision; final designation governed by team receipt | f462d8e18aea2a458376c523c9b6c2980237071f,https://codeload.github.com/Rohith18p/rsi-kobon-triangles/zip/f462d8e18aea2a458376c523c9b6c2980237071f,,contestants/E57/13-archives/E57-Rohith18p-rsi-kobon-triangles-f462d8e18aea2a458376c523c9b6c2980237071f.zip,rsi-kobon-triangles-f462d8e18aea2a458376c523c9b6c2980237071f/kobon-triangles/added/g38/n39_468_38-1tgc2ef2lhi0o-grow.json,,5c26c26e,Filename/path inference; editable in the app
346438,kobon-triangles/added/g38/n39_468_38-1upw6ke55e59i-grow.json,Kobon triangles,1046,Pinned collected revision; final designation governed by team receipt | f462d8e18aea2a458376c523c9b6c2980237071f,https://codeload.github.com/Rohith18p/rsi-kobon-triangles/zip/f462d8e18aea2a458376c523c9b6c2980237071f,,contestants/E57/13-archives/E57-Rohith18p-rsi-kobon-triangles-f462d8e18aea2a458376c523c9b6c2980237071f.zip,rsi-kobon-triangles-f462d8e18aea2a458376c523c9b6c2980237071f/kobon-triangles/added/g38/n39_468_38-1upw6ke55e59i-grow.json,,6892ffe4,Filename/path inference; editable in the app
346439,kobon-triangles/added/g38/n39_468_38-1wb1zlzm5z4zy-grow.json,Kobon triangles,945,Pinned collected revision; final designation governed by team receipt | f462d8e18aea2a458376c523c9b6c2980237071f,https://codeload.github.com/Rohith18p/rsi-kobon-triangles/zip/f462d8e18aea2a458376c523c9b6c2980237071f,,contestants/E57/13-archives/E57-Rohith18p-rsi-kobon-triangles-f462d8e18aea2a458376c523c9b6c2980237071f.zip,rsi-kobon-triangles-f462d8e18aea2a458376c523c9b6c2980237071f/kobon-triangles/added/g38/n39_468_38-1wb1zlzm5z4zy-grow.json,,c83b080e,Filename/path inference; editable in the app
346440,kobon-triangles/added/g38/n39_468_38-1x0cclfgbl8ii-grow.json,Kobon triangles,950,Pinned collected revision; final designation governed by team receipt | f462d8e18aea2a458376c523c9b6c2980237071f,https://codeload.github.com/Rohith18p/rsi-kobon-triangles/zip/f462d8e18aea2a458376c523c9b6c2980237071f,,contestants/E57/13-archives/E57-Rohith18p-rsi-kobon-triangles-f462d8e18aea2a458376c523c9b6c2980237071f.zip,rsi-kobon-triangles-f462d8e18aea2a458376c523c9b6c2980237071f/kobon-triangles/added/g38/n39_468_38-1x0cclfgbl8ii-grow.json,,5c23834f,Filename/path inference; editable in the app
346441,kobon-triangles/added/g38/n39_468_38-1x2z2hwaskhy8-grow.json,Kobon triangles,1110,Pinned collected revision; final designation governed by team receipt | f462d8e18aea2a458376c523c9b6c2980237071f,https://codeload.github.com/Rohith18p/rsi-kobon-triangles/zip/f462d8e18aea2a458376c523c9b6c2980237071f,,contestants/E57/13-archives/E57-Rohith18p-rsi-kobon-triangles-f462d8e18aea2a458376c523c9b6c2980237071f.zip,rsi-kobon-triangles-f462d8e18aea2a458376c523c9b6c2980237071f/kobon-triangles/added/g38/n39_468_38-1x2z2hwaskhy8-grow.json,,8fa847cf,Filename/path inference; editable in the app
346442,kobon-triangles/added/g38/n39_468_38-1xp8jjmsiceee-grow.json,Kobon triangles,1032,Pinned collected revision; final designation governed by team receipt | f462d8e18aea2a458376c523c9b6c2980237071f,https://codeload.github.com/Rohith18p/rsi-kobon-triangles/zip/f462d8e18aea2a458376c523c9b6c2980237071f,,contestants/E57/13-archives/E57-Rohith18p-rsi-kobon-triangles-f462d8e18aea2a458376c523c9b6c2980237071f.zip,rsi-kobon-triangles-f462d8e18aea2a458376c523c9b6c2980237071f/kobon-triangles/added/g38/n39_468_38-1xp8jjmsiceee-grow.json,,fe7c991c,Filename/path inference; editable in the app
346443,kobon-triangles/added/g38/n39_468_38-1xsev38wtlwl0-grow.json,Kobon triangles,963,Pinned collected revision; final designation governed by team receipt | f462d8e18aea2a458376c523c9b6c2980237071f,https://codeload.github.com/Rohith18p/rsi-kobon-triangles/zip/f462d8e18aea2a458376c523c9b6c2980237071f,,contestants/E57/13-archives/E57-Rohith18p-rsi-kobon-triangles-f462d8e18aea2a458376c523c9b6c2980237071f.zip,rsi-kobon-triangles-f462d8e18aea2a458376c523c9b6c2980237071f/kobon-triangles/added/g38/n39_468_38-1xsev38wtlwl0-grow.json,,7c904253,Filename/path inference; editable in the app
346444,kobon-triangles/added/g38/n39_468_38-1ynbxglgd56k0-grow.json,Kobon triangles,1013,Pinned collected revision; final designation governed by team receipt | f462d8e18aea2a458376c523c9b6c2980237071f,https://codeload.github.com/Rohith18p/rsi-kobon-triangles/zip/f462d8e18aea2a458376c523c9b6c2980237071f,,contestants/E57/13-archives/E57-Rohith18p-rsi-kobon-triangles-f462d8e18aea2a458376c523c9b6c2980237071f.zip,rsi-kobon-triangles-f462d8e18aea2a458376c523c9b6c2980237071f/kobon-triangles/added/g38/n39_468_38-1ynbxglgd56k0-grow.json,,34132765,Filename/path inference; editable in the app
346445,kobon-triangles/added/g38/n39_468_38-1zod4pdiox6wm-grow.json,Kobon triangles,894,Pinned collected revision; final designation governed by team receipt | f462d8e18aea2a458376c523c9b6c2980237071f,https://codeload.github.com/Rohith18p/rsi-kobon-triangles/zip/f462d8e18aea2a458376c523c9b6c2980237071f,,contestants/E57/13-archives/E57-Rohith18p-rsi-kobon-triangles-f462d8e18aea2a458376c523c9b6c2980237071f.zip,rsi-kobon-triangles-f462d8e18aea2a458376c523c9b6c2980237071f/kobon-triangles/added/g38/n39_468_38-1zod4pdiox6wm-grow.json,,42eadab2,Filename/path inference; editable in the app
346446,kobon-triangles/added/g38/n39_468_38-21oheq544k2dw-grow.json,Kobon triangles,994,Pinned collected revision; final designation governed by team receipt | f462d8e18aea2a458376c523c9b6c2980237071f,https://codeload.github.com/Rohith18p/rsi-kobon-triangles/zip/f462d8e18aea2a458376c523c9b6c2980237071f,,contestants/E57/13-archives/E57-Rohith18p-rsi-kobon-triangles-f462d8e18aea2a458376c523c9b6c2980237071f.zip,rsi-kobon-triangles-f462d8e18aea2a458376c523c9b6c2980237071f/kobon-triangles/added/g38/n39_468_38-21oheq544k2dw-grow.json,,dd16e9bf,Filename/path inference; editable in the app
346447,kobon-triangles/added/g38/n39_468_38-21s6tpj47rzq8-grow.json,Kobon triangles,991,Pinned collected revision; final designation governed by team receipt | f462d8e18aea2a458376c523c9b6c2980237071f,https://codeload.github.com/Rohith18p/rsi-kobon-triangles/zip/f462d8e18aea2a458376c523c9b6c2980237071f,,contestants/E57/13-archives/E57-Rohith18p-rsi-kobon-triangles-f462d8e18aea2a458376c523c9b6c2980237071f.zip,rsi-kobon-triangles-f462d8e18aea2a458376c523c9b6c2980237071f/kobon-triangles/added/g38/n39_468_38-21s6tpj47rzq8-grow.json,,54c6910f,Filename/path inference; editable in the app
346448,kobon-triangles/added/g38/n39_468_38-21vr5qvv9k8ic-grow.json,Kobon triangles,886,Pinned collected revision; final designation governed by team receipt | f462d8e18aea2a458376c523c9b6c2980237071f,https://codeload.github.com/Rohith18p/rsi-kobon-triangles/zip/f462d8e18aea2a458376c523c9b6c2980237071f,,contestants/E57/13-archives/E57-Rohith18p-rsi-kobon-triangles-f462d8e18aea2a458376c523c9b6c2980237071f.zip,rsi-kobon-triangles-f462d8e18aea2a458376c523c9b6c2980237071f/kobon-triangles/added/g38/n39_468_38-21vr5qvv9k8ic-grow.json,,8c6115fe,Filename/path inference; editable in the app
346449,kobon-triangles/added/g38/n39_468_38-226kblw2oyo8a-grow.json,Kobon triangles,1060,Pinned collected revision; final designation governed by team receipt | f462d8e18aea2a458376c523c9b6c2980237071f,https://codeload.github.com/Rohith18p/rsi-kobon-triangles/zip/f462d8e18aea2a458376c523c9b6c2980237071f,,contestants/E57/13-archives/E57-Rohith18p-rsi-kobon-triangles-f462d8e18aea2a458376c523c9b6c2980237071f.zip,rsi-kobon-triangles-f462d8e18aea2a458376c523c9b6c2980237071f/kobon-triangles/added/g38/n39_468_38-226kblw2oyo8a-grow.json,,e0cc4495,Filename/path inference; editable in the app
346450,kobon-triangles/added/g38/n39_468_38-23ibx4joptcrw-grow.json,Kobon triangles,1006,Pinned collected revision; final designation governed by team receipt | f462d8e18aea2a458376c523c9b6c2980237071f,https://codeload.github.com/Rohith18p/rsi-kobon-triangles/zip/f462d8e18aea2a458376c523c9b6c2980237071f,,contestants/E57/13-archives/E57-Rohith18p-rsi-kobon-triangles-f462d8e18aea2a458376c523c9b6c2980237071f.zip,rsi-kobon-triangles-f462d8e18aea2a458376c523c9b6c2980237071f/kobon-triangles/added/g38/n39_468_38-23ibx4joptcrw-grow.json,,0ad95e67,Filename/path inference; editable in the app
346451,kobon-triangles/added/g38/n39_468_38-23rih51hkfp2o-grow.json,Kobon triangles,957,Pinned collected revision; final designation governed by team receipt | f462d8e18aea2a458376c523c9b6c2980237071f,https://codeload.github.com/Rohith18p/rsi-kobon-triangles/zip/f462d8e18aea2a458376c523c9b6c2980237071f,,contestants/E57/13-archives/E57-Rohith18p-rsi-kobon-triangles-f462d8e18aea2a458376c523c9b6c2980237071f.zip,rsi-kobon-triangles-f462d8e18aea2a458376c523c9b6c2980237071f/kobon-triangles/added/g38/n39_468_38-23rih51hkfp2o-grow.json,,5ad09eac,Filename/path inference; editable in the app
346452,kobon-triangles/added/g38/n39_468_38-23vsx1vnwa24o-grow.json,Kobon triangles,886,Pinned collected revision; final designation governed by team receipt | f462d8e18aea2a458376c523c9b6c2980237071f,https://codeload.github.com/Rohith18p/rsi-kobon-triangles/zip/f462d8e18aea2a458376c523c9b6c2980237071f,,contestants/E57/13-archives/E57-Rohith18p-rsi-kobon-triangles-f462d8e18aea2a458376c523c9b6c2980237071f.zip,rsi-kobon-triangles-f462d8e18aea2a458376c523c9b6c2980237071f/kobon-triangles/added/g38/n39_468_38-23vsx1vnwa24o-grow.json,,fc54978f,Filename/path inference; editable in the app
346453,kobon-triangles/added/g38/n39_468_38-25idjwy9efkeu-grow.json,Kobon triangles,942,Pinned collected revision; final designation governed by team receipt | f462d8e18aea2a458376c523c9b6c2980237071f,https://codeload.github.com/Rohith18p/rsi-kobon-triangles/zip/f462d8e18aea2a458376c523c9b6c2980237071f,,contestants/E57/13-archives/E57-Rohith18p-rsi-kobon-triangles-f462d8e18aea2a458376c523c9b6c2980237071f.zip,rsi-kobon-triangles-f462d8e18aea2a458376c523c9b6c2980237071f/kobon-triangles/added/g38/n39_468_38-25idjwy9efkeu-grow.json,,0e879f9a,Filename/path inference; editable in the app
346454,kobon-triangles/added/g38/n39_468_38-25trvauq49uni-grow.json,Kobon triangles,916,Pinned collected revision; final designation governed by team receipt | f462d8e18aea2a458376c523c9b6c2980237071f,https://codeload.github.com/Rohith18p/rsi-kobon-triangles/zip/f462d8e18aea2a458376c523c9b6c2980237071f,,contestants/E57/13-archives/E57-Rohith18p-rsi-kobon-triangles-f462d8e18aea2a458376c523c9b6c2980237071f.zip,rsi-kobon-triangles-f462d8e18aea2a458376c523c9b6c2980237071f/kobon-triangles/added/g38/n39_468_38-25trvauq49uni-grow.json,,20779774,Filename/path inference; editable in the app
346455,kobon-triangles/added/g38/n39_468_38-26o8rtoloj7a8-grow.json,Kobon triangles,940,Pinned collected revision; final designation governed by team receipt | f462d8e18aea2a458376c523c9b6c2980237071f,https://codeload.github.com/Rohith18p/rsi-kobon-triangles/zip/f462d8e18aea2a458376c523c9b6c2980237071f,,contestants/E57/13-archives/E57-Rohith18p-rsi-kobon-triangles-f462d8e18aea2a458376c523c9b6c2980237071f.zip,rsi-kobon-triangles-f462d8e18aea2a458376c523c9b6c2980237071f/kobon-triangles/added/g38/n39_468_38-26o8rtoloj7a8-grow.json,,50d4fb1d,Filename/path inference; editable in the app
346456,kobon-triangles/added/g38/n39_468_38-27qm4hmqx9l26-grow.json,Kobon triangles,974,Pinned collected revision; final designation governed by team receipt | f462d8e18aea2a458376c523c9b6c2980237071f,https://codeload.github.com/Rohith18p/rsi-kobon-triangles/zip/f462d8e18aea2a458376c523c9b6c2980237071f,,contestants/E57/13-archives/E57-Rohith18p-rsi-kobon-triangles-f462d8e18aea2a458376c523c9b6c2980237071f.zip,rsi-kobon-triangles-f462d8e18aea2a458376c523c9b6c2980237071f/kobon-triangles/added/g38/n39_468_38-27qm4hmqx9l26-grow.json,,47472182,Filename/path inference; editable in the app
346457,kobon-triangles/added/g38/n39_468_38-27tonqd9yc6lc-grow.json,Kobon triangles,1138,Pinned collected revision; final designation governed by team receipt | f462d8e18aea2a458376c523c9b6c2980237071f,https://codeload.github.com/Rohith18p/rsi-kobon-triangles/zip/f462d8e18aea2a458376c523c9b6c2980237071f,,contestants/E57/13-archives/E57-Rohith18p-rsi-kobon-triangles-f462d8e18aea2a458376c523c9b6c2980237071f.zip,rsi-kobon-triangles-f462d8e18aea2a458376c523c9b6c2980237071f/kobon-triangles/added/g38/n39_468_38-27tonqd9yc6lc-grow.json,,0f59b62c,Filename/path inference; editable in the app
346458,kobon-triangles/added/g38/n39_468_38-28i5oy67dovpq-grow.json,Kobon triangles,1056,Pinned collected revision; final designation governed by team receipt | f462d8e18aea2a458376c523c9b6c2980237071f,https://codeload.github.com/Rohith18p/rsi-kobon-triangles/zip/f462d8e18aea2a458376c523c9b6c2980237071f,,contestants/E57/13-archives/E57-Rohith18p-rsi-kobon-triangles-f462d8e18aea2a458376c523c9b6c2980237071f.zip,rsi-kobon-triangles-f462d8e18aea2a458376c523c9b6c2980237071f/kobon-triangles/added/g38/n39_468_38-28i5oy67dovpq-grow.json,,21c3afe3,Filename/path inference; editable in the app
346459,kobon-triangles/added/g38/n39_468_38-28ztot5dtfu1k-grow.json,Kobon triangles,836,Pinned collected revision; final designation governed by team receipt | f462d8e18aea2a458376c523c9b6c2980237071f,https://codeload.github.com/Rohith18p/rsi-kobon-triangles/zip/f462d8e18aea2a458376c523c9b6c2980237071f,,contestants/E57/13-archives/E57-Rohith18p-rsi-kobon-triangles-f462d8e18aea2a458376c523c9b6c2980237071f.zip,rsi-kobon-triangles-f462d8e18aea2a458376c523c9b6c2980237071f/kobon-triangles/added/g38/n39_468_38-28ztot5dtfu1k-grow.json,,1dc8fae9,Filename/path inference; editable in the app
346460,kobon-triangles/added/g38/n39_468_38-29huzhvaqfkuk-grow.json,Kobon triangles,1027,Pinned collected revision; final designation governed by team receipt | f462d8e18aea2a458376c523c9b6c2980237071f,https://codeload.github.com/Rohith18p/rsi-kobon-triangles/zip/f462d8e18aea2a458376c523c9b6c2980237071f,,contestants/E57/13-archives/E57-Rohith18p-rsi-kobon-triangles-f462d8e18aea2a458376c523c9b6c2980237071f.zip,rsi-kobon-triangles-f462d8e18aea2a458376c523c9b6c2980237071f/kobon-triangles/added/g38/n39_468_38-29huzhvaqfkuk-grow.json,,d08ba403,Filename/path inference; editable in the app
346461,kobon-triangles/added/g38/n39_468_38-29mln03ydxc9c-grow.json,Kobon triangles,843,Pinned collected revision; final designation governed by team receipt | f462d8e18aea2a458376c523c9b6c2980237071f,https://codeload.github.com/Rohith18p/rsi-kobon-triangles/zip/f462d8e18aea2a458376c523c9b6c2980237071f,,contestants/E57/13-archives/E57-Rohith18p-rsi-kobon-triangles-f462d8e18aea2a458376c523c9b6c2980237071f.zip,rsi-kobon-triangles-f462d8e18aea2a458376c523c9b6c2980237071f/kobon-triangles/added/g38/n39_468_38-29mln03ydxc9c-grow.json,,a0f8e96c,Filename/path inference; editable in the app
346462,kobon-triangles/added/g38/n39_468_38-2a4x7u8om16e6-grow.json,Kobon triangles,1181,Pinned collected revision; final designation governed by team receipt | f462d8e18aea2a458376c523c9b6c2980237071f,https://codeload.github.com/Rohith18p/rsi-kobon-triangles/zip/f462d8e18aea2a458376c523c9b6c2980237071f,,contestants/E57/13-archives/E57-Rohith18p-rsi-kobon-triangles-f462d8e18aea2a458376c523c9b6c2980237071f.zip,rsi-kobon-triangles-f462d8e18aea2a458376c523c9b6c2980237071f/kobon-triangles/added/g38/n39_468_38-2a4x7u8om16e6-grow.json,,b3703e35,Filename/path inference; editable in the app
346463,kobon-triangles/added/g38/n39_468_38-2e00b0re4z0y0-grow.json,Kobon triangles,997,Pinned collected revision; final designation governed by team receipt | f462d8e18aea2a458376c523c9b6c2980237071f,https://codeload.github.com/Rohith18p/rsi-kobon-triangles/zip/f462d8e18aea2a458376c523c9b6c2980237071f,,contestants/E57/13-archives/E57-Rohith18p-rsi-kobon-triangles-f462d8e18aea2a458376c523c9b6c2980237071f.zip,rsi-kobon-triangles-f462d8e18aea2a458376c523c9b6c2980237071f/kobon-triangles/added/g38/n39_468_38-2e00b0re4z0y0-grow.json,,1d7f292e,Filename/path inference; editable in the app
346464,kobon-triangles/added/g38/n39_468_38-2evnp7drnmtxe-grow.json,Kobon triangles,962,Pinned collected revision; final designation governed by team receipt | f462d8e18aea2a458376c523c9b6c2980237071f,https://codeload.github.com/Rohith18p/rsi-kobon-triangles/zip/f462d8e18aea2a458376c523c9b6c2980237071f,,contestants/E57/13-archives/E57-Rohith18p-rsi-kobon-triangles-f462d8e18aea2a458376c523c9b6c2980237071f.zip,rsi-kobon-triangles-f462d8e18aea2a458376c523c9b6c2980237071f/kobon-triangles/added/g38/n39_468_38-2evnp7drnmtxe-grow.json,,89e44937,Filename/path inference; editable in the app
346465,kobon-triangles/added/g38/n39_468_38-2g853qkaek16k-grow.json,Kobon triangles,1120,Pinned collected revision; final designation governed by team receipt | f462d8e18aea2a458376c523c9b6c2980237071f,https://codeload.github.com/Rohith18p/rsi-kobon-triangles/zip/f462d8e18aea2a458376c523c9b6c2980237071f,,contestants/E57/13-archives/E57-Rohith18p-rsi-kobon-triangles-f462d8e18aea2a458376c523c9b6c2980237071f.zip,rsi-kobon-triangles-f462d8e18aea2a458376c523c9b6c2980237071f/kobon-triangles/added/g38/n39_468_38-2g853qkaek16k-grow.json,,3ba9dbab,Filename/path inference; editable in the app
346466,kobon-triangles/added/g38/n39_468_38-2h23r39hv0nfk-grow.json,Kobon triangles,959,Pinned collected revision; final designation governed by team receipt | f462d8e18aea2a458376c523c9b6c2980237071f,https://codeload.github.com/Rohith18p/rsi-kobon-triangles/zip/f462d8e18aea2a458376c523c9b6c2980237071f,,contestants/E57/13-archives/E57-Rohith18p-rsi-kobon-triangles-f462d8e18aea2a458376c523c9b6c2980237071f.zip,rsi-kobon-triangles-f462d8e18aea2a458376c523c9b6c2980237071f/kobon-triangles/added/g38/n39_468_38-2h23r39hv0nfk-grow.json,,147f7380,Filename/path inference; editable in the app
346467,kobon-triangles/added/g38/n39_468_38-2hoaqybb0qljm-grow.json,Kobon triangles,1007,Pinned collected revision; final designation governed by team receipt | f462d8e18aea2a458376c523c9b6c2980237071f,https://codeload.github.com/Rohith18p/rsi-kobon-triangles/zip/f462d8e18aea2a458376c523c9b6c2980237071f,,contestants/E57/13-archives/E57-Rohith18p-rsi-kobon-triangles-f462d8e18aea2a458376c523c9b6c2980237071f.zip,rsi-kobon-triangles-f462d8e18aea2a458376c523c9b6c2980237071f/kobon-triangles/added/g38/n39_468_38-2hoaqybb0qljm-grow.json,,8d44fddc,Filename/path inference; editable in the app
346468,kobon-triangles/added/g38/n39_468_38-2ib4gtb6k4tzo-grow.json,Kobon triangles,1142,Pinned collected revision; final designation governed by team receipt | f462d8e18aea2a458376c523c9b6c2980237071f,https://codeload.github.com/Rohith18p/rsi-kobon-triangles/zip/f462d8e18aea2a458376c523c9b6c2980237071f,,contestants/E57/13-archives/E57-Rohith18p-rsi-kobon-triangles-f462d8e18aea2a458376c523c9b6c2980237071f.zip,rsi-kobon-triangles-f462d8e18aea2a458376c523c9b6c2980237071f/kobon-triangles/added/g38/n39_468_38-2ib4gtb6k4tzo-grow.json,,09862ca0,Filename/path inference; editable in the app
346469,kobon-triangles/added/g38/n39_468_38-2jbs8zbr4n2ts-grow.json,Kobon triangles,1012,Pinned collected revision; final designation governed by team receipt | f462d8e18aea2a458376c523c9b6c2980237071f,https://codeload.github.com/Rohith18p/rsi-kobon-triangles/zip/f462d8e18aea2a458376c523c9b6c2980237071f,,contestants/E57/13-archives/E57-Rohith18p-rsi-kobon-triangles-f462d8e18aea2a458376c523c9b6c2980237071f.zip,rsi-kobon-triangles-f462d8e18aea2a458376c523c9b6c2980237071f/kobon-triangles/added/g38/n39_468_38-2jbs8zbr4n2ts-grow.json,,3ec2870b,Filename/path inference; editable in the app
346470,kobon-triangles/added/g38/n39_468_38-2jep6jte6czkc-grow.json,Kobon triangles,999,Pinned collected revision; final designation governed by team receipt | f462d8e18aea2a458376c523c9b6c2980237071f,https://codeload.github.com/Rohith18p/rsi-kobon-triangles/zip/f462d8e18aea2a458376c523c9b6c2980237071f,,contestants/E57/13-archives/E57-Rohith18p-rsi-kobon-triangles-f462d8e18aea2a458376c523c9b6c2980237071f.zip,rsi-kobon-triangles-f462d8e18aea2a458376c523c9b6c2980237071f/kobon-triangles/added/g38/n39_468_38-2jep6jte6czkc-grow.json,,240471c1,Filename/path inference; editable in the app
346471,kobon-triangles/added/g38/n39_468_38-2jmav1ifsjlo8-grow.json,Kobon triangles,1027,Pinned collected revision; final designation governed by team receipt | f462d8e18aea2a458376c523c9b6c2980237071f,https://codeload.github.com/Rohith18p/rsi-kobon-triangles/zip/f462d8e18aea2a458376c523c9b6c2980237071f,,contestants/E57/13-archives/E57-Rohith18p-rsi-kobon-triangles-f462d8e18aea2a458376c523c9b6c2980237071f.zip,rsi-kobon-triangles-f462d8e18aea2a458376c523c9b6c2980237071f/kobon-triangles/added/g38/n39_468_38-2jmav1ifsjlo8-grow.json,,e08cc365,Filename/path inference; editable in the app
346472,kobon-triangles/added/g38/n39_468_38-2ldkupolivaqe-grow.json,Kobon triangles,800,Pinned collected revision; final designation governed by team receipt | f462d8e18aea2a458376c523c9b6c2980237071f,https://codeload.github.com/Rohith18p/rsi-kobon-triangles/zip/f462d8e18aea2a458376c523c9b6c2980237071f,,contestants/E57/13-archives/E57-Rohith18p-rsi-kobon-triangles-f462d8e18aea2a458376c523c9b6c2980237071f.zip,rsi-kobon-triangles-f462d8e18aea2a458376c523c9b6c2980237071f/kobon-triangles/added/g38/n39_468_38-2ldkupolivaqe-grow.json,,7fea5fe0,Filename/path inference; editable in the app
346473,kobon-triangles/added/g38/n39_468_38-2nlrgftknuqno-grow.json,Kobon triangles,1016,Pinned collected revision; final designation governed by team receipt | f462d8e18aea2a458376c523c9b6c2980237071f,https://codeload.github.com/Rohith18p/rsi-kobon-triangles/zip/f462d8e18aea2a458376c523c9b6c2980237071f,,contestants/E57/13-archives/E57-Rohith18p-rsi-kobon-triangles-f462d8e18aea2a458376c523c9b6c2980237071f.zip,rsi-kobon-triangles-f462d8e18aea2a458376c523c9b6c2980237071f/kobon-triangles/added/g38/n39_468_38-2nlrgftknuqno-grow.json,,795075b0,Filename/path inference; editable in the app
346474,kobon-triangles/added/g38/n39_468_38-2p65tdi5kjx9c-grow.json,Kobon triangles,945,Pinned collected revision; final designation governed by team receipt | f462d8e18aea2a458376c523c9b6c2980237071f,https://codeload.github.com/Rohith18p/rsi-kobon-triangles/zip/f462d8e18aea2a458376c523c9b6c2980237071f,,contestants/E57/13-archives/E57-Rohith18p-rsi-kobon-triangles-f462d8e18aea2a458376c523c9b6c2980237071f.zip,rsi-kobon-triangles-f462d8e18aea2a458376c523c9b6c2980237071f/kobon-triangles/added/g38/n39_468_38-2p65tdi5kjx9c-grow.json,,962a4372,Filename/path inference; editable in the app
346475,kobon-triangles/added/g38/n39_468_38-2qnqnwrbpen56-grow.json,Kobon triangles,855,Pinned collected revision; final designation governed by team receipt | f462d8e18aea2a458376c523c9b6c2980237071f,https://codeload.github.com/Rohith18p/rsi-kobon-triangles/zip/f462d8e18aea2a458376c523c9b6c2980237071f,,contestants/E57/13-archives/E57-Rohith18p-rsi-kobon-triangles-f462d8e18aea2a458376c523c9b6c2980237071f.zip,rsi-kobon-triangles-f462d8e18aea2a458376c523c9b6c2980237071f/kobon-triangles/added/g38/n39_468_38-2qnqnwrbpen56-grow.json,,fb3b00eb,Filename/path inference; editable in the app
346476,kobon-triangles/added/g38/n39_468_38-2r3wz58vxc0nw-grow.json,Kobon triangles,859,Pinned collected revision; final designation governed by team receipt | f462d8e18aea2a458376c523c9b6c2980237071f,https://codeload.github.com/Rohith18p/rsi-kobon-triangles/zip/f462d8e18aea2a458376c523c9b6c2980237071f,,contestants/E57/13-archives/E57-Rohith18p-rsi-kobon-triangles-f462d8e18aea2a458376c523c9b6c2980237071f.zip,rsi-kobon-triangles-f462d8e18aea2a458376c523c9b6c2980237071f/kobon-triangles/added/g38/n39_468_38-2r3wz58vxc0nw-grow.json,,2a7d3c1c,Filename/path inference; editable in the app
346477,kobon-triangles/added/g38/n39_468_38-2srkomp96fmo6-grow.json,Kobon triangles,955,Pinned collected revision; final designation governed by team receipt | f462d8e18aea2a458376c523c9b6c2980237071f,https://codeload.github.com/Rohith18p/rsi-kobon-triangles/zip/f462d8e18aea2a458376c523c9b6c2980237071f,,contestants/E57/13-archives/E57-Rohith18p-rsi-kobon-triangles-f462d8e18aea2a458376c523c9b6c2980237071f.zip,rsi-kobon-triangles-f462d8e18aea2a458376c523c9b6c2980237071f/kobon-triangles/added/g38/n39_468_38-2srkomp96fmo6-grow.json,,5edb9d5e,Filename/path inference; editable in the app
346478,kobon-triangles/added/g38/n39_468_38-2tgaqq47z5qiu-grow.json,Kobon triangles,950,Pinned collected revision; final designation governed by team receipt | f462d8e18aea2a458376c523c9b6c2980237071f,https://codeload.github.com/Rohith18p/rsi-kobon-triangles/zip/f462d8e18aea2a458376c523c9b6c2980237071f,,contestants/E57/13-archives/E57-Rohith18p-rsi-kobon-triangles-f462d8e18aea2a458376c523c9b6c2980237071f.zip,rsi-kobon-triangles-f462d8e18aea2a458376c523c9b6c2980237071f/kobon-triangles/added/g38/n39_468_38-2tgaqq47z5qiu-grow.json,,a81f722d,Filename/path inference; editable in the app
346479,kobon-triangles/added/g38/n39_468_38-2u0564sxa2k8k-grow.json,Kobon triangles,906,Pinned collected revision; final designation governed by team receipt | f462d8e18aea2a458376c523c9b6c2980237071f,https://codeload.github.com/Rohith18p/rsi-kobon-triangles/zip/f462d8e18aea2a458376c523c9b6c2980237071f,,contestants/E57/13-archives/E57-Rohith18p-rsi-kobon-triangles-f462d8e18aea2a458376c523c9b6c2980237071f.zip,rsi-kobon-triangles-f462d8e18aea2a458376c523c9b6c2980237071f/kobon-triangles/added/g38/n39_468_38-2u0564sxa2k8k-grow.json,,425ad0ed,Filename/path inference; editable in the app
346480,kobon-triangles/added/g38/n39_468_38-2u8lf7iybtgik-grow.json,Kobon triangles,1105,Pinned collected revision; final designation governed by team receipt | f462d8e18aea2a458376c523c9b6c2980237071f,https://codeload.github.com/Rohith18p/rsi-kobon-triangles/zip/f462d8e18aea2a458376c523c9b6c2980237071f,,contestants/E57/13-archives/E57-Rohith18p-rsi-kobon-triangles-f462d8e18aea2a458376c523c9b6c2980237071f.zip,rsi-kobon-triangles-f462d8e18aea2a458376c523c9b6c2980237071f/kobon-triangles/added/g38/n39_468_38-2u8lf7iybtgik-grow.json,,3de4a964,Filename/path inference; editable in the app
346481,kobon-triangles/added/g38/n39_468_38-2xq6te73jpqwo-grow.json,Kobon triangles,995,Pinned collected revision; final designation governed by team receipt | f462d8e18aea2a458376c523c9b6c2980237071f,https://codeload.github.com/Rohith18p/rsi-kobon-triangles/zip/f462d8e18aea2a458376c523c9b6c2980237071f,,contestants/E57/13-archives/E57-Rohith18p-rsi-kobon-triangles-f462d8e18aea2a458376c523c9b6c2980237071f.zip,rsi-kobon-triangles-f462d8e18aea2a458376c523c9b6c2980237071f/kobon-triangles/added/g38/n39_468_38-2xq6te73jpqwo-grow.json,,e40cdc39,Filename/path inference; editable in the app
346482,kobon-triangles/added/g38/n39_468_38-30ydro4nqyj4m-grow.json,Kobon triangles,1090,Pinned collected revision; final designation governed by team receipt | f462d8e18aea2a458376c523c9b6c2980237071f,https://codeload.github.com/Rohith18p/rsi-kobon-triangles/zip/f462d8e18aea2a458376c523c9b6c2980237071f,,contestants/E57/13-archives/E57-Rohith18p-rsi-kobon-triangles-f462d8e18aea2a458376c523c9b6c2980237071f.zip,rsi-kobon-triangles-f462d8e18aea2a458376c523c9b6c2980237071f/kobon-triangles/added/g38/n39_468_38-30ydro4nqyj4m-grow.json,,7178c7bb,Filename/path inference; editable in the app
346483,kobon-triangles/added/g38/n39_468_38-33mnbk3mg0kak-grow.json,Kobon triangles,1108,Pinned collected revision; final designation governed by team receipt | f462d8e18aea2a458376c523c9b6c2980237071f,https://codeload.github.com/Rohith18p/rsi-kobon-triangles/zip/f462d8e18aea2a458376c523c9b6c2980237071f,,contestants/E57/13-archives/E57-Rohith18p-rsi-kobon-triangles-f462d8e18aea2a458376c523c9b6c2980237071f.zip,rsi-kobon-triangles-f462d8e18aea2a458376c523c9b6c2980237071f/kobon-triangles/added/g38/n39_468_38-33mnbk3mg0kak-grow.json,,425a031d,Filename/path inference; editable in the app
346484,kobon-triangles/added/g38/n39_468_38-33nwgx0r6e0j8-grow.json,Kobon triangles,1138,Pinned collected revision; final designation governed by team receipt | f462d8e18aea2a458376c523c9b6c2980237071f,https://codeload.github.com/Rohith18p/rsi-kobon-triangles/zip/f462d8e18aea2a458376c523c9b6c2980237071f,,contestants/E57/13-archives/E57-Rohith18p-rsi-kobon-triangles-f462d8e18aea2a458376c523c9b6c2980237071f.zip,rsi-kobon-triangles-f462d8e18aea2a458376c523c9b6c2980237071f/kobon-triangles/added/g38/n39_468_38-33nwgx0r6e0j8-grow.json,,d5dba660,Filename/path inference; editable in the app
346485,kobon-triangles/added/g38/n39_468_38-33yfa9jllxdig-grow.json,Kobon triangles,927,Pinned collected revision; final designation governed by team receipt | f462d8e18aea2a458376c523c9b6c2980237071f,https://codeload.github.com/Rohith18p/rsi-kobon-triangles/zip/f462d8e18aea2a458376c523c9b6c2980237071f,,contestants/E57/13-archives/E57-Rohith18p-rsi-kobon-triangles-f462d8e18aea2a458376c523c9b6c2980237071f.zip,rsi-kobon-triangles-f462d8e18aea2a458376c523c9b6c2980237071f/kobon-triangles/added/g38/n39_468_38-33yfa9jllxdig-grow.json,,56e263e2,Filename/path inference; editable in the app
346486,kobon-triangles/added/g38/n39_468_38-34f1hatlsdfhm-grow.json,Kobon triangles,882,Pinned collected revision; final designation governed by team receipt | f462d8e18aea2a458376c523c9b6c2980237071f,https://codeload.github.com/Rohith18p/rsi-kobon-triangles/zip/f462d8e18aea2a458376c523c9b6c2980237071f,,contestants/E57/13-archives/E57-Rohith18p-rsi-kobon-triangles-f462d8e18aea2a458376c523c9b6c2980237071f.zip,rsi-kobon-triangles-f462d8e18aea2a458376c523c9b6c2980237071f/kobon-triangles/added/g38/n39_468_38-34f1hatlsdfhm-grow.json,,5bf39d11,Filename/path inference; editable in the app
346487,kobon-triangles/added/g38/n39_468_38-34g889i0bppva-grow.json,Kobon triangles,962,Pinned collected revision; final designation governed by team receipt | f462d8e18aea2a458376c523c9b6c2980237071f,https://codeload.github.com/Rohith18p/rsi-kobon-triangles/zip/f462d8e18aea2a458376c523c9b6c2980237071f,,contestants/E57/13-archives/E57-Rohith18p-rsi-kobon-triangles-f462d8e18aea2a458376c523c9b6c2980237071f.zip,rsi-kobon-triangles-f462d8e18aea2a458376c523c9b6c2980237071f/kobon-triangles/added/g38/n39_468_38-34g889i0bppva-grow.json,,5d4f60f4,Filename/path inference; editable in the app
346488,kobon-triangles/added/g38/n39_468_38-36ows2so62dyy-grow.json,Kobon triangles,927,Pinned collected revision; final designation governed by team receipt | f462d8e18aea2a458376c523c9b6c2980237071f,https://codeload.github.com/Rohith18p/rsi-kobon-triangles/zip/f462d8e18aea2a458376c523c9b6c2980237071f,,contestants/E57/13-archives/E57-Rohith18p-rsi-kobon-triangles-f462d8e18aea2a458376c523c9b6c2980237071f.zip,rsi-kobon-triangles-f462d8e18aea2a458376c523c9b6c2980237071f/kobon-triangles/added/g38/n39_468_38-36ows2so62dyy-grow.json,,4fae22c2,Filename/path inference; editable in the app
346489,kobon-triangles/added/g38/n39_468_38-36unozzu3r1ac-grow.json,Kobon triangles,1104,Pinned collected revision; final designation governed by team receipt | f462d8e18aea2a458376c523c9b6c2980237071f,https://codeload.github.com/Rohith18p/rsi-kobon-triangles/zip/f462d8e18aea2a458376c523c9b6c2980237071f,,contestants/E57/13-archives/E57-Rohith18p-rsi-kobon-triangles-f462d8e18aea2a458376c523c9b6c2980237071f.zip,rsi-kobon-triangles-f462d8e18aea2a458376c523c9b6c2980237071f/kobon-triangles/added/g38/n39_468_38-36unozzu3r1ac-grow.json,,6df7f595,Filename/path inference; editable in the app
346490,kobon-triangles/added/g38/n39_468_38-399flm1d1lkpo-grow.json,Kobon triangles,960,Pinned collected revision; final designation governed by team receipt | f462d8e18aea2a458376c523c9b6c2980237071f,https://codeload.github.com/Rohith18p/rsi-kobon-triangles/zip/f462d8e18aea2a458376c523c9b6c2980237071f,,contestants/E57/13-archives/E57-Rohith18p-rsi-kobon-triangles-f462d8e18aea2a458376c523c9b6c2980237071f.zip,rsi-kobon-triangles-f462d8e18aea2a458376c523c9b6c2980237071f/kobon-triangles/added/g38/n39_468_38-399flm1d1lkpo-grow.json,,9946e5a5,Filename/path inference; editable in the app
346491,kobon-triangles/added/g38/n39_468_38-39i2dn5bdkxxm-grow.json,Kobon triangles,860,Pinned collected revision; final designation governed by team receipt | f462d8e18aea2a458376c523c9b6c2980237071f,https://codeload.github.com/Rohith18p/rsi-kobon-triangles/zip/f462d8e18aea2a458376c523c9b6c2980237071f,,contestants/E57/13-archives/E57-Rohith18p-rsi-kobon-triangles-f462d8e18aea2a458376c523c9b6c2980237071f.zip,rsi-kobon-triangles-f462d8e18aea2a458376c523c9b6c2980237071f/kobon-triangles/added/g38/n39_468_38-39i2dn5bdkxxm-grow.json,,4d05b345,Filename/path inference; editable in the app
346492,kobon-triangles/added/g38/n39_468_38-3ab2aeea2bo6i-grow.json,Kobon triangles,1009,Pinned collected revision; final designation governed by team receipt | f462d8e18aea2a458376c523c9b6c2980237071f,https://codeload.github.com/Rohith18p/rsi-kobon-triangles/zip/f462d8e18aea2a458376c523c9b6c2980237071f,,contestants/E57/13-archives/E57-Rohith18p-rsi-kobon-triangles-f462d8e18aea2a458376c523c9b6c2980237071f.zip,rsi-kobon-triangles-f462d8e18aea2a458376c523c9b6c2980237071f/kobon-triangles/added/g38/n39_468_38-3ab2aeea2bo6i-grow.json,,dc62a326,Filename/path inference; editable in the app
346493,kobon-triangles/added/g38/n39_468_38-3bfjizhtzkz46-grow.json,Kobon triangles,1088,Pinned collected revision; final designation governed by team receipt | f462d8e18aea2a458376c523c9b6c2980237071f,https://codeload.github.com/Rohith18p/rsi-kobon-triangles/zip/f462d8e18aea2a458376c523c9b6c2980237071f,,contestants/E57/13-archives/E57-Rohith18p-rsi-kobon-triangles-f462d8e18aea2a458376c523c9b6c2980237071f.zip,rsi-kobon-triangles-f462d8e18aea2a458376c523c9b6c2980237071f/kobon-triangles/added/g38/n39_468_38-3bfjizhtzkz46-grow.json,,97322768,Filename/path inference; editable in the app
346494,kobon-triangles/added/g38/n39_468_38-3dh76w6ni24b2-grow.json,Kobon triangles,938,Pinned collected revision; final designation governed by team receipt | f462d8e18aea2a458376c523c9b6c2980237071f,https://codeload.github.com/Rohith18p/rsi-kobon-triangles/zip/f462d8e18aea2a458376c523c9b6c2980237071f,,contestants/E57/13-archives/E57-Rohith18p-rsi-kobon-triangles-f462d8e18aea2a458376c523c9b6c2980237071f.zip,rsi-kobon-triangles-f462d8e18aea2a458376c523c9b6c2980237071f/kobon-triangles/added/g38/n39_468_38-3dh76w6ni24b2-grow.json,,86e1177a,Filename/path inference; editable in the app
346495,kobon-triangles/added/g38/n39_468_38-3esbn22dnhfca-grow.json,Kobon triangles,1182,Pinned collected revision; final designation governed by team receipt | f462d8e18aea2a458376c523c9b6c2980237071f,https://codeload.github.com/Rohith18p/rsi-kobon-triangles/zip/f462d8e18aea2a458376c523c9b6c2980237071f,,contestants/E57/13-archives/E57-Rohith18p-rsi-kobon-triangles-f462d8e18aea2a458376c523c9b6c2980237071f.zip,rsi-kobon-triangles-f462d8e18aea2a458376c523c9b6c2980237071f/kobon-triangles/added/g38/n39_468_38-3esbn22dnhfca-grow.json,,4e986f95,Filename/path inference; editable in the app
346496,kobon-triangles/added/g38/n39_468_38-3eyz8jzbol5ws-grow.json,Kobon triangles,926,Pinned collected revision; final designation governed by team receipt | f462d8e18aea2a458376c523c9b6c2980237071f,https://codeload.github.com/Rohith18p/rsi-kobon-triangles/zip/f462d8e18aea2a458376c523c9b6c2980237071f,,contestants/E57/13-archives/E57-Rohith18p-rsi-kobon-triangles-f462d8e18aea2a458376c523c9b6c2980237071f.zip,rsi-kobon-triangles-f462d8e18aea2a458376c523c9b6c2980237071f/kobon-triangles/added/g38/n39_468_38-3eyz8jzbol5ws-grow.json,,2ecb6d57,Filename/path inference; editable in the app
346497,kobon-triangles/added/g38/n39_468_38-3jupwg54jod7a-grow.json,Kobon triangles,939,Pinned collected revision; final designation governed by team receipt | f462d8e18aea2a458376c523c9b6c2980237071f,https://codeload.github.com/Rohith18p/rsi-kobon-triangles/zip/f462d8e18aea2a458376c523c9b6c2980237071f,,contestants/E57/13-archives/E57-Rohith18p-rsi-kobon-triangles-f462d8e18aea2a458376c523c9b6c2980237071f.zip,rsi-kobon-triangles-f462d8e18aea2a458376c523c9b6c2980237071f/kobon-triangles/added/g38/n39_468_38-3jupwg54jod7a-grow.json,,2393f8a7,Filename/path inference; editable in the app
346498,kobon-triangles/added/g38/n39_468_38-3l1t6oikupvco-grow.json,Kobon triangles,1004,Pinned collected revision; final designation governed by team receipt | f462d8e18aea2a458376c523c9b6c2980237071f,https://codeload.github.com/Rohith18p/rsi-kobon-triangles/zip/f462d8e18aea2a458376c523c9b6c2980237071f,,contestants/E57/13-archives/E57-Rohith18p-rsi-kobon-triangles-f462d8e18aea2a458376c523c9b6c2980237071f.zip,rsi-kobon-triangles-f462d8e18aea2a458376c523c9b6c2980237071f/kobon-triangles/added/g38/n39_468_38-3l1t6oikupvco-grow.json,,ffbde56d,Filename/path inference; editable in the app
346499,kobon-triangles/added/g38/n39_468_38-3oflrwhxo9dyy-grow.json,Kobon triangles,1118,Pinned collected revision; final designation governed by team receipt | f462d8e18aea2a458376c523c9b6c2980237071f,https://codeload.github.com/Rohith18p/rsi-kobon-triangles/zip/f462d8e18aea2a458376c523c9b6c2980237071f,,contestants/E57/13-archives/E57-Rohith18p-rsi-kobon-triangles-f462d8e18aea2a458376c523c9b6c2980237071f.zip,rsi-kobon-triangles-f462d8e18aea2a458376c523c9b6c2980237071f/kobon-triangles/added/g38/n39_468_38-3oflrwhxo9dyy-grow.json,,28a899e0,Filename/path inference; editable in the app
346500,kobon-triangles/added/g38/n39_468_38-3rrmdpo8oa2gg-grow.json,Kobon triangles,926,Pinned collected revision; final designation governed by team receipt | f462d8e18aea2a458376c523c9b6c2980237071f,https://codeload.github.com/Rohith18p/rsi-kobon-triangles/zip/f462d8e18aea2a458376c523c9b6c2980237071f,,contestants/E57/13-archives/E57-Rohith18p-rsi-kobon-triangles-f462d8e18aea2a458376c523c9b6c2980237071f.zip,rsi-kobon-triangles-f462d8e18aea2a458376c523c9b6c2980237071f/kobon-triangles/added/g38/n39_468_38-3rrmdpo8oa2gg-grow.json,,f598d2a3,Filename/path inference; editable in the app
346501,kobon-triangles/added/g38/n39_468_38-3szj2k8p7i85g-grow.json,Kobon triangles,1030,Pinned collected revision; final designation governed by team receipt | f462d8e18aea2a458376c523c9b6c2980237071f,https://codeload.github.com/Rohith18p/rsi-kobon-triangles/zip/f462d8e18aea2a458376c523c9b6c2980237071f,,contestants/E57/13-archives/E57-Rohith18p-rsi-kobon-triangles-f462d8e18aea2a458376c523c9b6c2980237071f.zip,rsi-kobon-triangles-f462d8e18aea2a458376c523c9b6c2980237071f/kobon-triangles/added/g38/n39_468_38-3szj2k8p7i85g-grow.json,,4abeda58,Filename/path inference; editable in the app
346502,kobon-triangles/added/g38/n39_468_38-3th4dq7t21ygw-grow.json,Kobon triangles,1033,Pinned collected revision; final designation governed by team receipt | f462d8e18aea2a458376c523c9b6c2980237071f,https://codeload.github.com/Rohith18p/rsi-kobon-triangles/zip/f462d8e18aea2a458376c523c9b6c2980237071f,,contestants/E57/13-archives/E57-Rohith18p-rsi-kobon-triangles-f462d8e18aea2a458376c523c9b6c2980237071f.zip,rsi-kobon-triangles-f462d8e18aea2a458376c523c9b6c2980237071f/kobon-triangles/added/g38/n39_468_38-3th4dq7t21ygw-grow.json,,055aa114,Filename/path inference; editable in the app
346503,kobon-triangles/added/g38/n39_468_38-3ti1fzul1y7hc-grow.json,Kobon triangles,985,Pinned collected revision; final designation governed by team receipt | f462d8e18aea2a458376c523c9b6c2980237071f,https://codeload.github.com/Rohith18p/rsi-kobon-triangles/zip/f462d8e18aea2a458376c523c9b6c2980237071f,,contestants/E57/13-archives/E57-Rohith18p-rsi-kobon-triangles-f462d8e18aea2a458376c523c9b6c2980237071f.zip,rsi-kobon-triangles-f462d8e18aea2a458376c523c9b6c2980237071f/kobon-triangles/added/g38/n39_468_38-3ti1fzul1y7hc-grow.json,,eb0ec30b,Filename/path inference; editable in the app
346504,kobon-triangles/added/g38/n39_468_38-3tkytxuddzd7o-grow.json,Kobon triangles,981,Pinned collected revision; final designation governed by team receipt | f462d8e18aea2a458376c523c9b6c2980237071f,https://codeload.github.com/Rohith18p/rsi-kobon-triangles/zip/f462d8e18aea2a458376c523c9b6c2980237071f,,contestants/E57/13-archives/E57-Rohith18p-rsi-kobon-triangles-f462d8e18aea2a458376c523c9b6c2980237071f.zip,rsi-kobon-triangles-f462d8e18aea2a458376c523c9b6c2980237071f/kobon-triangles/added/g38/n39_468_38-3tkytxuddzd7o-grow.json,,afadbab8,Filename/path inference; editable in the app
346505,kobon-triangles/added/g38/n39_468_38-3v7w4xt6x1coq-grow.json,Kobon triangles,991,Pinned collected revision; final designation governed by team receipt | f462d8e18aea2a458376c523c9b6c2980237071f,https://codeload.github.com/Rohith18p/rsi-kobon-triangles/zip/f462d8e18aea2a458376c523c9b6c2980237071f,,contestants/E57/13-archives/E57-Rohith18p-rsi-kobon-triangles-f462d8e18aea2a458376c523c9b6c2980237071f.zip,rsi-kobon-triangles-f462d8e18aea2a458376c523c9b6c2980237071f/kobon-triangles/added/g38/n39_468_38-3v7w4xt6x1coq-grow.json,,3645a012,Filename/path inference; editable in the app
346506,kobon-triangles/added/g38/n39_468_38-3y56e10mcurk-grow.json,Kobon triangles,982,Pinned collected revision; final designation governed by team receipt | f462d8e18aea2a458376c523c9b6c2980237071f,https://codeload.github.com/Rohith18p/rsi-kobon-triangles/zip/f462d8e18aea2a458376c523c9b6c2980237071f,,contestants/E57/13-archives/E57-Rohith18p-rsi-kobon-triangles-f462d8e18aea2a458376c523c9b6c2980237071f.zip,rsi-kobon-triangles-f462d8e18aea2a458376c523c9b6c2980237071f/kobon-triangles/added/g38/n39_468_38-3y56e10mcurk-grow.json,,218aa1e0,Filename/path inference; editable in the app
346507,kobon-triangles/added/g38/n39_468_38-6ktlimgv0rie-grow.json,Kobon triangles,966,Pinned collected revision; final designation governed by team receipt | f462d8e18aea2a458376c523c9b6c2980237071f,https://codeload.github.com/Rohith18p/rsi-kobon-triangles/zip/f462d8e18aea2a458376c523c9b6c2980237071f,,contestants/E57/13-archives/E57-Rohith18p-rsi-kobon-triangles-f462d8e18aea2a458376c523c9b6c2980237071f.zip,rsi-kobon-triangles-f462d8e18aea2a458376c523c9b6c2980237071f/kobon-triangles/added/g38/n39_468_38-6ktlimgv0rie-grow.json,,456a5538,Filename/path inference; editable in the app
346508,kobon-triangles/added/g38/n39_468_38-7gprqzia8qs8-grow.json,Kobon triangles,996,Pinned collected revision; final designation governed by team receipt | f462d8e18aea2a458376c523c9b6c2980237071f,https://codeload.github.com/Rohith18p/rsi-kobon-triangles/zip/f462d8e18aea2a458376c523c9b6c2980237071f,,contestants/E57/13-archives/E57-Rohith18p-rsi-kobon-triangles-f462d8e18aea2a458376c523c9b6c2980237071f.zip,rsi-kobon-triangles-f462d8e18aea2a458376c523c9b6c2980237071f/kobon-triangles/added/g38/n39_468_38-7gprqzia8qs8-grow.json,,5f0a934d,Filename/path inference; editable in the app
346509,kobon-triangles/added/g38/n39_468_38-86821tvny30m-grow.json,Kobon triangles,1008,Pinned collected revision; final designation governed by team receipt | f462d8e18aea2a458376c523c9b6c2980237071f,https://codeload.github.com/Rohith18p/rsi-kobon-triangles/zip/f462d8e18aea2a458376c523c9b6c2980237071f,,contestants/E57/13-archives/E57-Rohith18p-rsi-kobon-triangles-f462d8e18aea2a458376c523c9b6c2980237071f.zip,rsi-kobon-triangles-f462d8e18aea2a458376c523c9b6c2980237071f/kobon-triangles/added/g38/n39_468_38-86821tvny30m-grow.json,,9d946cb7,Filename/path inference; editable in the app
346510,kobon-triangles/added/g38/n39_468_38-8z9kjs2prumk-grow.json,Kobon triangles,1159,Pinned collected revision; final designation governed by team receipt | f462d8e18aea2a458376c523c9b6c2980237071f,https://codeload.github.com/Rohith18p/rsi-kobon-triangles/zip/f462d8e18aea2a458376c523c9b6c2980237071f,,contestants/E57/13-archives/E57-Rohith18p-rsi-kobon-triangles-f462d8e18aea2a458376c523c9b6c2980237071f.zip,rsi-kobon-triangles-f462d8e18aea2a458376c523c9b6c2980237071f/kobon-triangles/added/g38/n39_468_38-8z9kjs2prumk-grow.json,,994a1fc7,Filename/path inference; editable in the app
346511,kobon-triangles/added/g38/n39_468_38-abbyzdpmxdnu-grow.json,Kobon triangles,980,Pinned collected revision; final designation governed by team receipt | f462d8e18aea2a458376c523c9b6c2980237071f,https://codeload.github.com/Rohith18p/rsi-kobon-triangles/zip/f462d8e18aea2a458376c523c9b6c2980237071f,,contestants/E57/13-archives/E57-Rohith18p-rsi-kobon-triangles-f462d8e18aea2a458376c523c9b6c2980237071f.zip,rsi-kobon-triangles-f462d8e18aea2a458376c523c9b6c2980237071f/kobon-triangles/added/g38/n39_468_38-abbyzdpmxdnu-grow.json,,005ce3e8,Filename/path inference; editable in the app
346512,kobon-triangles/added/g38/n39_468_38-b1erqdgvr9pq-grow.json,Kobon triangles,1083,Pinned collected revision; final designation governed by team receipt | f462d8e18aea2a458376c523c9b6c2980237071f,https://codeload.github.com/Rohith18p/rsi-kobon-triangles/zip/f462d8e18aea2a458376c523c9b6c2980237071f,,contestants/E57/13-archives/E57-Rohith18p-rsi-kobon-triangles-f462d8e18aea2a458376c523c9b6c2980237071f.zip,rsi-kobon-triangles-f462d8e18aea2a458376c523c9b6c2980237071f/kobon-triangles/added/g38/n39_468_38-b1erqdgvr9pq-grow.json,,d13e6d56,Filename/path inference; editable in the app
346513,kobon-triangles/added/g38/n39_468_38-b8874dt5i5ss-grow.json,Kobon triangles,989,Pinned collected revision; final designation governed by team receipt | f462d8e18aea2a458376c523c9b6c2980237071f,https://codeload.github.com/Rohith18p/rsi-kobon-triangles/zip/f462d8e18aea2a458376c523c9b6c2980237071f,,contestants/E57/13-archives/E57-Rohith18p-rsi-kobon-triangles-f462d8e18aea2a458376c523c9b6c2980237071f.zip,rsi-kobon-triangles-f462d8e18aea2a458376c523c9b6c2980237071f/kobon-triangles/added/g38/n39_468_38-b8874dt5i5ss-grow.json,,49e0d153,Filename/path inference; editable in the app
346514,kobon-triangles/added/g38/n39_468_38-cafbfvtp3yag-grow.json,Kobon triangles,969,Pinned collected revision; final designation governed by team receipt | f462d8e18aea2a458376c523c9b6c2980237071f,https://codeload.github.com/Rohith18p/rsi-kobon-triangles/zip/f462d8e18aea2a458376c523c9b6c2980237071f,,contestants/E57/13-archives/E57-Rohith18p-rsi-kobon-triangles-f462d8e18aea2a458376c523c9b6c2980237071f.zip,rsi-kobon-triangles-f462d8e18aea2a458376c523c9b6c2980237071f/kobon-triangles/added/g38/n39_468_38-cafbfvtp3yag-grow.json,,78f03cde,Filename/path inference; editable in the app
346515,kobon-triangles/added/g38/n39_468_38-cgzfmsz0rxqi-grow.json,Kobon triangles,982,Pinned collected revision; final designation governed by team receipt | f462d8e18aea2a458376c523c9b6c2980237071f,https://codeload.github.com/Rohith18p/rsi-kobon-triangles/zip/f462d8e18aea2a458376c523c9b6c2980237071f,,contestants/E57/13-archives/E57-Rohith18p-rsi-kobon-triangles-f462d8e18aea2a458376c523c9b6c2980237071f.zip,rsi-kobon-triangles-f462d8e18aea2a458376c523c9b6c2980237071f/kobon-triangles/added/g38/n39_468_38-cgzfmsz0rxqi-grow.json,,5598d6fd,Filename/path inference; editable in the app
346516,kobon-triangles/added/g38/n39_468_38-e0n0jn78cdfc-grow.json,Kobon triangles,981,Pinned collected revision; final designation governed by team receipt | f462d8e18aea2a458376c523c9b6c2980237071f,https://codeload.github.com/Rohith18p/rsi-kobon-triangles/zip/f462d8e18aea2a458376c523c9b6c2980237071f,,contestants/E57/13-archives/E57-Rohith18p-rsi-kobon-triangles-f462d8e18aea2a458376c523c9b6c2980237071f.zip,rsi-kobon-triangles-f462d8e18aea2a458376c523c9b6c2980237071f/kobon-triangles/added/g38/n39_468_38-e0n0jn78cdfc-grow.json,,d9b0ef01,Filename/path inference; editable in the app
346517,kobon-triangles/added/g38/n39_468_38-eatenj5fxp5m-grow.json,Kobon triangles,995,Pinned collected revision; final designation governed by team receipt | f462d8e18aea2a458376c523c9b6c2980237071f,https://codeload.github.com/Rohith18p/rsi-kobon-triangles/zip/f462d8e18aea2a458376c523c9b6c2980237071f,,contestants/E57/13-archives/E57-Rohith18p-rsi-kobon-triangles-f462d8e18aea2a458376c523c9b6c2980237071f.zip,rsi-kobon-triangles-f462d8e18aea2a458376c523c9b6c2980237071f/kobon-triangles/added/g38/n39_468_38-eatenj5fxp5m-grow.json,,a342b537,Filename/path inference; editable in the app
346518,kobon-triangles/added/g38/n39_468_38-f06pqiqfcyzm-grow.json,Kobon triangles,1025,Pinned collected revision; final designation governed by team receipt | f462d8e18aea2a458376c523c9b6c2980237071f,https://codeload.github.com/Rohith18p/rsi-kobon-triangles/zip/f462d8e18aea2a458376c523c9b6c2980237071f,,contestants/E57/13-archives/E57-Rohith18p-rsi-kobon-triangles-f462d8e18aea2a458376c523c9b6c2980237071f.zip,rsi-kobon-triangles-f462d8e18aea2a458376c523c9b6c2980237071f/kobon-triangles/added/g38/n39_468_38-f06pqiqfcyzm-grow.json,,9076f3c0,Filename/path inference; editable in the app
346519,kobon-triangles/added/g38/n39_468_38-hi67etvu360i-grow.json,Kobon triangles,1033,Pinned collected revision; final designation governed by team receipt | f462d8e18aea2a458376c523c9b6c2980237071f,https://codeload.github.com/Rohith18p/rsi-kobon-triangles/zip/f462d8e18aea2a458376c523c9b6c2980237071f,,contestants/E57/13-archives/E57-Rohith18p-rsi-kobon-triangles-f462d8e18aea2a458376c523c9b6c2980237071f.zip,rsi-kobon-triangles-f462d8e18aea2a458376c523c9b6c2980237071f/kobon-triangles/added/g38/n39_468_38-hi67etvu360i-grow.json,,ee2340f6,Filename/path inference; editable in the app
346520,kobon-triangles/added/g38/n39_468_38-i8ja1fmw84ee-grow.json,Kobon triangles,942,Pinned collected revision; final designation governed by team receipt | f462d8e18aea2a458376c523c9b6c2980237071f,https://codeload.github.com/Rohith18p/rsi-kobon-triangles/zip/f462d8e18aea2a458376c523c9b6c2980237071f,,contestants/E57/13-archives/E57-Rohith18p-rsi-kobon-triangles-f462d8e18aea2a458376c523c9b6c2980237071f.zip,rsi-kobon-triangles-f462d8e18aea2a458376c523c9b6c2980237071f/kobon-triangles/added/g38/n39_468_38-i8ja1fmw84ee-grow.json,,670aed81,Filename/path inference; editable in the app
346521,kobon-triangles/added/g38/n39_468_38-k06cr8bwqk62-grow.json,Kobon triangles,1064,Pinned collected revision; final designation governed by team receipt | f462d8e18aea2a458376c523c9b6c2980237071f,https://codeload.github.com/Rohith18p/rsi-kobon-triangles/zip/f462d8e18aea2a458376c523c9b6c2980237071f,,contestants/E57/13-archives/E57-Rohith18p-rsi-kobon-triangles-f462d8e18aea2a458376c523c9b6c2980237071f.zip,rsi-kobon-triangles-f462d8e18aea2a458376c523c9b6c2980237071f/kobon-triangles/added/g38/n39_468_38-k06cr8bwqk62-grow.json,,1bc1b1f4,Filename/path inference; editable in the app
346522,kobon-triangles/added/g38/n39_468_38-k23ej9w076v6-grow.json,Kobon triangles,949,Pinned collected revision; final designation governed by team receipt | f462d8e18aea2a458376c523c9b6c2980237071f,https://codeload.github.com/Rohith18p/rsi-kobon-triangles/zip/f462d8e18aea2a458376c523c9b6c2980237071f,,contestants/E57/13-archives/E57-Rohith18p-rsi-kobon-triangles-f462d8e18aea2a458376c523c9b6c2980237071f.zip,rsi-kobon-triangles-f462d8e18aea2a458376c523c9b6c2980237071f/kobon-triangles/added/g38/n39_468_38-k23ej9w076v6-grow.json,,1babf215,Filename/path inference; editable in the app
346523,kobon-triangles/added/g38/n39_468_38-laenk486db60-grow.json,Kobon triangles,969,Pinned collected revision; final designation governed by team receipt | f462d8e18aea2a458376c523c9b6c2980237071f,https://codeload.github.com/Rohith18p/rsi-kobon-triangles/zip/f462d8e18aea2a458376c523c9b6c2980237071f,,contestants/E57/13-archives/E57-Rohith18p-rsi-kobon-triangles-f462d8e18aea2a458376c523c9b6c2980237071f.zip,rsi-kobon-triangles-f462d8e18aea2a458376c523c9b6c2980237071f/kobon-triangles/added/g38/n39_468_38-laenk486db60-grow.json,,f5bc59ce,Filename/path inference; editable in the app
346524,kobon-triangles/added/g38/n39_468_38-lk8hzfc7lns2-grow.json,Kobon triangles,1015,Pinned collected revision; final designation governed by team receipt | f462d8e18aea2a458376c523c9b6c2980237071f,https://codeload.github.com/Rohith18p/rsi-kobon-triangles/zip/f462d8e18aea2a458376c523c9b6c2980237071f,,contestants/E57/13-archives/E57-Rohith18p-rsi-kobon-triangles-f462d8e18aea2a458376c523c9b6c2980237071f.zip,rsi-kobon-triangles-f462d8e18aea2a458376c523c9b6c2980237071f/kobon-triangles/added/g38/n39_468_38-lk8hzfc7lns2-grow.json,,076b3c65,Filename/path inference; editable in the app
346525,kobon-triangles/added/g38/n39_468_38-oqcmdkc5s608-grow.json,Kobon triangles,997,Pinned collected revision; final designation governed by team receipt | f462d8e18aea2a458376c523c9b6c2980237071f,https://codeload.github.com/Rohith18p/rsi-kobon-triangles/zip/f462d8e18aea2a458376c523c9b6c2980237071f,,contestants/E57/13-archives/E57-Rohith18p-rsi-kobon-triangles-f462d8e18aea2a458376c523c9b6c2980237071f.zip,rsi-kobon-triangles-f462d8e18aea2a458376c523c9b6c2980237071f/kobon-triangles/added/g38/n39_468_38-oqcmdkc5s608-grow.json,,7228eacd,Filename/path inference; editable in the app
346526,kobon-triangles/added/g38/n39_468_38-pqd7tkpnmgb0-grow.json,Kobon triangles,1130,Pinned collected revision; final designation governed by team receipt | f462d8e18aea2a458376c523c9b6c2980237071f,https://codeload.github.com/Rohith18p/rsi-kobon-triangles/zip/f462d8e18aea2a458376c523c9b6c2980237071f,,contestants/E57/13-archives/E57-Rohith18p-rsi-kobon-triangles-f462d8e18aea2a458376c523c9b6c2980237071f.zip,rsi-kobon-triangles-f462d8e18aea2a458376c523c9b6c2980237071f/kobon-triangles/added/g38/n39_468_38-pqd7tkpnmgb0-grow.json,,a636091d,Filename/path inference; editable in the app
346527,kobon-triangles/added/g38/n39_468_38-q0rctpa2z3fu-grow.json,Kobon triangles,948,Pinned collected revision; final designation governed by team receipt | f462d8e18aea2a458376c523c9b6c2980237071f,https://codeload.github.com/Rohith18p/rsi-kobon-triangles/zip/f462d8e18aea2a458376c523c9b6c2980237071f,,contestants/E57/13-archives/E57-Rohith18p-rsi-kobon-triangles-f462d8e18aea2a458376c523c9b6c2980237071f.zip,rsi-kobon-triangles-f462d8e18aea2a458376c523c9b6c2980237071f/kobon-triangles/added/g38/n39_468_38-q0rctpa2z3fu-grow.json,,9ba3d398,Filename/path inference; editable in the app
346528,kobon-triangles/added/g38/n39_468_38-q9otgmnr6mkg-grow.json,Kobon triangles,1188,Pinned collected revision; final designation governed by team receipt | f462d8e18aea2a458376c523c9b6c2980237071f,https://codeload.github.com/Rohith18p/rsi-kobon-triangles/zip/f462d8e18aea2a458376c523c9b6c2980237071f,,contestants/E57/13-archives/E57-Rohith18p-rsi-kobon-triangles-f462d8e18aea2a458376c523c9b6c2980237071f.zip,rsi-kobon-triangles-f462d8e18aea2a458376c523c9b6c2980237071f/kobon-triangles/added/g38/n39_468_38-q9otgmnr6mkg-grow.json,,d527e2d9,Filename/path inference; editable in the app
346529,kobon-triangles/added/g38/n39_468_38-qjk1fm2hriag-grow.json,Kobon triangles,979,Pinned collected revision; final designation governed by team receipt | f462d8e18aea2a458376c523c9b6c2980237071f,https://codeload.github.com/Rohith18p/rsi-kobon-triangles/zip/f462d8e18aea2a458376c523c9b6c2980237071f,,contestants/E57/13-archives/E57-Rohith18p-rsi-kobon-triangles-f462d8e18aea2a458376c523c9b6c2980237071f.zip,rsi-kobon-triangles-f462d8e18aea2a458376c523c9b6c2980237071f/kobon-triangles/added/g38/n39_468_38-qjk1fm2hriag-grow.json,,489e7b32,Filename/path inference; editable in the app
346530,kobon-triangles/added/g38/n39_468_38-qoxqkn4z2yom-grow.json,Kobon triangles,944,Pinned collected revision; final designation governed by team receipt | f462d8e18aea2a458376c523c9b6c2980237071f,https://codeload.github.com/Rohith18p/rsi-kobon-triangles/zip/f462d8e18aea2a458376c523c9b6c2980237071f,,contestants/E57/13-archives/E57-Rohith18p-rsi-kobon-triangles-f462d8e18aea2a458376c523c9b6c2980237071f.zip,rsi-kobon-triangles-f462d8e18aea2a458376c523c9b6c2980237071f/kobon-triangles/added/g38/n39_468_38-qoxqkn4z2yom-grow.json,,c8e715dc,Filename/path inference; editable in the app
346531,kobon-triangles/added/g38/n39_468_38-rsbi6xb68xx2-grow.json,Kobon triangles,1001,Pinned collected revision; final designation governed by team receipt | f462d8e18aea2a458376c523c9b6c2980237071f,https://codeload.github.com/Rohith18p/rsi-kobon-triangles/zip/f462d8e18aea2a458376c523c9b6c2980237071f,,contestants/E57/13-archives/E57-Rohith18p-rsi-kobon-triangles-f462d8e18aea2a458376c523c9b6c2980237071f.zip,rsi-kobon-triangles-f462d8e18aea2a458376c523c9b6c2980237071f/kobon-triangles/added/g38/n39_468_38-rsbi6xb68xx2-grow.json,,7eec69d0,Filename/path inference; editable in the app
346532,kobon-triangles/added/g38/n39_468_38-uccvc0hgt104-grow.json,Kobon triangles,961,Pinned collected revision; final designation governed by team receipt | f462d8e18aea2a458376c523c9b6c2980237071f,https://codeload.github.com/Rohith18p/rsi-kobon-triangles/zip/f462d8e18aea2a458376c523c9b6c2980237071f,,contestants/E57/13-archives/E57-Rohith18p-rsi-kobon-triangles-f462d8e18aea2a458376c523c9b6c2980237071f.zip,rsi-kobon-triangles-f462d8e18aea2a458376c523c9b6c2980237071f/kobon-triangles/added/g38/n39_468_38-uccvc0hgt104-grow.json,,857c0f5d,Filename/path inference; editable in the app
346533,kobon-triangles/added/g38/n39_468_38-ucmei9faymb6-grow.json,Kobon triangles,979,Pinned collected revision; final designation governed by team receipt | f462d8e18aea2a458376c523c9b6c2980237071f,https://codeload.github.com/Rohith18p/rsi-kobon-triangles/zip/f462d8e18aea2a458376c523c9b6c2980237071f,,contestants/E57/13-archives/E57-Rohith18p-rsi-kobon-triangles-f462d8e18aea2a458376c523c9b6c2980237071f.zip,rsi-kobon-triangles-f462d8e18aea2a458376c523c9b6c2980237071f/kobon-triangles/added/g38/n39_468_38-ucmei9faymb6-grow.json,,61ba1a25,Filename/path inference; editable in the app
346534,kobon-triangles/added/g38/n39_468_38-uga3cun616ow-grow.json,Kobon triangles,986,Pinned collected revision; final designation governed by team receipt | f462d8e18aea2a458376c523c9b6c2980237071f,https://codeload.github.com/Rohith18p/rsi-kobon-triangles/zip/f462d8e18aea2a458376c523c9b6c2980237071f,,contestants/E57/13-archives/E57-Rohith18p-rsi-kobon-triangles-f462d8e18aea2a458376c523c9b6c2980237071f.zip,rsi-kobon-triangles-f462d8e18aea2a458376c523c9b6c2980237071f/kobon-triangles/added/g38/n39_468_38-uga3cun616ow-grow.json,,4c1cba67,Filename/path inference; editable in the app
346535,kobon-triangles/added/g38/n39_468_38-upur90k8by4o-grow.json,Kobon triangles,964,Pinned collected revision; final designation governed by team receipt | f462d8e18aea2a458376c523c9b6c2980237071f,https://codeload.github.com/Rohith18p/rsi-kobon-triangles/zip/f462d8e18aea2a458376c523c9b6c2980237071f,,contestants/E57/13-archives/E57-Rohith18p-rsi-kobon-triangles-f462d8e18aea2a458376c523c9b6c2980237071f.zip,rsi-kobon-triangles-f462d8e18aea2a458376c523c9b6c2980237071f/kobon-triangles/added/g38/n39_468_38-upur90k8by4o-grow.json,,51838044,Filename/path inference; editable in the app
346536,kobon-triangles/added/g38/n39_468_38-vtuinib7jnko-grow.json,Kobon triangles,968,Pinned collected revision; final designation governed by team receipt | f462d8e18aea2a458376c523c9b6c2980237071f,https://codeload.github.com/Rohith18p/rsi-kobon-triangles/zip/f462d8e18aea2a458376c523c9b6c2980237071f,,contestants/E57/13-archives/E57-Rohith18p-rsi-kobon-triangles-f462d8e18aea2a458376c523c9b6c2980237071f.zip,rsi-kobon-triangles-f462d8e18aea2a458376c523c9b6c2980237071f/kobon-triangles/added/g38/n39_468_38-vtuinib7jnko-grow.json,,efcb0065,Filename/path inference; editable in the app
346537,kobon-triangles/added/g38/n39_469_38-135k8r8rq6emg-grow.json,Kobon triangles,821,Pinned collected revision; final designation governed by team receipt | f462d8e18aea2a458376c523c9b6c2980237071f,https://codeload.github.com/Rohith18p/rsi-kobon-triangles/zip/f462d8e18aea2a458376c523c9b6c2980237071f,,contestants/E57/13-archives/E57-Rohith18p-rsi-kobon-triangles-f462d8e18aea2a458376c523c9b6c2980237071f.zip,rsi-kobon-triangles-f462d8e18aea2a458376c523c9b6c2980237071f/kobon-triangles/added/g38/n39_469_38-135k8r8rq6emg-grow.json,,08e936b3,Filename/path inference; editable in the app
346538,kobon-triangles/added/g38/n39_469_38-1jxozdwzs7yme-grow.json,Kobon triangles,1069,Pinned collected revision; final designation governed by team receipt | f462d8e18aea2a458376c523c9b6c2980237071f,https://codeload.github.com/Rohith18p/rsi-kobon-triangles/zip/f462d8e18aea2a458376c523c9b6c2980237071f,,contestants/E57/13-archives/E57-Rohith18p-rsi-kobon-triangles-f462d8e18aea2a458376c523c9b6c2980237071f.zip,rsi-kobon-triangles-f462d8e18aea2a458376c523c9b6c2980237071f/kobon-triangles/added/g38/n39_469_38-1jxozdwzs7yme-grow.json,,42e4608d,Filename/path inference; editable in the app
346539,kobon-triangles/added/g38/n39_469_38-1l8x1qx7on4je-grow.json,Kobon triangles,1052,Pinned collected revision; final designation governed by team receipt | f462d8e18aea2a458376c523c9b6c2980237071f,https://codeload.github.com/Rohith18p/rsi-kobon-triangles/zip/f462d8e18aea2a458376c523c9b6c2980237071f,,contestants/E57/13-archives/E57-Rohith18p-rsi-kobon-triangles-f462d8e18aea2a458376c523c9b6c2980237071f.zip,rsi-kobon-triangles-f462d8e18aea2a458376c523c9b6c2980237071f/kobon-triangles/added/g38/n39_469_38-1l8x1qx7on4je-grow.json,,0d44fc92,Filename/path inference; editable in the app
346540,kobon-triangles/added/g38/n39_469_38-1p7vode3q6dyy-grow.json,Kobon triangles,931,Pinned collected revision; final designation governed by team receipt | f462d8e18aea2a458376c523c9b6c2980237071f,https://codeload.github.com/Rohith18p/rsi-kobon-triangles/zip/f462d8e18aea2a458376c523c9b6c2980237071f,,contestants/E57/13-archives/E57-Rohith18p-rsi-kobon-triangles-f462d8e18aea2a458376c523c9b6c2980237071f.zip,rsi-kobon-triangles-f462d8e18aea2a458376c523c9b6c2980237071f/kobon-triangles/added/g38/n39_469_38-1p7vode3q6dyy-grow.json,,806fa1d6,Filename/path inference; editable in the app
346541,kobon-triangles/added/g38/n39_469_38-1tsnh2erc4so-grow.json,Kobon triangles,867,Pinned collected revision; final designation governed by team receipt | f462d8e18aea2a458376c523c9b6c2980237071f,https://codeload.github.com/Rohith18p/rsi-kobon-triangles/zip/f462d8e18aea2a458376c523c9b6c2980237071f,,contestants/E57/13-archives/E57-Rohith18p-rsi-kobon-triangles-f462d8e18aea2a458376c523c9b6c2980237071f.zip,rsi-kobon-triangles-f462d8e18aea2a458376c523c9b6c2980237071f/kobon-triangles/added/g38/n39_469_38-1tsnh2erc4so-grow.json,,57c45fdd,Filename/path inference; editable in the app
346542,kobon-triangles/added/g38/n39_469_38-1v2nbxpxy72l4-grow.json,Kobon triangles,1129,Pinned collected revision; final designation governed by team receipt | f462d8e18aea2a458376c523c9b6c2980237071f,https://codeload.github.com/Rohith18p/rsi-kobon-triangles/zip/f462d8e18aea2a458376c523c9b6c2980237071f,,contestants/E57/13-archives/E57-Rohith18p-rsi-kobon-triangles-f462d8e18aea2a458376c523c9b6c2980237071f.zip,rsi-kobon-triangles-f462d8e18aea2a458376c523c9b6c2980237071f/kobon-triangles/added/g38/n39_469_38-1v2nbxpxy72l4-grow.json,,a081c58c,Filename/path inference; editable in the app
346543,kobon-triangles/added/g38/n39_469_38-1vcyz5otyi77c-grow.json,Kobon triangles,1105,Pinned collected revision; final designation governed by team receipt | f462d8e18aea2a458376c523c9b6c2980237071f,https://codeload.github.com/Rohith18p/rsi-kobon-triangles/zip/f462d8e18aea2a458376c523c9b6c2980237071f,,contestants/E57/13-archives/E57-Rohith18p-rsi-kobon-triangles-f462d8e18aea2a458376c523c9b6c2980237071f.zip,rsi-kobon-triangles-f462d8e18aea2a458376c523c9b6c2980237071f/kobon-triangles/added/g38/n39_469_38-1vcyz5otyi77c-grow.json,,5d2c98d4,Filename/path inference; editable in the app
346544,kobon-triangles/added/g38/n39_469_38-1w4z61c1q4d5w-grow.json,Kobon triangles,948,Pinned collected revision; final designation governed by team receipt | f462d8e18aea2a458376c523c9b6c2980237071f,https://codeload.github.com/Rohith18p/rsi-kobon-triangles/zip/f462d8e18aea2a458376c523c9b6c2980237071f,,contestants/E57/13-archives/E57-Rohith18p-rsi-kobon-triangles-f462d8e18aea2a458376c523c9b6c2980237071f.zip,rsi-kobon-triangles-f462d8e18aea2a458376c523c9b6c2980237071f/kobon-triangles/added/g38/n39_469_38-1w4z61c1q4d5w-grow.json,,e2b4c543,Filename/path inference; editable in the app
346545,kobon-triangles/added/g38/n39_469_38-1wsbjot2hl9x2-grow.json,Kobon triangles,955,Pinned collected revision; final designation governed by team receipt | f462d8e18aea2a458376c523c9b6c2980237071f,https://codeload.github.com/Rohith18p/rsi-kobon-triangles/zip/f462d8e18aea2a458376c523c9b6c2980237071f,,contestants/E57/13-archives/E57-Rohith18p-rsi-kobon-triangles-f462d8e18aea2a458376c523c9b6c2980237071f.zip,rsi-kobon-triangles-f462d8e18aea2a458376c523c9b6c2980237071f/kobon-triangles/added/g38/n39_469_38-1wsbjot2hl9x2-grow.json,,6c5e5c95,Filename/path inference; editable in the app
346546,kobon-triangles/added/g38/n39_469_38-28w3u1trhx63k-grow.json,Kobon triangles,1009,Pinned collected revision; final designation governed by team receipt | f462d8e18aea2a458376c523c9b6c2980237071f,https://codeload.github.com/Rohith18p/rsi-kobon-triangles/zip/f462d8e18aea2a458376c523c9b6c2980237071f,,contestants/E57/13-archives/E57-Rohith18p-rsi-kobon-triangles-f462d8e18aea2a458376c523c9b6c2980237071f.zip,rsi-kobon-triangles-f462d8e18aea2a458376c523c9b6c2980237071f/kobon-triangles/added/g38/n39_469_38-28w3u1trhx63k-grow.json,,2a88bcc8,Filename/path inference; editable in the app
346547,kobon-triangles/added/g38/n39_469_38-2ym3j0hs8nq14-grow.json,Kobon triangles,1182,Pinned collected revision; final designation governed by team receipt | f462d8e18aea2a458376c523c9b6c2980237071f,https://codeload.github.com/Rohith18p/rsi-kobon-triangles/zip/f462d8e18aea2a458376c523c9b6c2980237071f,,contestants/E57/13-archives/E57-Rohith18p-rsi-kobon-triangles-f462d8e18aea2a458376c523c9b6c2980237071f.zip,rsi-kobon-triangles-f462d8e18aea2a458376c523c9b6c2980237071f/kobon-triangles/added/g38/n39_469_38-2ym3j0hs8nq14-grow.json,,7c7c388e,Filename/path inference; editable in the app
346548,kobon-triangles/added/g38/n39_469_38-3ebpegkf5ahjc-grow.json,Kobon triangles,910,Pinned collected revision; final designation governed by team receipt | f462d8e18aea2a458376c523c9b6c2980237071f,https://codeload.github.com/Rohith18p/rsi-kobon-triangles/zip/f462d8e18aea2a458376c523c9b6c2980237071f,,contestants/E57/13-archives/E57-Rohith18p-rsi-kobon-triangles-f462d8e18aea2a458376c523c9b6c2980237071f.zip,rsi-kobon-triangles-f462d8e18aea2a458376c523c9b6c2980237071f/kobon-triangles/added/g38/n39_469_38-3ebpegkf5ahjc-grow.json,,c2f94392,Filename/path inference; editable in the app
346549,kobon-triangles/added/g38/n39_469_38-3hk3jrg8203i0-grow.json,Kobon triangles,1164,Pinned collected revision; final designation governed by team receipt | f462d8e18aea2a458376c523c9b6c2980237071f,https://codeload.github.com/Rohith18p/rsi-kobon-triangles/zip/f462d8e18aea2a458376c523c9b6c2980237071f,,contestants/E57/13-archives/E57-Rohith18p-rsi-kobon-triangles-f462d8e18aea2a458376c523c9b6c2980237071f.zip,rsi-kobon-triangles-f462d8e18aea2a458376c523c9b6c2980237071f/kobon-triangles/added/g38/n39_469_38-3hk3jrg8203i0-grow.json,,9cf7885f,Filename/path inference; editable in the app
346550,kobon-triangles/added/g38/n39_469_38-3o1ttbgj3g2lk-grow.json,Kobon triangles,953,Pinned collected revision; final designation governed by team receipt | f462d8e18aea2a458376c523c9b6c2980237071f,https://codeload.github.com/Rohith18p/rsi-kobon-triangles/zip/f462d8e18aea2a458376c523c9b6c2980237071f,,contestants/E57/13-archives/E57-Rohith18p-rsi-kobon-triangles-f462d8e18aea2a458376c523c9b6c2980237071f.zip,rsi-kobon-triangles-f462d8e18aea2a458376c523c9b6c2980237071f/kobon-triangles/added/g38/n39_469_38-3o1ttbgj3g2lk-grow.json,,6162be89,Filename/path inference; editable in the app
346551,kobon-triangles/added/g38/n39_469_38-ci44jw841k3c-grow.json,Kobon triangles,969,Pinned collected revision; final designation governed by team receipt | f462d8e18aea2a458376c523c9b6c2980237071f,https://codeload.github.com/Rohith18p/rsi-kobon-triangles/zip/f462d8e18aea2a458376c523c9b6c2980237071f,,contestants/E57/13-archives/E57-Rohith18p-rsi-kobon-triangles-f462d8e18aea2a458376c523c9b6c2980237071f.zip,rsi-kobon-triangles-f462d8e18aea2a458376c523c9b6c2980237071f/kobon-triangles/added/g38/n39_469_38-ci44jw841k3c-grow.json,,48e4b754,Filename/path inference; editable in the app
346552,kobon-triangles/added/g38/n39_469_38-im3madloxh82-grow.json,Kobon triangles,988,Pinned collected revision; final designation governed by team receipt | f462d8e18aea2a458376c523c9b6c2980237071f,https://codeload.github.com/Rohith18p/rsi-kobon-triangles/zip/f462d8e18aea2a458376c523c9b6c2980237071f,,contestants/E57/13-archives/E57-Rohith18p-rsi-kobon-triangles-f462d8e18aea2a458376c523c9b6c2980237071f.zip,rsi-kobon-triangles-f462d8e18aea2a458376c523c9b6c2980237071f/kobon-triangles/added/g38/n39_469_38-im3madloxh82-grow.json,,03b55940,Filename/path inference; editable in the app
346553,kobon-triangles/added/g38/n39_469_38-jixax0enec4q-grow.json,Kobon triangles,999,Pinned collected revision; final designation governed by team receipt | f462d8e18aea2a458376c523c9b6c2980237071f,https://codeload.github.com/Rohith18p/rsi-kobon-triangles/zip/f462d8e18aea2a458376c523c9b6c2980237071f,,contestants/E57/13-archives/E57-Rohith18p-rsi-kobon-triangles-f462d8e18aea2a458376c523c9b6c2980237071f.zip,rsi-kobon-triangles-f462d8e18aea2a458376c523c9b6c2980237071f/kobon-triangles/added/g38/n39_469_38-jixax0enec4q-grow.json,,a828a14b,Filename/path inference; editable in the app
346554,kobon-triangles/added/g38/n39_469_38-jp97h1j3z46k-grow.json,Kobon triangles,981,Pinned collected revision; final designation governed by team receipt | f462d8e18aea2a458376c523c9b6c2980237071f,https://codeload.github.com/Rohith18p/rsi-kobon-triangles/zip/f462d8e18aea2a458376c523c9b6c2980237071f,,contestants/E57/13-archives/E57-Rohith18p-rsi-kobon-triangles-f462d8e18aea2a458376c523c9b6c2980237071f.zip,rsi-kobon-triangles-f462d8e18aea2a458376c523c9b6c2980237071f/kobon-triangles/added/g38/n39_469_38-jp97h1j3z46k-grow.json,,a7474fe3,Filename/path inference; editable in the app
346555,kobon-triangles/added/g38/n39_469_38-n1vwp9oi63bo-grow.json,Kobon triangles,1120,Pinned collected revision; final designation governed by team receipt | f462d8e18aea2a458376c523c9b6c2980237071f,https://codeload.github.com/Rohith18p/rsi-kobon-triangles/zip/f462d8e18aea2a458376c523c9b6c2980237071f,,contestants/E57/13-archives/E57-Rohith18p-rsi-kobon-triangles-f462d8e18aea2a458376c523c9b6c2980237071f.zip,rsi-kobon-triangles-f462d8e18aea2a458376c523c9b6c2980237071f/kobon-triangles/added/g38/n39_469_38-n1vwp9oi63bo-grow.json,,b6635a76,Filename/path inference; editable in the app
346556,kobon-triangles/added/g38/n39_470_38-15ozwt43anbui-grow.json,Kobon triangles,1015,Pinned collected revision; final designation governed by team receipt | f462d8e18aea2a458376c523c9b6c2980237071f,https://codeload.github.com/Rohith18p/rsi-kobon-triangles/zip/f462d8e18aea2a458376c523c9b6c2980237071f,,contestants/E57/13-archives/E57-Rohith18p-rsi-kobon-triangles-f462d8e18aea2a458376c523c9b6c2980237071f.zip,rsi-kobon-triangles-f462d8e18aea2a458376c523c9b6c2980237071f/kobon-triangles/added/g38/n39_470_38-15ozwt43anbui-grow.json,,2dc46e8f,Filename/path inference; editable in the app
346557,kobon-triangles/added/g38/n39_470_38-1v8mw732nh41m-grow.json,Kobon triangles,980,Pinned collected revision; final designation governed by team receipt | f462d8e18aea2a458376c523c9b6c2980237071f,https://codeload.github.com/Rohith18p/rsi-kobon-triangles/zip/f462d8e18aea2a458376c523c9b6c2980237071f,,contestants/E57/13-archives/E57-Rohith18p-rsi-kobon-triangles-f462d8e18aea2a458376c523c9b6c2980237071f.zip,rsi-kobon-triangles-f462d8e18aea2a458376c523c9b6c2980237071f/kobon-triangles/added/g38/n39_470_38-1v8mw732nh41m-grow.json,,6851f253,Filename/path inference; editable in the app
346558,kobon-triangles/added/g38/n39_470_38-1xf8qqgn96wzi-grow.json,Kobon triangles,1008,Pinned collected revision; final designation governed by team receipt | f462d8e18aea2a458376c523c9b6c2980237071f,https://codeload.github.com/Rohith18p/rsi-kobon-triangles/zip/f462d8e18aea2a458376c523c9b6c2980237071f,,contestants/E57/13-archives/E57-Rohith18p-rsi-kobon-triangles-f462d8e18aea2a458376c523c9b6c2980237071f.zip,rsi-kobon-triangles-f462d8e18aea2a458376c523c9b6c2980237071f/kobon-triangles/added/g38/n39_470_38-1xf8qqgn96wzi-grow.json,,55a99fd1,Filename/path inference; editable in the app
346559,kobon-triangles/added/g38/n39_470_38-2a2r81ipzf5by-grow.json,Kobon triangles,1127,Pinned collected revision; final designation governed by team receipt | f462d8e18aea2a458376c523c9b6c2980237071f,https://codeload.github.com/Rohith18p/rsi-kobon-triangles/zip/f462d8e18aea2a458376c523c9b6c2980237071f,,contestants/E57/13-archives/E57-Rohith18p-rsi-kobon-triangles-f462d8e18aea2a458376c523c9b6c2980237071f.zip,rsi-kobon-triangles-f462d8e18aea2a458376c523c9b6c2980237071f/kobon-triangles/added/g38/n39_470_38-2a2r81ipzf5by-grow.json,,bae84bd3,Filename/path inference; editable in the app
346560,kobon-triangles/added/g38/n39_470_38-2jwrwxg032wq0-grow.json,Kobon triangles,958,Pinned collected revision; final designation governed by team receipt | f462d8e18aea2a458376c523c9b6c2980237071f,https://codeload.github.com/Rohith18p/rsi-kobon-triangles/zip/f462d8e18aea2a458376c523c9b6c2980237071f,,contestants/E57/13-archives/E57-Rohith18p-rsi-kobon-triangles-f462d8e18aea2a458376c523c9b6c2980237071f.zip,rsi-kobon-triangles-f462d8e18aea2a458376c523c9b6c2980237071f/kobon-triangles/added/g38/n39_470_38-2jwrwxg032wq0-grow.json,,89c5cf5f,Filename/path inference; editable in the app
346561,kobon-triangles/added/g38/n39_470_38-2nya4v3706c5g-grow.json,Kobon triangles,1059,Pinned collected revision; final designation governed by team receipt | f462d8e18aea2a458376c523c9b6c2980237071f,https://codeload.github.com/Rohith18p/rsi-kobon-triangles/zip/f462d8e18aea2a458376c523c9b6c2980237071f,,contestants/E57/13-archives/E57-Rohith18p-rsi-kobon-triangles-f462d8e18aea2a458376c523c9b6c2980237071f.zip,rsi-kobon-triangles-f462d8e18aea2a458376c523c9b6c2980237071f/kobon-triangles/added/g38/n39_470_38-2nya4v3706c5g-grow.json,,5a6925e8,Filename/path inference; editable in the app
346562,kobon-triangles/added/g38/n39_470_38-3dij0j432ovly-grow.json,Kobon triangles,1001,Pinned collected revision; final designation governed by team receipt | f462d8e18aea2a458376c523c9b6c2980237071f,https://codeload.github.com/Rohith18p/rsi-kobon-triangles/zip/f462d8e18aea2a458376c523c9b6c2980237071f,,contestants/E57/13-archives/E57-Rohith18p-rsi-kobon-triangles-f462d8e18aea2a458376c523c9b6c2980237071f.zip,rsi-kobon-triangles-f462d8e18aea2a458376c523c9b6c2980237071f/kobon-triangles/added/g38/n39_470_38-3dij0j432ovly-grow.json,,067ba5c1,Filename/path inference; editable in the app
346563,kobon-triangles/added/g38/n39_470_38-3hwrr6b81hu5s-grow.json,Kobon triangles,972,Pinned collected revision; final designation governed by team receipt | f462d8e18aea2a458376c523c9b6c2980237071f,https://codeload.github.com/Rohith18p/rsi-kobon-triangles/zip/f462d8e18aea2a458376c523c9b6c2980237071f,,contestants/E57/13-archives/E57-Rohith18p-rsi-kobon-triangles-f462d8e18aea2a458376c523c9b6c2980237071f.zip,rsi-kobon-triangles-f462d8e18aea2a458376c523c9b6c2980237071f/kobon-triangles/added/g38/n39_470_38-3hwrr6b81hu5s-grow.json,,90ee97c0,Filename/path inference; editable in the app
346564,kobon-triangles/added/g38/n39_470_38-74kq3v76alw-grow.json,Kobon triangles,949,Pinned collected revision; final designation governed by team receipt | f462d8e18aea2a458376c523c9b6c2980237071f,https://codeload.github.com/Rohith18p/rsi-kobon-triangles/zip/f462d8e18aea2a458376c523c9b6c2980237071f,,contestants/E57/13-archives/E57-Rohith18p-rsi-kobon-triangles-f462d8e18aea2a458376c523c9b6c2980237071f.zip,rsi-kobon-triangles-f462d8e18aea2a458376c523c9b6c2980237071f/kobon-triangles/added/g38/n39_470_38-74kq3v76alw-grow.json,,ec368c69,Filename/path inference; editable in the app
346565,kobon-triangles/added/g38/n39_470_38-j3l3am3k8n68-grow.json,Kobon triangles,1008,Pinned collected revision; final designation governed by team receipt | f462d8e18aea2a458376c523c9b6c2980237071f,https://codeload.github.com/Rohith18p/rsi-kobon-triangles/zip/f462d8e18aea2a458376c523c9b6c2980237071f,,contestants/E57/13-archives/E57-Rohith18p-rsi-kobon-triangles-f462d8e18aea2a458376c523c9b6c2980237071f.zip,rsi-kobon-triangles-f462d8e18aea2a458376c523c9b6c2980237071f/kobon-triangles/added/g38/n39_470_38-j3l3am3k8n68-grow.json,,5b39ce8c,Filename/path inference; editable in the app
346566,kobon-triangles/added/g38/n39_470_38-zdh4d8nnmnc4-grow.json,Kobon triangles,936,Pinned collected revision; final designation governed by team receipt | f462d8e18aea2a458376c523c9b6c2980237071f,https://codeload.github.com/Rohith18p/rsi-kobon-triangles/zip/f462d8e18aea2a458376c523c9b6c2980237071f,,contestants/E57/13-archives/E57-Rohith18p-rsi-kobon-triangles-f462d8e18aea2a458376c523c9b6c2980237071f.zip,rsi-kobon-triangles-f462d8e18aea2a458376c523c9b6c2980237071f/kobon-triangles/added/g38/n39_470_38-zdh4d8nnmnc4-grow.json,,36c9d853,Filename/path inference; editable in the app
346567,kobon-triangles/added/n38_448_p37-add.json,Kobon triangles,2257,Pinned collected revision; final designation governed by team receipt | f462d8e18aea2a458376c523c9b6c2980237071f,https://codeload.github.com/Rohith18p/rsi-kobon-triangles/zip/f462d8e18aea2a458376c523c9b6c2980237071f,,contestants/E57/13-archives/E57-Rohith18p-rsi-kobon-triangles-f462d8e18aea2a458376c523c9b6c2980237071f.zip,rsi-kobon-triangles-f462d8e18aea2a458376c523c9b6c2980237071f/kobon-triangles/added/n38_448_p37-add.json,,0c37d681,Filename/path inference; editable in the app
346568,kobon-triangles/added/n39_467_p37-add.json,Kobon triangles,2304,Pinned collected revision; final designation governed by team receipt | f462d8e18aea2a458376c523c9b6c2980237071f,https://codeload.github.com/Rohith18p/rsi-kobon-triangles/zip/f462d8e18aea2a458376c523c9b6c2980237071f,,contestants/E57/13-archives/E57-Rohith18p-rsi-kobon-triangles-f462d8e18aea2a458376c523c9b6c2980237071f.zip,rsi-kobon-triangles-f462d8e18aea2a458376c523c9b6c2980237071f/kobon-triangles/added/n39_467_p37-add.json,,1505f32a,Filename/path inference; editable in the app
346569,kobon-triangles/added/n39_468_p38-add.json,Kobon triangles,2346,Pinned collected revision; final designation governed by team receipt | f462d8e18aea2a458376c523c9b6c2980237071f,https://codeload.github.com/Rohith18p/rsi-kobon-triangles/zip/f462d8e18aea2a458376c523c9b6c2980237071f,,contestants/E57/13-archives/E57-Rohith18p-rsi-kobon-triangles-f462d8e18aea2a458376c523c9b6c2980237071f.zip,rsi-kobon-triangles-f462d8e18aea2a458376c523c9b6c2980237071f/kobon-triangles/added/n39_468_p38-add.json,,e35b9259,Filename/path inference; editable in the app
346570,kobon-triangles/added/n39_469_u38-grow.json,Kobon triangles,1052,Pinned collected revision; final designation governed by team receipt | f462d8e18aea2a458376c523c9b6c2980237071f,https://codeload.github.com/Rohith18p/rsi-kobon-triangles/zip/f462d8e18aea2a458376c523c9b6c2980237071f,,contestants/E57/13-archives/E57-Rohith18p-rsi-kobon-triangles-f462d8e18aea2a458376c523c9b6c2980237071f.zip,rsi-kobon-triangles-f462d8e18aea2a458376c523c9b6c2980237071f/kobon-triangles/added/n39_469_u38-grow.json,,0d44fc92,Filename/path inference; editable in the app
346571,kobon-triangles/added/n40_468_p38-add.json,Kobon triangles,2218,Pinned collected revision; final designation governed by team receipt | f462d8e18aea2a458376c523c9b6c2980237071f,https://codeload.github.com/Rohith18p/rsi-kobon-triangles/zip/f462d8e18aea2a458376c523c9b6c2980237071f,,contestants/E57/13-archives/E57-Rohith18p-rsi-kobon-triangles-f462d8e18aea2a458376c523c9b6c2980237071f.zip,rsi-kobon-triangles-f462d8e18aea2a458376c523c9b6c2980237071f/kobon-triangles/added/n40_468_p38-add.json,,b0f2fa60,Filename/path inference; editable in the app
346572,kobon-triangles/added/n40_469_g39-grow.json,Kobon triangles,1098,Pinned collected revision; final designation governed by team receipt | f462d8e18aea2a458376c523c9b6c2980237071f,https://codeload.github.com/Rohith18p/rsi-kobon-triangles/zip/f462d8e18aea2a458376c523c9b6c2980237071f,,contestants/E57/13-archives/E57-Rohith18p-rsi-kobon-triangles-f462d8e18aea2a458376c523c9b6c2980237071f.zip,rsi-kobon-triangles-f462d8e18aea2a458376c523c9b6c2980237071f/kobon-triangles/added/n40_469_g39-grow.json,,86c425be,Filename/path inference; editable in the app
346573,kobon-triangles/added/n40_477_p38-add.json,Kobon triangles,2392,Pinned collected revision; final designation governed by team receipt | f462d8e18aea2a458376c523c9b6c2980237071f,https://codeload.github.com/Rohith18p/rsi-kobon-triangles/zip/f462d8e18aea2a458376c523c9b6c2980237071f,,contestants/E57/13-archives/E57-Rohith18p-rsi-kobon-triangles-f462d8e18aea2a458376c523c9b6c2980237071f.zip,rsi-kobon-triangles-f462d8e18aea2a458376c523c9b6c2980237071f/kobon-triangles/added/n40_477_p38-add.json,,8a3806df,Filename/path inference; editable in the app
346574,kobon-triangles/added/n40_478_u38-grow.json,Kobon triangles,1098,Pinned collected revision; final designation governed by team receipt | f462d8e18aea2a458376c523c9b6c2980237071f,https://codeload.github.com/Rohith18p/rsi-kobon-triangles/zip/f462d8e18aea2a458376c523c9b6c2980237071f,,contestants/E57/13-archives/E57-Rohith18p-rsi-kobon-triangles-f462d8e18aea2a458376c523c9b6c2980237071f.zip,rsi-kobon-triangles-f462d8e18aea2a458376c523c9b6c2980237071f/kobon-triangles/added/n40_478_u38-grow.json,,c18bcebd,Filename/path inference; editable in the app
346575,kobon-triangles/added/n40_494_tp39-tp.json,Kobon triangles,1136,Pinned collected revision; final designation governed by team receipt | f462d8e18aea2a458376c523c9b6c2980237071f,https://codeload.github.com/Rohith18p/rsi-kobon-triangles/zip/f462d8e18aea2a458376c523c9b6c2980237071f,,contestants/E57/13-archives/E57-Rohith18p-rsi-kobon-triangles-f462d8e18aea2a458376c523c9b6c2980237071f.zip,rsi-kobon-triangles-f462d8e18aea2a458376c523c9b6c2980237071f/kobon-triangles/added/n40_494_tp39-tp.json,,09594deb,Filename/path inference; editable in the app
346576,kobon-triangles/added/n43_575_p42-add.json,Kobon triangles,2372,Pinned collected revision; final designation governed by team receipt | f462d8e18aea2a458376c523c9b6c2980237071f,https://codeload.github.com/Rohith18p/rsi-kobon-triangles/zip/f462d8e18aea2a458376c523c9b6c2980237071f,,contestants/E57/13-archives/E57-Rohith18p-rsi-kobon-triangles-f462d8e18aea2a458376c523c9b6c2980237071f.zip,rsi-kobon-triangles-f462d8e18aea2a458376c523c9b6c2980237071f/kobon-triangles/added/n43_575_p42-add.json,,fbfcdc78,Filename/path inference; editable in the app
346577,kobon-triangles/added/n44_586_p42-add.json,Kobon triangles,2416,Pinned collected revision; final designation governed by team receipt | f462d8e18aea2a458376c523c9b6c2980237071f,https://codeload.github.com/Rohith18p/rsi-kobon-triangles/zip/f462d8e18aea2a458376c523c9b6c2980237071f,,contestants/E57/13-archives/E57-Rohith18p-rsi-kobon-triangles-f462d8e18aea2a458376c523c9b6c2980237071f.zip,rsi-kobon-triangles-f462d8e18aea2a458376c523c9b6c2980237071f/kobon-triangles/added/n44_586_p42-add.json,,3162172d,Filename/path inference; editable in the app
346578,kobon-triangles/added/n44_607_u4313tuf-grow.json,Kobon triangles,2664,Pinned collected revision; final designation governed by team receipt | f462d8e18aea2a458376c523c9b6c2980237071f,https://codeload.github.com/Rohith18p/rsi-kobon-triangles/zip/f462d8e18aea2a458376c523c9b6c2980237071f,,contestants/E57/13-archives/E57-Rohith18p-rsi-kobon-triangles-f462d8e18aea2a458376c523c9b6c2980237071f.zip,rsi-kobon-triangles-f462d8e18aea2a458376c523c9b6c2980237071f/kobon-triangles/added/n44_607_u4313tuf-grow.json,,32fe4870,Filename/path inference; editable in the app
346579,kobon-triangles/added/n44_608_u4310jmz-grow.json,Kobon triangles,2641,Pinned collected revision; final designation governed by team receipt | f462d8e18aea2a458376c523c9b6c2980237071f,https://codeload.github.com/Rohith18p/rsi-kobon-triangles/zip/f462d8e18aea2a458376c523c9b6c2980237071f,,contestants/E57/13-archives/E57-Rohith18p-rsi-kobon-triangles-f462d8e18aea2a458376c523c9b6c2980237071f.zip,rsi-kobon-triangles-f462d8e18aea2a458376c523c9b6c2980237071f/kobon-triangles/added/n44_608_u4310jmz-grow.json,,98d4304d,Filename/path inference; editable in the app
346580,kobon-triangles/added/n44_608_u4312wy7-grow.json,Kobon triangles,2628,Pinned collected revision; final designation governed by team receipt | f462d8e18aea2a458376c523c9b6c2980237071f,https://codeload.github.com/Rohith18p/rsi-kobon-triangles/zip/f462d8e18aea2a458376c523c9b6c2980237071f,,contestants/E57/13-archives/E57-Rohith18p-rsi-kobon-triangles-f462d8e18aea2a458376c523c9b6c2980237071f.zip,rsi-kobon-triangles-f462d8e18aea2a458376c523c9b6c2980237071f/kobon-triangles/added/n44_608_u4312wy7-grow.json,,65d15795,Filename/path inference; editable in the app
346581,kobon-triangles/added/n47_689_u46-grow.json,Kobon triangles,2760,Pinned collected revision; final designation governed by team receipt | f462d8e18aea2a458376c523c9b6c2980237071f,https://codeload.github.com/Rohith18p/rsi-kobon-triangles/zip/f462d8e18aea2a458376c523c9b6c2980237071f,,contestants/E57/13-archives/E57-Rohith18p-rsi-kobon-triangles-f462d8e18aea2a458376c523c9b6c2980237071f.zip,rsi-kobon-triangles-f462d8e18aea2a458376c523c9b6c2980237071f/kobon-triangles/added/n47_689_u46-grow.json,,ffef6ec6,Filename/path inference; editable in the app
346582,kobon-triangles/added/n47_691_p46-add.json,Kobon triangles,2562,Pinned collected revision; final designation governed by team receipt | f462d8e18aea2a458376c523c9b6c2980237071f,https://codeload.github.com/Rohith18p/rsi-kobon-triangles/zip/f462d8e18aea2a458376c523c9b6c2980237071f,,contestants/E57/13-archives/E57-Rohith18p-rsi-kobon-triangles-f462d8e18aea2a458376c523c9b6c2980237071f.zip,rsi-kobon-triangles-f462d8e18aea2a458376c523c9b6c2980237071f/kobon-triangles/added/n47_691_p46-add.json,,7df2b65c,Filename/path inference; editable in the app
346583,kobon-triangles/added/n48_691_p46-add.json,Kobon triangles,2611,Pinned collected revision; final designation governed by team receipt | f462d8e18aea2a458376c523c9b6c2980237071f,https://codeload.github.com/Rohith18p/rsi-kobon-triangles/zip/f462d8e18aea2a458376c523c9b6c2980237071f,,contestants/E57/13-archives/E57-Rohith18p-rsi-kobon-triangles-f462d8e18aea2a458376c523c9b6c2980237071f.zip,rsi-kobon-triangles-f462d8e18aea2a458376c523c9b6c2980237071f/kobon-triangles/added/n48_691_p46-add.json,,b55f2e7d,Filename/path inference; editable in the app
346584,kobon-triangles/added/n48_700_u46-grow.json,Kobon triangles,2805,Pinned collected revision; final designation governed by team receipt | f462d8e18aea2a458376c523c9b6c2980237071f,https://codeload.github.com/Rohith18p/rsi-kobon-triangles/zip/f462d8e18aea2a458376c523c9b6c2980237071f,,contestants/E57/13-archives/E57-Rohith18p-rsi-kobon-triangles-f462d8e18aea2a458376c523c9b6c2980237071f.zip,rsi-kobon-triangles-f462d8e18aea2a458376c523c9b6c2980237071f/kobon-triangles/added/n48_700_u46-grow.json,,ad881788,Filename/path inference; editable in the app
346585,kobon-triangles/added/n48_702_p46-add.json,Kobon triangles,2607,Pinned collected revision; final designation governed by team receipt | f462d8e18aea2a458376c523c9b6c2980237071f,https://codeload.github.com/Rohith18p/rsi-kobon-triangles/zip/f462d8e18aea2a458376c523c9b6c2980237071f,,contestants/E57/13-archives/E57-Rohith18p-rsi-kobon-triangles-f462d8e18aea2a458376c523c9b6c2980237071f.zip,rsi-kobon-triangles-f462d8e18aea2a458376c523c9b6c2980237071f/kobon-triangles/added/n48_702_p46-add.json,,7a6cd9d7,Filename/path inference; editable in the app
346586,kobon-triangles/added/n48_703_g47-grow.json,Kobon triangles,2607,Pinned collected revision; final designation governed by team receipt | f462d8e18aea2a458376c523c9b6c2980237071f,https://codeload.github.com/Rohith18p/rsi-kobon-triangles/zip/f462d8e18aea2a458376c523c9b6c2980237071f,,contestants/E57/13-archives/E57-Rohith18p-rsi-kobon-triangles-f462d8e18aea2a458376c523c9b6c2980237071f.zip,rsi-kobon-triangles-f462d8e18aea2a458376c523c9b6c2980237071f/kobon-triangles/added/n48_703_g47-grow.json,,b971e9b6,Filename/path inference; editable in the app
346587,kobon-triangles/added/n51_812_u50-grow.json,Kobon triangles,1229,Pinned collected revision; final designation governed by team receipt | f462d8e18aea2a458376c523c9b6c2980237071f,https://codeload.github.com/Rohith18p/rsi-kobon-triangles/zip/f462d8e18aea2a458376c523c9b6c2980237071f,,contestants/E57/13-archives/E57-Rohith18p-rsi-kobon-triangles-f462d8e18aea2a458376c523c9b6c2980237071f.zip,rsi-kobon-triangles-f462d8e18aea2a458376c523c9b6c2980237071f/kobon-triangles/added/n51_812_u50-grow.json,,f2b3a035,Filename/path inference; editable in the app
346588,kobon-triangles/added/n51_812_u501ca8a-grow.json,Kobon triangles,1229,Pinned collected revision; final designation governed by team receipt | f462d8e18aea2a458376c523c9b6c2980237071f,https://codeload.github.com/Rohith18p/rsi-kobon-triangles/zip/f462d8e18aea2a458376c523c9b6c2980237071f,,contestants/E57/13-archives/E57-Rohith18p-rsi-kobon-triangles-f462d8e18aea2a458376c523c9b6c2980237071f.zip,rsi-kobon-triangles-f462d8e18aea2a458376c523c9b6c2980237071f/kobon-triangles/added/n51_812_u501ca8a-grow.json,,f2b3a035,Filename/path inference; editable in the app
346589,kobon-triangles/added/n51_815_u50140ra-grow.json,Kobon triangles,1202,Pinned collected revision; final designation governed by team receipt | f462d8e18aea2a458376c523c9b6c2980237071f,https://codeload.github.com/Rohith18p/rsi-kobon-triangles/zip/f462d8e18aea2a458376c523c9b6c2980237071f,,contestants/E57/13-archives/E57-Rohith18p-rsi-kobon-triangles-f462d8e18aea2a458376c523c9b6c2980237071f.zip,rsi-kobon-triangles-f462d8e18aea2a458376c523c9b6c2980237071f/kobon-triangles/added/n51_815_u50140ra-grow.json,,a89f231b,Filename/path inference; editable in the app
346590,kobon-triangles/added/n51_815_u5021b8v-grow.json,Kobon triangles,1169,Pinned collected revision; final designation governed by team receipt | f462d8e18aea2a458376c523c9b6c2980237071f,https://codeload.github.com/Rohith18p/rsi-kobon-triangles/zip/f462d8e18aea2a458376c523c9b6c2980237071f,,contestants/E57/13-archives/E57-Rohith18p-rsi-kobon-triangles-f462d8e18aea2a458376c523c9b6c2980237071f.zip,rsi-kobon-triangles-f462d8e18aea2a458376c523c9b6c2980237071f/kobon-triangles/added/n51_815_u5021b8v-grow.json,,e0881fcf,Filename/path inference; editable in the app
346591,kobon-triangles/added/n51_815_u5031seu-grow.json,Kobon triangles,1360,Pinned collected revision; final designation governed by team receipt | f462d8e18aea2a458376c523c9b6c2980237071f,https://codeload.github.com/Rohith18p/rsi-kobon-triangles/zip/f462d8e18aea2a458376c523c9b6c2980237071f,,contestants/E57/13-archives/E57-Rohith18p-rsi-kobon-triangles-f462d8e18aea2a458376c523c9b6c2980237071f.zip,rsi-kobon-triangles-f462d8e18aea2a458376c523c9b6c2980237071f/kobon-triangles/added/n51_815_u5031seu-grow.json,,8fdf9592,Filename/path inference; editable in the app
346592,kobon-triangles/added/n52_812_g51-grow.json,Kobon triangles,1278,Pinned collected revision; final designation governed by team receipt | f462d8e18aea2a458376c523c9b6c2980237071f,https://codeload.github.com/Rohith18p/rsi-kobon-triangles/zip/f462d8e18aea2a458376c523c9b6c2980237071f,,contestants/E57/13-archives/E57-Rohith18p-rsi-kobon-triangles-f462d8e18aea2a458376c523c9b6c2980237071f.zip,rsi-kobon-triangles-f462d8e18aea2a458376c523c9b6c2980237071f/kobon-triangles/added/n52_812_g51-grow.json,,9b278962,Filename/path inference; editable in the app
346593,kobon-triangles/added/n52_824_u50-grow.json,Kobon triangles,1270,Pinned collected revision; final designation governed by team receipt | f462d8e18aea2a458376c523c9b6c2980237071f,https://codeload.github.com/Rohith18p/rsi-kobon-triangles/zip/f462d8e18aea2a458376c523c9b6c2980237071f,,contestants/E57/13-archives/E57-Rohith18p-rsi-kobon-triangles-f462d8e18aea2a458376c523c9b6c2980237071f.zip,rsi-kobon-triangles-f462d8e18aea2a458376c523c9b6c2980237071f/kobon-triangles/added/n52_824_u50-grow.json,,6e547553,Filename/path inference; editable in the app
346594,kobon-triangles/added/n54_926_u53-grow.json,Kobon triangles,3214,Pinned collected revision; final designation governed by team receipt | f462d8e18aea2a458376c523c9b6c2980237071f,https://codeload.github.com/Rohith18p/rsi-kobon-triangles/zip/f462d8e18aea2a458376c523c9b6c2980237071f,,contestants/E57/13-archives/E57-Rohith18p-rsi-kobon-triangles-f462d8e18aea2a458376c523c9b6c2980237071f.zip,rsi-kobon-triangles-f462d8e18aea2a458376c523c9b6c2980237071f/kobon-triangles/added/n54_926_u53-grow.json,,d6e1d23d,Filename/path inference; editable in the app
346595,kobon-triangles/added/n55_952_u54-grow.json,Kobon triangles,3267,Pinned collected revision; final designation governed by team receipt | f462d8e18aea2a458376c523c9b6c2980237071f,https://codeload.github.com/Rohith18p/rsi-kobon-triangles/zip/f462d8e18aea2a458376c523c9b6c2980237071f,,contestants/E57/13-archives/E57-Rohith18p-rsi-kobon-triangles-f462d8e18aea2a458376c523c9b6c2980237071f.zip,rsi-kobon-triangles-f462d8e18aea2a458376c523c9b6c2980237071f/kobon-triangles/added/n55_952_u54-grow.json,,d012800c,Filename/path inference; editable in the app
346596,kobon-triangles/added/n55_954_u53-grow.json,Kobon triangles,3260,Pinned collected revision; final designation governed by team receipt | f462d8e18aea2a458376c523c9b6c2980237071f,https://codeload.github.com/Rohith18p/rsi-kobon-triangles/zip/f462d8e18aea2a458376c523c9b6c2980237071f,,contestants/E57/13-archives/E57-Rohith18p-rsi-kobon-triangles-f462d8e18aea2a458376c523c9b6c2980237071f.zip,rsi-kobon-triangles-f462d8e18aea2a458376c523c9b6c2980237071f/kobon-triangles/added/n55_954_u53-grow.json,,26e26e69,Filename/path inference; editable in the app
346597,kobon-triangles/added/n56_966_u53-grow.json,Kobon triangles,3304,Pinned collected revision; final designation governed by team receipt | f462d8e18aea2a458376c523c9b6c2980237071f,https://codeload.github.com/Rohith18p/rsi-kobon-triangles/zip/f462d8e18aea2a458376c523c9b6c2980237071f,,contestants/E57/13-archives/E57-Rohith18p-rsi-kobon-triangles-f462d8e18aea2a458376c523c9b6c2980237071f.zip,rsi-kobon-triangles-f462d8e18aea2a458376c523c9b6c2980237071f/kobon-triangles/added/n56_966_u53-grow.json,,1837d430,Filename/path inference; editable in the app
346598,kobon-triangles/added/n56_966_u54-grow.json,Kobon triangles,3311,Pinned collected revision; final designation governed by team receipt | f462d8e18aea2a458376c523c9b6c2980237071f,https://codeload.github.com/Rohith18p/rsi-kobon-triangles/zip/f462d8e18aea2a458376c523c9b6c2980237071f,,contestants/E57/13-archives/E57-Rohith18p-rsi-kobon-triangles-f462d8e18aea2a458376c523c9b6c2980237071f.zip,rsi-kobon-triangles-f462d8e18aea2a458376c523c9b6c2980237071f/kobon-triangles/added/n56_966_u54-grow.json,,ee9c9813,Filename/path inference; editable in the app
346599,kobon-triangles/added/tp39/n39_470_38-15ozwt43anbui-tp.json,Kobon triangles,1015,Pinned collected revision; final designation governed by team receipt | f462d8e18aea2a458376c523c9b6c2980237071f,https://codeload.github.com/Rohith18p/rsi-kobon-triangles/zip/f462d8e18aea2a458376c523c9b6c2980237071f,,contestants/E57/13-archives/E57-Rohith18p-rsi-kobon-triangles-f462d8e18aea2a458376c523c9b6c2980237071f.zip,rsi-kobon-triangles-f462d8e18aea2a458376c523c9b6c2980237071f/kobon-triangles/added/tp39/n39_470_38-15ozwt43anbui-tp.json,,e3ac0954,Filename/path inference; editable in the app
346600,kobon-triangles/added/tp39/n39_470_38-1v8mw732nh41m-tp.json,Kobon triangles,980,Pinned collected revision; final designation governed by team receipt | f462d8e18aea2a458376c523c9b6c2980237071f,https://codeload.github.com/Rohith18p/rsi-kobon-triangles/zip/f462d8e18aea2a458376c523c9b6c2980237071f,,contestants/E57/13-archives/E57-Rohith18p-rsi-kobon-triangles-f462d8e18aea2a458376c523c9b6c2980237071f.zip,rsi-kobon-triangles-f462d8e18aea2a458376c523c9b6c2980237071f/kobon-triangles/added/tp39/n39_470_38-1v8mw732nh41m-tp.json,,8ca5774f,Filename/path inference; editable in the app
346601,kobon-triangles/added/tp39/n39_470_38-1xf8qqgn96wzi-tp.json,Kobon triangles,1008,Pinned collected revision; final designation governed by team receipt | f462d8e18aea2a458376c523c9b6c2980237071f,https://codeload.github.com/Rohith18p/rsi-kobon-triangles/zip/f462d8e18aea2a458376c523c9b6c2980237071f,,contestants/E57/13-archives/E57-Rohith18p-rsi-kobon-triangles-f462d8e18aea2a458376c523c9b6c2980237071f.zip,rsi-kobon-triangles-f462d8e18aea2a458376c523c9b6c2980237071f/kobon-triangles/added/tp39/n39_470_38-1xf8qqgn96wzi-tp.json,,f535487f,Filename/path inference; editable in the app
346602,kobon-triangles/added/tp39/n39_470_38-2jwrwxg032wq0-tp.json,Kobon triangles,957,Pinned collected revision; final designation governed by team receipt | f462d8e18aea2a458376c523c9b6c2980237071f,https://codeload.github.com/Rohith18p/rsi-kobon-triangles/zip/f462d8e18aea2a458376c523c9b6c2980237071f,,contestants/E57/13-archives/E57-Rohith18p-rsi-kobon-triangles-f462d8e18aea2a458376c523c9b6c2980237071f.zip,rsi-kobon-triangles-f462d8e18aea2a458376c523c9b6c2980237071f/kobon-triangles/added/tp39/n39_470_38-2jwrwxg032wq0-tp.json,,5b3644d3,Filename/path inference; editable in the app
346603,kobon-triangles/added/tp39/n39_470_38-3dij0j432ovly-tp.json,Kobon triangles,1001,Pinned collected revision; final designation governed by team receipt | f462d8e18aea2a458376c523c9b6c2980237071f,https://codeload.github.com/Rohith18p/rsi-kobon-triangles/zip/f462d8e18aea2a458376c523c9b6c2980237071f,,contestants/E57/13-archives/E57-Rohith18p-rsi-kobon-triangles-f462d8e18aea2a458376c523c9b6c2980237071f.zip,rsi-kobon-triangles-f462d8e18aea2a458376c523c9b6c2980237071f/kobon-triangles/added/tp39/n39_470_38-3dij0j432ovly-tp.json,,be9a44f2,Filename/path inference; editable in the app
346604,kobon-triangles/added/tp39/n39_470_38-74kq3v76alw-tp.json,Kobon triangles,951,Pinned collected revision; final designation governed by team receipt | f462d8e18aea2a458376c523c9b6c2980237071f,https://codeload.github.com/Rohith18p/rsi-kobon-triangles/zip/f462d8e18aea2a458376c523c9b6c2980237071f,,contestants/E57/13-archives/E57-Rohith18p-rsi-kobon-triangles-f462d8e18aea2a458376c523c9b6c2980237071f.zip,rsi-kobon-triangles-f462d8e18aea2a458376c523c9b6c2980237071f/kobon-triangles/added/tp39/n39_470_38-74kq3v76alw-tp.json,,7887f1de,Filename/path inference; editable in the app
346605,kobon-triangles/added/tp39/n39_470_38-zdh4d8nnmnc4-tp.json,Kobon triangles,936,Pinned collected revision; final designation governed by team receipt | f462d8e18aea2a458376c523c9b6c2980237071f,https://codeload.github.com/Rohith18p/rsi-kobon-triangles/zip/f462d8e18aea2a458376c523c9b6c2980237071f,,contestants/E57/13-archives/E57-Rohith18p-rsi-kobon-triangles-f462d8e18aea2a458376c523c9b6c2980237071f.zip,rsi-kobon-triangles-f462d8e18aea2a458376c523c9b6c2980237071f/kobon-triangles/added/tp39/n39_470_38-zdh4d8nnmnc4-tp.json,,0472e96a,Filename/path inference; editable in the app
346606,kobon-triangles/added/tp44/n44_607_43-13tuf1p5qdw13_small-tp.json,Kobon triangles,1259,Pinned collected revision; final designation governed by team receipt | f462d8e18aea2a458376c523c9b6c2980237071f,https://codeload.github.com/Rohith18p/rsi-kobon-triangles/zip/f462d8e18aea2a458376c523c9b6c2980237071f,,contestants/E57/13-archives/E57-Rohith18p-rsi-kobon-triangles-f462d8e18aea2a458376c523c9b6c2980237071f.zip,rsi-kobon-triangles-f462d8e18aea2a458376c523c9b6c2980237071f/kobon-triangles/added/tp44/n44_607_43-13tuf1p5qdw13_small-tp.json,,02ccf89b,Filename/path inference; editable in the app
346607,kobon-triangles/added/tp44/n44_608_43-10jmzch1p1e9v_small-tp.json,Kobon triangles,1256,Pinned collected revision; final designation governed by team receipt | f462d8e18aea2a458376c523c9b6c2980237071f,https://codeload.github.com/Rohith18p/rsi-kobon-triangles/zip/f462d8e18aea2a458376c523c9b6c2980237071f,,contestants/E57/13-archives/E57-Rohith18p-rsi-kobon-triangles-f462d8e18aea2a458376c523c9b6c2980237071f.zip,rsi-kobon-triangles-f462d8e18aea2a458376c523c9b6c2980237071f/kobon-triangles/added/tp44/n44_608_43-10jmzch1p1e9v_small-tp.json,,a77f6539,Filename/path inference; editable in the app
346608,kobon-triangles/added/tp44/n44_608_43-12wy77o9j227z_small-tp.json,Kobon triangles,1261,Pinned collected revision; final designation governed by team receipt | f462d8e18aea2a458376c523c9b6c2980237071f,https://codeload.github.com/Rohith18p/rsi-kobon-triangles/zip/f462d8e18aea2a458376c523c9b6c2980237071f,,contestants/E57/13-archives/E57-Rohith18p-rsi-kobon-triangles-f462d8e18aea2a458376c523c9b6c2980237071f.zip,rsi-kobon-triangles-f462d8e18aea2a458376c523c9b6c2980237071f/kobon-triangles/added/tp44/n44_608_43-12wy77o9j227z_small-tp.json,,2edf07e7,Filename/path inference; editable in the app
346609,kobon-triangles/bases/base19_105_s18000.json,Kobon triangles,2137,Pinned collected revision; final designation governed by team receipt | f462d8e18aea2a458376c523c9b6c2980237071f,https://codeload.github.com/Rohith18p/rsi-kobon-triangles/zip/f462d8e18aea2a458376c523c9b6c2980237071f,,contestants/E57/13-archives/E57-Rohith18p-rsi-kobon-triangles-f462d8e18aea2a458376c523c9b6c2980237071f.zip,rsi-kobon-triangles-f462d8e18aea2a458376c523c9b6c2980237071f/kobon-triangles/bases/base19_105_s18000.json,,55f24c26,Filename/path inference; editable in the app
346610,kobon-triangles/bases/base19_105_s18004.json,Kobon triangles,2144,Pinned collected revision; final designation governed by team receipt | f462d8e18aea2a458376c523c9b6c2980237071f,https://codeload.github.com/Rohith18p/rsi-kobon-triangles/zip/f462d8e18aea2a458376c523c9b6c2980237071f,,contestants/E57/13-archives/E57-Rohith18p-rsi-kobon-triangles-f462d8e18aea2a458376c523c9b6c2980237071f.zip,rsi-kobon-triangles-f462d8e18aea2a458376c523c9b6c2980237071f/kobon-triangles/bases/base19_105_s18004.json,,cb52ee0f,Filename/path inference; editable in the app
346611,kobon-triangles/bases/base19_106_s18003.json,Kobon triangles,2116,Pinned collected revision; final designation governed by team receipt | f462d8e18aea2a458376c523c9b6c2980237071f,https://codeload.github.com/Rohith18p/rsi-kobon-triangles/zip/f462d8e18aea2a458376c523c9b6c2980237071f,,contestants/E57/13-archives/E57-Rohith18p-rsi-kobon-triangles-f462d8e18aea2a458376c523c9b6c2980237071f.zip,rsi-kobon-triangles-f462d8e18aea2a458376c523c9b6c2980237071f/kobon-triangles/bases/base19_106_s18003.json,,ddb8e3ad,Filename/path inference; editable in the app
346612,kobon-triangles/bases/base31_287_s30004.json,Kobon triangles,3553,Pinned collected revision; final designation governed by team receipt | f462d8e18aea2a458376c523c9b6c2980237071f,https://codeload.github.com/Rohith18p/rsi-kobon-triangles/zip/f462d8e18aea2a458376c523c9b6c2980237071f,,contestants/E57/13-archives/E57-Rohith18p-rsi-kobon-triangles-f462d8e18aea2a458376c523c9b6c2980237071f.zip,rsi-kobon-triangles-f462d8e18aea2a458376c523c9b6c2980237071f/kobon-triangles/bases/base31_287_s30004.json,,bba24d86,Filename/path inference; editable in the app
346613,kobon-triangles/bases/base31_289_s30001.json,Kobon triangles,3528,Pinned collected revision; final designation governed by team receipt | f462d8e18aea2a458376c523c9b6c2980237071f,https://codeload.github.com/Rohith18p/rsi-kobon-triangles/zip/f462d8e18aea2a458376c523c9b6c2980237071f,,contestants/E57/13-archives/E57-Rohith18p-rsi-kobon-triangles-f462d8e18aea2a458376c523c9b6c2980237071f.zip,rsi-kobon-triangles-f462d8e18aea2a458376c523c9b6c2980237071f/kobon-triangles/bases/base31_289_s30001.json,,4a32900b,Filename/path inference; editable in the app
346614,kobon-triangles/bases/base31_290_s30005.json,Kobon triangles,3532,Pinned collected revision; final designation governed by team receipt | f462d8e18aea2a458376c523c9b6c2980237071f,https://codeload.github.com/Rohith18p/rsi-kobon-triangles/zip/f462d8e18aea2a458376c523c9b6c2980237071f,,contestants/E57/13-archives/E57-Rohith18p-rsi-kobon-triangles-f462d8e18aea2a458376c523c9b6c2980237071f.zip,rsi-kobon-triangles-f462d8e18aea2a458376c523c9b6c2980237071f/kobon-triangles/bases/base31_290_s30005.json,,946beb13,Filename/path inference; editable in the app
346615,kobon-triangles/bases/base35_329_s34002.json,Kobon triangles,3988,Pinned collected revision; final designation governed by team receipt | f462d8e18aea2a458376c523c9b6c2980237071f,https://codeload.github.com/Rohith18p/rsi-kobon-triangles/zip/f462d8e18aea2a458376c523c9b6c2980237071f,,contestants/E57/13-archives/E57-Rohith18p-rsi-kobon-triangles-f462d8e18aea2a458376c523c9b6c2980237071f.zip,rsi-kobon-triangles-f462d8e18aea2a458376c523c9b6c2980237071f/kobon-triangles/bases/base35_329_s34002.json,,f1b5cc22,Filename/path inference; editable in the app
346616,kobon-triangles/bases/base35_333_s34005.json,Kobon triangles,4013,Pinned collected revision; final designation governed by team receipt | f462d8e18aea2a458376c523c9b6c2980237071f,https://codeload.github.com/Rohith18p/rsi-kobon-triangles/zip/f462d8e18aea2a458376c523c9b6c2980237071f,,contestants/E57/13-archives/E57-Rohith18p-rsi-kobon-triangles-f462d8e18aea2a458376c523c9b6c2980237071f.zip,rsi-kobon-triangles-f462d8e18aea2a458376c523c9b6c2980237071f/kobon-triangles/bases/base35_333_s34005.json,,e20db7ac,Filename/path inference; editable in the app
346617,kobon-triangles/bases/base35_338_s34007.json,Kobon triangles,4005,Pinned collected revision; final designation governed by team receipt | f462d8e18aea2a458376c523c9b6c2980237071f,https://codeload.github.com/Rohith18p/rsi-kobon-triangles/zip/f462d8e18aea2a458376c523c9b6c2980237071f,,contestants/E57/13-archives/E57-Rohith18p-rsi-kobon-triangles-f462d8e18aea2a458376c523c9b6c2980237071f.zip,rsi-kobon-triangles-f462d8e18aea2a458376c523c9b6c2980237071f/kobon-triangles/bases/base35_338_s34007.json,,4c2d582e,Filename/path inference; editable in the app
346618,kobon-triangles/bases/n37_429_base19.json,Kobon triangles,3274,Pinned collected revision; final designation governed by team receipt | f462d8e18aea2a458376c523c9b6c2980237071f,https://codeload.github.com/Rohith18p/rsi-kobon-triangles/zip/f462d8e18aea2a458376c523c9b6c2980237071f,,contestants/E57/13-archives/E57-Rohith18p-rsi-kobon-triangles-f462d8e18aea2a458376c523c9b6c2980237071f.zip,rsi-kobon-triangles-f462d8e18aea2a458376c523c9b6c2980237071f/kobon-triangles/bases/n37_429_base19.json,,c2b1e998,Filename/path inference; editable in the app
346619,kobon-triangles/bases/n37_430_base19.json,Kobon triangles,3209,Pinned collected revision; final designation governed by team receipt | f462d8e18aea2a458376c523c9b6c2980237071f,https://codeload.github.com/Rohith18p/rsi-kobon-triangles/zip/f462d8e18aea2a458376c523c9b6c2980237071f,,contestants/E57/13-archives/E57-Rohith18p-rsi-kobon-triangles-f462d8e18aea2a458376c523c9b6c2980237071f.zip,rsi-kobon-triangles-f462d8e18aea2a458376c523c9b6c2980237071f/kobon-triangles/bases/n37_430_base19.json,,16e31dbc,Filename/path inference; editable in the app
346620,kobon-triangles/bases/n61_1187_base31.json,Kobon triangles,5328,Pinned collected revision; final designation governed by team receipt | f462d8e18aea2a458376c523c9b6c2980237071f,https://codeload.github.com/Rohith18p/rsi-kobon-triangles/zip/f462d8e18aea2a458376c523c9b6c2980237071f,,contestants/E57/13-archives/E57-Rohith18p-rsi-kobon-triangles-f462d8e18aea2a458376c523c9b6c2980237071f.zip,rsi-kobon-triangles-f462d8e18aea2a458376c523c9b6c2980237071f/kobon-triangles/bases/n61_1187_base31.json,,d830c1b1,Filename/path inference; editable in the app
346621,kobon-triangles/bases/n61_1189_base31.json,Kobon triangles,5306,Pinned collected revision; final designation governed by team receipt | f462d8e18aea2a458376c523c9b6c2980237071f,https://codeload.github.com/Rohith18p/rsi-kobon-triangles/zip/f462d8e18aea2a458376c523c9b6c2980237071f,,contestants/E57/13-archives/E57-Rohith18p-rsi-kobon-triangles-f462d8e18aea2a458376c523c9b6c2980237071f.zip,rsi-kobon-triangles-f462d8e18aea2a458376c523c9b6c2980237071f/kobon-triangles/bases/n61_1189_base31.json,,e612d85c,Filename/path inference; editable in the app
346622,kobon-triangles/bases/n61_1190_base31.json,Kobon triangles,5291,Pinned collected revision; final designation governed by team receipt | f462d8e18aea2a458376c523c9b6c2980237071f,https://codeload.github.com/Rohith18p/rsi-kobon-triangles/zip/f462d8e18aea2a458376c523c9b6c2980237071f,,contestants/E57/13-archives/E57-Rohith18p-rsi-kobon-triangles-f462d8e18aea2a458376c523c9b6c2980237071f.zip,rsi-kobon-triangles-f462d8e18aea2a458376c523c9b6c2980237071f/kobon-triangles/bases/n61_1190_base31.json,,ea09192c,Filename/path inference; editable in the app
346623,kobon-triangles/bases/n69_1485_base35.json,Kobon triangles,5978,Pinned collected revision; final designation governed by team receipt | f462d8e18aea2a458376c523c9b6c2980237071f,https://codeload.github.com/Rohith18p/rsi-kobon-triangles/zip/f462d8e18aea2a458376c523c9b6c2980237071f,,contestants/E57/13-archives/E57-Rohith18p-rsi-kobon-triangles-f462d8e18aea2a458376c523c9b6c2980237071f.zip,rsi-kobon-triangles-f462d8e18aea2a458376c523c9b6c2980237071f/kobon-triangles/bases/n69_1485_base35.json,,98d5b004,Filename/path inference; editable in the app
346624,kobon-triangles/bases/n69_1489_base35.json,Kobon triangles,5987,Pinned collected revision; final designation governed by team receipt | f462d8e18aea2a458376c523c9b6c2980237071f,https://codeload.github.com/Rohith18p/rsi-kobon-triangles/zip/f462d8e18aea2a458376c523c9b6c2980237071f,,contestants/E57/13-archives/E57-Rohith18p-rsi-kobon-triangles-f462d8e18aea2a458376c523c9b6c2980237071f.zip,rsi-kobon-triangles-f462d8e18aea2a458376c523c9b6c2980237071f/kobon-triangles/bases/n69_1489_base35.json,,6b4791a8,Filename/path inference; editable in the app
346625,kobon-triangles/bases/n69_1494_base35.json,Kobon triangles,5960,Pinned collected revision; final designation governed by team receipt | f462d8e18aea2a458376c523c9b6c2980237071f,https://codeload.github.com/Rohith18p/rsi-kobon-triangles/zip/f462d8e18aea2a458376c523c9b6c2980237071f,,contestants/E57/13-archives/E57-Rohith18p-rsi-kobon-triangles-f462d8e18aea2a458376c523c9b6c2980237071f.zip,rsi-kobon-triangles-f462d8e18aea2a458376c523c9b6c2980237071f/kobon-triangles/bases/n69_1494_base35.json,,3c346a74,Filename/path inference; editable in the app
346626,kobon-triangles/bases/slopes19_105_s18000.json,Kobon triangles,434,Pinned collected revision; final designation governed by team receipt | f462d8e18aea2a458376c523c9b6c2980237071f,https://codeload.github.com/Rohith18p/rsi-kobon-triangles/zip/f462d8e18aea2a458376c523c9b6c2980237071f,,contestants/E57/13-archives/E57-Rohith18p-rsi-kobon-triangles-f462d8e18aea2a458376c523c9b6c2980237071f.zip,rsi-kobon-triangles-f462d8e18aea2a458376c523c9b6c2980237071f/kobon-triangles/bases/slopes19_105_s18000.json,,8478bffa,Filename/path inference; editable in the app
346627,kobon-triangles/bases/slopes19_105_s18004.json,Kobon triangles,420,Pinned collected revision; final designation governed by team receipt | f462d8e18aea2a458376c523c9b6c2980237071f,https://codeload.github.com/Rohith18p/rsi-kobon-triangles/zip/f462d8e18aea2a458376c523c9b6c2980237071f,,contestants/E57/13-archives/E57-Rohith18p-rsi-kobon-triangles-f462d8e18aea2a458376c523c9b6c2980237071f.zip,rsi-kobon-triangles-f462d8e18aea2a458376c523c9b6c2980237071f/kobon-triangles/bases/slopes19_105_s18004.json,,212b9282,Filename/path inference; editable in the app
346628,kobon-triangles/bases/slopes19_106_s18003.json,Kobon triangles,417,Pinned collected revision; final designation governed by team receipt | f462d8e18aea2a458376c523c9b6c2980237071f,https://codeload.github.com/Rohith18p/rsi-kobon-triangles/zip/f462d8e18aea2a458376c523c9b6c2980237071f,,contestants/E57/13-archives/E57-Rohith18p-rsi-kobon-triangles-f462d8e18aea2a458376c523c9b6c2980237071f.zip,rsi-kobon-triangles-f462d8e18aea2a458376c523c9b6c2980237071f/kobon-triangles/bases/slopes19_106_s18003.json,,5efc3d38,Filename/path inference; editable in the app
346629,kobon-triangles/bases/slopes19_555_s18003.json,Kobon triangles,450,Pinned collected revision; final designation governed by team receipt | f462d8e18aea2a458376c523c9b6c2980237071f,https://codeload.github.com/Rohith18p/rsi-kobon-triangles/zip/f462d8e18aea2a458376c523c9b6c2980237071f,,contestants/E57/13-archives/E57-Rohith18p-rsi-kobon-triangles-f462d8e18aea2a458376c523c9b6c2980237071f.zip,rsi-kobon-triangles-f462d8e18aea2a458376c523c9b6c2980237071f/kobon-triangles/bases/slopes19_555_s18003.json,,b8d8cd70,Filename/path inference; editable in the app
346630,kobon-triangles/bases/slopes31_287_s30004.json,Kobon triangles,685,Pinned collected revision; final designation governed by team receipt | f462d8e18aea2a458376c523c9b6c2980237071f,https://codeload.github.com/Rohith18p/rsi-kobon-triangles/zip/f462d8e18aea2a458376c523c9b6c2980237071f,,contestants/E57/13-archives/E57-Rohith18p-rsi-kobon-triangles-f462d8e18aea2a458376c523c9b6c2980237071f.zip,rsi-kobon-triangles-f462d8e18aea2a458376c523c9b6c2980237071f/kobon-triangles/bases/slopes31_287_s30004.json,,2d585eb8,Filename/path inference; editable in the app
346631,kobon-triangles/bases/slopes31_289_s30001.json,Kobon triangles,672,Pinned collected revision; final designation governed by team receipt | f462d8e18aea2a458376c523c9b6c2980237071f,https://codeload.github.com/Rohith18p/rsi-kobon-triangles/zip/f462d8e18aea2a458376c523c9b6c2980237071f,,contestants/E57/13-archives/E57-Rohith18p-rsi-kobon-triangles-f462d8e18aea2a458376c523c9b6c2980237071f.zip,rsi-kobon-triangles-f462d8e18aea2a458376c523c9b6c2980237071f/kobon-triangles/bases/slopes31_289_s30001.json,,967022b2,Filename/path inference; editable in the app
346632,kobon-triangles/bases/slopes31_290_s30005.json,Kobon triangles,682,Pinned collected revision; final designation governed by team receipt | f462d8e18aea2a458376c523c9b6c2980237071f,https://codeload.github.com/Rohith18p/rsi-kobon-triangles/zip/f462d8e18aea2a458376c523c9b6c2980237071f,,contestants/E57/13-archives/E57-Rohith18p-rsi-kobon-triangles-f462d8e18aea2a458376c523c9b6c2980237071f.zip,rsi-kobon-triangles-f462d8e18aea2a458376c523c9b6c2980237071f/kobon-triangles/bases/slopes31_290_s30005.json,,cc292482,Filename/path inference; editable in the app
346633,kobon-triangles/bases/slopes35_329_s34002.json,Kobon triangles,767,Pinned collected revision; final designation governed by team receipt | f462d8e18aea2a458376c523c9b6c2980237071f,https://codeload.github.com/Rohith18p/rsi-kobon-triangles/zip/f462d8e18aea2a458376c523c9b6c2980237071f,,contestants/E57/13-archives/E57-Rohith18p-rsi-kobon-triangles-f462d8e18aea2a458376c523c9b6c2980237071f.zip,rsi-kobon-triangles-f462d8e18aea2a458376c523c9b6c2980237071f/kobon-triangles/bases/slopes35_329_s34002.json,,e236277d,Filename/path inference; editable in the app
346634,kobon-triangles/bases/slopes35_333_s34005.json,Kobon triangles,779,Pinned collected revision; final designation governed by team receipt | f462d8e18aea2a458376c523c9b6c2980237071f,https://codeload.github.com/Rohith18p/rsi-kobon-triangles/zip/f462d8e18aea2a458376c523c9b6c2980237071f,,contestants/E57/13-archives/E57-Rohith18p-rsi-kobon-triangles-f462d8e18aea2a458376c523c9b6c2980237071f.zip,rsi-kobon-triangles-f462d8e18aea2a458376c523c9b6c2980237071f/kobon-triangles/bases/slopes35_333_s34005.json,,3f66552d,Filename/path inference; editable in the app
346635,kobon-triangles/bases/slopes35_338_s34007.json,Kobon triangles,796,Pinned collected revision; final designation governed by team receipt | f462d8e18aea2a458376c523c9b6c2980237071f,https://codeload.github.com/Rohith18p/rsi-kobon-triangles/zip/f462d8e18aea2a458376c523c9b6c2980237071f,,contestants/E57/13-archives/E57-Rohith18p-rsi-kobon-triangles-f462d8e18aea2a458376c523c9b6c2980237071f.zip,rsi-kobon-triangles-f462d8e18aea2a458376c523c9b6c2980237071f/kobon-triangles/bases/slopes35_338_s34007.json,,d15ce2b0,Filename/path inference; editable in the app
346638,kobon-triangles/derived/n39_459_p41-del36-40.json,Kobon triangles,2196,Pinned collected revision; final designation governed by team receipt | f462d8e18aea2a458376c523c9b6c2980237071f,https://codeload.github.com/Rohith18p/rsi-kobon-triangles/zip/f462d8e18aea2a458376c523c9b6c2980237071f,,contestants/E57/13-archives/E57-Rohith18p-rsi-kobon-triangles-f462d8e18aea2a458376c523c9b6c2980237071f.zip,rsi-kobon-triangles-f462d8e18aea2a458376c523c9b6c2980237071f/kobon-triangles/derived/n39_459_p41-del36-40.json,,93f38a31,Filename/path inference; editable in the app
346639,kobon-triangles/derived/n39_459_p41-del36-40_small.json,Kobon triangles,1095,Pinned collected revision; final designation governed by team receipt | f462d8e18aea2a458376c523c9b6c2980237071f,https://codeload.github.com/Rohith18p/rsi-kobon-triangles/zip/f462d8e18aea2a458376c523c9b6c2980237071f,,contestants/E57/13-archives/E57-Rohith18p-rsi-kobon-triangles-f462d8e18aea2a458376c523c9b6c2980237071f.zip,rsi-kobon-triangles-f462d8e18aea2a458376c523c9b6c2980237071f/kobon-triangles/derived/n39_459_p41-del36-40_small.json,,dc142dd9,Filename/path inference; editable in the app
346640,kobon-triangles/derived/n39_459_u41-del36-40.json,Kobon triangles,2328,Pinned collected revision; final designation governed by team receipt | f462d8e18aea2a458376c523c9b6c2980237071f,https://codeload.github.com/Rohith18p/rsi-kobon-triangles/zip/f462d8e18aea2a458376c523c9b6c2980237071f,,contestants/E57/13-archives/E57-Rohith18p-rsi-kobon-triangles-f462d8e18aea2a458376c523c9b6c2980237071f.zip,rsi-kobon-triangles-f462d8e18aea2a458376c523c9b6c2980237071f/kobon-triangles/derived/n39_459_u41-del36-40.json,,ad3dc09b,Filename/path inference; editable in the app
346641,kobon-triangles/derived/n40_494_p41-del40.json,Kobon triangles,2253,Pinned collected revision; final designation governed by team receipt | f462d8e18aea2a458376c523c9b6c2980237071f,https://codeload.github.com/Rohith18p/rsi-kobon-triangles/zip/f462d8e18aea2a458376c523c9b6c2980237071f,,contestants/E57/13-archives/E57-Rohith18p-rsi-kobon-triangles-f462d8e18aea2a458376c523c9b6c2980237071f.zip,rsi-kobon-triangles-f462d8e18aea2a458376c523c9b6c2980237071f/kobon-triangles/derived/n40_494_p41-del40.json,,9f60e8c6,Filename/path inference; editable in the app
346642,kobon-triangles/derived/n40_494_p41-del40_small.json,Kobon triangles,1124,Pinned collected revision; final designation governed by team receipt | f462d8e18aea2a458376c523c9b6c2980237071f,https://codeload.github.com/Rohith18p/rsi-kobon-triangles/zip/f462d8e18aea2a458376c523c9b6c2980237071f,,contestants/E57/13-archives/E57-Rohith18p-rsi-kobon-triangles-f462d8e18aea2a458376c523c9b6c2980237071f.zip,rsi-kobon-triangles-f462d8e18aea2a458376c523c9b6c2980237071f/kobon-triangles/derived/n40_494_p41-del40_small.json,,ffc62a6f,Filename/path inference; editable in the app
346643,kobon-triangles/derived/n40_494_p42-del0-41.json,Kobon triangles,2253,Pinned collected revision; final designation governed by team receipt | f462d8e18aea2a458376c523c9b6c2980237071f,https://codeload.github.com/Rohith18p/rsi-kobon-triangles/zip/f462d8e18aea2a458376c523c9b6c2980237071f,,contestants/E57/13-archives/E57-Rohith18p-rsi-kobon-triangles-f462d8e18aea2a458376c523c9b6c2980237071f.zip,rsi-kobon-triangles-f462d8e18aea2a458376c523c9b6c2980237071f/kobon-triangles/derived/n40_494_p42-del0-41.json,,9f60e8c6,Filename/path inference; editable in the app
346644,kobon-triangles/derived/n40_494_u41-del40.json,Kobon triangles,2387,Pinned collected revision; final designation governed by team receipt | f462d8e18aea2a458376c523c9b6c2980237071f,https://codeload.github.com/Rohith18p/rsi-kobon-triangles/zip/f462d8e18aea2a458376c523c9b6c2980237071f,,contestants/E57/13-archives/E57-Rohith18p-rsi-kobon-triangles-f462d8e18aea2a458376c523c9b6c2980237071f.zip,rsi-kobon-triangles-f462d8e18aea2a458376c523c9b6c2980237071f/kobon-triangles/derived/n40_494_u41-del40.json,,2a28e286,Filename/path inference; editable in the app
346645,kobon-triangles/derived/n41_533_p42-del0.json,Kobon triangles,2310,Pinned collected revision; final designation governed by team receipt | f462d8e18aea2a458376c523c9b6c2980237071f,https://codeload.github.com/Rohith18p/rsi-kobon-triangles/zip/f462d8e18aea2a458376c523c9b6c2980237071f,,contestants/E57/13-archives/E57-Rohith18p-rsi-kobon-triangles-f462d8e18aea2a458376c523c9b6c2980237071f.zip,rsi-kobon-triangles-f462d8e18aea2a458376c523c9b6c2980237071f/kobon-triangles/derived/n41_533_p42-del0.json,,17cc99a3,Filename/path inference; editable in the app
346646,kobon-triangles/derived/n43_563_p45-del42-44.json,Kobon triangles,2380,Pinned collected revision; final designation governed by team receipt | f462d8e18aea2a458376c523c9b6c2980237071f,https://codeload.github.com/Rohith18p/rsi-kobon-triangles/zip/f462d8e18aea2a458376c523c9b6c2980237071f,,contestants/E57/13-archives/E57-Rohith18p-rsi-kobon-triangles-f462d8e18aea2a458376c523c9b6c2980237071f.zip,rsi-kobon-triangles-f462d8e18aea2a458376c523c9b6c2980237071f/kobon-triangles/derived/n43_563_p45-del42-44.json,,69f819d1,Filename/path inference; editable in the app
346647,kobon-triangles/derived/n43_563_p45-del42-44_small.json,Kobon triangles,1216,Pinned collected revision; final designation governed by team receipt | f462d8e18aea2a458376c523c9b6c2980237071f,https://codeload.github.com/Rohith18p/rsi-kobon-triangles/zip/f462d8e18aea2a458376c523c9b6c2980237071f,,contestants/E57/13-archives/E57-Rohith18p-rsi-kobon-triangles-f462d8e18aea2a458376c523c9b6c2980237071f.zip,rsi-kobon-triangles-f462d8e18aea2a458376c523c9b6c2980237071f/kobon-triangles/derived/n43_563_p45-del42-44_small.json,,e0b18659,Filename/path inference; editable in the app
346648,kobon-triangles/derived/n44_602_p45-del44.json,Kobon triangles,2437,Pinned collected revision; final designation governed by team receipt | f462d8e18aea2a458376c523c9b6c2980237071f,https://codeload.github.com/Rohith18p/rsi-kobon-triangles/zip/f462d8e18aea2a458376c523c9b6c2980237071f,,contestants/E57/13-archives/E57-Rohith18p-rsi-kobon-triangles-f462d8e18aea2a458376c523c9b6c2980237071f.zip,rsi-kobon-triangles-f462d8e18aea2a458376c523c9b6c2980237071f/kobon-triangles/derived/n44_602_p45-del44.json,,cf1c70f8,Filename/path inference; editable in the app
346649,kobon-triangles/derived/n44_602_p46-del0-45.json,Kobon triangles,2437,Pinned collected revision; final designation governed by team receipt | f462d8e18aea2a458376c523c9b6c2980237071f,https://codeload.github.com/Rohith18p/rsi-kobon-triangles/zip/f462d8e18aea2a458376c523c9b6c2980237071f,,contestants/E57/13-archives/E57-Rohith18p-rsi-kobon-triangles-f462d8e18aea2a458376c523c9b6c2980237071f.zip,rsi-kobon-triangles-f462d8e18aea2a458376c523c9b6c2980237071f/kobon-triangles/derived/n44_602_p46-del0-45.json,,cf1c70f8,Filename/path inference; editable in the app
346650,kobon-triangles/derived/n44_602_u45-del44.json,Kobon triangles,2607,Pinned collected revision; final designation governed by team receipt | f462d8e18aea2a458376c523c9b6c2980237071f,https://codeload.github.com/Rohith18p/rsi-kobon-triangles/zip/f462d8e18aea2a458376c523c9b6c2980237071f,,contestants/E57/13-archives/E57-Rohith18p-rsi-kobon-triangles-f462d8e18aea2a458376c523c9b6c2980237071f.zip,rsi-kobon-triangles-f462d8e18aea2a458376c523c9b6c2980237071f/kobon-triangles/derived/n44_602_u45-del44.json,,f21d8b15,Filename/path inference; editable in the app
346651,kobon-triangles/derived/n45_645_p46-del0.json,Kobon triangles,2494,Pinned collected revision; final designation governed by team receipt | f462d8e18aea2a458376c523c9b6c2980237071f,https://codeload.github.com/Rohith18p/rsi-kobon-triangles/zip/f462d8e18aea2a458376c523c9b6c2980237071f,,contestants/E57/13-archives/E57-Rohith18p-rsi-kobon-triangles-f462d8e18aea2a458376c523c9b6c2980237071f.zip,rsi-kobon-triangles-f462d8e18aea2a458376c523c9b6c2980237071f/kobon-triangles/derived/n45_645_p46-del0.json,,46957e4e,Filename/path inference; editable in the app
346652,kobon-triangles/derived/n47_679_d48-del43.json,Kobon triangles,1338,Pinned collected revision; final designation governed by team receipt | f462d8e18aea2a458376c523c9b6c2980237071f,https://codeload.github.com/Rohith18p/rsi-kobon-triangles/zip/f462d8e18aea2a458376c523c9b6c2980237071f,,contestants/E57/13-archives/E57-Rohith18p-rsi-kobon-triangles-f462d8e18aea2a458376c523c9b6c2980237071f.zip,rsi-kobon-triangles-f462d8e18aea2a458376c523c9b6c2980237071f/kobon-triangles/derived/n47_679_d48-del43.json,,c6d9473f,Filename/path inference; editable in the app
346653,kobon-triangles/derived/n47_679_p49-b5-del43-47.json,Kobon triangles,2657,Pinned collected revision; final designation governed by team receipt | f462d8e18aea2a458376c523c9b6c2980237071f,https://codeload.github.com/Rohith18p/rsi-kobon-triangles/zip/f462d8e18aea2a458376c523c9b6c2980237071f,,contestants/E57/13-archives/E57-Rohith18p-rsi-kobon-triangles-f462d8e18aea2a458376c523c9b6c2980237071f.zip,rsi-kobon-triangles-f462d8e18aea2a458376c523c9b6c2980237071f/kobon-triangles/derived/n47_679_p49-b5-del43-47.json,,ba6a52a6,Filename/path inference; editable in the app
346654,kobon-triangles/derived/n47_679_p49-b5-del43-47_small.json,Kobon triangles,1338,Pinned collected revision; final designation governed by team receipt | f462d8e18aea2a458376c523c9b6c2980237071f,https://codeload.github.com/Rohith18p/rsi-kobon-triangles/zip/f462d8e18aea2a458376c523c9b6c2980237071f,,contestants/E57/13-archives/E57-Rohith18p-rsi-kobon-triangles-f462d8e18aea2a458376c523c9b6c2980237071f.zip,rsi-kobon-triangles-f462d8e18aea2a458376c523c9b6c2980237071f/kobon-triangles/derived/n47_679_p49-b5-del43-47_small.json,,c6d9473f,Filename/path inference; editable in the app
346655,kobon-triangles/derived/n48_715_u50b-del31-37.json,Kobon triangles,1133,Pinned collected revision; final designation governed by team receipt | f462d8e18aea2a458376c523c9b6c2980237071f,https://codeload.github.com/Rohith18p/rsi-kobon-triangles/zip/f462d8e18aea2a458376c523c9b6c2980237071f,,contestants/E57/13-archives/E57-Rohith18p-rsi-kobon-triangles-f462d8e18aea2a458376c523c9b6c2980237071f.zip,rsi-kobon-triangles-f462d8e18aea2a458376c523c9b6c2980237071f/kobon-triangles/derived/n48_715_u50b-del31-37.json,,927d6ed9,Filename/path inference; editable in the app
346656,kobon-triangles/derived/n48_720_p49-b5-del47.json,Kobon triangles,2712,Pinned collected revision; final designation governed by team receipt | f462d8e18aea2a458376c523c9b6c2980237071f,https://codeload.github.com/Rohith18p/rsi-kobon-triangles/zip/f462d8e18aea2a458376c523c9b6c2980237071f,,contestants/E57/13-archives/E57-Rohith18p-rsi-kobon-triangles-f462d8e18aea2a458376c523c9b6c2980237071f.zip,rsi-kobon-triangles-f462d8e18aea2a458376c523c9b6c2980237071f/kobon-triangles/derived/n48_720_p49-b5-del47.json,,f4c132e7,Filename/path inference; editable in the app
346657,kobon-triangles/derived/n48_720_p49-b5-del47_small.json,Kobon triangles,1365,Pinned collected revision; final designation governed by team receipt | f462d8e18aea2a458376c523c9b6c2980237071f,https://codeload.github.com/Rohith18p/rsi-kobon-triangles/zip/f462d8e18aea2a458376c523c9b6c2980237071f,,contestants/E57/13-archives/E57-Rohith18p-rsi-kobon-triangles-f462d8e18aea2a458376c523c9b6c2980237071f.zip,rsi-kobon-triangles-f462d8e18aea2a458376c523c9b6c2980237071f/kobon-triangles/derived/n48_720_p49-b5-del47_small.json,,26166a22,Filename/path inference; editable in the app
346658,kobon-triangles/derived/n51_803_u53-del46-48.json,Kobon triangles,3048,Pinned collected revision; final designation governed by team receipt | f462d8e18aea2a458376c523c9b6c2980237071f,https://codeload.github.com/Rohith18p/rsi-kobon-triangles/zip/f462d8e18aea2a458376c523c9b6c2980237071f,,contestants/E57/13-archives/E57-Rohith18p-rsi-kobon-triangles-f462d8e18aea2a458376c523c9b6c2980237071f.zip,rsi-kobon-triangles-f462d8e18aea2a458376c523c9b6c2980237071f/kobon-triangles/derived/n51_803_u53-del46-48.json,,6f35aa34,Filename/path inference; editable in the app
346659,kobon-triangles/derived/n52_850_u53-del52.json,Kobon triangles,3109,Pinned collected revision; final designation governed by team receipt | f462d8e18aea2a458376c523c9b6c2980237071f,https://codeload.github.com/Rohith18p/rsi-kobon-triangles/zip/f462d8e18aea2a458376c523c9b6c2980237071f,,contestants/E57/13-archives/E57-Rohith18p-rsi-kobon-triangles-f462d8e18aea2a458376c523c9b6c2980237071f.zip,rsi-kobon-triangles-f462d8e18aea2a458376c523c9b6c2980237071f/kobon-triangles/derived/n52_850_u53-del52.json,,d34a06a6,Filename/path inference; editable in the app
346660,kobon-triangles/derived/n52_850_u54-del52-53.json,Kobon triangles,3099,Pinned collected revision; final designation governed by team receipt | f462d8e18aea2a458376c523c9b6c2980237071f,https://codeload.github.com/Rohith18p/rsi-kobon-triangles/zip/f462d8e18aea2a458376c523c9b6c2980237071f,,contestants/E57/13-archives/E57-Rohith18p-rsi-kobon-triangles-f462d8e18aea2a458376c523c9b6c2980237071f.zip,rsi-kobon-triangles-f462d8e18aea2a458376c523c9b6c2980237071f/kobon-triangles/derived/n52_850_u54-del52-53.json,,523dd6ca,Filename/path inference; editable in the app
346661,kobon-triangles/doubled/n13_31_b7_d3.json,Kobon triangles,1262,Pinned collected revision; final designation governed by team receipt | f462d8e18aea2a458376c523c9b6c2980237071f,https://codeload.github.com/Rohith18p/rsi-kobon-triangles/zip/f462d8e18aea2a458376c523c9b6c2980237071f,,contestants/E57/13-archives/E57-Rohith18p-rsi-kobon-triangles-f462d8e18aea2a458376c523c9b6c2980237071f.zip,rsi-kobon-triangles-f462d8e18aea2a458376c523c9b6c2980237071f/kobon-triangles/doubled/n13_31_b7_d3.json,,3609674b,Filename/path inference; editable in the app
346662,kobon-triangles/doubled/n13_35_b7_d4.json,Kobon triangles,1150,Pinned collected revision; final designation governed by team receipt | f462d8e18aea2a458376c523c9b6c2980237071f,https://codeload.github.com/Rohith18p/rsi-kobon-triangles/zip/f462d8e18aea2a458376c523c9b6c2980237071f,,contestants/E57/13-archives/E57-Rohith18p-rsi-kobon-triangles-f462d8e18aea2a458376c523c9b6c2980237071f.zip,rsi-kobon-triangles-f462d8e18aea2a458376c523c9b6c2980237071f/kobon-triangles/doubled/n13_35_b7_d4.json,,3c31cfc1,Filename/path inference; editable in the app
346663,kobon-triangles/doubled/n13_35_b7_d5.json,Kobon triangles,1130,Pinned collected revision; final designation governed by team receipt | f462d8e18aea2a458376c523c9b6c2980237071f,https://codeload.github.com/Rohith18p/rsi-kobon-triangles/zip/f462d8e18aea2a458376c523c9b6c2980237071f,,contestants/E57/13-archives/E57-Rohith18p-rsi-kobon-triangles-f462d8e18aea2a458376c523c9b6c2980237071f.zip,rsi-kobon-triangles-f462d8e18aea2a458376c523c9b6c2980237071f/kobon-triangles/doubled/n13_35_b7_d5.json,,f03dd825,Filename/path inference; editable in the app
346664,kobon-triangles/doubled/n13_41_b7_d4.json,Kobon triangles,1141,Pinned collected revision; final designation governed by team receipt | f462d8e18aea2a458376c523c9b6c2980237071f,https://codeload.github.com/Rohith18p/rsi-kobon-triangles/zip/f462d8e18aea2a458376c523c9b6c2980237071f,,contestants/E57/13-archives/E57-Rohith18p-rsi-kobon-triangles-f462d8e18aea2a458376c523c9b6c2980237071f.zip,rsi-kobon-triangles-f462d8e18aea2a458376c523c9b6c2980237071f/kobon-triangles/doubled/n13_41_b7_d4.json,,ad512666,Filename/path inference; editable in the app
346665,kobon-triangles/doubled/n13_41_b7_d6.json,Kobon triangles,1128,Pinned collected revision; final designation governed by team receipt | f462d8e18aea2a458376c523c9b6c2980237071f,https://codeload.github.com/Rohith18p/rsi-kobon-triangles/zip/f462d8e18aea2a458376c523c9b6c2980237071f,,contestants/E57/13-archives/E57-Rohith18p-rsi-kobon-triangles-f462d8e18aea2a458376c523c9b6c2980237071f.zip,rsi-kobon-triangles-f462d8e18aea2a458376c523c9b6c2980237071f/kobon-triangles/doubled/n13_41_b7_d6.json,,faa472ce,Filename/path inference; editable in the app
346666,kobon-triangles/doubled/n13_47_b7_d10.json,Kobon triangles,1094,Pinned collected revision; final designation governed by team receipt | f462d8e18aea2a458376c523c9b6c2980237071f,https://codeload.github.com/Rohith18p/rsi-kobon-triangles/zip/f462d8e18aea2a458376c523c9b6c2980237071f,,contestants/E57/13-archives/E57-Rohith18p-rsi-kobon-triangles-f462d8e18aea2a458376c523c9b6c2980237071f.zip,rsi-kobon-triangles-f462d8e18aea2a458376c523c9b6c2980237071f/kobon-triangles/doubled/n13_47_b7_d10.json,,b80a8c28,Filename/path inference; editable in the app
346667,kobon-triangles/doubled/n13_47_b7_d4.json,Kobon triangles,1146,Pinned collected revision; final designation governed by team receipt | f462d8e18aea2a458376c523c9b6c2980237071f,https://codeload.github.com/Rohith18p/rsi-kobon-triangles/zip/f462d8e18aea2a458376c523c9b6c2980237071f,,contestants/E57/13-archives/E57-Rohith18p-rsi-kobon-triangles-f462d8e18aea2a458376c523c9b6c2980237071f.zip,rsi-kobon-triangles-f462d8e18aea2a458376c523c9b6c2980237071f/kobon-triangles/doubled/n13_47_b7_d4.json,,2492ce36,Filename/path inference; editable in the app
346668,kobon-triangles/doubled/n13_47_b7_d5.json,Kobon triangles,1138,Pinned collected revision; final designation governed by team receipt | f462d8e18aea2a458376c523c9b6c2980237071f,https://codeload.github.com/Rohith18p/rsi-kobon-triangles/zip/f462d8e18aea2a458376c523c9b6c2980237071f,,contestants/E57/13-archives/E57-Rohith18p-rsi-kobon-triangles-f462d8e18aea2a458376c523c9b6c2980237071f.zip,rsi-kobon-triangles-f462d8e18aea2a458376c523c9b6c2980237071f/kobon-triangles/doubled/n13_47_b7_d5.json,,d4ca0efb,Filename/path inference; editable in the app
346669,kobon-triangles/doubled/n13_47_b7_d6.json,Kobon triangles,1134,Pinned collected revision; final designation governed by team receipt | f462d8e18aea2a458376c523c9b6c2980237071f,https://codeload.github.com/Rohith18p/rsi-kobon-triangles/zip/f462d8e18aea2a458376c523c9b6c2980237071f,,contestants/E57/13-archives/E57-Rohith18p-rsi-kobon-triangles-f462d8e18aea2a458376c523c9b6c2980237071f.zip,rsi-kobon-triangles-f462d8e18aea2a458376c523c9b6c2980237071f/kobon-triangles/doubled/n13_47_b7_d6.json,,787f8d3a,Filename/path inference; editable in the app
346670,kobon-triangles/doubled/n13_47_b7_d8.json,Kobon triangles,1108,Pinned collected revision; final designation governed by team receipt | f462d8e18aea2a458376c523c9b6c2980237071f,https://codeload.github.com/Rohith18p/rsi-kobon-triangles/zip/f462d8e18aea2a458376c523c9b6c2980237071f,,contestants/E57/13-archives/E57-Rohith18p-rsi-kobon-triangles-f462d8e18aea2a458376c523c9b6c2980237071f.zip,rsi-kobon-triangles-f462d8e18aea2a458376c523c9b6c2980237071f/kobon-triangles/doubled/n13_47_b7_d8.json,,00896e83,Filename/path inference; editable in the app
346671,kobon-triangles/doubled/n19_107_bp19_d10.json,Kobon triangles,1561,Pinned collected revision; final designation governed by team receipt | f462d8e18aea2a458376c523c9b6c2980237071f,https://codeload.github.com/Rohith18p/rsi-kobon-triangles/zip/f462d8e18aea2a458376c523c9b6c2980237071f,,contestants/E57/13-archives/E57-Rohith18p-rsi-kobon-triangles-f462d8e18aea2a458376c523c9b6c2980237071f.zip,rsi-kobon-triangles-f462d8e18aea2a458376c523c9b6c2980237071f/kobon-triangles/doubled/n19_107_bp19_d10.json,,e1e4cb09,Filename/path inference; editable in the app
346672,kobon-triangles/doubled/n25_129_b7_d3.json,Kobon triangles,4478,Pinned collected revision; final designation governed by team receipt | f462d8e18aea2a458376c523c9b6c2980237071f,https://codeload.github.com/Rohith18p/rsi-kobon-triangles/zip/f462d8e18aea2a458376c523c9b6c2980237071f,,contestants/E57/13-archives/E57-Rohith18p-rsi-kobon-triangles-f462d8e18aea2a458376c523c9b6c2980237071f.zip,rsi-kobon-triangles-f462d8e18aea2a458376c523c9b6c2980237071f/kobon-triangles/doubled/n25_129_b7_d3.json,,6e0df335,Filename/path inference; editable in the app
346673,kobon-triangles/doubled/n25_191_b7_d10.json,Kobon triangles,4665,Pinned collected revision; final designation governed by team receipt | f462d8e18aea2a458376c523c9b6c2980237071f,https://codeload.github.com/Rohith18p/rsi-kobon-triangles/zip/f462d8e18aea2a458376c523c9b6c2980237071f,,contestants/E57/13-archives/E57-Rohith18p-rsi-kobon-triangles-f462d8e18aea2a458376c523c9b6c2980237071f.zip,rsi-kobon-triangles-f462d8e18aea2a458376c523c9b6c2980237071f/kobon-triangles/doubled/n25_191_b7_d10.json,,f3bf2a06,Filename/path inference; editable in the app
346674,kobon-triangles/doubled/n49_767_b7_d4.json,Kobon triangles,3811,Pinned collected revision; final designation governed by team receipt | f462d8e18aea2a458376c523c9b6c2980237071f,https://codeload.github.com/Rohith18p/rsi-kobon-triangles/zip/f462d8e18aea2a458376c523c9b6c2980237071f,,contestants/E57/13-archives/E57-Rohith18p-rsi-kobon-triangles-f462d8e18aea2a458376c523c9b6c2980237071f.zip,rsi-kobon-triangles-f462d8e18aea2a458376c523c9b6c2980237071f/kobon-triangles/doubled/n49_767_b7_d4.json,,495e0d61,Filename/path inference; editable in the app
346675,kobon-triangles/doubled/n57_1045_b15_d4.json,Kobon triangles,4766,Pinned collected revision; final designation governed by team receipt | f462d8e18aea2a458376c523c9b6c2980237071f,https://codeload.github.com/Rohith18p/rsi-kobon-triangles/zip/f462d8e18aea2a458376c523c9b6c2980237071f,,contestants/E57/13-archives/E57-Rohith18p-rsi-kobon-triangles-f462d8e18aea2a458376c523c9b6c2980237071f.zip,rsi-kobon-triangles-f462d8e18aea2a458376c523c9b6c2980237071f/kobon-triangles/doubled/n57_1045_b15_d4.json,,a1e0a42f,Filename/path inference; editable in the app
346676,kobon-triangles/doubled/n65_1365_b3_d4.json,Kobon triangles,4533,Pinned collected revision; final designation governed by team receipt | f462d8e18aea2a458376c523c9b6c2980237071f,https://codeload.github.com/Rohith18p/rsi-kobon-triangles/zip/f462d8e18aea2a458376c523c9b6c2980237071f,,contestants/E57/13-archives/E57-Rohith18p-rsi-kobon-triangles-f462d8e18aea2a458376c523c9b6c2980237071f.zip,rsi-kobon-triangles-f462d8e18aea2a458376c523c9b6c2980237071f/kobon-triangles/doubled/n65_1365_b3_d4.json,,13ecacbe,Filename/path inference; editable in the app
346677,kobon-triangles/doubled/n73_1597_bp19_d3.json,Kobon triangles,5928,Pinned collected revision; final designation governed by team receipt | f462d8e18aea2a458376c523c9b6c2980237071f,https://codeload.github.com/Rohith18p/rsi-kobon-triangles/zip/f462d8e18aea2a458376c523c9b6c2980237071f,,contestants/E57/13-archives/E57-Rohith18p-rsi-kobon-triangles-f462d8e18aea2a458376c523c9b6c2980237071f.zip,rsi-kobon-triangles-f462d8e18aea2a458376c523c9b6c2980237071f/kobon-triangles/doubled/n73_1597_bp19_d3.json,,f58445b1,Filename/path inference; editable in the app
346678,kobon-triangles/doubled/n73_1713_bp19_d4.json,Kobon triangles,5699,Pinned collected revision; final designation governed by team receipt | f462d8e18aea2a458376c523c9b6c2980237071f,https://codeload.github.com/Rohith18p/rsi-kobon-triangles/zip/f462d8e18aea2a458376c523c9b6c2980237071f,,contestants/E57/13-archives/E57-Rohith18p-rsi-kobon-triangles-f462d8e18aea2a458376c523c9b6c2980237071f.zip,rsi-kobon-triangles-f462d8e18aea2a458376c523c9b6c2980237071f/kobon-triangles/doubled/n73_1713_bp19_d4.json,,48cd2a71,Filename/path inference; editable in the app
346679,kobon-triangles/doubled/n73_1721_bp19_d3.json,Kobon triangles,5939,Pinned collected revision; final designation governed by team receipt | f462d8e18aea2a458376c523c9b6c2980237071f,https://codeload.github.com/Rohith18p/rsi-kobon-triangles/zip/f462d8e18aea2a458376c523c9b6c2980237071f,,contestants/E57/13-archives/E57-Rohith18p-rsi-kobon-triangles-f462d8e18aea2a458376c523c9b6c2980237071f.zip,rsi-kobon-triangles-f462d8e18aea2a458376c523c9b6c2980237071f/kobon-triangles/doubled/n73_1721_bp19_d3.json,,337e4ddf,Filename/path inference; editable in the app
346680,kobon-triangles/doubled/n73_1727_bp19_d4.json,Kobon triangles,5688,Pinned collected revision; final designation governed by team receipt | f462d8e18aea2a458376c523c9b6c2980237071f,https://codeload.github.com/Rohith18p/rsi-kobon-triangles/zip/f462d8e18aea2a458376c523c9b6c2980237071f,,contestants/E57/13-archives/E57-Rohith18p-rsi-kobon-triangles-f462d8e18aea2a458376c523c9b6c2980237071f.zip,rsi-kobon-triangles-f462d8e18aea2a458376c523c9b6c2980237071f/kobon-triangles/doubled/n73_1727_bp19_d4.json,,029e7309,Filename/path inference; editable in the app
346681,kobon-triangles/doubled/n7_11_b7_d10.json,Kobon triangles,371,Pinned collected revision; final designation governed by team receipt | f462d8e18aea2a458376c523c9b6c2980237071f,https://codeload.github.com/Rohith18p/rsi-kobon-triangles/zip/f462d8e18aea2a458376c523c9b6c2980237071f,,contestants/E57/13-archives/E57-Rohith18p-rsi-kobon-triangles-f462d8e18aea2a458376c523c9b6c2980237071f.zip,rsi-kobon-triangles-f462d8e18aea2a458376c523c9b6c2980237071f/kobon-triangles/doubled/n7_11_b7_d10.json,,ef0790ce,Filename/path inference; editable in the app
346682,kobon-triangles/doubled/n7_11_b7_d3.json,Kobon triangles,371,Pinned collected revision; final designation governed by team receipt | f462d8e18aea2a458376c523c9b6c2980237071f,https://codeload.github.com/Rohith18p/rsi-kobon-triangles/zip/f462d8e18aea2a458376c523c9b6c2980237071f,,contestants/E57/13-archives/E57-Rohith18p-rsi-kobon-triangles-f462d8e18aea2a458376c523c9b6c2980237071f.zip,rsi-kobon-triangles-f462d8e18aea2a458376c523c9b6c2980237071f/kobon-triangles/doubled/n7_11_b7_d3.json,,ef0790ce,Filename/path inference; editable in the app
346683,kobon-triangles/doubled/n97_3071_b7_d4.json,Kobon triangles,6427,Pinned collected revision; final designation governed by team receipt | f462d8e18aea2a458376c523c9b6c2980237071f,https://codeload.github.com/Rohith18p/rsi-kobon-triangles/zip/f462d8e18aea2a458376c523c9b6c2980237071f,,contestants/E57/13-archives/E57-Rohith18p-rsi-kobon-triangles-f462d8e18aea2a458376c523c9b6c2980237071f.zip,rsi-kobon-triangles-f462d8e18aea2a458376c523c9b6c2980237071f/kobon-triangles/doubled/n97_3071_b7_d4.json,,28a0d2ac,Filename/path inference; editable in the app
346684,kobon-triangles/lns/n39_470_k2-38-1v8mw732nh41m-lns_final.json,Kobon triangles,1573,Pinned collected revision; final designation governed by team receipt | f462d8e18aea2a458376c523c9b6c2980237071f,https://codeload.github.com/Rohith18p/rsi-kobon-triangles/zip/f462d8e18aea2a458376c523c9b6c2980237071f,,contestants/E57/13-archives/E57-Rohith18p-rsi-kobon-triangles-f462d8e18aea2a458376c523c9b6c2980237071f.zip,rsi-kobon-triangles-f462d8e18aea2a458376c523c9b6c2980237071f/kobon-triangles/lns/n39_470_k2-38-1v8mw732nh41m-lns_final.json,,bcc8cfe4,Filename/path inference; editable in the app
346685,kobon-triangles/lns/n39_470_k2-38-2jwrwxg032wq0-lns_final.json,Kobon triangles,1646,Pinned collected revision; final designation governed by team receipt | f462d8e18aea2a458376c523c9b6c2980237071f,https://codeload.github.com/Rohith18p/rsi-kobon-triangles/zip/f462d8e18aea2a458376c523c9b6c2980237071f,,contestants/E57/13-archives/E57-Rohith18p-rsi-kobon-triangles-f462d8e18aea2a458376c523c9b6c2980237071f.zip,rsi-kobon-triangles-f462d8e18aea2a458376c523c9b6c2980237071f/kobon-triangles/lns/n39_470_k2-38-2jwrwxg032wq0-lns_final.json,,2872ff76,Filename/path inference; editable in the app
346686,kobon-triangles/lns/n39_470_k2-38-74kq3v76alw-lns_final.json,Kobon triangles,1597,Pinned collected revision; final designation governed by team receipt | f462d8e18aea2a458376c523c9b6c2980237071f,https://codeload.github.com/Rohith18p/rsi-kobon-triangles/zip/f462d8e18aea2a458376c523c9b6c2980237071f,,contestants/E57/13-archives/E57-Rohith18p-rsi-kobon-triangles-f462d8e18aea2a458376c523c9b6c2980237071f.zip,rsi-kobon-triangles-f462d8e18aea2a458376c523c9b6c2980237071f/kobon-triangles/lns/n39_470_k2-38-74kq3v76alw-lns_final.json,,1194779e,Filename/path inference; editable in the app
346687,kobon-triangles/lns/n39_470_l470-38-1v8mw732nh41m-lns_final.json,Kobon triangles,1576,Pinned collected revision; final designation governed by team receipt | f462d8e18aea2a458376c523c9b6c2980237071f,https://codeload.github.com/Rohith18p/rsi-kobon-triangles/zip/f462d8e18aea2a458376c523c9b6c2980237071f,,contestants/E57/13-archives/E57-Rohith18p-rsi-kobon-triangles-f462d8e18aea2a458376c523c9b6c2980237071f.zip,rsi-kobon-triangles-f462d8e18aea2a458376c523c9b6c2980237071f/kobon-triangles/lns/n39_470_l470-38-1v8mw732nh41m-lns_final.json,,9a9211fe,Filename/path inference; editable in the app
346688,kobon-triangles/lns/n39_470_l470-38-2jwrwxg032wq0-lns_final.json,Kobon triangles,1639,Pinned collected revision; final designation governed by team receipt | f462d8e18aea2a458376c523c9b6c2980237071f,https://codeload.github.com/Rohith18p/rsi-kobon-triangles/zip/f462d8e18aea2a458376c523c9b6c2980237071f,,contestants/E57/13-archives/E57-Rohith18p-rsi-kobon-triangles-f462d8e18aea2a458376c523c9b6c2980237071f.zip,rsi-kobon-triangles-f462d8e18aea2a458376c523c9b6c2980237071f/kobon-triangles/lns/n39_470_l470-38-2jwrwxg032wq0-lns_final.json,,99cdfd97,Filename/path inference; editable in the app
346689,kobon-triangles/lns/n39_470_l470-38-74kq3v76alw-lns_final.json,Kobon triangles,1599,Pinned collected revision; final designation governed by team receipt | f462d8e18aea2a458376c523c9b6c2980237071f,https://codeload.github.com/Rohith18p/rsi-kobon-triangles/zip/f462d8e18aea2a458376c523c9b6c2980237071f,,contestants/E57/13-archives/E57-Rohith18p-rsi-kobon-triangles-f462d8e18aea2a458376c523c9b6c2980237071f.zip,rsi-kobon-triangles-f462d8e18aea2a458376c523c9b6c2980237071f/kobon-triangles/lns/n39_470_l470-38-74kq3v76alw-lns_final.json,,3195cf65,Filename/path inference; editable in the app
346694,kobon-triangles/multiline/jobs_d_8c.jsonl,Kobon triangles,349147,Pinned collected revision; final designation governed by team receipt | f462d8e18aea2a458376c523c9b6c2980237071f,https://codeload.github.com/Rohith18p/rsi-kobon-triangles/zip/f462d8e18aea2a458376c523c9b6c2980237071f,,contestants/E57/13-archives/E57-Rohith18p-rsi-kobon-triangles-f462d8e18aea2a458376c523c9b6c2980237071f.zip,rsi-kobon-triangles-f462d8e18aea2a458376c523c9b6c2980237071f/kobon-triangles/multiline/jobs_d_8c.jsonl,,2f4bfbbf,Filename/path inference; editable in the app
346695,kobon-triangles/multiline/jobs_k2.jsonl,Kobon triangles,1402599,Pinned collected revision; final designation governed by team receipt | f462d8e18aea2a458376c523c9b6c2980237071f,https://codeload.github.com/Rohith18p/rsi-kobon-triangles/zip/f462d8e18aea2a458376c523c9b6c2980237071f,,contestants/E57/13-archives/E57-Rohith18p-rsi-kobon-triangles-f462d8e18aea2a458376c523c9b6c2980237071f.zip,rsi-kobon-triangles-f462d8e18aea2a458376c523c9b6c2980237071f/kobon-triangles/multiline/jobs_k2.jsonl,,1c48c9d1,Filename/path inference; editable in the app
346696,kobon-triangles/multiline/jobs_k3_8c.jsonl,Kobon triangles,153868,Pinned collected revision; final designation governed by team receipt | f462d8e18aea2a458376c523c9b6c2980237071f,https://codeload.github.com/Rohith18p/rsi-kobon-triangles/zip/f462d8e18aea2a458376c523c9b6c2980237071f,,contestants/E57/13-archives/E57-Rohith18p-rsi-kobon-triangles-f462d8e18aea2a458376c523c9b6c2980237071f.zip,rsi-kobon-triangles-f462d8e18aea2a458376c523c9b6c2980237071f/kobon-triangles/multiline/jobs_k3_8c.jsonl,,483896e5,Filename/path inference; editable in the app
346697,kobon-triangles/multiline/jobs_k4_8c.jsonl,Kobon triangles,75554,Pinned collected revision; final designation governed by team receipt | f462d8e18aea2a458376c523c9b6c2980237071f,https://codeload.github.com/Rohith18p/rsi-kobon-triangles/zip/f462d8e18aea2a458376c523c9b6c2980237071f,,contestants/E57/13-archives/E57-Rohith18p-rsi-kobon-triangles-f462d8e18aea2a458376c523c9b6c2980237071f.zip,rsi-kobon-triangles-f462d8e18aea2a458376c523c9b6c2980237071f/kobon-triangles/multiline/jobs_k4_8c.jsonl,,56339348,Filename/path inference; editable in the app
346698,kobon-triangles/multiline/jobs_main.jsonl,Kobon triangles,1825599,Pinned collected revision; final designation governed by team receipt | f462d8e18aea2a458376c523c9b6c2980237071f,https://codeload.github.com/Rohith18p/rsi-kobon-triangles/zip/f462d8e18aea2a458376c523c9b6c2980237071f,,contestants/E57/13-archives/E57-Rohith18p-rsi-kobon-triangles-f462d8e18aea2a458376c523c9b6c2980237071f.zip,rsi-kobon-triangles-f462d8e18aea2a458376c523c9b6c2980237071f/kobon-triangles/multiline/jobs_main.jsonl,,b9963abd,Filename/path inference; editable in the app
346699,kobon-triangles/multiline/jobs_main2.jsonl,Kobon triangles,1744050,Pinned collected revision; final designation governed by team receipt | f462d8e18aea2a458376c523c9b6c2980237071f,https://codeload.github.com/Rohith18p/rsi-kobon-triangles/zip/f462d8e18aea2a458376c523c9b6c2980237071f,,contestants/E57/13-archives/E57-Rohith18p-rsi-kobon-triangles-f462d8e18aea2a458376c523c9b6c2980237071f.zip,rsi-kobon-triangles-f462d8e18aea2a458376c523c9b6c2980237071f/kobon-triangles/multiline/jobs_main2.jsonl,,637fe7a0,Filename/path inference; editable in the app
346701,kobon-triangles/multiline/plateau/n39_470_068ffb94d6bbe4d3.json,Kobon triangles,981,Pinned collected revision; final designation governed by team receipt | f462d8e18aea2a458376c523c9b6c2980237071f,https://codeload.github.com/Rohith18p/rsi-kobon-triangles/zip/f462d8e18aea2a458376c523c9b6c2980237071f,,contestants/E57/13-archives/E57-Rohith18p-rsi-kobon-triangles-f462d8e18aea2a458376c523c9b6c2980237071f.zip,rsi-kobon-triangles-f462d8e18aea2a458376c523c9b6c2980237071f/kobon-triangles/multiline/plateau/n39_470_068ffb94d6bbe4d3.json,,f8bf716b,Filename/path inference; editable in the app
346702,kobon-triangles/multiline/plateau/n39_470_06e138820110da04.json,Kobon triangles,925,Pinned collected revision; final designation governed by team receipt | f462d8e18aea2a458376c523c9b6c2980237071f,https://codeload.github.com/Rohith18p/rsi-kobon-triangles/zip/f462d8e18aea2a458376c523c9b6c2980237071f,,contestants/E57/13-archives/E57-Rohith18p-rsi-kobon-triangles-f462d8e18aea2a458376c523c9b6c2980237071f.zip,rsi-kobon-triangles-f462d8e18aea2a458376c523c9b6c2980237071f/kobon-triangles/multiline/plateau/n39_470_06e138820110da04.json,,38a83408,Filename/path inference; editable in the app
346703,kobon-triangles/multiline/plateau/n39_470_0b5b3d0dbe1aeea4.json,Kobon triangles,1012,Pinned collected revision; final designation governed by team receipt | f462d8e18aea2a458376c523c9b6c2980237071f,https://codeload.github.com/Rohith18p/rsi-kobon-triangles/zip/f462d8e18aea2a458376c523c9b6c2980237071f,,contestants/E57/13-archives/E57-Rohith18p-rsi-kobon-triangles-f462d8e18aea2a458376c523c9b6c2980237071f.zip,rsi-kobon-triangles-f462d8e18aea2a458376c523c9b6c2980237071f/kobon-triangles/multiline/plateau/n39_470_0b5b3d0dbe1aeea4.json,,e3d18765,Filename/path inference; editable in the app
346704,kobon-triangles/multiline/plateau/n39_470_12c18e6a5873666d.json,Kobon triangles,947,Pinned collected revision; final designation governed by team receipt | f462d8e18aea2a458376c523c9b6c2980237071f,https://codeload.github.com/Rohith18p/rsi-kobon-triangles/zip/f462d8e18aea2a458376c523c9b6c2980237071f,,contestants/E57/13-archives/E57-Rohith18p-rsi-kobon-triangles-f462d8e18aea2a458376c523c9b6c2980237071f.zip,rsi-kobon-triangles-f462d8e18aea2a458376c523c9b6c2980237071f/kobon-triangles/multiline/plateau/n39_470_12c18e6a5873666d.json,,551b004e,Filename/path inference; editable in the app
346705,kobon-triangles/multiline/plateau/n39_470_1c223cd991a8199b.json,Kobon triangles,1136,Pinned collected revision; final designation governed by team receipt | f462d8e18aea2a458376c523c9b6c2980237071f,https://codeload.github.com/Rohith18p/rsi-kobon-triangles/zip/f462d8e18aea2a458376c523c9b6c2980237071f,,contestants/E57/13-archives/E57-Rohith18p-rsi-kobon-triangles-f462d8e18aea2a458376c523c9b6c2980237071f.zip,rsi-kobon-triangles-f462d8e18aea2a458376c523c9b6c2980237071f/kobon-triangles/multiline/plateau/n39_470_1c223cd991a8199b.json,,ece232e9,Filename/path inference; editable in the app
346706,kobon-triangles/multiline/plateau/n39_470_72e99afb990d20fc.json,Kobon triangles,940,Pinned collected revision; final designation governed by team receipt | f462d8e18aea2a458376c523c9b6c2980237071f,https://codeload.github.com/Rohith18p/rsi-kobon-triangles/zip/f462d8e18aea2a458376c523c9b6c2980237071f,,contestants/E57/13-archives/E57-Rohith18p-rsi-kobon-triangles-f462d8e18aea2a458376c523c9b6c2980237071f.zip,rsi-kobon-triangles-f462d8e18aea2a458376c523c9b6c2980237071f/kobon-triangles/multiline/plateau/n39_470_72e99afb990d20fc.json,,ff70a7d3,Filename/path inference; editable in the app
346707,kobon-triangles/multiline/plateau/n39_470_7ab90bdb8f50ec2f.json,Kobon triangles,972,Pinned collected revision; final designation governed by team receipt | f462d8e18aea2a458376c523c9b6c2980237071f,https://codeload.github.com/Rohith18p/rsi-kobon-triangles/zip/f462d8e18aea2a458376c523c9b6c2980237071f,,contestants/E57/13-archives/E57-Rohith18p-rsi-kobon-triangles-f462d8e18aea2a458376c523c9b6c2980237071f.zip,rsi-kobon-triangles-f462d8e18aea2a458376c523c9b6c2980237071f/kobon-triangles/multiline/plateau/n39_470_7ab90bdb8f50ec2f.json,,47b5f500,Filename/path inference; editable in the app
346708,kobon-triangles/multiline/plateau/n39_470_9fe1da3675e9e6a5.json,Kobon triangles,980,Pinned collected revision; final designation governed by team receipt | f462d8e18aea2a458376c523c9b6c2980237071f,https://codeload.github.com/Rohith18p/rsi-kobon-triangles/zip/f462d8e18aea2a458376c523c9b6c2980237071f,,contestants/E57/13-archives/E57-Rohith18p-rsi-kobon-triangles-f462d8e18aea2a458376c523c9b6c2980237071f.zip,rsi-kobon-triangles-f462d8e18aea2a458376c523c9b6c2980237071f/kobon-triangles/multiline/plateau/n39_470_9fe1da3675e9e6a5.json,,8e3104c9,Filename/path inference; editable in the app
346709,kobon-triangles/multiline/plateau/n39_470_a507403bf323aa87.json,Kobon triangles,968,Pinned collected revision; final designation governed by team receipt | f462d8e18aea2a458376c523c9b6c2980237071f,https://codeload.github.com/Rohith18p/rsi-kobon-triangles/zip/f462d8e18aea2a458376c523c9b6c2980237071f,,contestants/E57/13-archives/E57-Rohith18p-rsi-kobon-triangles-f462d8e18aea2a458376c523c9b6c2980237071f.zip,rsi-kobon-triangles-f462d8e18aea2a458376c523c9b6c2980237071f/kobon-triangles/multiline/plateau/n39_470_a507403bf323aa87.json,,54083b9b,Filename/path inference; editable in the app
346710,kobon-triangles/multiline/plateau/n39_470_ac432bd2d137a36a.json,Kobon triangles,1014,Pinned collected revision; final designation governed by team receipt | f462d8e18aea2a458376c523c9b6c2980237071f,https://codeload.github.com/Rohith18p/rsi-kobon-triangles/zip/f462d8e18aea2a458376c523c9b6c2980237071f,,contestants/E57/13-archives/E57-Rohith18p-rsi-kobon-triangles-f462d8e18aea2a458376c523c9b6c2980237071f.zip,rsi-kobon-triangles-f462d8e18aea2a458376c523c9b6c2980237071f/kobon-triangles/multiline/plateau/n39_470_ac432bd2d137a36a.json,,231a0b53,Filename/path inference; editable in the app
346711,kobon-triangles/multiline/plateau/n39_470_b91bca42abe440d5.json,Kobon triangles,963,Pinned collected revision; final designation governed by team receipt | f462d8e18aea2a458376c523c9b6c2980237071f,https://codeload.github.com/Rohith18p/rsi-kobon-triangles/zip/f462d8e18aea2a458376c523c9b6c2980237071f,,contestants/E57/13-archives/E57-Rohith18p-rsi-kobon-triangles-f462d8e18aea2a458376c523c9b6c2980237071f.zip,rsi-kobon-triangles-f462d8e18aea2a458376c523c9b6c2980237071f/kobon-triangles/multiline/plateau/n39_470_b91bca42abe440d5.json,,4c438da3,Filename/path inference; editable in the app
346712,kobon-triangles/multiline/plateau/n39_470_bfc0bc29dd73c5a0.json,Kobon triangles,995,Pinned collected revision; final designation governed by team receipt | f462d8e18aea2a458376c523c9b6c2980237071f,https://codeload.github.com/Rohith18p/rsi-kobon-triangles/zip/f462d8e18aea2a458376c523c9b6c2980237071f,,contestants/E57/13-archives/E57-Rohith18p-rsi-kobon-triangles-f462d8e18aea2a458376c523c9b6c2980237071f.zip,rsi-kobon-triangles-f462d8e18aea2a458376c523c9b6c2980237071f/kobon-triangles/multiline/plateau/n39_470_bfc0bc29dd73c5a0.json,,e2c0ee85,Filename/path inference; editable in the app
346713,kobon-triangles/multiline/plateau/n39_470_f463001c8e12451f.json,Kobon triangles,923,Pinned collected revision; final designation governed by team receipt | f462d8e18aea2a458376c523c9b6c2980237071f,https://codeload.github.com/Rohith18p/rsi-kobon-triangles/zip/f462d8e18aea2a458376c523c9b6c2980237071f,,contestants/E57/13-archives/E57-Rohith18p-rsi-kobon-triangles-f462d8e18aea2a458376c523c9b6c2980237071f.zip,rsi-kobon-triangles-f462d8e18aea2a458376c523c9b6c2980237071f/kobon-triangles/multiline/plateau/n39_470_f463001c8e12451f.json,,4220d6b9,Filename/path inference; editable in the app
346714,kobon-triangles/multiline/plateau/n39_470_fc8642703ffa74f5.json,Kobon triangles,951,Pinned collected revision; final designation governed by team receipt | f462d8e18aea2a458376c523c9b6c2980237071f,https://codeload.github.com/Rohith18p/rsi-kobon-triangles/zip/f462d8e18aea2a458376c523c9b6c2980237071f,,contestants/E57/13-archives/E57-Rohith18p-rsi-kobon-triangles-f462d8e18aea2a458376c523c9b6c2980237071f.zip,rsi-kobon-triangles-f462d8e18aea2a458376c523c9b6c2980237071f/kobon-triangles/multiline/plateau/n39_470_fc8642703ffa74f5.json,,fc9b719c,Filename/path inference; editable in the app
346717,kobon-triangles/n18_93/annealing_runs/n18_s1_seed0_93.json,Kobon triangles,534,Pinned collected revision; final designation governed by team receipt | f462d8e18aea2a458376c523c9b6c2980237071f,https://codeload.github.com/Rohith18p/rsi-kobon-triangles/zip/f462d8e18aea2a458376c523c9b6c2980237071f,,contestants/E57/13-archives/E57-Rohith18p-rsi-kobon-triangles-f462d8e18aea2a458376c523c9b6c2980237071f.zip,rsi-kobon-triangles-f462d8e18aea2a458376c523c9b6c2980237071f/kobon-triangles/n18_93/annealing_runs/n18_s1_seed0_93.json,,c79426e7,Filename/path inference; editable in the app
346718,kobon-triangles/n18_93/annealing_runs/n18_s1_seed1_92.json,Kobon triangles,526,Pinned collected revision; final designation governed by team receipt | f462d8e18aea2a458376c523c9b6c2980237071f,https://codeload.github.com/Rohith18p/rsi-kobon-triangles/zip/f462d8e18aea2a458376c523c9b6c2980237071f,,contestants/E57/13-archives/E57-Rohith18p-rsi-kobon-triangles-f462d8e18aea2a458376c523c9b6c2980237071f.zip,rsi-kobon-triangles-f462d8e18aea2a458376c523c9b6c2980237071f/kobon-triangles/n18_93/annealing_runs/n18_s1_seed1_92.json,,cb08f2f6,Filename/path inference; editable in the app
346719,kobon-triangles/n18_93/annealing_runs/n18_s1_seed2_93.json,Kobon triangles,535,Pinned collected revision; final designation governed by team receipt | f462d8e18aea2a458376c523c9b6c2980237071f,https://codeload.github.com/Rohith18p/rsi-kobon-triangles/zip/f462d8e18aea2a458376c523c9b6c2980237071f,,contestants/E57/13-archives/E57-Rohith18p-rsi-kobon-triangles-f462d8e18aea2a458376c523c9b6c2980237071f.zip,rsi-kobon-triangles-f462d8e18aea2a458376c523c9b6c2980237071f/kobon-triangles/n18_93/annealing_runs/n18_s1_seed2_93.json,,5309878c,Filename/path inference; editable in the app
346720,kobon-triangles/n18_93/annealing_runs/n18_s1_seed3_93.json,Kobon triangles,536,Pinned collected revision; final designation governed by team receipt | f462d8e18aea2a458376c523c9b6c2980237071f,https://codeload.github.com/Rohith18p/rsi-kobon-triangles/zip/f462d8e18aea2a458376c523c9b6c2980237071f,,contestants/E57/13-archives/E57-Rohith18p-rsi-kobon-triangles-f462d8e18aea2a458376c523c9b6c2980237071f.zip,rsi-kobon-triangles-f462d8e18aea2a458376c523c9b6c2980237071f/kobon-triangles/n18_93/annealing_runs/n18_s1_seed3_93.json,,b8853829,Filename/path inference; editable in the app
346721,kobon-triangles/n18_93/annealing_runs/n18_s1_seed4_92.json,Kobon triangles,537,Pinned collected revision; final designation governed by team receipt | f462d8e18aea2a458376c523c9b6c2980237071f,https://codeload.github.com/Rohith18p/rsi-kobon-triangles/zip/f462d8e18aea2a458376c523c9b6c2980237071f,,contestants/E57/13-archives/E57-Rohith18p-rsi-kobon-triangles-f462d8e18aea2a458376c523c9b6c2980237071f.zip,rsi-kobon-triangles-f462d8e18aea2a458376c523c9b6c2980237071f/kobon-triangles/n18_93/annealing_runs/n18_s1_seed4_92.json,,7cc050e1,Filename/path inference; editable in the app
346722,kobon-triangles/n18_93/annealing_runs/n18_s1_seed5_93.json,Kobon triangles,531,Pinned collected revision; final designation governed by team receipt | f462d8e18aea2a458376c523c9b6c2980237071f,https://codeload.github.com/Rohith18p/rsi-kobon-triangles/zip/f462d8e18aea2a458376c523c9b6c2980237071f,,contestants/E57/13-archives/E57-Rohith18p-rsi-kobon-triangles-f462d8e18aea2a458376c523c9b6c2980237071f.zip,rsi-kobon-triangles-f462d8e18aea2a458376c523c9b6c2980237071f/kobon-triangles/n18_93/annealing_runs/n18_s1_seed5_93.json,,5cea66a3,Filename/path inference; editable in the app
346723,kobon-triangles/n18_93/annealing_runs/n18_s1_seed6_93.json,Kobon triangles,535,Pinned collected revision; final designation governed by team receipt | f462d8e18aea2a458376c523c9b6c2980237071f,https://codeload.github.com/Rohith18p/rsi-kobon-triangles/zip/f462d8e18aea2a458376c523c9b6c2980237071f,,contestants/E57/13-archives/E57-Rohith18p-rsi-kobon-triangles-f462d8e18aea2a458376c523c9b6c2980237071f.zip,rsi-kobon-triangles-f462d8e18aea2a458376c523c9b6c2980237071f/kobon-triangles/n18_93/annealing_runs/n18_s1_seed6_93.json,,bcae4672,Filename/path inference; editable in the app
346724,kobon-triangles/n18_93/annealing_runs/n18_s1_seed7_92.json,Kobon triangles,527,Pinned collected revision; final designation governed by team receipt | f462d8e18aea2a458376c523c9b6c2980237071f,https://codeload.github.com/Rohith18p/rsi-kobon-triangles/zip/f462d8e18aea2a458376c523c9b6c2980237071f,,contestants/E57/13-archives/E57-Rohith18p-rsi-kobon-triangles-f462d8e18aea2a458376c523c9b6c2980237071f.zip,rsi-kobon-triangles-f462d8e18aea2a458376c523c9b6c2980237071f/kobon-triangles/n18_93/annealing_runs/n18_s1_seed7_92.json,,40d17a30,Filename/path inference; editable in the app
346725,kobon-triangles/n18_93/annealing_runs/n18_s1_seed8_93.json,Kobon triangles,528,Pinned collected revision; final designation governed by team receipt | f462d8e18aea2a458376c523c9b6c2980237071f,https://codeload.github.com/Rohith18p/rsi-kobon-triangles/zip/f462d8e18aea2a458376c523c9b6c2980237071f,,contestants/E57/13-archives/E57-Rohith18p-rsi-kobon-triangles-f462d8e18aea2a458376c523c9b6c2980237071f.zip,rsi-kobon-triangles-f462d8e18aea2a458376c523c9b6c2980237071f/kobon-triangles/n18_93/annealing_runs/n18_s1_seed8_93.json,,10fee3a6,Filename/path inference; editable in the app
346726,kobon-triangles/n18_93/annealing_runs/n18_s1_seed9_93.json,Kobon triangles,532,Pinned collected revision; final designation governed by team receipt | f462d8e18aea2a458376c523c9b6c2980237071f,https://codeload.github.com/Rohith18p/rsi-kobon-triangles/zip/f462d8e18aea2a458376c523c9b6c2980237071f,,contestants/E57/13-archives/E57-Rohith18p-rsi-kobon-triangles-f462d8e18aea2a458376c523c9b6c2980237071f.zip,rsi-kobon-triangles-f462d8e18aea2a458376c523c9b6c2980237071f/kobon-triangles/n18_93/annealing_runs/n18_s1_seed9_93.json,,bb6d4c73,Filename/path inference; editable in the app
346727,kobon-triangles/n18_93/official_report.json,Kobon triangles,5980,Pinned collected revision; final designation governed by team receipt | f462d8e18aea2a458376c523c9b6c2980237071f,https://codeload.github.com/Rohith18p/rsi-kobon-triangles/zip/f462d8e18aea2a458376c523c9b6c2980237071f,,contestants/E57/13-archives/E57-Rohith18p-rsi-kobon-triangles-f462d8e18aea2a458376c523c9b6c2980237071f.zip,rsi-kobon-triangles-f462d8e18aea2a458376c523c9b6c2980237071f/kobon-triangles/n18_93/official_report.json,,931d63fd,Filename/path inference; editable in the app
346729,kobon-triangles/n39_470/official_report.json,Kobon triangles,25369,Pinned collected revision; final designation governed by team receipt | f462d8e18aea2a458376c523c9b6c2980237071f,https://codeload.github.com/Rohith18p/rsi-kobon-triangles/zip/f462d8e18aea2a458376c523c9b6c2980237071f,,contestants/E57/13-archives/E57-Rohith18p-rsi-kobon-triangles-f462d8e18aea2a458376c523c9b6c2980237071f.zip,rsi-kobon-triangles-f462d8e18aea2a458376c523c9b6c2980237071f/kobon-triangles/n39_470/official_report.json,,4f0aa5e5,Filename/path inference; editable in the app
346734,kobon-triangles/peeled/n46_635_d49-peel.json,Kobon triangles,3524,Pinned collected revision; final designation governed by team receipt | f462d8e18aea2a458376c523c9b6c2980237071f,https://codeload.github.com/Rohith18p/rsi-kobon-triangles/zip/f462d8e18aea2a458376c523c9b6c2980237071f,,contestants/E57/13-archives/E57-Rohith18p-rsi-kobon-triangles-f462d8e18aea2a458376c523c9b6c2980237071f.zip,rsi-kobon-triangles-f462d8e18aea2a458376c523c9b6c2980237071f/kobon-triangles/peeled/n46_635_d49-peel.json,,6ef69347,Filename/path inference; editable in the app
346735,kobon-triangles/peeled/n47_677_d49-peel.json,Kobon triangles,3616,Pinned collected revision; final designation governed by team receipt | f462d8e18aea2a458376c523c9b6c2980237071f,https://codeload.github.com/Rohith18p/rsi-kobon-triangles/zip/f462d8e18aea2a458376c523c9b6c2980237071f,,contestants/E57/13-archives/E57-Rohith18p-rsi-kobon-triangles-f462d8e18aea2a458376c523c9b6c2980237071f.zip,rsi-kobon-triangles-f462d8e18aea2a458376c523c9b6c2980237071f/kobon-triangles/peeled/n47_677_d49-peel.json,,2e0304e8,Filename/path inference; editable in the app
346736,kobon-triangles/peeled/n48_721_d49-peel.json,Kobon triangles,3714,Pinned collected revision; final designation governed by team receipt | f462d8e18aea2a458376c523c9b6c2980237071f,https://codeload.github.com/Rohith18p/rsi-kobon-triangles/zip/f462d8e18aea2a458376c523c9b6c2980237071f,,contestants/E57/13-archives/E57-Rohith18p-rsi-kobon-triangles-f462d8e18aea2a458376c523c9b6c2980237071f.zip,rsi-kobon-triangles-f462d8e18aea2a458376c523c9b6c2980237071f/kobon-triangles/peeled/n48_721_d49-peel.json,,e10c25a7,Filename/path inference; editable in the app
346737,kobon-triangles/peeled/n51_754_d57-peel.json,Kobon triangles,4292,Pinned collected revision; final designation governed by team receipt | f462d8e18aea2a458376c523c9b6c2980237071f,https://codeload.github.com/Rohith18p/rsi-kobon-triangles/zip/f462d8e18aea2a458376c523c9b6c2980237071f,,contestants/E57/13-archives/E57-Rohith18p-rsi-kobon-triangles-f462d8e18aea2a458376c523c9b6c2980237071f.zip,rsi-kobon-triangles-f462d8e18aea2a458376c523c9b6c2980237071f/kobon-triangles/peeled/n51_754_d57-peel.json,,ae831580,Filename/path inference; editable in the app
346738,kobon-triangles/peeled/n52_797_d57-peel.json,Kobon triangles,4390,Pinned collected revision; final designation governed by team receipt | f462d8e18aea2a458376c523c9b6c2980237071f,https://codeload.github.com/Rohith18p/rsi-kobon-triangles/zip/f462d8e18aea2a458376c523c9b6c2980237071f,,contestants/E57/13-archives/E57-Rohith18p-rsi-kobon-triangles-f462d8e18aea2a458376c523c9b6c2980237071f.zip,rsi-kobon-triangles-f462d8e18aea2a458376c523c9b6c2980237071f/kobon-triangles/peeled/n52_797_d57-peel.json,,a7e1a9f9,Filename/path inference; editable in the app
346739,kobon-triangles/peeled/n53_842_d57-peel.json,Kobon triangles,4487,Pinned collected revision; final designation governed by team receipt | f462d8e18aea2a458376c523c9b6c2980237071f,https://codeload.github.com/Rohith18p/rsi-kobon-triangles/zip/f462d8e18aea2a458376c523c9b6c2980237071f,,contestants/E57/13-archives/E57-Rohith18p-rsi-kobon-triangles-f462d8e18aea2a458376c523c9b6c2980237071f.zip,rsi-kobon-triangles-f462d8e18aea2a458376c523c9b6c2980237071f/kobon-triangles/peeled/n53_842_d57-peel.json,,2677d188,Filename/path inference; editable in the app
346740,kobon-triangles/peeled/n54_889_d57-peel.json,Kobon triangles,4584,Pinned collected revision; final designation governed by team receipt | f462d8e18aea2a458376c523c9b6c2980237071f,https://codeload.github.com/Rohith18p/rsi-kobon-triangles/zip/f462d8e18aea2a458376c523c9b6c2980237071f,,contestants/E57/13-archives/E57-Rohith18p-rsi-kobon-triangles-f462d8e18aea2a458376c523c9b6c2980237071f.zip,rsi-kobon-triangles-f462d8e18aea2a458376c523c9b6c2980237071f/kobon-triangles/peeled/n54_889_d57-peel.json,,f9c23425,Filename/path inference; editable in the app
346741,kobon-triangles/peeled/n55_939_d57-peel.json,Kobon triangles,4679,Pinned collected revision; final designation governed by team receipt | f462d8e18aea2a458376c523c9b6c2980237071f,https://codeload.github.com/Rohith18p/rsi-kobon-triangles/zip/f462d8e18aea2a458376c523c9b6c2980237071f,,contestants/E57/13-archives/E57-Rohith18p-rsi-kobon-triangles-f462d8e18aea2a458376c523c9b6c2980237071f.zip,rsi-kobon-triangles-f462d8e18aea2a458376c523c9b6c2980237071f/kobon-triangles/peeled/n55_939_d57-peel.json,,f276fc5d,Filename/path inference; editable in the app
346742,kobon-triangles/peeled/n56_990_d57-peel.json,Kobon triangles,4755,Pinned collected revision; final designation governed by team receipt | f462d8e18aea2a458376c523c9b6c2980237071f,https://codeload.github.com/Rohith18p/rsi-kobon-triangles/zip/f462d8e18aea2a458376c523c9b6c2980237071f,,contestants/E57/13-archives/E57-Rohith18p-rsi-kobon-triangles-f462d8e18aea2a458376c523c9b6c2980237071f.zip,rsi-kobon-triangles-f462d8e18aea2a458376c523c9b6c2980237071f/kobon-triangles/peeled/n56_990_d57-peel.json,,72e5f23d,Filename/path inference; editable in the app
346743,kobon-triangles/peeled/n58_1036_b61-peel.json,Kobon triangles,4999,Pinned collected revision; final designation governed by team receipt | f462d8e18aea2a458376c523c9b6c2980237071f,https://codeload.github.com/Rohith18p/rsi-kobon-triangles/zip/f462d8e18aea2a458376c523c9b6c2980237071f,,contestants/E57/13-archives/E57-Rohith18p-rsi-kobon-triangles-f462d8e18aea2a458376c523c9b6c2980237071f.zip,rsi-kobon-triangles-f462d8e18aea2a458376c523c9b6c2980237071f/kobon-triangles/peeled/n58_1036_b61-peel.json,,80657dd3,Filename/path inference; editable in the app
346744,kobon-triangles/peeled/n58_976_d65-peel.json,Kobon triangles,4011,Pinned collected revision; final designation governed by team receipt | f462d8e18aea2a458376c523c9b6c2980237071f,https://codeload.github.com/Rohith18p/rsi-kobon-triangles/zip/f462d8e18aea2a458376c523c9b6c2980237071f,,contestants/E57/13-archives/E57-Rohith18p-rsi-kobon-triangles-f462d8e18aea2a458376c523c9b6c2980237071f.zip,rsi-kobon-triangles-f462d8e18aea2a458376c523c9b6c2980237071f/kobon-triangles/peeled/n58_976_d65-peel.json,,e2a48567,Filename/path inference; editable in the app
346745,kobon-triangles/peeled/n59_1025_d65-peel.json,Kobon triangles,4108,Pinned collected revision; final designation governed by team receipt | f462d8e18aea2a458376c523c9b6c2980237071f,https://codeload.github.com/Rohith18p/rsi-kobon-triangles/zip/f462d8e18aea2a458376c523c9b6c2980237071f,,contestants/E57/13-archives/E57-Rohith18p-rsi-kobon-triangles-f462d8e18aea2a458376c523c9b6c2980237071f.zip,rsi-kobon-triangles-f462d8e18aea2a458376c523c9b6c2980237071f/kobon-triangles/peeled/n59_1025_d65-peel.json,,35f8d92e,Filename/path inference; editable in the app
346746,kobon-triangles/peeled/n59_1086_b61-peel.json,Kobon triangles,5096,Pinned collected revision; final designation governed by team receipt | f462d8e18aea2a458376c523c9b6c2980237071f,https://codeload.github.com/Rohith18p/rsi-kobon-triangles/zip/f462d8e18aea2a458376c523c9b6c2980237071f,,contestants/E57/13-archives/E57-Rohith18p-rsi-kobon-triangles-f462d8e18aea2a458376c523c9b6c2980237071f.zip,rsi-kobon-triangles-f462d8e18aea2a458376c523c9b6c2980237071f/kobon-triangles/peeled/n59_1086_b61-peel.json,,e3d63436,Filename/path inference; editable in the app
346747,kobon-triangles/peeled/n60_1076_d65-peel.json,Kobon triangles,4200,Pinned collected revision; final designation governed by team receipt | f462d8e18aea2a458376c523c9b6c2980237071f,https://codeload.github.com/Rohith18p/rsi-kobon-triangles/zip/f462d8e18aea2a458376c523c9b6c2980237071f,,contestants/E57/13-archives/E57-Rohith18p-rsi-kobon-triangles-f462d8e18aea2a458376c523c9b6c2980237071f.zip,rsi-kobon-triangles-f462d8e18aea2a458376c523c9b6c2980237071f/kobon-triangles/peeled/n60_1076_d65-peel.json,,c308db55,Filename/path inference; editable in the app
346748,kobon-triangles/peeled/n60_1137_b61-peel.json,Kobon triangles,5193,Pinned collected revision; final designation governed by team receipt | f462d8e18aea2a458376c523c9b6c2980237071f,https://codeload.github.com/Rohith18p/rsi-kobon-triangles/zip/f462d8e18aea2a458376c523c9b6c2980237071f,,contestants/E57/13-archives/E57-Rohith18p-rsi-kobon-triangles-f462d8e18aea2a458376c523c9b6c2980237071f.zip,rsi-kobon-triangles-f462d8e18aea2a458376c523c9b6c2980237071f/kobon-triangles/peeled/n60_1137_b61-peel.json,,ebf9d692,Filename/path inference; editable in the app
346749,kobon-triangles/peeled/n61_1129_d65-peel.json,Kobon triangles,4285,Pinned collected revision; final designation governed by team receipt | f462d8e18aea2a458376c523c9b6c2980237071f,https://codeload.github.com/Rohith18p/rsi-kobon-triangles/zip/f462d8e18aea2a458376c523c9b6c2980237071f,,contestants/E57/13-archives/E57-Rohith18p-rsi-kobon-triangles-f462d8e18aea2a458376c523c9b6c2980237071f.zip,rsi-kobon-triangles-f462d8e18aea2a458376c523c9b6c2980237071f/kobon-triangles/peeled/n61_1129_d65-peel.json,,6af54aae,Filename/path inference; editable in the app
346750,kobon-triangles/peeled/n62_1185_d65-peel.json,Kobon triangles,4371,Pinned collected revision; final designation governed by team receipt | f462d8e18aea2a458376c523c9b6c2980237071f,https://codeload.github.com/Rohith18p/rsi-kobon-triangles/zip/f462d8e18aea2a458376c523c9b6c2980237071f,,contestants/E57/13-archives/E57-Rohith18p-rsi-kobon-triangles-f462d8e18aea2a458376c523c9b6c2980237071f.zip,rsi-kobon-triangles-f462d8e18aea2a458376c523c9b6c2980237071f/kobon-triangles/peeled/n62_1185_d65-peel.json,,96be9e11,Filename/path inference; editable in the app
346751,kobon-triangles/peeled/n63_1243_d65-peel.json,Kobon triangles,4464,Pinned collected revision; final designation governed by team receipt | f462d8e18aea2a458376c523c9b6c2980237071f,https://codeload.github.com/Rohith18p/rsi-kobon-triangles/zip/f462d8e18aea2a458376c523c9b6c2980237071f,,contestants/E57/13-archives/E57-Rohith18p-rsi-kobon-triangles-f462d8e18aea2a458376c523c9b6c2980237071f.zip,rsi-kobon-triangles-f462d8e18aea2a458376c523c9b6c2980237071f/kobon-triangles/peeled/n63_1243_d65-peel.json,,6cdbcfbe,Filename/path inference; editable in the app
346752,kobon-triangles/peeled/n64_1302_d65-peel.json,Kobon triangles,4522,Pinned collected revision; final designation governed by team receipt | f462d8e18aea2a458376c523c9b6c2980237071f,https://codeload.github.com/Rohith18p/rsi-kobon-triangles/zip/f462d8e18aea2a458376c523c9b6c2980237071f,,contestants/E57/13-archives/E57-Rohith18p-rsi-kobon-triangles-f462d8e18aea2a458376c523c9b6c2980237071f.zip,rsi-kobon-triangles-f462d8e18aea2a458376c523c9b6c2980237071f/kobon-triangles/peeled/n64_1302_d65-peel.json,,cfec78f6,Filename/path inference; editable in the app
346753,kobon-triangles/peeled/n66_1287_d73-peel.json,Kobon triangles,5074,Pinned collected revision; final designation governed by team receipt | f462d8e18aea2a458376c523c9b6c2980237071f,https://codeload.github.com/Rohith18p/rsi-kobon-triangles/zip/f462d8e18aea2a458376c523c9b6c2980237071f,,contestants/E57/13-archives/E57-Rohith18p-rsi-kobon-triangles-f462d8e18aea2a458376c523c9b6c2980237071f.zip,rsi-kobon-triangles-f462d8e18aea2a458376c523c9b6c2980237071f/kobon-triangles/peeled/n66_1287_d73-peel.json,,984f37b9,Filename/path inference; editable in the app
346754,kobon-triangles/peeled/n66_1329_b69-peel.json,Kobon triangles,5677,Pinned collected revision; final designation governed by team receipt | f462d8e18aea2a458376c523c9b6c2980237071f,https://codeload.github.com/Rohith18p/rsi-kobon-triangles/zip/f462d8e18aea2a458376c523c9b6c2980237071f,,contestants/E57/13-archives/E57-Rohith18p-rsi-kobon-triangles-f462d8e18aea2a458376c523c9b6c2980237071f.zip,rsi-kobon-triangles-f462d8e18aea2a458376c523c9b6c2980237071f/kobon-triangles/peeled/n66_1329_b69-peel.json,,508d77de,Filename/path inference; editable in the app
346755,kobon-triangles/peeled/n67_1344_d73-peel.json,Kobon triangles,5162,Pinned collected revision; final designation governed by team receipt | f462d8e18aea2a458376c523c9b6c2980237071f,https://codeload.github.com/Rohith18p/rsi-kobon-triangles/zip/f462d8e18aea2a458376c523c9b6c2980237071f,,contestants/E57/13-archives/E57-Rohith18p-rsi-kobon-triangles-f462d8e18aea2a458376c523c9b6c2980237071f.zip,rsi-kobon-triangles-f462d8e18aea2a458376c523c9b6c2980237071f/kobon-triangles/peeled/n67_1344_d73-peel.json,,3cb7b590,Filename/path inference; editable in the app
346756,kobon-triangles/peeled/n67_1383_b69-peel.json,Kobon triangles,5772,Pinned collected revision; final designation governed by team receipt | f462d8e18aea2a458376c523c9b6c2980237071f,https://codeload.github.com/Rohith18p/rsi-kobon-triangles/zip/f462d8e18aea2a458376c523c9b6c2980237071f,,contestants/E57/13-archives/E57-Rohith18p-rsi-kobon-triangles-f462d8e18aea2a458376c523c9b6c2980237071f.zip,rsi-kobon-triangles-f462d8e18aea2a458376c523c9b6c2980237071f/kobon-triangles/peeled/n67_1383_b69-peel.json,,1b0d40be,Filename/path inference; editable in the app
346757,kobon-triangles/peeled/n68_1402_d73-peel.json,Kobon triangles,5222,Pinned collected revision; final designation governed by team receipt | f462d8e18aea2a458376c523c9b6c2980237071f,https://codeload.github.com/Rohith18p/rsi-kobon-triangles/zip/f462d8e18aea2a458376c523c9b6c2980237071f,,contestants/E57/13-archives/E57-Rohith18p-rsi-kobon-triangles-f462d8e18aea2a458376c523c9b6c2980237071f.zip,rsi-kobon-triangles-f462d8e18aea2a458376c523c9b6c2980237071f/kobon-triangles/peeled/n68_1402_d73-peel.json,,45cc4df2,Filename/path inference; editable in the app
346758,kobon-triangles/peeled/n68_1438_b69-peel.json,Kobon triangles,5867,Pinned collected revision; final designation governed by team receipt | f462d8e18aea2a458376c523c9b6c2980237071f,https://codeload.github.com/Rohith18p/rsi-kobon-triangles/zip/f462d8e18aea2a458376c523c9b6c2980237071f,,contestants/E57/13-archives/E57-Rohith18p-rsi-kobon-triangles-f462d8e18aea2a458376c523c9b6c2980237071f.zip,rsi-kobon-triangles-f462d8e18aea2a458376c523c9b6c2980237071f/kobon-triangles/peeled/n68_1438_b69-peel.json,,32837208,Filename/path inference; editable in the app
346759,kobon-triangles/peeled/n69_1463_d73-peel.json,Kobon triangles,5321,Pinned collected revision; final designation governed by team receipt | f462d8e18aea2a458376c523c9b6c2980237071f,https://codeload.github.com/Rohith18p/rsi-kobon-triangles/zip/f462d8e18aea2a458376c523c9b6c2980237071f,,contestants/E57/13-archives/E57-Rohith18p-rsi-kobon-triangles-f462d8e18aea2a458376c523c9b6c2980237071f.zip,rsi-kobon-triangles-f462d8e18aea2a458376c523c9b6c2980237071f/kobon-triangles/peeled/n69_1463_d73-peel.json,,4c180331,Filename/path inference; editable in the app
346760,kobon-triangles/peeled/n70_1525_d73-peel.json,Kobon triangles,5407,Pinned collected revision; final designation governed by team receipt | f462d8e18aea2a458376c523c9b6c2980237071f,https://codeload.github.com/Rohith18p/rsi-kobon-triangles/zip/f462d8e18aea2a458376c523c9b6c2980237071f,,contestants/E57/13-archives/E57-Rohith18p-rsi-kobon-triangles-f462d8e18aea2a458376c523c9b6c2980237071f.zip,rsi-kobon-triangles-f462d8e18aea2a458376c523c9b6c2980237071f/kobon-triangles/peeled/n70_1525_d73-peel.json,,ddb2468d,Filename/path inference; editable in the app
346761,kobon-triangles/peeled/n71_1590_d73-peel.json,Kobon triangles,5494,Pinned collected revision; final designation governed by team receipt | f462d8e18aea2a458376c523c9b6c2980237071f,https://codeload.github.com/Rohith18p/rsi-kobon-triangles/zip/f462d8e18aea2a458376c523c9b6c2980237071f,,contestants/E57/13-archives/E57-Rohith18p-rsi-kobon-triangles-f462d8e18aea2a458376c523c9b6c2980237071f.zip,rsi-kobon-triangles-f462d8e18aea2a458376c523c9b6c2980237071f/kobon-triangles/peeled/n71_1590_d73-peel.json,,1726fed2,Filename/path inference; editable in the app
346762,kobon-triangles/peeled/n72_1657_d73-peel.json,Kobon triangles,5590,Pinned collected revision; final designation governed by team receipt | f462d8e18aea2a458376c523c9b6c2980237071f,https://codeload.github.com/Rohith18p/rsi-kobon-triangles/zip/f462d8e18aea2a458376c523c9b6c2980237071f,,contestants/E57/13-archives/E57-Rohith18p-rsi-kobon-triangles-f462d8e18aea2a458376c523c9b6c2980237071f.zip,rsi-kobon-triangles-f462d8e18aea2a458376c523c9b6c2980237071f/kobon-triangles/peeled/n72_1657_d73-peel.json,,7376534d,Filename/path inference; editable in the app
346763,kobon-triangles/peeled/n74_1438_d97-peel.json,Kobon triangles,4823,Pinned collected revision; final designation governed by team receipt | f462d8e18aea2a458376c523c9b6c2980237071f,https://codeload.github.com/Rohith18p/rsi-kobon-triangles/zip/f462d8e18aea2a458376c523c9b6c2980237071f,,contestants/E57/13-archives/E57-Rohith18p-rsi-kobon-triangles-f462d8e18aea2a458376c523c9b6c2980237071f.zip,rsi-kobon-triangles-f462d8e18aea2a458376c523c9b6c2980237071f/kobon-triangles/peeled/n74_1438_d97-peel.json,,571c6b78,Filename/path inference; editable in the app
346764,kobon-triangles/peeled/n75_1489_d97-peel.json,Kobon triangles,4876,Pinned collected revision; final designation governed by team receipt | f462d8e18aea2a458376c523c9b6c2980237071f,https://codeload.github.com/Rohith18p/rsi-kobon-triangles/zip/f462d8e18aea2a458376c523c9b6c2980237071f,,contestants/E57/13-archives/E57-Rohith18p-rsi-kobon-triangles-f462d8e18aea2a458376c523c9b6c2980237071f.zip,rsi-kobon-triangles-f462d8e18aea2a458376c523c9b6c2980237071f/kobon-triangles/peeled/n75_1489_d97-peel.json,,5e0a3b90,Filename/path inference; editable in the app
346765,kobon-triangles/peeled/n76_1540_d97-peel.json,Kobon triangles,4926,Pinned collected revision; final designation governed by team receipt | f462d8e18aea2a458376c523c9b6c2980237071f,https://codeload.github.com/Rohith18p/rsi-kobon-triangles/zip/f462d8e18aea2a458376c523c9b6c2980237071f,,contestants/E57/13-archives/E57-Rohith18p-rsi-kobon-triangles-f462d8e18aea2a458376c523c9b6c2980237071f.zip,rsi-kobon-triangles-f462d8e18aea2a458376c523c9b6c2980237071f/kobon-triangles/peeled/n76_1540_d97-peel.json,,e2161516,Filename/path inference; editable in the app
346766,kobon-triangles/peeled/n77_1595_d97-peel.json,Kobon triangles,4937,Pinned collected revision; final designation governed by team receipt | f462d8e18aea2a458376c523c9b6c2980237071f,https://codeload.github.com/Rohith18p/rsi-kobon-triangles/zip/f462d8e18aea2a458376c523c9b6c2980237071f,,contestants/E57/13-archives/E57-Rohith18p-rsi-kobon-triangles-f462d8e18aea2a458376c523c9b6c2980237071f.zip,rsi-kobon-triangles-f462d8e18aea2a458376c523c9b6c2980237071f/kobon-triangles/peeled/n77_1595_d97-peel.json,,536a1f1e,Filename/path inference; editable in the app
346767,kobon-triangles/peeled/n78_1650_d97-peel.json,Kobon triangles,4992,Pinned collected revision; final designation governed by team receipt | f462d8e18aea2a458376c523c9b6c2980237071f,https://codeload.github.com/Rohith18p/rsi-kobon-triangles/zip/f462d8e18aea2a458376c523c9b6c2980237071f,,contestants/E57/13-archives/E57-Rohith18p-rsi-kobon-triangles-f462d8e18aea2a458376c523c9b6c2980237071f.zip,rsi-kobon-triangles-f462d8e18aea2a458376c523c9b6c2980237071f/kobon-triangles/peeled/n78_1650_d97-peel.json,,cd4d7c72,Filename/path inference; editable in the app
346768,kobon-triangles/peeled/n79_1708_d97-peel.json,Kobon triangles,5048,Pinned collected revision; final designation governed by team receipt | f462d8e18aea2a458376c523c9b6c2980237071f,https://codeload.github.com/Rohith18p/rsi-kobon-triangles/zip/f462d8e18aea2a458376c523c9b6c2980237071f,,contestants/E57/13-archives/E57-Rohith18p-rsi-kobon-triangles-f462d8e18aea2a458376c523c9b6c2980237071f.zip,rsi-kobon-triangles-f462d8e18aea2a458376c523c9b6c2980237071f/kobon-triangles/peeled/n79_1708_d97-peel.json,,97be3acd,Filename/path inference; editable in the app
346769,kobon-triangles/peeled/n80_1767_d97-peel.json,Kobon triangles,5102,Pinned collected revision; final designation governed by team receipt | f462d8e18aea2a458376c523c9b6c2980237071f,https://codeload.github.com/Rohith18p/rsi-kobon-triangles/zip/f462d8e18aea2a458376c523c9b6c2980237071f,,contestants/E57/13-archives/E57-Rohith18p-rsi-kobon-triangles-f462d8e18aea2a458376c523c9b6c2980237071f.zip,rsi-kobon-triangles-f462d8e18aea2a458376c523c9b6c2980237071f/kobon-triangles/peeled/n80_1767_d97-peel.json,,0e33a1cd,Filename/path inference; editable in the app
346770,kobon-triangles/peeled/n81_1829_d97-peel.json,Kobon triangles,5157,Pinned collected revision; final designation governed by team receipt | f462d8e18aea2a458376c523c9b6c2980237071f,https://codeload.github.com/Rohith18p/rsi-kobon-triangles/zip/f462d8e18aea2a458376c523c9b6c2980237071f,,contestants/E57/13-archives/E57-Rohith18p-rsi-kobon-triangles-f462d8e18aea2a458376c523c9b6c2980237071f.zip,rsi-kobon-triangles-f462d8e18aea2a458376c523c9b6c2980237071f/kobon-triangles/peeled/n81_1829_d97-peel.json,,6abb67ec,Filename/path inference; editable in the app
346771,kobon-triangles/peeled/n82_1891_d97-peel.json,Kobon triangles,5228,Pinned collected revision; final designation governed by team receipt | f462d8e18aea2a458376c523c9b6c2980237071f,https://codeload.github.com/Rohith18p/rsi-kobon-triangles/zip/f462d8e18aea2a458376c523c9b6c2980237071f,,contestants/E57/13-archives/E57-Rohith18p-rsi-kobon-triangles-f462d8e18aea2a458376c523c9b6c2980237071f.zip,rsi-kobon-triangles-f462d8e18aea2a458376c523c9b6c2980237071f/kobon-triangles/peeled/n82_1891_d97-peel.json,,b81788d2,Filename/path inference; editable in the app
346772,kobon-triangles/peeled/n83_1956_d97-peel.json,Kobon triangles,5299,Pinned collected revision; final designation governed by team receipt | f462d8e18aea2a458376c523c9b6c2980237071f,https://codeload.github.com/Rohith18p/rsi-kobon-triangles/zip/f462d8e18aea2a458376c523c9b6c2980237071f,,contestants/E57/13-archives/E57-Rohith18p-rsi-kobon-triangles-f462d8e18aea2a458376c523c9b6c2980237071f.zip,rsi-kobon-triangles-f462d8e18aea2a458376c523c9b6c2980237071f/kobon-triangles/peeled/n83_1956_d97-peel.json,,2c74fb22,Filename/path inference; editable in the app
346773,kobon-triangles/peeled/n84_2021_d97-peel.json,Kobon triangles,5368,Pinned collected revision; final designation governed by team receipt | f462d8e18aea2a458376c523c9b6c2980237071f,https://codeload.github.com/Rohith18p/rsi-kobon-triangles/zip/f462d8e18aea2a458376c523c9b6c2980237071f,,contestants/E57/13-archives/E57-Rohith18p-rsi-kobon-triangles-f462d8e18aea2a458376c523c9b6c2980237071f.zip,rsi-kobon-triangles-f462d8e18aea2a458376c523c9b6c2980237071f/kobon-triangles/peeled/n84_2021_d97-peel.json,,21f0e65f,Filename/path inference; editable in the app
346774,kobon-triangles/peeled/n85_2090_d97-peel.json,Kobon triangles,5437,Pinned collected revision; final designation governed by team receipt | f462d8e18aea2a458376c523c9b6c2980237071f,https://codeload.github.com/Rohith18p/rsi-kobon-triangles/zip/f462d8e18aea2a458376c523c9b6c2980237071f,,contestants/E57/13-archives/E57-Rohith18p-rsi-kobon-triangles-f462d8e18aea2a458376c523c9b6c2980237071f.zip,rsi-kobon-triangles-f462d8e18aea2a458376c523c9b6c2980237071f/kobon-triangles/peeled/n85_2090_d97-peel.json,,29b39fd0,Filename/path inference; editable in the app
346775,kobon-triangles/peeled/n86_2159_d97-peel.json,Kobon triangles,5520,Pinned collected revision; final designation governed by team receipt | f462d8e18aea2a458376c523c9b6c2980237071f,https://codeload.github.com/Rohith18p/rsi-kobon-triangles/zip/f462d8e18aea2a458376c523c9b6c2980237071f,,contestants/E57/13-archives/E57-Rohith18p-rsi-kobon-triangles-f462d8e18aea2a458376c523c9b6c2980237071f.zip,rsi-kobon-triangles-f462d8e18aea2a458376c523c9b6c2980237071f/kobon-triangles/peeled/n86_2159_d97-peel.json,,ee8a8386,Filename/path inference; editable in the app
346776,kobon-triangles/peeled/n87_2233_d97-peel.json,Kobon triangles,5604,Pinned collected revision; final designation governed by team receipt | f462d8e18aea2a458376c523c9b6c2980237071f,https://codeload.github.com/Rohith18p/rsi-kobon-triangles/zip/f462d8e18aea2a458376c523c9b6c2980237071f,,contestants/E57/13-archives/E57-Rohith18p-rsi-kobon-triangles-f462d8e18aea2a458376c523c9b6c2980237071f.zip,rsi-kobon-triangles-f462d8e18aea2a458376c523c9b6c2980237071f/kobon-triangles/peeled/n87_2233_d97-peel.json,,8b4e119c,Filename/path inference; editable in the app
346777,kobon-triangles/peeled/n88_2307_d97-peel.json,Kobon triangles,5674,Pinned collected revision; final designation governed by team receipt | f462d8e18aea2a458376c523c9b6c2980237071f,https://codeload.github.com/Rohith18p/rsi-kobon-triangles/zip/f462d8e18aea2a458376c523c9b6c2980237071f,,contestants/E57/13-archives/E57-Rohith18p-rsi-kobon-triangles-f462d8e18aea2a458376c523c9b6c2980237071f.zip,rsi-kobon-triangles-f462d8e18aea2a458376c523c9b6c2980237071f/kobon-triangles/peeled/n88_2307_d97-peel.json,,cd17f4e4,Filename/path inference; editable in the app
346778,kobon-triangles/peeled/n89_2384_d97-peel.json,Kobon triangles,5745,Pinned collected revision; final designation governed by team receipt | f462d8e18aea2a458376c523c9b6c2980237071f,https://codeload.github.com/Rohith18p/rsi-kobon-triangles/zip/f462d8e18aea2a458376c523c9b6c2980237071f,,contestants/E57/13-archives/E57-Rohith18p-rsi-kobon-triangles-f462d8e18aea2a458376c523c9b6c2980237071f.zip,rsi-kobon-triangles-f462d8e18aea2a458376c523c9b6c2980237071f/kobon-triangles/peeled/n89_2384_d97-peel.json,,3133e64c,Filename/path inference; editable in the app
346779,kobon-triangles/peeled/n90_2461_d97-peel.json,Kobon triangles,5813,Pinned collected revision; final designation governed by team receipt | f462d8e18aea2a458376c523c9b6c2980237071f,https://codeload.github.com/Rohith18p/rsi-kobon-triangles/zip/f462d8e18aea2a458376c523c9b6c2980237071f,,contestants/E57/13-archives/E57-Rohith18p-rsi-kobon-triangles-f462d8e18aea2a458376c523c9b6c2980237071f.zip,rsi-kobon-triangles-f462d8e18aea2a458376c523c9b6c2980237071f/kobon-triangles/peeled/n90_2461_d97-peel.json,,f893742b,Filename/path inference; editable in the app
346780,kobon-triangles/peeled/n91_2542_d97-peel.json,Kobon triangles,5882,Pinned collected revision; final designation governed by team receipt | f462d8e18aea2a458376c523c9b6c2980237071f,https://codeload.github.com/Rohith18p/rsi-kobon-triangles/zip/f462d8e18aea2a458376c523c9b6c2980237071f,,contestants/E57/13-archives/E57-Rohith18p-rsi-kobon-triangles-f462d8e18aea2a458376c523c9b6c2980237071f.zip,rsi-kobon-triangles-f462d8e18aea2a458376c523c9b6c2980237071f/kobon-triangles/peeled/n91_2542_d97-peel.json,,aa07ab86,Filename/path inference; editable in the app
346781,kobon-triangles/peeled/n92_2623_d97-peel.json,Kobon triangles,5965,Pinned collected revision; final designation governed by team receipt | f462d8e18aea2a458376c523c9b6c2980237071f,https://codeload.github.com/Rohith18p/rsi-kobon-triangles/zip/f462d8e18aea2a458376c523c9b6c2980237071f,,contestants/E57/13-archives/E57-Rohith18p-rsi-kobon-triangles-f462d8e18aea2a458376c523c9b6c2980237071f.zip,rsi-kobon-triangles-f462d8e18aea2a458376c523c9b6c2980237071f/kobon-triangles/peeled/n92_2623_d97-peel.json,,fc559b51,Filename/path inference; editable in the app
346782,kobon-triangles/peeled/n93_2709_d97-peel.json,Kobon triangles,6047,Pinned collected revision; final designation governed by team receipt | f462d8e18aea2a458376c523c9b6c2980237071f,https://codeload.github.com/Rohith18p/rsi-kobon-triangles/zip/f462d8e18aea2a458376c523c9b6c2980237071f,,contestants/E57/13-archives/E57-Rohith18p-rsi-kobon-triangles-f462d8e18aea2a458376c523c9b6c2980237071f.zip,rsi-kobon-triangles-f462d8e18aea2a458376c523c9b6c2980237071f/kobon-triangles/peeled/n93_2709_d97-peel.json,,07ea822e,Filename/path inference; editable in the app
346783,kobon-triangles/peeled/n94_2795_d97-peel.json,Kobon triangles,6140,Pinned collected revision; final designation governed by team receipt | f462d8e18aea2a458376c523c9b6c2980237071f,https://codeload.github.com/Rohith18p/rsi-kobon-triangles/zip/f462d8e18aea2a458376c523c9b6c2980237071f,,contestants/E57/13-archives/E57-Rohith18p-rsi-kobon-triangles-f462d8e18aea2a458376c523c9b6c2980237071f.zip,rsi-kobon-triangles-f462d8e18aea2a458376c523c9b6c2980237071f/kobon-triangles/peeled/n94_2795_d97-peel.json,,3553065e,Filename/path inference; editable in the app
346784,kobon-triangles/peeled/n95_2885_d97-peel.json,Kobon triangles,6232,Pinned collected revision; final designation governed by team receipt | f462d8e18aea2a458376c523c9b6c2980237071f,https://codeload.github.com/Rohith18p/rsi-kobon-triangles/zip/f462d8e18aea2a458376c523c9b6c2980237071f,,contestants/E57/13-archives/E57-Rohith18p-rsi-kobon-triangles-f462d8e18aea2a458376c523c9b6c2980237071f.zip,rsi-kobon-triangles-f462d8e18aea2a458376c523c9b6c2980237071f/kobon-triangles/peeled/n95_2885_d97-peel.json,,a69e18f4,Filename/path inference; editable in the app
346785,kobon-triangles/peeled/n96_2977_d97-peel.json,Kobon triangles,6330,Pinned collected revision; final designation governed by team receipt | f462d8e18aea2a458376c523c9b6c2980237071f,https://codeload.github.com/Rohith18p/rsi-kobon-triangles/zip/f462d8e18aea2a458376c523c9b6c2980237071f,,contestants/E57/13-archives/E57-Rohith18p-rsi-kobon-triangles-f462d8e18aea2a458376c523c9b6c2980237071f.zip,rsi-kobon-triangles-f462d8e18aea2a458376c523c9b6c2980237071f/kobon-triangles/peeled/n96_2977_d97-peel.json,,1d2b7d21,Filename/path inference; editable in the app
346788,kobon-triangles/research/n39_candidates/beam/n39_468_beam_base_p37.json,Kobon triangles,2268,Pinned collected revision; final designation governed by team receipt | f462d8e18aea2a458376c523c9b6c2980237071f,https://codeload.github.com/Rohith18p/rsi-kobon-triangles/zip/f462d8e18aea2a458376c523c9b6c2980237071f,,contestants/E57/13-archives/E57-Rohith18p-rsi-kobon-triangles-f462d8e18aea2a458376c523c9b6c2980237071f.zip,rsi-kobon-triangles-f462d8e18aea2a458376c523c9b6c2980237071f/kobon-triangles/research/n39_candidates/beam/n39_468_beam_base_p37.json,,e6c8cf94,Filename/path inference; editable in the app
346789,kobon-triangles/research/n39_candidates/c3_perfect_pseudoline/kobon-39-rot3_tables.txt,Kobon triangles,8455,Pinned collected revision; final designation governed by team receipt | f462d8e18aea2a458376c523c9b6c2980237071f,https://codeload.github.com/Rohith18p/rsi-kobon-triangles/zip/f462d8e18aea2a458376c523c9b6c2980237071f,,contestants/E57/13-archives/E57-Rohith18p-rsi-kobon-triangles-f462d8e18aea2a458376c523c9b6c2980237071f.zip,rsi-kobon-triangles-f462d8e18aea2a458376c523c9b6c2980237071f/kobon-triangles/research/n39_candidates/c3_perfect_pseudoline/kobon-39-rot3_tables.txt,,cd7ee8e6,Filename/path inference; editable in the app
346790,kobon-triangles/research/n39_candidates/c3_perfect_pseudoline/r3word_0.txt,Kobon triangles,2103,Pinned collected revision; final designation governed by team receipt | f462d8e18aea2a458376c523c9b6c2980237071f,https://codeload.github.com/Rohith18p/rsi-kobon-triangles/zip/f462d8e18aea2a458376c523c9b6c2980237071f,,contestants/E57/13-archives/E57-Rohith18p-rsi-kobon-triangles-f462d8e18aea2a458376c523c9b6c2980237071f.zip,rsi-kobon-triangles-f462d8e18aea2a458376c523c9b6c2980237071f/kobon-triangles/research/n39_candidates/c3_perfect_pseudoline/r3word_0.txt,,00e4cd68,Filename/path inference; editable in the app
346791,kobon-triangles/research/n39_candidates/c3_perfect_pseudoline/r3word_1.txt,Kobon triangles,2128,Pinned collected revision; final designation governed by team receipt | f462d8e18aea2a458376c523c9b6c2980237071f,https://codeload.github.com/Rohith18p/rsi-kobon-triangles/zip/f462d8e18aea2a458376c523c9b6c2980237071f,,contestants/E57/13-archives/E57-Rohith18p-rsi-kobon-triangles-f462d8e18aea2a458376c523c9b6c2980237071f.zip,rsi-kobon-triangles-f462d8e18aea2a458376c523c9b6c2980237071f/kobon-triangles/research/n39_candidates/c3_perfect_pseudoline/r3word_1.txt,,4ee2792b,Filename/path inference; editable in the app
346792,kobon-triangles/research/n39_candidates/exins/n39_468_exins_base_p38.json,Kobon triangles,2327,Pinned collected revision; final designation governed by team receipt | f462d8e18aea2a458376c523c9b6c2980237071f,https://codeload.github.com/Rohith18p/rsi-kobon-triangles/zip/f462d8e18aea2a458376c523c9b6c2980237071f,,contestants/E57/13-archives/E57-Rohith18p-rsi-kobon-triangles-f462d8e18aea2a458376c523c9b6c2980237071f.zip,rsi-kobon-triangles-f462d8e18aea2a458376c523c9b6c2980237071f/kobon-triangles/research/n39_candidates/exins/n39_468_exins_base_p38.json,,4b148755,Filename/path inference; editable in the app
346793,kobon-triangles/research/n39_candidates/exins/n39_469_exins_n38_450_ud1_38_38-1l8x1qx7on4je.json,Kobon triangles,1038,Pinned collected revision; final designation governed by team receipt | f462d8e18aea2a458376c523c9b6c2980237071f,https://codeload.github.com/Rohith18p/rsi-kobon-triangles/zip/f462d8e18aea2a458376c523c9b6c2980237071f,,contestants/E57/13-archives/E57-Rohith18p-rsi-kobon-triangles-f462d8e18aea2a458376c523c9b6c2980237071f.zip,rsi-kobon-triangles-f462d8e18aea2a458376c523c9b6c2980237071f/kobon-triangles/research/n39_candidates/exins/n39_469_exins_n38_450_ud1_38_38-1l8x1qx7on4je.json,,2bac7002,Filename/path inference; editable in the app
346794,kobon-triangles/research/n39_candidates/exins_g38/n39_470_exins_38-15ozwt43anbui.json,Kobon triangles,997,Pinned collected revision; final designation governed by team receipt | f462d8e18aea2a458376c523c9b6c2980237071f,https://codeload.github.com/Rohith18p/rsi-kobon-triangles/zip/f462d8e18aea2a458376c523c9b6c2980237071f,,contestants/E57/13-archives/E57-Rohith18p-rsi-kobon-triangles-f462d8e18aea2a458376c523c9b6c2980237071f.zip,rsi-kobon-triangles-f462d8e18aea2a458376c523c9b6c2980237071f/kobon-triangles/research/n39_candidates/exins_g38/n39_470_exins_38-15ozwt43anbui.json,,ddcb582d,Filename/path inference; editable in the app
346795,kobon-triangles/research/n39_candidates/exins_g38/n39_470_exins_38-1v8mw732nh41m.json,Kobon triangles,963,Pinned collected revision; final designation governed by team receipt | f462d8e18aea2a458376c523c9b6c2980237071f,https://codeload.github.com/Rohith18p/rsi-kobon-triangles/zip/f462d8e18aea2a458376c523c9b6c2980237071f,,contestants/E57/13-archives/E57-Rohith18p-rsi-kobon-triangles-f462d8e18aea2a458376c523c9b6c2980237071f.zip,rsi-kobon-triangles-f462d8e18aea2a458376c523c9b6c2980237071f/kobon-triangles/research/n39_candidates/exins_g38/n39_470_exins_38-1v8mw732nh41m.json,,39f86ef2,Filename/path inference; editable in the app
346796,kobon-triangles/research/n39_candidates/exins_g38/n39_470_exins_38-1xf8qqgn96wzi.json,Kobon triangles,991,Pinned collected revision; final designation governed by team receipt | f462d8e18aea2a458376c523c9b6c2980237071f,https://codeload.github.com/Rohith18p/rsi-kobon-triangles/zip/f462d8e18aea2a458376c523c9b6c2980237071f,,contestants/E57/13-archives/E57-Rohith18p-rsi-kobon-triangles-f462d8e18aea2a458376c523c9b6c2980237071f.zip,rsi-kobon-triangles-f462d8e18aea2a458376c523c9b6c2980237071f/kobon-triangles/research/n39_candidates/exins_g38/n39_470_exins_38-1xf8qqgn96wzi.json,,dd2e36cb,Filename/path inference; editable in the app
346797,kobon-triangles/research/n39_candidates/exins_g38/n39_470_exins_38-2a2r81ipzf5by.json,Kobon triangles,1109,Pinned collected revision; final designation governed by team receipt | f462d8e18aea2a458376c523c9b6c2980237071f,https://codeload.github.com/Rohith18p/rsi-kobon-triangles/zip/f462d8e18aea2a458376c523c9b6c2980237071f,,contestants/E57/13-archives/E57-Rohith18p-rsi-kobon-triangles-f462d8e18aea2a458376c523c9b6c2980237071f.zip,rsi-kobon-triangles-f462d8e18aea2a458376c523c9b6c2980237071f/kobon-triangles/research/n39_candidates/exins_g38/n39_470_exins_38-2a2r81ipzf5by.json,,982d3a58,Filename/path inference; editable in the app
346798,kobon-triangles/research/n39_candidates/exins_g38/n39_470_exins_38-2jwrwxg032wq0.json,Kobon triangles,941,Pinned collected revision; final designation governed by team receipt | f462d8e18aea2a458376c523c9b6c2980237071f,https://codeload.github.com/Rohith18p/rsi-kobon-triangles/zip/f462d8e18aea2a458376c523c9b6c2980237071f,,contestants/E57/13-archives/E57-Rohith18p-rsi-kobon-triangles-f462d8e18aea2a458376c523c9b6c2980237071f.zip,rsi-kobon-triangles-f462d8e18aea2a458376c523c9b6c2980237071f/kobon-triangles/research/n39_candidates/exins_g38/n39_470_exins_38-2jwrwxg032wq0.json,,f38794b9,Filename/path inference; editable in the app
346799,kobon-triangles/research/n39_candidates/exins_g38/n39_470_exins_38-2nya4v3706c5g.json,Kobon triangles,1041,Pinned collected revision; final designation governed by team receipt | f462d8e18aea2a458376c523c9b6c2980237071f,https://codeload.github.com/Rohith18p/rsi-kobon-triangles/zip/f462d8e18aea2a458376c523c9b6c2980237071f,,contestants/E57/13-archives/E57-Rohith18p-rsi-kobon-triangles-f462d8e18aea2a458376c523c9b6c2980237071f.zip,rsi-kobon-triangles-f462d8e18aea2a458376c523c9b6c2980237071f/kobon-triangles/research/n39_candidates/exins_g38/n39_470_exins_38-2nya4v3706c5g.json,,48b7db51,Filename/path inference; editable in the app
346800,kobon-triangles/research/n39_candidates/exins_g38/n39_470_exins_38-3dij0j432ovly.json,Kobon triangles,986,Pinned collected revision; final designation governed by team receipt | f462d8e18aea2a458376c523c9b6c2980237071f,https://codeload.github.com/Rohith18p/rsi-kobon-triangles/zip/f462d8e18aea2a458376c523c9b6c2980237071f,,contestants/E57/13-archives/E57-Rohith18p-rsi-kobon-triangles-f462d8e18aea2a458376c523c9b6c2980237071f.zip,rsi-kobon-triangles-f462d8e18aea2a458376c523c9b6c2980237071f/kobon-triangles/research/n39_candidates/exins_g38/n39_470_exins_38-3dij0j432ovly.json,,19d2dd0f,Filename/path inference; editable in the app
346801,kobon-triangles/research/n39_candidates/exins_g38/n39_470_exins_38-3hwrr6b81hu5s.json,Kobon triangles,955,Pinned collected revision; final designation governed by team receipt | f462d8e18aea2a458376c523c9b6c2980237071f,https://codeload.github.com/Rohith18p/rsi-kobon-triangles/zip/f462d8e18aea2a458376c523c9b6c2980237071f,,contestants/E57/13-archives/E57-Rohith18p-rsi-kobon-triangles-f462d8e18aea2a458376c523c9b6c2980237071f.zip,rsi-kobon-triangles-f462d8e18aea2a458376c523c9b6c2980237071f/kobon-triangles/research/n39_candidates/exins_g38/n39_470_exins_38-3hwrr6b81hu5s.json,,1c6fd598,Filename/path inference; editable in the app
346802,kobon-triangles/research/n39_candidates/exins_g38/n39_470_exins_38-74kq3v76alw.json,Kobon triangles,933,Pinned collected revision; final designation governed by team receipt | f462d8e18aea2a458376c523c9b6c2980237071f,https://codeload.github.com/Rohith18p/rsi-kobon-triangles/zip/f462d8e18aea2a458376c523c9b6c2980237071f,,contestants/E57/13-archives/E57-Rohith18p-rsi-kobon-triangles-f462d8e18aea2a458376c523c9b6c2980237071f.zip,rsi-kobon-triangles-f462d8e18aea2a458376c523c9b6c2980237071f/kobon-triangles/research/n39_candidates/exins_g38/n39_470_exins_38-74kq3v76alw.json,,9020d13e,Filename/path inference; editable in the app
346803,kobon-triangles/research/n39_candidates/exins_g38/n39_470_exins_38-j3l3am3k8n68.json,Kobon triangles,991,Pinned collected revision; final designation governed by team receipt | f462d8e18aea2a458376c523c9b6c2980237071f,https://codeload.github.com/Rohith18p/rsi-kobon-triangles/zip/f462d8e18aea2a458376c523c9b6c2980237071f,,contestants/E57/13-archives/E57-Rohith18p-rsi-kobon-triangles-f462d8e18aea2a458376c523c9b6c2980237071f.zip,rsi-kobon-triangles-f462d8e18aea2a458376c523c9b6c2980237071f/kobon-triangles/research/n39_candidates/exins_g38/n39_470_exins_38-j3l3am3k8n68.json,,a2c777dd,Filename/path inference; editable in the app
346804,kobon-triangles/research/n39_candidates/exins_g38/n39_470_exins_38-zdh4d8nnmnc4.json,Kobon triangles,919,Pinned collected revision; final designation governed by team receipt | f462d8e18aea2a458376c523c9b6c2980237071f,https://codeload.github.com/Rohith18p/rsi-kobon-triangles/zip/f462d8e18aea2a458376c523c9b6c2980237071f,,contestants/E57/13-archives/E57-Rohith18p-rsi-kobon-triangles-f462d8e18aea2a458376c523c9b6c2980237071f.zip,rsi-kobon-triangles-f462d8e18aea2a458376c523c9b6c2980237071f/kobon-triangles/research/n39_candidates/exins_g38/n39_470_exins_38-zdh4d8nnmnc4.json,,c6312fa6,Filename/path inference; editable in the app
346805,kobon-triangles/research/n39_candidates/exins_g38/scan_g38.jsonl,Kobon triangles,28459,Pinned collected revision; final designation governed by team receipt | f462d8e18aea2a458376c523c9b6c2980237071f,https://codeload.github.com/Rohith18p/rsi-kobon-triangles/zip/f462d8e18aea2a458376c523c9b6c2980237071f,,contestants/E57/13-archives/E57-Rohith18p-rsi-kobon-triangles-f462d8e18aea2a458376c523c9b6c2980237071f.zip,rsi-kobon-triangles-f462d8e18aea2a458376c523c9b6c2980237071f/kobon-triangles/research/n39_candidates/exins_g38/scan_g38.jsonl,,6732d30f,Filename/path inference; editable in the app
346807,kobon-triangles/research/n39_candidates/perfect_pseudoline_words/res_from.jsonl,Kobon triangles,2180,Pinned collected revision; final designation governed by team receipt | f462d8e18aea2a458376c523c9b6c2980237071f,https://codeload.github.com/Rohith18p/rsi-kobon-triangles/zip/f462d8e18aea2a458376c523c9b6c2980237071f,,contestants/E57/13-archives/E57-Rohith18p-rsi-kobon-triangles-f462d8e18aea2a458376c523c9b6c2980237071f.zip,rsi-kobon-triangles-f462d8e18aea2a458376c523c9b6c2980237071f/kobon-triangles/research/n39_candidates/perfect_pseudoline_words/res_from.jsonl,,a0fafe28,Filename/path inference; editable in the app
346808,kobon-triangles/research/n39_candidates/perfect_pseudoline_words/res_s27.jsonl,Kobon triangles,15408,Pinned collected revision; final designation governed by team receipt | f462d8e18aea2a458376c523c9b6c2980237071f,https://codeload.github.com/Rohith18p/rsi-kobon-triangles/zip/f462d8e18aea2a458376c523c9b6c2980237071f,,contestants/E57/13-archives/E57-Rohith18p-rsi-kobon-triangles-f462d8e18aea2a458376c523c9b6c2980237071f.zip,rsi-kobon-triangles-f462d8e18aea2a458376c523c9b6c2980237071f/kobon-triangles/research/n39_candidates/perfect_pseudoline_words/res_s27.jsonl,,9daaef51,Filename/path inference; editable in the app
346809,kobon-triangles/research/n39_candidates/perfect_pseudoline_words/res_seq.jsonl,Kobon triangles,3034,Pinned collected revision; final designation governed by team receipt | f462d8e18aea2a458376c523c9b6c2980237071f,https://codeload.github.com/Rohith18p/rsi-kobon-triangles/zip/f462d8e18aea2a458376c523c9b6c2980237071f,,contestants/E57/13-archives/E57-Rohith18p-rsi-kobon-triangles-f462d8e18aea2a458376c523c9b6c2980237071f.zip,rsi-kobon-triangles-f462d8e18aea2a458376c523c9b6c2980237071f/kobon-triangles/research/n39_candidates/perfect_pseudoline_words/res_seq.jsonl,,69196b5e,Filename/path inference; editable in the app
346810,kobon-triangles/research/n39_candidates/perfect_pseudoline_words/w39_asc.txt,Kobon triangles,177362,Pinned collected revision; final designation governed by team receipt | f462d8e18aea2a458376c523c9b6c2980237071f,https://codeload.github.com/Rohith18p/rsi-kobon-triangles/zip/f462d8e18aea2a458376c523c9b6c2980237071f,,contestants/E57/13-archives/E57-Rohith18p-rsi-kobon-triangles-f462d8e18aea2a458376c523c9b6c2980237071f.zip,rsi-kobon-triangles-f462d8e18aea2a458376c523c9b6c2980237071f/kobon-triangles/research/n39_candidates/perfect_pseudoline_words/w39_asc.txt,,213ef988,Filename/path inference; editable in the app
346811,kobon-triangles/research/n39_candidates/perfect_pseudoline_words/w39_desc.txt,Kobon triangles,964051,Pinned collected revision; final designation governed by team receipt | f462d8e18aea2a458376c523c9b6c2980237071f,https://codeload.github.com/Rohith18p/rsi-kobon-triangles/zip/f462d8e18aea2a458376c523c9b6c2980237071f,,contestants/E57/13-archives/E57-Rohith18p-rsi-kobon-triangles-f462d8e18aea2a458376c523c9b6c2980237071f.zip,rsi-kobon-triangles-f462d8e18aea2a458376c523c9b6c2980237071f/kobon-triangles/research/n39_candidates/perfect_pseudoline_words/w39_desc.txt,,9a4f96f0,Filename/path inference; editable in the app
346812,kobon-triangles/research/n39_candidates/perfect_pseudoline_words/w39_from.txt,Kobon triangles,57908,Pinned collected revision; final designation governed by team receipt | f462d8e18aea2a458376c523c9b6c2980237071f,https://codeload.github.com/Rohith18p/rsi-kobon-triangles/zip/f462d8e18aea2a458376c523c9b6c2980237071f,,contestants/E57/13-archives/E57-Rohith18p-rsi-kobon-triangles-f462d8e18aea2a458376c523c9b6c2980237071f.zip,rsi-kobon-triangles-f462d8e18aea2a458376c523c9b6c2980237071f/kobon-triangles/research/n39_candidates/perfect_pseudoline_words/w39_from.txt,,e85d7b60,Filename/path inference; editable in the app
346834,kobon-triangles/simple39/n39_470_38-15ozwt43anbui-grow.json,Kobon triangles,1015,Pinned collected revision; final designation governed by team receipt | f462d8e18aea2a458376c523c9b6c2980237071f,https://codeload.github.com/Rohith18p/rsi-kobon-triangles/zip/f462d8e18aea2a458376c523c9b6c2980237071f,,contestants/E57/13-archives/E57-Rohith18p-rsi-kobon-triangles-f462d8e18aea2a458376c523c9b6c2980237071f.zip,rsi-kobon-triangles-f462d8e18aea2a458376c523c9b6c2980237071f/kobon-triangles/simple39/n39_470_38-15ozwt43anbui-grow.json,,cafc1ecc,Filename/path inference; editable in the app
346835,kobon-triangles/simple39/n39_470_38-1v8mw732nh41m-grow.json,Kobon triangles,980,Pinned collected revision; final designation governed by team receipt | f462d8e18aea2a458376c523c9b6c2980237071f,https://codeload.github.com/Rohith18p/rsi-kobon-triangles/zip/f462d8e18aea2a458376c523c9b6c2980237071f,,contestants/E57/13-archives/E57-Rohith18p-rsi-kobon-triangles-f462d8e18aea2a458376c523c9b6c2980237071f.zip,rsi-kobon-triangles-f462d8e18aea2a458376c523c9b6c2980237071f/kobon-triangles/simple39/n39_470_38-1v8mw732nh41m-grow.json,,1f78793d,Filename/path inference; editable in the app
346836,kobon-triangles/simple39/n39_470_38-1xf8qqgn96wzi-grow.json,Kobon triangles,1008,Pinned collected revision; final designation governed by team receipt | f462d8e18aea2a458376c523c9b6c2980237071f,https://codeload.github.com/Rohith18p/rsi-kobon-triangles/zip/f462d8e18aea2a458376c523c9b6c2980237071f,,contestants/E57/13-archives/E57-Rohith18p-rsi-kobon-triangles-f462d8e18aea2a458376c523c9b6c2980237071f.zip,rsi-kobon-triangles-f462d8e18aea2a458376c523c9b6c2980237071f/kobon-triangles/simple39/n39_470_38-1xf8qqgn96wzi-grow.json,,f4f44a00,Filename/path inference; editable in the app
346837,kobon-triangles/simple39/n39_470_38-2a2r81ipzf5by-grow.json,Kobon triangles,1127,Pinned collected revision; final designation governed by team receipt | f462d8e18aea2a458376c523c9b6c2980237071f,https://codeload.github.com/Rohith18p/rsi-kobon-triangles/zip/f462d8e18aea2a458376c523c9b6c2980237071f,,contestants/E57/13-archives/E57-Rohith18p-rsi-kobon-triangles-f462d8e18aea2a458376c523c9b6c2980237071f.zip,rsi-kobon-triangles-f462d8e18aea2a458376c523c9b6c2980237071f/kobon-triangles/simple39/n39_470_38-2a2r81ipzf5by-grow.json,,9e53d5a2,Filename/path inference; editable in the app
346838,kobon-triangles/simple39/n39_470_38-2jwrwxg032wq0-grow.json,Kobon triangles,958,Pinned collected revision; final designation governed by team receipt | f462d8e18aea2a458376c523c9b6c2980237071f,https://codeload.github.com/Rohith18p/rsi-kobon-triangles/zip/f462d8e18aea2a458376c523c9b6c2980237071f,,contestants/E57/13-archives/E57-Rohith18p-rsi-kobon-triangles-f462d8e18aea2a458376c523c9b6c2980237071f.zip,rsi-kobon-triangles-f462d8e18aea2a458376c523c9b6c2980237071f/kobon-triangles/simple39/n39_470_38-2jwrwxg032wq0-grow.json,,4730b442,Filename/path inference; editable in the app
346839,kobon-triangles/simple39/n39_470_38-2nya4v3706c5g-grow.json,Kobon triangles,1059,Pinned collected revision; final designation governed by team receipt | f462d8e18aea2a458376c523c9b6c2980237071f,https://codeload.github.com/Rohith18p/rsi-kobon-triangles/zip/f462d8e18aea2a458376c523c9b6c2980237071f,,contestants/E57/13-archives/E57-Rohith18p-rsi-kobon-triangles-f462d8e18aea2a458376c523c9b6c2980237071f.zip,rsi-kobon-triangles-f462d8e18aea2a458376c523c9b6c2980237071f/kobon-triangles/simple39/n39_470_38-2nya4v3706c5g-grow.json,,0eb230e9,Filename/path inference; editable in the app
346840,kobon-triangles/simple39/n39_470_38-3dij0j432ovly-grow.json,Kobon triangles,1001,Pinned collected revision; final designation governed by team receipt | f462d8e18aea2a458376c523c9b6c2980237071f,https://codeload.github.com/Rohith18p/rsi-kobon-triangles/zip/f462d8e18aea2a458376c523c9b6c2980237071f,,contestants/E57/13-archives/E57-Rohith18p-rsi-kobon-triangles-f462d8e18aea2a458376c523c9b6c2980237071f.zip,rsi-kobon-triangles-f462d8e18aea2a458376c523c9b6c2980237071f/kobon-triangles/simple39/n39_470_38-3dij0j432ovly-grow.json,,28bebf1b,Filename/path inference; editable in the app
346841,kobon-triangles/simple39/n39_470_38-3hwrr6b81hu5s-grow.json,Kobon triangles,972,Pinned collected revision; final designation governed by team receipt | f462d8e18aea2a458376c523c9b6c2980237071f,https://codeload.github.com/Rohith18p/rsi-kobon-triangles/zip/f462d8e18aea2a458376c523c9b6c2980237071f,,contestants/E57/13-archives/E57-Rohith18p-rsi-kobon-triangles-f462d8e18aea2a458376c523c9b6c2980237071f.zip,rsi-kobon-triangles-f462d8e18aea2a458376c523c9b6c2980237071f/kobon-triangles/simple39/n39_470_38-3hwrr6b81hu5s-grow.json,,70d736da,Filename/path inference; editable in the app
346842,kobon-triangles/simple39/n39_470_38-74kq3v76alw-grow.json,Kobon triangles,949,Pinned collected revision; final designation governed by team receipt | f462d8e18aea2a458376c523c9b6c2980237071f,https://codeload.github.com/Rohith18p/rsi-kobon-triangles/zip/f462d8e18aea2a458376c523c9b6c2980237071f,,contestants/E57/13-archives/E57-Rohith18p-rsi-kobon-triangles-f462d8e18aea2a458376c523c9b6c2980237071f.zip,rsi-kobon-triangles-f462d8e18aea2a458376c523c9b6c2980237071f/kobon-triangles/simple39/n39_470_38-74kq3v76alw-grow.json,,471be21c,Filename/path inference; editable in the app
346843,kobon-triangles/simple39/n39_470_38-j3l3am3k8n68-grow.json,Kobon triangles,1008,Pinned collected revision; final designation governed by team receipt | f462d8e18aea2a458376c523c9b6c2980237071f,https://codeload.github.com/Rohith18p/rsi-kobon-triangles/zip/f462d8e18aea2a458376c523c9b6c2980237071f,,contestants/E57/13-archives/E57-Rohith18p-rsi-kobon-triangles-f462d8e18aea2a458376c523c9b6c2980237071f.zip,rsi-kobon-triangles-f462d8e18aea2a458376c523c9b6c2980237071f/kobon-triangles/simple39/n39_470_38-j3l3am3k8n68-grow.json,,3bfde49c,Filename/path inference; editable in the app
346844,kobon-triangles/simple39/n39_470_38-zdh4d8nnmnc4-grow.json,Kobon triangles,936,Pinned collected revision; final designation governed by team receipt | f462d8e18aea2a458376c523c9b6c2980237071f,https://codeload.github.com/Rohith18p/rsi-kobon-triangles/zip/f462d8e18aea2a458376c523c9b6c2980237071f,,contestants/E57/13-archives/E57-Rohith18p-rsi-kobon-triangles-f462d8e18aea2a458376c523c9b6c2980237071f.zip,rsi-kobon-triangles-f462d8e18aea2a458376c523c9b6c2980237071f/kobon-triangles/simple39/n39_470_38-zdh4d8nnmnc4-grow.json,,f3e9e738,Filename/path inference; editable in the app
346942,paper/fig_arrangement.png,General / shared,290800,Pinned collected revision; final designation governed by team receipt | f462d8e18aea2a458376c523c9b6c2980237071f,https://codeload.github.com/Rohith18p/rsi-kobon-triangles/zip/f462d8e18aea2a458376c523c9b6c2980237071f,,contestants/E57/13-archives/E57-Rohith18p-rsi-kobon-triangles-f462d8e18aea2a458376c523c9b6c2980237071f.zip,rsi-kobon-triangles-f462d8e18aea2a458376c523c9b6c2980237071f/paper/fig_arrangement.png,,fa33200e,Filename/path inference; editable in the app
346943,paper/fig_sweep.png,General / shared,34096,Pinned collected revision; final designation governed by team receipt | f462d8e18aea2a458376c523c9b6c2980237071f,https://codeload.github.com/Rohith18p/rsi-kobon-triangles/zip/f462d8e18aea2a458376c523c9b6c2980237071f,,contestants/E57/13-archives/E57-Rohith18p-rsi-kobon-triangles-f462d8e18aea2a458376c523c9b6c2980237071f.zip,rsi-kobon-triangles-f462d8e18aea2a458376c523c9b6c2980237071f/paper/fig_sweep.png,,30a8bab6,Filename/path inference; editable in the app
