id,original_path,topic,bytes,version,source,local_path,archive_path,archive_member,sha256,crc32,basis
344491,AGENTS.md,General / shared,1400,Pinned collected revision; final designation governed by team receipt | 2fd9fd643bf3e9e98d121dc2e7af1cf1be411ae2,https://codeload.github.com/grandchallenge/MATHSOLVE/zip/2fd9fd643bf3e9e98d121dc2e7af1cf1be411ae2,,contestants/E10/13-archives/E10-grandchallenge-MATHSOLVE-2fd9fd643bf3e9e98d121dc2e7af1cf1be411ae2.zip,MATHSOLVE-2fd9fd643bf3e9e98d121dc2e7af1cf1be411ae2/AGENTS.md,,1a30d7bd,Filename/path inference; editable in the app
347455,AGENTS.md,General / shared,1400,Latest public revision collected separately; not an author-designated final | adcfa0537f43327f4bb9acfe1692f757fce353c4,https://codeload.github.com/grandchallenge/MATHSOLVE/zip/adcfa0537f43327f4bb9acfe1692f757fce353c4,,contestants/E10/13-archives/E10-grandchallenge-MATHSOLVE-adcfa0537f43327f4bb9acfe1692f757fce353c4.zip,MATHSOLVE-adcfa0537f43327f4bb9acfe1692f757fce353c4/AGENTS.md,,1a30d7bd,Filename/path inference; editable in the app
344520,README.md,General / shared,2815,Pinned collected revision; final designation governed by team receipt | 2fd9fd643bf3e9e98d121dc2e7af1cf1be411ae2,https://codeload.github.com/grandchallenge/MATHSOLVE/zip/2fd9fd643bf3e9e98d121dc2e7af1cf1be411ae2,,contestants/E10/13-archives/E10-grandchallenge-MATHSOLVE-2fd9fd643bf3e9e98d121dc2e7af1cf1be411ae2.zip,MATHSOLVE-2fd9fd643bf3e9e98d121dc2e7af1cf1be411ae2/README.md,,6d80372c,Filename/path inference; editable in the app
347484,README.md,General / shared,2815,Latest public revision collected separately; not an author-designated final | adcfa0537f43327f4bb9acfe1692f757fce353c4,https://codeload.github.com/grandchallenge/MATHSOLVE/zip/adcfa0537f43327f4bb9acfe1692f757fce353c4,,contestants/E10/13-archives/E10-grandchallenge-MATHSOLVE-adcfa0537f43327f4bb9acfe1692f757fce353c4.zip,MATHSOLVE-adcfa0537f43327f4bb9acfe1692f757fce353c4/README.md,,6d80372c,Filename/path inference; editable in the app
344521,SECURITY.md,General / shared,178,Pinned collected revision; final designation governed by team receipt | 2fd9fd643bf3e9e98d121dc2e7af1cf1be411ae2,https://codeload.github.com/grandchallenge/MATHSOLVE/zip/2fd9fd643bf3e9e98d121dc2e7af1cf1be411ae2,,contestants/E10/13-archives/E10-grandchallenge-MATHSOLVE-2fd9fd643bf3e9e98d121dc2e7af1cf1be411ae2.zip,MATHSOLVE-2fd9fd643bf3e9e98d121dc2e7af1cf1be411ae2/SECURITY.md,,037b23e6,Filename/path inference; editable in the app
347485,SECURITY.md,General / shared,178,Latest public revision collected separately; not an author-designated final | adcfa0537f43327f4bb9acfe1692f757fce353c4,https://codeload.github.com/grandchallenge/MATHSOLVE/zip/adcfa0537f43327f4bb9acfe1692f757fce353c4,,contestants/E10/13-archives/E10-grandchallenge-MATHSOLVE-adcfa0537f43327f4bb9acfe1692f757fce353c4.zip,MATHSOLVE-adcfa0537f43327f4bb9acfe1692f757fce353c4/SECURITY.md,,037b23e6,Filename/path inference; editable in the app
344522,SPEC.md,General / shared,8185,Pinned collected revision; final designation governed by team receipt | 2fd9fd643bf3e9e98d121dc2e7af1cf1be411ae2,https://codeload.github.com/grandchallenge/MATHSOLVE/zip/2fd9fd643bf3e9e98d121dc2e7af1cf1be411ae2,,contestants/E10/13-archives/E10-grandchallenge-MATHSOLVE-2fd9fd643bf3e9e98d121dc2e7af1cf1be411ae2.zip,MATHSOLVE-2fd9fd643bf3e9e98d121dc2e7af1cf1be411ae2/SPEC.md,,421aeea6,Filename/path inference; editable in the app
347486,SPEC.md,General / shared,8185,Latest public revision collected separately; not an author-designated final | adcfa0537f43327f4bb9acfe1692f757fce353c4,https://codeload.github.com/grandchallenge/MATHSOLVE/zip/adcfa0537f43327f4bb9acfe1692f757fce353c4,,contestants/E10/13-archives/E10-grandchallenge-MATHSOLVE-adcfa0537f43327f4bb9acfe1692f757fce353c4.zip,MATHSOLVE-adcfa0537f43327f4bb9acfe1692f757fce353c4/SPEC.md,,421aeea6,Filename/path inference; editable in the app
344523,SUPPORT.md,General / shared,160,Pinned collected revision; final designation governed by team receipt | 2fd9fd643bf3e9e98d121dc2e7af1cf1be411ae2,https://codeload.github.com/grandchallenge/MATHSOLVE/zip/2fd9fd643bf3e9e98d121dc2e7af1cf1be411ae2,,contestants/E10/13-archives/E10-grandchallenge-MATHSOLVE-2fd9fd643bf3e9e98d121dc2e7af1cf1be411ae2.zip,MATHSOLVE-2fd9fd643bf3e9e98d121dc2e7af1cf1be411ae2/SUPPORT.md,,8a46e4c1,Filename/path inference; editable in the app
347487,SUPPORT.md,General / shared,160,Latest public revision collected separately; not an author-designated final | adcfa0537f43327f4bb9acfe1692f757fce353c4,https://codeload.github.com/grandchallenge/MATHSOLVE/zip/adcfa0537f43327f4bb9acfe1692f757fce353c4,,contestants/E10/13-archives/E10-grandchallenge-MATHSOLVE-adcfa0537f43327f4bb9acfe1692f757fce353c4.zip,MATHSOLVE-adcfa0537f43327f4bb9acfe1692f757fce353c4/SUPPORT.md,,8a46e4c1,Filename/path inference; editable in the app
344696,contributions/NS-CI-001/C2_MIX_DIRECTION_COMPRESSION_LEDGER_CHARGE/PILOT.md,General / shared,5351,Pinned collected revision; final designation governed by team receipt | 2fd9fd643bf3e9e98d121dc2e7af1cf1be411ae2,https://codeload.github.com/grandchallenge/MATHSOLVE/zip/2fd9fd643bf3e9e98d121dc2e7af1cf1be411ae2,,contestants/E10/13-archives/E10-grandchallenge-MATHSOLVE-2fd9fd643bf3e9e98d121dc2e7af1cf1be411ae2.zip,MATHSOLVE-2fd9fd643bf3e9e98d121dc2e7af1cf1be411ae2/contributions/NS-CI-001/C2_MIX_DIRECTION_COMPRESSION_LEDGER_CHARGE/PILOT.md,,9940fec0,Filename/path inference; editable in the app
347662,contributions/NS-CI-001/C2_MIX_DIRECTION_COMPRESSION_LEDGER_CHARGE/PILOT.md,General / shared,5351,Latest public revision collected separately; not an author-designated final | adcfa0537f43327f4bb9acfe1692f757fce353c4,https://codeload.github.com/grandchallenge/MATHSOLVE/zip/adcfa0537f43327f4bb9acfe1692f757fce353c4,,contestants/E10/13-archives/E10-grandchallenge-MATHSOLVE-adcfa0537f43327f4bb9acfe1692f757fce353c4.zip,MATHSOLVE-adcfa0537f43327f4bb9acfe1692f757fce353c4/contributions/NS-CI-001/C2_MIX_DIRECTION_COMPRESSION_LEDGER_CHARGE/PILOT.md,,9940fec0,Filename/path inference; editable in the app
344697,contributions/NS-CI-001/C2_MIX_DIRECTION_COMPRESSION_LEDGER_CHARGE/RESULT_COMMENT_V1.md,General / shared,1790,Pinned collected revision; final designation governed by team receipt | 2fd9fd643bf3e9e98d121dc2e7af1cf1be411ae2,https://codeload.github.com/grandchallenge/MATHSOLVE/zip/2fd9fd643bf3e9e98d121dc2e7af1cf1be411ae2,,contestants/E10/13-archives/E10-grandchallenge-MATHSOLVE-2fd9fd643bf3e9e98d121dc2e7af1cf1be411ae2.zip,MATHSOLVE-2fd9fd643bf3e9e98d121dc2e7af1cf1be411ae2/contributions/NS-CI-001/C2_MIX_DIRECTION_COMPRESSION_LEDGER_CHARGE/RESULT_COMMENT_V1.md,,cc498262,Filename/path inference; editable in the app
347663,contributions/NS-CI-001/C2_MIX_DIRECTION_COMPRESSION_LEDGER_CHARGE/RESULT_COMMENT_V1.md,General / shared,1790,Latest public revision collected separately; not an author-designated final | adcfa0537f43327f4bb9acfe1692f757fce353c4,https://codeload.github.com/grandchallenge/MATHSOLVE/zip/adcfa0537f43327f4bb9acfe1692f757fce353c4,,contestants/E10/13-archives/E10-grandchallenge-MATHSOLVE-adcfa0537f43327f4bb9acfe1692f757fce353c4.zip,MATHSOLVE-adcfa0537f43327f4bb9acfe1692f757fce353c4/contributions/NS-CI-001/C2_MIX_DIRECTION_COMPRESSION_LEDGER_CHARGE/RESULT_COMMENT_V1.md,,cc498262,Filename/path inference; editable in the app
344698,contributions/NS-CI-001/C2_MIX_DIRECTION_COMPRESSION_LEDGER_CHARGE/adjudications/NSCI-C2-B-COOP-001/ADJUDICATION.md,General / shared,7524,Pinned collected revision; final designation governed by team receipt | 2fd9fd643bf3e9e98d121dc2e7af1cf1be411ae2,https://codeload.github.com/grandchallenge/MATHSOLVE/zip/2fd9fd643bf3e9e98d121dc2e7af1cf1be411ae2,,contestants/E10/13-archives/E10-grandchallenge-MATHSOLVE-2fd9fd643bf3e9e98d121dc2e7af1cf1be411ae2.zip,MATHSOLVE-2fd9fd643bf3e9e98d121dc2e7af1cf1be411ae2/contributions/NS-CI-001/C2_MIX_DIRECTION_COMPRESSION_LEDGER_CHARGE/adjudications/NSCI-C2-B-COOP-001/ADJUDICATION.md,,6fa4e6b0,Filename/path inference; editable in the app
347664,contributions/NS-CI-001/C2_MIX_DIRECTION_COMPRESSION_LEDGER_CHARGE/adjudications/NSCI-C2-B-COOP-001/ADJUDICATION.md,General / shared,7524,Latest public revision collected separately; not an author-designated final | adcfa0537f43327f4bb9acfe1692f757fce353c4,https://codeload.github.com/grandchallenge/MATHSOLVE/zip/adcfa0537f43327f4bb9acfe1692f757fce353c4,,contestants/E10/13-archives/E10-grandchallenge-MATHSOLVE-adcfa0537f43327f4bb9acfe1692f757fce353c4.zip,MATHSOLVE-adcfa0537f43327f4bb9acfe1692f757fce353c4/contributions/NS-CI-001/C2_MIX_DIRECTION_COMPRESSION_LEDGER_CHARGE/adjudications/NSCI-C2-B-COOP-001/ADJUDICATION.md,,6fa4e6b0,Filename/path inference; editable in the app
344701,contributions/NS-CI-001/C2_MIX_DIRECTION_COMPRESSION_LEDGER_CHARGE/dispatch_bootstraps/NSCI-C2-A-BLIND-001.md,General / shared,18270,Pinned collected revision; final designation governed by team receipt | 2fd9fd643bf3e9e98d121dc2e7af1cf1be411ae2,https://codeload.github.com/grandchallenge/MATHSOLVE/zip/2fd9fd643bf3e9e98d121dc2e7af1cf1be411ae2,,contestants/E10/13-archives/E10-grandchallenge-MATHSOLVE-2fd9fd643bf3e9e98d121dc2e7af1cf1be411ae2.zip,MATHSOLVE-2fd9fd643bf3e9e98d121dc2e7af1cf1be411ae2/contributions/NS-CI-001/C2_MIX_DIRECTION_COMPRESSION_LEDGER_CHARGE/dispatch_bootstraps/NSCI-C2-A-BLIND-001.md,,b8e443f1,Filename/path inference; editable in the app
347667,contributions/NS-CI-001/C2_MIX_DIRECTION_COMPRESSION_LEDGER_CHARGE/dispatch_bootstraps/NSCI-C2-A-BLIND-001.md,General / shared,18270,Latest public revision collected separately; not an author-designated final | adcfa0537f43327f4bb9acfe1692f757fce353c4,https://codeload.github.com/grandchallenge/MATHSOLVE/zip/adcfa0537f43327f4bb9acfe1692f757fce353c4,,contestants/E10/13-archives/E10-grandchallenge-MATHSOLVE-adcfa0537f43327f4bb9acfe1692f757fce353c4.zip,MATHSOLVE-adcfa0537f43327f4bb9acfe1692f757fce353c4/contributions/NS-CI-001/C2_MIX_DIRECTION_COMPRESSION_LEDGER_CHARGE/dispatch_bootstraps/NSCI-C2-A-BLIND-001.md,,b8e443f1,Filename/path inference; editable in the app
344702,contributions/NS-CI-001/C2_MIX_DIRECTION_COMPRESSION_LEDGER_CHARGE/dispatch_bootstraps/NSCI-C2-A-BLIND-002.md,General / shared,18270,Pinned collected revision; final designation governed by team receipt | 2fd9fd643bf3e9e98d121dc2e7af1cf1be411ae2,https://codeload.github.com/grandchallenge/MATHSOLVE/zip/2fd9fd643bf3e9e98d121dc2e7af1cf1be411ae2,,contestants/E10/13-archives/E10-grandchallenge-MATHSOLVE-2fd9fd643bf3e9e98d121dc2e7af1cf1be411ae2.zip,MATHSOLVE-2fd9fd643bf3e9e98d121dc2e7af1cf1be411ae2/contributions/NS-CI-001/C2_MIX_DIRECTION_COMPRESSION_LEDGER_CHARGE/dispatch_bootstraps/NSCI-C2-A-BLIND-002.md,,66645a3e,Filename/path inference; editable in the app
347668,contributions/NS-CI-001/C2_MIX_DIRECTION_COMPRESSION_LEDGER_CHARGE/dispatch_bootstraps/NSCI-C2-A-BLIND-002.md,General / shared,18270,Latest public revision collected separately; not an author-designated final | adcfa0537f43327f4bb9acfe1692f757fce353c4,https://codeload.github.com/grandchallenge/MATHSOLVE/zip/adcfa0537f43327f4bb9acfe1692f757fce353c4,,contestants/E10/13-archives/E10-grandchallenge-MATHSOLVE-adcfa0537f43327f4bb9acfe1692f757fce353c4.zip,MATHSOLVE-adcfa0537f43327f4bb9acfe1692f757fce353c4/contributions/NS-CI-001/C2_MIX_DIRECTION_COMPRESSION_LEDGER_CHARGE/dispatch_bootstraps/NSCI-C2-A-BLIND-002.md,,66645a3e,Filename/path inference; editable in the app
344703,contributions/NS-CI-001/C2_MIX_DIRECTION_COMPRESSION_LEDGER_CHARGE/dispatch_bootstraps/NSCI-C2-B-ADV-999.md,General / shared,561,Pinned collected revision; final designation governed by team receipt | 2fd9fd643bf3e9e98d121dc2e7af1cf1be411ae2,https://codeload.github.com/grandchallenge/MATHSOLVE/zip/2fd9fd643bf3e9e98d121dc2e7af1cf1be411ae2,,contestants/E10/13-archives/E10-grandchallenge-MATHSOLVE-2fd9fd643bf3e9e98d121dc2e7af1cf1be411ae2.zip,MATHSOLVE-2fd9fd643bf3e9e98d121dc2e7af1cf1be411ae2/contributions/NS-CI-001/C2_MIX_DIRECTION_COMPRESSION_LEDGER_CHARGE/dispatch_bootstraps/NSCI-C2-B-ADV-999.md,,95aeb381,Filename/path inference; editable in the app
347669,contributions/NS-CI-001/C2_MIX_DIRECTION_COMPRESSION_LEDGER_CHARGE/dispatch_bootstraps/NSCI-C2-B-ADV-999.md,General / shared,561,Latest public revision collected separately; not an author-designated final | adcfa0537f43327f4bb9acfe1692f757fce353c4,https://codeload.github.com/grandchallenge/MATHSOLVE/zip/adcfa0537f43327f4bb9acfe1692f757fce353c4,,contestants/E10/13-archives/E10-grandchallenge-MATHSOLVE-adcfa0537f43327f4bb9acfe1692f757fce353c4.zip,MATHSOLVE-adcfa0537f43327f4bb9acfe1692f757fce353c4/contributions/NS-CI-001/C2_MIX_DIRECTION_COMPRESSION_LEDGER_CHARGE/dispatch_bootstraps/NSCI-C2-B-ADV-999.md,,95aeb381,Filename/path inference; editable in the app
344704,contributions/NS-CI-001/C2_MIX_DIRECTION_COMPRESSION_LEDGER_CHARGE/dispatch_bootstraps/NSCI-C2-B-COOP-001.md,General / shared,18313,Pinned collected revision; final designation governed by team receipt | 2fd9fd643bf3e9e98d121dc2e7af1cf1be411ae2,https://codeload.github.com/grandchallenge/MATHSOLVE/zip/2fd9fd643bf3e9e98d121dc2e7af1cf1be411ae2,,contestants/E10/13-archives/E10-grandchallenge-MATHSOLVE-2fd9fd643bf3e9e98d121dc2e7af1cf1be411ae2.zip,MATHSOLVE-2fd9fd643bf3e9e98d121dc2e7af1cf1be411ae2/contributions/NS-CI-001/C2_MIX_DIRECTION_COMPRESSION_LEDGER_CHARGE/dispatch_bootstraps/NSCI-C2-B-COOP-001.md,,df4a0d63,Filename/path inference; editable in the app
347670,contributions/NS-CI-001/C2_MIX_DIRECTION_COMPRESSION_LEDGER_CHARGE/dispatch_bootstraps/NSCI-C2-B-COOP-001.md,General / shared,18313,Latest public revision collected separately; not an author-designated final | adcfa0537f43327f4bb9acfe1692f757fce353c4,https://codeload.github.com/grandchallenge/MATHSOLVE/zip/adcfa0537f43327f4bb9acfe1692f757fce353c4,,contestants/E10/13-archives/E10-grandchallenge-MATHSOLVE-adcfa0537f43327f4bb9acfe1692f757fce353c4.zip,MATHSOLVE-adcfa0537f43327f4bb9acfe1692f757fce353c4/contributions/NS-CI-001/C2_MIX_DIRECTION_COMPRESSION_LEDGER_CHARGE/dispatch_bootstraps/NSCI-C2-B-COOP-001.md,,df4a0d63,Filename/path inference; editable in the app
344709,contributions/NS-CI-001/C2_MIX_DIRECTION_COMPRESSION_LEDGER_CHARGE/raw/NSCI-C2-B-ADV-999/github-comment-5773435160.md,General / shared,464,Pinned collected revision; final designation governed by team receipt | 2fd9fd643bf3e9e98d121dc2e7af1cf1be411ae2,https://codeload.github.com/grandchallenge/MATHSOLVE/zip/2fd9fd643bf3e9e98d121dc2e7af1cf1be411ae2,,contestants/E10/13-archives/E10-grandchallenge-MATHSOLVE-2fd9fd643bf3e9e98d121dc2e7af1cf1be411ae2.zip,MATHSOLVE-2fd9fd643bf3e9e98d121dc2e7af1cf1be411ae2/contributions/NS-CI-001/C2_MIX_DIRECTION_COMPRESSION_LEDGER_CHARGE/raw/NSCI-C2-B-ADV-999/github-comment-5773435160.md,,e67b0cf1,Filename/path inference; editable in the app
347675,contributions/NS-CI-001/C2_MIX_DIRECTION_COMPRESSION_LEDGER_CHARGE/raw/NSCI-C2-B-ADV-999/github-comment-5773435160.md,General / shared,464,Latest public revision collected separately; not an author-designated final | adcfa0537f43327f4bb9acfe1692f757fce353c4,https://codeload.github.com/grandchallenge/MATHSOLVE/zip/adcfa0537f43327f4bb9acfe1692f757fce353c4,,contestants/E10/13-archives/E10-grandchallenge-MATHSOLVE-adcfa0537f43327f4bb9acfe1692f757fce353c4.zip,MATHSOLVE-adcfa0537f43327f4bb9acfe1692f757fce353c4/contributions/NS-CI-001/C2_MIX_DIRECTION_COMPRESSION_LEDGER_CHARGE/raw/NSCI-C2-B-ADV-999/github-comment-5773435160.md,,e67b0cf1,Filename/path inference; editable in the app
344710,contributions/NS-CI-001/C2_MIX_DIRECTION_COMPRESSION_LEDGER_CHARGE/raw/NSCI-C2-B-COOP-001/github-comment-5768723180.md,General / shared,7044,Pinned collected revision; final designation governed by team receipt | 2fd9fd643bf3e9e98d121dc2e7af1cf1be411ae2,https://codeload.github.com/grandchallenge/MATHSOLVE/zip/2fd9fd643bf3e9e98d121dc2e7af1cf1be411ae2,,contestants/E10/13-archives/E10-grandchallenge-MATHSOLVE-2fd9fd643bf3e9e98d121dc2e7af1cf1be411ae2.zip,MATHSOLVE-2fd9fd643bf3e9e98d121dc2e7af1cf1be411ae2/contributions/NS-CI-001/C2_MIX_DIRECTION_COMPRESSION_LEDGER_CHARGE/raw/NSCI-C2-B-COOP-001/github-comment-5768723180.md,,a19b2014,Filename/path inference; editable in the app
347676,contributions/NS-CI-001/C2_MIX_DIRECTION_COMPRESSION_LEDGER_CHARGE/raw/NSCI-C2-B-COOP-001/github-comment-5768723180.md,General / shared,7044,Latest public revision collected separately; not an author-designated final | adcfa0537f43327f4bb9acfe1692f757fce353c4,https://codeload.github.com/grandchallenge/MATHSOLVE/zip/adcfa0537f43327f4bb9acfe1692f757fce353c4,,contestants/E10/13-archives/E10-grandchallenge-MATHSOLVE-adcfa0537f43327f4bb9acfe1692f757fce353c4.zip,MATHSOLVE-adcfa0537f43327f4bb9acfe1692f757fce353c4/contributions/NS-CI-001/C2_MIX_DIRECTION_COMPRESSION_LEDGER_CHARGE/raw/NSCI-C2-B-COOP-001/github-comment-5768723180.md,,a19b2014,Filename/path inference; editable in the app
344716,contributions/OPENMATH-2026/OM26-H1/H1-12/raw/OM26-H1-H1-12-IA-001/github-comment-5881108260.md,General / shared,23974,Pinned collected revision; final designation governed by team receipt | 2fd9fd643bf3e9e98d121dc2e7af1cf1be411ae2,https://codeload.github.com/grandchallenge/MATHSOLVE/zip/2fd9fd643bf3e9e98d121dc2e7af1cf1be411ae2,,contestants/E10/13-archives/E10-grandchallenge-MATHSOLVE-2fd9fd643bf3e9e98d121dc2e7af1cf1be411ae2.zip,MATHSOLVE-2fd9fd643bf3e9e98d121dc2e7af1cf1be411ae2/contributions/OPENMATH-2026/OM26-H1/H1-12/raw/OM26-H1-H1-12-IA-001/github-comment-5881108260.md,,1e6ed77c,Filename/path inference; editable in the app
347682,contributions/OPENMATH-2026/OM26-H1/H1-12/raw/OM26-H1-H1-12-IA-001/github-comment-5881108260.md,General / shared,23974,Latest public revision collected separately; not an author-designated final | adcfa0537f43327f4bb9acfe1692f757fce353c4,https://codeload.github.com/grandchallenge/MATHSOLVE/zip/adcfa0537f43327f4bb9acfe1692f757fce353c4,,contestants/E10/13-archives/E10-grandchallenge-MATHSOLVE-adcfa0537f43327f4bb9acfe1692f757fce353c4.zip,MATHSOLVE-adcfa0537f43327f4bb9acfe1692f757fce353c4/contributions/OPENMATH-2026/OM26-H1/H1-12/raw/OM26-H1-H1-12-IA-001/github-comment-5881108260.md,,1e6ed77c,Filename/path inference; editable in the app
344723,contributions/OPENMATH-2026/OM26-H1/WP01/raw/OM26-H1-WP01-IA-001/github-comment-5921341946.md,General / shared,10779,Pinned collected revision; final designation governed by team receipt | 2fd9fd643bf3e9e98d121dc2e7af1cf1be411ae2,https://codeload.github.com/grandchallenge/MATHSOLVE/zip/2fd9fd643bf3e9e98d121dc2e7af1cf1be411ae2,,contestants/E10/13-archives/E10-grandchallenge-MATHSOLVE-2fd9fd643bf3e9e98d121dc2e7af1cf1be411ae2.zip,MATHSOLVE-2fd9fd643bf3e9e98d121dc2e7af1cf1be411ae2/contributions/OPENMATH-2026/OM26-H1/WP01/raw/OM26-H1-WP01-IA-001/github-comment-5921341946.md,,0cf988cc,Filename/path inference; editable in the app
347689,contributions/OPENMATH-2026/OM26-H1/WP01/raw/OM26-H1-WP01-IA-001/github-comment-5921341946.md,General / shared,10779,Latest public revision collected separately; not an author-designated final | adcfa0537f43327f4bb9acfe1692f757fce353c4,https://codeload.github.com/grandchallenge/MATHSOLVE/zip/adcfa0537f43327f4bb9acfe1692f757fce353c4,,contestants/E10/13-archives/E10-grandchallenge-MATHSOLVE-adcfa0537f43327f4bb9acfe1692f757fce353c4.zip,MATHSOLVE-adcfa0537f43327f4bb9acfe1692f757fce353c4/contributions/OPENMATH-2026/OM26-H1/WP01/raw/OM26-H1-WP01-IA-001/github-comment-5921341946.md,,0cf988cc,Filename/path inference; editable in the app
344731,contributions/OPENMATH-2026/OM26-H1/WP03/raw/OM26-H1-WP03-IA-001/github-comment-5942369182.md,General / shared,18970,Pinned collected revision; final designation governed by team receipt | 2fd9fd643bf3e9e98d121dc2e7af1cf1be411ae2,https://codeload.github.com/grandchallenge/MATHSOLVE/zip/2fd9fd643bf3e9e98d121dc2e7af1cf1be411ae2,,contestants/E10/13-archives/E10-grandchallenge-MATHSOLVE-2fd9fd643bf3e9e98d121dc2e7af1cf1be411ae2.zip,MATHSOLVE-2fd9fd643bf3e9e98d121dc2e7af1cf1be411ae2/contributions/OPENMATH-2026/OM26-H1/WP03/raw/OM26-H1-WP03-IA-001/github-comment-5942369182.md,,5fb1ee1d,Filename/path inference; editable in the app
347697,contributions/OPENMATH-2026/OM26-H1/WP03/raw/OM26-H1-WP03-IA-001/github-comment-5942369182.md,General / shared,18970,Latest public revision collected separately; not an author-designated final | adcfa0537f43327f4bb9acfe1692f757fce353c4,https://codeload.github.com/grandchallenge/MATHSOLVE/zip/adcfa0537f43327f4bb9acfe1692f757fce353c4,,contestants/E10/13-archives/E10-grandchallenge-MATHSOLVE-adcfa0537f43327f4bb9acfe1692f757fce353c4.zip,MATHSOLVE-adcfa0537f43327f4bb9acfe1692f757fce353c4/contributions/OPENMATH-2026/OM26-H1/WP03/raw/OM26-H1-WP03-IA-001/github-comment-5942369182.md,,5fb1ee1d,Filename/path inference; editable in the app
344738,contributions/OPENMATH-2026/OM26-H1/WP04/raw/OM26-H1-WP04-IA-001/github-comment-5951370398.md,General / shared,13967,Pinned collected revision; final designation governed by team receipt | 2fd9fd643bf3e9e98d121dc2e7af1cf1be411ae2,https://codeload.github.com/grandchallenge/MATHSOLVE/zip/2fd9fd643bf3e9e98d121dc2e7af1cf1be411ae2,,contestants/E10/13-archives/E10-grandchallenge-MATHSOLVE-2fd9fd643bf3e9e98d121dc2e7af1cf1be411ae2.zip,MATHSOLVE-2fd9fd643bf3e9e98d121dc2e7af1cf1be411ae2/contributions/OPENMATH-2026/OM26-H1/WP04/raw/OM26-H1-WP04-IA-001/github-comment-5951370398.md,,eff74104,Filename/path inference; editable in the app
347704,contributions/OPENMATH-2026/OM26-H1/WP04/raw/OM26-H1-WP04-IA-001/github-comment-5951370398.md,General / shared,13967,Latest public revision collected separately; not an author-designated final | adcfa0537f43327f4bb9acfe1692f757fce353c4,https://codeload.github.com/grandchallenge/MATHSOLVE/zip/adcfa0537f43327f4bb9acfe1692f757fce353c4,,contestants/E10/13-archives/E10-grandchallenge-MATHSOLVE-adcfa0537f43327f4bb9acfe1692f757fce353c4.zip,MATHSOLVE-adcfa0537f43327f4bb9acfe1692f757fce353c4/contributions/OPENMATH-2026/OM26-H1/WP04/raw/OM26-H1-WP04-IA-001/github-comment-5951370398.md,,eff74104,Filename/path inference; editable in the app
344745,contributions/OPENMATH-2026/OM26-H1/WP05/raw/OM26-H1-WP05-IA-001/github-comment-5962893430.md,General / shared,10889,Pinned collected revision; final designation governed by team receipt | 2fd9fd643bf3e9e98d121dc2e7af1cf1be411ae2,https://codeload.github.com/grandchallenge/MATHSOLVE/zip/2fd9fd643bf3e9e98d121dc2e7af1cf1be411ae2,,contestants/E10/13-archives/E10-grandchallenge-MATHSOLVE-2fd9fd643bf3e9e98d121dc2e7af1cf1be411ae2.zip,MATHSOLVE-2fd9fd643bf3e9e98d121dc2e7af1cf1be411ae2/contributions/OPENMATH-2026/OM26-H1/WP05/raw/OM26-H1-WP05-IA-001/github-comment-5962893430.md,,28f8cf92,Filename/path inference; editable in the app
347711,contributions/OPENMATH-2026/OM26-H1/WP05/raw/OM26-H1-WP05-IA-001/github-comment-5962893430.md,General / shared,10889,Latest public revision collected separately; not an author-designated final | adcfa0537f43327f4bb9acfe1692f757fce353c4,https://codeload.github.com/grandchallenge/MATHSOLVE/zip/adcfa0537f43327f4bb9acfe1692f757fce353c4,,contestants/E10/13-archives/E10-grandchallenge-MATHSOLVE-adcfa0537f43327f4bb9acfe1692f757fce353c4.zip,MATHSOLVE-adcfa0537f43327f4bb9acfe1692f757fce353c4/contributions/OPENMATH-2026/OM26-H1/WP05/raw/OM26-H1-WP05-IA-001/github-comment-5962893430.md,,28f8cf92,Filename/path inference; editable in the app
347718,contributions/OPENMATH-2026/OM26-H1/WP06/raw/OM26-H1-WP06-IA-001/github-comment-5964216286.md,General / shared,11761,Latest public revision collected separately; not an author-designated final | adcfa0537f43327f4bb9acfe1692f757fce353c4,https://codeload.github.com/grandchallenge/MATHSOLVE/zip/adcfa0537f43327f4bb9acfe1692f757fce353c4,,contestants/E10/13-archives/E10-grandchallenge-MATHSOLVE-adcfa0537f43327f4bb9acfe1692f757fce353c4.zip,MATHSOLVE-adcfa0537f43327f4bb9acfe1692f757fce353c4/contributions/OPENMATH-2026/OM26-H1/WP06/raw/OM26-H1-WP06-IA-001/github-comment-5964216286.md,,e463f233,Filename/path inference; editable in the app
347725,contributions/OPENMATH-2026/OM26-H1/WP07/raw/OM26-H1-WP07-IA-001/github-comment-5965131093.md,General / shared,14516,Latest public revision collected separately; not an author-designated final | adcfa0537f43327f4bb9acfe1692f757fce353c4,https://codeload.github.com/grandchallenge/MATHSOLVE/zip/adcfa0537f43327f4bb9acfe1692f757fce353c4,,contestants/E10/13-archives/E10-grandchallenge-MATHSOLVE-adcfa0537f43327f4bb9acfe1692f757fce353c4.zip,MATHSOLVE-adcfa0537f43327f4bb9acfe1692f757fce353c4/contributions/OPENMATH-2026/OM26-H1/WP07/raw/OM26-H1-WP07-IA-001/github-comment-5965131093.md,,3ef5527e,Filename/path inference; editable in the app
344753,contributions/OPENMATH-2026/OM26-H1/WP30/raw/OM26-H1-WP30-IA-001/github-comment-5942381467.md,General / shared,13875,Pinned collected revision; final designation governed by team receipt | 2fd9fd643bf3e9e98d121dc2e7af1cf1be411ae2,https://codeload.github.com/grandchallenge/MATHSOLVE/zip/2fd9fd643bf3e9e98d121dc2e7af1cf1be411ae2,,contestants/E10/13-archives/E10-grandchallenge-MATHSOLVE-2fd9fd643bf3e9e98d121dc2e7af1cf1be411ae2.zip,MATHSOLVE-2fd9fd643bf3e9e98d121dc2e7af1cf1be411ae2/contributions/OPENMATH-2026/OM26-H1/WP30/raw/OM26-H1-WP30-IA-001/github-comment-5942381467.md,,844cc028,Filename/path inference; editable in the app
347733,contributions/OPENMATH-2026/OM26-H1/WP30/raw/OM26-H1-WP30-IA-001/github-comment-5942381467.md,General / shared,13875,Latest public revision collected separately; not an author-designated final | adcfa0537f43327f4bb9acfe1692f757fce353c4,https://codeload.github.com/grandchallenge/MATHSOLVE/zip/adcfa0537f43327f4bb9acfe1692f757fce353c4,,contestants/E10/13-archives/E10-grandchallenge-MATHSOLVE-adcfa0537f43327f4bb9acfe1692f757fce353c4.zip,MATHSOLVE-adcfa0537f43327f4bb9acfe1692f757fce353c4/contributions/OPENMATH-2026/OM26-H1/WP30/raw/OM26-H1-WP30-IA-001/github-comment-5942381467.md,,844cc028,Filename/path inference; editable in the app
344761,contributions/OPENMATH-2026/OM26-H1/WP32/raw/OM26-H1-WP32-IA-001/github-comment-5963053469.md,General / shared,7086,Pinned collected revision; final designation governed by team receipt | 2fd9fd643bf3e9e98d121dc2e7af1cf1be411ae2,https://codeload.github.com/grandchallenge/MATHSOLVE/zip/2fd9fd643bf3e9e98d121dc2e7af1cf1be411ae2,,contestants/E10/13-archives/E10-grandchallenge-MATHSOLVE-2fd9fd643bf3e9e98d121dc2e7af1cf1be411ae2.zip,MATHSOLVE-2fd9fd643bf3e9e98d121dc2e7af1cf1be411ae2/contributions/OPENMATH-2026/OM26-H1/WP32/raw/OM26-H1-WP32-IA-001/github-comment-5963053469.md,,4995cc4b,Filename/path inference; editable in the app
347741,contributions/OPENMATH-2026/OM26-H1/WP32/raw/OM26-H1-WP32-IA-001/github-comment-5963053469.md,General / shared,7086,Latest public revision collected separately; not an author-designated final | adcfa0537f43327f4bb9acfe1692f757fce353c4,https://codeload.github.com/grandchallenge/MATHSOLVE/zip/adcfa0537f43327f4bb9acfe1692f757fce353c4,,contestants/E10/13-archives/E10-grandchallenge-MATHSOLVE-adcfa0537f43327f4bb9acfe1692f757fce353c4.zip,MATHSOLVE-adcfa0537f43327f4bb9acfe1692f757fce353c4/contributions/OPENMATH-2026/OM26-H1/WP32/raw/OM26-H1-WP32-IA-001/github-comment-5963053469.md,,4995cc4b,Filename/path inference; editable in the app
347748,contributions/OPENMATH-2026/OM26-H1/WP33/raw/OM26-H1-WP33-IA-001/github-comment-5964279331.md,General / shared,6780,Latest public revision collected separately; not an author-designated final | adcfa0537f43327f4bb9acfe1692f757fce353c4,https://codeload.github.com/grandchallenge/MATHSOLVE/zip/adcfa0537f43327f4bb9acfe1692f757fce353c4,,contestants/E10/13-archives/E10-grandchallenge-MATHSOLVE-adcfa0537f43327f4bb9acfe1692f757fce353c4.zip,MATHSOLVE-adcfa0537f43327f4bb9acfe1692f757fce353c4/contributions/OPENMATH-2026/OM26-H1/WP33/raw/OM26-H1-WP33-IA-001/github-comment-5964279331.md,,95acdbf7,Filename/path inference; editable in the app
347755,contributions/OPENMATH-2026/OM26-H1/WP34/raw/OM26-H1-WP34-IA-001/github-comment-5965127908.md,General / shared,7590,Latest public revision collected separately; not an author-designated final | adcfa0537f43327f4bb9acfe1692f757fce353c4,https://codeload.github.com/grandchallenge/MATHSOLVE/zip/adcfa0537f43327f4bb9acfe1692f757fce353c4,,contestants/E10/13-archives/E10-grandchallenge-MATHSOLVE-adcfa0537f43327f4bb9acfe1692f757fce353c4.zip,MATHSOLVE-adcfa0537f43327f4bb9acfe1692f757fce353c4/contributions/OPENMATH-2026/OM26-H1/WP34/raw/OM26-H1-WP34-IA-001/github-comment-5965127908.md,,e57f7b98,Filename/path inference; editable in the app
344769,contributions/OPENMATH-2026/OM26-H1/WP60/raw/OM26-H1-WP60-IA-001/github-comment-5942760286.md,General / shared,14551,Pinned collected revision; final designation governed by team receipt | 2fd9fd643bf3e9e98d121dc2e7af1cf1be411ae2,https://codeload.github.com/grandchallenge/MATHSOLVE/zip/2fd9fd643bf3e9e98d121dc2e7af1cf1be411ae2,,contestants/E10/13-archives/E10-grandchallenge-MATHSOLVE-2fd9fd643bf3e9e98d121dc2e7af1cf1be411ae2.zip,MATHSOLVE-2fd9fd643bf3e9e98d121dc2e7af1cf1be411ae2/contributions/OPENMATH-2026/OM26-H1/WP60/raw/OM26-H1-WP60-IA-001/github-comment-5942760286.md,,7ed4a8aa,Filename/path inference; editable in the app
347763,contributions/OPENMATH-2026/OM26-H1/WP60/raw/OM26-H1-WP60-IA-001/github-comment-5942760286.md,General / shared,14551,Latest public revision collected separately; not an author-designated final | adcfa0537f43327f4bb9acfe1692f757fce353c4,https://codeload.github.com/grandchallenge/MATHSOLVE/zip/adcfa0537f43327f4bb9acfe1692f757fce353c4,,contestants/E10/13-archives/E10-grandchallenge-MATHSOLVE-adcfa0537f43327f4bb9acfe1692f757fce353c4.zip,MATHSOLVE-adcfa0537f43327f4bb9acfe1692f757fce353c4/contributions/OPENMATH-2026/OM26-H1/WP60/raw/OM26-H1-WP60-IA-001/github-comment-5942760286.md,,7ed4a8aa,Filename/path inference; editable in the app
344776,contributions/OPENMATH-2026/OM26-H1/WP61/raw/OM26-H1-WP61-IA-001/github-comment-5951670304.md,General / shared,10722,Pinned collected revision; final designation governed by team receipt | 2fd9fd643bf3e9e98d121dc2e7af1cf1be411ae2,https://codeload.github.com/grandchallenge/MATHSOLVE/zip/2fd9fd643bf3e9e98d121dc2e7af1cf1be411ae2,,contestants/E10/13-archives/E10-grandchallenge-MATHSOLVE-2fd9fd643bf3e9e98d121dc2e7af1cf1be411ae2.zip,MATHSOLVE-2fd9fd643bf3e9e98d121dc2e7af1cf1be411ae2/contributions/OPENMATH-2026/OM26-H1/WP61/raw/OM26-H1-WP61-IA-001/github-comment-5951670304.md,,90d1adad,Filename/path inference; editable in the app
347770,contributions/OPENMATH-2026/OM26-H1/WP61/raw/OM26-H1-WP61-IA-001/github-comment-5951670304.md,General / shared,10722,Latest public revision collected separately; not an author-designated final | adcfa0537f43327f4bb9acfe1692f757fce353c4,https://codeload.github.com/grandchallenge/MATHSOLVE/zip/adcfa0537f43327f4bb9acfe1692f757fce353c4,,contestants/E10/13-archives/E10-grandchallenge-MATHSOLVE-adcfa0537f43327f4bb9acfe1692f757fce353c4.zip,MATHSOLVE-adcfa0537f43327f4bb9acfe1692f757fce353c4/contributions/OPENMATH-2026/OM26-H1/WP61/raw/OM26-H1-WP61-IA-001/github-comment-5951670304.md,,90d1adad,Filename/path inference; editable in the app
344783,contributions/OPENMATH-2026/OM26-H1/WP62/raw/OM26-H1-WP62-IA-001/github-comment-5963069868.md,General / shared,10864,Pinned collected revision; final designation governed by team receipt | 2fd9fd643bf3e9e98d121dc2e7af1cf1be411ae2,https://codeload.github.com/grandchallenge/MATHSOLVE/zip/2fd9fd643bf3e9e98d121dc2e7af1cf1be411ae2,,contestants/E10/13-archives/E10-grandchallenge-MATHSOLVE-2fd9fd643bf3e9e98d121dc2e7af1cf1be411ae2.zip,MATHSOLVE-2fd9fd643bf3e9e98d121dc2e7af1cf1be411ae2/contributions/OPENMATH-2026/OM26-H1/WP62/raw/OM26-H1-WP62-IA-001/github-comment-5963069868.md,,b99590ab,Filename/path inference; editable in the app
347777,contributions/OPENMATH-2026/OM26-H1/WP62/raw/OM26-H1-WP62-IA-001/github-comment-5963069868.md,General / shared,10864,Latest public revision collected separately; not an author-designated final | adcfa0537f43327f4bb9acfe1692f757fce353c4,https://codeload.github.com/grandchallenge/MATHSOLVE/zip/adcfa0537f43327f4bb9acfe1692f757fce353c4,,contestants/E10/13-archives/E10-grandchallenge-MATHSOLVE-adcfa0537f43327f4bb9acfe1692f757fce353c4.zip,MATHSOLVE-adcfa0537f43327f4bb9acfe1692f757fce353c4/contributions/OPENMATH-2026/OM26-H1/WP62/raw/OM26-H1-WP62-IA-001/github-comment-5963069868.md,,b99590ab,Filename/path inference; editable in the app
347784,contributions/OPENMATH-2026/OM26-H1/WP63/raw/OM26-H1-WP63-IA-001/github-comment-5964241198.md,General / shared,9446,Latest public revision collected separately; not an author-designated final | adcfa0537f43327f4bb9acfe1692f757fce353c4,https://codeload.github.com/grandchallenge/MATHSOLVE/zip/adcfa0537f43327f4bb9acfe1692f757fce353c4,,contestants/E10/13-archives/E10-grandchallenge-MATHSOLVE-adcfa0537f43327f4bb9acfe1692f757fce353c4.zip,MATHSOLVE-adcfa0537f43327f4bb9acfe1692f757fce353c4/contributions/OPENMATH-2026/OM26-H1/WP63/raw/OM26-H1-WP63-IA-001/github-comment-5964241198.md,,b5983d5d,Filename/path inference; editable in the app
347791,contributions/OPENMATH-2026/OM26-H1/WP64/raw/OM26-H1-WP64-IA-001/github-comment-5966019857.md,General / shared,9803,Latest public revision collected separately; not an author-designated final | adcfa0537f43327f4bb9acfe1692f757fce353c4,https://codeload.github.com/grandchallenge/MATHSOLVE/zip/adcfa0537f43327f4bb9acfe1692f757fce353c4,,contestants/E10/13-archives/E10-grandchallenge-MATHSOLVE-adcfa0537f43327f4bb9acfe1692f757fce353c4.zip,MATHSOLVE-adcfa0537f43327f4bb9acfe1692f757fce353c4/contributions/OPENMATH-2026/OM26-H1/WP64/raw/OM26-H1-WP64-IA-001/github-comment-5966019857.md,,6346eb64,Filename/path inference; editable in the app
344788,contributions/OPENMATH-2026/OM26-H2/WP01/raw/OM26-H2-WP01-IA-001/github-comment-5883655827.md,General / shared,25178,Pinned collected revision; final designation governed by team receipt | 2fd9fd643bf3e9e98d121dc2e7af1cf1be411ae2,https://codeload.github.com/grandchallenge/MATHSOLVE/zip/2fd9fd643bf3e9e98d121dc2e7af1cf1be411ae2,,contestants/E10/13-archives/E10-grandchallenge-MATHSOLVE-2fd9fd643bf3e9e98d121dc2e7af1cf1be411ae2.zip,MATHSOLVE-2fd9fd643bf3e9e98d121dc2e7af1cf1be411ae2/contributions/OPENMATH-2026/OM26-H2/WP01/raw/OM26-H2-WP01-IA-001/github-comment-5883655827.md,,fbd067f8,Filename/path inference; editable in the app
347796,contributions/OPENMATH-2026/OM26-H2/WP01/raw/OM26-H2-WP01-IA-001/github-comment-5883655827.md,General / shared,25178,Latest public revision collected separately; not an author-designated final | adcfa0537f43327f4bb9acfe1692f757fce353c4,https://codeload.github.com/grandchallenge/MATHSOLVE/zip/adcfa0537f43327f4bb9acfe1692f757fce353c4,,contestants/E10/13-archives/E10-grandchallenge-MATHSOLVE-adcfa0537f43327f4bb9acfe1692f757fce353c4.zip,MATHSOLVE-adcfa0537f43327f4bb9acfe1692f757fce353c4/contributions/OPENMATH-2026/OM26-H2/WP01/raw/OM26-H2-WP01-IA-001/github-comment-5883655827.md,,fbd067f8,Filename/path inference; editable in the app
344792,contributions/OPENMATH-2026/OM26-H2/WP02/raw/OM26-H2-WP02-IA-001/github-comment-5889734796.md,General / shared,76495,Pinned collected revision; final designation governed by team receipt | 2fd9fd643bf3e9e98d121dc2e7af1cf1be411ae2,https://codeload.github.com/grandchallenge/MATHSOLVE/zip/2fd9fd643bf3e9e98d121dc2e7af1cf1be411ae2,,contestants/E10/13-archives/E10-grandchallenge-MATHSOLVE-2fd9fd643bf3e9e98d121dc2e7af1cf1be411ae2.zip,MATHSOLVE-2fd9fd643bf3e9e98d121dc2e7af1cf1be411ae2/contributions/OPENMATH-2026/OM26-H2/WP02/raw/OM26-H2-WP02-IA-001/github-comment-5889734796.md,,d3df769c,Filename/path inference; editable in the app
347800,contributions/OPENMATH-2026/OM26-H2/WP02/raw/OM26-H2-WP02-IA-001/github-comment-5889734796.md,General / shared,76495,Latest public revision collected separately; not an author-designated final | adcfa0537f43327f4bb9acfe1692f757fce353c4,https://codeload.github.com/grandchallenge/MATHSOLVE/zip/adcfa0537f43327f4bb9acfe1692f757fce353c4,,contestants/E10/13-archives/E10-grandchallenge-MATHSOLVE-adcfa0537f43327f4bb9acfe1692f757fce353c4.zip,MATHSOLVE-adcfa0537f43327f4bb9acfe1692f757fce353c4/contributions/OPENMATH-2026/OM26-H2/WP02/raw/OM26-H2-WP02-IA-001/github-comment-5889734796.md,,d3df769c,Filename/path inference; editable in the app
344799,contributions/OPENMATH-2026/OM26-H2/WP03/raw/OM26-H2-WP03-IA-001/github-comment-5921341364.md,General / shared,6132,Pinned collected revision; final designation governed by team receipt | 2fd9fd643bf3e9e98d121dc2e7af1cf1be411ae2,https://codeload.github.com/grandchallenge/MATHSOLVE/zip/2fd9fd643bf3e9e98d121dc2e7af1cf1be411ae2,,contestants/E10/13-archives/E10-grandchallenge-MATHSOLVE-2fd9fd643bf3e9e98d121dc2e7af1cf1be411ae2.zip,MATHSOLVE-2fd9fd643bf3e9e98d121dc2e7af1cf1be411ae2/contributions/OPENMATH-2026/OM26-H2/WP03/raw/OM26-H2-WP03-IA-001/github-comment-5921341364.md,,150df1c8,Filename/path inference; editable in the app
347807,contributions/OPENMATH-2026/OM26-H2/WP03/raw/OM26-H2-WP03-IA-001/github-comment-5921341364.md,General / shared,6132,Latest public revision collected separately; not an author-designated final | adcfa0537f43327f4bb9acfe1692f757fce353c4,https://codeload.github.com/grandchallenge/MATHSOLVE/zip/adcfa0537f43327f4bb9acfe1692f757fce353c4,,contestants/E10/13-archives/E10-grandchallenge-MATHSOLVE-adcfa0537f43327f4bb9acfe1692f757fce353c4.zip,MATHSOLVE-adcfa0537f43327f4bb9acfe1692f757fce353c4/contributions/OPENMATH-2026/OM26-H2/WP03/raw/OM26-H2-WP03-IA-001/github-comment-5921341364.md,,150df1c8,Filename/path inference; editable in the app
344807,contributions/OPENMATH-2026/OM26-H2/WP05/raw/OM26-H2-WP05-IA-001/github-comment-5942546441.md,General / shared,10639,Pinned collected revision; final designation governed by team receipt | 2fd9fd643bf3e9e98d121dc2e7af1cf1be411ae2,https://codeload.github.com/grandchallenge/MATHSOLVE/zip/2fd9fd643bf3e9e98d121dc2e7af1cf1be411ae2,,contestants/E10/13-archives/E10-grandchallenge-MATHSOLVE-2fd9fd643bf3e9e98d121dc2e7af1cf1be411ae2.zip,MATHSOLVE-2fd9fd643bf3e9e98d121dc2e7af1cf1be411ae2/contributions/OPENMATH-2026/OM26-H2/WP05/raw/OM26-H2-WP05-IA-001/github-comment-5942546441.md,,6853cc26,Filename/path inference; editable in the app
347815,contributions/OPENMATH-2026/OM26-H2/WP05/raw/OM26-H2-WP05-IA-001/github-comment-5942546441.md,General / shared,10639,Latest public revision collected separately; not an author-designated final | adcfa0537f43327f4bb9acfe1692f757fce353c4,https://codeload.github.com/grandchallenge/MATHSOLVE/zip/adcfa0537f43327f4bb9acfe1692f757fce353c4,,contestants/E10/13-archives/E10-grandchallenge-MATHSOLVE-adcfa0537f43327f4bb9acfe1692f757fce353c4.zip,MATHSOLVE-adcfa0537f43327f4bb9acfe1692f757fce353c4/contributions/OPENMATH-2026/OM26-H2/WP05/raw/OM26-H2-WP05-IA-001/github-comment-5942546441.md,,6853cc26,Filename/path inference; editable in the app
344814,contributions/OPENMATH-2026/OM26-H2/WP06/raw/OM26-H2-WP06-IA-001/github-comment-5951254072.md,General / shared,4597,Pinned collected revision; final designation governed by team receipt | 2fd9fd643bf3e9e98d121dc2e7af1cf1be411ae2,https://codeload.github.com/grandchallenge/MATHSOLVE/zip/2fd9fd643bf3e9e98d121dc2e7af1cf1be411ae2,,contestants/E10/13-archives/E10-grandchallenge-MATHSOLVE-2fd9fd643bf3e9e98d121dc2e7af1cf1be411ae2.zip,MATHSOLVE-2fd9fd643bf3e9e98d121dc2e7af1cf1be411ae2/contributions/OPENMATH-2026/OM26-H2/WP06/raw/OM26-H2-WP06-IA-001/github-comment-5951254072.md,,2cfc4e34,Filename/path inference; editable in the app
347822,contributions/OPENMATH-2026/OM26-H2/WP06/raw/OM26-H2-WP06-IA-001/github-comment-5951254072.md,General / shared,4597,Latest public revision collected separately; not an author-designated final | adcfa0537f43327f4bb9acfe1692f757fce353c4,https://codeload.github.com/grandchallenge/MATHSOLVE/zip/adcfa0537f43327f4bb9acfe1692f757fce353c4,,contestants/E10/13-archives/E10-grandchallenge-MATHSOLVE-adcfa0537f43327f4bb9acfe1692f757fce353c4.zip,MATHSOLVE-adcfa0537f43327f4bb9acfe1692f757fce353c4/contributions/OPENMATH-2026/OM26-H2/WP06/raw/OM26-H2-WP06-IA-001/github-comment-5951254072.md,,2cfc4e34,Filename/path inference; editable in the app
344821,contributions/OPENMATH-2026/OM26-H2/WP07/raw/OM26-H2-WP07-IA-001/github-comment-5962895622.md,General / shared,4834,Pinned collected revision; final designation governed by team receipt | 2fd9fd643bf3e9e98d121dc2e7af1cf1be411ae2,https://codeload.github.com/grandchallenge/MATHSOLVE/zip/2fd9fd643bf3e9e98d121dc2e7af1cf1be411ae2,,contestants/E10/13-archives/E10-grandchallenge-MATHSOLVE-2fd9fd643bf3e9e98d121dc2e7af1cf1be411ae2.zip,MATHSOLVE-2fd9fd643bf3e9e98d121dc2e7af1cf1be411ae2/contributions/OPENMATH-2026/OM26-H2/WP07/raw/OM26-H2-WP07-IA-001/github-comment-5962895622.md,,48f5ec4e,Filename/path inference; editable in the app
347829,contributions/OPENMATH-2026/OM26-H2/WP07/raw/OM26-H2-WP07-IA-001/github-comment-5962895622.md,General / shared,4834,Latest public revision collected separately; not an author-designated final | adcfa0537f43327f4bb9acfe1692f757fce353c4,https://codeload.github.com/grandchallenge/MATHSOLVE/zip/adcfa0537f43327f4bb9acfe1692f757fce353c4,,contestants/E10/13-archives/E10-grandchallenge-MATHSOLVE-adcfa0537f43327f4bb9acfe1692f757fce353c4.zip,MATHSOLVE-adcfa0537f43327f4bb9acfe1692f757fce353c4/contributions/OPENMATH-2026/OM26-H2/WP07/raw/OM26-H2-WP07-IA-001/github-comment-5962895622.md,,48f5ec4e,Filename/path inference; editable in the app
347836,contributions/OPENMATH-2026/OM26-H2/WP08/raw/OM26-H2-WP08-IA-001/github-comment-5964189590.md,General / shared,5513,Latest public revision collected separately; not an author-designated final | adcfa0537f43327f4bb9acfe1692f757fce353c4,https://codeload.github.com/grandchallenge/MATHSOLVE/zip/adcfa0537f43327f4bb9acfe1692f757fce353c4,,contestants/E10/13-archives/E10-grandchallenge-MATHSOLVE-adcfa0537f43327f4bb9acfe1692f757fce353c4.zip,MATHSOLVE-adcfa0537f43327f4bb9acfe1692f757fce353c4/contributions/OPENMATH-2026/OM26-H2/WP08/raw/OM26-H2-WP08-IA-001/github-comment-5964189590.md,,c19337af,Filename/path inference; editable in the app
347844,contributions/OPENMATH-2026/OM26-H2/WP09/raw/OM26-H2-WP09-IA-001/github-comment-5965122933.md,General / shared,5838,Latest public revision collected separately; not an author-designated final | adcfa0537f43327f4bb9acfe1692f757fce353c4,https://codeload.github.com/grandchallenge/MATHSOLVE/zip/adcfa0537f43327f4bb9acfe1692f757fce353c4,,contestants/E10/13-archives/E10-grandchallenge-MATHSOLVE-adcfa0537f43327f4bb9acfe1692f757fce353c4.zip,MATHSOLVE-adcfa0537f43327f4bb9acfe1692f757fce353c4/contributions/OPENMATH-2026/OM26-H2/WP09/raw/OM26-H2-WP09-IA-001/github-comment-5965122933.md,,10381820,Filename/path inference; editable in the app
344830,contributions/OPENMATH-2026/OM26-H3/WP01/raw/OM26-H3-WP01-IA-001/github-comment-5883811624.md,General / shared,27940,Pinned collected revision; final designation governed by team receipt | 2fd9fd643bf3e9e98d121dc2e7af1cf1be411ae2,https://codeload.github.com/grandchallenge/MATHSOLVE/zip/2fd9fd643bf3e9e98d121dc2e7af1cf1be411ae2,,contestants/E10/13-archives/E10-grandchallenge-MATHSOLVE-2fd9fd643bf3e9e98d121dc2e7af1cf1be411ae2.zip,MATHSOLVE-2fd9fd643bf3e9e98d121dc2e7af1cf1be411ae2/contributions/OPENMATH-2026/OM26-H3/WP01/raw/OM26-H3-WP01-IA-001/github-comment-5883811624.md,,df7d7211,Filename/path inference; editable in the app
347853,contributions/OPENMATH-2026/OM26-H3/WP01/raw/OM26-H3-WP01-IA-001/github-comment-5883811624.md,General / shared,27940,Latest public revision collected separately; not an author-designated final | adcfa0537f43327f4bb9acfe1692f757fce353c4,https://codeload.github.com/grandchallenge/MATHSOLVE/zip/adcfa0537f43327f4bb9acfe1692f757fce353c4,,contestants/E10/13-archives/E10-grandchallenge-MATHSOLVE-adcfa0537f43327f4bb9acfe1692f757fce353c4.zip,MATHSOLVE-adcfa0537f43327f4bb9acfe1692f757fce353c4/contributions/OPENMATH-2026/OM26-H3/WP01/raw/OM26-H3-WP01-IA-001/github-comment-5883811624.md,,df7d7211,Filename/path inference; editable in the app
344837,contributions/OPENMATH-2026/OM26-H3/WP02/raw/OM26-H3-WP02-IA-001/github-comment-5921341565.md,General / shared,4982,Pinned collected revision; final designation governed by team receipt | 2fd9fd643bf3e9e98d121dc2e7af1cf1be411ae2,https://codeload.github.com/grandchallenge/MATHSOLVE/zip/2fd9fd643bf3e9e98d121dc2e7af1cf1be411ae2,,contestants/E10/13-archives/E10-grandchallenge-MATHSOLVE-2fd9fd643bf3e9e98d121dc2e7af1cf1be411ae2.zip,MATHSOLVE-2fd9fd643bf3e9e98d121dc2e7af1cf1be411ae2/contributions/OPENMATH-2026/OM26-H3/WP02/raw/OM26-H3-WP02-IA-001/github-comment-5921341565.md,,294ab9b3,Filename/path inference; editable in the app
347860,contributions/OPENMATH-2026/OM26-H3/WP02/raw/OM26-H3-WP02-IA-001/github-comment-5921341565.md,General / shared,4982,Latest public revision collected separately; not an author-designated final | adcfa0537f43327f4bb9acfe1692f757fce353c4,https://codeload.github.com/grandchallenge/MATHSOLVE/zip/adcfa0537f43327f4bb9acfe1692f757fce353c4,,contestants/E10/13-archives/E10-grandchallenge-MATHSOLVE-adcfa0537f43327f4bb9acfe1692f757fce353c4.zip,MATHSOLVE-adcfa0537f43327f4bb9acfe1692f757fce353c4/contributions/OPENMATH-2026/OM26-H3/WP02/raw/OM26-H3-WP02-IA-001/github-comment-5921341565.md,,294ab9b3,Filename/path inference; editable in the app
344845,contributions/OPENMATH-2026/OM26-H3/WP04/raw/OM26-H3-WP04-IA-001/github-comment-5942509690.md,General / shared,7127,Pinned collected revision; final designation governed by team receipt | 2fd9fd643bf3e9e98d121dc2e7af1cf1be411ae2,https://codeload.github.com/grandchallenge/MATHSOLVE/zip/2fd9fd643bf3e9e98d121dc2e7af1cf1be411ae2,,contestants/E10/13-archives/E10-grandchallenge-MATHSOLVE-2fd9fd643bf3e9e98d121dc2e7af1cf1be411ae2.zip,MATHSOLVE-2fd9fd643bf3e9e98d121dc2e7af1cf1be411ae2/contributions/OPENMATH-2026/OM26-H3/WP04/raw/OM26-H3-WP04-IA-001/github-comment-5942509690.md,,d2306221,Filename/path inference; editable in the app
347868,contributions/OPENMATH-2026/OM26-H3/WP04/raw/OM26-H3-WP04-IA-001/github-comment-5942509690.md,General / shared,7127,Latest public revision collected separately; not an author-designated final | adcfa0537f43327f4bb9acfe1692f757fce353c4,https://codeload.github.com/grandchallenge/MATHSOLVE/zip/adcfa0537f43327f4bb9acfe1692f757fce353c4,,contestants/E10/13-archives/E10-grandchallenge-MATHSOLVE-adcfa0537f43327f4bb9acfe1692f757fce353c4.zip,MATHSOLVE-adcfa0537f43327f4bb9acfe1692f757fce353c4/contributions/OPENMATH-2026/OM26-H3/WP04/raw/OM26-H3-WP04-IA-001/github-comment-5942509690.md,,d2306221,Filename/path inference; editable in the app
344853,contributions/OPENMATH-2026/OM26-H3/WP06/raw/OM26-H3-WP06-IA-001/github-comment-5962958009.md,General / shared,9173,Pinned collected revision; final designation governed by team receipt | 2fd9fd643bf3e9e98d121dc2e7af1cf1be411ae2,https://codeload.github.com/grandchallenge/MATHSOLVE/zip/2fd9fd643bf3e9e98d121dc2e7af1cf1be411ae2,,contestants/E10/13-archives/E10-grandchallenge-MATHSOLVE-2fd9fd643bf3e9e98d121dc2e7af1cf1be411ae2.zip,MATHSOLVE-2fd9fd643bf3e9e98d121dc2e7af1cf1be411ae2/contributions/OPENMATH-2026/OM26-H3/WP06/raw/OM26-H3-WP06-IA-001/github-comment-5962958009.md,,208bbc89,Filename/path inference; editable in the app
347876,contributions/OPENMATH-2026/OM26-H3/WP06/raw/OM26-H3-WP06-IA-001/github-comment-5962958009.md,General / shared,9173,Latest public revision collected separately; not an author-designated final | adcfa0537f43327f4bb9acfe1692f757fce353c4,https://codeload.github.com/grandchallenge/MATHSOLVE/zip/adcfa0537f43327f4bb9acfe1692f757fce353c4,,contestants/E10/13-archives/E10-grandchallenge-MATHSOLVE-adcfa0537f43327f4bb9acfe1692f757fce353c4.zip,MATHSOLVE-adcfa0537f43327f4bb9acfe1692f757fce353c4/contributions/OPENMATH-2026/OM26-H3/WP06/raw/OM26-H3-WP06-IA-001/github-comment-5962958009.md,,208bbc89,Filename/path inference; editable in the app
347883,contributions/OPENMATH-2026/OM26-H3/WP07/raw/OM26-H3-WP07-IA-001/github-comment-5964202326.md,General / shared,5637,Latest public revision collected separately; not an author-designated final | adcfa0537f43327f4bb9acfe1692f757fce353c4,https://codeload.github.com/grandchallenge/MATHSOLVE/zip/adcfa0537f43327f4bb9acfe1692f757fce353c4,,contestants/E10/13-archives/E10-grandchallenge-MATHSOLVE-adcfa0537f43327f4bb9acfe1692f757fce353c4.zip,MATHSOLVE-adcfa0537f43327f4bb9acfe1692f757fce353c4/contributions/OPENMATH-2026/OM26-H3/WP07/raw/OM26-H3-WP07-IA-001/github-comment-5964202326.md,,b0ebf1b3,Filename/path inference; editable in the app
347890,contributions/OPENMATH-2026/OM26-H3/WP08/raw/OM26-H3-WP08-IA-001/github-comment-5966151142.md,General / shared,5821,Latest public revision collected separately; not an author-designated final | adcfa0537f43327f4bb9acfe1692f757fce353c4,https://codeload.github.com/grandchallenge/MATHSOLVE/zip/adcfa0537f43327f4bb9acfe1692f757fce353c4,,contestants/E10/13-archives/E10-grandchallenge-MATHSOLVE-adcfa0537f43327f4bb9acfe1692f757fce353c4.zip,MATHSOLVE-adcfa0537f43327f4bb9acfe1692f757fce353c4/contributions/OPENMATH-2026/OM26-H3/WP08/raw/OM26-H3-WP08-IA-001/github-comment-5966151142.md,,71e78d85,Filename/path inference; editable in the app
344861,contributions/OPENMATH-2026/OM26-H4/WP01/raw/OM26-H4-WP01-IA-001/github-comment-5921309643.md,General / shared,9020,Pinned collected revision; final designation governed by team receipt | 2fd9fd643bf3e9e98d121dc2e7af1cf1be411ae2,https://codeload.github.com/grandchallenge/MATHSOLVE/zip/2fd9fd643bf3e9e98d121dc2e7af1cf1be411ae2,,contestants/E10/13-archives/E10-grandchallenge-MATHSOLVE-2fd9fd643bf3e9e98d121dc2e7af1cf1be411ae2.zip,MATHSOLVE-2fd9fd643bf3e9e98d121dc2e7af1cf1be411ae2/contributions/OPENMATH-2026/OM26-H4/WP01/raw/OM26-H4-WP01-IA-001/github-comment-5921309643.md,,d77fa158,Filename/path inference; editable in the app
347898,contributions/OPENMATH-2026/OM26-H4/WP01/raw/OM26-H4-WP01-IA-001/github-comment-5921309643.md,General / shared,9020,Latest public revision collected separately; not an author-designated final | adcfa0537f43327f4bb9acfe1692f757fce353c4,https://codeload.github.com/grandchallenge/MATHSOLVE/zip/adcfa0537f43327f4bb9acfe1692f757fce353c4,,contestants/E10/13-archives/E10-grandchallenge-MATHSOLVE-adcfa0537f43327f4bb9acfe1692f757fce353c4.zip,MATHSOLVE-adcfa0537f43327f4bb9acfe1692f757fce353c4/contributions/OPENMATH-2026/OM26-H4/WP01/raw/OM26-H4-WP01-IA-001/github-comment-5921309643.md,,d77fa158,Filename/path inference; editable in the app
344869,contributions/OPENMATH-2026/OM26-H4/WP03/raw/OM26-H4-WP03-IA-001/github-comment-5942549290.md,General / shared,17100,Pinned collected revision; final designation governed by team receipt | 2fd9fd643bf3e9e98d121dc2e7af1cf1be411ae2,https://codeload.github.com/grandchallenge/MATHSOLVE/zip/2fd9fd643bf3e9e98d121dc2e7af1cf1be411ae2,,contestants/E10/13-archives/E10-grandchallenge-MATHSOLVE-2fd9fd643bf3e9e98d121dc2e7af1cf1be411ae2.zip,MATHSOLVE-2fd9fd643bf3e9e98d121dc2e7af1cf1be411ae2/contributions/OPENMATH-2026/OM26-H4/WP03/raw/OM26-H4-WP03-IA-001/github-comment-5942549290.md,,b887fae0,Filename/path inference; editable in the app
347906,contributions/OPENMATH-2026/OM26-H4/WP03/raw/OM26-H4-WP03-IA-001/github-comment-5942549290.md,General / shared,17100,Latest public revision collected separately; not an author-designated final | adcfa0537f43327f4bb9acfe1692f757fce353c4,https://codeload.github.com/grandchallenge/MATHSOLVE/zip/adcfa0537f43327f4bb9acfe1692f757fce353c4,,contestants/E10/13-archives/E10-grandchallenge-MATHSOLVE-adcfa0537f43327f4bb9acfe1692f757fce353c4.zip,MATHSOLVE-adcfa0537f43327f4bb9acfe1692f757fce353c4/contributions/OPENMATH-2026/OM26-H4/WP03/raw/OM26-H4-WP03-IA-001/github-comment-5942549290.md,,b887fae0,Filename/path inference; editable in the app
344876,contributions/OPENMATH-2026/OM26-H4/WP04/raw/OM26-H4-WP04-IA-001/github-comment-5951254588.md,General / shared,7566,Pinned collected revision; final designation governed by team receipt | 2fd9fd643bf3e9e98d121dc2e7af1cf1be411ae2,https://codeload.github.com/grandchallenge/MATHSOLVE/zip/2fd9fd643bf3e9e98d121dc2e7af1cf1be411ae2,,contestants/E10/13-archives/E10-grandchallenge-MATHSOLVE-2fd9fd643bf3e9e98d121dc2e7af1cf1be411ae2.zip,MATHSOLVE-2fd9fd643bf3e9e98d121dc2e7af1cf1be411ae2/contributions/OPENMATH-2026/OM26-H4/WP04/raw/OM26-H4-WP04-IA-001/github-comment-5951254588.md,,bfc04817,Filename/path inference; editable in the app
347913,contributions/OPENMATH-2026/OM26-H4/WP04/raw/OM26-H4-WP04-IA-001/github-comment-5951254588.md,General / shared,7566,Latest public revision collected separately; not an author-designated final | adcfa0537f43327f4bb9acfe1692f757fce353c4,https://codeload.github.com/grandchallenge/MATHSOLVE/zip/adcfa0537f43327f4bb9acfe1692f757fce353c4,,contestants/E10/13-archives/E10-grandchallenge-MATHSOLVE-adcfa0537f43327f4bb9acfe1692f757fce353c4.zip,MATHSOLVE-adcfa0537f43327f4bb9acfe1692f757fce353c4/contributions/OPENMATH-2026/OM26-H4/WP04/raw/OM26-H4-WP04-IA-001/github-comment-5951254588.md,,bfc04817,Filename/path inference; editable in the app
344883,contributions/OPENMATH-2026/OM26-H4/WP05/raw/OM26-H4-WP05-IA-001/github-comment-5962943119.md,General / shared,7763,Pinned collected revision; final designation governed by team receipt | 2fd9fd643bf3e9e98d121dc2e7af1cf1be411ae2,https://codeload.github.com/grandchallenge/MATHSOLVE/zip/2fd9fd643bf3e9e98d121dc2e7af1cf1be411ae2,,contestants/E10/13-archives/E10-grandchallenge-MATHSOLVE-2fd9fd643bf3e9e98d121dc2e7af1cf1be411ae2.zip,MATHSOLVE-2fd9fd643bf3e9e98d121dc2e7af1cf1be411ae2/contributions/OPENMATH-2026/OM26-H4/WP05/raw/OM26-H4-WP05-IA-001/github-comment-5962943119.md,,f38cb878,Filename/path inference; editable in the app
347920,contributions/OPENMATH-2026/OM26-H4/WP05/raw/OM26-H4-WP05-IA-001/github-comment-5962943119.md,General / shared,7763,Latest public revision collected separately; not an author-designated final | adcfa0537f43327f4bb9acfe1692f757fce353c4,https://codeload.github.com/grandchallenge/MATHSOLVE/zip/adcfa0537f43327f4bb9acfe1692f757fce353c4,,contestants/E10/13-archives/E10-grandchallenge-MATHSOLVE-adcfa0537f43327f4bb9acfe1692f757fce353c4.zip,MATHSOLVE-adcfa0537f43327f4bb9acfe1692f757fce353c4/contributions/OPENMATH-2026/OM26-H4/WP05/raw/OM26-H4-WP05-IA-001/github-comment-5962943119.md,,f38cb878,Filename/path inference; editable in the app
344891,contributions/OPENMATH-2026/OM26-H5/WP01/raw/OM26-H5-WP01-IA-001/github-comment-5921328716.md,General / shared,8469,Pinned collected revision; final designation governed by team receipt | 2fd9fd643bf3e9e98d121dc2e7af1cf1be411ae2,https://codeload.github.com/grandchallenge/MATHSOLVE/zip/2fd9fd643bf3e9e98d121dc2e7af1cf1be411ae2,,contestants/E10/13-archives/E10-grandchallenge-MATHSOLVE-2fd9fd643bf3e9e98d121dc2e7af1cf1be411ae2.zip,MATHSOLVE-2fd9fd643bf3e9e98d121dc2e7af1cf1be411ae2/contributions/OPENMATH-2026/OM26-H5/WP01/raw/OM26-H5-WP01-IA-001/github-comment-5921328716.md,,7140da43,Filename/path inference; editable in the app
347928,contributions/OPENMATH-2026/OM26-H5/WP01/raw/OM26-H5-WP01-IA-001/github-comment-5921328716.md,General / shared,8469,Latest public revision collected separately; not an author-designated final | adcfa0537f43327f4bb9acfe1692f757fce353c4,https://codeload.github.com/grandchallenge/MATHSOLVE/zip/adcfa0537f43327f4bb9acfe1692f757fce353c4,,contestants/E10/13-archives/E10-grandchallenge-MATHSOLVE-adcfa0537f43327f4bb9acfe1692f757fce353c4.zip,MATHSOLVE-adcfa0537f43327f4bb9acfe1692f757fce353c4/contributions/OPENMATH-2026/OM26-H5/WP01/raw/OM26-H5-WP01-IA-001/github-comment-5921328716.md,,7140da43,Filename/path inference; editable in the app
344899,contributions/OPENMATH-2026/OM26-H5/WP03/raw/OM26-H5-WP03-IA-001/github-comment-5942558283.md,General / shared,9250,Pinned collected revision; final designation governed by team receipt | 2fd9fd643bf3e9e98d121dc2e7af1cf1be411ae2,https://codeload.github.com/grandchallenge/MATHSOLVE/zip/2fd9fd643bf3e9e98d121dc2e7af1cf1be411ae2,,contestants/E10/13-archives/E10-grandchallenge-MATHSOLVE-2fd9fd643bf3e9e98d121dc2e7af1cf1be411ae2.zip,MATHSOLVE-2fd9fd643bf3e9e98d121dc2e7af1cf1be411ae2/contributions/OPENMATH-2026/OM26-H5/WP03/raw/OM26-H5-WP03-IA-001/github-comment-5942558283.md,,b098661f,Filename/path inference; editable in the app
347936,contributions/OPENMATH-2026/OM26-H5/WP03/raw/OM26-H5-WP03-IA-001/github-comment-5942558283.md,General / shared,9250,Latest public revision collected separately; not an author-designated final | adcfa0537f43327f4bb9acfe1692f757fce353c4,https://codeload.github.com/grandchallenge/MATHSOLVE/zip/adcfa0537f43327f4bb9acfe1692f757fce353c4,,contestants/E10/13-archives/E10-grandchallenge-MATHSOLVE-adcfa0537f43327f4bb9acfe1692f757fce353c4.zip,MATHSOLVE-adcfa0537f43327f4bb9acfe1692f757fce353c4/contributions/OPENMATH-2026/OM26-H5/WP03/raw/OM26-H5-WP03-IA-001/github-comment-5942558283.md,,b098661f,Filename/path inference; editable in the app
344907,contributions/OPENMATH-2026/OM26-H5/WP05/raw/OM26-H5-WP05-IA-001/github-comment-5962949396.md,General / shared,6115,Pinned collected revision; final designation governed by team receipt | 2fd9fd643bf3e9e98d121dc2e7af1cf1be411ae2,https://codeload.github.com/grandchallenge/MATHSOLVE/zip/2fd9fd643bf3e9e98d121dc2e7af1cf1be411ae2,,contestants/E10/13-archives/E10-grandchallenge-MATHSOLVE-2fd9fd643bf3e9e98d121dc2e7af1cf1be411ae2.zip,MATHSOLVE-2fd9fd643bf3e9e98d121dc2e7af1cf1be411ae2/contributions/OPENMATH-2026/OM26-H5/WP05/raw/OM26-H5-WP05-IA-001/github-comment-5962949396.md,,579e9cef,Filename/path inference; editable in the app
347944,contributions/OPENMATH-2026/OM26-H5/WP05/raw/OM26-H5-WP05-IA-001/github-comment-5962949396.md,General / shared,6115,Latest public revision collected separately; not an author-designated final | adcfa0537f43327f4bb9acfe1692f757fce353c4,https://codeload.github.com/grandchallenge/MATHSOLVE/zip/adcfa0537f43327f4bb9acfe1692f757fce353c4,,contestants/E10/13-archives/E10-grandchallenge-MATHSOLVE-adcfa0537f43327f4bb9acfe1692f757fce353c4.zip,MATHSOLVE-adcfa0537f43327f4bb9acfe1692f757fce353c4/contributions/OPENMATH-2026/OM26-H5/WP05/raw/OM26-H5-WP05-IA-001/github-comment-5962949396.md,,579e9cef,Filename/path inference; editable in the app
344916,contributions/OPENMATH-2026/OM26-H6/WP01/raw/OM26-H6-WP01-IA-001/github-comment-5886999388.md,General / shared,46705,Pinned collected revision; final designation governed by team receipt | 2fd9fd643bf3e9e98d121dc2e7af1cf1be411ae2,https://codeload.github.com/grandchallenge/MATHSOLVE/zip/2fd9fd643bf3e9e98d121dc2e7af1cf1be411ae2,,contestants/E10/13-archives/E10-grandchallenge-MATHSOLVE-2fd9fd643bf3e9e98d121dc2e7af1cf1be411ae2.zip,MATHSOLVE-2fd9fd643bf3e9e98d121dc2e7af1cf1be411ae2/contributions/OPENMATH-2026/OM26-H6/WP01/raw/OM26-H6-WP01-IA-001/github-comment-5886999388.md,,28f77696,Filename/path inference; editable in the app
347953,contributions/OPENMATH-2026/OM26-H6/WP01/raw/OM26-H6-WP01-IA-001/github-comment-5886999388.md,General / shared,46705,Latest public revision collected separately; not an author-designated final | adcfa0537f43327f4bb9acfe1692f757fce353c4,https://codeload.github.com/grandchallenge/MATHSOLVE/zip/adcfa0537f43327f4bb9acfe1692f757fce353c4,,contestants/E10/13-archives/E10-grandchallenge-MATHSOLVE-adcfa0537f43327f4bb9acfe1692f757fce353c4.zip,MATHSOLVE-adcfa0537f43327f4bb9acfe1692f757fce353c4/contributions/OPENMATH-2026/OM26-H6/WP01/raw/OM26-H6-WP01-IA-001/github-comment-5886999388.md,,28f77696,Filename/path inference; editable in the app
344923,contributions/OPENMATH-2026/OM26-H6/WP02/raw/OM26-H6-WP02-IA-001/github-comment-5921276527.md,General / shared,6334,Pinned collected revision; final designation governed by team receipt | 2fd9fd643bf3e9e98d121dc2e7af1cf1be411ae2,https://codeload.github.com/grandchallenge/MATHSOLVE/zip/2fd9fd643bf3e9e98d121dc2e7af1cf1be411ae2,,contestants/E10/13-archives/E10-grandchallenge-MATHSOLVE-2fd9fd643bf3e9e98d121dc2e7af1cf1be411ae2.zip,MATHSOLVE-2fd9fd643bf3e9e98d121dc2e7af1cf1be411ae2/contributions/OPENMATH-2026/OM26-H6/WP02/raw/OM26-H6-WP02-IA-001/github-comment-5921276527.md,,2067d868,Filename/path inference; editable in the app
347960,contributions/OPENMATH-2026/OM26-H6/WP02/raw/OM26-H6-WP02-IA-001/github-comment-5921276527.md,General / shared,6334,Latest public revision collected separately; not an author-designated final | adcfa0537f43327f4bb9acfe1692f757fce353c4,https://codeload.github.com/grandchallenge/MATHSOLVE/zip/adcfa0537f43327f4bb9acfe1692f757fce353c4,,contestants/E10/13-archives/E10-grandchallenge-MATHSOLVE-adcfa0537f43327f4bb9acfe1692f757fce353c4.zip,MATHSOLVE-adcfa0537f43327f4bb9acfe1692f757fce353c4/contributions/OPENMATH-2026/OM26-H6/WP02/raw/OM26-H6-WP02-IA-001/github-comment-5921276527.md,,2067d868,Filename/path inference; editable in the app
344931,contributions/OPENMATH-2026/OM26-H6/WP04/raw/OM26-H6-WP04-IA-001/github-comment-5942614522.md,General / shared,9749,Pinned collected revision; final designation governed by team receipt | 2fd9fd643bf3e9e98d121dc2e7af1cf1be411ae2,https://codeload.github.com/grandchallenge/MATHSOLVE/zip/2fd9fd643bf3e9e98d121dc2e7af1cf1be411ae2,,contestants/E10/13-archives/E10-grandchallenge-MATHSOLVE-2fd9fd643bf3e9e98d121dc2e7af1cf1be411ae2.zip,MATHSOLVE-2fd9fd643bf3e9e98d121dc2e7af1cf1be411ae2/contributions/OPENMATH-2026/OM26-H6/WP04/raw/OM26-H6-WP04-IA-001/github-comment-5942614522.md,,4632a8ca,Filename/path inference; editable in the app
347968,contributions/OPENMATH-2026/OM26-H6/WP04/raw/OM26-H6-WP04-IA-001/github-comment-5942614522.md,General / shared,9749,Latest public revision collected separately; not an author-designated final | adcfa0537f43327f4bb9acfe1692f757fce353c4,https://codeload.github.com/grandchallenge/MATHSOLVE/zip/adcfa0537f43327f4bb9acfe1692f757fce353c4,,contestants/E10/13-archives/E10-grandchallenge-MATHSOLVE-adcfa0537f43327f4bb9acfe1692f757fce353c4.zip,MATHSOLVE-adcfa0537f43327f4bb9acfe1692f757fce353c4/contributions/OPENMATH-2026/OM26-H6/WP04/raw/OM26-H6-WP04-IA-001/github-comment-5942614522.md,,4632a8ca,Filename/path inference; editable in the app
344938,contributions/OPENMATH-2026/OM26-H6/WP05/raw/OM26-H6-WP05-IA-001/github-comment-5951785225.md,General / shared,9147,Pinned collected revision; final designation governed by team receipt | 2fd9fd643bf3e9e98d121dc2e7af1cf1be411ae2,https://codeload.github.com/grandchallenge/MATHSOLVE/zip/2fd9fd643bf3e9e98d121dc2e7af1cf1be411ae2,,contestants/E10/13-archives/E10-grandchallenge-MATHSOLVE-2fd9fd643bf3e9e98d121dc2e7af1cf1be411ae2.zip,MATHSOLVE-2fd9fd643bf3e9e98d121dc2e7af1cf1be411ae2/contributions/OPENMATH-2026/OM26-H6/WP05/raw/OM26-H6-WP05-IA-001/github-comment-5951785225.md,,c6294406,Filename/path inference; editable in the app
347975,contributions/OPENMATH-2026/OM26-H6/WP05/raw/OM26-H6-WP05-IA-001/github-comment-5951785225.md,General / shared,9147,Latest public revision collected separately; not an author-designated final | adcfa0537f43327f4bb9acfe1692f757fce353c4,https://codeload.github.com/grandchallenge/MATHSOLVE/zip/adcfa0537f43327f4bb9acfe1692f757fce353c4,,contestants/E10/13-archives/E10-grandchallenge-MATHSOLVE-adcfa0537f43327f4bb9acfe1692f757fce353c4.zip,MATHSOLVE-adcfa0537f43327f4bb9acfe1692f757fce353c4/contributions/OPENMATH-2026/OM26-H6/WP05/raw/OM26-H6-WP05-IA-001/github-comment-5951785225.md,,c6294406,Filename/path inference; editable in the app
344945,contributions/OPENMATH-2026/OM26-H6/WP06/raw/OM26-H6-WP06-IA-001/github-comment-5962958919.md,General / shared,8540,Pinned collected revision; final designation governed by team receipt | 2fd9fd643bf3e9e98d121dc2e7af1cf1be411ae2,https://codeload.github.com/grandchallenge/MATHSOLVE/zip/2fd9fd643bf3e9e98d121dc2e7af1cf1be411ae2,,contestants/E10/13-archives/E10-grandchallenge-MATHSOLVE-2fd9fd643bf3e9e98d121dc2e7af1cf1be411ae2.zip,MATHSOLVE-2fd9fd643bf3e9e98d121dc2e7af1cf1be411ae2/contributions/OPENMATH-2026/OM26-H6/WP06/raw/OM26-H6-WP06-IA-001/github-comment-5962958919.md,,78d25e88,Filename/path inference; editable in the app
347982,contributions/OPENMATH-2026/OM26-H6/WP06/raw/OM26-H6-WP06-IA-001/github-comment-5962958919.md,General / shared,8540,Latest public revision collected separately; not an author-designated final | adcfa0537f43327f4bb9acfe1692f757fce353c4,https://codeload.github.com/grandchallenge/MATHSOLVE/zip/adcfa0537f43327f4bb9acfe1692f757fce353c4,,contestants/E10/13-archives/E10-grandchallenge-MATHSOLVE-adcfa0537f43327f4bb9acfe1692f757fce353c4.zip,MATHSOLVE-adcfa0537f43327f4bb9acfe1692f757fce353c4/contributions/OPENMATH-2026/OM26-H6/WP06/raw/OM26-H6-WP06-IA-001/github-comment-5962958919.md,,78d25e88,Filename/path inference; editable in the app
344953,contributions/OPENMATH-2026/OM26-H7/WP01/raw/OM26-H7-WP01-IA-001/github-comment-5909810515.md,General / shared,15403,Pinned collected revision; final designation governed by team receipt | 2fd9fd643bf3e9e98d121dc2e7af1cf1be411ae2,https://codeload.github.com/grandchallenge/MATHSOLVE/zip/2fd9fd643bf3e9e98d121dc2e7af1cf1be411ae2,,contestants/E10/13-archives/E10-grandchallenge-MATHSOLVE-2fd9fd643bf3e9e98d121dc2e7af1cf1be411ae2.zip,MATHSOLVE-2fd9fd643bf3e9e98d121dc2e7af1cf1be411ae2/contributions/OPENMATH-2026/OM26-H7/WP01/raw/OM26-H7-WP01-IA-001/github-comment-5909810515.md,,26d918d2,Filename/path inference; editable in the app
347990,contributions/OPENMATH-2026/OM26-H7/WP01/raw/OM26-H7-WP01-IA-001/github-comment-5909810515.md,General / shared,15403,Latest public revision collected separately; not an author-designated final | adcfa0537f43327f4bb9acfe1692f757fce353c4,https://codeload.github.com/grandchallenge/MATHSOLVE/zip/adcfa0537f43327f4bb9acfe1692f757fce353c4,,contestants/E10/13-archives/E10-grandchallenge-MATHSOLVE-adcfa0537f43327f4bb9acfe1692f757fce353c4.zip,MATHSOLVE-adcfa0537f43327f4bb9acfe1692f757fce353c4/contributions/OPENMATH-2026/OM26-H7/WP01/raw/OM26-H7-WP01-IA-001/github-comment-5909810515.md,,26d918d2,Filename/path inference; editable in the app
344960,contributions/OPENMATH-2026/OM26-H7/WP02/raw/OM26-H7-WP02-IA-001/github-comment-5921278456.md,General / shared,5690,Pinned collected revision; final designation governed by team receipt | 2fd9fd643bf3e9e98d121dc2e7af1cf1be411ae2,https://codeload.github.com/grandchallenge/MATHSOLVE/zip/2fd9fd643bf3e9e98d121dc2e7af1cf1be411ae2,,contestants/E10/13-archives/E10-grandchallenge-MATHSOLVE-2fd9fd643bf3e9e98d121dc2e7af1cf1be411ae2.zip,MATHSOLVE-2fd9fd643bf3e9e98d121dc2e7af1cf1be411ae2/contributions/OPENMATH-2026/OM26-H7/WP02/raw/OM26-H7-WP02-IA-001/github-comment-5921278456.md,,5557d8d0,Filename/path inference; editable in the app
347997,contributions/OPENMATH-2026/OM26-H7/WP02/raw/OM26-H7-WP02-IA-001/github-comment-5921278456.md,General / shared,5690,Latest public revision collected separately; not an author-designated final | adcfa0537f43327f4bb9acfe1692f757fce353c4,https://codeload.github.com/grandchallenge/MATHSOLVE/zip/adcfa0537f43327f4bb9acfe1692f757fce353c4,,contestants/E10/13-archives/E10-grandchallenge-MATHSOLVE-adcfa0537f43327f4bb9acfe1692f757fce353c4.zip,MATHSOLVE-adcfa0537f43327f4bb9acfe1692f757fce353c4/contributions/OPENMATH-2026/OM26-H7/WP02/raw/OM26-H7-WP02-IA-001/github-comment-5921278456.md,,5557d8d0,Filename/path inference; editable in the app
344968,contributions/OPENMATH-2026/OM26-H7/WP04/raw/OM26-H7-WP04-IA-001/github-comment-5942424919.md,General / shared,9223,Pinned collected revision; final designation governed by team receipt | 2fd9fd643bf3e9e98d121dc2e7af1cf1be411ae2,https://codeload.github.com/grandchallenge/MATHSOLVE/zip/2fd9fd643bf3e9e98d121dc2e7af1cf1be411ae2,,contestants/E10/13-archives/E10-grandchallenge-MATHSOLVE-2fd9fd643bf3e9e98d121dc2e7af1cf1be411ae2.zip,MATHSOLVE-2fd9fd643bf3e9e98d121dc2e7af1cf1be411ae2/contributions/OPENMATH-2026/OM26-H7/WP04/raw/OM26-H7-WP04-IA-001/github-comment-5942424919.md,,b9fb8e67,Filename/path inference; editable in the app
348005,contributions/OPENMATH-2026/OM26-H7/WP04/raw/OM26-H7-WP04-IA-001/github-comment-5942424919.md,General / shared,9223,Latest public revision collected separately; not an author-designated final | adcfa0537f43327f4bb9acfe1692f757fce353c4,https://codeload.github.com/grandchallenge/MATHSOLVE/zip/adcfa0537f43327f4bb9acfe1692f757fce353c4,,contestants/E10/13-archives/E10-grandchallenge-MATHSOLVE-adcfa0537f43327f4bb9acfe1692f757fce353c4.zip,MATHSOLVE-adcfa0537f43327f4bb9acfe1692f757fce353c4/contributions/OPENMATH-2026/OM26-H7/WP04/raw/OM26-H7-WP04-IA-001/github-comment-5942424919.md,,b9fb8e67,Filename/path inference; editable in the app
348012,contributions/OPENMATH-2026/OM26-H7/WP05/raw/OM26-H7-WP05-IA-001/github-comment-5963054326.md,General / shared,5953,Latest public revision collected separately; not an author-designated final | adcfa0537f43327f4bb9acfe1692f757fce353c4,https://codeload.github.com/grandchallenge/MATHSOLVE/zip/adcfa0537f43327f4bb9acfe1692f757fce353c4,,contestants/E10/13-archives/E10-grandchallenge-MATHSOLVE-adcfa0537f43327f4bb9acfe1692f757fce353c4.zip,MATHSOLVE-adcfa0537f43327f4bb9acfe1692f757fce353c4/contributions/OPENMATH-2026/OM26-H7/WP05/raw/OM26-H7-WP05-IA-001/github-comment-5963054326.md,,9179e3af,Filename/path inference; editable in the app
348026,contributions/YM-001/YM_D003_MRS_R002/raw/YM-D003-MRS-R002-WP-A-IA-001/github-comment-5967005635.md,General / shared,15771,Latest public revision collected separately; not an author-designated final | adcfa0537f43327f4bb9acfe1692f757fce353c4,https://codeload.github.com/grandchallenge/MATHSOLVE/zip/adcfa0537f43327f4bb9acfe1692f757fce353c4,,contestants/E10/13-archives/E10-grandchallenge-MATHSOLVE-adcfa0537f43327f4bb9acfe1692f757fce353c4.zip,MATHSOLVE-adcfa0537f43327f4bb9acfe1692f757fce353c4/contributions/YM-001/YM_D003_MRS_R002/raw/YM-D003-MRS-R002-WP-A-IA-001/github-comment-5967005635.md,,f5e6c082,Filename/path inference; editable in the app
348027,contributions/YM-001/YM_D003_MRS_R002/raw/YM-D003-MRS-R002-WP-B-IA-001/github-comment-5966952070.md,General / shared,7077,Latest public revision collected separately; not an author-designated final | adcfa0537f43327f4bb9acfe1692f757fce353c4,https://codeload.github.com/grandchallenge/MATHSOLVE/zip/adcfa0537f43327f4bb9acfe1692f757fce353c4,,contestants/E10/13-archives/E10-grandchallenge-MATHSOLVE-adcfa0537f43327f4bb9acfe1692f757fce353c4.zip,MATHSOLVE-adcfa0537f43327f4bb9acfe1692f757fce353c4/contributions/YM-001/YM_D003_MRS_R002/raw/YM-D003-MRS-R002-WP-B-IA-001/github-comment-5966952070.md,,214a9dd1,Filename/path inference; editable in the app
348028,contributions/YM-001/YM_D003_MRS_R002/raw/YM-D003-MRS-R002-WP-C-IA-001/github-comment-5966936787.md,General / shared,8153,Latest public revision collected separately; not an author-designated final | adcfa0537f43327f4bb9acfe1692f757fce353c4,https://codeload.github.com/grandchallenge/MATHSOLVE/zip/adcfa0537f43327f4bb9acfe1692f757fce353c4,,contestants/E10/13-archives/E10-grandchallenge-MATHSOLVE-adcfa0537f43327f4bb9acfe1692f757fce353c4.zip,MATHSOLVE-adcfa0537f43327f4bb9acfe1692f757fce353c4/contributions/YM-001/YM_D003_MRS_R002/raw/YM-D003-MRS-R002-WP-C-IA-001/github-comment-5966936787.md,,cbd90bec,Filename/path inference; editable in the app
344971,docs/EUCLID_DIOPHANTINE_E2E_002_SOLVE.md,General / shared,2219,Pinned collected revision; final designation governed by team receipt | 2fd9fd643bf3e9e98d121dc2e7af1cf1be411ae2,https://codeload.github.com/grandchallenge/MATHSOLVE/zip/2fd9fd643bf3e9e98d121dc2e7af1cf1be411ae2,,contestants/E10/13-archives/E10-grandchallenge-MATHSOLVE-2fd9fd643bf3e9e98d121dc2e7af1cf1be411ae2.zip,MATHSOLVE-2fd9fd643bf3e9e98d121dc2e7af1cf1be411ae2/docs/EUCLID_DIOPHANTINE_E2E_002_SOLVE.md,,f1920f7b,Filename/path inference; editable in the app
348032,docs/EUCLID_DIOPHANTINE_E2E_002_SOLVE.md,General / shared,2219,Latest public revision collected separately; not an author-designated final | adcfa0537f43327f4bb9acfe1692f757fce353c4,https://codeload.github.com/grandchallenge/MATHSOLVE/zip/adcfa0537f43327f4bb9acfe1692f757fce353c4,,contestants/E10/13-archives/E10-grandchallenge-MATHSOLVE-adcfa0537f43327f4bb9acfe1692f757fce353c4.zip,MATHSOLVE-adcfa0537f43327f4bb9acfe1692f757fce353c4/docs/EUCLID_DIOPHANTINE_E2E_002_SOLVE.md,,f1920f7b,Filename/path inference; editable in the app
344972,docs/EUCLID_GCD_E2E_001_SOLVE.md,General / shared,1906,Pinned collected revision; final designation governed by team receipt | 2fd9fd643bf3e9e98d121dc2e7af1cf1be411ae2,https://codeload.github.com/grandchallenge/MATHSOLVE/zip/2fd9fd643bf3e9e98d121dc2e7af1cf1be411ae2,,contestants/E10/13-archives/E10-grandchallenge-MATHSOLVE-2fd9fd643bf3e9e98d121dc2e7af1cf1be411ae2.zip,MATHSOLVE-2fd9fd643bf3e9e98d121dc2e7af1cf1be411ae2/docs/EUCLID_GCD_E2E_001_SOLVE.md,,a2cb1332,Filename/path inference; editable in the app
348033,docs/EUCLID_GCD_E2E_001_SOLVE.md,General / shared,1906,Latest public revision collected separately; not an author-designated final | adcfa0537f43327f4bb9acfe1692f757fce353c4,https://codeload.github.com/grandchallenge/MATHSOLVE/zip/adcfa0537f43327f4bb9acfe1692f757fce353c4,,contestants/E10/13-archives/E10-grandchallenge-MATHSOLVE-adcfa0537f43327f4bb9acfe1692f757fce353c4.zip,MATHSOLVE-adcfa0537f43327f4bb9acfe1692f757fce353c4/docs/EUCLID_GCD_E2E_001_SOLVE.md,,a2cb1332,Filename/path inference; editable in the app
344973,docs/EXTERNAL_CATALOG_REVIEWED_PROMOTION.md,General / shared,4787,Pinned collected revision; final designation governed by team receipt | 2fd9fd643bf3e9e98d121dc2e7af1cf1be411ae2,https://codeload.github.com/grandchallenge/MATHSOLVE/zip/2fd9fd643bf3e9e98d121dc2e7af1cf1be411ae2,,contestants/E10/13-archives/E10-grandchallenge-MATHSOLVE-2fd9fd643bf3e9e98d121dc2e7af1cf1be411ae2.zip,MATHSOLVE-2fd9fd643bf3e9e98d121dc2e7af1cf1be411ae2/docs/EXTERNAL_CATALOG_REVIEWED_PROMOTION.md,,80239880,Filename/path inference; editable in the app
348034,docs/EXTERNAL_CATALOG_REVIEWED_PROMOTION.md,General / shared,4787,Latest public revision collected separately; not an author-designated final | adcfa0537f43327f4bb9acfe1692f757fce353c4,https://codeload.github.com/grandchallenge/MATHSOLVE/zip/adcfa0537f43327f4bb9acfe1692f757fce353c4,,contestants/E10/13-archives/E10-grandchallenge-MATHSOLVE-adcfa0537f43327f4bb9acfe1692f757fce353c4.zip,MATHSOLVE-adcfa0537f43327f4bb9acfe1692f757fce353c4/docs/EXTERNAL_CATALOG_REVIEWED_PROMOTION.md,,80239880,Filename/path inference; editable in the app
344974,docs/FOUNDATION_AWARE_ROUTING.md,General / shared,6844,Pinned collected revision; final designation governed by team receipt | 2fd9fd643bf3e9e98d121dc2e7af1cf1be411ae2,https://codeload.github.com/grandchallenge/MATHSOLVE/zip/2fd9fd643bf3e9e98d121dc2e7af1cf1be411ae2,,contestants/E10/13-archives/E10-grandchallenge-MATHSOLVE-2fd9fd643bf3e9e98d121dc2e7af1cf1be411ae2.zip,MATHSOLVE-2fd9fd643bf3e9e98d121dc2e7af1cf1be411ae2/docs/FOUNDATION_AWARE_ROUTING.md,,ceb17aeb,Filename/path inference; editable in the app
348035,docs/FOUNDATION_AWARE_ROUTING.md,General / shared,6844,Latest public revision collected separately; not an author-designated final | adcfa0537f43327f4bb9acfe1692f757fce353c4,https://codeload.github.com/grandchallenge/MATHSOLVE/zip/adcfa0537f43327f4bb9acfe1692f757fce353c4,,contestants/E10/13-archives/E10-grandchallenge-MATHSOLVE-adcfa0537f43327f4bb9acfe1692f757fce353c4.zip,MATHSOLVE-adcfa0537f43327f4bb9acfe1692f757fce353c4/docs/FOUNDATION_AWARE_ROUTING.md,,ceb17aeb,Filename/path inference; editable in the app
344975,docs/MS-GOV-WP00.md,General / shared,3948,Pinned collected revision; final designation governed by team receipt | 2fd9fd643bf3e9e98d121dc2e7af1cf1be411ae2,https://codeload.github.com/grandchallenge/MATHSOLVE/zip/2fd9fd643bf3e9e98d121dc2e7af1cf1be411ae2,,contestants/E10/13-archives/E10-grandchallenge-MATHSOLVE-2fd9fd643bf3e9e98d121dc2e7af1cf1be411ae2.zip,MATHSOLVE-2fd9fd643bf3e9e98d121dc2e7af1cf1be411ae2/docs/MS-GOV-WP00.md,,87e32135,Filename/path inference; editable in the app
348036,docs/MS-GOV-WP00.md,General / shared,3948,Latest public revision collected separately; not an author-designated final | adcfa0537f43327f4bb9acfe1692f757fce353c4,https://codeload.github.com/grandchallenge/MATHSOLVE/zip/adcfa0537f43327f4bb9acfe1692f757fce353c4,,contestants/E10/13-archives/E10-grandchallenge-MATHSOLVE-adcfa0537f43327f4bb9acfe1692f757fce353c4.zip,MATHSOLVE-adcfa0537f43327f4bb9acfe1692f757fce353c4/docs/MS-GOV-WP00.md,,87e32135,Filename/path inference; editable in the app
344976,docs/MS-MC-WP00_MATHCERT_HANDOFF_COVERAGE.md,General / shared,2743,Pinned collected revision; final designation governed by team receipt | 2fd9fd643bf3e9e98d121dc2e7af1cf1be411ae2,https://codeload.github.com/grandchallenge/MATHSOLVE/zip/2fd9fd643bf3e9e98d121dc2e7af1cf1be411ae2,,contestants/E10/13-archives/E10-grandchallenge-MATHSOLVE-2fd9fd643bf3e9e98d121dc2e7af1cf1be411ae2.zip,MATHSOLVE-2fd9fd643bf3e9e98d121dc2e7af1cf1be411ae2/docs/MS-MC-WP00_MATHCERT_HANDOFF_COVERAGE.md,,47b86515,Filename/path inference; editable in the app
348037,docs/MS-MC-WP00_MATHCERT_HANDOFF_COVERAGE.md,General / shared,2743,Latest public revision collected separately; not an author-designated final | adcfa0537f43327f4bb9acfe1692f757fce353c4,https://codeload.github.com/grandchallenge/MATHSOLVE/zip/adcfa0537f43327f4bb9acfe1692f757fce353c4,,contestants/E10/13-archives/E10-grandchallenge-MATHSOLVE-adcfa0537f43327f4bb9acfe1692f757fce353c4.zip,MATHSOLVE-adcfa0537f43327f4bb9acfe1692f757fce353c4/docs/MS-MC-WP00_MATHCERT_HANDOFF_COVERAGE.md,,47b86515,Filename/path inference; editable in the app
344977,docs/grobner_tactic_orchestration.md,General / shared,4152,Pinned collected revision; final designation governed by team receipt | 2fd9fd643bf3e9e98d121dc2e7af1cf1be411ae2,https://codeload.github.com/grandchallenge/MATHSOLVE/zip/2fd9fd643bf3e9e98d121dc2e7af1cf1be411ae2,,contestants/E10/13-archives/E10-grandchallenge-MATHSOLVE-2fd9fd643bf3e9e98d121dc2e7af1cf1be411ae2.zip,MATHSOLVE-2fd9fd643bf3e9e98d121dc2e7af1cf1be411ae2/docs/grobner_tactic_orchestration.md,,a371128d,Filename/path inference; editable in the app
348038,docs/grobner_tactic_orchestration.md,General / shared,4152,Latest public revision collected separately; not an author-designated final | adcfa0537f43327f4bb9acfe1692f757fce353c4,https://codeload.github.com/grandchallenge/MATHSOLVE/zip/adcfa0537f43327f4bb9acfe1692f757fce353c4,,contestants/E10/13-archives/E10-grandchallenge-MATHSOLVE-adcfa0537f43327f4bb9acfe1692f757fce353c4.zip,MATHSOLVE-adcfa0537f43327f4bb9acfe1692f757fce353c4/docs/grobner_tactic_orchestration.md,,a371128d,Filename/path inference; editable in the app
344978,docs/tcm_semiring_contraction_route.md,General / shared,1963,Pinned collected revision; final designation governed by team receipt | 2fd9fd643bf3e9e98d121dc2e7af1cf1be411ae2,https://codeload.github.com/grandchallenge/MATHSOLVE/zip/2fd9fd643bf3e9e98d121dc2e7af1cf1be411ae2,,contestants/E10/13-archives/E10-grandchallenge-MATHSOLVE-2fd9fd643bf3e9e98d121dc2e7af1cf1be411ae2.zip,MATHSOLVE-2fd9fd643bf3e9e98d121dc2e7af1cf1be411ae2/docs/tcm_semiring_contraction_route.md,,30392d47,Filename/path inference; editable in the app
348039,docs/tcm_semiring_contraction_route.md,General / shared,1963,Latest public revision collected separately; not an author-designated final | adcfa0537f43327f4bb9acfe1692f757fce353c4,https://codeload.github.com/grandchallenge/MATHSOLVE/zip/adcfa0537f43327f4bb9acfe1692f757fce353c4,,contestants/E10/13-archives/E10-grandchallenge-MATHSOLVE-adcfa0537f43327f4bb9acfe1692f757fce353c4.zip,MATHSOLVE-adcfa0537f43327f4bb9acfe1692f757fce353c4/docs/tcm_semiring_contraction_route.md,,30392d47,Filename/path inference; editable in the app
344979,docs/tropic_groebner_orchestration.md,General / shared,4244,Pinned collected revision; final designation governed by team receipt | 2fd9fd643bf3e9e98d121dc2e7af1cf1be411ae2,https://codeload.github.com/grandchallenge/MATHSOLVE/zip/2fd9fd643bf3e9e98d121dc2e7af1cf1be411ae2,,contestants/E10/13-archives/E10-grandchallenge-MATHSOLVE-2fd9fd643bf3e9e98d121dc2e7af1cf1be411ae2.zip,MATHSOLVE-2fd9fd643bf3e9e98d121dc2e7af1cf1be411ae2/docs/tropic_groebner_orchestration.md,,fae1271d,Filename/path inference; editable in the app
348040,docs/tropic_groebner_orchestration.md,General / shared,4244,Latest public revision collected separately; not an author-designated final | adcfa0537f43327f4bb9acfe1692f757fce353c4,https://codeload.github.com/grandchallenge/MATHSOLVE/zip/adcfa0537f43327f4bb9acfe1692f757fce353c4,,contestants/E10/13-archives/E10-grandchallenge-MATHSOLVE-adcfa0537f43327f4bb9acfe1692f757fce353c4.zip,MATHSOLVE-adcfa0537f43327f4bb9acfe1692f757fce353c4/docs/tropic_groebner_orchestration.md,,fae1271d,Filename/path inference; editable in the app
344984,domains/union_closed/README.md,General / shared,818,Pinned collected revision; final designation governed by team receipt | 2fd9fd643bf3e9e98d121dc2e7af1cf1be411ae2,https://codeload.github.com/grandchallenge/MATHSOLVE/zip/2fd9fd643bf3e9e98d121dc2e7af1cf1be411ae2,,contestants/E10/13-archives/E10-grandchallenge-MATHSOLVE-2fd9fd643bf3e9e98d121dc2e7af1cf1be411ae2.zip,MATHSOLVE-2fd9fd643bf3e9e98d121dc2e7af1cf1be411ae2/domains/union_closed/README.md,,7d3ac0ba,Filename/path inference; editable in the app
348045,domains/union_closed/README.md,General / shared,818,Latest public revision collected separately; not an author-designated final | adcfa0537f43327f4bb9acfe1692f757fce353c4,https://codeload.github.com/grandchallenge/MATHSOLVE/zip/adcfa0537f43327f4bb9acfe1692f757fce353c4,,contestants/E10/13-archives/E10-grandchallenge-MATHSOLVE-adcfa0537f43327f4bb9acfe1692f757fce353c4.zip,MATHSOLVE-adcfa0537f43327f4bb9acfe1692f757fce353c4/domains/union_closed/README.md,,7d3ac0ba,Filename/path inference; editable in the app
344985,domains/union_closed/WP01_status_spine/README.md,General / shared,7086,Pinned collected revision; final designation governed by team receipt | 2fd9fd643bf3e9e98d121dc2e7af1cf1be411ae2,https://codeload.github.com/grandchallenge/MATHSOLVE/zip/2fd9fd643bf3e9e98d121dc2e7af1cf1be411ae2,,contestants/E10/13-archives/E10-grandchallenge-MATHSOLVE-2fd9fd643bf3e9e98d121dc2e7af1cf1be411ae2.zip,MATHSOLVE-2fd9fd643bf3e9e98d121dc2e7af1cf1be411ae2/domains/union_closed/WP01_status_spine/README.md,,4f32da80,Filename/path inference; editable in the app
348046,domains/union_closed/WP01_status_spine/README.md,General / shared,7086,Latest public revision collected separately; not an author-designated final | adcfa0537f43327f4bb9acfe1692f757fce353c4,https://codeload.github.com/grandchallenge/MATHSOLVE/zip/adcfa0537f43327f4bb9acfe1692f757fce353c4,,contestants/E10/13-archives/E10-grandchallenge-MATHSOLVE-adcfa0537f43327f4bb9acfe1692f757fce353c4.zip,MATHSOLVE-adcfa0537f43327f4bb9acfe1692f757fce353c4/domains/union_closed/WP01_status_spine/README.md,,4f32da80,Filename/path inference; editable in the app
344986,domains/union_closed/WP02_lean_handoff/00_README.md,General / shared,1161,Pinned collected revision; final designation governed by team receipt | 2fd9fd643bf3e9e98d121dc2e7af1cf1be411ae2,https://codeload.github.com/grandchallenge/MATHSOLVE/zip/2fd9fd643bf3e9e98d121dc2e7af1cf1be411ae2,,contestants/E10/13-archives/E10-grandchallenge-MATHSOLVE-2fd9fd643bf3e9e98d121dc2e7af1cf1be411ae2.zip,MATHSOLVE-2fd9fd643bf3e9e98d121dc2e7af1cf1be411ae2/domains/union_closed/WP02_lean_handoff/00_README.md,,9025a550,Filename/path inference; editable in the app
348047,domains/union_closed/WP02_lean_handoff/00_README.md,General / shared,1161,Latest public revision collected separately; not an author-designated final | adcfa0537f43327f4bb9acfe1692f757fce353c4,https://codeload.github.com/grandchallenge/MATHSOLVE/zip/adcfa0537f43327f4bb9acfe1692f757fce353c4,,contestants/E10/13-archives/E10-grandchallenge-MATHSOLVE-adcfa0537f43327f4bb9acfe1692f757fce353c4.zip,MATHSOLVE-adcfa0537f43327f4bb9acfe1692f757fce353c4/domains/union_closed/WP02_lean_handoff/00_README.md,,9025a550,Filename/path inference; editable in the app
344987,domains/union_closed/WP02_lean_handoff/01_LAY_COMPANION.md,General / shared,1084,Pinned collected revision; final designation governed by team receipt | 2fd9fd643bf3e9e98d121dc2e7af1cf1be411ae2,https://codeload.github.com/grandchallenge/MATHSOLVE/zip/2fd9fd643bf3e9e98d121dc2e7af1cf1be411ae2,,contestants/E10/13-archives/E10-grandchallenge-MATHSOLVE-2fd9fd643bf3e9e98d121dc2e7af1cf1be411ae2.zip,MATHSOLVE-2fd9fd643bf3e9e98d121dc2e7af1cf1be411ae2/domains/union_closed/WP02_lean_handoff/01_LAY_COMPANION.md,,56d9862e,Filename/path inference; editable in the app
348048,domains/union_closed/WP02_lean_handoff/01_LAY_COMPANION.md,General / shared,1084,Latest public revision collected separately; not an author-designated final | adcfa0537f43327f4bb9acfe1692f757fce353c4,https://codeload.github.com/grandchallenge/MATHSOLVE/zip/adcfa0537f43327f4bb9acfe1692f757fce353c4,,contestants/E10/13-archives/E10-grandchallenge-MATHSOLVE-adcfa0537f43327f4bb9acfe1692f757fce353c4.zip,MATHSOLVE-adcfa0537f43327f4bb9acfe1692f757fce353c4/domains/union_closed/WP02_lean_handoff/01_LAY_COMPANION.md,,56d9862e,Filename/path inference; editable in the app
344988,domains/union_closed/WP02_lean_handoff/02_PROBLEM_SPINE.md,General / shared,880,Pinned collected revision; final designation governed by team receipt | 2fd9fd643bf3e9e98d121dc2e7af1cf1be411ae2,https://codeload.github.com/grandchallenge/MATHSOLVE/zip/2fd9fd643bf3e9e98d121dc2e7af1cf1be411ae2,,contestants/E10/13-archives/E10-grandchallenge-MATHSOLVE-2fd9fd643bf3e9e98d121dc2e7af1cf1be411ae2.zip,MATHSOLVE-2fd9fd643bf3e9e98d121dc2e7af1cf1be411ae2/domains/union_closed/WP02_lean_handoff/02_PROBLEM_SPINE.md,,1e7859e5,Filename/path inference; editable in the app
348049,domains/union_closed/WP02_lean_handoff/02_PROBLEM_SPINE.md,General / shared,880,Latest public revision collected separately; not an author-designated final | adcfa0537f43327f4bb9acfe1692f757fce353c4,https://codeload.github.com/grandchallenge/MATHSOLVE/zip/adcfa0537f43327f4bb9acfe1692f757fce353c4,,contestants/E10/13-archives/E10-grandchallenge-MATHSOLVE-adcfa0537f43327f4bb9acfe1692f757fce353c4.zip,MATHSOLVE-adcfa0537f43327f4bb9acfe1692f757fce353c4/domains/union_closed/WP02_lean_handoff/02_PROBLEM_SPINE.md,,1e7859e5,Filename/path inference; editable in the app
344990,domains/union_closed/WP02_lean_handoff/04_THEOREM_SPINE.md,General / shared,873,Pinned collected revision; final designation governed by team receipt | 2fd9fd643bf3e9e98d121dc2e7af1cf1be411ae2,https://codeload.github.com/grandchallenge/MATHSOLVE/zip/2fd9fd643bf3e9e98d121dc2e7af1cf1be411ae2,,contestants/E10/13-archives/E10-grandchallenge-MATHSOLVE-2fd9fd643bf3e9e98d121dc2e7af1cf1be411ae2.zip,MATHSOLVE-2fd9fd643bf3e9e98d121dc2e7af1cf1be411ae2/domains/union_closed/WP02_lean_handoff/04_THEOREM_SPINE.md,,ef59137a,Filename/path inference; editable in the app
348051,domains/union_closed/WP02_lean_handoff/04_THEOREM_SPINE.md,General / shared,873,Latest public revision collected separately; not an author-designated final | adcfa0537f43327f4bb9acfe1692f757fce353c4,https://codeload.github.com/grandchallenge/MATHSOLVE/zip/adcfa0537f43327f4bb9acfe1692f757fce353c4,,contestants/E10/13-archives/E10-grandchallenge-MATHSOLVE-adcfa0537f43327f4bb9acfe1692f757fce353c4.zip,MATHSOLVE-adcfa0537f43327f4bb9acfe1692f757fce353c4/domains/union_closed/WP02_lean_handoff/04_THEOREM_SPINE.md,,ef59137a,Filename/path inference; editable in the app
344991,domains/union_closed/WP02_lean_handoff/05_PROOFS_AND_COMPUTATIONS.md,General / shared,775,Pinned collected revision; final designation governed by team receipt | 2fd9fd643bf3e9e98d121dc2e7af1cf1be411ae2,https://codeload.github.com/grandchallenge/MATHSOLVE/zip/2fd9fd643bf3e9e98d121dc2e7af1cf1be411ae2,,contestants/E10/13-archives/E10-grandchallenge-MATHSOLVE-2fd9fd643bf3e9e98d121dc2e7af1cf1be411ae2.zip,MATHSOLVE-2fd9fd643bf3e9e98d121dc2e7af1cf1be411ae2/domains/union_closed/WP02_lean_handoff/05_PROOFS_AND_COMPUTATIONS.md,,02a8a217,Filename/path inference; editable in the app
348052,domains/union_closed/WP02_lean_handoff/05_PROOFS_AND_COMPUTATIONS.md,General / shared,775,Latest public revision collected separately; not an author-designated final | adcfa0537f43327f4bb9acfe1692f757fce353c4,https://codeload.github.com/grandchallenge/MATHSOLVE/zip/adcfa0537f43327f4bb9acfe1692f757fce353c4,,contestants/E10/13-archives/E10-grandchallenge-MATHSOLVE-adcfa0537f43327f4bb9acfe1692f757fce353c4.zip,MATHSOLVE-adcfa0537f43327f4bb9acfe1692f757fce353c4/domains/union_closed/WP02_lean_handoff/05_PROOFS_AND_COMPUTATIONS.md,,02a8a217,Filename/path inference; editable in the app
344992,domains/union_closed/WP02_lean_handoff/06_FAILURE_ANALYSIS.md,General / shared,693,Pinned collected revision; final designation governed by team receipt | 2fd9fd643bf3e9e98d121dc2e7af1cf1be411ae2,https://codeload.github.com/grandchallenge/MATHSOLVE/zip/2fd9fd643bf3e9e98d121dc2e7af1cf1be411ae2,,contestants/E10/13-archives/E10-grandchallenge-MATHSOLVE-2fd9fd643bf3e9e98d121dc2e7af1cf1be411ae2.zip,MATHSOLVE-2fd9fd643bf3e9e98d121dc2e7af1cf1be411ae2/domains/union_closed/WP02_lean_handoff/06_FAILURE_ANALYSIS.md,,d83a82e1,Filename/path inference; editable in the app
348053,domains/union_closed/WP02_lean_handoff/06_FAILURE_ANALYSIS.md,General / shared,693,Latest public revision collected separately; not an author-designated final | adcfa0537f43327f4bb9acfe1692f757fce353c4,https://codeload.github.com/grandchallenge/MATHSOLVE/zip/adcfa0537f43327f4bb9acfe1692f757fce353c4,,contestants/E10/13-archives/E10-grandchallenge-MATHSOLVE-adcfa0537f43327f4bb9acfe1692f757fce353c4.zip,MATHSOLVE-adcfa0537f43327f4bb9acfe1692f757fce353c4/domains/union_closed/WP02_lean_handoff/06_FAILURE_ANALYSIS.md,,d83a82e1,Filename/path inference; editable in the app
344994,domains/union_closed/WP02_lean_handoff/08_CERT_HANDOFF.md,General / shared,952,Pinned collected revision; final designation governed by team receipt | 2fd9fd643bf3e9e98d121dc2e7af1cf1be411ae2,https://codeload.github.com/grandchallenge/MATHSOLVE/zip/2fd9fd643bf3e9e98d121dc2e7af1cf1be411ae2,,contestants/E10/13-archives/E10-grandchallenge-MATHSOLVE-2fd9fd643bf3e9e98d121dc2e7af1cf1be411ae2.zip,MATHSOLVE-2fd9fd643bf3e9e98d121dc2e7af1cf1be411ae2/domains/union_closed/WP02_lean_handoff/08_CERT_HANDOFF.md,,38f3d57b,Filename/path inference; editable in the app
348055,domains/union_closed/WP02_lean_handoff/08_CERT_HANDOFF.md,General / shared,952,Latest public revision collected separately; not an author-designated final | adcfa0537f43327f4bb9acfe1692f757fce353c4,https://codeload.github.com/grandchallenge/MATHSOLVE/zip/adcfa0537f43327f4bb9acfe1692f757fce353c4,,contestants/E10/13-archives/E10-grandchallenge-MATHSOLVE-adcfa0537f43327f4bb9acfe1692f757fce353c4.zip,MATHSOLVE-adcfa0537f43327f4bb9acfe1692f757fce353c4/domains/union_closed/WP02_lean_handoff/08_CERT_HANDOFF.md,,38f3d57b,Filename/path inference; editable in the app
344995,domains/union_closed/WP02_lean_handoff/09_NEXT_TARGET.md,General / shared,4756,Pinned collected revision; final designation governed by team receipt | 2fd9fd643bf3e9e98d121dc2e7af1cf1be411ae2,https://codeload.github.com/grandchallenge/MATHSOLVE/zip/2fd9fd643bf3e9e98d121dc2e7af1cf1be411ae2,,contestants/E10/13-archives/E10-grandchallenge-MATHSOLVE-2fd9fd643bf3e9e98d121dc2e7af1cf1be411ae2.zip,MATHSOLVE-2fd9fd643bf3e9e98d121dc2e7af1cf1be411ae2/domains/union_closed/WP02_lean_handoff/09_NEXT_TARGET.md,,81300986,Filename/path inference; editable in the app
348056,domains/union_closed/WP02_lean_handoff/09_NEXT_TARGET.md,General / shared,4756,Latest public revision collected separately; not an author-designated final | adcfa0537f43327f4bb9acfe1692f757fce353c4,https://codeload.github.com/grandchallenge/MATHSOLVE/zip/adcfa0537f43327f4bb9acfe1692f757fce353c4,,contestants/E10/13-archives/E10-grandchallenge-MATHSOLVE-adcfa0537f43327f4bb9acfe1692f757fce353c4.zip,MATHSOLVE-adcfa0537f43327f4bb9acfe1692f757fce353c4/domains/union_closed/WP02_lean_handoff/09_NEXT_TARGET.md,,81300986,Filename/path inference; editable in the app
344996,domains/union_closed/WP02_lean_handoff/README.md,General / shared,5128,Pinned collected revision; final designation governed by team receipt | 2fd9fd643bf3e9e98d121dc2e7af1cf1be411ae2,https://codeload.github.com/grandchallenge/MATHSOLVE/zip/2fd9fd643bf3e9e98d121dc2e7af1cf1be411ae2,,contestants/E10/13-archives/E10-grandchallenge-MATHSOLVE-2fd9fd643bf3e9e98d121dc2e7af1cf1be411ae2.zip,MATHSOLVE-2fd9fd643bf3e9e98d121dc2e7af1cf1be411ae2/domains/union_closed/WP02_lean_handoff/README.md,,3c3fda76,Filename/path inference; editable in the app
348057,domains/union_closed/WP02_lean_handoff/README.md,General / shared,5128,Latest public revision collected separately; not an author-designated final | adcfa0537f43327f4bb9acfe1692f757fce353c4,https://codeload.github.com/grandchallenge/MATHSOLVE/zip/adcfa0537f43327f4bb9acfe1692f757fce353c4,,contestants/E10/13-archives/E10-grandchallenge-MATHSOLVE-adcfa0537f43327f4bb9acfe1692f757fce353c4.zip,MATHSOLVE-adcfa0537f43327f4bb9acfe1692f757fce353c4/domains/union_closed/WP02_lean_handoff/README.md,,3c3fda76,Filename/path inference; editable in the app
344997,domains/union_closed/WP02_lean_handoff/artifacts/README.md,General / shared,179,Pinned collected revision; final designation governed by team receipt | 2fd9fd643bf3e9e98d121dc2e7af1cf1be411ae2,https://codeload.github.com/grandchallenge/MATHSOLVE/zip/2fd9fd643bf3e9e98d121dc2e7af1cf1be411ae2,,contestants/E10/13-archives/E10-grandchallenge-MATHSOLVE-2fd9fd643bf3e9e98d121dc2e7af1cf1be411ae2.zip,MATHSOLVE-2fd9fd643bf3e9e98d121dc2e7af1cf1be411ae2/domains/union_closed/WP02_lean_handoff/artifacts/README.md,,e8996df9,Filename/path inference; editable in the app
348058,domains/union_closed/WP02_lean_handoff/artifacts/README.md,General / shared,179,Latest public revision collected separately; not an author-designated final | adcfa0537f43327f4bb9acfe1692f757fce353c4,https://codeload.github.com/grandchallenge/MATHSOLVE/zip/adcfa0537f43327f4bb9acfe1692f757fce353c4,,contestants/E10/13-archives/E10-grandchallenge-MATHSOLVE-adcfa0537f43327f4bb9acfe1692f757fce353c4.zip,MATHSOLVE-adcfa0537f43327f4bb9acfe1692f757fce353c4/domains/union_closed/WP02_lean_handoff/artifacts/README.md,,e8996df9,Filename/path inference; editable in the app
344998,domains/union_closed/WP03_known_bounds_synthesis/README.md,General / shared,5788,Pinned collected revision; final designation governed by team receipt | 2fd9fd643bf3e9e98d121dc2e7af1cf1be411ae2,https://codeload.github.com/grandchallenge/MATHSOLVE/zip/2fd9fd643bf3e9e98d121dc2e7af1cf1be411ae2,,contestants/E10/13-archives/E10-grandchallenge-MATHSOLVE-2fd9fd643bf3e9e98d121dc2e7af1cf1be411ae2.zip,MATHSOLVE-2fd9fd643bf3e9e98d121dc2e7af1cf1be411ae2/domains/union_closed/WP03_known_bounds_synthesis/README.md,,00d373d2,Filename/path inference; editable in the app
348059,domains/union_closed/WP03_known_bounds_synthesis/README.md,General / shared,5788,Latest public revision collected separately; not an author-designated final | adcfa0537f43327f4bb9acfe1692f757fce353c4,https://codeload.github.com/grandchallenge/MATHSOLVE/zip/adcfa0537f43327f4bb9acfe1692f757fce353c4,,contestants/E10/13-archives/E10-grandchallenge-MATHSOLVE-adcfa0537f43327f4bb9acfe1692f757fce353c4.zip,MATHSOLVE-adcfa0537f43327f4bb9acfe1692f757fce353c4/domains/union_closed/WP03_known_bounds_synthesis/README.md,,00d373d2,Filename/path inference; editable in the app
345000,domains/union_closed/WP04_small_cases_and_certificates/README.md,General / shared,1249,Pinned collected revision; final designation governed by team receipt | 2fd9fd643bf3e9e98d121dc2e7af1cf1be411ae2,https://codeload.github.com/grandchallenge/MATHSOLVE/zip/2fd9fd643bf3e9e98d121dc2e7af1cf1be411ae2,,contestants/E10/13-archives/E10-grandchallenge-MATHSOLVE-2fd9fd643bf3e9e98d121dc2e7af1cf1be411ae2.zip,MATHSOLVE-2fd9fd643bf3e9e98d121dc2e7af1cf1be411ae2/domains/union_closed/WP04_small_cases_and_certificates/README.md,,8beefa61,Filename/path inference; editable in the app
348061,domains/union_closed/WP04_small_cases_and_certificates/README.md,General / shared,1249,Latest public revision collected separately; not an author-designated final | adcfa0537f43327f4bb9acfe1692f757fce353c4,https://codeload.github.com/grandchallenge/MATHSOLVE/zip/adcfa0537f43327f4bb9acfe1692f757fce353c4,,contestants/E10/13-archives/E10-grandchallenge-MATHSOLVE-adcfa0537f43327f4bb9acfe1692f757fce353c4.zip,MATHSOLVE-adcfa0537f43327f4bb9acfe1692f757fce353c4/domains/union_closed/WP04_small_cases_and_certificates/README.md,,8beefa61,Filename/path inference; editable in the app
345001,domains/union_closed/WP05_lattice_minimal_counterexample/README.md,General / shared,19876,Pinned collected revision; final designation governed by team receipt | 2fd9fd643bf3e9e98d121dc2e7af1cf1be411ae2,https://codeload.github.com/grandchallenge/MATHSOLVE/zip/2fd9fd643bf3e9e98d121dc2e7af1cf1be411ae2,,contestants/E10/13-archives/E10-grandchallenge-MATHSOLVE-2fd9fd643bf3e9e98d121dc2e7af1cf1be411ae2.zip,MATHSOLVE-2fd9fd643bf3e9e98d121dc2e7af1cf1be411ae2/domains/union_closed/WP05_lattice_minimal_counterexample/README.md,,e76421ad,Filename/path inference; editable in the app
348062,domains/union_closed/WP05_lattice_minimal_counterexample/README.md,General / shared,19876,Latest public revision collected separately; not an author-designated final | adcfa0537f43327f4bb9acfe1692f757fce353c4,https://codeload.github.com/grandchallenge/MATHSOLVE/zip/adcfa0537f43327f4bb9acfe1692f757fce353c4,,contestants/E10/13-archives/E10-grandchallenge-MATHSOLVE-adcfa0537f43327f4bb9acfe1692f757fce353c4.zip,MATHSOLVE-adcfa0537f43327f4bb9acfe1692f757fce353c4/domains/union_closed/WP05_lattice_minimal_counterexample/README.md,,e76421ad,Filename/path inference; editable in the app
345002,domains/union_closed/WP05_lattice_minimal_counterexample/RIVAL_LENGTH_INEQUALITY_ASSESSMENT.md,General / shared,4526,Pinned collected revision; final designation governed by team receipt | 2fd9fd643bf3e9e98d121dc2e7af1cf1be411ae2,https://codeload.github.com/grandchallenge/MATHSOLVE/zip/2fd9fd643bf3e9e98d121dc2e7af1cf1be411ae2,,contestants/E10/13-archives/E10-grandchallenge-MATHSOLVE-2fd9fd643bf3e9e98d121dc2e7af1cf1be411ae2.zip,MATHSOLVE-2fd9fd643bf3e9e98d121dc2e7af1cf1be411ae2/domains/union_closed/WP05_lattice_minimal_counterexample/RIVAL_LENGTH_INEQUALITY_ASSESSMENT.md,,e92c40ab,Filename/path inference; editable in the app
348063,domains/union_closed/WP05_lattice_minimal_counterexample/RIVAL_LENGTH_INEQUALITY_ASSESSMENT.md,General / shared,4526,Latest public revision collected separately; not an author-designated final | adcfa0537f43327f4bb9acfe1692f757fce353c4,https://codeload.github.com/grandchallenge/MATHSOLVE/zip/adcfa0537f43327f4bb9acfe1692f757fce353c4,,contestants/E10/13-archives/E10-grandchallenge-MATHSOLVE-adcfa0537f43327f4bb9acfe1692f757fce353c4.zip,MATHSOLVE-adcfa0537f43327f4bb9acfe1692f757fce353c4/domains/union_closed/WP05_lattice_minimal_counterexample/RIVAL_LENGTH_INEQUALITY_ASSESSMENT.md,,e92c40ab,Filename/path inference; editable in the app
345003,domains/union_closed/WP05_lattice_minimal_counterexample/THEOREM_2_15_ASSESSMENT.md,General / shared,5590,Pinned collected revision; final designation governed by team receipt | 2fd9fd643bf3e9e98d121dc2e7af1cf1be411ae2,https://codeload.github.com/grandchallenge/MATHSOLVE/zip/2fd9fd643bf3e9e98d121dc2e7af1cf1be411ae2,,contestants/E10/13-archives/E10-grandchallenge-MATHSOLVE-2fd9fd643bf3e9e98d121dc2e7af1cf1be411ae2.zip,MATHSOLVE-2fd9fd643bf3e9e98d121dc2e7af1cf1be411ae2/domains/union_closed/WP05_lattice_minimal_counterexample/THEOREM_2_15_ASSESSMENT.md,,78b10f18,Filename/path inference; editable in the app
348064,domains/union_closed/WP05_lattice_minimal_counterexample/THEOREM_2_15_ASSESSMENT.md,General / shared,5590,Latest public revision collected separately; not an author-designated final | adcfa0537f43327f4bb9acfe1692f757fce353c4,https://codeload.github.com/grandchallenge/MATHSOLVE/zip/adcfa0537f43327f4bb9acfe1692f757fce353c4,,contestants/E10/13-archives/E10-grandchallenge-MATHSOLVE-adcfa0537f43327f4bb9acfe1692f757fce353c4.zip,MATHSOLVE-adcfa0537f43327f4bb9acfe1692f757fce353c4/domains/union_closed/WP05_lattice_minimal_counterexample/THEOREM_2_15_ASSESSMENT.md,,78b10f18,Filename/path inference; editable in the app
345004,domains/union_closed/WP05_lattice_minimal_counterexample/THEOREM_2_7_2_8_ASSESSMENT.md,General / shared,4604,Pinned collected revision; final designation governed by team receipt | 2fd9fd643bf3e9e98d121dc2e7af1cf1be411ae2,https://codeload.github.com/grandchallenge/MATHSOLVE/zip/2fd9fd643bf3e9e98d121dc2e7af1cf1be411ae2,,contestants/E10/13-archives/E10-grandchallenge-MATHSOLVE-2fd9fd643bf3e9e98d121dc2e7af1cf1be411ae2.zip,MATHSOLVE-2fd9fd643bf3e9e98d121dc2e7af1cf1be411ae2/domains/union_closed/WP05_lattice_minimal_counterexample/THEOREM_2_7_2_8_ASSESSMENT.md,,b237db62,Filename/path inference; editable in the app
348065,domains/union_closed/WP05_lattice_minimal_counterexample/THEOREM_2_7_2_8_ASSESSMENT.md,General / shared,4604,Latest public revision collected separately; not an author-designated final | adcfa0537f43327f4bb9acfe1692f757fce353c4,https://codeload.github.com/grandchallenge/MATHSOLVE/zip/adcfa0537f43327f4bb9acfe1692f757fce353c4,,contestants/E10/13-archives/E10-grandchallenge-MATHSOLVE-adcfa0537f43327f4bb9acfe1692f757fce353c4.zip,MATHSOLVE-adcfa0537f43327f4bb9acfe1692f757fce353c4/domains/union_closed/WP05_lattice_minimal_counterexample/THEOREM_2_7_2_8_ASSESSMENT.md,,b237db62,Filename/path inference; editable in the app
345006,domains/union_closed/WP06_ideal_family_bridge/00_README.md,General / shared,2181,Pinned collected revision; final designation governed by team receipt | 2fd9fd643bf3e9e98d121dc2e7af1cf1be411ae2,https://codeload.github.com/grandchallenge/MATHSOLVE/zip/2fd9fd643bf3e9e98d121dc2e7af1cf1be411ae2,,contestants/E10/13-archives/E10-grandchallenge-MATHSOLVE-2fd9fd643bf3e9e98d121dc2e7af1cf1be411ae2.zip,MATHSOLVE-2fd9fd643bf3e9e98d121dc2e7af1cf1be411ae2/domains/union_closed/WP06_ideal_family_bridge/00_README.md,,55ffaa68,Filename/path inference; editable in the app
348067,domains/union_closed/WP06_ideal_family_bridge/00_README.md,General / shared,2181,Latest public revision collected separately; not an author-designated final | adcfa0537f43327f4bb9acfe1692f757fce353c4,https://codeload.github.com/grandchallenge/MATHSOLVE/zip/adcfa0537f43327f4bb9acfe1692f757fce353c4,,contestants/E10/13-archives/E10-grandchallenge-MATHSOLVE-adcfa0537f43327f4bb9acfe1692f757fce353c4.zip,MATHSOLVE-adcfa0537f43327f4bb9acfe1692f757fce353c4/domains/union_closed/WP06_ideal_family_bridge/00_README.md,,55ffaa68,Filename/path inference; editable in the app
345007,domains/union_closed/WP06_ideal_family_bridge/01_RESULT_STATUS.md,General / shared,2251,Pinned collected revision; final designation governed by team receipt | 2fd9fd643bf3e9e98d121dc2e7af1cf1be411ae2,https://codeload.github.com/grandchallenge/MATHSOLVE/zip/2fd9fd643bf3e9e98d121dc2e7af1cf1be411ae2,,contestants/E10/13-archives/E10-grandchallenge-MATHSOLVE-2fd9fd643bf3e9e98d121dc2e7af1cf1be411ae2.zip,MATHSOLVE-2fd9fd643bf3e9e98d121dc2e7af1cf1be411ae2/domains/union_closed/WP06_ideal_family_bridge/01_RESULT_STATUS.md,,c2426d8d,Filename/path inference; editable in the app
348068,domains/union_closed/WP06_ideal_family_bridge/01_RESULT_STATUS.md,General / shared,2251,Latest public revision collected separately; not an author-designated final | adcfa0537f43327f4bb9acfe1692f757fce353c4,https://codeload.github.com/grandchallenge/MATHSOLVE/zip/adcfa0537f43327f4bb9acfe1692f757fce353c4,,contestants/E10/13-archives/E10-grandchallenge-MATHSOLVE-adcfa0537f43327f4bb9acfe1692f757fce353c4.zip,MATHSOLVE-adcfa0537f43327f4bb9acfe1692f757fce353c4/domains/union_closed/WP06_ideal_family_bridge/01_RESULT_STATUS.md,,c2426d8d,Filename/path inference; editable in the app
345008,domains/union_closed/WP06_ideal_family_bridge/02_LAY_COMPANION.md,General / shared,1900,Pinned collected revision; final designation governed by team receipt | 2fd9fd643bf3e9e98d121dc2e7af1cf1be411ae2,https://codeload.github.com/grandchallenge/MATHSOLVE/zip/2fd9fd643bf3e9e98d121dc2e7af1cf1be411ae2,,contestants/E10/13-archives/E10-grandchallenge-MATHSOLVE-2fd9fd643bf3e9e98d121dc2e7af1cf1be411ae2.zip,MATHSOLVE-2fd9fd643bf3e9e98d121dc2e7af1cf1be411ae2/domains/union_closed/WP06_ideal_family_bridge/02_LAY_COMPANION.md,,b8c86190,Filename/path inference; editable in the app
348069,domains/union_closed/WP06_ideal_family_bridge/02_LAY_COMPANION.md,General / shared,1900,Latest public revision collected separately; not an author-designated final | adcfa0537f43327f4bb9acfe1692f757fce353c4,https://codeload.github.com/grandchallenge/MATHSOLVE/zip/adcfa0537f43327f4bb9acfe1692f757fce353c4,,contestants/E10/13-archives/E10-grandchallenge-MATHSOLVE-adcfa0537f43327f4bb9acfe1692f757fce353c4.zip,MATHSOLVE-adcfa0537f43327f4bb9acfe1692f757fce353c4/domains/union_closed/WP06_ideal_family_bridge/02_LAY_COMPANION.md,,b8c86190,Filename/path inference; editable in the app
345009,domains/union_closed/WP06_ideal_family_bridge/03_OBJECT_AND_OBSTRUCTION.md,General / shared,1994,Pinned collected revision; final designation governed by team receipt | 2fd9fd643bf3e9e98d121dc2e7af1cf1be411ae2,https://codeload.github.com/grandchallenge/MATHSOLVE/zip/2fd9fd643bf3e9e98d121dc2e7af1cf1be411ae2,,contestants/E10/13-archives/E10-grandchallenge-MATHSOLVE-2fd9fd643bf3e9e98d121dc2e7af1cf1be411ae2.zip,MATHSOLVE-2fd9fd643bf3e9e98d121dc2e7af1cf1be411ae2/domains/union_closed/WP06_ideal_family_bridge/03_OBJECT_AND_OBSTRUCTION.md,,dc56cead,Filename/path inference; editable in the app
348070,domains/union_closed/WP06_ideal_family_bridge/03_OBJECT_AND_OBSTRUCTION.md,General / shared,1994,Latest public revision collected separately; not an author-designated final | adcfa0537f43327f4bb9acfe1692f757fce353c4,https://codeload.github.com/grandchallenge/MATHSOLVE/zip/adcfa0537f43327f4bb9acfe1692f757fce353c4,,contestants/E10/13-archives/E10-grandchallenge-MATHSOLVE-adcfa0537f43327f4bb9acfe1692f757fce353c4.zip,MATHSOLVE-adcfa0537f43327f4bb9acfe1692f757fce353c4/domains/union_closed/WP06_ideal_family_bridge/03_OBJECT_AND_OBSTRUCTION.md,,dc56cead,Filename/path inference; editable in the app
345011,domains/union_closed/WP06_ideal_family_bridge/05_THEOREM_SPINE.md,General / shared,4440,Pinned collected revision; final designation governed by team receipt | 2fd9fd643bf3e9e98d121dc2e7af1cf1be411ae2,https://codeload.github.com/grandchallenge/MATHSOLVE/zip/2fd9fd643bf3e9e98d121dc2e7af1cf1be411ae2,,contestants/E10/13-archives/E10-grandchallenge-MATHSOLVE-2fd9fd643bf3e9e98d121dc2e7af1cf1be411ae2.zip,MATHSOLVE-2fd9fd643bf3e9e98d121dc2e7af1cf1be411ae2/domains/union_closed/WP06_ideal_family_bridge/05_THEOREM_SPINE.md,,b456f61c,Filename/path inference; editable in the app
348072,domains/union_closed/WP06_ideal_family_bridge/05_THEOREM_SPINE.md,General / shared,4440,Latest public revision collected separately; not an author-designated final | adcfa0537f43327f4bb9acfe1692f757fce353c4,https://codeload.github.com/grandchallenge/MATHSOLVE/zip/adcfa0537f43327f4bb9acfe1692f757fce353c4,,contestants/E10/13-archives/E10-grandchallenge-MATHSOLVE-adcfa0537f43327f4bb9acfe1692f757fce353c4.zip,MATHSOLVE-adcfa0537f43327f4bb9acfe1692f757fce353c4/domains/union_closed/WP06_ideal_family_bridge/05_THEOREM_SPINE.md,,b456f61c,Filename/path inference; editable in the app
345012,domains/union_closed/WP06_ideal_family_bridge/06_DEPENDENCY_DAG.md,General / shared,1741,Pinned collected revision; final designation governed by team receipt | 2fd9fd643bf3e9e98d121dc2e7af1cf1be411ae2,https://codeload.github.com/grandchallenge/MATHSOLVE/zip/2fd9fd643bf3e9e98d121dc2e7af1cf1be411ae2,,contestants/E10/13-archives/E10-grandchallenge-MATHSOLVE-2fd9fd643bf3e9e98d121dc2e7af1cf1be411ae2.zip,MATHSOLVE-2fd9fd643bf3e9e98d121dc2e7af1cf1be411ae2/domains/union_closed/WP06_ideal_family_bridge/06_DEPENDENCY_DAG.md,,dc5cedea,Filename/path inference; editable in the app
348073,domains/union_closed/WP06_ideal_family_bridge/06_DEPENDENCY_DAG.md,General / shared,1741,Latest public revision collected separately; not an author-designated final | adcfa0537f43327f4bb9acfe1692f757fce353c4,https://codeload.github.com/grandchallenge/MATHSOLVE/zip/adcfa0537f43327f4bb9acfe1692f757fce353c4,,contestants/E10/13-archives/E10-grandchallenge-MATHSOLVE-adcfa0537f43327f4bb9acfe1692f757fce353c4.zip,MATHSOLVE-adcfa0537f43327f4bb9acfe1692f757fce353c4/domains/union_closed/WP06_ideal_family_bridge/06_DEPENDENCY_DAG.md,,dc5cedea,Filename/path inference; editable in the app
345013,domains/union_closed/WP06_ideal_family_bridge/07_PROOFS_AND_COMPUTATIONS.md,General / shared,1999,Pinned collected revision; final designation governed by team receipt | 2fd9fd643bf3e9e98d121dc2e7af1cf1be411ae2,https://codeload.github.com/grandchallenge/MATHSOLVE/zip/2fd9fd643bf3e9e98d121dc2e7af1cf1be411ae2,,contestants/E10/13-archives/E10-grandchallenge-MATHSOLVE-2fd9fd643bf3e9e98d121dc2e7af1cf1be411ae2.zip,MATHSOLVE-2fd9fd643bf3e9e98d121dc2e7af1cf1be411ae2/domains/union_closed/WP06_ideal_family_bridge/07_PROOFS_AND_COMPUTATIONS.md,,7cae9c34,Filename/path inference; editable in the app
348074,domains/union_closed/WP06_ideal_family_bridge/07_PROOFS_AND_COMPUTATIONS.md,General / shared,1999,Latest public revision collected separately; not an author-designated final | adcfa0537f43327f4bb9acfe1692f757fce353c4,https://codeload.github.com/grandchallenge/MATHSOLVE/zip/adcfa0537f43327f4bb9acfe1692f757fce353c4,,contestants/E10/13-archives/E10-grandchallenge-MATHSOLVE-adcfa0537f43327f4bb9acfe1692f757fce353c4.zip,MATHSOLVE-adcfa0537f43327f4bb9acfe1692f757fce353c4/domains/union_closed/WP06_ideal_family_bridge/07_PROOFS_AND_COMPUTATIONS.md,,7cae9c34,Filename/path inference; editable in the app
345014,domains/union_closed/WP06_ideal_family_bridge/08_FAILURE_AND_NEGATIVE_RESULTS.md,General / shared,1499,Pinned collected revision; final designation governed by team receipt | 2fd9fd643bf3e9e98d121dc2e7af1cf1be411ae2,https://codeload.github.com/grandchallenge/MATHSOLVE/zip/2fd9fd643bf3e9e98d121dc2e7af1cf1be411ae2,,contestants/E10/13-archives/E10-grandchallenge-MATHSOLVE-2fd9fd643bf3e9e98d121dc2e7af1cf1be411ae2.zip,MATHSOLVE-2fd9fd643bf3e9e98d121dc2e7af1cf1be411ae2/domains/union_closed/WP06_ideal_family_bridge/08_FAILURE_AND_NEGATIVE_RESULTS.md,,aa40e1d1,Filename/path inference; editable in the app
348075,domains/union_closed/WP06_ideal_family_bridge/08_FAILURE_AND_NEGATIVE_RESULTS.md,General / shared,1499,Latest public revision collected separately; not an author-designated final | adcfa0537f43327f4bb9acfe1692f757fce353c4,https://codeload.github.com/grandchallenge/MATHSOLVE/zip/adcfa0537f43327f4bb9acfe1692f757fce353c4,,contestants/E10/13-archives/E10-grandchallenge-MATHSOLVE-adcfa0537f43327f4bb9acfe1692f757fce353c4.zip,MATHSOLVE-adcfa0537f43327f4bb9acfe1692f757fce353c4/domains/union_closed/WP06_ideal_family_bridge/08_FAILURE_AND_NEGATIVE_RESULTS.md,,aa40e1d1,Filename/path inference; editable in the app
345016,domains/union_closed/WP06_ideal_family_bridge/10_PROOF_DEBT_REGISTER.md,General / shared,3929,Pinned collected revision; final designation governed by team receipt | 2fd9fd643bf3e9e98d121dc2e7af1cf1be411ae2,https://codeload.github.com/grandchallenge/MATHSOLVE/zip/2fd9fd643bf3e9e98d121dc2e7af1cf1be411ae2,,contestants/E10/13-archives/E10-grandchallenge-MATHSOLVE-2fd9fd643bf3e9e98d121dc2e7af1cf1be411ae2.zip,MATHSOLVE-2fd9fd643bf3e9e98d121dc2e7af1cf1be411ae2/domains/union_closed/WP06_ideal_family_bridge/10_PROOF_DEBT_REGISTER.md,,01be0107,Filename/path inference; editable in the app
348077,domains/union_closed/WP06_ideal_family_bridge/10_PROOF_DEBT_REGISTER.md,General / shared,3929,Latest public revision collected separately; not an author-designated final | adcfa0537f43327f4bb9acfe1692f757fce353c4,https://codeload.github.com/grandchallenge/MATHSOLVE/zip/adcfa0537f43327f4bb9acfe1692f757fce353c4,,contestants/E10/13-archives/E10-grandchallenge-MATHSOLVE-adcfa0537f43327f4bb9acfe1692f757fce353c4.zip,MATHSOLVE-adcfa0537f43327f4bb9acfe1692f757fce353c4/domains/union_closed/WP06_ideal_family_bridge/10_PROOF_DEBT_REGISTER.md,,01be0107,Filename/path inference; editable in the app
345017,domains/union_closed/WP06_ideal_family_bridge/11_CERT_HANDOFF.md,General / shared,2070,Pinned collected revision; final designation governed by team receipt | 2fd9fd643bf3e9e98d121dc2e7af1cf1be411ae2,https://codeload.github.com/grandchallenge/MATHSOLVE/zip/2fd9fd643bf3e9e98d121dc2e7af1cf1be411ae2,,contestants/E10/13-archives/E10-grandchallenge-MATHSOLVE-2fd9fd643bf3e9e98d121dc2e7af1cf1be411ae2.zip,MATHSOLVE-2fd9fd643bf3e9e98d121dc2e7af1cf1be411ae2/domains/union_closed/WP06_ideal_family_bridge/11_CERT_HANDOFF.md,,0bb41a9b,Filename/path inference; editable in the app
348078,domains/union_closed/WP06_ideal_family_bridge/11_CERT_HANDOFF.md,General / shared,2070,Latest public revision collected separately; not an author-designated final | adcfa0537f43327f4bb9acfe1692f757fce353c4,https://codeload.github.com/grandchallenge/MATHSOLVE/zip/adcfa0537f43327f4bb9acfe1692f757fce353c4,,contestants/E10/13-archives/E10-grandchallenge-MATHSOLVE-adcfa0537f43327f4bb9acfe1692f757fce353c4.zip,MATHSOLVE-adcfa0537f43327f4bb9acfe1692f757fce353c4/domains/union_closed/WP06_ideal_family_bridge/11_CERT_HANDOFF.md,,0bb41a9b,Filename/path inference; editable in the app
345018,domains/union_closed/WP06_ideal_family_bridge/12_NEXT_EXECUTABLE_STEP.md,General / shared,2523,Pinned collected revision; final designation governed by team receipt | 2fd9fd643bf3e9e98d121dc2e7af1cf1be411ae2,https://codeload.github.com/grandchallenge/MATHSOLVE/zip/2fd9fd643bf3e9e98d121dc2e7af1cf1be411ae2,,contestants/E10/13-archives/E10-grandchallenge-MATHSOLVE-2fd9fd643bf3e9e98d121dc2e7af1cf1be411ae2.zip,MATHSOLVE-2fd9fd643bf3e9e98d121dc2e7af1cf1be411ae2/domains/union_closed/WP06_ideal_family_bridge/12_NEXT_EXECUTABLE_STEP.md,,6b1a5129,Filename/path inference; editable in the app
348079,domains/union_closed/WP06_ideal_family_bridge/12_NEXT_EXECUTABLE_STEP.md,General / shared,2523,Latest public revision collected separately; not an author-designated final | adcfa0537f43327f4bb9acfe1692f757fce353c4,https://codeload.github.com/grandchallenge/MATHSOLVE/zip/adcfa0537f43327f4bb9acfe1692f757fce353c4,,contestants/E10/13-archives/E10-grandchallenge-MATHSOLVE-adcfa0537f43327f4bb9acfe1692f757fce353c4.zip,MATHSOLVE-adcfa0537f43327f4bb9acfe1692f757fce353c4/domains/union_closed/WP06_ideal_family_bridge/12_NEXT_EXECUTABLE_STEP.md,,6b1a5129,Filename/path inference; editable in the app
345019,domains/union_closed/WP06_ideal_family_bridge/COMPLEMENT_CLASS_NEXT_TARGET_ASSESSMENT.md,General / shared,4618,Pinned collected revision; final designation governed by team receipt | 2fd9fd643bf3e9e98d121dc2e7af1cf1be411ae2,https://codeload.github.com/grandchallenge/MATHSOLVE/zip/2fd9fd643bf3e9e98d121dc2e7af1cf1be411ae2,,contestants/E10/13-archives/E10-grandchallenge-MATHSOLVE-2fd9fd643bf3e9e98d121dc2e7af1cf1be411ae2.zip,MATHSOLVE-2fd9fd643bf3e9e98d121dc2e7af1cf1be411ae2/domains/union_closed/WP06_ideal_family_bridge/COMPLEMENT_CLASS_NEXT_TARGET_ASSESSMENT.md,,03f01b06,Filename/path inference; editable in the app
348080,domains/union_closed/WP06_ideal_family_bridge/COMPLEMENT_CLASS_NEXT_TARGET_ASSESSMENT.md,General / shared,4618,Latest public revision collected separately; not an author-designated final | adcfa0537f43327f4bb9acfe1692f757fce353c4,https://codeload.github.com/grandchallenge/MATHSOLVE/zip/adcfa0537f43327f4bb9acfe1692f757fce353c4,,contestants/E10/13-archives/E10-grandchallenge-MATHSOLVE-adcfa0537f43327f4bb9acfe1692f757fce353c4.zip,MATHSOLVE-adcfa0537f43327f4bb9acfe1692f757fce353c4/domains/union_closed/WP06_ideal_family_bridge/COMPLEMENT_CLASS_NEXT_TARGET_ASSESSMENT.md,,03f01b06,Filename/path inference; editable in the app
345021,domains/union_closed/WP06_ideal_family_bridge/artifacts/presentation/one_page_handout.md,General / shared,1312,Pinned collected revision; final designation governed by team receipt | 2fd9fd643bf3e9e98d121dc2e7af1cf1be411ae2,https://codeload.github.com/grandchallenge/MATHSOLVE/zip/2fd9fd643bf3e9e98d121dc2e7af1cf1be411ae2,,contestants/E10/13-archives/E10-grandchallenge-MATHSOLVE-2fd9fd643bf3e9e98d121dc2e7af1cf1be411ae2.zip,MATHSOLVE-2fd9fd643bf3e9e98d121dc2e7af1cf1be411ae2/domains/union_closed/WP06_ideal_family_bridge/artifacts/presentation/one_page_handout.md,,40a7ab24,Filename/path inference; editable in the app
348082,domains/union_closed/WP06_ideal_family_bridge/artifacts/presentation/one_page_handout.md,General / shared,1312,Latest public revision collected separately; not an author-designated final | adcfa0537f43327f4bb9acfe1692f757fce353c4,https://codeload.github.com/grandchallenge/MATHSOLVE/zip/adcfa0537f43327f4bb9acfe1692f757fce353c4,,contestants/E10/13-archives/E10-grandchallenge-MATHSOLVE-adcfa0537f43327f4bb9acfe1692f757fce353c4.zip,MATHSOLVE-adcfa0537f43327f4bb9acfe1692f757fce353c4/domains/union_closed/WP06_ideal_family_bridge/artifacts/presentation/one_page_handout.md,,40a7ab24,Filename/path inference; editable in the app
345022,domains/union_closed/WP06_ideal_family_bridge/artifacts/presentation/speaker_notes.md,General / shared,1624,Pinned collected revision; final designation governed by team receipt | 2fd9fd643bf3e9e98d121dc2e7af1cf1be411ae2,https://codeload.github.com/grandchallenge/MATHSOLVE/zip/2fd9fd643bf3e9e98d121dc2e7af1cf1be411ae2,,contestants/E10/13-archives/E10-grandchallenge-MATHSOLVE-2fd9fd643bf3e9e98d121dc2e7af1cf1be411ae2.zip,MATHSOLVE-2fd9fd643bf3e9e98d121dc2e7af1cf1be411ae2/domains/union_closed/WP06_ideal_family_bridge/artifacts/presentation/speaker_notes.md,,cce8f530,Filename/path inference; editable in the app
348083,domains/union_closed/WP06_ideal_family_bridge/artifacts/presentation/speaker_notes.md,General / shared,1624,Latest public revision collected separately; not an author-designated final | adcfa0537f43327f4bb9acfe1692f757fce353c4,https://codeload.github.com/grandchallenge/MATHSOLVE/zip/adcfa0537f43327f4bb9acfe1692f757fce353c4,,contestants/E10/13-archives/E10-grandchallenge-MATHSOLVE-adcfa0537f43327f4bb9acfe1692f757fce353c4.zip,MATHSOLVE-adcfa0537f43327f4bb9acfe1692f757fce353c4/domains/union_closed/WP06_ideal_family_bridge/artifacts/presentation/speaker_notes.md,,cce8f530,Filename/path inference; editable in the app
345024,domains/union_closed/WP07_functional_preorder_bridge/00_README.md,General / shared,1533,Pinned collected revision; final designation governed by team receipt | 2fd9fd643bf3e9e98d121dc2e7af1cf1be411ae2,https://codeload.github.com/grandchallenge/MATHSOLVE/zip/2fd9fd643bf3e9e98d121dc2e7af1cf1be411ae2,,contestants/E10/13-archives/E10-grandchallenge-MATHSOLVE-2fd9fd643bf3e9e98d121dc2e7af1cf1be411ae2.zip,MATHSOLVE-2fd9fd643bf3e9e98d121dc2e7af1cf1be411ae2/domains/union_closed/WP07_functional_preorder_bridge/00_README.md,,8d267185,Filename/path inference; editable in the app
348085,domains/union_closed/WP07_functional_preorder_bridge/00_README.md,General / shared,1533,Latest public revision collected separately; not an author-designated final | adcfa0537f43327f4bb9acfe1692f757fce353c4,https://codeload.github.com/grandchallenge/MATHSOLVE/zip/adcfa0537f43327f4bb9acfe1692f757fce353c4,,contestants/E10/13-archives/E10-grandchallenge-MATHSOLVE-adcfa0537f43327f4bb9acfe1692f757fce353c4.zip,MATHSOLVE-adcfa0537f43327f4bb9acfe1692f757fce353c4/domains/union_closed/WP07_functional_preorder_bridge/00_README.md,,8d267185,Filename/path inference; editable in the app
345025,domains/union_closed/WP07_functional_preorder_bridge/01_RESULT_STATUS.md,General / shared,2615,Pinned collected revision; final designation governed by team receipt | 2fd9fd643bf3e9e98d121dc2e7af1cf1be411ae2,https://codeload.github.com/grandchallenge/MATHSOLVE/zip/2fd9fd643bf3e9e98d121dc2e7af1cf1be411ae2,,contestants/E10/13-archives/E10-grandchallenge-MATHSOLVE-2fd9fd643bf3e9e98d121dc2e7af1cf1be411ae2.zip,MATHSOLVE-2fd9fd643bf3e9e98d121dc2e7af1cf1be411ae2/domains/union_closed/WP07_functional_preorder_bridge/01_RESULT_STATUS.md,,c16d6c55,Filename/path inference; editable in the app
348086,domains/union_closed/WP07_functional_preorder_bridge/01_RESULT_STATUS.md,General / shared,2615,Latest public revision collected separately; not an author-designated final | adcfa0537f43327f4bb9acfe1692f757fce353c4,https://codeload.github.com/grandchallenge/MATHSOLVE/zip/adcfa0537f43327f4bb9acfe1692f757fce353c4,,contestants/E10/13-archives/E10-grandchallenge-MATHSOLVE-adcfa0537f43327f4bb9acfe1692f757fce353c4.zip,MATHSOLVE-adcfa0537f43327f4bb9acfe1692f757fce353c4/domains/union_closed/WP07_functional_preorder_bridge/01_RESULT_STATUS.md,,c16d6c55,Filename/path inference; editable in the app
345026,domains/union_closed/WP07_functional_preorder_bridge/02_FUNCTIONAL_PREORDER_BRIDGE_ASSESSMENT.md,General / shared,3465,Pinned collected revision; final designation governed by team receipt | 2fd9fd643bf3e9e98d121dc2e7af1cf1be411ae2,https://codeload.github.com/grandchallenge/MATHSOLVE/zip/2fd9fd643bf3e9e98d121dc2e7af1cf1be411ae2,,contestants/E10/13-archives/E10-grandchallenge-MATHSOLVE-2fd9fd643bf3e9e98d121dc2e7af1cf1be411ae2.zip,MATHSOLVE-2fd9fd643bf3e9e98d121dc2e7af1cf1be411ae2/domains/union_closed/WP07_functional_preorder_bridge/02_FUNCTIONAL_PREORDER_BRIDGE_ASSESSMENT.md,,c8ead720,Filename/path inference; editable in the app
348087,domains/union_closed/WP07_functional_preorder_bridge/02_FUNCTIONAL_PREORDER_BRIDGE_ASSESSMENT.md,General / shared,3465,Latest public revision collected separately; not an author-designated final | adcfa0537f43327f4bb9acfe1692f757fce353c4,https://codeload.github.com/grandchallenge/MATHSOLVE/zip/adcfa0537f43327f4bb9acfe1692f757fce353c4,,contestants/E10/13-archives/E10-grandchallenge-MATHSOLVE-adcfa0537f43327f4bb9acfe1692f757fce353c4.zip,MATHSOLVE-adcfa0537f43327f4bb9acfe1692f757fce353c4/domains/union_closed/WP07_functional_preorder_bridge/02_FUNCTIONAL_PREORDER_BRIDGE_ASSESSMENT.md,,c8ead720,Filename/path inference; editable in the app
345027,domains/union_closed/WP07_functional_preorder_bridge/03_PROOF_DEBT_REGISTER.md,General / shared,2412,Pinned collected revision; final designation governed by team receipt | 2fd9fd643bf3e9e98d121dc2e7af1cf1be411ae2,https://codeload.github.com/grandchallenge/MATHSOLVE/zip/2fd9fd643bf3e9e98d121dc2e7af1cf1be411ae2,,contestants/E10/13-archives/E10-grandchallenge-MATHSOLVE-2fd9fd643bf3e9e98d121dc2e7af1cf1be411ae2.zip,MATHSOLVE-2fd9fd643bf3e9e98d121dc2e7af1cf1be411ae2/domains/union_closed/WP07_functional_preorder_bridge/03_PROOF_DEBT_REGISTER.md,,b8dc3601,Filename/path inference; editable in the app
348088,domains/union_closed/WP07_functional_preorder_bridge/03_PROOF_DEBT_REGISTER.md,General / shared,2412,Latest public revision collected separately; not an author-designated final | adcfa0537f43327f4bb9acfe1692f757fce353c4,https://codeload.github.com/grandchallenge/MATHSOLVE/zip/adcfa0537f43327f4bb9acfe1692f757fce353c4,,contestants/E10/13-archives/E10-grandchallenge-MATHSOLVE-adcfa0537f43327f4bb9acfe1692f757fce353c4.zip,MATHSOLVE-adcfa0537f43327f4bb9acfe1692f757fce353c4/domains/union_closed/WP07_functional_preorder_bridge/03_PROOF_DEBT_REGISTER.md,,b8dc3601,Filename/path inference; editable in the app
345029,domains/union_closed/WP07_functional_preorder_bridge/05_NEXT_EXECUTABLE_STEP.md,General / shared,1895,Pinned collected revision; final designation governed by team receipt | 2fd9fd643bf3e9e98d121dc2e7af1cf1be411ae2,https://codeload.github.com/grandchallenge/MATHSOLVE/zip/2fd9fd643bf3e9e98d121dc2e7af1cf1be411ae2,,contestants/E10/13-archives/E10-grandchallenge-MATHSOLVE-2fd9fd643bf3e9e98d121dc2e7af1cf1be411ae2.zip,MATHSOLVE-2fd9fd643bf3e9e98d121dc2e7af1cf1be411ae2/domains/union_closed/WP07_functional_preorder_bridge/05_NEXT_EXECUTABLE_STEP.md,,e16c7f20,Filename/path inference; editable in the app
348090,domains/union_closed/WP07_functional_preorder_bridge/05_NEXT_EXECUTABLE_STEP.md,General / shared,1895,Latest public revision collected separately; not an author-designated final | adcfa0537f43327f4bb9acfe1692f757fce353c4,https://codeload.github.com/grandchallenge/MATHSOLVE/zip/adcfa0537f43327f4bb9acfe1692f757fce353c4,,contestants/E10/13-archives/E10-grandchallenge-MATHSOLVE-adcfa0537f43327f4bb9acfe1692f757fce353c4.zip,MATHSOLVE-adcfa0537f43327f4bb9acfe1692f757fce353c4/domains/union_closed/WP07_functional_preorder_bridge/05_NEXT_EXECUTABLE_STEP.md,,e16c7f20,Filename/path inference; editable in the app
345030,domains/union_closed/WP08_closure_system_bridge/01_PROOF_DEBT_REGISTER.md,General / shared,2621,Pinned collected revision; final designation governed by team receipt | 2fd9fd643bf3e9e98d121dc2e7af1cf1be411ae2,https://codeload.github.com/grandchallenge/MATHSOLVE/zip/2fd9fd643bf3e9e98d121dc2e7af1cf1be411ae2,,contestants/E10/13-archives/E10-grandchallenge-MATHSOLVE-2fd9fd643bf3e9e98d121dc2e7af1cf1be411ae2.zip,MATHSOLVE-2fd9fd643bf3e9e98d121dc2e7af1cf1be411ae2/domains/union_closed/WP08_closure_system_bridge/01_PROOF_DEBT_REGISTER.md,,0926dbed,Filename/path inference; editable in the app
348091,domains/union_closed/WP08_closure_system_bridge/01_PROOF_DEBT_REGISTER.md,General / shared,3977,Latest public revision collected separately; not an author-designated final | adcfa0537f43327f4bb9acfe1692f757fce353c4,https://codeload.github.com/grandchallenge/MATHSOLVE/zip/adcfa0537f43327f4bb9acfe1692f757fce353c4,,contestants/E10/13-archives/E10-grandchallenge-MATHSOLVE-adcfa0537f43327f4bb9acfe1692f757fce353c4.zip,MATHSOLVE-adcfa0537f43327f4bb9acfe1692f757fce353c4/domains/union_closed/WP08_closure_system_bridge/01_PROOF_DEBT_REGISTER.md,,3e5aa8b0,Filename/path inference; editable in the app
345031,domains/union_closed/WP08_closure_system_bridge/02_POSET_IDEAL_EXTENSION.md,General / shared,2672,Pinned collected revision; final designation governed by team receipt | 2fd9fd643bf3e9e98d121dc2e7af1cf1be411ae2,https://codeload.github.com/grandchallenge/MATHSOLVE/zip/2fd9fd643bf3e9e98d121dc2e7af1cf1be411ae2,,contestants/E10/13-archives/E10-grandchallenge-MATHSOLVE-2fd9fd643bf3e9e98d121dc2e7af1cf1be411ae2.zip,MATHSOLVE-2fd9fd643bf3e9e98d121dc2e7af1cf1be411ae2/domains/union_closed/WP08_closure_system_bridge/02_POSET_IDEAL_EXTENSION.md,,ace9342a,Filename/path inference; editable in the app
348092,domains/union_closed/WP08_closure_system_bridge/02_POSET_IDEAL_EXTENSION.md,General / shared,2672,Latest public revision collected separately; not an author-designated final | adcfa0537f43327f4bb9acfe1692f757fce353c4,https://codeload.github.com/grandchallenge/MATHSOLVE/zip/adcfa0537f43327f4bb9acfe1692f757fce353c4,,contestants/E10/13-archives/E10-grandchallenge-MATHSOLVE-adcfa0537f43327f4bb9acfe1692f757fce353c4.zip,MATHSOLVE-adcfa0537f43327f4bb9acfe1692f757fce353c4/domains/union_closed/WP08_closure_system_bridge/02_POSET_IDEAL_EXTENSION.md,,ace9342a,Filename/path inference; editable in the app
345032,domains/union_closed/WP08_closure_system_bridge/03_CLOSURE_IMPLICATION_NORMAL_FORM.md,General / shared,2729,Pinned collected revision; final designation governed by team receipt | 2fd9fd643bf3e9e98d121dc2e7af1cf1be411ae2,https://codeload.github.com/grandchallenge/MATHSOLVE/zip/2fd9fd643bf3e9e98d121dc2e7af1cf1be411ae2,,contestants/E10/13-archives/E10-grandchallenge-MATHSOLVE-2fd9fd643bf3e9e98d121dc2e7af1cf1be411ae2.zip,MATHSOLVE-2fd9fd643bf3e9e98d121dc2e7af1cf1be411ae2/domains/union_closed/WP08_closure_system_bridge/03_CLOSURE_IMPLICATION_NORMAL_FORM.md,,159a7adc,Filename/path inference; editable in the app
348093,domains/union_closed/WP08_closure_system_bridge/03_CLOSURE_IMPLICATION_NORMAL_FORM.md,General / shared,2729,Latest public revision collected separately; not an author-designated final | adcfa0537f43327f4bb9acfe1692f757fce353c4,https://codeload.github.com/grandchallenge/MATHSOLVE/zip/adcfa0537f43327f4bb9acfe1692f757fce353c4,,contestants/E10/13-archives/E10-grandchallenge-MATHSOLVE-adcfa0537f43327f4bb9acfe1692f757fce353c4.zip,MATHSOLVE-adcfa0537f43327f4bb9acfe1692f757fce353c4/domains/union_closed/WP08_closure_system_bridge/03_CLOSURE_IMPLICATION_NORMAL_FORM.md,,159a7adc,Filename/path inference; editable in the app
348094,domains/union_closed/WP08_closure_system_bridge/04_INCIDENCE_PRESERVING_WP05_INTERFACE.md,General / shared,1735,Latest public revision collected separately; not an author-designated final | adcfa0537f43327f4bb9acfe1692f757fce353c4,https://codeload.github.com/grandchallenge/MATHSOLVE/zip/adcfa0537f43327f4bb9acfe1692f757fce353c4,,contestants/E10/13-archives/E10-grandchallenge-MATHSOLVE-adcfa0537f43327f4bb9acfe1692f757fce353c4.zip,MATHSOLVE-adcfa0537f43327f4bb9acfe1692f757fce353c4/domains/union_closed/WP08_closure_system_bridge/04_INCIDENCE_PRESERVING_WP05_INTERFACE.md,,406bc46a,Filename/path inference; editable in the app
345033,domains/union_closed/WP08_closure_system_bridge/README.md,General / shared,6302,Pinned collected revision; final designation governed by team receipt | 2fd9fd643bf3e9e98d121dc2e7af1cf1be411ae2,https://codeload.github.com/grandchallenge/MATHSOLVE/zip/2fd9fd643bf3e9e98d121dc2e7af1cf1be411ae2,,contestants/E10/13-archives/E10-grandchallenge-MATHSOLVE-2fd9fd643bf3e9e98d121dc2e7af1cf1be411ae2.zip,MATHSOLVE-2fd9fd643bf3e9e98d121dc2e7af1cf1be411ae2/domains/union_closed/WP08_closure_system_bridge/README.md,,501b9af0,Filename/path inference; editable in the app
348095,domains/union_closed/WP08_closure_system_bridge/README.md,General / shared,6302,Latest public revision collected separately; not an author-designated final | adcfa0537f43327f4bb9acfe1692f757fce353c4,https://codeload.github.com/grandchallenge/MATHSOLVE/zip/adcfa0537f43327f4bb9acfe1692f757fce353c4,,contestants/E10/13-archives/E10-grandchallenge-MATHSOLVE-adcfa0537f43327f4bb9acfe1692f757fce353c4.zip,MATHSOLVE-adcfa0537f43327f4bb9acfe1692f757fce353c4/domains/union_closed/WP08_closure_system_bridge/README.md,,501b9af0,Filename/path inference; editable in the app
345096,handoffs/BSD-001/R5_CW_P2_CH15_FRONTIER.md,General / shared,922,Pinned collected revision; final designation governed by team receipt | 2fd9fd643bf3e9e98d121dc2e7af1cf1be411ae2,https://codeload.github.com/grandchallenge/MATHSOLVE/zip/2fd9fd643bf3e9e98d121dc2e7af1cf1be411ae2,,contestants/E10/13-archives/E10-grandchallenge-MATHSOLVE-2fd9fd643bf3e9e98d121dc2e7af1cf1be411ae2.zip,MATHSOLVE-2fd9fd643bf3e9e98d121dc2e7af1cf1be411ae2/handoffs/BSD-001/R5_CW_P2_CH15_FRONTIER.md,,1b53d958,Filename/path inference; editable in the app
348158,handoffs/BSD-001/R5_CW_P2_CH15_FRONTIER.md,General / shared,922,Latest public revision collected separately; not an author-designated final | adcfa0537f43327f4bb9acfe1692f757fce353c4,https://codeload.github.com/grandchallenge/MATHSOLVE/zip/adcfa0537f43327f4bb9acfe1692f757fce353c4,,contestants/E10/13-archives/E10-grandchallenge-MATHSOLVE-adcfa0537f43327f4bb9acfe1692f757fce353c4.zip,MATHSOLVE-adcfa0537f43327f4bb9acfe1692f757fce353c4/handoffs/BSD-001/R5_CW_P2_CH15_FRONTIER.md,,1b53d958,Filename/path inference; editable in the app
345097,handoffs/BSD-001/R5_CW_P2_WEIGHT_FRONTIER.md,General / shared,977,Pinned collected revision; final designation governed by team receipt | 2fd9fd643bf3e9e98d121dc2e7af1cf1be411ae2,https://codeload.github.com/grandchallenge/MATHSOLVE/zip/2fd9fd643bf3e9e98d121dc2e7af1cf1be411ae2,,contestants/E10/13-archives/E10-grandchallenge-MATHSOLVE-2fd9fd643bf3e9e98d121dc2e7af1cf1be411ae2.zip,MATHSOLVE-2fd9fd643bf3e9e98d121dc2e7af1cf1be411ae2/handoffs/BSD-001/R5_CW_P2_WEIGHT_FRONTIER.md,,130cdc9d,Filename/path inference; editable in the app
348159,handoffs/BSD-001/R5_CW_P2_WEIGHT_FRONTIER.md,General / shared,977,Latest public revision collected separately; not an author-designated final | adcfa0537f43327f4bb9acfe1692f757fce353c4,https://codeload.github.com/grandchallenge/MATHSOLVE/zip/adcfa0537f43327f4bb9acfe1692f757fce353c4,,contestants/E10/13-archives/E10-grandchallenge-MATHSOLVE-adcfa0537f43327f4bb9acfe1692f757fce353c4.zip,MATHSOLVE-adcfa0537f43327f4bb9acfe1692f757fce353c4/handoffs/BSD-001/R5_CW_P2_WEIGHT_FRONTIER.md,,130cdc9d,Filename/path inference; editable in the app
345098,handoffs/BSD-001/R5_LIFT_EQUIVARIANT_FRONTIER.md,General / shared,3378,Pinned collected revision; final designation governed by team receipt | 2fd9fd643bf3e9e98d121dc2e7af1cf1be411ae2,https://codeload.github.com/grandchallenge/MATHSOLVE/zip/2fd9fd643bf3e9e98d121dc2e7af1cf1be411ae2,,contestants/E10/13-archives/E10-grandchallenge-MATHSOLVE-2fd9fd643bf3e9e98d121dc2e7af1cf1be411ae2.zip,MATHSOLVE-2fd9fd643bf3e9e98d121dc2e7af1cf1be411ae2/handoffs/BSD-001/R5_LIFT_EQUIVARIANT_FRONTIER.md,,2f7beec1,Filename/path inference; editable in the app
348160,handoffs/BSD-001/R5_LIFT_EQUIVARIANT_FRONTIER.md,General / shared,3378,Latest public revision collected separately; not an author-designated final | adcfa0537f43327f4bb9acfe1692f757fce353c4,https://codeload.github.com/grandchallenge/MATHSOLVE/zip/adcfa0537f43327f4bb9acfe1692f757fce353c4,,contestants/E10/13-archives/E10-grandchallenge-MATHSOLVE-adcfa0537f43327f4bb9acfe1692f757fce353c4.zip,MATHSOLVE-adcfa0537f43327f4bb9acfe1692f757fce353c4/handoffs/BSD-001/R5_LIFT_EQUIVARIANT_FRONTIER.md,,2f7beec1,Filename/path inference; editable in the app
345099,handoffs/BSD-001/R5_PRIM_FRONTIER.md,General / shared,3968,Pinned collected revision; final designation governed by team receipt | 2fd9fd643bf3e9e98d121dc2e7af1cf1be411ae2,https://codeload.github.com/grandchallenge/MATHSOLVE/zip/2fd9fd643bf3e9e98d121dc2e7af1cf1be411ae2,,contestants/E10/13-archives/E10-grandchallenge-MATHSOLVE-2fd9fd643bf3e9e98d121dc2e7af1cf1be411ae2.zip,MATHSOLVE-2fd9fd643bf3e9e98d121dc2e7af1cf1be411ae2/handoffs/BSD-001/R5_PRIM_FRONTIER.md,,0aa7fc15,Filename/path inference; editable in the app
348161,handoffs/BSD-001/R5_PRIM_FRONTIER.md,General / shared,3968,Latest public revision collected separately; not an author-designated final | adcfa0537f43327f4bb9acfe1692f757fce353c4,https://codeload.github.com/grandchallenge/MATHSOLVE/zip/adcfa0537f43327f4bb9acfe1692f757fce353c4,,contestants/E10/13-archives/E10-grandchallenge-MATHSOLVE-adcfa0537f43327f4bb9acfe1692f757fce353c4.zip,MATHSOLVE-adcfa0537f43327f4bb9acfe1692f757fce353c4/handoffs/BSD-001/R5_PRIM_FRONTIER.md,,0aa7fc15,Filename/path inference; editable in the app
345100,handoffs/BSD-001/R5_RECIP_FRONTIER.md,General / shared,2178,Pinned collected revision; final designation governed by team receipt | 2fd9fd643bf3e9e98d121dc2e7af1cf1be411ae2,https://codeload.github.com/grandchallenge/MATHSOLVE/zip/2fd9fd643bf3e9e98d121dc2e7af1cf1be411ae2,,contestants/E10/13-archives/E10-grandchallenge-MATHSOLVE-2fd9fd643bf3e9e98d121dc2e7af1cf1be411ae2.zip,MATHSOLVE-2fd9fd643bf3e9e98d121dc2e7af1cf1be411ae2/handoffs/BSD-001/R5_RECIP_FRONTIER.md,,7ece9678,Filename/path inference; editable in the app
348162,handoffs/BSD-001/R5_RECIP_FRONTIER.md,General / shared,2178,Latest public revision collected separately; not an author-designated final | adcfa0537f43327f4bb9acfe1692f757fce353c4,https://codeload.github.com/grandchallenge/MATHSOLVE/zip/adcfa0537f43327f4bb9acfe1692f757fce353c4,,contestants/E10/13-archives/E10-grandchallenge-MATHSOLVE-adcfa0537f43327f4bb9acfe1692f757fce353c4.zip,MATHSOLVE-adcfa0537f43327f4bb9acfe1692f757fce353c4/handoffs/BSD-001/R5_RECIP_FRONTIER.md,,7ece9678,Filename/path inference; editable in the app
345101,handoffs/BSD-001/R5_RES_FRONTIER.md,General / shared,2720,Pinned collected revision; final designation governed by team receipt | 2fd9fd643bf3e9e98d121dc2e7af1cf1be411ae2,https://codeload.github.com/grandchallenge/MATHSOLVE/zip/2fd9fd643bf3e9e98d121dc2e7af1cf1be411ae2,,contestants/E10/13-archives/E10-grandchallenge-MATHSOLVE-2fd9fd643bf3e9e98d121dc2e7af1cf1be411ae2.zip,MATHSOLVE-2fd9fd643bf3e9e98d121dc2e7af1cf1be411ae2/handoffs/BSD-001/R5_RES_FRONTIER.md,,a0a0744f,Filename/path inference; editable in the app
348163,handoffs/BSD-001/R5_RES_FRONTIER.md,General / shared,2720,Latest public revision collected separately; not an author-designated final | adcfa0537f43327f4bb9acfe1692f757fce353c4,https://codeload.github.com/grandchallenge/MATHSOLVE/zip/adcfa0537f43327f4bb9acfe1692f757fce353c4,,contestants/E10/13-archives/E10-grandchallenge-MATHSOLVE-adcfa0537f43327f4bb9acfe1692f757fce353c4.zip,MATHSOLVE-adcfa0537f43327f4bb9acfe1692f757fce353c4/handoffs/BSD-001/R5_RES_FRONTIER.md,,a0a0744f,Filename/path inference; editable in the app
345102,handoffs/BSD-001/R5_WIT_FRONTIER.md,General / shared,3940,Pinned collected revision; final designation governed by team receipt | 2fd9fd643bf3e9e98d121dc2e7af1cf1be411ae2,https://codeload.github.com/grandchallenge/MATHSOLVE/zip/2fd9fd643bf3e9e98d121dc2e7af1cf1be411ae2,,contestants/E10/13-archives/E10-grandchallenge-MATHSOLVE-2fd9fd643bf3e9e98d121dc2e7af1cf1be411ae2.zip,MATHSOLVE-2fd9fd643bf3e9e98d121dc2e7af1cf1be411ae2/handoffs/BSD-001/R5_WIT_FRONTIER.md,,863ccd0c,Filename/path inference; editable in the app
348164,handoffs/BSD-001/R5_WIT_FRONTIER.md,General / shared,3940,Latest public revision collected separately; not an author-designated final | adcfa0537f43327f4bb9acfe1692f757fce353c4,https://codeload.github.com/grandchallenge/MATHSOLVE/zip/adcfa0537f43327f4bb9acfe1692f757fce353c4,,contestants/E10/13-archives/E10-grandchallenge-MATHSOLVE-adcfa0537f43327f4bb9acfe1692f757fce353c4.zip,MATHSOLVE-adcfa0537f43327f4bb9acfe1692f757fce353c4/handoffs/BSD-001/R5_WIT_FRONTIER.md,,863ccd0c,Filename/path inference; editable in the app
345103,handoffs/BSD-001/README.md,General / shared,1492,Pinned collected revision; final designation governed by team receipt | 2fd9fd643bf3e9e98d121dc2e7af1cf1be411ae2,https://codeload.github.com/grandchallenge/MATHSOLVE/zip/2fd9fd643bf3e9e98d121dc2e7af1cf1be411ae2,,contestants/E10/13-archives/E10-grandchallenge-MATHSOLVE-2fd9fd643bf3e9e98d121dc2e7af1cf1be411ae2.zip,MATHSOLVE-2fd9fd643bf3e9e98d121dc2e7af1cf1be411ae2/handoffs/BSD-001/README.md,,91e1ba2c,Filename/path inference; editable in the app
348165,handoffs/BSD-001/README.md,General / shared,1492,Latest public revision collected separately; not an author-designated final | adcfa0537f43327f4bb9acfe1692f757fce353c4,https://codeload.github.com/grandchallenge/MATHSOLVE/zip/adcfa0537f43327f4bb9acfe1692f757fce353c4,,contestants/E10/13-archives/E10-grandchallenge-MATHSOLVE-adcfa0537f43327f4bb9acfe1692f757fce353c4.zip,MATHSOLVE-adcfa0537f43327f4bb9acfe1692f757fce353c4/handoffs/BSD-001/README.md,,91e1ba2c,Filename/path inference; editable in the app
345104,handoffs/BSD-001/RESEARCH_PLAN_WP16_WP18.md,General / shared,14492,Pinned collected revision; final designation governed by team receipt | 2fd9fd643bf3e9e98d121dc2e7af1cf1be411ae2,https://codeload.github.com/grandchallenge/MATHSOLVE/zip/2fd9fd643bf3e9e98d121dc2e7af1cf1be411ae2,,contestants/E10/13-archives/E10-grandchallenge-MATHSOLVE-2fd9fd643bf3e9e98d121dc2e7af1cf1be411ae2.zip,MATHSOLVE-2fd9fd643bf3e9e98d121dc2e7af1cf1be411ae2/handoffs/BSD-001/RESEARCH_PLAN_WP16_WP18.md,,d57465b6,Filename/path inference; editable in the app
348166,handoffs/BSD-001/RESEARCH_PLAN_WP16_WP18.md,General / shared,14492,Latest public revision collected separately; not an author-designated final | adcfa0537f43327f4bb9acfe1692f757fce353c4,https://codeload.github.com/grandchallenge/MATHSOLVE/zip/adcfa0537f43327f4bb9acfe1692f757fce353c4,,contestants/E10/13-archives/E10-grandchallenge-MATHSOLVE-adcfa0537f43327f4bb9acfe1692f757fce353c4.zip,MATHSOLVE-adcfa0537f43327f4bb9acfe1692f757fce353c4/handoffs/BSD-001/RESEARCH_PLAN_WP16_WP18.md,,d57465b6,Filename/path inference; editable in the app
345105,handoffs/BSD-001/TAKEOVER_PROMPT_WP16_WP18.md,General / shared,8030,Pinned collected revision; final designation governed by team receipt | 2fd9fd643bf3e9e98d121dc2e7af1cf1be411ae2,https://codeload.github.com/grandchallenge/MATHSOLVE/zip/2fd9fd643bf3e9e98d121dc2e7af1cf1be411ae2,,contestants/E10/13-archives/E10-grandchallenge-MATHSOLVE-2fd9fd643bf3e9e98d121dc2e7af1cf1be411ae2.zip,MATHSOLVE-2fd9fd643bf3e9e98d121dc2e7af1cf1be411ae2/handoffs/BSD-001/TAKEOVER_PROMPT_WP16_WP18.md,,cecd693a,Filename/path inference; editable in the app
348167,handoffs/BSD-001/TAKEOVER_PROMPT_WP16_WP18.md,General / shared,8030,Latest public revision collected separately; not an author-designated final | adcfa0537f43327f4bb9acfe1692f757fce353c4,https://codeload.github.com/grandchallenge/MATHSOLVE/zip/adcfa0537f43327f4bb9acfe1692f757fce353c4,,contestants/E10/13-archives/E10-grandchallenge-MATHSOLVE-adcfa0537f43327f4bb9acfe1692f757fce353c4.zip,MATHSOLVE-adcfa0537f43327f4bb9acfe1692f757fce353c4/handoffs/BSD-001/TAKEOVER_PROMPT_WP16_WP18.md,,cecd693a,Filename/path inference; editable in the app
345106,handoffs/BSD-001/WP19_FRONTIER.md,General / shared,2492,Pinned collected revision; final designation governed by team receipt | 2fd9fd643bf3e9e98d121dc2e7af1cf1be411ae2,https://codeload.github.com/grandchallenge/MATHSOLVE/zip/2fd9fd643bf3e9e98d121dc2e7af1cf1be411ae2,,contestants/E10/13-archives/E10-grandchallenge-MATHSOLVE-2fd9fd643bf3e9e98d121dc2e7af1cf1be411ae2.zip,MATHSOLVE-2fd9fd643bf3e9e98d121dc2e7af1cf1be411ae2/handoffs/BSD-001/WP19_FRONTIER.md,,bb19a8ba,Filename/path inference; editable in the app
348168,handoffs/BSD-001/WP19_FRONTIER.md,General / shared,2492,Latest public revision collected separately; not an author-designated final | adcfa0537f43327f4bb9acfe1692f757fce353c4,https://codeload.github.com/grandchallenge/MATHSOLVE/zip/adcfa0537f43327f4bb9acfe1692f757fce353c4,,contestants/E10/13-archives/E10-grandchallenge-MATHSOLVE-adcfa0537f43327f4bb9acfe1692f757fce353c4.zip,MATHSOLVE-adcfa0537f43327f4bb9acfe1692f757fce353c4/handoffs/BSD-001/WP19_FRONTIER.md,,bb19a8ba,Filename/path inference; editable in the app
345107,handoffs/BSD-001/WP20_FRONTIER.md,General / shared,2911,Pinned collected revision; final designation governed by team receipt | 2fd9fd643bf3e9e98d121dc2e7af1cf1be411ae2,https://codeload.github.com/grandchallenge/MATHSOLVE/zip/2fd9fd643bf3e9e98d121dc2e7af1cf1be411ae2,,contestants/E10/13-archives/E10-grandchallenge-MATHSOLVE-2fd9fd643bf3e9e98d121dc2e7af1cf1be411ae2.zip,MATHSOLVE-2fd9fd643bf3e9e98d121dc2e7af1cf1be411ae2/handoffs/BSD-001/WP20_FRONTIER.md,,8d3caebf,Filename/path inference; editable in the app
348169,handoffs/BSD-001/WP20_FRONTIER.md,General / shared,2911,Latest public revision collected separately; not an author-designated final | adcfa0537f43327f4bb9acfe1692f757fce353c4,https://codeload.github.com/grandchallenge/MATHSOLVE/zip/adcfa0537f43327f4bb9acfe1692f757fce353c4,,contestants/E10/13-archives/E10-grandchallenge-MATHSOLVE-adcfa0537f43327f4bb9acfe1692f757fce353c4.zip,MATHSOLVE-adcfa0537f43327f4bb9acfe1692f757fce353c4/handoffs/BSD-001/WP20_FRONTIER.md,,8d3caebf,Filename/path inference; editable in the app
345108,handoffs/BSD-001/WP21_FRONTIER.md,General / shared,2586,Pinned collected revision; final designation governed by team receipt | 2fd9fd643bf3e9e98d121dc2e7af1cf1be411ae2,https://codeload.github.com/grandchallenge/MATHSOLVE/zip/2fd9fd643bf3e9e98d121dc2e7af1cf1be411ae2,,contestants/E10/13-archives/E10-grandchallenge-MATHSOLVE-2fd9fd643bf3e9e98d121dc2e7af1cf1be411ae2.zip,MATHSOLVE-2fd9fd643bf3e9e98d121dc2e7af1cf1be411ae2/handoffs/BSD-001/WP21_FRONTIER.md,,62539c51,Filename/path inference; editable in the app
348170,handoffs/BSD-001/WP21_FRONTIER.md,General / shared,2586,Latest public revision collected separately; not an author-designated final | adcfa0537f43327f4bb9acfe1692f757fce353c4,https://codeload.github.com/grandchallenge/MATHSOLVE/zip/adcfa0537f43327f4bb9acfe1692f757fce353c4,,contestants/E10/13-archives/E10-grandchallenge-MATHSOLVE-adcfa0537f43327f4bb9acfe1692f757fce353c4.zip,MATHSOLVE-adcfa0537f43327f4bb9acfe1692f757fce353c4/handoffs/BSD-001/WP21_FRONTIER.md,,62539c51,Filename/path inference; editable in the app
345109,handoffs/BSD-001/WP22_FRONTIER.md,General / shared,4310,Pinned collected revision; final designation governed by team receipt | 2fd9fd643bf3e9e98d121dc2e7af1cf1be411ae2,https://codeload.github.com/grandchallenge/MATHSOLVE/zip/2fd9fd643bf3e9e98d121dc2e7af1cf1be411ae2,,contestants/E10/13-archives/E10-grandchallenge-MATHSOLVE-2fd9fd643bf3e9e98d121dc2e7af1cf1be411ae2.zip,MATHSOLVE-2fd9fd643bf3e9e98d121dc2e7af1cf1be411ae2/handoffs/BSD-001/WP22_FRONTIER.md,,3055168c,Filename/path inference; editable in the app
348171,handoffs/BSD-001/WP22_FRONTIER.md,General / shared,4310,Latest public revision collected separately; not an author-designated final | adcfa0537f43327f4bb9acfe1692f757fce353c4,https://codeload.github.com/grandchallenge/MATHSOLVE/zip/adcfa0537f43327f4bb9acfe1692f757fce353c4,,contestants/E10/13-archives/E10-grandchallenge-MATHSOLVE-adcfa0537f43327f4bb9acfe1692f757fce353c4.zip,MATHSOLVE-adcfa0537f43327f4bb9acfe1692f757fce353c4/handoffs/BSD-001/WP22_FRONTIER.md,,3055168c,Filename/path inference; editable in the app
345110,handoffs/BSD-001/WP23_FRONTIER.md,General / shared,3726,Pinned collected revision; final designation governed by team receipt | 2fd9fd643bf3e9e98d121dc2e7af1cf1be411ae2,https://codeload.github.com/grandchallenge/MATHSOLVE/zip/2fd9fd643bf3e9e98d121dc2e7af1cf1be411ae2,,contestants/E10/13-archives/E10-grandchallenge-MATHSOLVE-2fd9fd643bf3e9e98d121dc2e7af1cf1be411ae2.zip,MATHSOLVE-2fd9fd643bf3e9e98d121dc2e7af1cf1be411ae2/handoffs/BSD-001/WP23_FRONTIER.md,,e1f12731,Filename/path inference; editable in the app
348172,handoffs/BSD-001/WP23_FRONTIER.md,General / shared,3726,Latest public revision collected separately; not an author-designated final | adcfa0537f43327f4bb9acfe1692f757fce353c4,https://codeload.github.com/grandchallenge/MATHSOLVE/zip/adcfa0537f43327f4bb9acfe1692f757fce353c4,,contestants/E10/13-archives/E10-grandchallenge-MATHSOLVE-adcfa0537f43327f4bb9acfe1692f757fce353c4.zip,MATHSOLVE-adcfa0537f43327f4bb9acfe1692f757fce353c4/handoffs/BSD-001/WP23_FRONTIER.md,,e1f12731,Filename/path inference; editable in the app
345111,handoffs/BSD-001/WP24_FRONTIER.md,General / shared,4099,Pinned collected revision; final designation governed by team receipt | 2fd9fd643bf3e9e98d121dc2e7af1cf1be411ae2,https://codeload.github.com/grandchallenge/MATHSOLVE/zip/2fd9fd643bf3e9e98d121dc2e7af1cf1be411ae2,,contestants/E10/13-archives/E10-grandchallenge-MATHSOLVE-2fd9fd643bf3e9e98d121dc2e7af1cf1be411ae2.zip,MATHSOLVE-2fd9fd643bf3e9e98d121dc2e7af1cf1be411ae2/handoffs/BSD-001/WP24_FRONTIER.md,,aeb19c2a,Filename/path inference; editable in the app
348173,handoffs/BSD-001/WP24_FRONTIER.md,General / shared,4099,Latest public revision collected separately; not an author-designated final | adcfa0537f43327f4bb9acfe1692f757fce353c4,https://codeload.github.com/grandchallenge/MATHSOLVE/zip/adcfa0537f43327f4bb9acfe1692f757fce353c4,,contestants/E10/13-archives/E10-grandchallenge-MATHSOLVE-adcfa0537f43327f4bb9acfe1692f757fce353c4.zip,MATHSOLVE-adcfa0537f43327f4bb9acfe1692f757fce353c4/handoffs/BSD-001/WP24_FRONTIER.md,,aeb19c2a,Filename/path inference; editable in the app
345112,handoffs/BSD-001/WP25_FRONTIER.md,General / shared,4456,Pinned collected revision; final designation governed by team receipt | 2fd9fd643bf3e9e98d121dc2e7af1cf1be411ae2,https://codeload.github.com/grandchallenge/MATHSOLVE/zip/2fd9fd643bf3e9e98d121dc2e7af1cf1be411ae2,,contestants/E10/13-archives/E10-grandchallenge-MATHSOLVE-2fd9fd643bf3e9e98d121dc2e7af1cf1be411ae2.zip,MATHSOLVE-2fd9fd643bf3e9e98d121dc2e7af1cf1be411ae2/handoffs/BSD-001/WP25_FRONTIER.md,,848e1d5b,Filename/path inference; editable in the app
348174,handoffs/BSD-001/WP25_FRONTIER.md,General / shared,4456,Latest public revision collected separately; not an author-designated final | adcfa0537f43327f4bb9acfe1692f757fce353c4,https://codeload.github.com/grandchallenge/MATHSOLVE/zip/adcfa0537f43327f4bb9acfe1692f757fce353c4,,contestants/E10/13-archives/E10-grandchallenge-MATHSOLVE-adcfa0537f43327f4bb9acfe1692f757fce353c4.zip,MATHSOLVE-adcfa0537f43327f4bb9acfe1692f757fce353c4/handoffs/BSD-001/WP25_FRONTIER.md,,848e1d5b,Filename/path inference; editable in the app
345113,handoffs/BSD-001/WP26_FRONTIER.md,General / shared,4306,Pinned collected revision; final designation governed by team receipt | 2fd9fd643bf3e9e98d121dc2e7af1cf1be411ae2,https://codeload.github.com/grandchallenge/MATHSOLVE/zip/2fd9fd643bf3e9e98d121dc2e7af1cf1be411ae2,,contestants/E10/13-archives/E10-grandchallenge-MATHSOLVE-2fd9fd643bf3e9e98d121dc2e7af1cf1be411ae2.zip,MATHSOLVE-2fd9fd643bf3e9e98d121dc2e7af1cf1be411ae2/handoffs/BSD-001/WP26_FRONTIER.md,,603c7247,Filename/path inference; editable in the app
348175,handoffs/BSD-001/WP26_FRONTIER.md,General / shared,4306,Latest public revision collected separately; not an author-designated final | adcfa0537f43327f4bb9acfe1692f757fce353c4,https://codeload.github.com/grandchallenge/MATHSOLVE/zip/adcfa0537f43327f4bb9acfe1692f757fce353c4,,contestants/E10/13-archives/E10-grandchallenge-MATHSOLVE-adcfa0537f43327f4bb9acfe1692f757fce353c4.zip,MATHSOLVE-adcfa0537f43327f4bb9acfe1692f757fce353c4/handoffs/BSD-001/WP26_FRONTIER.md,,603c7247,Filename/path inference; editable in the app
345114,handoffs/BSD-001/WP27_FRONTIER.md,General / shared,4524,Pinned collected revision; final designation governed by team receipt | 2fd9fd643bf3e9e98d121dc2e7af1cf1be411ae2,https://codeload.github.com/grandchallenge/MATHSOLVE/zip/2fd9fd643bf3e9e98d121dc2e7af1cf1be411ae2,,contestants/E10/13-archives/E10-grandchallenge-MATHSOLVE-2fd9fd643bf3e9e98d121dc2e7af1cf1be411ae2.zip,MATHSOLVE-2fd9fd643bf3e9e98d121dc2e7af1cf1be411ae2/handoffs/BSD-001/WP27_FRONTIER.md,,a64c7473,Filename/path inference; editable in the app
348176,handoffs/BSD-001/WP27_FRONTIER.md,General / shared,4524,Latest public revision collected separately; not an author-designated final | adcfa0537f43327f4bb9acfe1692f757fce353c4,https://codeload.github.com/grandchallenge/MATHSOLVE/zip/adcfa0537f43327f4bb9acfe1692f757fce353c4,,contestants/E10/13-archives/E10-grandchallenge-MATHSOLVE-adcfa0537f43327f4bb9acfe1692f757fce353c4.zip,MATHSOLVE-adcfa0537f43327f4bb9acfe1692f757fce353c4/handoffs/BSD-001/WP27_FRONTIER.md,,a64c7473,Filename/path inference; editable in the app
345115,handoffs/BSD-001/WP28_FRONTIER.md,General / shared,4628,Pinned collected revision; final designation governed by team receipt | 2fd9fd643bf3e9e98d121dc2e7af1cf1be411ae2,https://codeload.github.com/grandchallenge/MATHSOLVE/zip/2fd9fd643bf3e9e98d121dc2e7af1cf1be411ae2,,contestants/E10/13-archives/E10-grandchallenge-MATHSOLVE-2fd9fd643bf3e9e98d121dc2e7af1cf1be411ae2.zip,MATHSOLVE-2fd9fd643bf3e9e98d121dc2e7af1cf1be411ae2/handoffs/BSD-001/WP28_FRONTIER.md,,12cbdc04,Filename/path inference; editable in the app
348177,handoffs/BSD-001/WP28_FRONTIER.md,General / shared,4628,Latest public revision collected separately; not an author-designated final | adcfa0537f43327f4bb9acfe1692f757fce353c4,https://codeload.github.com/grandchallenge/MATHSOLVE/zip/adcfa0537f43327f4bb9acfe1692f757fce353c4,,contestants/E10/13-archives/E10-grandchallenge-MATHSOLVE-adcfa0537f43327f4bb9acfe1692f757fce353c4.zip,MATHSOLVE-adcfa0537f43327f4bb9acfe1692f757fce353c4/handoffs/BSD-001/WP28_FRONTIER.md,,12cbdc04,Filename/path inference; editable in the app
345116,handoffs/BSD-001/WP29_FRONTIER.md,General / shared,3264,Pinned collected revision; final designation governed by team receipt | 2fd9fd643bf3e9e98d121dc2e7af1cf1be411ae2,https://codeload.github.com/grandchallenge/MATHSOLVE/zip/2fd9fd643bf3e9e98d121dc2e7af1cf1be411ae2,,contestants/E10/13-archives/E10-grandchallenge-MATHSOLVE-2fd9fd643bf3e9e98d121dc2e7af1cf1be411ae2.zip,MATHSOLVE-2fd9fd643bf3e9e98d121dc2e7af1cf1be411ae2/handoffs/BSD-001/WP29_FRONTIER.md,,555f42c6,Filename/path inference; editable in the app
348178,handoffs/BSD-001/WP29_FRONTIER.md,General / shared,3264,Latest public revision collected separately; not an author-designated final | adcfa0537f43327f4bb9acfe1692f757fce353c4,https://codeload.github.com/grandchallenge/MATHSOLVE/zip/adcfa0537f43327f4bb9acfe1692f757fce353c4,,contestants/E10/13-archives/E10-grandchallenge-MATHSOLVE-adcfa0537f43327f4bb9acfe1692f757fce353c4.zip,MATHSOLVE-adcfa0537f43327f4bb9acfe1692f757fce353c4/handoffs/BSD-001/WP29_FRONTIER.md,,555f42c6,Filename/path inference; editable in the app
345117,handoffs/BSD-001/WP30_FRONTIER.md,General / shared,2381,Pinned collected revision; final designation governed by team receipt | 2fd9fd643bf3e9e98d121dc2e7af1cf1be411ae2,https://codeload.github.com/grandchallenge/MATHSOLVE/zip/2fd9fd643bf3e9e98d121dc2e7af1cf1be411ae2,,contestants/E10/13-archives/E10-grandchallenge-MATHSOLVE-2fd9fd643bf3e9e98d121dc2e7af1cf1be411ae2.zip,MATHSOLVE-2fd9fd643bf3e9e98d121dc2e7af1cf1be411ae2/handoffs/BSD-001/WP30_FRONTIER.md,,7fa4c904,Filename/path inference; editable in the app
348179,handoffs/BSD-001/WP30_FRONTIER.md,General / shared,2381,Latest public revision collected separately; not an author-designated final | adcfa0537f43327f4bb9acfe1692f757fce353c4,https://codeload.github.com/grandchallenge/MATHSOLVE/zip/adcfa0537f43327f4bb9acfe1692f757fce353c4,,contestants/E10/13-archives/E10-grandchallenge-MATHSOLVE-adcfa0537f43327f4bb9acfe1692f757fce353c4.zip,MATHSOLVE-adcfa0537f43327f4bb9acfe1692f757fce353c4/handoffs/BSD-001/WP30_FRONTIER.md,,7fa4c904,Filename/path inference; editable in the app
345118,handoffs/BSD-001/WP31_FRONTIER.md,General / shared,2928,Pinned collected revision; final designation governed by team receipt | 2fd9fd643bf3e9e98d121dc2e7af1cf1be411ae2,https://codeload.github.com/grandchallenge/MATHSOLVE/zip/2fd9fd643bf3e9e98d121dc2e7af1cf1be411ae2,,contestants/E10/13-archives/E10-grandchallenge-MATHSOLVE-2fd9fd643bf3e9e98d121dc2e7af1cf1be411ae2.zip,MATHSOLVE-2fd9fd643bf3e9e98d121dc2e7af1cf1be411ae2/handoffs/BSD-001/WP31_FRONTIER.md,,b56e2b4c,Filename/path inference; editable in the app
348180,handoffs/BSD-001/WP31_FRONTIER.md,General / shared,2928,Latest public revision collected separately; not an author-designated final | adcfa0537f43327f4bb9acfe1692f757fce353c4,https://codeload.github.com/grandchallenge/MATHSOLVE/zip/adcfa0537f43327f4bb9acfe1692f757fce353c4,,contestants/E10/13-archives/E10-grandchallenge-MATHSOLVE-adcfa0537f43327f4bb9acfe1692f757fce353c4.zip,MATHSOLVE-adcfa0537f43327f4bb9acfe1692f757fce353c4/handoffs/BSD-001/WP31_FRONTIER.md,,b56e2b4c,Filename/path inference; editable in the app
345119,handoffs/BSD-001/WP32_FRONTIER.md,General / shared,2662,Pinned collected revision; final designation governed by team receipt | 2fd9fd643bf3e9e98d121dc2e7af1cf1be411ae2,https://codeload.github.com/grandchallenge/MATHSOLVE/zip/2fd9fd643bf3e9e98d121dc2e7af1cf1be411ae2,,contestants/E10/13-archives/E10-grandchallenge-MATHSOLVE-2fd9fd643bf3e9e98d121dc2e7af1cf1be411ae2.zip,MATHSOLVE-2fd9fd643bf3e9e98d121dc2e7af1cf1be411ae2/handoffs/BSD-001/WP32_FRONTIER.md,,0e4de1de,Filename/path inference; editable in the app
348181,handoffs/BSD-001/WP32_FRONTIER.md,General / shared,2662,Latest public revision collected separately; not an author-designated final | adcfa0537f43327f4bb9acfe1692f757fce353c4,https://codeload.github.com/grandchallenge/MATHSOLVE/zip/adcfa0537f43327f4bb9acfe1692f757fce353c4,,contestants/E10/13-archives/E10-grandchallenge-MATHSOLVE-adcfa0537f43327f4bb9acfe1692f757fce353c4.zip,MATHSOLVE-adcfa0537f43327f4bb9acfe1692f757fce353c4/handoffs/BSD-001/WP32_FRONTIER.md,,0e4de1de,Filename/path inference; editable in the app
345120,handoffs/BSD-001/WP33_FRONTIER.md,General / shared,2507,Pinned collected revision; final designation governed by team receipt | 2fd9fd643bf3e9e98d121dc2e7af1cf1be411ae2,https://codeload.github.com/grandchallenge/MATHSOLVE/zip/2fd9fd643bf3e9e98d121dc2e7af1cf1be411ae2,,contestants/E10/13-archives/E10-grandchallenge-MATHSOLVE-2fd9fd643bf3e9e98d121dc2e7af1cf1be411ae2.zip,MATHSOLVE-2fd9fd643bf3e9e98d121dc2e7af1cf1be411ae2/handoffs/BSD-001/WP33_FRONTIER.md,,28ca60c7,Filename/path inference; editable in the app
348182,handoffs/BSD-001/WP33_FRONTIER.md,General / shared,2507,Latest public revision collected separately; not an author-designated final | adcfa0537f43327f4bb9acfe1692f757fce353c4,https://codeload.github.com/grandchallenge/MATHSOLVE/zip/adcfa0537f43327f4bb9acfe1692f757fce353c4,,contestants/E10/13-archives/E10-grandchallenge-MATHSOLVE-adcfa0537f43327f4bb9acfe1692f757fce353c4.zip,MATHSOLVE-adcfa0537f43327f4bb9acfe1692f757fce353c4/handoffs/BSD-001/WP33_FRONTIER.md,,28ca60c7,Filename/path inference; editable in the app
345121,handoffs/BSD-001/WP34_FRONTIER.md,General / shared,2652,Pinned collected revision; final designation governed by team receipt | 2fd9fd643bf3e9e98d121dc2e7af1cf1be411ae2,https://codeload.github.com/grandchallenge/MATHSOLVE/zip/2fd9fd643bf3e9e98d121dc2e7af1cf1be411ae2,,contestants/E10/13-archives/E10-grandchallenge-MATHSOLVE-2fd9fd643bf3e9e98d121dc2e7af1cf1be411ae2.zip,MATHSOLVE-2fd9fd643bf3e9e98d121dc2e7af1cf1be411ae2/handoffs/BSD-001/WP34_FRONTIER.md,,655889fd,Filename/path inference; editable in the app
348183,handoffs/BSD-001/WP34_FRONTIER.md,General / shared,2652,Latest public revision collected separately; not an author-designated final | adcfa0537f43327f4bb9acfe1692f757fce353c4,https://codeload.github.com/grandchallenge/MATHSOLVE/zip/adcfa0537f43327f4bb9acfe1692f757fce353c4,,contestants/E10/13-archives/E10-grandchallenge-MATHSOLVE-adcfa0537f43327f4bb9acfe1692f757fce353c4.zip,MATHSOLVE-adcfa0537f43327f4bb9acfe1692f757fce353c4/handoffs/BSD-001/WP34_FRONTIER.md,,655889fd,Filename/path inference; editable in the app
345122,handoffs/BSD-001/WP35_FRONTIER.md,General / shared,3041,Pinned collected revision; final designation governed by team receipt | 2fd9fd643bf3e9e98d121dc2e7af1cf1be411ae2,https://codeload.github.com/grandchallenge/MATHSOLVE/zip/2fd9fd643bf3e9e98d121dc2e7af1cf1be411ae2,,contestants/E10/13-archives/E10-grandchallenge-MATHSOLVE-2fd9fd643bf3e9e98d121dc2e7af1cf1be411ae2.zip,MATHSOLVE-2fd9fd643bf3e9e98d121dc2e7af1cf1be411ae2/handoffs/BSD-001/WP35_FRONTIER.md,,18ae060b,Filename/path inference; editable in the app
348184,handoffs/BSD-001/WP35_FRONTIER.md,General / shared,3041,Latest public revision collected separately; not an author-designated final | adcfa0537f43327f4bb9acfe1692f757fce353c4,https://codeload.github.com/grandchallenge/MATHSOLVE/zip/adcfa0537f43327f4bb9acfe1692f757fce353c4,,contestants/E10/13-archives/E10-grandchallenge-MATHSOLVE-adcfa0537f43327f4bb9acfe1692f757fce353c4.zip,MATHSOLVE-adcfa0537f43327f4bb9acfe1692f757fce353c4/handoffs/BSD-001/WP35_FRONTIER.md,,18ae060b,Filename/path inference; editable in the app
345123,handoffs/BSD-001/WP36_FRONTIER.md,General / shared,2781,Pinned collected revision; final designation governed by team receipt | 2fd9fd643bf3e9e98d121dc2e7af1cf1be411ae2,https://codeload.github.com/grandchallenge/MATHSOLVE/zip/2fd9fd643bf3e9e98d121dc2e7af1cf1be411ae2,,contestants/E10/13-archives/E10-grandchallenge-MATHSOLVE-2fd9fd643bf3e9e98d121dc2e7af1cf1be411ae2.zip,MATHSOLVE-2fd9fd643bf3e9e98d121dc2e7af1cf1be411ae2/handoffs/BSD-001/WP36_FRONTIER.md,,f0a6a390,Filename/path inference; editable in the app
348185,handoffs/BSD-001/WP36_FRONTIER.md,General / shared,2781,Latest public revision collected separately; not an author-designated final | adcfa0537f43327f4bb9acfe1692f757fce353c4,https://codeload.github.com/grandchallenge/MATHSOLVE/zip/adcfa0537f43327f4bb9acfe1692f757fce353c4,,contestants/E10/13-archives/E10-grandchallenge-MATHSOLVE-adcfa0537f43327f4bb9acfe1692f757fce353c4.zip,MATHSOLVE-adcfa0537f43327f4bb9acfe1692f757fce353c4/handoffs/BSD-001/WP36_FRONTIER.md,,f0a6a390,Filename/path inference; editable in the app
345124,handoffs/BSD-001/WP37_FRONTIER.md,General / shared,3875,Pinned collected revision; final designation governed by team receipt | 2fd9fd643bf3e9e98d121dc2e7af1cf1be411ae2,https://codeload.github.com/grandchallenge/MATHSOLVE/zip/2fd9fd643bf3e9e98d121dc2e7af1cf1be411ae2,,contestants/E10/13-archives/E10-grandchallenge-MATHSOLVE-2fd9fd643bf3e9e98d121dc2e7af1cf1be411ae2.zip,MATHSOLVE-2fd9fd643bf3e9e98d121dc2e7af1cf1be411ae2/handoffs/BSD-001/WP37_FRONTIER.md,,716d9150,Filename/path inference; editable in the app
348186,handoffs/BSD-001/WP37_FRONTIER.md,General / shared,3875,Latest public revision collected separately; not an author-designated final | adcfa0537f43327f4bb9acfe1692f757fce353c4,https://codeload.github.com/grandchallenge/MATHSOLVE/zip/adcfa0537f43327f4bb9acfe1692f757fce353c4,,contestants/E10/13-archives/E10-grandchallenge-MATHSOLVE-adcfa0537f43327f4bb9acfe1692f757fce353c4.zip,MATHSOLVE-adcfa0537f43327f4bb9acfe1692f757fce353c4/handoffs/BSD-001/WP37_FRONTIER.md,,716d9150,Filename/path inference; editable in the app
345125,handoffs/BSD-001/WP38_FRONTIER.md,General / shared,3931,Pinned collected revision; final designation governed by team receipt | 2fd9fd643bf3e9e98d121dc2e7af1cf1be411ae2,https://codeload.github.com/grandchallenge/MATHSOLVE/zip/2fd9fd643bf3e9e98d121dc2e7af1cf1be411ae2,,contestants/E10/13-archives/E10-grandchallenge-MATHSOLVE-2fd9fd643bf3e9e98d121dc2e7af1cf1be411ae2.zip,MATHSOLVE-2fd9fd643bf3e9e98d121dc2e7af1cf1be411ae2/handoffs/BSD-001/WP38_FRONTIER.md,,af80b863,Filename/path inference; editable in the app
348187,handoffs/BSD-001/WP38_FRONTIER.md,General / shared,3931,Latest public revision collected separately; not an author-designated final | adcfa0537f43327f4bb9acfe1692f757fce353c4,https://codeload.github.com/grandchallenge/MATHSOLVE/zip/adcfa0537f43327f4bb9acfe1692f757fce353c4,,contestants/E10/13-archives/E10-grandchallenge-MATHSOLVE-adcfa0537f43327f4bb9acfe1692f757fce353c4.zip,MATHSOLVE-adcfa0537f43327f4bb9acfe1692f757fce353c4/handoffs/BSD-001/WP38_FRONTIER.md,,af80b863,Filename/path inference; editable in the app
345126,handoffs/BSD-001/WP39_FRONTIER.md,General / shared,2668,Pinned collected revision; final designation governed by team receipt | 2fd9fd643bf3e9e98d121dc2e7af1cf1be411ae2,https://codeload.github.com/grandchallenge/MATHSOLVE/zip/2fd9fd643bf3e9e98d121dc2e7af1cf1be411ae2,,contestants/E10/13-archives/E10-grandchallenge-MATHSOLVE-2fd9fd643bf3e9e98d121dc2e7af1cf1be411ae2.zip,MATHSOLVE-2fd9fd643bf3e9e98d121dc2e7af1cf1be411ae2/handoffs/BSD-001/WP39_FRONTIER.md,,753e0084,Filename/path inference; editable in the app
348188,handoffs/BSD-001/WP39_FRONTIER.md,General / shared,2668,Latest public revision collected separately; not an author-designated final | adcfa0537f43327f4bb9acfe1692f757fce353c4,https://codeload.github.com/grandchallenge/MATHSOLVE/zip/adcfa0537f43327f4bb9acfe1692f757fce353c4,,contestants/E10/13-archives/E10-grandchallenge-MATHSOLVE-adcfa0537f43327f4bb9acfe1692f757fce353c4.zip,MATHSOLVE-adcfa0537f43327f4bb9acfe1692f757fce353c4/handoffs/BSD-001/WP39_FRONTIER.md,,753e0084,Filename/path inference; editable in the app
345127,handoffs/BSD-001/WP40_FRONTIER.md,General / shared,3284,Pinned collected revision; final designation governed by team receipt | 2fd9fd643bf3e9e98d121dc2e7af1cf1be411ae2,https://codeload.github.com/grandchallenge/MATHSOLVE/zip/2fd9fd643bf3e9e98d121dc2e7af1cf1be411ae2,,contestants/E10/13-archives/E10-grandchallenge-MATHSOLVE-2fd9fd643bf3e9e98d121dc2e7af1cf1be411ae2.zip,MATHSOLVE-2fd9fd643bf3e9e98d121dc2e7af1cf1be411ae2/handoffs/BSD-001/WP40_FRONTIER.md,,05a9e4e7,Filename/path inference; editable in the app
348189,handoffs/BSD-001/WP40_FRONTIER.md,General / shared,3284,Latest public revision collected separately; not an author-designated final | adcfa0537f43327f4bb9acfe1692f757fce353c4,https://codeload.github.com/grandchallenge/MATHSOLVE/zip/adcfa0537f43327f4bb9acfe1692f757fce353c4,,contestants/E10/13-archives/E10-grandchallenge-MATHSOLVE-adcfa0537f43327f4bb9acfe1692f757fce353c4.zip,MATHSOLVE-adcfa0537f43327f4bb9acfe1692f757fce353c4/handoffs/BSD-001/WP40_FRONTIER.md,,05a9e4e7,Filename/path inference; editable in the app
345128,handoffs/BSD-001/WP41_FRONTIER.md,General / shared,3804,Pinned collected revision; final designation governed by team receipt | 2fd9fd643bf3e9e98d121dc2e7af1cf1be411ae2,https://codeload.github.com/grandchallenge/MATHSOLVE/zip/2fd9fd643bf3e9e98d121dc2e7af1cf1be411ae2,,contestants/E10/13-archives/E10-grandchallenge-MATHSOLVE-2fd9fd643bf3e9e98d121dc2e7af1cf1be411ae2.zip,MATHSOLVE-2fd9fd643bf3e9e98d121dc2e7af1cf1be411ae2/handoffs/BSD-001/WP41_FRONTIER.md,,298f6b1e,Filename/path inference; editable in the app
348190,handoffs/BSD-001/WP41_FRONTIER.md,General / shared,3804,Latest public revision collected separately; not an author-designated final | adcfa0537f43327f4bb9acfe1692f757fce353c4,https://codeload.github.com/grandchallenge/MATHSOLVE/zip/adcfa0537f43327f4bb9acfe1692f757fce353c4,,contestants/E10/13-archives/E10-grandchallenge-MATHSOLVE-adcfa0537f43327f4bb9acfe1692f757fce353c4.zip,MATHSOLVE-adcfa0537f43327f4bb9acfe1692f757fce353c4/handoffs/BSD-001/WP41_FRONTIER.md,,298f6b1e,Filename/path inference; editable in the app
345129,handoffs/BSD-001/WP42_FRONTIER.md,General / shared,4222,Pinned collected revision; final designation governed by team receipt | 2fd9fd643bf3e9e98d121dc2e7af1cf1be411ae2,https://codeload.github.com/grandchallenge/MATHSOLVE/zip/2fd9fd643bf3e9e98d121dc2e7af1cf1be411ae2,,contestants/E10/13-archives/E10-grandchallenge-MATHSOLVE-2fd9fd643bf3e9e98d121dc2e7af1cf1be411ae2.zip,MATHSOLVE-2fd9fd643bf3e9e98d121dc2e7af1cf1be411ae2/handoffs/BSD-001/WP42_FRONTIER.md,,3eaabe8e,Filename/path inference; editable in the app
348191,handoffs/BSD-001/WP42_FRONTIER.md,General / shared,4222,Latest public revision collected separately; not an author-designated final | adcfa0537f43327f4bb9acfe1692f757fce353c4,https://codeload.github.com/grandchallenge/MATHSOLVE/zip/adcfa0537f43327f4bb9acfe1692f757fce353c4,,contestants/E10/13-archives/E10-grandchallenge-MATHSOLVE-adcfa0537f43327f4bb9acfe1692f757fce353c4.zip,MATHSOLVE-adcfa0537f43327f4bb9acfe1692f757fce353c4/handoffs/BSD-001/WP42_FRONTIER.md,,3eaabe8e,Filename/path inference; editable in the app
345130,handoffs/BSD-001/WP43_FRONTIER.md,General / shared,3611,Pinned collected revision; final designation governed by team receipt | 2fd9fd643bf3e9e98d121dc2e7af1cf1be411ae2,https://codeload.github.com/grandchallenge/MATHSOLVE/zip/2fd9fd643bf3e9e98d121dc2e7af1cf1be411ae2,,contestants/E10/13-archives/E10-grandchallenge-MATHSOLVE-2fd9fd643bf3e9e98d121dc2e7af1cf1be411ae2.zip,MATHSOLVE-2fd9fd643bf3e9e98d121dc2e7af1cf1be411ae2/handoffs/BSD-001/WP43_FRONTIER.md,,a25306eb,Filename/path inference; editable in the app
348192,handoffs/BSD-001/WP43_FRONTIER.md,General / shared,3611,Latest public revision collected separately; not an author-designated final | adcfa0537f43327f4bb9acfe1692f757fce353c4,https://codeload.github.com/grandchallenge/MATHSOLVE/zip/adcfa0537f43327f4bb9acfe1692f757fce353c4,,contestants/E10/13-archives/E10-grandchallenge-MATHSOLVE-adcfa0537f43327f4bb9acfe1692f757fce353c4.zip,MATHSOLVE-adcfa0537f43327f4bb9acfe1692f757fce353c4/handoffs/BSD-001/WP43_FRONTIER.md,,a25306eb,Filename/path inference; editable in the app
345131,handoffs/BSD-001/WP44_FRONTIER.md,General / shared,4256,Pinned collected revision; final designation governed by team receipt | 2fd9fd643bf3e9e98d121dc2e7af1cf1be411ae2,https://codeload.github.com/grandchallenge/MATHSOLVE/zip/2fd9fd643bf3e9e98d121dc2e7af1cf1be411ae2,,contestants/E10/13-archives/E10-grandchallenge-MATHSOLVE-2fd9fd643bf3e9e98d121dc2e7af1cf1be411ae2.zip,MATHSOLVE-2fd9fd643bf3e9e98d121dc2e7af1cf1be411ae2/handoffs/BSD-001/WP44_FRONTIER.md,,66307e35,Filename/path inference; editable in the app
348193,handoffs/BSD-001/WP44_FRONTIER.md,General / shared,4256,Latest public revision collected separately; not an author-designated final | adcfa0537f43327f4bb9acfe1692f757fce353c4,https://codeload.github.com/grandchallenge/MATHSOLVE/zip/adcfa0537f43327f4bb9acfe1692f757fce353c4,,contestants/E10/13-archives/E10-grandchallenge-MATHSOLVE-adcfa0537f43327f4bb9acfe1692f757fce353c4.zip,MATHSOLVE-adcfa0537f43327f4bb9acfe1692f757fce353c4/handoffs/BSD-001/WP44_FRONTIER.md,,66307e35,Filename/path inference; editable in the app
345132,handoffs/BSD-001/WP45_FRONTIER.md,General / shared,4614,Pinned collected revision; final designation governed by team receipt | 2fd9fd643bf3e9e98d121dc2e7af1cf1be411ae2,https://codeload.github.com/grandchallenge/MATHSOLVE/zip/2fd9fd643bf3e9e98d121dc2e7af1cf1be411ae2,,contestants/E10/13-archives/E10-grandchallenge-MATHSOLVE-2fd9fd643bf3e9e98d121dc2e7af1cf1be411ae2.zip,MATHSOLVE-2fd9fd643bf3e9e98d121dc2e7af1cf1be411ae2/handoffs/BSD-001/WP45_FRONTIER.md,,7851e29f,Filename/path inference; editable in the app
348194,handoffs/BSD-001/WP45_FRONTIER.md,General / shared,4614,Latest public revision collected separately; not an author-designated final | adcfa0537f43327f4bb9acfe1692f757fce353c4,https://codeload.github.com/grandchallenge/MATHSOLVE/zip/adcfa0537f43327f4bb9acfe1692f757fce353c4,,contestants/E10/13-archives/E10-grandchallenge-MATHSOLVE-adcfa0537f43327f4bb9acfe1692f757fce353c4.zip,MATHSOLVE-adcfa0537f43327f4bb9acfe1692f757fce353c4/handoffs/BSD-001/WP45_FRONTIER.md,,7851e29f,Filename/path inference; editable in the app
345133,handoffs/BSD-001/WP46_FRONTIER.md,General / shared,4573,Pinned collected revision; final designation governed by team receipt | 2fd9fd643bf3e9e98d121dc2e7af1cf1be411ae2,https://codeload.github.com/grandchallenge/MATHSOLVE/zip/2fd9fd643bf3e9e98d121dc2e7af1cf1be411ae2,,contestants/E10/13-archives/E10-grandchallenge-MATHSOLVE-2fd9fd643bf3e9e98d121dc2e7af1cf1be411ae2.zip,MATHSOLVE-2fd9fd643bf3e9e98d121dc2e7af1cf1be411ae2/handoffs/BSD-001/WP46_FRONTIER.md,,61a4cfe2,Filename/path inference; editable in the app
348195,handoffs/BSD-001/WP46_FRONTIER.md,General / shared,4573,Latest public revision collected separately; not an author-designated final | adcfa0537f43327f4bb9acfe1692f757fce353c4,https://codeload.github.com/grandchallenge/MATHSOLVE/zip/adcfa0537f43327f4bb9acfe1692f757fce353c4,,contestants/E10/13-archives/E10-grandchallenge-MATHSOLVE-adcfa0537f43327f4bb9acfe1692f757fce353c4.zip,MATHSOLVE-adcfa0537f43327f4bb9acfe1692f757fce353c4/handoffs/BSD-001/WP46_FRONTIER.md,,61a4cfe2,Filename/path inference; editable in the app
345134,handoffs/BSD-001/WP47_FRONTIER.md,General / shared,3573,Pinned collected revision; final designation governed by team receipt | 2fd9fd643bf3e9e98d121dc2e7af1cf1be411ae2,https://codeload.github.com/grandchallenge/MATHSOLVE/zip/2fd9fd643bf3e9e98d121dc2e7af1cf1be411ae2,,contestants/E10/13-archives/E10-grandchallenge-MATHSOLVE-2fd9fd643bf3e9e98d121dc2e7af1cf1be411ae2.zip,MATHSOLVE-2fd9fd643bf3e9e98d121dc2e7af1cf1be411ae2/handoffs/BSD-001/WP47_FRONTIER.md,,95b39742,Filename/path inference; editable in the app
348196,handoffs/BSD-001/WP47_FRONTIER.md,General / shared,3573,Latest public revision collected separately; not an author-designated final | adcfa0537f43327f4bb9acfe1692f757fce353c4,https://codeload.github.com/grandchallenge/MATHSOLVE/zip/adcfa0537f43327f4bb9acfe1692f757fce353c4,,contestants/E10/13-archives/E10-grandchallenge-MATHSOLVE-adcfa0537f43327f4bb9acfe1692f757fce353c4.zip,MATHSOLVE-adcfa0537f43327f4bb9acfe1692f757fce353c4/handoffs/BSD-001/WP47_FRONTIER.md,,95b39742,Filename/path inference; editable in the app
345135,handoffs/BSD-001/WP48_FRONTIER.md,General / shared,3668,Pinned collected revision; final designation governed by team receipt | 2fd9fd643bf3e9e98d121dc2e7af1cf1be411ae2,https://codeload.github.com/grandchallenge/MATHSOLVE/zip/2fd9fd643bf3e9e98d121dc2e7af1cf1be411ae2,,contestants/E10/13-archives/E10-grandchallenge-MATHSOLVE-2fd9fd643bf3e9e98d121dc2e7af1cf1be411ae2.zip,MATHSOLVE-2fd9fd643bf3e9e98d121dc2e7af1cf1be411ae2/handoffs/BSD-001/WP48_FRONTIER.md,,5de1965e,Filename/path inference; editable in the app
348197,handoffs/BSD-001/WP48_FRONTIER.md,General / shared,3668,Latest public revision collected separately; not an author-designated final | adcfa0537f43327f4bb9acfe1692f757fce353c4,https://codeload.github.com/grandchallenge/MATHSOLVE/zip/adcfa0537f43327f4bb9acfe1692f757fce353c4,,contestants/E10/13-archives/E10-grandchallenge-MATHSOLVE-adcfa0537f43327f4bb9acfe1692f757fce353c4.zip,MATHSOLVE-adcfa0537f43327f4bb9acfe1692f757fce353c4/handoffs/BSD-001/WP48_FRONTIER.md,,5de1965e,Filename/path inference; editable in the app
345136,handoffs/BSD-001/WP49_FRONTIER.md,General / shared,3299,Pinned collected revision; final designation governed by team receipt | 2fd9fd643bf3e9e98d121dc2e7af1cf1be411ae2,https://codeload.github.com/grandchallenge/MATHSOLVE/zip/2fd9fd643bf3e9e98d121dc2e7af1cf1be411ae2,,contestants/E10/13-archives/E10-grandchallenge-MATHSOLVE-2fd9fd643bf3e9e98d121dc2e7af1cf1be411ae2.zip,MATHSOLVE-2fd9fd643bf3e9e98d121dc2e7af1cf1be411ae2/handoffs/BSD-001/WP49_FRONTIER.md,,96c1ee20,Filename/path inference; editable in the app
348198,handoffs/BSD-001/WP49_FRONTIER.md,General / shared,3299,Latest public revision collected separately; not an author-designated final | adcfa0537f43327f4bb9acfe1692f757fce353c4,https://codeload.github.com/grandchallenge/MATHSOLVE/zip/adcfa0537f43327f4bb9acfe1692f757fce353c4,,contestants/E10/13-archives/E10-grandchallenge-MATHSOLVE-adcfa0537f43327f4bb9acfe1692f757fce353c4.zip,MATHSOLVE-adcfa0537f43327f4bb9acfe1692f757fce353c4/handoffs/BSD-001/WP49_FRONTIER.md,,96c1ee20,Filename/path inference; editable in the app
345137,handoffs/BSD-001/WP50_FRONTIER.md,General / shared,2296,Pinned collected revision; final designation governed by team receipt | 2fd9fd643bf3e9e98d121dc2e7af1cf1be411ae2,https://codeload.github.com/grandchallenge/MATHSOLVE/zip/2fd9fd643bf3e9e98d121dc2e7af1cf1be411ae2,,contestants/E10/13-archives/E10-grandchallenge-MATHSOLVE-2fd9fd643bf3e9e98d121dc2e7af1cf1be411ae2.zip,MATHSOLVE-2fd9fd643bf3e9e98d121dc2e7af1cf1be411ae2/handoffs/BSD-001/WP50_FRONTIER.md,,a7ef5554,Filename/path inference; editable in the app
348199,handoffs/BSD-001/WP50_FRONTIER.md,General / shared,2296,Latest public revision collected separately; not an author-designated final | adcfa0537f43327f4bb9acfe1692f757fce353c4,https://codeload.github.com/grandchallenge/MATHSOLVE/zip/adcfa0537f43327f4bb9acfe1692f757fce353c4,,contestants/E10/13-archives/E10-grandchallenge-MATHSOLVE-adcfa0537f43327f4bb9acfe1692f757fce353c4.zip,MATHSOLVE-adcfa0537f43327f4bb9acfe1692f757fce353c4/handoffs/BSD-001/WP50_FRONTIER.md,,a7ef5554,Filename/path inference; editable in the app
345138,handoffs/BSD-001/WP51_FRONTIER.md,General / shared,2909,Pinned collected revision; final designation governed by team receipt | 2fd9fd643bf3e9e98d121dc2e7af1cf1be411ae2,https://codeload.github.com/grandchallenge/MATHSOLVE/zip/2fd9fd643bf3e9e98d121dc2e7af1cf1be411ae2,,contestants/E10/13-archives/E10-grandchallenge-MATHSOLVE-2fd9fd643bf3e9e98d121dc2e7af1cf1be411ae2.zip,MATHSOLVE-2fd9fd643bf3e9e98d121dc2e7af1cf1be411ae2/handoffs/BSD-001/WP51_FRONTIER.md,,740bca79,Filename/path inference; editable in the app
348200,handoffs/BSD-001/WP51_FRONTIER.md,General / shared,2909,Latest public revision collected separately; not an author-designated final | adcfa0537f43327f4bb9acfe1692f757fce353c4,https://codeload.github.com/grandchallenge/MATHSOLVE/zip/adcfa0537f43327f4bb9acfe1692f757fce353c4,,contestants/E10/13-archives/E10-grandchallenge-MATHSOLVE-adcfa0537f43327f4bb9acfe1692f757fce353c4.zip,MATHSOLVE-adcfa0537f43327f4bb9acfe1692f757fce353c4/handoffs/BSD-001/WP51_FRONTIER.md,,740bca79,Filename/path inference; editable in the app
345139,handoffs/BSD-001/WP52_FRONTIER.md,General / shared,3160,Pinned collected revision; final designation governed by team receipt | 2fd9fd643bf3e9e98d121dc2e7af1cf1be411ae2,https://codeload.github.com/grandchallenge/MATHSOLVE/zip/2fd9fd643bf3e9e98d121dc2e7af1cf1be411ae2,,contestants/E10/13-archives/E10-grandchallenge-MATHSOLVE-2fd9fd643bf3e9e98d121dc2e7af1cf1be411ae2.zip,MATHSOLVE-2fd9fd643bf3e9e98d121dc2e7af1cf1be411ae2/handoffs/BSD-001/WP52_FRONTIER.md,,cc8a1319,Filename/path inference; editable in the app
348201,handoffs/BSD-001/WP52_FRONTIER.md,General / shared,3160,Latest public revision collected separately; not an author-designated final | adcfa0537f43327f4bb9acfe1692f757fce353c4,https://codeload.github.com/grandchallenge/MATHSOLVE/zip/adcfa0537f43327f4bb9acfe1692f757fce353c4,,contestants/E10/13-archives/E10-grandchallenge-MATHSOLVE-adcfa0537f43327f4bb9acfe1692f757fce353c4.zip,MATHSOLVE-adcfa0537f43327f4bb9acfe1692f757fce353c4/handoffs/BSD-001/WP52_FRONTIER.md,,cc8a1319,Filename/path inference; editable in the app
345140,handoffs/BSD-001/WP53_FRONTIER.md,General / shared,3119,Pinned collected revision; final designation governed by team receipt | 2fd9fd643bf3e9e98d121dc2e7af1cf1be411ae2,https://codeload.github.com/grandchallenge/MATHSOLVE/zip/2fd9fd643bf3e9e98d121dc2e7af1cf1be411ae2,,contestants/E10/13-archives/E10-grandchallenge-MATHSOLVE-2fd9fd643bf3e9e98d121dc2e7af1cf1be411ae2.zip,MATHSOLVE-2fd9fd643bf3e9e98d121dc2e7af1cf1be411ae2/handoffs/BSD-001/WP53_FRONTIER.md,,b5696a91,Filename/path inference; editable in the app
348202,handoffs/BSD-001/WP53_FRONTIER.md,General / shared,3119,Latest public revision collected separately; not an author-designated final | adcfa0537f43327f4bb9acfe1692f757fce353c4,https://codeload.github.com/grandchallenge/MATHSOLVE/zip/adcfa0537f43327f4bb9acfe1692f757fce353c4,,contestants/E10/13-archives/E10-grandchallenge-MATHSOLVE-adcfa0537f43327f4bb9acfe1692f757fce353c4.zip,MATHSOLVE-adcfa0537f43327f4bb9acfe1692f757fce353c4/handoffs/BSD-001/WP53_FRONTIER.md,,b5696a91,Filename/path inference; editable in the app
345141,handoffs/BSD-001/WP54_FRONTIER.md,General / shared,3819,Pinned collected revision; final designation governed by team receipt | 2fd9fd643bf3e9e98d121dc2e7af1cf1be411ae2,https://codeload.github.com/grandchallenge/MATHSOLVE/zip/2fd9fd643bf3e9e98d121dc2e7af1cf1be411ae2,,contestants/E10/13-archives/E10-grandchallenge-MATHSOLVE-2fd9fd643bf3e9e98d121dc2e7af1cf1be411ae2.zip,MATHSOLVE-2fd9fd643bf3e9e98d121dc2e7af1cf1be411ae2/handoffs/BSD-001/WP54_FRONTIER.md,,f1fc2a99,Filename/path inference; editable in the app
348203,handoffs/BSD-001/WP54_FRONTIER.md,General / shared,3819,Latest public revision collected separately; not an author-designated final | adcfa0537f43327f4bb9acfe1692f757fce353c4,https://codeload.github.com/grandchallenge/MATHSOLVE/zip/adcfa0537f43327f4bb9acfe1692f757fce353c4,,contestants/E10/13-archives/E10-grandchallenge-MATHSOLVE-adcfa0537f43327f4bb9acfe1692f757fce353c4.zip,MATHSOLVE-adcfa0537f43327f4bb9acfe1692f757fce353c4/handoffs/BSD-001/WP54_FRONTIER.md,,f1fc2a99,Filename/path inference; editable in the app
345142,handoffs/BSD-001/WP55_FRONTIER.md,General / shared,3433,Pinned collected revision; final designation governed by team receipt | 2fd9fd643bf3e9e98d121dc2e7af1cf1be411ae2,https://codeload.github.com/grandchallenge/MATHSOLVE/zip/2fd9fd643bf3e9e98d121dc2e7af1cf1be411ae2,,contestants/E10/13-archives/E10-grandchallenge-MATHSOLVE-2fd9fd643bf3e9e98d121dc2e7af1cf1be411ae2.zip,MATHSOLVE-2fd9fd643bf3e9e98d121dc2e7af1cf1be411ae2/handoffs/BSD-001/WP55_FRONTIER.md,,97e716fe,Filename/path inference; editable in the app
348204,handoffs/BSD-001/WP55_FRONTIER.md,General / shared,3433,Latest public revision collected separately; not an author-designated final | adcfa0537f43327f4bb9acfe1692f757fce353c4,https://codeload.github.com/grandchallenge/MATHSOLVE/zip/adcfa0537f43327f4bb9acfe1692f757fce353c4,,contestants/E10/13-archives/E10-grandchallenge-MATHSOLVE-adcfa0537f43327f4bb9acfe1692f757fce353c4.zip,MATHSOLVE-adcfa0537f43327f4bb9acfe1692f757fce353c4/handoffs/BSD-001/WP55_FRONTIER.md,,97e716fe,Filename/path inference; editable in the app
345143,handoffs/BSD-001/WP56_FRONTIER.md,General / shared,3226,Pinned collected revision; final designation governed by team receipt | 2fd9fd643bf3e9e98d121dc2e7af1cf1be411ae2,https://codeload.github.com/grandchallenge/MATHSOLVE/zip/2fd9fd643bf3e9e98d121dc2e7af1cf1be411ae2,,contestants/E10/13-archives/E10-grandchallenge-MATHSOLVE-2fd9fd643bf3e9e98d121dc2e7af1cf1be411ae2.zip,MATHSOLVE-2fd9fd643bf3e9e98d121dc2e7af1cf1be411ae2/handoffs/BSD-001/WP56_FRONTIER.md,,8049d367,Filename/path inference; editable in the app
348205,handoffs/BSD-001/WP56_FRONTIER.md,General / shared,3226,Latest public revision collected separately; not an author-designated final | adcfa0537f43327f4bb9acfe1692f757fce353c4,https://codeload.github.com/grandchallenge/MATHSOLVE/zip/adcfa0537f43327f4bb9acfe1692f757fce353c4,,contestants/E10/13-archives/E10-grandchallenge-MATHSOLVE-adcfa0537f43327f4bb9acfe1692f757fce353c4.zip,MATHSOLVE-adcfa0537f43327f4bb9acfe1692f757fce353c4/handoffs/BSD-001/WP56_FRONTIER.md,,8049d367,Filename/path inference; editable in the app
345144,handoffs/BSD-001/WP57_FRONTIER.md,General / shared,3729,Pinned collected revision; final designation governed by team receipt | 2fd9fd643bf3e9e98d121dc2e7af1cf1be411ae2,https://codeload.github.com/grandchallenge/MATHSOLVE/zip/2fd9fd643bf3e9e98d121dc2e7af1cf1be411ae2,,contestants/E10/13-archives/E10-grandchallenge-MATHSOLVE-2fd9fd643bf3e9e98d121dc2e7af1cf1be411ae2.zip,MATHSOLVE-2fd9fd643bf3e9e98d121dc2e7af1cf1be411ae2/handoffs/BSD-001/WP57_FRONTIER.md,,63ee783b,Filename/path inference; editable in the app
348206,handoffs/BSD-001/WP57_FRONTIER.md,General / shared,3729,Latest public revision collected separately; not an author-designated final | adcfa0537f43327f4bb9acfe1692f757fce353c4,https://codeload.github.com/grandchallenge/MATHSOLVE/zip/adcfa0537f43327f4bb9acfe1692f757fce353c4,,contestants/E10/13-archives/E10-grandchallenge-MATHSOLVE-adcfa0537f43327f4bb9acfe1692f757fce353c4.zip,MATHSOLVE-adcfa0537f43327f4bb9acfe1692f757fce353c4/handoffs/BSD-001/WP57_FRONTIER.md,,63ee783b,Filename/path inference; editable in the app
345145,handoffs/BSD-001/WP58_FRONTIER.md,General / shared,3699,Pinned collected revision; final designation governed by team receipt | 2fd9fd643bf3e9e98d121dc2e7af1cf1be411ae2,https://codeload.github.com/grandchallenge/MATHSOLVE/zip/2fd9fd643bf3e9e98d121dc2e7af1cf1be411ae2,,contestants/E10/13-archives/E10-grandchallenge-MATHSOLVE-2fd9fd643bf3e9e98d121dc2e7af1cf1be411ae2.zip,MATHSOLVE-2fd9fd643bf3e9e98d121dc2e7af1cf1be411ae2/handoffs/BSD-001/WP58_FRONTIER.md,,71db1153,Filename/path inference; editable in the app
348207,handoffs/BSD-001/WP58_FRONTIER.md,General / shared,3699,Latest public revision collected separately; not an author-designated final | adcfa0537f43327f4bb9acfe1692f757fce353c4,https://codeload.github.com/grandchallenge/MATHSOLVE/zip/adcfa0537f43327f4bb9acfe1692f757fce353c4,,contestants/E10/13-archives/E10-grandchallenge-MATHSOLVE-adcfa0537f43327f4bb9acfe1692f757fce353c4.zip,MATHSOLVE-adcfa0537f43327f4bb9acfe1692f757fce353c4/handoffs/BSD-001/WP58_FRONTIER.md,,71db1153,Filename/path inference; editable in the app
345146,handoffs/BSD-001/WP59_FRONTIER.md,General / shared,3889,Pinned collected revision; final designation governed by team receipt | 2fd9fd643bf3e9e98d121dc2e7af1cf1be411ae2,https://codeload.github.com/grandchallenge/MATHSOLVE/zip/2fd9fd643bf3e9e98d121dc2e7af1cf1be411ae2,,contestants/E10/13-archives/E10-grandchallenge-MATHSOLVE-2fd9fd643bf3e9e98d121dc2e7af1cf1be411ae2.zip,MATHSOLVE-2fd9fd643bf3e9e98d121dc2e7af1cf1be411ae2/handoffs/BSD-001/WP59_FRONTIER.md,,174067dd,Filename/path inference; editable in the app
348208,handoffs/BSD-001/WP59_FRONTIER.md,General / shared,3889,Latest public revision collected separately; not an author-designated final | adcfa0537f43327f4bb9acfe1692f757fce353c4,https://codeload.github.com/grandchallenge/MATHSOLVE/zip/adcfa0537f43327f4bb9acfe1692f757fce353c4,,contestants/E10/13-archives/E10-grandchallenge-MATHSOLVE-adcfa0537f43327f4bb9acfe1692f757fce353c4.zip,MATHSOLVE-adcfa0537f43327f4bb9acfe1692f757fce353c4/handoffs/BSD-001/WP59_FRONTIER.md,,174067dd,Filename/path inference; editable in the app
345147,handoffs/BSD-001/WP60A_A0_FRONTIER.md,General / shared,4766,Pinned collected revision; final designation governed by team receipt | 2fd9fd643bf3e9e98d121dc2e7af1cf1be411ae2,https://codeload.github.com/grandchallenge/MATHSOLVE/zip/2fd9fd643bf3e9e98d121dc2e7af1cf1be411ae2,,contestants/E10/13-archives/E10-grandchallenge-MATHSOLVE-2fd9fd643bf3e9e98d121dc2e7af1cf1be411ae2.zip,MATHSOLVE-2fd9fd643bf3e9e98d121dc2e7af1cf1be411ae2/handoffs/BSD-001/WP60A_A0_FRONTIER.md,,a86d433a,Filename/path inference; editable in the app
348209,handoffs/BSD-001/WP60A_A0_FRONTIER.md,General / shared,4766,Latest public revision collected separately; not an author-designated final | adcfa0537f43327f4bb9acfe1692f757fce353c4,https://codeload.github.com/grandchallenge/MATHSOLVE/zip/adcfa0537f43327f4bb9acfe1692f757fce353c4,,contestants/E10/13-archives/E10-grandchallenge-MATHSOLVE-adcfa0537f43327f4bb9acfe1692f757fce353c4.zip,MATHSOLVE-adcfa0537f43327f4bb9acfe1692f757fce353c4/handoffs/BSD-001/WP60A_A0_FRONTIER.md,,a86d433a,Filename/path inference; editable in the app
345148,handoffs/BSD-001/WP60A_A1_FRONTIER.md,General / shared,3520,Pinned collected revision; final designation governed by team receipt | 2fd9fd643bf3e9e98d121dc2e7af1cf1be411ae2,https://codeload.github.com/grandchallenge/MATHSOLVE/zip/2fd9fd643bf3e9e98d121dc2e7af1cf1be411ae2,,contestants/E10/13-archives/E10-grandchallenge-MATHSOLVE-2fd9fd643bf3e9e98d121dc2e7af1cf1be411ae2.zip,MATHSOLVE-2fd9fd643bf3e9e98d121dc2e7af1cf1be411ae2/handoffs/BSD-001/WP60A_A1_FRONTIER.md,,d4ea8f08,Filename/path inference; editable in the app
348210,handoffs/BSD-001/WP60A_A1_FRONTIER.md,General / shared,3520,Latest public revision collected separately; not an author-designated final | adcfa0537f43327f4bb9acfe1692f757fce353c4,https://codeload.github.com/grandchallenge/MATHSOLVE/zip/adcfa0537f43327f4bb9acfe1692f757fce353c4,,contestants/E10/13-archives/E10-grandchallenge-MATHSOLVE-adcfa0537f43327f4bb9acfe1692f757fce353c4.zip,MATHSOLVE-adcfa0537f43327f4bb9acfe1692f757fce353c4/handoffs/BSD-001/WP60A_A1_FRONTIER.md,,d4ea8f08,Filename/path inference; editable in the app
345149,handoffs/BSD-001/WP60B_FRONTIER.md,General / shared,3483,Pinned collected revision; final designation governed by team receipt | 2fd9fd643bf3e9e98d121dc2e7af1cf1be411ae2,https://codeload.github.com/grandchallenge/MATHSOLVE/zip/2fd9fd643bf3e9e98d121dc2e7af1cf1be411ae2,,contestants/E10/13-archives/E10-grandchallenge-MATHSOLVE-2fd9fd643bf3e9e98d121dc2e7af1cf1be411ae2.zip,MATHSOLVE-2fd9fd643bf3e9e98d121dc2e7af1cf1be411ae2/handoffs/BSD-001/WP60B_FRONTIER.md,,81d0d495,Filename/path inference; editable in the app
348211,handoffs/BSD-001/WP60B_FRONTIER.md,General / shared,3483,Latest public revision collected separately; not an author-designated final | adcfa0537f43327f4bb9acfe1692f757fce353c4,https://codeload.github.com/grandchallenge/MATHSOLVE/zip/adcfa0537f43327f4bb9acfe1692f757fce353c4,,contestants/E10/13-archives/E10-grandchallenge-MATHSOLVE-adcfa0537f43327f4bb9acfe1692f757fce353c4.zip,MATHSOLVE-adcfa0537f43327f4bb9acfe1692f757fce353c4/handoffs/BSD-001/WP60B_FRONTIER.md,,81d0d495,Filename/path inference; editable in the app
345150,handoffs/BSD-001/WP60D_FRONTIER.md,General / shared,2791,Pinned collected revision; final designation governed by team receipt | 2fd9fd643bf3e9e98d121dc2e7af1cf1be411ae2,https://codeload.github.com/grandchallenge/MATHSOLVE/zip/2fd9fd643bf3e9e98d121dc2e7af1cf1be411ae2,,contestants/E10/13-archives/E10-grandchallenge-MATHSOLVE-2fd9fd643bf3e9e98d121dc2e7af1cf1be411ae2.zip,MATHSOLVE-2fd9fd643bf3e9e98d121dc2e7af1cf1be411ae2/handoffs/BSD-001/WP60D_FRONTIER.md,,2a692e0d,Filename/path inference; editable in the app
348212,handoffs/BSD-001/WP60D_FRONTIER.md,General / shared,2791,Latest public revision collected separately; not an author-designated final | adcfa0537f43327f4bb9acfe1692f757fce353c4,https://codeload.github.com/grandchallenge/MATHSOLVE/zip/adcfa0537f43327f4bb9acfe1692f757fce353c4,,contestants/E10/13-archives/E10-grandchallenge-MATHSOLVE-adcfa0537f43327f4bb9acfe1692f757fce353c4.zip,MATHSOLVE-adcfa0537f43327f4bb9acfe1692f757fce353c4/handoffs/BSD-001/WP60D_FRONTIER.md,,2a692e0d,Filename/path inference; editable in the app
345151,handoffs/BSD-001/WP60E_FRONTIER.md,General / shared,3390,Pinned collected revision; final designation governed by team receipt | 2fd9fd643bf3e9e98d121dc2e7af1cf1be411ae2,https://codeload.github.com/grandchallenge/MATHSOLVE/zip/2fd9fd643bf3e9e98d121dc2e7af1cf1be411ae2,,contestants/E10/13-archives/E10-grandchallenge-MATHSOLVE-2fd9fd643bf3e9e98d121dc2e7af1cf1be411ae2.zip,MATHSOLVE-2fd9fd643bf3e9e98d121dc2e7af1cf1be411ae2/handoffs/BSD-001/WP60E_FRONTIER.md,,708e5016,Filename/path inference; editable in the app
348213,handoffs/BSD-001/WP60E_FRONTIER.md,General / shared,3390,Latest public revision collected separately; not an author-designated final | adcfa0537f43327f4bb9acfe1692f757fce353c4,https://codeload.github.com/grandchallenge/MATHSOLVE/zip/adcfa0537f43327f4bb9acfe1692f757fce353c4,,contestants/E10/13-archives/E10-grandchallenge-MATHSOLVE-adcfa0537f43327f4bb9acfe1692f757fce353c4.zip,MATHSOLVE-adcfa0537f43327f4bb9acfe1692f757fce353c4/handoffs/BSD-001/WP60E_FRONTIER.md,,708e5016,Filename/path inference; editable in the app
345152,handoffs/BSD-001/WP60F_FRONTIER.md,General / shared,3510,Pinned collected revision; final designation governed by team receipt | 2fd9fd643bf3e9e98d121dc2e7af1cf1be411ae2,https://codeload.github.com/grandchallenge/MATHSOLVE/zip/2fd9fd643bf3e9e98d121dc2e7af1cf1be411ae2,,contestants/E10/13-archives/E10-grandchallenge-MATHSOLVE-2fd9fd643bf3e9e98d121dc2e7af1cf1be411ae2.zip,MATHSOLVE-2fd9fd643bf3e9e98d121dc2e7af1cf1be411ae2/handoffs/BSD-001/WP60F_FRONTIER.md,,b825b9d1,Filename/path inference; editable in the app
348214,handoffs/BSD-001/WP60F_FRONTIER.md,General / shared,3510,Latest public revision collected separately; not an author-designated final | adcfa0537f43327f4bb9acfe1692f757fce353c4,https://codeload.github.com/grandchallenge/MATHSOLVE/zip/adcfa0537f43327f4bb9acfe1692f757fce353c4,,contestants/E10/13-archives/E10-grandchallenge-MATHSOLVE-adcfa0537f43327f4bb9acfe1692f757fce353c4.zip,MATHSOLVE-adcfa0537f43327f4bb9acfe1692f757fce353c4/handoffs/BSD-001/WP60F_FRONTIER.md,,b825b9d1,Filename/path inference; editable in the app
345153,handoffs/BSD-001/WP60G_FRONTIER.md,General / shared,4206,Pinned collected revision; final designation governed by team receipt | 2fd9fd643bf3e9e98d121dc2e7af1cf1be411ae2,https://codeload.github.com/grandchallenge/MATHSOLVE/zip/2fd9fd643bf3e9e98d121dc2e7af1cf1be411ae2,,contestants/E10/13-archives/E10-grandchallenge-MATHSOLVE-2fd9fd643bf3e9e98d121dc2e7af1cf1be411ae2.zip,MATHSOLVE-2fd9fd643bf3e9e98d121dc2e7af1cf1be411ae2/handoffs/BSD-001/WP60G_FRONTIER.md,,aade7f5b,Filename/path inference; editable in the app
348215,handoffs/BSD-001/WP60G_FRONTIER.md,General / shared,4206,Latest public revision collected separately; not an author-designated final | adcfa0537f43327f4bb9acfe1692f757fce353c4,https://codeload.github.com/grandchallenge/MATHSOLVE/zip/adcfa0537f43327f4bb9acfe1692f757fce353c4,,contestants/E10/13-archives/E10-grandchallenge-MATHSOLVE-adcfa0537f43327f4bb9acfe1692f757fce353c4.zip,MATHSOLVE-adcfa0537f43327f4bb9acfe1692f757fce353c4/handoffs/BSD-001/WP60G_FRONTIER.md,,aade7f5b,Filename/path inference; editable in the app
345154,handoffs/BSD-001/WP60H_FRONTIER.md,General / shared,4462,Pinned collected revision; final designation governed by team receipt | 2fd9fd643bf3e9e98d121dc2e7af1cf1be411ae2,https://codeload.github.com/grandchallenge/MATHSOLVE/zip/2fd9fd643bf3e9e98d121dc2e7af1cf1be411ae2,,contestants/E10/13-archives/E10-grandchallenge-MATHSOLVE-2fd9fd643bf3e9e98d121dc2e7af1cf1be411ae2.zip,MATHSOLVE-2fd9fd643bf3e9e98d121dc2e7af1cf1be411ae2/handoffs/BSD-001/WP60H_FRONTIER.md,,f80e826e,Filename/path inference; editable in the app
348216,handoffs/BSD-001/WP60H_FRONTIER.md,General / shared,4462,Latest public revision collected separately; not an author-designated final | adcfa0537f43327f4bb9acfe1692f757fce353c4,https://codeload.github.com/grandchallenge/MATHSOLVE/zip/adcfa0537f43327f4bb9acfe1692f757fce353c4,,contestants/E10/13-archives/E10-grandchallenge-MATHSOLVE-adcfa0537f43327f4bb9acfe1692f757fce353c4.zip,MATHSOLVE-adcfa0537f43327f4bb9acfe1692f757fce353c4/handoffs/BSD-001/WP60H_FRONTIER.md,,f80e826e,Filename/path inference; editable in the app
345155,handoffs/BSD-001/WP60I_FRONTIER.md,General / shared,2866,Pinned collected revision; final designation governed by team receipt | 2fd9fd643bf3e9e98d121dc2e7af1cf1be411ae2,https://codeload.github.com/grandchallenge/MATHSOLVE/zip/2fd9fd643bf3e9e98d121dc2e7af1cf1be411ae2,,contestants/E10/13-archives/E10-grandchallenge-MATHSOLVE-2fd9fd643bf3e9e98d121dc2e7af1cf1be411ae2.zip,MATHSOLVE-2fd9fd643bf3e9e98d121dc2e7af1cf1be411ae2/handoffs/BSD-001/WP60I_FRONTIER.md,,a41bd33b,Filename/path inference; editable in the app
348217,handoffs/BSD-001/WP60I_FRONTIER.md,General / shared,2866,Latest public revision collected separately; not an author-designated final | adcfa0537f43327f4bb9acfe1692f757fce353c4,https://codeload.github.com/grandchallenge/MATHSOLVE/zip/adcfa0537f43327f4bb9acfe1692f757fce353c4,,contestants/E10/13-archives/E10-grandchallenge-MATHSOLVE-adcfa0537f43327f4bb9acfe1692f757fce353c4.zip,MATHSOLVE-adcfa0537f43327f4bb9acfe1692f757fce353c4/handoffs/BSD-001/WP60I_FRONTIER.md,,a41bd33b,Filename/path inference; editable in the app
345156,handoffs/BSD-001/WP60J_FRONTIER.md,General / shared,1782,Pinned collected revision; final designation governed by team receipt | 2fd9fd643bf3e9e98d121dc2e7af1cf1be411ae2,https://codeload.github.com/grandchallenge/MATHSOLVE/zip/2fd9fd643bf3e9e98d121dc2e7af1cf1be411ae2,,contestants/E10/13-archives/E10-grandchallenge-MATHSOLVE-2fd9fd643bf3e9e98d121dc2e7af1cf1be411ae2.zip,MATHSOLVE-2fd9fd643bf3e9e98d121dc2e7af1cf1be411ae2/handoffs/BSD-001/WP60J_FRONTIER.md,,2ea30d6f,Filename/path inference; editable in the app
348218,handoffs/BSD-001/WP60J_FRONTIER.md,General / shared,1782,Latest public revision collected separately; not an author-designated final | adcfa0537f43327f4bb9acfe1692f757fce353c4,https://codeload.github.com/grandchallenge/MATHSOLVE/zip/adcfa0537f43327f4bb9acfe1692f757fce353c4,,contestants/E10/13-archives/E10-grandchallenge-MATHSOLVE-adcfa0537f43327f4bb9acfe1692f757fce353c4.zip,MATHSOLVE-adcfa0537f43327f4bb9acfe1692f757fce353c4/handoffs/BSD-001/WP60J_FRONTIER.md,,2ea30d6f,Filename/path inference; editable in the app
345157,handoffs/BSD-001/WP60K_FRONTIER.md,General / shared,2227,Pinned collected revision; final designation governed by team receipt | 2fd9fd643bf3e9e98d121dc2e7af1cf1be411ae2,https://codeload.github.com/grandchallenge/MATHSOLVE/zip/2fd9fd643bf3e9e98d121dc2e7af1cf1be411ae2,,contestants/E10/13-archives/E10-grandchallenge-MATHSOLVE-2fd9fd643bf3e9e98d121dc2e7af1cf1be411ae2.zip,MATHSOLVE-2fd9fd643bf3e9e98d121dc2e7af1cf1be411ae2/handoffs/BSD-001/WP60K_FRONTIER.md,,55a9d4a2,Filename/path inference; editable in the app
348219,handoffs/BSD-001/WP60K_FRONTIER.md,General / shared,2227,Latest public revision collected separately; not an author-designated final | adcfa0537f43327f4bb9acfe1692f757fce353c4,https://codeload.github.com/grandchallenge/MATHSOLVE/zip/adcfa0537f43327f4bb9acfe1692f757fce353c4,,contestants/E10/13-archives/E10-grandchallenge-MATHSOLVE-adcfa0537f43327f4bb9acfe1692f757fce353c4.zip,MATHSOLVE-adcfa0537f43327f4bb9acfe1692f757fce353c4/handoffs/BSD-001/WP60K_FRONTIER.md,,55a9d4a2,Filename/path inference; editable in the app
345158,handoffs/BSD-001/WP60L_FRONTIER.md,General / shared,3322,Pinned collected revision; final designation governed by team receipt | 2fd9fd643bf3e9e98d121dc2e7af1cf1be411ae2,https://codeload.github.com/grandchallenge/MATHSOLVE/zip/2fd9fd643bf3e9e98d121dc2e7af1cf1be411ae2,,contestants/E10/13-archives/E10-grandchallenge-MATHSOLVE-2fd9fd643bf3e9e98d121dc2e7af1cf1be411ae2.zip,MATHSOLVE-2fd9fd643bf3e9e98d121dc2e7af1cf1be411ae2/handoffs/BSD-001/WP60L_FRONTIER.md,,a0c7ad37,Filename/path inference; editable in the app
348220,handoffs/BSD-001/WP60L_FRONTIER.md,General / shared,3322,Latest public revision collected separately; not an author-designated final | adcfa0537f43327f4bb9acfe1692f757fce353c4,https://codeload.github.com/grandchallenge/MATHSOLVE/zip/adcfa0537f43327f4bb9acfe1692f757fce353c4,,contestants/E10/13-archives/E10-grandchallenge-MATHSOLVE-adcfa0537f43327f4bb9acfe1692f757fce353c4.zip,MATHSOLVE-adcfa0537f43327f4bb9acfe1692f757fce353c4/handoffs/BSD-001/WP60L_FRONTIER.md,,a0c7ad37,Filename/path inference; editable in the app
345159,handoffs/BSD-001/WP60M_FRONTIER.md,General / shared,2349,Pinned collected revision; final designation governed by team receipt | 2fd9fd643bf3e9e98d121dc2e7af1cf1be411ae2,https://codeload.github.com/grandchallenge/MATHSOLVE/zip/2fd9fd643bf3e9e98d121dc2e7af1cf1be411ae2,,contestants/E10/13-archives/E10-grandchallenge-MATHSOLVE-2fd9fd643bf3e9e98d121dc2e7af1cf1be411ae2.zip,MATHSOLVE-2fd9fd643bf3e9e98d121dc2e7af1cf1be411ae2/handoffs/BSD-001/WP60M_FRONTIER.md,,75eea733,Filename/path inference; editable in the app
348221,handoffs/BSD-001/WP60M_FRONTIER.md,General / shared,2349,Latest public revision collected separately; not an author-designated final | adcfa0537f43327f4bb9acfe1692f757fce353c4,https://codeload.github.com/grandchallenge/MATHSOLVE/zip/adcfa0537f43327f4bb9acfe1692f757fce353c4,,contestants/E10/13-archives/E10-grandchallenge-MATHSOLVE-adcfa0537f43327f4bb9acfe1692f757fce353c4.zip,MATHSOLVE-adcfa0537f43327f4bb9acfe1692f757fce353c4/handoffs/BSD-001/WP60M_FRONTIER.md,,75eea733,Filename/path inference; editable in the app
345160,handoffs/BSD-001/WP60N_FRONTIER.md,General / shared,2444,Pinned collected revision; final designation governed by team receipt | 2fd9fd643bf3e9e98d121dc2e7af1cf1be411ae2,https://codeload.github.com/grandchallenge/MATHSOLVE/zip/2fd9fd643bf3e9e98d121dc2e7af1cf1be411ae2,,contestants/E10/13-archives/E10-grandchallenge-MATHSOLVE-2fd9fd643bf3e9e98d121dc2e7af1cf1be411ae2.zip,MATHSOLVE-2fd9fd643bf3e9e98d121dc2e7af1cf1be411ae2/handoffs/BSD-001/WP60N_FRONTIER.md,,b1132527,Filename/path inference; editable in the app
348222,handoffs/BSD-001/WP60N_FRONTIER.md,General / shared,2444,Latest public revision collected separately; not an author-designated final | adcfa0537f43327f4bb9acfe1692f757fce353c4,https://codeload.github.com/grandchallenge/MATHSOLVE/zip/adcfa0537f43327f4bb9acfe1692f757fce353c4,,contestants/E10/13-archives/E10-grandchallenge-MATHSOLVE-adcfa0537f43327f4bb9acfe1692f757fce353c4.zip,MATHSOLVE-adcfa0537f43327f4bb9acfe1692f757fce353c4/handoffs/BSD-001/WP60N_FRONTIER.md,,b1132527,Filename/path inference; editable in the app
345161,handoffs/BSD-001/WP60Q_FRONTIER.md,General / shared,1804,Pinned collected revision; final designation governed by team receipt | 2fd9fd643bf3e9e98d121dc2e7af1cf1be411ae2,https://codeload.github.com/grandchallenge/MATHSOLVE/zip/2fd9fd643bf3e9e98d121dc2e7af1cf1be411ae2,,contestants/E10/13-archives/E10-grandchallenge-MATHSOLVE-2fd9fd643bf3e9e98d121dc2e7af1cf1be411ae2.zip,MATHSOLVE-2fd9fd643bf3e9e98d121dc2e7af1cf1be411ae2/handoffs/BSD-001/WP60Q_FRONTIER.md,,408e7997,Filename/path inference; editable in the app
348223,handoffs/BSD-001/WP60Q_FRONTIER.md,General / shared,1804,Latest public revision collected separately; not an author-designated final | adcfa0537f43327f4bb9acfe1692f757fce353c4,https://codeload.github.com/grandchallenge/MATHSOLVE/zip/adcfa0537f43327f4bb9acfe1692f757fce353c4,,contestants/E10/13-archives/E10-grandchallenge-MATHSOLVE-adcfa0537f43327f4bb9acfe1692f757fce353c4.zip,MATHSOLVE-adcfa0537f43327f4bb9acfe1692f757fce353c4/handoffs/BSD-001/WP60Q_FRONTIER.md,,408e7997,Filename/path inference; editable in the app
345162,handoffs/BSD-001/WP60R_FRONTIER.md,General / shared,4353,Pinned collected revision; final designation governed by team receipt | 2fd9fd643bf3e9e98d121dc2e7af1cf1be411ae2,https://codeload.github.com/grandchallenge/MATHSOLVE/zip/2fd9fd643bf3e9e98d121dc2e7af1cf1be411ae2,,contestants/E10/13-archives/E10-grandchallenge-MATHSOLVE-2fd9fd643bf3e9e98d121dc2e7af1cf1be411ae2.zip,MATHSOLVE-2fd9fd643bf3e9e98d121dc2e7af1cf1be411ae2/handoffs/BSD-001/WP60R_FRONTIER.md,,a4d0a755,Filename/path inference; editable in the app
348224,handoffs/BSD-001/WP60R_FRONTIER.md,General / shared,4353,Latest public revision collected separately; not an author-designated final | adcfa0537f43327f4bb9acfe1692f757fce353c4,https://codeload.github.com/grandchallenge/MATHSOLVE/zip/adcfa0537f43327f4bb9acfe1692f757fce353c4,,contestants/E10/13-archives/E10-grandchallenge-MATHSOLVE-adcfa0537f43327f4bb9acfe1692f757fce353c4.zip,MATHSOLVE-adcfa0537f43327f4bb9acfe1692f757fce353c4/handoffs/BSD-001/WP60R_FRONTIER.md,,a4d0a755,Filename/path inference; editable in the app
345163,handoffs/BSD-001/WP60S_FRONTIER.md,General / shared,3131,Pinned collected revision; final designation governed by team receipt | 2fd9fd643bf3e9e98d121dc2e7af1cf1be411ae2,https://codeload.github.com/grandchallenge/MATHSOLVE/zip/2fd9fd643bf3e9e98d121dc2e7af1cf1be411ae2,,contestants/E10/13-archives/E10-grandchallenge-MATHSOLVE-2fd9fd643bf3e9e98d121dc2e7af1cf1be411ae2.zip,MATHSOLVE-2fd9fd643bf3e9e98d121dc2e7af1cf1be411ae2/handoffs/BSD-001/WP60S_FRONTIER.md,,f9af12e4,Filename/path inference; editable in the app
348225,handoffs/BSD-001/WP60S_FRONTIER.md,General / shared,3131,Latest public revision collected separately; not an author-designated final | adcfa0537f43327f4bb9acfe1692f757fce353c4,https://codeload.github.com/grandchallenge/MATHSOLVE/zip/adcfa0537f43327f4bb9acfe1692f757fce353c4,,contestants/E10/13-archives/E10-grandchallenge-MATHSOLVE-adcfa0537f43327f4bb9acfe1692f757fce353c4.zip,MATHSOLVE-adcfa0537f43327f4bb9acfe1692f757fce353c4/handoffs/BSD-001/WP60S_FRONTIER.md,,f9af12e4,Filename/path inference; editable in the app
345164,handoffs/BSD-001/WP60T_FRONTIER.md,General / shared,3737,Pinned collected revision; final designation governed by team receipt | 2fd9fd643bf3e9e98d121dc2e7af1cf1be411ae2,https://codeload.github.com/grandchallenge/MATHSOLVE/zip/2fd9fd643bf3e9e98d121dc2e7af1cf1be411ae2,,contestants/E10/13-archives/E10-grandchallenge-MATHSOLVE-2fd9fd643bf3e9e98d121dc2e7af1cf1be411ae2.zip,MATHSOLVE-2fd9fd643bf3e9e98d121dc2e7af1cf1be411ae2/handoffs/BSD-001/WP60T_FRONTIER.md,,50e47fd7,Filename/path inference; editable in the app
348226,handoffs/BSD-001/WP60T_FRONTIER.md,General / shared,3737,Latest public revision collected separately; not an author-designated final | adcfa0537f43327f4bb9acfe1692f757fce353c4,https://codeload.github.com/grandchallenge/MATHSOLVE/zip/adcfa0537f43327f4bb9acfe1692f757fce353c4,,contestants/E10/13-archives/E10-grandchallenge-MATHSOLVE-adcfa0537f43327f4bb9acfe1692f757fce353c4.zip,MATHSOLVE-adcfa0537f43327f4bb9acfe1692f757fce353c4/handoffs/BSD-001/WP60T_FRONTIER.md,,50e47fd7,Filename/path inference; editable in the app
345165,handoffs/BSD-001/WP60_FRONTIER.md,General / shared,5872,Pinned collected revision; final designation governed by team receipt | 2fd9fd643bf3e9e98d121dc2e7af1cf1be411ae2,https://codeload.github.com/grandchallenge/MATHSOLVE/zip/2fd9fd643bf3e9e98d121dc2e7af1cf1be411ae2,,contestants/E10/13-archives/E10-grandchallenge-MATHSOLVE-2fd9fd643bf3e9e98d121dc2e7af1cf1be411ae2.zip,MATHSOLVE-2fd9fd643bf3e9e98d121dc2e7af1cf1be411ae2/handoffs/BSD-001/WP60_FRONTIER.md,,a91cfd27,Filename/path inference; editable in the app
348227,handoffs/BSD-001/WP60_FRONTIER.md,General / shared,5872,Latest public revision collected separately; not an author-designated final | adcfa0537f43327f4bb9acfe1692f757fce353c4,https://codeload.github.com/grandchallenge/MATHSOLVE/zip/adcfa0537f43327f4bb9acfe1692f757fce353c4,,contestants/E10/13-archives/E10-grandchallenge-MATHSOLVE-adcfa0537f43327f4bb9acfe1692f757fce353c4.zip,MATHSOLVE-adcfa0537f43327f4bb9acfe1692f757fce353c4/handoffs/BSD-001/WP60_FRONTIER.md,,a91cfd27,Filename/path inference; editable in the app
345166,handoffs/HC-001/README.md,General / shared,9098,Pinned collected revision; final designation governed by team receipt | 2fd9fd643bf3e9e98d121dc2e7af1cf1be411ae2,https://codeload.github.com/grandchallenge/MATHSOLVE/zip/2fd9fd643bf3e9e98d121dc2e7af1cf1be411ae2,,contestants/E10/13-archives/E10-grandchallenge-MATHSOLVE-2fd9fd643bf3e9e98d121dc2e7af1cf1be411ae2.zip,MATHSOLVE-2fd9fd643bf3e9e98d121dc2e7af1cf1be411ae2/handoffs/HC-001/README.md,,e2d8f3ae,Filename/path inference; editable in the app
348228,handoffs/HC-001/README.md,General / shared,9098,Latest public revision collected separately; not an author-designated final | adcfa0537f43327f4bb9acfe1692f757fce353c4,https://codeload.github.com/grandchallenge/MATHSOLVE/zip/adcfa0537f43327f4bb9acfe1692f757fce353c4,,contestants/E10/13-archives/E10-grandchallenge-MATHSOLVE-adcfa0537f43327f4bb9acfe1692f757fce353c4.zip,MATHSOLVE-adcfa0537f43327f4bb9acfe1692f757fce353c4/handoffs/HC-001/README.md,,e2d8f3ae,Filename/path inference; editable in the app
345167,handoffs/NS-CI-001/C2_MIX_DIRECTION_COMPRESSION_LEDGER_CHARGE_ZERO_CONTEXT.md,General / shared,25209,Pinned collected revision; final designation governed by team receipt | 2fd9fd643bf3e9e98d121dc2e7af1cf1be411ae2,https://codeload.github.com/grandchallenge/MATHSOLVE/zip/2fd9fd643bf3e9e98d121dc2e7af1cf1be411ae2,,contestants/E10/13-archives/E10-grandchallenge-MATHSOLVE-2fd9fd643bf3e9e98d121dc2e7af1cf1be411ae2.zip,MATHSOLVE-2fd9fd643bf3e9e98d121dc2e7af1cf1be411ae2/handoffs/NS-CI-001/C2_MIX_DIRECTION_COMPRESSION_LEDGER_CHARGE_ZERO_CONTEXT.md,,03f1267f,Filename/path inference; editable in the app
348229,handoffs/NS-CI-001/C2_MIX_DIRECTION_COMPRESSION_LEDGER_CHARGE_ZERO_CONTEXT.md,General / shared,25209,Latest public revision collected separately; not an author-designated final | adcfa0537f43327f4bb9acfe1692f757fce353c4,https://codeload.github.com/grandchallenge/MATHSOLVE/zip/adcfa0537f43327f4bb9acfe1692f757fce353c4,,contestants/E10/13-archives/E10-grandchallenge-MATHSOLVE-adcfa0537f43327f4bb9acfe1692f757fce353c4.zip,MATHSOLVE-adcfa0537f43327f4bb9acfe1692f757fce353c4/handoffs/NS-CI-001/C2_MIX_DIRECTION_COMPRESSION_LEDGER_CHARGE_ZERO_CONTEXT.md,,03f1267f,Filename/path inference; editable in the app
345168,handoffs/NS-CI-001/README.md,General / shared,69229,Pinned collected revision; final designation governed by team receipt | 2fd9fd643bf3e9e98d121dc2e7af1cf1be411ae2,https://codeload.github.com/grandchallenge/MATHSOLVE/zip/2fd9fd643bf3e9e98d121dc2e7af1cf1be411ae2,,contestants/E10/13-archives/E10-grandchallenge-MATHSOLVE-2fd9fd643bf3e9e98d121dc2e7af1cf1be411ae2.zip,MATHSOLVE-2fd9fd643bf3e9e98d121dc2e7af1cf1be411ae2/handoffs/NS-CI-001/README.md,,8e63809f,Filename/path inference; editable in the app
348230,handoffs/NS-CI-001/README.md,General / shared,69229,Latest public revision collected separately; not an author-designated final | adcfa0537f43327f4bb9acfe1692f757fce353c4,https://codeload.github.com/grandchallenge/MATHSOLVE/zip/adcfa0537f43327f4bb9acfe1692f757fce353c4,,contestants/E10/13-archives/E10-grandchallenge-MATHSOLVE-adcfa0537f43327f4bb9acfe1692f757fce353c4.zip,MATHSOLVE-adcfa0537f43327f4bb9acfe1692f757fce353c4/handoffs/NS-CI-001/README.md,,8e63809f,Filename/path inference; editable in the app
345169,handoffs/OPENMATH-2026/CEX_AGENT_ENTRYPOINT.md,General / shared,6702,Pinned collected revision; final designation governed by team receipt | 2fd9fd643bf3e9e98d121dc2e7af1cf1be411ae2,https://codeload.github.com/grandchallenge/MATHSOLVE/zip/2fd9fd643bf3e9e98d121dc2e7af1cf1be411ae2,,contestants/E10/13-archives/E10-grandchallenge-MATHSOLVE-2fd9fd643bf3e9e98d121dc2e7af1cf1be411ae2.zip,MATHSOLVE-2fd9fd643bf3e9e98d121dc2e7af1cf1be411ae2/handoffs/OPENMATH-2026/CEX_AGENT_ENTRYPOINT.md,,e8b6aaa3,Filename/path inference; editable in the app
348231,handoffs/OPENMATH-2026/CEX_AGENT_ENTRYPOINT.md,General / shared,6702,Latest public revision collected separately; not an author-designated final | adcfa0537f43327f4bb9acfe1692f757fce353c4,https://codeload.github.com/grandchallenge/MATHSOLVE/zip/adcfa0537f43327f4bb9acfe1692f757fce353c4,,contestants/E10/13-archives/E10-grandchallenge-MATHSOLVE-adcfa0537f43327f4bb9acfe1692f757fce353c4.zip,MATHSOLVE-adcfa0537f43327f4bb9acfe1692f757fce353c4/handoffs/OPENMATH-2026/CEX_AGENT_ENTRYPOINT.md,,e8b6aaa3,Filename/path inference; editable in the app
345170,handoffs/OPENMATH-2026/CEX_JOB_BOARD.md,General / shared,7830,Pinned collected revision; final designation governed by team receipt | 2fd9fd643bf3e9e98d121dc2e7af1cf1be411ae2,https://codeload.github.com/grandchallenge/MATHSOLVE/zip/2fd9fd643bf3e9e98d121dc2e7af1cf1be411ae2,,contestants/E10/13-archives/E10-grandchallenge-MATHSOLVE-2fd9fd643bf3e9e98d121dc2e7af1cf1be411ae2.zip,MATHSOLVE-2fd9fd643bf3e9e98d121dc2e7af1cf1be411ae2/handoffs/OPENMATH-2026/CEX_JOB_BOARD.md,,d2dd2fb1,Filename/path inference; editable in the app
348232,handoffs/OPENMATH-2026/CEX_JOB_BOARD.md,General / shared,8941,Latest public revision collected separately; not an author-designated final | adcfa0537f43327f4bb9acfe1692f757fce353c4,https://codeload.github.com/grandchallenge/MATHSOLVE/zip/adcfa0537f43327f4bb9acfe1692f757fce353c4,,contestants/E10/13-archives/E10-grandchallenge-MATHSOLVE-adcfa0537f43327f4bb9acfe1692f757fce353c4.zip,MATHSOLVE-adcfa0537f43327f4bb9acfe1692f757fce353c4/handoffs/OPENMATH-2026/CEX_JOB_BOARD.md,,c81a497c,Filename/path inference; editable in the app
345171,handoffs/OPENMATH-2026/CEX_TRANSPORT_CONTRACT.md,General / shared,9050,Pinned collected revision; final designation governed by team receipt | 2fd9fd643bf3e9e98d121dc2e7af1cf1be411ae2,https://codeload.github.com/grandchallenge/MATHSOLVE/zip/2fd9fd643bf3e9e98d121dc2e7af1cf1be411ae2,,contestants/E10/13-archives/E10-grandchallenge-MATHSOLVE-2fd9fd643bf3e9e98d121dc2e7af1cf1be411ae2.zip,MATHSOLVE-2fd9fd643bf3e9e98d121dc2e7af1cf1be411ae2/handoffs/OPENMATH-2026/CEX_TRANSPORT_CONTRACT.md,,3618f7a1,Filename/path inference; editable in the app
348233,handoffs/OPENMATH-2026/CEX_TRANSPORT_CONTRACT.md,General / shared,9050,Latest public revision collected separately; not an author-designated final | adcfa0537f43327f4bb9acfe1692f757fce353c4,https://codeload.github.com/grandchallenge/MATHSOLVE/zip/adcfa0537f43327f4bb9acfe1692f757fce353c4,,contestants/E10/13-archives/E10-grandchallenge-MATHSOLVE-adcfa0537f43327f4bb9acfe1692f757fce353c4.zip,MATHSOLVE-adcfa0537f43327f4bb9acfe1692f757fce353c4/handoffs/OPENMATH-2026/CEX_TRANSPORT_CONTRACT.md,,3618f7a1,Filename/path inference; editable in the app
345172,handoffs/OPENMATH-2026/H2_H7_SOURCE_ACQUISITION.md,General / shared,4155,Pinned collected revision; final designation governed by team receipt | 2fd9fd643bf3e9e98d121dc2e7af1cf1be411ae2,https://codeload.github.com/grandchallenge/MATHSOLVE/zip/2fd9fd643bf3e9e98d121dc2e7af1cf1be411ae2,,contestants/E10/13-archives/E10-grandchallenge-MATHSOLVE-2fd9fd643bf3e9e98d121dc2e7af1cf1be411ae2.zip,MATHSOLVE-2fd9fd643bf3e9e98d121dc2e7af1cf1be411ae2/handoffs/OPENMATH-2026/H2_H7_SOURCE_ACQUISITION.md,,41809c46,Filename/path inference; editable in the app
348234,handoffs/OPENMATH-2026/H2_H7_SOURCE_ACQUISITION.md,General / shared,4155,Latest public revision collected separately; not an author-designated final | adcfa0537f43327f4bb9acfe1692f757fce353c4,https://codeload.github.com/grandchallenge/MATHSOLVE/zip/adcfa0537f43327f4bb9acfe1692f757fce353c4,,contestants/E10/13-archives/E10-grandchallenge-MATHSOLVE-adcfa0537f43327f4bb9acfe1692f757fce353c4.zip,MATHSOLVE-adcfa0537f43327f4bb9acfe1692f757fce353c4/handoffs/OPENMATH-2026/H2_H7_SOURCE_ACQUISITION.md,,41809c46,Filename/path inference; editable in the app
345174,handoffs/OPENMATH-2026/event-window/H1-ADVERSARY.md,General / shared,3838,Pinned collected revision; final designation governed by team receipt | 2fd9fd643bf3e9e98d121dc2e7af1cf1be411ae2,https://codeload.github.com/grandchallenge/MATHSOLVE/zip/2fd9fd643bf3e9e98d121dc2e7af1cf1be411ae2,,contestants/E10/13-archives/E10-grandchallenge-MATHSOLVE-2fd9fd643bf3e9e98d121dc2e7af1cf1be411ae2.zip,MATHSOLVE-2fd9fd643bf3e9e98d121dc2e7af1cf1be411ae2/handoffs/OPENMATH-2026/event-window/H1-ADVERSARY.md,,76af1e87,Filename/path inference; editable in the app
348236,handoffs/OPENMATH-2026/event-window/H1-ADVERSARY.md,General / shared,3838,Latest public revision collected separately; not an author-designated final | adcfa0537f43327f4bb9acfe1692f757fce353c4,https://codeload.github.com/grandchallenge/MATHSOLVE/zip/adcfa0537f43327f4bb9acfe1692f757fce353c4,,contestants/E10/13-archives/E10-grandchallenge-MATHSOLVE-adcfa0537f43327f4bb9acfe1692f757fce353c4.zip,MATHSOLVE-adcfa0537f43327f4bb9acfe1692f757fce353c4/handoffs/OPENMATH-2026/event-window/H1-ADVERSARY.md,,76af1e87,Filename/path inference; editable in the app
345175,handoffs/OPENMATH-2026/event-window/H1-PREMISES.md,General / shared,4226,Pinned collected revision; final designation governed by team receipt | 2fd9fd643bf3e9e98d121dc2e7af1cf1be411ae2,https://codeload.github.com/grandchallenge/MATHSOLVE/zip/2fd9fd643bf3e9e98d121dc2e7af1cf1be411ae2,,contestants/E10/13-archives/E10-grandchallenge-MATHSOLVE-2fd9fd643bf3e9e98d121dc2e7af1cf1be411ae2.zip,MATHSOLVE-2fd9fd643bf3e9e98d121dc2e7af1cf1be411ae2/handoffs/OPENMATH-2026/event-window/H1-PREMISES.md,,a4143775,Filename/path inference; editable in the app
348237,handoffs/OPENMATH-2026/event-window/H1-PREMISES.md,General / shared,4226,Latest public revision collected separately; not an author-designated final | adcfa0537f43327f4bb9acfe1692f757fce353c4,https://codeload.github.com/grandchallenge/MATHSOLVE/zip/adcfa0537f43327f4bb9acfe1692f757fce353c4,,contestants/E10/13-archives/E10-grandchallenge-MATHSOLVE-adcfa0537f43327f4bb9acfe1692f757fce353c4.zip,MATHSOLVE-adcfa0537f43327f4bb9acfe1692f757fce353c4/handoffs/OPENMATH-2026/event-window/H1-PREMISES.md,,a4143775,Filename/path inference; editable in the app
345176,handoffs/OPENMATH-2026/event-window/H1-Q6.md,General / shared,3962,Pinned collected revision; final designation governed by team receipt | 2fd9fd643bf3e9e98d121dc2e7af1cf1be411ae2,https://codeload.github.com/grandchallenge/MATHSOLVE/zip/2fd9fd643bf3e9e98d121dc2e7af1cf1be411ae2,,contestants/E10/13-archives/E10-grandchallenge-MATHSOLVE-2fd9fd643bf3e9e98d121dc2e7af1cf1be411ae2.zip,MATHSOLVE-2fd9fd643bf3e9e98d121dc2e7af1cf1be411ae2/handoffs/OPENMATH-2026/event-window/H1-Q6.md,,0417f4b2,Filename/path inference; editable in the app
348238,handoffs/OPENMATH-2026/event-window/H1-Q6.md,General / shared,3962,Latest public revision collected separately; not an author-designated final | adcfa0537f43327f4bb9acfe1692f757fce353c4,https://codeload.github.com/grandchallenge/MATHSOLVE/zip/adcfa0537f43327f4bb9acfe1692f757fce353c4,,contestants/E10/13-archives/E10-grandchallenge-MATHSOLVE-adcfa0537f43327f4bb9acfe1692f757fce353c4.zip,MATHSOLVE-adcfa0537f43327f4bb9acfe1692f757fce353c4/handoffs/OPENMATH-2026/event-window/H1-Q6.md,,0417f4b2,Filename/path inference; editable in the app
345177,handoffs/OPENMATH-2026/event-window/H2-GATE.md,General / shared,4151,Pinned collected revision; final designation governed by team receipt | 2fd9fd643bf3e9e98d121dc2e7af1cf1be411ae2,https://codeload.github.com/grandchallenge/MATHSOLVE/zip/2fd9fd643bf3e9e98d121dc2e7af1cf1be411ae2,,contestants/E10/13-archives/E10-grandchallenge-MATHSOLVE-2fd9fd643bf3e9e98d121dc2e7af1cf1be411ae2.zip,MATHSOLVE-2fd9fd643bf3e9e98d121dc2e7af1cf1be411ae2/handoffs/OPENMATH-2026/event-window/H2-GATE.md,,7a47bdc9,Filename/path inference; editable in the app
348239,handoffs/OPENMATH-2026/event-window/H2-GATE.md,General / shared,4151,Latest public revision collected separately; not an author-designated final | adcfa0537f43327f4bb9acfe1692f757fce353c4,https://codeload.github.com/grandchallenge/MATHSOLVE/zip/adcfa0537f43327f4bb9acfe1692f757fce353c4,,contestants/E10/13-archives/E10-grandchallenge-MATHSOLVE-adcfa0537f43327f4bb9acfe1692f757fce353c4.zip,MATHSOLVE-adcfa0537f43327f4bb9acfe1692f757fce353c4/handoffs/OPENMATH-2026/event-window/H2-GATE.md,,7a47bdc9,Filename/path inference; editable in the app
345178,handoffs/OPENMATH-2026/event-window/H3-DELTA.md,General / shared,4425,Pinned collected revision; final designation governed by team receipt | 2fd9fd643bf3e9e98d121dc2e7af1cf1be411ae2,https://codeload.github.com/grandchallenge/MATHSOLVE/zip/2fd9fd643bf3e9e98d121dc2e7af1cf1be411ae2,,contestants/E10/13-archives/E10-grandchallenge-MATHSOLVE-2fd9fd643bf3e9e98d121dc2e7af1cf1be411ae2.zip,MATHSOLVE-2fd9fd643bf3e9e98d121dc2e7af1cf1be411ae2/handoffs/OPENMATH-2026/event-window/H3-DELTA.md,,bae0e9aa,Filename/path inference; editable in the app
348240,handoffs/OPENMATH-2026/event-window/H3-DELTA.md,General / shared,4425,Latest public revision collected separately; not an author-designated final | adcfa0537f43327f4bb9acfe1692f757fce353c4,https://codeload.github.com/grandchallenge/MATHSOLVE/zip/adcfa0537f43327f4bb9acfe1692f757fce353c4,,contestants/E10/13-archives/E10-grandchallenge-MATHSOLVE-adcfa0537f43327f4bb9acfe1692f757fce353c4.zip,MATHSOLVE-adcfa0537f43327f4bb9acfe1692f757fce353c4/handoffs/OPENMATH-2026/event-window/H3-DELTA.md,,bae0e9aa,Filename/path inference; editable in the app
345179,handoffs/OPENMATH-2026/event-window/H4-EXTEND.md,General / shared,4413,Pinned collected revision; final designation governed by team receipt | 2fd9fd643bf3e9e98d121dc2e7af1cf1be411ae2,https://codeload.github.com/grandchallenge/MATHSOLVE/zip/2fd9fd643bf3e9e98d121dc2e7af1cf1be411ae2,,contestants/E10/13-archives/E10-grandchallenge-MATHSOLVE-2fd9fd643bf3e9e98d121dc2e7af1cf1be411ae2.zip,MATHSOLVE-2fd9fd643bf3e9e98d121dc2e7af1cf1be411ae2/handoffs/OPENMATH-2026/event-window/H4-EXTEND.md,,7013c52b,Filename/path inference; editable in the app
348241,handoffs/OPENMATH-2026/event-window/H4-EXTEND.md,General / shared,4413,Latest public revision collected separately; not an author-designated final | adcfa0537f43327f4bb9acfe1692f757fce353c4,https://codeload.github.com/grandchallenge/MATHSOLVE/zip/adcfa0537f43327f4bb9acfe1692f757fce353c4,,contestants/E10/13-archives/E10-grandchallenge-MATHSOLVE-adcfa0537f43327f4bb9acfe1692f757fce353c4.zip,MATHSOLVE-adcfa0537f43327f4bb9acfe1692f757fce353c4/handoffs/OPENMATH-2026/event-window/H4-EXTEND.md,,7013c52b,Filename/path inference; editable in the app
345180,handoffs/OPENMATH-2026/event-window/H5-ELIGIBILITY.md,General / shared,4239,Pinned collected revision; final designation governed by team receipt | 2fd9fd643bf3e9e98d121dc2e7af1cf1be411ae2,https://codeload.github.com/grandchallenge/MATHSOLVE/zip/2fd9fd643bf3e9e98d121dc2e7af1cf1be411ae2,,contestants/E10/13-archives/E10-grandchallenge-MATHSOLVE-2fd9fd643bf3e9e98d121dc2e7af1cf1be411ae2.zip,MATHSOLVE-2fd9fd643bf3e9e98d121dc2e7af1cf1be411ae2/handoffs/OPENMATH-2026/event-window/H5-ELIGIBILITY.md,,1ae075cc,Filename/path inference; editable in the app
348242,handoffs/OPENMATH-2026/event-window/H5-ELIGIBILITY.md,General / shared,4239,Latest public revision collected separately; not an author-designated final | adcfa0537f43327f4bb9acfe1692f757fce353c4,https://codeload.github.com/grandchallenge/MATHSOLVE/zip/adcfa0537f43327f4bb9acfe1692f757fce353c4,,contestants/E10/13-archives/E10-grandchallenge-MATHSOLVE-adcfa0537f43327f4bb9acfe1692f757fce353c4.zip,MATHSOLVE-adcfa0537f43327f4bb9acfe1692f757fce353c4/handoffs/OPENMATH-2026/event-window/H5-ELIGIBILITY.md,,1ae075cc,Filename/path inference; editable in the app
345181,handoffs/OPENMATH-2026/event-window/H6-OFFENSIVE.md,General / shared,4377,Pinned collected revision; final designation governed by team receipt | 2fd9fd643bf3e9e98d121dc2e7af1cf1be411ae2,https://codeload.github.com/grandchallenge/MATHSOLVE/zip/2fd9fd643bf3e9e98d121dc2e7af1cf1be411ae2,,contestants/E10/13-archives/E10-grandchallenge-MATHSOLVE-2fd9fd643bf3e9e98d121dc2e7af1cf1be411ae2.zip,MATHSOLVE-2fd9fd643bf3e9e98d121dc2e7af1cf1be411ae2/handoffs/OPENMATH-2026/event-window/H6-OFFENSIVE.md,,e7e86210,Filename/path inference; editable in the app
348243,handoffs/OPENMATH-2026/event-window/H6-OFFENSIVE.md,General / shared,4377,Latest public revision collected separately; not an author-designated final | adcfa0537f43327f4bb9acfe1692f757fce353c4,https://codeload.github.com/grandchallenge/MATHSOLVE/zip/adcfa0537f43327f4bb9acfe1692f757fce353c4,,contestants/E10/13-archives/E10-grandchallenge-MATHSOLVE-adcfa0537f43327f4bb9acfe1692f757fce353c4.zip,MATHSOLVE-adcfa0537f43327f4bb9acfe1692f757fce353c4/handoffs/OPENMATH-2026/event-window/H6-OFFENSIVE.md,,e7e86210,Filename/path inference; editable in the app
345182,handoffs/OPENMATH-2026/event-window/H7-DIVERGENCE.md,General / shared,5032,Pinned collected revision; final designation governed by team receipt | 2fd9fd643bf3e9e98d121dc2e7af1cf1be411ae2,https://codeload.github.com/grandchallenge/MATHSOLVE/zip/2fd9fd643bf3e9e98d121dc2e7af1cf1be411ae2,,contestants/E10/13-archives/E10-grandchallenge-MATHSOLVE-2fd9fd643bf3e9e98d121dc2e7af1cf1be411ae2.zip,MATHSOLVE-2fd9fd643bf3e9e98d121dc2e7af1cf1be411ae2/handoffs/OPENMATH-2026/event-window/H7-DIVERGENCE.md,,6ce56294,Filename/path inference; editable in the app
348244,handoffs/OPENMATH-2026/event-window/H7-DIVERGENCE.md,General / shared,5032,Latest public revision collected separately; not an author-designated final | adcfa0537f43327f4bb9acfe1692f757fce353c4,https://codeload.github.com/grandchallenge/MATHSOLVE/zip/adcfa0537f43327f4bb9acfe1692f757fce353c4,,contestants/E10/13-archives/E10-grandchallenge-MATHSOLVE-adcfa0537f43327f4bb9acfe1692f757fce353c4.zip,MATHSOLVE-adcfa0537f43327f4bb9acfe1692f757fce353c4/handoffs/OPENMATH-2026/event-window/H7-DIVERGENCE.md,,6ce56294,Filename/path inference; editable in the app
345184,handoffs/OPENMATH-2026/event-window/README.md,General / shared,3214,Pinned collected revision; final designation governed by team receipt | 2fd9fd643bf3e9e98d121dc2e7af1cf1be411ae2,https://codeload.github.com/grandchallenge/MATHSOLVE/zip/2fd9fd643bf3e9e98d121dc2e7af1cf1be411ae2,,contestants/E10/13-archives/E10-grandchallenge-MATHSOLVE-2fd9fd643bf3e9e98d121dc2e7af1cf1be411ae2.zip,MATHSOLVE-2fd9fd643bf3e9e98d121dc2e7af1cf1be411ae2/handoffs/OPENMATH-2026/event-window/README.md,,8407c31e,Filename/path inference; editable in the app
348246,handoffs/OPENMATH-2026/event-window/README.md,General / shared,3214,Latest public revision collected separately; not an author-designated final | adcfa0537f43327f4bb9acfe1692f757fce353c4,https://codeload.github.com/grandchallenge/MATHSOLVE/zip/adcfa0537f43327f4bb9acfe1692f757fce353c4,,contestants/E10/13-archives/E10-grandchallenge-MATHSOLVE-adcfa0537f43327f4bb9acfe1692f757fce353c4.zip,MATHSOLVE-adcfa0537f43327f4bb9acfe1692f757fce353c4/handoffs/OPENMATH-2026/event-window/README.md,,8407c31e,Filename/path inference; editable in the app
345185,handoffs/OPENMATH-2026/incidents/2026-10-02-successor-return-transport.md,General / shared,3167,Pinned collected revision; final designation governed by team receipt | 2fd9fd643bf3e9e98d121dc2e7af1cf1be411ae2,https://codeload.github.com/grandchallenge/MATHSOLVE/zip/2fd9fd643bf3e9e98d121dc2e7af1cf1be411ae2,,contestants/E10/13-archives/E10-grandchallenge-MATHSOLVE-2fd9fd643bf3e9e98d121dc2e7af1cf1be411ae2.zip,MATHSOLVE-2fd9fd643bf3e9e98d121dc2e7af1cf1be411ae2/handoffs/OPENMATH-2026/incidents/2026-10-02-successor-return-transport.md,,113fe987,Filename/path inference; editable in the app
348247,handoffs/OPENMATH-2026/incidents/2026-10-02-successor-return-transport.md,General / shared,3167,Latest public revision collected separately; not an author-designated final | adcfa0537f43327f4bb9acfe1692f757fce353c4,https://codeload.github.com/grandchallenge/MATHSOLVE/zip/adcfa0537f43327f4bb9acfe1692f757fce353c4,,contestants/E10/13-archives/E10-grandchallenge-MATHSOLVE-adcfa0537f43327f4bb9acfe1692f757fce353c4.zip,MATHSOLVE-adcfa0537f43327f4bb9acfe1692f757fce353c4/handoffs/OPENMATH-2026/incidents/2026-10-02-successor-return-transport.md,,113fe987,Filename/path inference; editable in the app
345186,handoffs/OPENMATH-2026/jobs/OM26-H1-H1-12-IA-001.md,General / shared,5685,Pinned collected revision; final designation governed by team receipt | 2fd9fd643bf3e9e98d121dc2e7af1cf1be411ae2,https://codeload.github.com/grandchallenge/MATHSOLVE/zip/2fd9fd643bf3e9e98d121dc2e7af1cf1be411ae2,,contestants/E10/13-archives/E10-grandchallenge-MATHSOLVE-2fd9fd643bf3e9e98d121dc2e7af1cf1be411ae2.zip,MATHSOLVE-2fd9fd643bf3e9e98d121dc2e7af1cf1be411ae2/handoffs/OPENMATH-2026/jobs/OM26-H1-H1-12-IA-001.md,,f25a182a,Filename/path inference; editable in the app
348248,handoffs/OPENMATH-2026/jobs/OM26-H1-H1-12-IA-001.md,General / shared,5685,Latest public revision collected separately; not an author-designated final | adcfa0537f43327f4bb9acfe1692f757fce353c4,https://codeload.github.com/grandchallenge/MATHSOLVE/zip/adcfa0537f43327f4bb9acfe1692f757fce353c4,,contestants/E10/13-archives/E10-grandchallenge-MATHSOLVE-adcfa0537f43327f4bb9acfe1692f757fce353c4.zip,MATHSOLVE-adcfa0537f43327f4bb9acfe1692f757fce353c4/handoffs/OPENMATH-2026/jobs/OM26-H1-H1-12-IA-001.md,,f25a182a,Filename/path inference; editable in the app
345187,handoffs/OPENMATH-2026/jobs/OM26-H1-WP01-IA-001.md,General / shared,37001,Pinned collected revision; final designation governed by team receipt | 2fd9fd643bf3e9e98d121dc2e7af1cf1be411ae2,https://codeload.github.com/grandchallenge/MATHSOLVE/zip/2fd9fd643bf3e9e98d121dc2e7af1cf1be411ae2,,contestants/E10/13-archives/E10-grandchallenge-MATHSOLVE-2fd9fd643bf3e9e98d121dc2e7af1cf1be411ae2.zip,MATHSOLVE-2fd9fd643bf3e9e98d121dc2e7af1cf1be411ae2/handoffs/OPENMATH-2026/jobs/OM26-H1-WP01-IA-001.md,,1ed9f0ba,Filename/path inference; editable in the app
348249,handoffs/OPENMATH-2026/jobs/OM26-H1-WP01-IA-001.md,General / shared,37001,Latest public revision collected separately; not an author-designated final | adcfa0537f43327f4bb9acfe1692f757fce353c4,https://codeload.github.com/grandchallenge/MATHSOLVE/zip/adcfa0537f43327f4bb9acfe1692f757fce353c4,,contestants/E10/13-archives/E10-grandchallenge-MATHSOLVE-adcfa0537f43327f4bb9acfe1692f757fce353c4.zip,MATHSOLVE-adcfa0537f43327f4bb9acfe1692f757fce353c4/handoffs/OPENMATH-2026/jobs/OM26-H1-WP01-IA-001.md,,1ed9f0ba,Filename/path inference; editable in the app
345188,handoffs/OPENMATH-2026/jobs/OM26-H1-WP02-IA-001.md,General / shared,12282,Pinned collected revision; final designation governed by team receipt | 2fd9fd643bf3e9e98d121dc2e7af1cf1be411ae2,https://codeload.github.com/grandchallenge/MATHSOLVE/zip/2fd9fd643bf3e9e98d121dc2e7af1cf1be411ae2,,contestants/E10/13-archives/E10-grandchallenge-MATHSOLVE-2fd9fd643bf3e9e98d121dc2e7af1cf1be411ae2.zip,MATHSOLVE-2fd9fd643bf3e9e98d121dc2e7af1cf1be411ae2/handoffs/OPENMATH-2026/jobs/OM26-H1-WP02-IA-001.md,,6635e3d2,Filename/path inference; editable in the app
348250,handoffs/OPENMATH-2026/jobs/OM26-H1-WP02-IA-001.md,General / shared,12282,Latest public revision collected separately; not an author-designated final | adcfa0537f43327f4bb9acfe1692f757fce353c4,https://codeload.github.com/grandchallenge/MATHSOLVE/zip/adcfa0537f43327f4bb9acfe1692f757fce353c4,,contestants/E10/13-archives/E10-grandchallenge-MATHSOLVE-adcfa0537f43327f4bb9acfe1692f757fce353c4.zip,MATHSOLVE-adcfa0537f43327f4bb9acfe1692f757fce353c4/handoffs/OPENMATH-2026/jobs/OM26-H1-WP02-IA-001.md,,6635e3d2,Filename/path inference; editable in the app
345189,handoffs/OPENMATH-2026/jobs/OM26-H1-WP03-IA-001.md,General / shared,5888,Pinned collected revision; final designation governed by team receipt | 2fd9fd643bf3e9e98d121dc2e7af1cf1be411ae2,https://codeload.github.com/grandchallenge/MATHSOLVE/zip/2fd9fd643bf3e9e98d121dc2e7af1cf1be411ae2,,contestants/E10/13-archives/E10-grandchallenge-MATHSOLVE-2fd9fd643bf3e9e98d121dc2e7af1cf1be411ae2.zip,MATHSOLVE-2fd9fd643bf3e9e98d121dc2e7af1cf1be411ae2/handoffs/OPENMATH-2026/jobs/OM26-H1-WP03-IA-001.md,,a773e689,Filename/path inference; editable in the app
348251,handoffs/OPENMATH-2026/jobs/OM26-H1-WP03-IA-001.md,General / shared,5888,Latest public revision collected separately; not an author-designated final | adcfa0537f43327f4bb9acfe1692f757fce353c4,https://codeload.github.com/grandchallenge/MATHSOLVE/zip/adcfa0537f43327f4bb9acfe1692f757fce353c4,,contestants/E10/13-archives/E10-grandchallenge-MATHSOLVE-adcfa0537f43327f4bb9acfe1692f757fce353c4.zip,MATHSOLVE-adcfa0537f43327f4bb9acfe1692f757fce353c4/handoffs/OPENMATH-2026/jobs/OM26-H1-WP03-IA-001.md,,a773e689,Filename/path inference; editable in the app
345190,handoffs/OPENMATH-2026/jobs/OM26-H1-WP04-IA-001.md,General / shared,20474,Pinned collected revision; final designation governed by team receipt | 2fd9fd643bf3e9e98d121dc2e7af1cf1be411ae2,https://codeload.github.com/grandchallenge/MATHSOLVE/zip/2fd9fd643bf3e9e98d121dc2e7af1cf1be411ae2,,contestants/E10/13-archives/E10-grandchallenge-MATHSOLVE-2fd9fd643bf3e9e98d121dc2e7af1cf1be411ae2.zip,MATHSOLVE-2fd9fd643bf3e9e98d121dc2e7af1cf1be411ae2/handoffs/OPENMATH-2026/jobs/OM26-H1-WP04-IA-001.md,,4011aedc,Filename/path inference; editable in the app
348252,handoffs/OPENMATH-2026/jobs/OM26-H1-WP04-IA-001.md,General / shared,20474,Latest public revision collected separately; not an author-designated final | adcfa0537f43327f4bb9acfe1692f757fce353c4,https://codeload.github.com/grandchallenge/MATHSOLVE/zip/adcfa0537f43327f4bb9acfe1692f757fce353c4,,contestants/E10/13-archives/E10-grandchallenge-MATHSOLVE-adcfa0537f43327f4bb9acfe1692f757fce353c4.zip,MATHSOLVE-adcfa0537f43327f4bb9acfe1692f757fce353c4/handoffs/OPENMATH-2026/jobs/OM26-H1-WP04-IA-001.md,,4011aedc,Filename/path inference; editable in the app
345191,handoffs/OPENMATH-2026/jobs/OM26-H1-WP05-IA-001.md,General / shared,15515,Pinned collected revision; final designation governed by team receipt | 2fd9fd643bf3e9e98d121dc2e7af1cf1be411ae2,https://codeload.github.com/grandchallenge/MATHSOLVE/zip/2fd9fd643bf3e9e98d121dc2e7af1cf1be411ae2,,contestants/E10/13-archives/E10-grandchallenge-MATHSOLVE-2fd9fd643bf3e9e98d121dc2e7af1cf1be411ae2.zip,MATHSOLVE-2fd9fd643bf3e9e98d121dc2e7af1cf1be411ae2/handoffs/OPENMATH-2026/jobs/OM26-H1-WP05-IA-001.md,,bbf79870,Filename/path inference; editable in the app
348253,handoffs/OPENMATH-2026/jobs/OM26-H1-WP05-IA-001.md,General / shared,15515,Latest public revision collected separately; not an author-designated final | adcfa0537f43327f4bb9acfe1692f757fce353c4,https://codeload.github.com/grandchallenge/MATHSOLVE/zip/adcfa0537f43327f4bb9acfe1692f757fce353c4,,contestants/E10/13-archives/E10-grandchallenge-MATHSOLVE-adcfa0537f43327f4bb9acfe1692f757fce353c4.zip,MATHSOLVE-adcfa0537f43327f4bb9acfe1692f757fce353c4/handoffs/OPENMATH-2026/jobs/OM26-H1-WP05-IA-001.md,,bbf79870,Filename/path inference; editable in the app
345192,handoffs/OPENMATH-2026/jobs/OM26-H1-WP06-IA-001.md,General / shared,12437,Pinned collected revision; final designation governed by team receipt | 2fd9fd643bf3e9e98d121dc2e7af1cf1be411ae2,https://codeload.github.com/grandchallenge/MATHSOLVE/zip/2fd9fd643bf3e9e98d121dc2e7af1cf1be411ae2,,contestants/E10/13-archives/E10-grandchallenge-MATHSOLVE-2fd9fd643bf3e9e98d121dc2e7af1cf1be411ae2.zip,MATHSOLVE-2fd9fd643bf3e9e98d121dc2e7af1cf1be411ae2/handoffs/OPENMATH-2026/jobs/OM26-H1-WP06-IA-001.md,,40504a13,Filename/path inference; editable in the app
348254,handoffs/OPENMATH-2026/jobs/OM26-H1-WP06-IA-001.md,General / shared,12437,Latest public revision collected separately; not an author-designated final | adcfa0537f43327f4bb9acfe1692f757fce353c4,https://codeload.github.com/grandchallenge/MATHSOLVE/zip/adcfa0537f43327f4bb9acfe1692f757fce353c4,,contestants/E10/13-archives/E10-grandchallenge-MATHSOLVE-adcfa0537f43327f4bb9acfe1692f757fce353c4.zip,MATHSOLVE-adcfa0537f43327f4bb9acfe1692f757fce353c4/handoffs/OPENMATH-2026/jobs/OM26-H1-WP06-IA-001.md,,40504a13,Filename/path inference; editable in the app
348255,handoffs/OPENMATH-2026/jobs/OM26-H1-WP07-IA-001.md,General / shared,13309,Latest public revision collected separately; not an author-designated final | adcfa0537f43327f4bb9acfe1692f757fce353c4,https://codeload.github.com/grandchallenge/MATHSOLVE/zip/adcfa0537f43327f4bb9acfe1692f757fce353c4,,contestants/E10/13-archives/E10-grandchallenge-MATHSOLVE-adcfa0537f43327f4bb9acfe1692f757fce353c4.zip,MATHSOLVE-adcfa0537f43327f4bb9acfe1692f757fce353c4/handoffs/OPENMATH-2026/jobs/OM26-H1-WP07-IA-001.md,,9e424087,Filename/path inference; editable in the app
348256,handoffs/OPENMATH-2026/jobs/OM26-H1-WP08-IA-001.md,General / shared,16064,Latest public revision collected separately; not an author-designated final | adcfa0537f43327f4bb9acfe1692f757fce353c4,https://codeload.github.com/grandchallenge/MATHSOLVE/zip/adcfa0537f43327f4bb9acfe1692f757fce353c4,,contestants/E10/13-archives/E10-grandchallenge-MATHSOLVE-adcfa0537f43327f4bb9acfe1692f757fce353c4.zip,MATHSOLVE-adcfa0537f43327f4bb9acfe1692f757fce353c4/handoffs/OPENMATH-2026/jobs/OM26-H1-WP08-IA-001.md,,c8b506cf,Filename/path inference; editable in the app
345193,handoffs/OPENMATH-2026/jobs/OM26-H1-WP30-IA-001.md,General / shared,5618,Pinned collected revision; final designation governed by team receipt | 2fd9fd643bf3e9e98d121dc2e7af1cf1be411ae2,https://codeload.github.com/grandchallenge/MATHSOLVE/zip/2fd9fd643bf3e9e98d121dc2e7af1cf1be411ae2,,contestants/E10/13-archives/E10-grandchallenge-MATHSOLVE-2fd9fd643bf3e9e98d121dc2e7af1cf1be411ae2.zip,MATHSOLVE-2fd9fd643bf3e9e98d121dc2e7af1cf1be411ae2/handoffs/OPENMATH-2026/jobs/OM26-H1-WP30-IA-001.md,,04560381,Filename/path inference; editable in the app
348257,handoffs/OPENMATH-2026/jobs/OM26-H1-WP30-IA-001.md,General / shared,5618,Latest public revision collected separately; not an author-designated final | adcfa0537f43327f4bb9acfe1692f757fce353c4,https://codeload.github.com/grandchallenge/MATHSOLVE/zip/adcfa0537f43327f4bb9acfe1692f757fce353c4,,contestants/E10/13-archives/E10-grandchallenge-MATHSOLVE-adcfa0537f43327f4bb9acfe1692f757fce353c4.zip,MATHSOLVE-adcfa0537f43327f4bb9acfe1692f757fce353c4/handoffs/OPENMATH-2026/jobs/OM26-H1-WP30-IA-001.md,,04560381,Filename/path inference; editable in the app
345194,handoffs/OPENMATH-2026/jobs/OM26-H1-WP31-IA-001.md,General / shared,15379,Pinned collected revision; final designation governed by team receipt | 2fd9fd643bf3e9e98d121dc2e7af1cf1be411ae2,https://codeload.github.com/grandchallenge/MATHSOLVE/zip/2fd9fd643bf3e9e98d121dc2e7af1cf1be411ae2,,contestants/E10/13-archives/E10-grandchallenge-MATHSOLVE-2fd9fd643bf3e9e98d121dc2e7af1cf1be411ae2.zip,MATHSOLVE-2fd9fd643bf3e9e98d121dc2e7af1cf1be411ae2/handoffs/OPENMATH-2026/jobs/OM26-H1-WP31-IA-001.md,,e62cf4f4,Filename/path inference; editable in the app
348258,handoffs/OPENMATH-2026/jobs/OM26-H1-WP31-IA-001.md,General / shared,15379,Latest public revision collected separately; not an author-designated final | adcfa0537f43327f4bb9acfe1692f757fce353c4,https://codeload.github.com/grandchallenge/MATHSOLVE/zip/adcfa0537f43327f4bb9acfe1692f757fce353c4,,contestants/E10/13-archives/E10-grandchallenge-MATHSOLVE-adcfa0537f43327f4bb9acfe1692f757fce353c4.zip,MATHSOLVE-adcfa0537f43327f4bb9acfe1692f757fce353c4/handoffs/OPENMATH-2026/jobs/OM26-H1-WP31-IA-001.md,,e62cf4f4,Filename/path inference; editable in the app
345195,handoffs/OPENMATH-2026/jobs/OM26-H1-WP32-IA-001.md,General / shared,15691,Pinned collected revision; final designation governed by team receipt | 2fd9fd643bf3e9e98d121dc2e7af1cf1be411ae2,https://codeload.github.com/grandchallenge/MATHSOLVE/zip/2fd9fd643bf3e9e98d121dc2e7af1cf1be411ae2,,contestants/E10/13-archives/E10-grandchallenge-MATHSOLVE-2fd9fd643bf3e9e98d121dc2e7af1cf1be411ae2.zip,MATHSOLVE-2fd9fd643bf3e9e98d121dc2e7af1cf1be411ae2/handoffs/OPENMATH-2026/jobs/OM26-H1-WP32-IA-001.md,,34adc6b4,Filename/path inference; editable in the app
348259,handoffs/OPENMATH-2026/jobs/OM26-H1-WP32-IA-001.md,General / shared,15691,Latest public revision collected separately; not an author-designated final | adcfa0537f43327f4bb9acfe1692f757fce353c4,https://codeload.github.com/grandchallenge/MATHSOLVE/zip/adcfa0537f43327f4bb9acfe1692f757fce353c4,,contestants/E10/13-archives/E10-grandchallenge-MATHSOLVE-adcfa0537f43327f4bb9acfe1692f757fce353c4.zip,MATHSOLVE-adcfa0537f43327f4bb9acfe1692f757fce353c4/handoffs/OPENMATH-2026/jobs/OM26-H1-WP32-IA-001.md,,34adc6b4,Filename/path inference; editable in the app
345196,handoffs/OPENMATH-2026/jobs/OM26-H1-WP33-IA-001.md,General / shared,8634,Pinned collected revision; final designation governed by team receipt | 2fd9fd643bf3e9e98d121dc2e7af1cf1be411ae2,https://codeload.github.com/grandchallenge/MATHSOLVE/zip/2fd9fd643bf3e9e98d121dc2e7af1cf1be411ae2,,contestants/E10/13-archives/E10-grandchallenge-MATHSOLVE-2fd9fd643bf3e9e98d121dc2e7af1cf1be411ae2.zip,MATHSOLVE-2fd9fd643bf3e9e98d121dc2e7af1cf1be411ae2/handoffs/OPENMATH-2026/jobs/OM26-H1-WP33-IA-001.md,,b91c01d0,Filename/path inference; editable in the app
348260,handoffs/OPENMATH-2026/jobs/OM26-H1-WP33-IA-001.md,General / shared,8634,Latest public revision collected separately; not an author-designated final | adcfa0537f43327f4bb9acfe1692f757fce353c4,https://codeload.github.com/grandchallenge/MATHSOLVE/zip/adcfa0537f43327f4bb9acfe1692f757fce353c4,,contestants/E10/13-archives/E10-grandchallenge-MATHSOLVE-adcfa0537f43327f4bb9acfe1692f757fce353c4.zip,MATHSOLVE-adcfa0537f43327f4bb9acfe1692f757fce353c4/handoffs/OPENMATH-2026/jobs/OM26-H1-WP33-IA-001.md,,b91c01d0,Filename/path inference; editable in the app
348261,handoffs/OPENMATH-2026/jobs/OM26-H1-WP34-IA-001.md,General / shared,8328,Latest public revision collected separately; not an author-designated final | adcfa0537f43327f4bb9acfe1692f757fce353c4,https://codeload.github.com/grandchallenge/MATHSOLVE/zip/adcfa0537f43327f4bb9acfe1692f757fce353c4,,contestants/E10/13-archives/E10-grandchallenge-MATHSOLVE-adcfa0537f43327f4bb9acfe1692f757fce353c4.zip,MATHSOLVE-adcfa0537f43327f4bb9acfe1692f757fce353c4/handoffs/OPENMATH-2026/jobs/OM26-H1-WP34-IA-001.md,,22db1c23,Filename/path inference; editable in the app
348262,handoffs/OPENMATH-2026/jobs/OM26-H1-WP35-IA-001.md,General / shared,9138,Latest public revision collected separately; not an author-designated final | adcfa0537f43327f4bb9acfe1692f757fce353c4,https://codeload.github.com/grandchallenge/MATHSOLVE/zip/adcfa0537f43327f4bb9acfe1692f757fce353c4,,contestants/E10/13-archives/E10-grandchallenge-MATHSOLVE-adcfa0537f43327f4bb9acfe1692f757fce353c4.zip,MATHSOLVE-adcfa0537f43327f4bb9acfe1692f757fce353c4/handoffs/OPENMATH-2026/jobs/OM26-H1-WP35-IA-001.md,,577bf684,Filename/path inference; editable in the app
345197,handoffs/OPENMATH-2026/jobs/OM26-H1-WP60-IA-001.md,General / shared,5501,Pinned collected revision; final designation governed by team receipt | 2fd9fd643bf3e9e98d121dc2e7af1cf1be411ae2,https://codeload.github.com/grandchallenge/MATHSOLVE/zip/2fd9fd643bf3e9e98d121dc2e7af1cf1be411ae2,,contestants/E10/13-archives/E10-grandchallenge-MATHSOLVE-2fd9fd643bf3e9e98d121dc2e7af1cf1be411ae2.zip,MATHSOLVE-2fd9fd643bf3e9e98d121dc2e7af1cf1be411ae2/handoffs/OPENMATH-2026/jobs/OM26-H1-WP60-IA-001.md,,2848862a,Filename/path inference; editable in the app
348263,handoffs/OPENMATH-2026/jobs/OM26-H1-WP60-IA-001.md,General / shared,5501,Latest public revision collected separately; not an author-designated final | adcfa0537f43327f4bb9acfe1692f757fce353c4,https://codeload.github.com/grandchallenge/MATHSOLVE/zip/adcfa0537f43327f4bb9acfe1692f757fce353c4,,contestants/E10/13-archives/E10-grandchallenge-MATHSOLVE-adcfa0537f43327f4bb9acfe1692f757fce353c4.zip,MATHSOLVE-adcfa0537f43327f4bb9acfe1692f757fce353c4/handoffs/OPENMATH-2026/jobs/OM26-H1-WP60-IA-001.md,,2848862a,Filename/path inference; editable in the app
345198,handoffs/OPENMATH-2026/jobs/OM26-H1-WP61-IA-001.md,General / shared,16055,Pinned collected revision; final designation governed by team receipt | 2fd9fd643bf3e9e98d121dc2e7af1cf1be411ae2,https://codeload.github.com/grandchallenge/MATHSOLVE/zip/2fd9fd643bf3e9e98d121dc2e7af1cf1be411ae2,,contestants/E10/13-archives/E10-grandchallenge-MATHSOLVE-2fd9fd643bf3e9e98d121dc2e7af1cf1be411ae2.zip,MATHSOLVE-2fd9fd643bf3e9e98d121dc2e7af1cf1be411ae2/handoffs/OPENMATH-2026/jobs/OM26-H1-WP61-IA-001.md,,820f3d5e,Filename/path inference; editable in the app
348264,handoffs/OPENMATH-2026/jobs/OM26-H1-WP61-IA-001.md,General / shared,16055,Latest public revision collected separately; not an author-designated final | adcfa0537f43327f4bb9acfe1692f757fce353c4,https://codeload.github.com/grandchallenge/MATHSOLVE/zip/adcfa0537f43327f4bb9acfe1692f757fce353c4,,contestants/E10/13-archives/E10-grandchallenge-MATHSOLVE-adcfa0537f43327f4bb9acfe1692f757fce353c4.zip,MATHSOLVE-adcfa0537f43327f4bb9acfe1692f757fce353c4/handoffs/OPENMATH-2026/jobs/OM26-H1-WP61-IA-001.md,,820f3d5e,Filename/path inference; editable in the app
345199,handoffs/OPENMATH-2026/jobs/OM26-H1-WP62-IA-001.md,General / shared,12226,Pinned collected revision; final designation governed by team receipt | 2fd9fd643bf3e9e98d121dc2e7af1cf1be411ae2,https://codeload.github.com/grandchallenge/MATHSOLVE/zip/2fd9fd643bf3e9e98d121dc2e7af1cf1be411ae2,,contestants/E10/13-archives/E10-grandchallenge-MATHSOLVE-2fd9fd643bf3e9e98d121dc2e7af1cf1be411ae2.zip,MATHSOLVE-2fd9fd643bf3e9e98d121dc2e7af1cf1be411ae2/handoffs/OPENMATH-2026/jobs/OM26-H1-WP62-IA-001.md,,888089da,Filename/path inference; editable in the app
348265,handoffs/OPENMATH-2026/jobs/OM26-H1-WP62-IA-001.md,General / shared,12226,Latest public revision collected separately; not an author-designated final | adcfa0537f43327f4bb9acfe1692f757fce353c4,https://codeload.github.com/grandchallenge/MATHSOLVE/zip/adcfa0537f43327f4bb9acfe1692f757fce353c4,,contestants/E10/13-archives/E10-grandchallenge-MATHSOLVE-adcfa0537f43327f4bb9acfe1692f757fce353c4.zip,MATHSOLVE-adcfa0537f43327f4bb9acfe1692f757fce353c4/handoffs/OPENMATH-2026/jobs/OM26-H1-WP62-IA-001.md,,888089da,Filename/path inference; editable in the app
345200,handoffs/OPENMATH-2026/jobs/OM26-H1-WP63-IA-001.md,General / shared,12412,Pinned collected revision; final designation governed by team receipt | 2fd9fd643bf3e9e98d121dc2e7af1cf1be411ae2,https://codeload.github.com/grandchallenge/MATHSOLVE/zip/2fd9fd643bf3e9e98d121dc2e7af1cf1be411ae2,,contestants/E10/13-archives/E10-grandchallenge-MATHSOLVE-2fd9fd643bf3e9e98d121dc2e7af1cf1be411ae2.zip,MATHSOLVE-2fd9fd643bf3e9e98d121dc2e7af1cf1be411ae2/handoffs/OPENMATH-2026/jobs/OM26-H1-WP63-IA-001.md,,0b9ba7db,Filename/path inference; editable in the app
348266,handoffs/OPENMATH-2026/jobs/OM26-H1-WP63-IA-001.md,General / shared,12412,Latest public revision collected separately; not an author-designated final | adcfa0537f43327f4bb9acfe1692f757fce353c4,https://codeload.github.com/grandchallenge/MATHSOLVE/zip/adcfa0537f43327f4bb9acfe1692f757fce353c4,,contestants/E10/13-archives/E10-grandchallenge-MATHSOLVE-adcfa0537f43327f4bb9acfe1692f757fce353c4.zip,MATHSOLVE-adcfa0537f43327f4bb9acfe1692f757fce353c4/handoffs/OPENMATH-2026/jobs/OM26-H1-WP63-IA-001.md,,0b9ba7db,Filename/path inference; editable in the app
348267,handoffs/OPENMATH-2026/jobs/OM26-H1-WP64-IA-001.md,General / shared,10994,Latest public revision collected separately; not an author-designated final | adcfa0537f43327f4bb9acfe1692f757fce353c4,https://codeload.github.com/grandchallenge/MATHSOLVE/zip/adcfa0537f43327f4bb9acfe1692f757fce353c4,,contestants/E10/13-archives/E10-grandchallenge-MATHSOLVE-adcfa0537f43327f4bb9acfe1692f757fce353c4.zip,MATHSOLVE-adcfa0537f43327f4bb9acfe1692f757fce353c4/handoffs/OPENMATH-2026/jobs/OM26-H1-WP64-IA-001.md,,459ced0a,Filename/path inference; editable in the app
348268,handoffs/OPENMATH-2026/jobs/OM26-H1-WP65-IA-001.md,General / shared,11351,Latest public revision collected separately; not an author-designated final | adcfa0537f43327f4bb9acfe1692f757fce353c4,https://codeload.github.com/grandchallenge/MATHSOLVE/zip/adcfa0537f43327f4bb9acfe1692f757fce353c4,,contestants/E10/13-archives/E10-grandchallenge-MATHSOLVE-adcfa0537f43327f4bb9acfe1692f757fce353c4.zip,MATHSOLVE-adcfa0537f43327f4bb9acfe1692f757fce353c4/handoffs/OPENMATH-2026/jobs/OM26-H1-WP65-IA-001.md,,39aae603,Filename/path inference; editable in the app
345201,handoffs/OPENMATH-2026/jobs/OM26-H2-WP01-IA-001.md,General / shared,5402,Pinned collected revision; final designation governed by team receipt | 2fd9fd643bf3e9e98d121dc2e7af1cf1be411ae2,https://codeload.github.com/grandchallenge/MATHSOLVE/zip/2fd9fd643bf3e9e98d121dc2e7af1cf1be411ae2,,contestants/E10/13-archives/E10-grandchallenge-MATHSOLVE-2fd9fd643bf3e9e98d121dc2e7af1cf1be411ae2.zip,MATHSOLVE-2fd9fd643bf3e9e98d121dc2e7af1cf1be411ae2/handoffs/OPENMATH-2026/jobs/OM26-H2-WP01-IA-001.md,,9ab560cc,Filename/path inference; editable in the app
348269,handoffs/OPENMATH-2026/jobs/OM26-H2-WP01-IA-001.md,General / shared,5402,Latest public revision collected separately; not an author-designated final | adcfa0537f43327f4bb9acfe1692f757fce353c4,https://codeload.github.com/grandchallenge/MATHSOLVE/zip/adcfa0537f43327f4bb9acfe1692f757fce353c4,,contestants/E10/13-archives/E10-grandchallenge-MATHSOLVE-adcfa0537f43327f4bb9acfe1692f757fce353c4.zip,MATHSOLVE-adcfa0537f43327f4bb9acfe1692f757fce353c4/handoffs/OPENMATH-2026/jobs/OM26-H2-WP01-IA-001.md,,9ab560cc,Filename/path inference; editable in the app
345202,handoffs/OPENMATH-2026/jobs/OM26-H2-WP01.md,General / shared,3254,Pinned collected revision; final designation governed by team receipt | 2fd9fd643bf3e9e98d121dc2e7af1cf1be411ae2,https://codeload.github.com/grandchallenge/MATHSOLVE/zip/2fd9fd643bf3e9e98d121dc2e7af1cf1be411ae2,,contestants/E10/13-archives/E10-grandchallenge-MATHSOLVE-2fd9fd643bf3e9e98d121dc2e7af1cf1be411ae2.zip,MATHSOLVE-2fd9fd643bf3e9e98d121dc2e7af1cf1be411ae2/handoffs/OPENMATH-2026/jobs/OM26-H2-WP01.md,,e90db82e,Filename/path inference; editable in the app
348270,handoffs/OPENMATH-2026/jobs/OM26-H2-WP01.md,General / shared,3254,Latest public revision collected separately; not an author-designated final | adcfa0537f43327f4bb9acfe1692f757fce353c4,https://codeload.github.com/grandchallenge/MATHSOLVE/zip/adcfa0537f43327f4bb9acfe1692f757fce353c4,,contestants/E10/13-archives/E10-grandchallenge-MATHSOLVE-adcfa0537f43327f4bb9acfe1692f757fce353c4.zip,MATHSOLVE-adcfa0537f43327f4bb9acfe1692f757fce353c4/handoffs/OPENMATH-2026/jobs/OM26-H2-WP01.md,,e90db82e,Filename/path inference; editable in the app
345203,handoffs/OPENMATH-2026/jobs/OM26-H2-WP02-IA-001.md,General / shared,11857,Pinned collected revision; final designation governed by team receipt | 2fd9fd643bf3e9e98d121dc2e7af1cf1be411ae2,https://codeload.github.com/grandchallenge/MATHSOLVE/zip/2fd9fd643bf3e9e98d121dc2e7af1cf1be411ae2,,contestants/E10/13-archives/E10-grandchallenge-MATHSOLVE-2fd9fd643bf3e9e98d121dc2e7af1cf1be411ae2.zip,MATHSOLVE-2fd9fd643bf3e9e98d121dc2e7af1cf1be411ae2/handoffs/OPENMATH-2026/jobs/OM26-H2-WP02-IA-001.md,,3a481ef2,Filename/path inference; editable in the app
348271,handoffs/OPENMATH-2026/jobs/OM26-H2-WP02-IA-001.md,General / shared,11857,Latest public revision collected separately; not an author-designated final | adcfa0537f43327f4bb9acfe1692f757fce353c4,https://codeload.github.com/grandchallenge/MATHSOLVE/zip/adcfa0537f43327f4bb9acfe1692f757fce353c4,,contestants/E10/13-archives/E10-grandchallenge-MATHSOLVE-adcfa0537f43327f4bb9acfe1692f757fce353c4.zip,MATHSOLVE-adcfa0537f43327f4bb9acfe1692f757fce353c4/handoffs/OPENMATH-2026/jobs/OM26-H2-WP02-IA-001.md,,3a481ef2,Filename/path inference; editable in the app
345204,handoffs/OPENMATH-2026/jobs/OM26-H2-WP02.md,General / shared,4084,Pinned collected revision; final designation governed by team receipt | 2fd9fd643bf3e9e98d121dc2e7af1cf1be411ae2,https://codeload.github.com/grandchallenge/MATHSOLVE/zip/2fd9fd643bf3e9e98d121dc2e7af1cf1be411ae2,,contestants/E10/13-archives/E10-grandchallenge-MATHSOLVE-2fd9fd643bf3e9e98d121dc2e7af1cf1be411ae2.zip,MATHSOLVE-2fd9fd643bf3e9e98d121dc2e7af1cf1be411ae2/handoffs/OPENMATH-2026/jobs/OM26-H2-WP02.md,,2149361e,Filename/path inference; editable in the app
348272,handoffs/OPENMATH-2026/jobs/OM26-H2-WP02.md,General / shared,4084,Latest public revision collected separately; not an author-designated final | adcfa0537f43327f4bb9acfe1692f757fce353c4,https://codeload.github.com/grandchallenge/MATHSOLVE/zip/adcfa0537f43327f4bb9acfe1692f757fce353c4,,contestants/E10/13-archives/E10-grandchallenge-MATHSOLVE-adcfa0537f43327f4bb9acfe1692f757fce353c4.zip,MATHSOLVE-adcfa0537f43327f4bb9acfe1692f757fce353c4/handoffs/OPENMATH-2026/jobs/OM26-H2-WP02.md,,2149361e,Filename/path inference; editable in the app
345205,handoffs/OPENMATH-2026/jobs/OM26-H2-WP03-IA-001.md,General / shared,9980,Pinned collected revision; final designation governed by team receipt | 2fd9fd643bf3e9e98d121dc2e7af1cf1be411ae2,https://codeload.github.com/grandchallenge/MATHSOLVE/zip/2fd9fd643bf3e9e98d121dc2e7af1cf1be411ae2,,contestants/E10/13-archives/E10-grandchallenge-MATHSOLVE-2fd9fd643bf3e9e98d121dc2e7af1cf1be411ae2.zip,MATHSOLVE-2fd9fd643bf3e9e98d121dc2e7af1cf1be411ae2/handoffs/OPENMATH-2026/jobs/OM26-H2-WP03-IA-001.md,,8ad0db8c,Filename/path inference; editable in the app
348273,handoffs/OPENMATH-2026/jobs/OM26-H2-WP03-IA-001.md,General / shared,9980,Latest public revision collected separately; not an author-designated final | adcfa0537f43327f4bb9acfe1692f757fce353c4,https://codeload.github.com/grandchallenge/MATHSOLVE/zip/adcfa0537f43327f4bb9acfe1692f757fce353c4,,contestants/E10/13-archives/E10-grandchallenge-MATHSOLVE-adcfa0537f43327f4bb9acfe1692f757fce353c4.zip,MATHSOLVE-adcfa0537f43327f4bb9acfe1692f757fce353c4/handoffs/OPENMATH-2026/jobs/OM26-H2-WP03-IA-001.md,,8ad0db8c,Filename/path inference; editable in the app
345206,handoffs/OPENMATH-2026/jobs/OM26-H2-WP04-IA-001.md,General / shared,7635,Pinned collected revision; final designation governed by team receipt | 2fd9fd643bf3e9e98d121dc2e7af1cf1be411ae2,https://codeload.github.com/grandchallenge/MATHSOLVE/zip/2fd9fd643bf3e9e98d121dc2e7af1cf1be411ae2,,contestants/E10/13-archives/E10-grandchallenge-MATHSOLVE-2fd9fd643bf3e9e98d121dc2e7af1cf1be411ae2.zip,MATHSOLVE-2fd9fd643bf3e9e98d121dc2e7af1cf1be411ae2/handoffs/OPENMATH-2026/jobs/OM26-H2-WP04-IA-001.md,,2bb80af3,Filename/path inference; editable in the app
348274,handoffs/OPENMATH-2026/jobs/OM26-H2-WP04-IA-001.md,General / shared,7635,Latest public revision collected separately; not an author-designated final | adcfa0537f43327f4bb9acfe1692f757fce353c4,https://codeload.github.com/grandchallenge/MATHSOLVE/zip/adcfa0537f43327f4bb9acfe1692f757fce353c4,,contestants/E10/13-archives/E10-grandchallenge-MATHSOLVE-adcfa0537f43327f4bb9acfe1692f757fce353c4.zip,MATHSOLVE-adcfa0537f43327f4bb9acfe1692f757fce353c4/handoffs/OPENMATH-2026/jobs/OM26-H2-WP04-IA-001.md,,2bb80af3,Filename/path inference; editable in the app
345207,handoffs/OPENMATH-2026/jobs/OM26-H2-WP05-IA-001.md,General / shared,5809,Pinned collected revision; final designation governed by team receipt | 2fd9fd643bf3e9e98d121dc2e7af1cf1be411ae2,https://codeload.github.com/grandchallenge/MATHSOLVE/zip/2fd9fd643bf3e9e98d121dc2e7af1cf1be411ae2,,contestants/E10/13-archives/E10-grandchallenge-MATHSOLVE-2fd9fd643bf3e9e98d121dc2e7af1cf1be411ae2.zip,MATHSOLVE-2fd9fd643bf3e9e98d121dc2e7af1cf1be411ae2/handoffs/OPENMATH-2026/jobs/OM26-H2-WP05-IA-001.md,,eb07bf74,Filename/path inference; editable in the app
348275,handoffs/OPENMATH-2026/jobs/OM26-H2-WP05-IA-001.md,General / shared,5809,Latest public revision collected separately; not an author-designated final | adcfa0537f43327f4bb9acfe1692f757fce353c4,https://codeload.github.com/grandchallenge/MATHSOLVE/zip/adcfa0537f43327f4bb9acfe1692f757fce353c4,,contestants/E10/13-archives/E10-grandchallenge-MATHSOLVE-adcfa0537f43327f4bb9acfe1692f757fce353c4.zip,MATHSOLVE-adcfa0537f43327f4bb9acfe1692f757fce353c4/handoffs/OPENMATH-2026/jobs/OM26-H2-WP05-IA-001.md,,eb07bf74,Filename/path inference; editable in the app
345208,handoffs/OPENMATH-2026/jobs/OM26-H2-WP06-IA-001.md,General / shared,12143,Pinned collected revision; final designation governed by team receipt | 2fd9fd643bf3e9e98d121dc2e7af1cf1be411ae2,https://codeload.github.com/grandchallenge/MATHSOLVE/zip/2fd9fd643bf3e9e98d121dc2e7af1cf1be411ae2,,contestants/E10/13-archives/E10-grandchallenge-MATHSOLVE-2fd9fd643bf3e9e98d121dc2e7af1cf1be411ae2.zip,MATHSOLVE-2fd9fd643bf3e9e98d121dc2e7af1cf1be411ae2/handoffs/OPENMATH-2026/jobs/OM26-H2-WP06-IA-001.md,,3037318d,Filename/path inference; editable in the app
348276,handoffs/OPENMATH-2026/jobs/OM26-H2-WP06-IA-001.md,General / shared,12143,Latest public revision collected separately; not an author-designated final | adcfa0537f43327f4bb9acfe1692f757fce353c4,https://codeload.github.com/grandchallenge/MATHSOLVE/zip/adcfa0537f43327f4bb9acfe1692f757fce353c4,,contestants/E10/13-archives/E10-grandchallenge-MATHSOLVE-adcfa0537f43327f4bb9acfe1692f757fce353c4.zip,MATHSOLVE-adcfa0537f43327f4bb9acfe1692f757fce353c4/handoffs/OPENMATH-2026/jobs/OM26-H2-WP06-IA-001.md,,3037318d,Filename/path inference; editable in the app
345209,handoffs/OPENMATH-2026/jobs/OM26-H2-WP07-IA-001.md,General / shared,6145,Pinned collected revision; final designation governed by team receipt | 2fd9fd643bf3e9e98d121dc2e7af1cf1be411ae2,https://codeload.github.com/grandchallenge/MATHSOLVE/zip/2fd9fd643bf3e9e98d121dc2e7af1cf1be411ae2,,contestants/E10/13-archives/E10-grandchallenge-MATHSOLVE-2fd9fd643bf3e9e98d121dc2e7af1cf1be411ae2.zip,MATHSOLVE-2fd9fd643bf3e9e98d121dc2e7af1cf1be411ae2/handoffs/OPENMATH-2026/jobs/OM26-H2-WP07-IA-001.md,,5a41629b,Filename/path inference; editable in the app
348277,handoffs/OPENMATH-2026/jobs/OM26-H2-WP07-IA-001.md,General / shared,6145,Latest public revision collected separately; not an author-designated final | adcfa0537f43327f4bb9acfe1692f757fce353c4,https://codeload.github.com/grandchallenge/MATHSOLVE/zip/adcfa0537f43327f4bb9acfe1692f757fce353c4,,contestants/E10/13-archives/E10-grandchallenge-MATHSOLVE-adcfa0537f43327f4bb9acfe1692f757fce353c4.zip,MATHSOLVE-adcfa0537f43327f4bb9acfe1692f757fce353c4/handoffs/OPENMATH-2026/jobs/OM26-H2-WP07-IA-001.md,,5a41629b,Filename/path inference; editable in the app
345210,handoffs/OPENMATH-2026/jobs/OM26-H2-WP08-IA-001.md,General / shared,6382,Pinned collected revision; final designation governed by team receipt | 2fd9fd643bf3e9e98d121dc2e7af1cf1be411ae2,https://codeload.github.com/grandchallenge/MATHSOLVE/zip/2fd9fd643bf3e9e98d121dc2e7af1cf1be411ae2,,contestants/E10/13-archives/E10-grandchallenge-MATHSOLVE-2fd9fd643bf3e9e98d121dc2e7af1cf1be411ae2.zip,MATHSOLVE-2fd9fd643bf3e9e98d121dc2e7af1cf1be411ae2/handoffs/OPENMATH-2026/jobs/OM26-H2-WP08-IA-001.md,,00c786b0,Filename/path inference; editable in the app
348278,handoffs/OPENMATH-2026/jobs/OM26-H2-WP08-IA-001.md,General / shared,6382,Latest public revision collected separately; not an author-designated final | adcfa0537f43327f4bb9acfe1692f757fce353c4,https://codeload.github.com/grandchallenge/MATHSOLVE/zip/adcfa0537f43327f4bb9acfe1692f757fce353c4,,contestants/E10/13-archives/E10-grandchallenge-MATHSOLVE-adcfa0537f43327f4bb9acfe1692f757fce353c4.zip,MATHSOLVE-adcfa0537f43327f4bb9acfe1692f757fce353c4/handoffs/OPENMATH-2026/jobs/OM26-H2-WP08-IA-001.md,,00c786b0,Filename/path inference; editable in the app
348279,handoffs/OPENMATH-2026/jobs/OM26-H2-WP09-IA-001.md,General / shared,7061,Latest public revision collected separately; not an author-designated final | adcfa0537f43327f4bb9acfe1692f757fce353c4,https://codeload.github.com/grandchallenge/MATHSOLVE/zip/adcfa0537f43327f4bb9acfe1692f757fce353c4,,contestants/E10/13-archives/E10-grandchallenge-MATHSOLVE-adcfa0537f43327f4bb9acfe1692f757fce353c4.zip,MATHSOLVE-adcfa0537f43327f4bb9acfe1692f757fce353c4/handoffs/OPENMATH-2026/jobs/OM26-H2-WP09-IA-001.md,,2b8b3a81,Filename/path inference; editable in the app
348280,handoffs/OPENMATH-2026/jobs/OM26-H2-WP10-IA-001.md,General / shared,7386,Latest public revision collected separately; not an author-designated final | adcfa0537f43327f4bb9acfe1692f757fce353c4,https://codeload.github.com/grandchallenge/MATHSOLVE/zip/adcfa0537f43327f4bb9acfe1692f757fce353c4,,contestants/E10/13-archives/E10-grandchallenge-MATHSOLVE-adcfa0537f43327f4bb9acfe1692f757fce353c4.zip,MATHSOLVE-adcfa0537f43327f4bb9acfe1692f757fce353c4/handoffs/OPENMATH-2026/jobs/OM26-H2-WP10-IA-001.md,,89ed4849,Filename/path inference; editable in the app
345211,handoffs/OPENMATH-2026/jobs/OM26-H3-WP01-IA-001.md,General / shared,4876,Pinned collected revision; final designation governed by team receipt | 2fd9fd643bf3e9e98d121dc2e7af1cf1be411ae2,https://codeload.github.com/grandchallenge/MATHSOLVE/zip/2fd9fd643bf3e9e98d121dc2e7af1cf1be411ae2,,contestants/E10/13-archives/E10-grandchallenge-MATHSOLVE-2fd9fd643bf3e9e98d121dc2e7af1cf1be411ae2.zip,MATHSOLVE-2fd9fd643bf3e9e98d121dc2e7af1cf1be411ae2/handoffs/OPENMATH-2026/jobs/OM26-H3-WP01-IA-001.md,,9424c0f2,Filename/path inference; editable in the app
348281,handoffs/OPENMATH-2026/jobs/OM26-H3-WP01-IA-001.md,General / shared,4876,Latest public revision collected separately; not an author-designated final | adcfa0537f43327f4bb9acfe1692f757fce353c4,https://codeload.github.com/grandchallenge/MATHSOLVE/zip/adcfa0537f43327f4bb9acfe1692f757fce353c4,,contestants/E10/13-archives/E10-grandchallenge-MATHSOLVE-adcfa0537f43327f4bb9acfe1692f757fce353c4.zip,MATHSOLVE-adcfa0537f43327f4bb9acfe1692f757fce353c4/handoffs/OPENMATH-2026/jobs/OM26-H3-WP01-IA-001.md,,9424c0f2,Filename/path inference; editable in the app
345212,handoffs/OPENMATH-2026/jobs/OM26-H3-WP01.md,General / shared,2722,Pinned collected revision; final designation governed by team receipt | 2fd9fd643bf3e9e98d121dc2e7af1cf1be411ae2,https://codeload.github.com/grandchallenge/MATHSOLVE/zip/2fd9fd643bf3e9e98d121dc2e7af1cf1be411ae2,,contestants/E10/13-archives/E10-grandchallenge-MATHSOLVE-2fd9fd643bf3e9e98d121dc2e7af1cf1be411ae2.zip,MATHSOLVE-2fd9fd643bf3e9e98d121dc2e7af1cf1be411ae2/handoffs/OPENMATH-2026/jobs/OM26-H3-WP01.md,,4f1ba4ed,Filename/path inference; editable in the app
348282,handoffs/OPENMATH-2026/jobs/OM26-H3-WP01.md,General / shared,2722,Latest public revision collected separately; not an author-designated final | adcfa0537f43327f4bb9acfe1692f757fce353c4,https://codeload.github.com/grandchallenge/MATHSOLVE/zip/adcfa0537f43327f4bb9acfe1692f757fce353c4,,contestants/E10/13-archives/E10-grandchallenge-MATHSOLVE-adcfa0537f43327f4bb9acfe1692f757fce353c4.zip,MATHSOLVE-adcfa0537f43327f4bb9acfe1692f757fce353c4/handoffs/OPENMATH-2026/jobs/OM26-H3-WP01.md,,4f1ba4ed,Filename/path inference; editable in the app
345213,handoffs/OPENMATH-2026/jobs/OM26-H3-WP02-IA-001.md,General / shared,29455,Pinned collected revision; final designation governed by team receipt | 2fd9fd643bf3e9e98d121dc2e7af1cf1be411ae2,https://codeload.github.com/grandchallenge/MATHSOLVE/zip/2fd9fd643bf3e9e98d121dc2e7af1cf1be411ae2,,contestants/E10/13-archives/E10-grandchallenge-MATHSOLVE-2fd9fd643bf3e9e98d121dc2e7af1cf1be411ae2.zip,MATHSOLVE-2fd9fd643bf3e9e98d121dc2e7af1cf1be411ae2/handoffs/OPENMATH-2026/jobs/OM26-H3-WP02-IA-001.md,,8daf4c49,Filename/path inference; editable in the app
348283,handoffs/OPENMATH-2026/jobs/OM26-H3-WP02-IA-001.md,General / shared,29455,Latest public revision collected separately; not an author-designated final | adcfa0537f43327f4bb9acfe1692f757fce353c4,https://codeload.github.com/grandchallenge/MATHSOLVE/zip/adcfa0537f43327f4bb9acfe1692f757fce353c4,,contestants/E10/13-archives/E10-grandchallenge-MATHSOLVE-adcfa0537f43327f4bb9acfe1692f757fce353c4.zip,MATHSOLVE-adcfa0537f43327f4bb9acfe1692f757fce353c4/handoffs/OPENMATH-2026/jobs/OM26-H3-WP02-IA-001.md,,8daf4c49,Filename/path inference; editable in the app
345214,handoffs/OPENMATH-2026/jobs/OM26-H3-WP03-IA-001.md,General / shared,6485,Pinned collected revision; final designation governed by team receipt | 2fd9fd643bf3e9e98d121dc2e7af1cf1be411ae2,https://codeload.github.com/grandchallenge/MATHSOLVE/zip/2fd9fd643bf3e9e98d121dc2e7af1cf1be411ae2,,contestants/E10/13-archives/E10-grandchallenge-MATHSOLVE-2fd9fd643bf3e9e98d121dc2e7af1cf1be411ae2.zip,MATHSOLVE-2fd9fd643bf3e9e98d121dc2e7af1cf1be411ae2/handoffs/OPENMATH-2026/jobs/OM26-H3-WP03-IA-001.md,,c07716ba,Filename/path inference; editable in the app
348284,handoffs/OPENMATH-2026/jobs/OM26-H3-WP03-IA-001.md,General / shared,6485,Latest public revision collected separately; not an author-designated final | adcfa0537f43327f4bb9acfe1692f757fce353c4,https://codeload.github.com/grandchallenge/MATHSOLVE/zip/adcfa0537f43327f4bb9acfe1692f757fce353c4,,contestants/E10/13-archives/E10-grandchallenge-MATHSOLVE-adcfa0537f43327f4bb9acfe1692f757fce353c4.zip,MATHSOLVE-adcfa0537f43327f4bb9acfe1692f757fce353c4/handoffs/OPENMATH-2026/jobs/OM26-H3-WP03-IA-001.md,,c07716ba,Filename/path inference; editable in the app
345215,handoffs/OPENMATH-2026/jobs/OM26-H3-WP04-IA-001.md,General / shared,6084,Pinned collected revision; final designation governed by team receipt | 2fd9fd643bf3e9e98d121dc2e7af1cf1be411ae2,https://codeload.github.com/grandchallenge/MATHSOLVE/zip/2fd9fd643bf3e9e98d121dc2e7af1cf1be411ae2,,contestants/E10/13-archives/E10-grandchallenge-MATHSOLVE-2fd9fd643bf3e9e98d121dc2e7af1cf1be411ae2.zip,MATHSOLVE-2fd9fd643bf3e9e98d121dc2e7af1cf1be411ae2/handoffs/OPENMATH-2026/jobs/OM26-H3-WP04-IA-001.md,,113a2af9,Filename/path inference; editable in the app
348285,handoffs/OPENMATH-2026/jobs/OM26-H3-WP04-IA-001.md,General / shared,6084,Latest public revision collected separately; not an author-designated final | adcfa0537f43327f4bb9acfe1692f757fce353c4,https://codeload.github.com/grandchallenge/MATHSOLVE/zip/adcfa0537f43327f4bb9acfe1692f757fce353c4,,contestants/E10/13-archives/E10-grandchallenge-MATHSOLVE-adcfa0537f43327f4bb9acfe1692f757fce353c4.zip,MATHSOLVE-adcfa0537f43327f4bb9acfe1692f757fce353c4/handoffs/OPENMATH-2026/jobs/OM26-H3-WP04-IA-001.md,,113a2af9,Filename/path inference; editable in the app
345216,handoffs/OPENMATH-2026/jobs/OM26-H3-WP05-IA-001.md,General / shared,8631,Pinned collected revision; final designation governed by team receipt | 2fd9fd643bf3e9e98d121dc2e7af1cf1be411ae2,https://codeload.github.com/grandchallenge/MATHSOLVE/zip/2fd9fd643bf3e9e98d121dc2e7af1cf1be411ae2,,contestants/E10/13-archives/E10-grandchallenge-MATHSOLVE-2fd9fd643bf3e9e98d121dc2e7af1cf1be411ae2.zip,MATHSOLVE-2fd9fd643bf3e9e98d121dc2e7af1cf1be411ae2/handoffs/OPENMATH-2026/jobs/OM26-H3-WP05-IA-001.md,,f2c8aaf5,Filename/path inference; editable in the app
348286,handoffs/OPENMATH-2026/jobs/OM26-H3-WP05-IA-001.md,General / shared,8631,Latest public revision collected separately; not an author-designated final | adcfa0537f43327f4bb9acfe1692f757fce353c4,https://codeload.github.com/grandchallenge/MATHSOLVE/zip/adcfa0537f43327f4bb9acfe1692f757fce353c4,,contestants/E10/13-archives/E10-grandchallenge-MATHSOLVE-adcfa0537f43327f4bb9acfe1692f757fce353c4.zip,MATHSOLVE-adcfa0537f43327f4bb9acfe1692f757fce353c4/handoffs/OPENMATH-2026/jobs/OM26-H3-WP05-IA-001.md,,f2c8aaf5,Filename/path inference; editable in the app
345217,handoffs/OPENMATH-2026/jobs/OM26-H3-WP06-IA-001.md,General / shared,8943,Pinned collected revision; final designation governed by team receipt | 2fd9fd643bf3e9e98d121dc2e7af1cf1be411ae2,https://codeload.github.com/grandchallenge/MATHSOLVE/zip/2fd9fd643bf3e9e98d121dc2e7af1cf1be411ae2,,contestants/E10/13-archives/E10-grandchallenge-MATHSOLVE-2fd9fd643bf3e9e98d121dc2e7af1cf1be411ae2.zip,MATHSOLVE-2fd9fd643bf3e9e98d121dc2e7af1cf1be411ae2/handoffs/OPENMATH-2026/jobs/OM26-H3-WP06-IA-001.md,,6fa0bc58,Filename/path inference; editable in the app
348287,handoffs/OPENMATH-2026/jobs/OM26-H3-WP06-IA-001.md,General / shared,8943,Latest public revision collected separately; not an author-designated final | adcfa0537f43327f4bb9acfe1692f757fce353c4,https://codeload.github.com/grandchallenge/MATHSOLVE/zip/adcfa0537f43327f4bb9acfe1692f757fce353c4,,contestants/E10/13-archives/E10-grandchallenge-MATHSOLVE-adcfa0537f43327f4bb9acfe1692f757fce353c4.zip,MATHSOLVE-adcfa0537f43327f4bb9acfe1692f757fce353c4/handoffs/OPENMATH-2026/jobs/OM26-H3-WP06-IA-001.md,,6fa0bc58,Filename/path inference; editable in the app
345218,handoffs/OPENMATH-2026/jobs/OM26-H3-WP07-IA-001.md,General / shared,10721,Pinned collected revision; final designation governed by team receipt | 2fd9fd643bf3e9e98d121dc2e7af1cf1be411ae2,https://codeload.github.com/grandchallenge/MATHSOLVE/zip/2fd9fd643bf3e9e98d121dc2e7af1cf1be411ae2,,contestants/E10/13-archives/E10-grandchallenge-MATHSOLVE-2fd9fd643bf3e9e98d121dc2e7af1cf1be411ae2.zip,MATHSOLVE-2fd9fd643bf3e9e98d121dc2e7af1cf1be411ae2/handoffs/OPENMATH-2026/jobs/OM26-H3-WP07-IA-001.md,,705c7e67,Filename/path inference; editable in the app
348288,handoffs/OPENMATH-2026/jobs/OM26-H3-WP07-IA-001.md,General / shared,10721,Latest public revision collected separately; not an author-designated final | adcfa0537f43327f4bb9acfe1692f757fce353c4,https://codeload.github.com/grandchallenge/MATHSOLVE/zip/adcfa0537f43327f4bb9acfe1692f757fce353c4,,contestants/E10/13-archives/E10-grandchallenge-MATHSOLVE-adcfa0537f43327f4bb9acfe1692f757fce353c4.zip,MATHSOLVE-adcfa0537f43327f4bb9acfe1692f757fce353c4/handoffs/OPENMATH-2026/jobs/OM26-H3-WP07-IA-001.md,,705c7e67,Filename/path inference; editable in the app
348289,handoffs/OPENMATH-2026/jobs/OM26-H3-WP08-IA-001.md,General / shared,7185,Latest public revision collected separately; not an author-designated final | adcfa0537f43327f4bb9acfe1692f757fce353c4,https://codeload.github.com/grandchallenge/MATHSOLVE/zip/adcfa0537f43327f4bb9acfe1692f757fce353c4,,contestants/E10/13-archives/E10-grandchallenge-MATHSOLVE-adcfa0537f43327f4bb9acfe1692f757fce353c4.zip,MATHSOLVE-adcfa0537f43327f4bb9acfe1692f757fce353c4/handoffs/OPENMATH-2026/jobs/OM26-H3-WP08-IA-001.md,,18e3879a,Filename/path inference; editable in the app
348290,handoffs/OPENMATH-2026/jobs/OM26-H3-WP09-IA-001.md,General / shared,7369,Latest public revision collected separately; not an author-designated final | adcfa0537f43327f4bb9acfe1692f757fce353c4,https://codeload.github.com/grandchallenge/MATHSOLVE/zip/adcfa0537f43327f4bb9acfe1692f757fce353c4,,contestants/E10/13-archives/E10-grandchallenge-MATHSOLVE-adcfa0537f43327f4bb9acfe1692f757fce353c4.zip,MATHSOLVE-adcfa0537f43327f4bb9acfe1692f757fce353c4/handoffs/OPENMATH-2026/jobs/OM26-H3-WP09-IA-001.md,,9132cb88,Filename/path inference; editable in the app
345219,handoffs/OPENMATH-2026/jobs/OM26-H4-WP01-IA-001.md,General / shared,4823,Pinned collected revision; final designation governed by team receipt | 2fd9fd643bf3e9e98d121dc2e7af1cf1be411ae2,https://codeload.github.com/grandchallenge/MATHSOLVE/zip/2fd9fd643bf3e9e98d121dc2e7af1cf1be411ae2,,contestants/E10/13-archives/E10-grandchallenge-MATHSOLVE-2fd9fd643bf3e9e98d121dc2e7af1cf1be411ae2.zip,MATHSOLVE-2fd9fd643bf3e9e98d121dc2e7af1cf1be411ae2/handoffs/OPENMATH-2026/jobs/OM26-H4-WP01-IA-001.md,,01b8778d,Filename/path inference; editable in the app
348291,handoffs/OPENMATH-2026/jobs/OM26-H4-WP01-IA-001.md,General / shared,4823,Latest public revision collected separately; not an author-designated final | adcfa0537f43327f4bb9acfe1692f757fce353c4,https://codeload.github.com/grandchallenge/MATHSOLVE/zip/adcfa0537f43327f4bb9acfe1692f757fce353c4,,contestants/E10/13-archives/E10-grandchallenge-MATHSOLVE-adcfa0537f43327f4bb9acfe1692f757fce353c4.zip,MATHSOLVE-adcfa0537f43327f4bb9acfe1692f757fce353c4/handoffs/OPENMATH-2026/jobs/OM26-H4-WP01-IA-001.md,,01b8778d,Filename/path inference; editable in the app
345220,handoffs/OPENMATH-2026/jobs/OM26-H4-WP01.md,General / shared,2687,Pinned collected revision; final designation governed by team receipt | 2fd9fd643bf3e9e98d121dc2e7af1cf1be411ae2,https://codeload.github.com/grandchallenge/MATHSOLVE/zip/2fd9fd643bf3e9e98d121dc2e7af1cf1be411ae2,,contestants/E10/13-archives/E10-grandchallenge-MATHSOLVE-2fd9fd643bf3e9e98d121dc2e7af1cf1be411ae2.zip,MATHSOLVE-2fd9fd643bf3e9e98d121dc2e7af1cf1be411ae2/handoffs/OPENMATH-2026/jobs/OM26-H4-WP01.md,,769948e1,Filename/path inference; editable in the app
348292,handoffs/OPENMATH-2026/jobs/OM26-H4-WP01.md,General / shared,2687,Latest public revision collected separately; not an author-designated final | adcfa0537f43327f4bb9acfe1692f757fce353c4,https://codeload.github.com/grandchallenge/MATHSOLVE/zip/adcfa0537f43327f4bb9acfe1692f757fce353c4,,contestants/E10/13-archives/E10-grandchallenge-MATHSOLVE-adcfa0537f43327f4bb9acfe1692f757fce353c4.zip,MATHSOLVE-adcfa0537f43327f4bb9acfe1692f757fce353c4/handoffs/OPENMATH-2026/jobs/OM26-H4-WP01.md,,769948e1,Filename/path inference; editable in the app
345221,handoffs/OPENMATH-2026/jobs/OM26-H4-WP02-IA-001.md,General / shared,10523,Pinned collected revision; final designation governed by team receipt | 2fd9fd643bf3e9e98d121dc2e7af1cf1be411ae2,https://codeload.github.com/grandchallenge/MATHSOLVE/zip/2fd9fd643bf3e9e98d121dc2e7af1cf1be411ae2,,contestants/E10/13-archives/E10-grandchallenge-MATHSOLVE-2fd9fd643bf3e9e98d121dc2e7af1cf1be411ae2.zip,MATHSOLVE-2fd9fd643bf3e9e98d121dc2e7af1cf1be411ae2/handoffs/OPENMATH-2026/jobs/OM26-H4-WP02-IA-001.md,,a8169176,Filename/path inference; editable in the app
348293,handoffs/OPENMATH-2026/jobs/OM26-H4-WP02-IA-001.md,General / shared,10523,Latest public revision collected separately; not an author-designated final | adcfa0537f43327f4bb9acfe1692f757fce353c4,https://codeload.github.com/grandchallenge/MATHSOLVE/zip/adcfa0537f43327f4bb9acfe1692f757fce353c4,,contestants/E10/13-archives/E10-grandchallenge-MATHSOLVE-adcfa0537f43327f4bb9acfe1692f757fce353c4.zip,MATHSOLVE-adcfa0537f43327f4bb9acfe1692f757fce353c4/handoffs/OPENMATH-2026/jobs/OM26-H4-WP02-IA-001.md,,a8169176,Filename/path inference; editable in the app
345222,handoffs/OPENMATH-2026/jobs/OM26-H4-WP03-IA-001.md,General / shared,6073,Pinned collected revision; final designation governed by team receipt | 2fd9fd643bf3e9e98d121dc2e7af1cf1be411ae2,https://codeload.github.com/grandchallenge/MATHSOLVE/zip/2fd9fd643bf3e9e98d121dc2e7af1cf1be411ae2,,contestants/E10/13-archives/E10-grandchallenge-MATHSOLVE-2fd9fd643bf3e9e98d121dc2e7af1cf1be411ae2.zip,MATHSOLVE-2fd9fd643bf3e9e98d121dc2e7af1cf1be411ae2/handoffs/OPENMATH-2026/jobs/OM26-H4-WP03-IA-001.md,,8eab2ecc,Filename/path inference; editable in the app
348294,handoffs/OPENMATH-2026/jobs/OM26-H4-WP03-IA-001.md,General / shared,6073,Latest public revision collected separately; not an author-designated final | adcfa0537f43327f4bb9acfe1692f757fce353c4,https://codeload.github.com/grandchallenge/MATHSOLVE/zip/adcfa0537f43327f4bb9acfe1692f757fce353c4,,contestants/E10/13-archives/E10-grandchallenge-MATHSOLVE-adcfa0537f43327f4bb9acfe1692f757fce353c4.zip,MATHSOLVE-adcfa0537f43327f4bb9acfe1692f757fce353c4/handoffs/OPENMATH-2026/jobs/OM26-H4-WP03-IA-001.md,,8eab2ecc,Filename/path inference; editable in the app
345223,handoffs/OPENMATH-2026/jobs/OM26-H4-WP04-IA-001.md,General / shared,18604,Pinned collected revision; final designation governed by team receipt | 2fd9fd643bf3e9e98d121dc2e7af1cf1be411ae2,https://codeload.github.com/grandchallenge/MATHSOLVE/zip/2fd9fd643bf3e9e98d121dc2e7af1cf1be411ae2,,contestants/E10/13-archives/E10-grandchallenge-MATHSOLVE-2fd9fd643bf3e9e98d121dc2e7af1cf1be411ae2.zip,MATHSOLVE-2fd9fd643bf3e9e98d121dc2e7af1cf1be411ae2/handoffs/OPENMATH-2026/jobs/OM26-H4-WP04-IA-001.md,,34126786,Filename/path inference; editable in the app
348295,handoffs/OPENMATH-2026/jobs/OM26-H4-WP04-IA-001.md,General / shared,18604,Latest public revision collected separately; not an author-designated final | adcfa0537f43327f4bb9acfe1692f757fce353c4,https://codeload.github.com/grandchallenge/MATHSOLVE/zip/adcfa0537f43327f4bb9acfe1692f757fce353c4,,contestants/E10/13-archives/E10-grandchallenge-MATHSOLVE-adcfa0537f43327f4bb9acfe1692f757fce353c4.zip,MATHSOLVE-adcfa0537f43327f4bb9acfe1692f757fce353c4/handoffs/OPENMATH-2026/jobs/OM26-H4-WP04-IA-001.md,,34126786,Filename/path inference; editable in the app
345224,handoffs/OPENMATH-2026/jobs/OM26-H4-WP05-IA-001.md,General / shared,9114,Pinned collected revision; final designation governed by team receipt | 2fd9fd643bf3e9e98d121dc2e7af1cf1be411ae2,https://codeload.github.com/grandchallenge/MATHSOLVE/zip/2fd9fd643bf3e9e98d121dc2e7af1cf1be411ae2,,contestants/E10/13-archives/E10-grandchallenge-MATHSOLVE-2fd9fd643bf3e9e98d121dc2e7af1cf1be411ae2.zip,MATHSOLVE-2fd9fd643bf3e9e98d121dc2e7af1cf1be411ae2/handoffs/OPENMATH-2026/jobs/OM26-H4-WP05-IA-001.md,,9754038c,Filename/path inference; editable in the app
348296,handoffs/OPENMATH-2026/jobs/OM26-H4-WP05-IA-001.md,General / shared,9114,Latest public revision collected separately; not an author-designated final | adcfa0537f43327f4bb9acfe1692f757fce353c4,https://codeload.github.com/grandchallenge/MATHSOLVE/zip/adcfa0537f43327f4bb9acfe1692f757fce353c4,,contestants/E10/13-archives/E10-grandchallenge-MATHSOLVE-adcfa0537f43327f4bb9acfe1692f757fce353c4.zip,MATHSOLVE-adcfa0537f43327f4bb9acfe1692f757fce353c4/handoffs/OPENMATH-2026/jobs/OM26-H4-WP05-IA-001.md,,9754038c,Filename/path inference; editable in the app
345225,handoffs/OPENMATH-2026/jobs/OM26-H4-WP06-IA-001.md,General / shared,9311,Pinned collected revision; final designation governed by team receipt | 2fd9fd643bf3e9e98d121dc2e7af1cf1be411ae2,https://codeload.github.com/grandchallenge/MATHSOLVE/zip/2fd9fd643bf3e9e98d121dc2e7af1cf1be411ae2,,contestants/E10/13-archives/E10-grandchallenge-MATHSOLVE-2fd9fd643bf3e9e98d121dc2e7af1cf1be411ae2.zip,MATHSOLVE-2fd9fd643bf3e9e98d121dc2e7af1cf1be411ae2/handoffs/OPENMATH-2026/jobs/OM26-H4-WP06-IA-001.md,,1832bc14,Filename/path inference; editable in the app
348297,handoffs/OPENMATH-2026/jobs/OM26-H4-WP06-IA-001.md,General / shared,9311,Latest public revision collected separately; not an author-designated final | adcfa0537f43327f4bb9acfe1692f757fce353c4,https://codeload.github.com/grandchallenge/MATHSOLVE/zip/adcfa0537f43327f4bb9acfe1692f757fce353c4,,contestants/E10/13-archives/E10-grandchallenge-MATHSOLVE-adcfa0537f43327f4bb9acfe1692f757fce353c4.zip,MATHSOLVE-adcfa0537f43327f4bb9acfe1692f757fce353c4/handoffs/OPENMATH-2026/jobs/OM26-H4-WP06-IA-001.md,,1832bc14,Filename/path inference; editable in the app
345226,handoffs/OPENMATH-2026/jobs/OM26-H5-WP01-IA-001.md,General / shared,4529,Pinned collected revision; final designation governed by team receipt | 2fd9fd643bf3e9e98d121dc2e7af1cf1be411ae2,https://codeload.github.com/grandchallenge/MATHSOLVE/zip/2fd9fd643bf3e9e98d121dc2e7af1cf1be411ae2,,contestants/E10/13-archives/E10-grandchallenge-MATHSOLVE-2fd9fd643bf3e9e98d121dc2e7af1cf1be411ae2.zip,MATHSOLVE-2fd9fd643bf3e9e98d121dc2e7af1cf1be411ae2/handoffs/OPENMATH-2026/jobs/OM26-H5-WP01-IA-001.md,,557f9ef6,Filename/path inference; editable in the app
348298,handoffs/OPENMATH-2026/jobs/OM26-H5-WP01-IA-001.md,General / shared,4529,Latest public revision collected separately; not an author-designated final | adcfa0537f43327f4bb9acfe1692f757fce353c4,https://codeload.github.com/grandchallenge/MATHSOLVE/zip/adcfa0537f43327f4bb9acfe1692f757fce353c4,,contestants/E10/13-archives/E10-grandchallenge-MATHSOLVE-adcfa0537f43327f4bb9acfe1692f757fce353c4.zip,MATHSOLVE-adcfa0537f43327f4bb9acfe1692f757fce353c4/handoffs/OPENMATH-2026/jobs/OM26-H5-WP01-IA-001.md,,557f9ef6,Filename/path inference; editable in the app
345227,handoffs/OPENMATH-2026/jobs/OM26-H5-WP01.md,General / shared,2381,Pinned collected revision; final designation governed by team receipt | 2fd9fd643bf3e9e98d121dc2e7af1cf1be411ae2,https://codeload.github.com/grandchallenge/MATHSOLVE/zip/2fd9fd643bf3e9e98d121dc2e7af1cf1be411ae2,,contestants/E10/13-archives/E10-grandchallenge-MATHSOLVE-2fd9fd643bf3e9e98d121dc2e7af1cf1be411ae2.zip,MATHSOLVE-2fd9fd643bf3e9e98d121dc2e7af1cf1be411ae2/handoffs/OPENMATH-2026/jobs/OM26-H5-WP01.md,,dada9376,Filename/path inference; editable in the app
348299,handoffs/OPENMATH-2026/jobs/OM26-H5-WP01.md,General / shared,2381,Latest public revision collected separately; not an author-designated final | adcfa0537f43327f4bb9acfe1692f757fce353c4,https://codeload.github.com/grandchallenge/MATHSOLVE/zip/adcfa0537f43327f4bb9acfe1692f757fce353c4,,contestants/E10/13-archives/E10-grandchallenge-MATHSOLVE-adcfa0537f43327f4bb9acfe1692f757fce353c4.zip,MATHSOLVE-adcfa0537f43327f4bb9acfe1692f757fce353c4/handoffs/OPENMATH-2026/jobs/OM26-H5-WP01.md,,dada9376,Filename/path inference; editable in the app
345228,handoffs/OPENMATH-2026/jobs/OM26-H5-WP02-IA-001.md,General / shared,9972,Pinned collected revision; final designation governed by team receipt | 2fd9fd643bf3e9e98d121dc2e7af1cf1be411ae2,https://codeload.github.com/grandchallenge/MATHSOLVE/zip/2fd9fd643bf3e9e98d121dc2e7af1cf1be411ae2,,contestants/E10/13-archives/E10-grandchallenge-MATHSOLVE-2fd9fd643bf3e9e98d121dc2e7af1cf1be411ae2.zip,MATHSOLVE-2fd9fd643bf3e9e98d121dc2e7af1cf1be411ae2/handoffs/OPENMATH-2026/jobs/OM26-H5-WP02-IA-001.md,,7851a8d9,Filename/path inference; editable in the app
348300,handoffs/OPENMATH-2026/jobs/OM26-H5-WP02-IA-001.md,General / shared,9972,Latest public revision collected separately; not an author-designated final | adcfa0537f43327f4bb9acfe1692f757fce353c4,https://codeload.github.com/grandchallenge/MATHSOLVE/zip/adcfa0537f43327f4bb9acfe1692f757fce353c4,,contestants/E10/13-archives/E10-grandchallenge-MATHSOLVE-adcfa0537f43327f4bb9acfe1692f757fce353c4.zip,MATHSOLVE-adcfa0537f43327f4bb9acfe1692f757fce353c4/handoffs/OPENMATH-2026/jobs/OM26-H5-WP02-IA-001.md,,7851a8d9,Filename/path inference; editable in the app
345229,handoffs/OPENMATH-2026/jobs/OM26-H5-WP03-IA-001.md,General / shared,5904,Pinned collected revision; final designation governed by team receipt | 2fd9fd643bf3e9e98d121dc2e7af1cf1be411ae2,https://codeload.github.com/grandchallenge/MATHSOLVE/zip/2fd9fd643bf3e9e98d121dc2e7af1cf1be411ae2,,contestants/E10/13-archives/E10-grandchallenge-MATHSOLVE-2fd9fd643bf3e9e98d121dc2e7af1cf1be411ae2.zip,MATHSOLVE-2fd9fd643bf3e9e98d121dc2e7af1cf1be411ae2/handoffs/OPENMATH-2026/jobs/OM26-H5-WP03-IA-001.md,,7cd29318,Filename/path inference; editable in the app
348301,handoffs/OPENMATH-2026/jobs/OM26-H5-WP03-IA-001.md,General / shared,5904,Latest public revision collected separately; not an author-designated final | adcfa0537f43327f4bb9acfe1692f757fce353c4,https://codeload.github.com/grandchallenge/MATHSOLVE/zip/adcfa0537f43327f4bb9acfe1692f757fce353c4,,contestants/E10/13-archives/E10-grandchallenge-MATHSOLVE-adcfa0537f43327f4bb9acfe1692f757fce353c4.zip,MATHSOLVE-adcfa0537f43327f4bb9acfe1692f757fce353c4/handoffs/OPENMATH-2026/jobs/OM26-H5-WP03-IA-001.md,,7cd29318,Filename/path inference; editable in the app
345230,handoffs/OPENMATH-2026/jobs/OM26-H5-WP04-IA-001.md,General / shared,10754,Pinned collected revision; final designation governed by team receipt | 2fd9fd643bf3e9e98d121dc2e7af1cf1be411ae2,https://codeload.github.com/grandchallenge/MATHSOLVE/zip/2fd9fd643bf3e9e98d121dc2e7af1cf1be411ae2,,contestants/E10/13-archives/E10-grandchallenge-MATHSOLVE-2fd9fd643bf3e9e98d121dc2e7af1cf1be411ae2.zip,MATHSOLVE-2fd9fd643bf3e9e98d121dc2e7af1cf1be411ae2/handoffs/OPENMATH-2026/jobs/OM26-H5-WP04-IA-001.md,,7e217a52,Filename/path inference; editable in the app
348302,handoffs/OPENMATH-2026/jobs/OM26-H5-WP04-IA-001.md,General / shared,10754,Latest public revision collected separately; not an author-designated final | adcfa0537f43327f4bb9acfe1692f757fce353c4,https://codeload.github.com/grandchallenge/MATHSOLVE/zip/adcfa0537f43327f4bb9acfe1692f757fce353c4,,contestants/E10/13-archives/E10-grandchallenge-MATHSOLVE-adcfa0537f43327f4bb9acfe1692f757fce353c4.zip,MATHSOLVE-adcfa0537f43327f4bb9acfe1692f757fce353c4/handoffs/OPENMATH-2026/jobs/OM26-H5-WP04-IA-001.md,,7e217a52,Filename/path inference; editable in the app
345231,handoffs/OPENMATH-2026/jobs/OM26-H5-WP05-IA-001.md,General / shared,11066,Pinned collected revision; final designation governed by team receipt | 2fd9fd643bf3e9e98d121dc2e7af1cf1be411ae2,https://codeload.github.com/grandchallenge/MATHSOLVE/zip/2fd9fd643bf3e9e98d121dc2e7af1cf1be411ae2,,contestants/E10/13-archives/E10-grandchallenge-MATHSOLVE-2fd9fd643bf3e9e98d121dc2e7af1cf1be411ae2.zip,MATHSOLVE-2fd9fd643bf3e9e98d121dc2e7af1cf1be411ae2/handoffs/OPENMATH-2026/jobs/OM26-H5-WP05-IA-001.md,,8f08ae53,Filename/path inference; editable in the app
348303,handoffs/OPENMATH-2026/jobs/OM26-H5-WP05-IA-001.md,General / shared,11066,Latest public revision collected separately; not an author-designated final | adcfa0537f43327f4bb9acfe1692f757fce353c4,https://codeload.github.com/grandchallenge/MATHSOLVE/zip/adcfa0537f43327f4bb9acfe1692f757fce353c4,,contestants/E10/13-archives/E10-grandchallenge-MATHSOLVE-adcfa0537f43327f4bb9acfe1692f757fce353c4.zip,MATHSOLVE-adcfa0537f43327f4bb9acfe1692f757fce353c4/handoffs/OPENMATH-2026/jobs/OM26-H5-WP05-IA-001.md,,8f08ae53,Filename/path inference; editable in the app
345232,handoffs/OPENMATH-2026/jobs/OM26-H5-WP06-IA-001.md,General / shared,7663,Pinned collected revision; final designation governed by team receipt | 2fd9fd643bf3e9e98d121dc2e7af1cf1be411ae2,https://codeload.github.com/grandchallenge/MATHSOLVE/zip/2fd9fd643bf3e9e98d121dc2e7af1cf1be411ae2,,contestants/E10/13-archives/E10-grandchallenge-MATHSOLVE-2fd9fd643bf3e9e98d121dc2e7af1cf1be411ae2.zip,MATHSOLVE-2fd9fd643bf3e9e98d121dc2e7af1cf1be411ae2/handoffs/OPENMATH-2026/jobs/OM26-H5-WP06-IA-001.md,,d99813bd,Filename/path inference; editable in the app
348304,handoffs/OPENMATH-2026/jobs/OM26-H5-WP06-IA-001.md,General / shared,7663,Latest public revision collected separately; not an author-designated final | adcfa0537f43327f4bb9acfe1692f757fce353c4,https://codeload.github.com/grandchallenge/MATHSOLVE/zip/adcfa0537f43327f4bb9acfe1692f757fce353c4,,contestants/E10/13-archives/E10-grandchallenge-MATHSOLVE-adcfa0537f43327f4bb9acfe1692f757fce353c4.zip,MATHSOLVE-adcfa0537f43327f4bb9acfe1692f757fce353c4/handoffs/OPENMATH-2026/jobs/OM26-H5-WP06-IA-001.md,,d99813bd,Filename/path inference; editable in the app
345233,handoffs/OPENMATH-2026/jobs/OM26-H6-WP01-IA-001.md,General / shared,4627,Pinned collected revision; final designation governed by team receipt | 2fd9fd643bf3e9e98d121dc2e7af1cf1be411ae2,https://codeload.github.com/grandchallenge/MATHSOLVE/zip/2fd9fd643bf3e9e98d121dc2e7af1cf1be411ae2,,contestants/E10/13-archives/E10-grandchallenge-MATHSOLVE-2fd9fd643bf3e9e98d121dc2e7af1cf1be411ae2.zip,MATHSOLVE-2fd9fd643bf3e9e98d121dc2e7af1cf1be411ae2/handoffs/OPENMATH-2026/jobs/OM26-H6-WP01-IA-001.md,,ccdae17c,Filename/path inference; editable in the app
348305,handoffs/OPENMATH-2026/jobs/OM26-H6-WP01-IA-001.md,General / shared,4627,Latest public revision collected separately; not an author-designated final | adcfa0537f43327f4bb9acfe1692f757fce353c4,https://codeload.github.com/grandchallenge/MATHSOLVE/zip/adcfa0537f43327f4bb9acfe1692f757fce353c4,,contestants/E10/13-archives/E10-grandchallenge-MATHSOLVE-adcfa0537f43327f4bb9acfe1692f757fce353c4.zip,MATHSOLVE-adcfa0537f43327f4bb9acfe1692f757fce353c4/handoffs/OPENMATH-2026/jobs/OM26-H6-WP01-IA-001.md,,ccdae17c,Filename/path inference; editable in the app
345234,handoffs/OPENMATH-2026/jobs/OM26-H6-WP01.md,General / shared,2483,Pinned collected revision; final designation governed by team receipt | 2fd9fd643bf3e9e98d121dc2e7af1cf1be411ae2,https://codeload.github.com/grandchallenge/MATHSOLVE/zip/2fd9fd643bf3e9e98d121dc2e7af1cf1be411ae2,,contestants/E10/13-archives/E10-grandchallenge-MATHSOLVE-2fd9fd643bf3e9e98d121dc2e7af1cf1be411ae2.zip,MATHSOLVE-2fd9fd643bf3e9e98d121dc2e7af1cf1be411ae2/handoffs/OPENMATH-2026/jobs/OM26-H6-WP01.md,,ac836405,Filename/path inference; editable in the app
348306,handoffs/OPENMATH-2026/jobs/OM26-H6-WP01.md,General / shared,2483,Latest public revision collected separately; not an author-designated final | adcfa0537f43327f4bb9acfe1692f757fce353c4,https://codeload.github.com/grandchallenge/MATHSOLVE/zip/adcfa0537f43327f4bb9acfe1692f757fce353c4,,contestants/E10/13-archives/E10-grandchallenge-MATHSOLVE-adcfa0537f43327f4bb9acfe1692f757fce353c4.zip,MATHSOLVE-adcfa0537f43327f4bb9acfe1692f757fce353c4/handoffs/OPENMATH-2026/jobs/OM26-H6-WP01.md,,ac836405,Filename/path inference; editable in the app
345235,handoffs/OPENMATH-2026/jobs/OM26-H6-WP02-IA-001.md,General / shared,48208,Pinned collected revision; final designation governed by team receipt | 2fd9fd643bf3e9e98d121dc2e7af1cf1be411ae2,https://codeload.github.com/grandchallenge/MATHSOLVE/zip/2fd9fd643bf3e9e98d121dc2e7af1cf1be411ae2,,contestants/E10/13-archives/E10-grandchallenge-MATHSOLVE-2fd9fd643bf3e9e98d121dc2e7af1cf1be411ae2.zip,MATHSOLVE-2fd9fd643bf3e9e98d121dc2e7af1cf1be411ae2/handoffs/OPENMATH-2026/jobs/OM26-H6-WP02-IA-001.md,,20ab5580,Filename/path inference; editable in the app
348307,handoffs/OPENMATH-2026/jobs/OM26-H6-WP02-IA-001.md,General / shared,48208,Latest public revision collected separately; not an author-designated final | adcfa0537f43327f4bb9acfe1692f757fce353c4,https://codeload.github.com/grandchallenge/MATHSOLVE/zip/adcfa0537f43327f4bb9acfe1692f757fce353c4,,contestants/E10/13-archives/E10-grandchallenge-MATHSOLVE-adcfa0537f43327f4bb9acfe1692f757fce353c4.zip,MATHSOLVE-adcfa0537f43327f4bb9acfe1692f757fce353c4/handoffs/OPENMATH-2026/jobs/OM26-H6-WP02-IA-001.md,,20ab5580,Filename/path inference; editable in the app
345236,handoffs/OPENMATH-2026/jobs/OM26-H6-WP03-IA-001.md,General / shared,7837,Pinned collected revision; final designation governed by team receipt | 2fd9fd643bf3e9e98d121dc2e7af1cf1be411ae2,https://codeload.github.com/grandchallenge/MATHSOLVE/zip/2fd9fd643bf3e9e98d121dc2e7af1cf1be411ae2,,contestants/E10/13-archives/E10-grandchallenge-MATHSOLVE-2fd9fd643bf3e9e98d121dc2e7af1cf1be411ae2.zip,MATHSOLVE-2fd9fd643bf3e9e98d121dc2e7af1cf1be411ae2/handoffs/OPENMATH-2026/jobs/OM26-H6-WP03-IA-001.md,,5585d7ec,Filename/path inference; editable in the app
348308,handoffs/OPENMATH-2026/jobs/OM26-H6-WP03-IA-001.md,General / shared,7837,Latest public revision collected separately; not an author-designated final | adcfa0537f43327f4bb9acfe1692f757fce353c4,https://codeload.github.com/grandchallenge/MATHSOLVE/zip/adcfa0537f43327f4bb9acfe1692f757fce353c4,,contestants/E10/13-archives/E10-grandchallenge-MATHSOLVE-adcfa0537f43327f4bb9acfe1692f757fce353c4.zip,MATHSOLVE-adcfa0537f43327f4bb9acfe1692f757fce353c4/handoffs/OPENMATH-2026/jobs/OM26-H6-WP03-IA-001.md,,5585d7ec,Filename/path inference; editable in the app
345237,handoffs/OPENMATH-2026/jobs/OM26-H6-WP04-IA-001.md,General / shared,6040,Pinned collected revision; final designation governed by team receipt | 2fd9fd643bf3e9e98d121dc2e7af1cf1be411ae2,https://codeload.github.com/grandchallenge/MATHSOLVE/zip/2fd9fd643bf3e9e98d121dc2e7af1cf1be411ae2,,contestants/E10/13-archives/E10-grandchallenge-MATHSOLVE-2fd9fd643bf3e9e98d121dc2e7af1cf1be411ae2.zip,MATHSOLVE-2fd9fd643bf3e9e98d121dc2e7af1cf1be411ae2/handoffs/OPENMATH-2026/jobs/OM26-H6-WP04-IA-001.md,,e289686f,Filename/path inference; editable in the app
348309,handoffs/OPENMATH-2026/jobs/OM26-H6-WP04-IA-001.md,General / shared,6040,Latest public revision collected separately; not an author-designated final | adcfa0537f43327f4bb9acfe1692f757fce353c4,https://codeload.github.com/grandchallenge/MATHSOLVE/zip/adcfa0537f43327f4bb9acfe1692f757fce353c4,,contestants/E10/13-archives/E10-grandchallenge-MATHSOLVE-adcfa0537f43327f4bb9acfe1692f757fce353c4.zip,MATHSOLVE-adcfa0537f43327f4bb9acfe1692f757fce353c4/handoffs/OPENMATH-2026/jobs/OM26-H6-WP04-IA-001.md,,e289686f,Filename/path inference; editable in the app
345238,handoffs/OPENMATH-2026/jobs/OM26-H6-WP05-IA-001.md,General / shared,11253,Pinned collected revision; final designation governed by team receipt | 2fd9fd643bf3e9e98d121dc2e7af1cf1be411ae2,https://codeload.github.com/grandchallenge/MATHSOLVE/zip/2fd9fd643bf3e9e98d121dc2e7af1cf1be411ae2,,contestants/E10/13-archives/E10-grandchallenge-MATHSOLVE-2fd9fd643bf3e9e98d121dc2e7af1cf1be411ae2.zip,MATHSOLVE-2fd9fd643bf3e9e98d121dc2e7af1cf1be411ae2/handoffs/OPENMATH-2026/jobs/OM26-H6-WP05-IA-001.md,,abdf5850,Filename/path inference; editable in the app
348310,handoffs/OPENMATH-2026/jobs/OM26-H6-WP05-IA-001.md,General / shared,11253,Latest public revision collected separately; not an author-designated final | adcfa0537f43327f4bb9acfe1692f757fce353c4,https://codeload.github.com/grandchallenge/MATHSOLVE/zip/adcfa0537f43327f4bb9acfe1692f757fce353c4,,contestants/E10/13-archives/E10-grandchallenge-MATHSOLVE-adcfa0537f43327f4bb9acfe1692f757fce353c4.zip,MATHSOLVE-adcfa0537f43327f4bb9acfe1692f757fce353c4/handoffs/OPENMATH-2026/jobs/OM26-H6-WP05-IA-001.md,,abdf5850,Filename/path inference; editable in the app
345239,handoffs/OPENMATH-2026/jobs/OM26-H6-WP06-IA-001.md,General / shared,10651,Pinned collected revision; final designation governed by team receipt | 2fd9fd643bf3e9e98d121dc2e7af1cf1be411ae2,https://codeload.github.com/grandchallenge/MATHSOLVE/zip/2fd9fd643bf3e9e98d121dc2e7af1cf1be411ae2,,contestants/E10/13-archives/E10-grandchallenge-MATHSOLVE-2fd9fd643bf3e9e98d121dc2e7af1cf1be411ae2.zip,MATHSOLVE-2fd9fd643bf3e9e98d121dc2e7af1cf1be411ae2/handoffs/OPENMATH-2026/jobs/OM26-H6-WP06-IA-001.md,,f29da92f,Filename/path inference; editable in the app
348311,handoffs/OPENMATH-2026/jobs/OM26-H6-WP06-IA-001.md,General / shared,10651,Latest public revision collected separately; not an author-designated final | adcfa0537f43327f4bb9acfe1692f757fce353c4,https://codeload.github.com/grandchallenge/MATHSOLVE/zip/adcfa0537f43327f4bb9acfe1692f757fce353c4,,contestants/E10/13-archives/E10-grandchallenge-MATHSOLVE-adcfa0537f43327f4bb9acfe1692f757fce353c4.zip,MATHSOLVE-adcfa0537f43327f4bb9acfe1692f757fce353c4/handoffs/OPENMATH-2026/jobs/OM26-H6-WP06-IA-001.md,,f29da92f,Filename/path inference; editable in the app
345240,handoffs/OPENMATH-2026/jobs/OM26-H6-WP07-IA-001.md,General / shared,10088,Pinned collected revision; final designation governed by team receipt | 2fd9fd643bf3e9e98d121dc2e7af1cf1be411ae2,https://codeload.github.com/grandchallenge/MATHSOLVE/zip/2fd9fd643bf3e9e98d121dc2e7af1cf1be411ae2,,contestants/E10/13-archives/E10-grandchallenge-MATHSOLVE-2fd9fd643bf3e9e98d121dc2e7af1cf1be411ae2.zip,MATHSOLVE-2fd9fd643bf3e9e98d121dc2e7af1cf1be411ae2/handoffs/OPENMATH-2026/jobs/OM26-H6-WP07-IA-001.md,,f0009bb7,Filename/path inference; editable in the app
348312,handoffs/OPENMATH-2026/jobs/OM26-H6-WP07-IA-001.md,General / shared,10088,Latest public revision collected separately; not an author-designated final | adcfa0537f43327f4bb9acfe1692f757fce353c4,https://codeload.github.com/grandchallenge/MATHSOLVE/zip/adcfa0537f43327f4bb9acfe1692f757fce353c4,,contestants/E10/13-archives/E10-grandchallenge-MATHSOLVE-adcfa0537f43327f4bb9acfe1692f757fce353c4.zip,MATHSOLVE-adcfa0537f43327f4bb9acfe1692f757fce353c4/handoffs/OPENMATH-2026/jobs/OM26-H6-WP07-IA-001.md,,f0009bb7,Filename/path inference; editable in the app
345241,handoffs/OPENMATH-2026/jobs/OM26-H7-WP01-IA-001.md,General / shared,5176,Pinned collected revision; final designation governed by team receipt | 2fd9fd643bf3e9e98d121dc2e7af1cf1be411ae2,https://codeload.github.com/grandchallenge/MATHSOLVE/zip/2fd9fd643bf3e9e98d121dc2e7af1cf1be411ae2,,contestants/E10/13-archives/E10-grandchallenge-MATHSOLVE-2fd9fd643bf3e9e98d121dc2e7af1cf1be411ae2.zip,MATHSOLVE-2fd9fd643bf3e9e98d121dc2e7af1cf1be411ae2/handoffs/OPENMATH-2026/jobs/OM26-H7-WP01-IA-001.md,,2f0e8d4c,Filename/path inference; editable in the app
348313,handoffs/OPENMATH-2026/jobs/OM26-H7-WP01-IA-001.md,General / shared,5176,Latest public revision collected separately; not an author-designated final | adcfa0537f43327f4bb9acfe1692f757fce353c4,https://codeload.github.com/grandchallenge/MATHSOLVE/zip/adcfa0537f43327f4bb9acfe1692f757fce353c4,,contestants/E10/13-archives/E10-grandchallenge-MATHSOLVE-adcfa0537f43327f4bb9acfe1692f757fce353c4.zip,MATHSOLVE-adcfa0537f43327f4bb9acfe1692f757fce353c4/handoffs/OPENMATH-2026/jobs/OM26-H7-WP01-IA-001.md,,2f0e8d4c,Filename/path inference; editable in the app
345242,handoffs/OPENMATH-2026/jobs/OM26-H7-WP01.md,General / shared,3022,Pinned collected revision; final designation governed by team receipt | 2fd9fd643bf3e9e98d121dc2e7af1cf1be411ae2,https://codeload.github.com/grandchallenge/MATHSOLVE/zip/2fd9fd643bf3e9e98d121dc2e7af1cf1be411ae2,,contestants/E10/13-archives/E10-grandchallenge-MATHSOLVE-2fd9fd643bf3e9e98d121dc2e7af1cf1be411ae2.zip,MATHSOLVE-2fd9fd643bf3e9e98d121dc2e7af1cf1be411ae2/handoffs/OPENMATH-2026/jobs/OM26-H7-WP01.md,,62c85919,Filename/path inference; editable in the app
348314,handoffs/OPENMATH-2026/jobs/OM26-H7-WP01.md,General / shared,3022,Latest public revision collected separately; not an author-designated final | adcfa0537f43327f4bb9acfe1692f757fce353c4,https://codeload.github.com/grandchallenge/MATHSOLVE/zip/adcfa0537f43327f4bb9acfe1692f757fce353c4,,contestants/E10/13-archives/E10-grandchallenge-MATHSOLVE-adcfa0537f43327f4bb9acfe1692f757fce353c4.zip,MATHSOLVE-adcfa0537f43327f4bb9acfe1692f757fce353c4/handoffs/OPENMATH-2026/jobs/OM26-H7-WP01.md,,62c85919,Filename/path inference; editable in the app
345243,handoffs/OPENMATH-2026/jobs/OM26-H7-WP02-IA-001.md,General / shared,16907,Pinned collected revision; final designation governed by team receipt | 2fd9fd643bf3e9e98d121dc2e7af1cf1be411ae2,https://codeload.github.com/grandchallenge/MATHSOLVE/zip/2fd9fd643bf3e9e98d121dc2e7af1cf1be411ae2,,contestants/E10/13-archives/E10-grandchallenge-MATHSOLVE-2fd9fd643bf3e9e98d121dc2e7af1cf1be411ae2.zip,MATHSOLVE-2fd9fd643bf3e9e98d121dc2e7af1cf1be411ae2/handoffs/OPENMATH-2026/jobs/OM26-H7-WP02-IA-001.md,,1e3db3d9,Filename/path inference; editable in the app
348315,handoffs/OPENMATH-2026/jobs/OM26-H7-WP02-IA-001.md,General / shared,16907,Latest public revision collected separately; not an author-designated final | adcfa0537f43327f4bb9acfe1692f757fce353c4,https://codeload.github.com/grandchallenge/MATHSOLVE/zip/adcfa0537f43327f4bb9acfe1692f757fce353c4,,contestants/E10/13-archives/E10-grandchallenge-MATHSOLVE-adcfa0537f43327f4bb9acfe1692f757fce353c4.zip,MATHSOLVE-adcfa0537f43327f4bb9acfe1692f757fce353c4/handoffs/OPENMATH-2026/jobs/OM26-H7-WP02-IA-001.md,,1e3db3d9,Filename/path inference; editable in the app
345244,handoffs/OPENMATH-2026/jobs/OM26-H7-WP03-IA-001.md,General / shared,7193,Pinned collected revision; final designation governed by team receipt | 2fd9fd643bf3e9e98d121dc2e7af1cf1be411ae2,https://codeload.github.com/grandchallenge/MATHSOLVE/zip/2fd9fd643bf3e9e98d121dc2e7af1cf1be411ae2,,contestants/E10/13-archives/E10-grandchallenge-MATHSOLVE-2fd9fd643bf3e9e98d121dc2e7af1cf1be411ae2.zip,MATHSOLVE-2fd9fd643bf3e9e98d121dc2e7af1cf1be411ae2/handoffs/OPENMATH-2026/jobs/OM26-H7-WP03-IA-001.md,,b5c876fa,Filename/path inference; editable in the app
348316,handoffs/OPENMATH-2026/jobs/OM26-H7-WP03-IA-001.md,General / shared,7193,Latest public revision collected separately; not an author-designated final | adcfa0537f43327f4bb9acfe1692f757fce353c4,https://codeload.github.com/grandchallenge/MATHSOLVE/zip/adcfa0537f43327f4bb9acfe1692f757fce353c4,,contestants/E10/13-archives/E10-grandchallenge-MATHSOLVE-adcfa0537f43327f4bb9acfe1692f757fce353c4.zip,MATHSOLVE-adcfa0537f43327f4bb9acfe1692f757fce353c4/handoffs/OPENMATH-2026/jobs/OM26-H7-WP03-IA-001.md,,b5c876fa,Filename/path inference; editable in the app
345245,handoffs/OPENMATH-2026/jobs/OM26-H7-WP04-IA-001.md,General / shared,6696,Pinned collected revision; final designation governed by team receipt | 2fd9fd643bf3e9e98d121dc2e7af1cf1be411ae2,https://codeload.github.com/grandchallenge/MATHSOLVE/zip/2fd9fd643bf3e9e98d121dc2e7af1cf1be411ae2,,contestants/E10/13-archives/E10-grandchallenge-MATHSOLVE-2fd9fd643bf3e9e98d121dc2e7af1cf1be411ae2.zip,MATHSOLVE-2fd9fd643bf3e9e98d121dc2e7af1cf1be411ae2/handoffs/OPENMATH-2026/jobs/OM26-H7-WP04-IA-001.md,,38a17f96,Filename/path inference; editable in the app
348317,handoffs/OPENMATH-2026/jobs/OM26-H7-WP04-IA-001.md,General / shared,6696,Latest public revision collected separately; not an author-designated final | adcfa0537f43327f4bb9acfe1692f757fce353c4,https://codeload.github.com/grandchallenge/MATHSOLVE/zip/adcfa0537f43327f4bb9acfe1692f757fce353c4,,contestants/E10/13-archives/E10-grandchallenge-MATHSOLVE-adcfa0537f43327f4bb9acfe1692f757fce353c4.zip,MATHSOLVE-adcfa0537f43327f4bb9acfe1692f757fce353c4/handoffs/OPENMATH-2026/jobs/OM26-H7-WP04-IA-001.md,,38a17f96,Filename/path inference; editable in the app
345246,handoffs/OPENMATH-2026/jobs/OM26-H7-WP05-IA-001.md,General / shared,10727,Pinned collected revision; final designation governed by team receipt | 2fd9fd643bf3e9e98d121dc2e7af1cf1be411ae2,https://codeload.github.com/grandchallenge/MATHSOLVE/zip/2fd9fd643bf3e9e98d121dc2e7af1cf1be411ae2,,contestants/E10/13-archives/E10-grandchallenge-MATHSOLVE-2fd9fd643bf3e9e98d121dc2e7af1cf1be411ae2.zip,MATHSOLVE-2fd9fd643bf3e9e98d121dc2e7af1cf1be411ae2/handoffs/OPENMATH-2026/jobs/OM26-H7-WP05-IA-001.md,,3f31b079,Filename/path inference; editable in the app
348318,handoffs/OPENMATH-2026/jobs/OM26-H7-WP05-IA-001.md,General / shared,10727,Latest public revision collected separately; not an author-designated final | adcfa0537f43327f4bb9acfe1692f757fce353c4,https://codeload.github.com/grandchallenge/MATHSOLVE/zip/adcfa0537f43327f4bb9acfe1692f757fce353c4,,contestants/E10/13-archives/E10-grandchallenge-MATHSOLVE-adcfa0537f43327f4bb9acfe1692f757fce353c4.zip,MATHSOLVE-adcfa0537f43327f4bb9acfe1692f757fce353c4/handoffs/OPENMATH-2026/jobs/OM26-H7-WP05-IA-001.md,,3f31b079,Filename/path inference; editable in the app
348319,handoffs/OPENMATH-2026/jobs/OM26-H7-WP06-IA-001.md,General / shared,7501,Latest public revision collected separately; not an author-designated final | adcfa0537f43327f4bb9acfe1692f757fce353c4,https://codeload.github.com/grandchallenge/MATHSOLVE/zip/adcfa0537f43327f4bb9acfe1692f757fce353c4,,contestants/E10/13-archives/E10-grandchallenge-MATHSOLVE-adcfa0537f43327f4bb9acfe1692f757fce353c4.zip,MATHSOLVE-adcfa0537f43327f4bb9acfe1692f757fce353c4/handoffs/OPENMATH-2026/jobs/OM26-H7-WP06-IA-001.md,,4b403836,Filename/path inference; editable in the app
345248,handoffs/OPENMATH-2026/jobs/OM26-SRC-CLIQUE-CLUSTER-RAMSEY-MULTIPLICITY.md,Ramsey multiplicity,4254,Pinned collected revision; final designation governed by team receipt | 2fd9fd643bf3e9e98d121dc2e7af1cf1be411ae2,https://codeload.github.com/grandchallenge/MATHSOLVE/zip/2fd9fd643bf3e9e98d121dc2e7af1cf1be411ae2,,contestants/E10/13-archives/E10-grandchallenge-MATHSOLVE-2fd9fd643bf3e9e98d121dc2e7af1cf1be411ae2.zip,MATHSOLVE-2fd9fd643bf3e9e98d121dc2e7af1cf1be411ae2/handoffs/OPENMATH-2026/jobs/OM26-SRC-CLIQUE-CLUSTER-RAMSEY-MULTIPLICITY.md,,cfba1f3a,Filename/path inference; editable in the app
348321,handoffs/OPENMATH-2026/jobs/OM26-SRC-CLIQUE-CLUSTER-RAMSEY-MULTIPLICITY.md,Ramsey multiplicity,4254,Latest public revision collected separately; not an author-designated final | adcfa0537f43327f4bb9acfe1692f757fce353c4,https://codeload.github.com/grandchallenge/MATHSOLVE/zip/adcfa0537f43327f4bb9acfe1692f757fce353c4,,contestants/E10/13-archives/E10-grandchallenge-MATHSOLVE-adcfa0537f43327f4bb9acfe1692f757fce353c4.zip,MATHSOLVE-adcfa0537f43327f4bb9acfe1692f757fce353c4/handoffs/OPENMATH-2026/jobs/OM26-SRC-CLIQUE-CLUSTER-RAMSEY-MULTIPLICITY.md,,cfba1f3a,Filename/path inference; editable in the app
345249,handoffs/OPENMATH-2026/jobs/OM26-SRC-COLLATZ-MODULAR-DESCENT.md,Collatz,4133,Pinned collected revision; final designation governed by team receipt | 2fd9fd643bf3e9e98d121dc2e7af1cf1be411ae2,https://codeload.github.com/grandchallenge/MATHSOLVE/zip/2fd9fd643bf3e9e98d121dc2e7af1cf1be411ae2,,contestants/E10/13-archives/E10-grandchallenge-MATHSOLVE-2fd9fd643bf3e9e98d121dc2e7af1cf1be411ae2.zip,MATHSOLVE-2fd9fd643bf3e9e98d121dc2e7af1cf1be411ae2/handoffs/OPENMATH-2026/jobs/OM26-SRC-COLLATZ-MODULAR-DESCENT.md,,bb4f62d2,Filename/path inference; editable in the app
348322,handoffs/OPENMATH-2026/jobs/OM26-SRC-COLLATZ-MODULAR-DESCENT.md,Collatz,4133,Latest public revision collected separately; not an author-designated final | adcfa0537f43327f4bb9acfe1692f757fce353c4,https://codeload.github.com/grandchallenge/MATHSOLVE/zip/adcfa0537f43327f4bb9acfe1692f757fce353c4,,contestants/E10/13-archives/E10-grandchallenge-MATHSOLVE-adcfa0537f43327f4bb9acfe1692f757fce353c4.zip,MATHSOLVE-adcfa0537f43327f4bb9acfe1692f757fce353c4/handoffs/OPENMATH-2026/jobs/OM26-SRC-COLLATZ-MODULAR-DESCENT.md,,bb4f62d2,Filename/path inference; editable in the app
345250,handoffs/OPENMATH-2026/jobs/OM26-SRC-ERDOS-3.md,Erdos 3,3933,Pinned collected revision; final designation governed by team receipt | 2fd9fd643bf3e9e98d121dc2e7af1cf1be411ae2,https://codeload.github.com/grandchallenge/MATHSOLVE/zip/2fd9fd643bf3e9e98d121dc2e7af1cf1be411ae2,,contestants/E10/13-archives/E10-grandchallenge-MATHSOLVE-2fd9fd643bf3e9e98d121dc2e7af1cf1be411ae2.zip,MATHSOLVE-2fd9fd643bf3e9e98d121dc2e7af1cf1be411ae2/handoffs/OPENMATH-2026/jobs/OM26-SRC-ERDOS-3.md,,52ba5fb6,Filename/path inference; editable in the app
348323,handoffs/OPENMATH-2026/jobs/OM26-SRC-ERDOS-3.md,Erdos 3,3933,Latest public revision collected separately; not an author-designated final | adcfa0537f43327f4bb9acfe1692f757fce353c4,https://codeload.github.com/grandchallenge/MATHSOLVE/zip/adcfa0537f43327f4bb9acfe1692f757fce353c4,,contestants/E10/13-archives/E10-grandchallenge-MATHSOLVE-adcfa0537f43327f4bb9acfe1692f757fce353c4.zip,MATHSOLVE-adcfa0537f43327f4bb9acfe1692f757fce353c4/handoffs/OPENMATH-2026/jobs/OM26-SRC-ERDOS-3.md,,52ba5fb6,Filename/path inference; editable in the app
345252,handoffs/OPENMATH-2026/jobs/OM26-SRC-MATRIX-MULTIPLICATION-TENSOR-3X3.md,Matrix multiplication,4232,Pinned collected revision; final designation governed by team receipt | 2fd9fd643bf3e9e98d121dc2e7af1cf1be411ae2,https://codeload.github.com/grandchallenge/MATHSOLVE/zip/2fd9fd643bf3e9e98d121dc2e7af1cf1be411ae2,,contestants/E10/13-archives/E10-grandchallenge-MATHSOLVE-2fd9fd643bf3e9e98d121dc2e7af1cf1be411ae2.zip,MATHSOLVE-2fd9fd643bf3e9e98d121dc2e7af1cf1be411ae2/handoffs/OPENMATH-2026/jobs/OM26-SRC-MATRIX-MULTIPLICATION-TENSOR-3X3.md,,fd16ece3,Filename/path inference; editable in the app
348325,handoffs/OPENMATH-2026/jobs/OM26-SRC-MATRIX-MULTIPLICATION-TENSOR-3X3.md,Matrix multiplication,4232,Latest public revision collected separately; not an author-designated final | adcfa0537f43327f4bb9acfe1692f757fce353c4,https://codeload.github.com/grandchallenge/MATHSOLVE/zip/adcfa0537f43327f4bb9acfe1692f757fce353c4,,contestants/E10/13-archives/E10-grandchallenge-MATHSOLVE-adcfa0537f43327f4bb9acfe1692f757fce353c4.zip,MATHSOLVE-adcfa0537f43327f4bb9acfe1692f757fce353c4/handoffs/OPENMATH-2026/jobs/OM26-SRC-MATRIX-MULTIPLICATION-TENSOR-3X3.md,,fd16ece3,Filename/path inference; editable in the app
345253,handoffs/OPENMATH-2026/launch/OM26-H1-WP01.md,General / shared,37956,Pinned collected revision; final designation governed by team receipt | 2fd9fd643bf3e9e98d121dc2e7af1cf1be411ae2,https://codeload.github.com/grandchallenge/MATHSOLVE/zip/2fd9fd643bf3e9e98d121dc2e7af1cf1be411ae2,,contestants/E10/13-archives/E10-grandchallenge-MATHSOLVE-2fd9fd643bf3e9e98d121dc2e7af1cf1be411ae2.zip,MATHSOLVE-2fd9fd643bf3e9e98d121dc2e7af1cf1be411ae2/handoffs/OPENMATH-2026/launch/OM26-H1-WP01.md,,07c0cf76,Filename/path inference; editable in the app
348326,handoffs/OPENMATH-2026/launch/OM26-H1-WP01.md,General / shared,37956,Latest public revision collected separately; not an author-designated final | adcfa0537f43327f4bb9acfe1692f757fce353c4,https://codeload.github.com/grandchallenge/MATHSOLVE/zip/adcfa0537f43327f4bb9acfe1692f757fce353c4,,contestants/E10/13-archives/E10-grandchallenge-MATHSOLVE-adcfa0537f43327f4bb9acfe1692f757fce353c4.zip,MATHSOLVE-adcfa0537f43327f4bb9acfe1692f757fce353c4/handoffs/OPENMATH-2026/launch/OM26-H1-WP01.md,,07c0cf76,Filename/path inference; editable in the app
345254,handoffs/OPENMATH-2026/launch/OM26-H1-WP02.md,General / shared,14358,Pinned collected revision; final designation governed by team receipt | 2fd9fd643bf3e9e98d121dc2e7af1cf1be411ae2,https://codeload.github.com/grandchallenge/MATHSOLVE/zip/2fd9fd643bf3e9e98d121dc2e7af1cf1be411ae2,,contestants/E10/13-archives/E10-grandchallenge-MATHSOLVE-2fd9fd643bf3e9e98d121dc2e7af1cf1be411ae2.zip,MATHSOLVE-2fd9fd643bf3e9e98d121dc2e7af1cf1be411ae2/handoffs/OPENMATH-2026/launch/OM26-H1-WP02.md,,5cc00bfc,Filename/path inference; editable in the app
348327,handoffs/OPENMATH-2026/launch/OM26-H1-WP02.md,General / shared,14358,Latest public revision collected separately; not an author-designated final | adcfa0537f43327f4bb9acfe1692f757fce353c4,https://codeload.github.com/grandchallenge/MATHSOLVE/zip/adcfa0537f43327f4bb9acfe1692f757fce353c4,,contestants/E10/13-archives/E10-grandchallenge-MATHSOLVE-adcfa0537f43327f4bb9acfe1692f757fce353c4.zip,MATHSOLVE-adcfa0537f43327f4bb9acfe1692f757fce353c4/handoffs/OPENMATH-2026/launch/OM26-H1-WP02.md,,5cc00bfc,Filename/path inference; editable in the app
345255,handoffs/OPENMATH-2026/launch/OM26-H1-WP03.md,General / shared,7540,Pinned collected revision; final designation governed by team receipt | 2fd9fd643bf3e9e98d121dc2e7af1cf1be411ae2,https://codeload.github.com/grandchallenge/MATHSOLVE/zip/2fd9fd643bf3e9e98d121dc2e7af1cf1be411ae2,,contestants/E10/13-archives/E10-grandchallenge-MATHSOLVE-2fd9fd643bf3e9e98d121dc2e7af1cf1be411ae2.zip,MATHSOLVE-2fd9fd643bf3e9e98d121dc2e7af1cf1be411ae2/handoffs/OPENMATH-2026/launch/OM26-H1-WP03.md,,62cd7dc5,Filename/path inference; editable in the app
348328,handoffs/OPENMATH-2026/launch/OM26-H1-WP03.md,General / shared,7540,Latest public revision collected separately; not an author-designated final | adcfa0537f43327f4bb9acfe1692f757fce353c4,https://codeload.github.com/grandchallenge/MATHSOLVE/zip/adcfa0537f43327f4bb9acfe1692f757fce353c4,,contestants/E10/13-archives/E10-grandchallenge-MATHSOLVE-adcfa0537f43327f4bb9acfe1692f757fce353c4.zip,MATHSOLVE-adcfa0537f43327f4bb9acfe1692f757fce353c4/handoffs/OPENMATH-2026/launch/OM26-H1-WP03.md,,62cd7dc5,Filename/path inference; editable in the app
345256,handoffs/OPENMATH-2026/launch/OM26-H1-WP04.md,General / shared,22550,Pinned collected revision; final designation governed by team receipt | 2fd9fd643bf3e9e98d121dc2e7af1cf1be411ae2,https://codeload.github.com/grandchallenge/MATHSOLVE/zip/2fd9fd643bf3e9e98d121dc2e7af1cf1be411ae2,,contestants/E10/13-archives/E10-grandchallenge-MATHSOLVE-2fd9fd643bf3e9e98d121dc2e7af1cf1be411ae2.zip,MATHSOLVE-2fd9fd643bf3e9e98d121dc2e7af1cf1be411ae2/handoffs/OPENMATH-2026/launch/OM26-H1-WP04.md,,70545707,Filename/path inference; editable in the app
348329,handoffs/OPENMATH-2026/launch/OM26-H1-WP04.md,General / shared,22550,Latest public revision collected separately; not an author-designated final | adcfa0537f43327f4bb9acfe1692f757fce353c4,https://codeload.github.com/grandchallenge/MATHSOLVE/zip/adcfa0537f43327f4bb9acfe1692f757fce353c4,,contestants/E10/13-archives/E10-grandchallenge-MATHSOLVE-adcfa0537f43327f4bb9acfe1692f757fce353c4.zip,MATHSOLVE-adcfa0537f43327f4bb9acfe1692f757fce353c4/handoffs/OPENMATH-2026/launch/OM26-H1-WP04.md,,70545707,Filename/path inference; editable in the app
345257,handoffs/OPENMATH-2026/launch/OM26-H1-WP05.md,General / shared,17924,Pinned collected revision; final designation governed by team receipt | 2fd9fd643bf3e9e98d121dc2e7af1cf1be411ae2,https://codeload.github.com/grandchallenge/MATHSOLVE/zip/2fd9fd643bf3e9e98d121dc2e7af1cf1be411ae2,,contestants/E10/13-archives/E10-grandchallenge-MATHSOLVE-2fd9fd643bf3e9e98d121dc2e7af1cf1be411ae2.zip,MATHSOLVE-2fd9fd643bf3e9e98d121dc2e7af1cf1be411ae2/handoffs/OPENMATH-2026/launch/OM26-H1-WP05.md,,c1a9f69f,Filename/path inference; editable in the app
348330,handoffs/OPENMATH-2026/launch/OM26-H1-WP05.md,General / shared,17924,Latest public revision collected separately; not an author-designated final | adcfa0537f43327f4bb9acfe1692f757fce353c4,https://codeload.github.com/grandchallenge/MATHSOLVE/zip/adcfa0537f43327f4bb9acfe1692f757fce353c4,,contestants/E10/13-archives/E10-grandchallenge-MATHSOLVE-adcfa0537f43327f4bb9acfe1692f757fce353c4.zip,MATHSOLVE-adcfa0537f43327f4bb9acfe1692f757fce353c4/handoffs/OPENMATH-2026/launch/OM26-H1-WP05.md,,c1a9f69f,Filename/path inference; editable in the app
345258,handoffs/OPENMATH-2026/launch/OM26-H1-WP06.md,General / shared,14846,Pinned collected revision; final designation governed by team receipt | 2fd9fd643bf3e9e98d121dc2e7af1cf1be411ae2,https://codeload.github.com/grandchallenge/MATHSOLVE/zip/2fd9fd643bf3e9e98d121dc2e7af1cf1be411ae2,,contestants/E10/13-archives/E10-grandchallenge-MATHSOLVE-2fd9fd643bf3e9e98d121dc2e7af1cf1be411ae2.zip,MATHSOLVE-2fd9fd643bf3e9e98d121dc2e7af1cf1be411ae2/handoffs/OPENMATH-2026/launch/OM26-H1-WP06.md,,69d922a3,Filename/path inference; editable in the app
348331,handoffs/OPENMATH-2026/launch/OM26-H1-WP06.md,General / shared,14846,Latest public revision collected separately; not an author-designated final | adcfa0537f43327f4bb9acfe1692f757fce353c4,https://codeload.github.com/grandchallenge/MATHSOLVE/zip/adcfa0537f43327f4bb9acfe1692f757fce353c4,,contestants/E10/13-archives/E10-grandchallenge-MATHSOLVE-adcfa0537f43327f4bb9acfe1692f757fce353c4.zip,MATHSOLVE-adcfa0537f43327f4bb9acfe1692f757fce353c4/handoffs/OPENMATH-2026/launch/OM26-H1-WP06.md,,69d922a3,Filename/path inference; editable in the app
348332,handoffs/OPENMATH-2026/launch/OM26-H1-WP07.md,General / shared,15718,Latest public revision collected separately; not an author-designated final | adcfa0537f43327f4bb9acfe1692f757fce353c4,https://codeload.github.com/grandchallenge/MATHSOLVE/zip/adcfa0537f43327f4bb9acfe1692f757fce353c4,,contestants/E10/13-archives/E10-grandchallenge-MATHSOLVE-adcfa0537f43327f4bb9acfe1692f757fce353c4.zip,MATHSOLVE-adcfa0537f43327f4bb9acfe1692f757fce353c4/handoffs/OPENMATH-2026/launch/OM26-H1-WP07.md,,2bfc9e2b,Filename/path inference; editable in the app
348333,handoffs/OPENMATH-2026/launch/OM26-H1-WP08.md,General / shared,18473,Latest public revision collected separately; not an author-designated final | adcfa0537f43327f4bb9acfe1692f757fce353c4,https://codeload.github.com/grandchallenge/MATHSOLVE/zip/adcfa0537f43327f4bb9acfe1692f757fce353c4,,contestants/E10/13-archives/E10-grandchallenge-MATHSOLVE-adcfa0537f43327f4bb9acfe1692f757fce353c4.zip,MATHSOLVE-adcfa0537f43327f4bb9acfe1692f757fce353c4/handoffs/OPENMATH-2026/launch/OM26-H1-WP08.md,,e428b84c,Filename/path inference; editable in the app
345259,handoffs/OPENMATH-2026/launch/OM26-H1-WP30.md,General / shared,7270,Pinned collected revision; final designation governed by team receipt | 2fd9fd643bf3e9e98d121dc2e7af1cf1be411ae2,https://codeload.github.com/grandchallenge/MATHSOLVE/zip/2fd9fd643bf3e9e98d121dc2e7af1cf1be411ae2,,contestants/E10/13-archives/E10-grandchallenge-MATHSOLVE-2fd9fd643bf3e9e98d121dc2e7af1cf1be411ae2.zip,MATHSOLVE-2fd9fd643bf3e9e98d121dc2e7af1cf1be411ae2/handoffs/OPENMATH-2026/launch/OM26-H1-WP30.md,,03a33f81,Filename/path inference; editable in the app
348334,handoffs/OPENMATH-2026/launch/OM26-H1-WP30.md,General / shared,7270,Latest public revision collected separately; not an author-designated final | adcfa0537f43327f4bb9acfe1692f757fce353c4,https://codeload.github.com/grandchallenge/MATHSOLVE/zip/adcfa0537f43327f4bb9acfe1692f757fce353c4,,contestants/E10/13-archives/E10-grandchallenge-MATHSOLVE-adcfa0537f43327f4bb9acfe1692f757fce353c4.zip,MATHSOLVE-adcfa0537f43327f4bb9acfe1692f757fce353c4/handoffs/OPENMATH-2026/launch/OM26-H1-WP30.md,,03a33f81,Filename/path inference; editable in the app
345260,handoffs/OPENMATH-2026/launch/OM26-H1-WP31.md,General / shared,17455,Pinned collected revision; final designation governed by team receipt | 2fd9fd643bf3e9e98d121dc2e7af1cf1be411ae2,https://codeload.github.com/grandchallenge/MATHSOLVE/zip/2fd9fd643bf3e9e98d121dc2e7af1cf1be411ae2,,contestants/E10/13-archives/E10-grandchallenge-MATHSOLVE-2fd9fd643bf3e9e98d121dc2e7af1cf1be411ae2.zip,MATHSOLVE-2fd9fd643bf3e9e98d121dc2e7af1cf1be411ae2/handoffs/OPENMATH-2026/launch/OM26-H1-WP31.md,,2bbd70f6,Filename/path inference; editable in the app
348335,handoffs/OPENMATH-2026/launch/OM26-H1-WP31.md,General / shared,17455,Latest public revision collected separately; not an author-designated final | adcfa0537f43327f4bb9acfe1692f757fce353c4,https://codeload.github.com/grandchallenge/MATHSOLVE/zip/adcfa0537f43327f4bb9acfe1692f757fce353c4,,contestants/E10/13-archives/E10-grandchallenge-MATHSOLVE-adcfa0537f43327f4bb9acfe1692f757fce353c4.zip,MATHSOLVE-adcfa0537f43327f4bb9acfe1692f757fce353c4/handoffs/OPENMATH-2026/launch/OM26-H1-WP31.md,,2bbd70f6,Filename/path inference; editable in the app
345261,handoffs/OPENMATH-2026/launch/OM26-H1-WP32.md,General / shared,18100,Pinned collected revision; final designation governed by team receipt | 2fd9fd643bf3e9e98d121dc2e7af1cf1be411ae2,https://codeload.github.com/grandchallenge/MATHSOLVE/zip/2fd9fd643bf3e9e98d121dc2e7af1cf1be411ae2,,contestants/E10/13-archives/E10-grandchallenge-MATHSOLVE-2fd9fd643bf3e9e98d121dc2e7af1cf1be411ae2.zip,MATHSOLVE-2fd9fd643bf3e9e98d121dc2e7af1cf1be411ae2/handoffs/OPENMATH-2026/launch/OM26-H1-WP32.md,,d7b8e5ad,Filename/path inference; editable in the app
348336,handoffs/OPENMATH-2026/launch/OM26-H1-WP32.md,General / shared,18100,Latest public revision collected separately; not an author-designated final | adcfa0537f43327f4bb9acfe1692f757fce353c4,https://codeload.github.com/grandchallenge/MATHSOLVE/zip/adcfa0537f43327f4bb9acfe1692f757fce353c4,,contestants/E10/13-archives/E10-grandchallenge-MATHSOLVE-adcfa0537f43327f4bb9acfe1692f757fce353c4.zip,MATHSOLVE-adcfa0537f43327f4bb9acfe1692f757fce353c4/handoffs/OPENMATH-2026/launch/OM26-H1-WP32.md,,d7b8e5ad,Filename/path inference; editable in the app
345262,handoffs/OPENMATH-2026/launch/OM26-H1-WP33.md,General / shared,11043,Pinned collected revision; final designation governed by team receipt | 2fd9fd643bf3e9e98d121dc2e7af1cf1be411ae2,https://codeload.github.com/grandchallenge/MATHSOLVE/zip/2fd9fd643bf3e9e98d121dc2e7af1cf1be411ae2,,contestants/E10/13-archives/E10-grandchallenge-MATHSOLVE-2fd9fd643bf3e9e98d121dc2e7af1cf1be411ae2.zip,MATHSOLVE-2fd9fd643bf3e9e98d121dc2e7af1cf1be411ae2/handoffs/OPENMATH-2026/launch/OM26-H1-WP33.md,,07f559d7,Filename/path inference; editable in the app
348337,handoffs/OPENMATH-2026/launch/OM26-H1-WP33.md,General / shared,11043,Latest public revision collected separately; not an author-designated final | adcfa0537f43327f4bb9acfe1692f757fce353c4,https://codeload.github.com/grandchallenge/MATHSOLVE/zip/adcfa0537f43327f4bb9acfe1692f757fce353c4,,contestants/E10/13-archives/E10-grandchallenge-MATHSOLVE-adcfa0537f43327f4bb9acfe1692f757fce353c4.zip,MATHSOLVE-adcfa0537f43327f4bb9acfe1692f757fce353c4/handoffs/OPENMATH-2026/launch/OM26-H1-WP33.md,,07f559d7,Filename/path inference; editable in the app
348338,handoffs/OPENMATH-2026/launch/OM26-H1-WP34.md,General / shared,10737,Latest public revision collected separately; not an author-designated final | adcfa0537f43327f4bb9acfe1692f757fce353c4,https://codeload.github.com/grandchallenge/MATHSOLVE/zip/adcfa0537f43327f4bb9acfe1692f757fce353c4,,contestants/E10/13-archives/E10-grandchallenge-MATHSOLVE-adcfa0537f43327f4bb9acfe1692f757fce353c4.zip,MATHSOLVE-adcfa0537f43327f4bb9acfe1692f757fce353c4/handoffs/OPENMATH-2026/launch/OM26-H1-WP34.md,,f8378cb7,Filename/path inference; editable in the app
348339,handoffs/OPENMATH-2026/launch/OM26-H1-WP35.md,General / shared,11547,Latest public revision collected separately; not an author-designated final | adcfa0537f43327f4bb9acfe1692f757fce353c4,https://codeload.github.com/grandchallenge/MATHSOLVE/zip/adcfa0537f43327f4bb9acfe1692f757fce353c4,,contestants/E10/13-archives/E10-grandchallenge-MATHSOLVE-adcfa0537f43327f4bb9acfe1692f757fce353c4.zip,MATHSOLVE-adcfa0537f43327f4bb9acfe1692f757fce353c4/handoffs/OPENMATH-2026/launch/OM26-H1-WP35.md,,abc8a2d1,Filename/path inference; editable in the app
345263,handoffs/OPENMATH-2026/launch/OM26-H1-WP60.md,General / shared,7153,Pinned collected revision; final designation governed by team receipt | 2fd9fd643bf3e9e98d121dc2e7af1cf1be411ae2,https://codeload.github.com/grandchallenge/MATHSOLVE/zip/2fd9fd643bf3e9e98d121dc2e7af1cf1be411ae2,,contestants/E10/13-archives/E10-grandchallenge-MATHSOLVE-2fd9fd643bf3e9e98d121dc2e7af1cf1be411ae2.zip,MATHSOLVE-2fd9fd643bf3e9e98d121dc2e7af1cf1be411ae2/handoffs/OPENMATH-2026/launch/OM26-H1-WP60.md,,313ebfa6,Filename/path inference; editable in the app
348340,handoffs/OPENMATH-2026/launch/OM26-H1-WP60.md,General / shared,7153,Latest public revision collected separately; not an author-designated final | adcfa0537f43327f4bb9acfe1692f757fce353c4,https://codeload.github.com/grandchallenge/MATHSOLVE/zip/adcfa0537f43327f4bb9acfe1692f757fce353c4,,contestants/E10/13-archives/E10-grandchallenge-MATHSOLVE-adcfa0537f43327f4bb9acfe1692f757fce353c4.zip,MATHSOLVE-adcfa0537f43327f4bb9acfe1692f757fce353c4/handoffs/OPENMATH-2026/launch/OM26-H1-WP60.md,,313ebfa6,Filename/path inference; editable in the app
345264,handoffs/OPENMATH-2026/launch/OM26-H1-WP61.md,General / shared,18131,Pinned collected revision; final designation governed by team receipt | 2fd9fd643bf3e9e98d121dc2e7af1cf1be411ae2,https://codeload.github.com/grandchallenge/MATHSOLVE/zip/2fd9fd643bf3e9e98d121dc2e7af1cf1be411ae2,,contestants/E10/13-archives/E10-grandchallenge-MATHSOLVE-2fd9fd643bf3e9e98d121dc2e7af1cf1be411ae2.zip,MATHSOLVE-2fd9fd643bf3e9e98d121dc2e7af1cf1be411ae2/handoffs/OPENMATH-2026/launch/OM26-H1-WP61.md,,8b6744d8,Filename/path inference; editable in the app
348341,handoffs/OPENMATH-2026/launch/OM26-H1-WP61.md,General / shared,18131,Latest public revision collected separately; not an author-designated final | adcfa0537f43327f4bb9acfe1692f757fce353c4,https://codeload.github.com/grandchallenge/MATHSOLVE/zip/adcfa0537f43327f4bb9acfe1692f757fce353c4,,contestants/E10/13-archives/E10-grandchallenge-MATHSOLVE-adcfa0537f43327f4bb9acfe1692f757fce353c4.zip,MATHSOLVE-adcfa0537f43327f4bb9acfe1692f757fce353c4/handoffs/OPENMATH-2026/launch/OM26-H1-WP61.md,,8b6744d8,Filename/path inference; editable in the app
345265,handoffs/OPENMATH-2026/launch/OM26-H1-WP62.md,General / shared,14635,Pinned collected revision; final designation governed by team receipt | 2fd9fd643bf3e9e98d121dc2e7af1cf1be411ae2,https://codeload.github.com/grandchallenge/MATHSOLVE/zip/2fd9fd643bf3e9e98d121dc2e7af1cf1be411ae2,,contestants/E10/13-archives/E10-grandchallenge-MATHSOLVE-2fd9fd643bf3e9e98d121dc2e7af1cf1be411ae2.zip,MATHSOLVE-2fd9fd643bf3e9e98d121dc2e7af1cf1be411ae2/handoffs/OPENMATH-2026/launch/OM26-H1-WP62.md,,48b6de47,Filename/path inference; editable in the app
348342,handoffs/OPENMATH-2026/launch/OM26-H1-WP62.md,General / shared,14635,Latest public revision collected separately; not an author-designated final | adcfa0537f43327f4bb9acfe1692f757fce353c4,https://codeload.github.com/grandchallenge/MATHSOLVE/zip/adcfa0537f43327f4bb9acfe1692f757fce353c4,,contestants/E10/13-archives/E10-grandchallenge-MATHSOLVE-adcfa0537f43327f4bb9acfe1692f757fce353c4.zip,MATHSOLVE-adcfa0537f43327f4bb9acfe1692f757fce353c4/handoffs/OPENMATH-2026/launch/OM26-H1-WP62.md,,48b6de47,Filename/path inference; editable in the app
345266,handoffs/OPENMATH-2026/launch/OM26-H1-WP63.md,General / shared,14821,Pinned collected revision; final designation governed by team receipt | 2fd9fd643bf3e9e98d121dc2e7af1cf1be411ae2,https://codeload.github.com/grandchallenge/MATHSOLVE/zip/2fd9fd643bf3e9e98d121dc2e7af1cf1be411ae2,,contestants/E10/13-archives/E10-grandchallenge-MATHSOLVE-2fd9fd643bf3e9e98d121dc2e7af1cf1be411ae2.zip,MATHSOLVE-2fd9fd643bf3e9e98d121dc2e7af1cf1be411ae2/handoffs/OPENMATH-2026/launch/OM26-H1-WP63.md,,c2c62c6d,Filename/path inference; editable in the app
348343,handoffs/OPENMATH-2026/launch/OM26-H1-WP63.md,General / shared,14821,Latest public revision collected separately; not an author-designated final | adcfa0537f43327f4bb9acfe1692f757fce353c4,https://codeload.github.com/grandchallenge/MATHSOLVE/zip/adcfa0537f43327f4bb9acfe1692f757fce353c4,,contestants/E10/13-archives/E10-grandchallenge-MATHSOLVE-adcfa0537f43327f4bb9acfe1692f757fce353c4.zip,MATHSOLVE-adcfa0537f43327f4bb9acfe1692f757fce353c4/handoffs/OPENMATH-2026/launch/OM26-H1-WP63.md,,c2c62c6d,Filename/path inference; editable in the app
348344,handoffs/OPENMATH-2026/launch/OM26-H1-WP64.md,General / shared,13403,Latest public revision collected separately; not an author-designated final | adcfa0537f43327f4bb9acfe1692f757fce353c4,https://codeload.github.com/grandchallenge/MATHSOLVE/zip/adcfa0537f43327f4bb9acfe1692f757fce353c4,,contestants/E10/13-archives/E10-grandchallenge-MATHSOLVE-adcfa0537f43327f4bb9acfe1692f757fce353c4.zip,MATHSOLVE-adcfa0537f43327f4bb9acfe1692f757fce353c4/handoffs/OPENMATH-2026/launch/OM26-H1-WP64.md,,a42f2cb3,Filename/path inference; editable in the app
348345,handoffs/OPENMATH-2026/launch/OM26-H1-WP65.md,General / shared,13760,Latest public revision collected separately; not an author-designated final | adcfa0537f43327f4bb9acfe1692f757fce353c4,https://codeload.github.com/grandchallenge/MATHSOLVE/zip/adcfa0537f43327f4bb9acfe1692f757fce353c4,,contestants/E10/13-archives/E10-grandchallenge-MATHSOLVE-adcfa0537f43327f4bb9acfe1692f757fce353c4.zip,MATHSOLVE-adcfa0537f43327f4bb9acfe1692f757fce353c4/handoffs/OPENMATH-2026/launch/OM26-H1-WP65.md,,2d7f8a33,Filename/path inference; editable in the app
345267,handoffs/OPENMATH-2026/launch/OM26-H1.md,General / shared,1172,Pinned collected revision; final designation governed by team receipt | 2fd9fd643bf3e9e98d121dc2e7af1cf1be411ae2,https://codeload.github.com/grandchallenge/MATHSOLVE/zip/2fd9fd643bf3e9e98d121dc2e7af1cf1be411ae2,,contestants/E10/13-archives/E10-grandchallenge-MATHSOLVE-2fd9fd643bf3e9e98d121dc2e7af1cf1be411ae2.zip,MATHSOLVE-2fd9fd643bf3e9e98d121dc2e7af1cf1be411ae2/handoffs/OPENMATH-2026/launch/OM26-H1.md,,ed950b15,Filename/path inference; editable in the app
348346,handoffs/OPENMATH-2026/launch/OM26-H1.md,General / shared,1172,Latest public revision collected separately; not an author-designated final | adcfa0537f43327f4bb9acfe1692f757fce353c4,https://codeload.github.com/grandchallenge/MATHSOLVE/zip/adcfa0537f43327f4bb9acfe1692f757fce353c4,,contestants/E10/13-archives/E10-grandchallenge-MATHSOLVE-adcfa0537f43327f4bb9acfe1692f757fce353c4.zip,MATHSOLVE-adcfa0537f43327f4bb9acfe1692f757fce353c4/handoffs/OPENMATH-2026/launch/OM26-H1.md,,ed950b15,Filename/path inference; editable in the app
345268,handoffs/OPENMATH-2026/launch/OM26-H2-WP03.md,General / shared,11094,Pinned collected revision; final designation governed by team receipt | 2fd9fd643bf3e9e98d121dc2e7af1cf1be411ae2,https://codeload.github.com/grandchallenge/MATHSOLVE/zip/2fd9fd643bf3e9e98d121dc2e7af1cf1be411ae2,,contestants/E10/13-archives/E10-grandchallenge-MATHSOLVE-2fd9fd643bf3e9e98d121dc2e7af1cf1be411ae2.zip,MATHSOLVE-2fd9fd643bf3e9e98d121dc2e7af1cf1be411ae2/handoffs/OPENMATH-2026/launch/OM26-H2-WP03.md,,0ebca24a,Filename/path inference; editable in the app
348347,handoffs/OPENMATH-2026/launch/OM26-H2-WP03.md,General / shared,11094,Latest public revision collected separately; not an author-designated final | adcfa0537f43327f4bb9acfe1692f757fce353c4,https://codeload.github.com/grandchallenge/MATHSOLVE/zip/adcfa0537f43327f4bb9acfe1692f757fce353c4,,contestants/E10/13-archives/E10-grandchallenge-MATHSOLVE-adcfa0537f43327f4bb9acfe1692f757fce353c4.zip,MATHSOLVE-adcfa0537f43327f4bb9acfe1692f757fce353c4/handoffs/OPENMATH-2026/launch/OM26-H2-WP03.md,,0ebca24a,Filename/path inference; editable in the app
345269,handoffs/OPENMATH-2026/launch/OM26-H2-WP04.md,General / shared,9711,Pinned collected revision; final designation governed by team receipt | 2fd9fd643bf3e9e98d121dc2e7af1cf1be411ae2,https://codeload.github.com/grandchallenge/MATHSOLVE/zip/2fd9fd643bf3e9e98d121dc2e7af1cf1be411ae2,,contestants/E10/13-archives/E10-grandchallenge-MATHSOLVE-2fd9fd643bf3e9e98d121dc2e7af1cf1be411ae2.zip,MATHSOLVE-2fd9fd643bf3e9e98d121dc2e7af1cf1be411ae2/handoffs/OPENMATH-2026/launch/OM26-H2-WP04.md,,aaf2c284,Filename/path inference; editable in the app
348348,handoffs/OPENMATH-2026/launch/OM26-H2-WP04.md,General / shared,9711,Latest public revision collected separately; not an author-designated final | adcfa0537f43327f4bb9acfe1692f757fce353c4,https://codeload.github.com/grandchallenge/MATHSOLVE/zip/adcfa0537f43327f4bb9acfe1692f757fce353c4,,contestants/E10/13-archives/E10-grandchallenge-MATHSOLVE-adcfa0537f43327f4bb9acfe1692f757fce353c4.zip,MATHSOLVE-adcfa0537f43327f4bb9acfe1692f757fce353c4/handoffs/OPENMATH-2026/launch/OM26-H2-WP04.md,,aaf2c284,Filename/path inference; editable in the app
345270,handoffs/OPENMATH-2026/launch/OM26-H2-WP05.md,General / shared,7461,Pinned collected revision; final designation governed by team receipt | 2fd9fd643bf3e9e98d121dc2e7af1cf1be411ae2,https://codeload.github.com/grandchallenge/MATHSOLVE/zip/2fd9fd643bf3e9e98d121dc2e7af1cf1be411ae2,,contestants/E10/13-archives/E10-grandchallenge-MATHSOLVE-2fd9fd643bf3e9e98d121dc2e7af1cf1be411ae2.zip,MATHSOLVE-2fd9fd643bf3e9e98d121dc2e7af1cf1be411ae2/handoffs/OPENMATH-2026/launch/OM26-H2-WP05.md,,af2ed012,Filename/path inference; editable in the app
348349,handoffs/OPENMATH-2026/launch/OM26-H2-WP05.md,General / shared,7461,Latest public revision collected separately; not an author-designated final | adcfa0537f43327f4bb9acfe1692f757fce353c4,https://codeload.github.com/grandchallenge/MATHSOLVE/zip/adcfa0537f43327f4bb9acfe1692f757fce353c4,,contestants/E10/13-archives/E10-grandchallenge-MATHSOLVE-adcfa0537f43327f4bb9acfe1692f757fce353c4.zip,MATHSOLVE-adcfa0537f43327f4bb9acfe1692f757fce353c4/handoffs/OPENMATH-2026/launch/OM26-H2-WP05.md,,af2ed012,Filename/path inference; editable in the app
345271,handoffs/OPENMATH-2026/launch/OM26-H2-WP06.md,General / shared,14219,Pinned collected revision; final designation governed by team receipt | 2fd9fd643bf3e9e98d121dc2e7af1cf1be411ae2,https://codeload.github.com/grandchallenge/MATHSOLVE/zip/2fd9fd643bf3e9e98d121dc2e7af1cf1be411ae2,,contestants/E10/13-archives/E10-grandchallenge-MATHSOLVE-2fd9fd643bf3e9e98d121dc2e7af1cf1be411ae2.zip,MATHSOLVE-2fd9fd643bf3e9e98d121dc2e7af1cf1be411ae2/handoffs/OPENMATH-2026/launch/OM26-H2-WP06.md,,f756dfef,Filename/path inference; editable in the app
348350,handoffs/OPENMATH-2026/launch/OM26-H2-WP06.md,General / shared,14219,Latest public revision collected separately; not an author-designated final | adcfa0537f43327f4bb9acfe1692f757fce353c4,https://codeload.github.com/grandchallenge/MATHSOLVE/zip/adcfa0537f43327f4bb9acfe1692f757fce353c4,,contestants/E10/13-archives/E10-grandchallenge-MATHSOLVE-adcfa0537f43327f4bb9acfe1692f757fce353c4.zip,MATHSOLVE-adcfa0537f43327f4bb9acfe1692f757fce353c4/handoffs/OPENMATH-2026/launch/OM26-H2-WP06.md,,f756dfef,Filename/path inference; editable in the app
345272,handoffs/OPENMATH-2026/launch/OM26-H2-WP07.md,General / shared,8554,Pinned collected revision; final designation governed by team receipt | 2fd9fd643bf3e9e98d121dc2e7af1cf1be411ae2,https://codeload.github.com/grandchallenge/MATHSOLVE/zip/2fd9fd643bf3e9e98d121dc2e7af1cf1be411ae2,,contestants/E10/13-archives/E10-grandchallenge-MATHSOLVE-2fd9fd643bf3e9e98d121dc2e7af1cf1be411ae2.zip,MATHSOLVE-2fd9fd643bf3e9e98d121dc2e7af1cf1be411ae2/handoffs/OPENMATH-2026/launch/OM26-H2-WP07.md,,98853314,Filename/path inference; editable in the app
348351,handoffs/OPENMATH-2026/launch/OM26-H2-WP07.md,General / shared,8554,Latest public revision collected separately; not an author-designated final | adcfa0537f43327f4bb9acfe1692f757fce353c4,https://codeload.github.com/grandchallenge/MATHSOLVE/zip/adcfa0537f43327f4bb9acfe1692f757fce353c4,,contestants/E10/13-archives/E10-grandchallenge-MATHSOLVE-adcfa0537f43327f4bb9acfe1692f757fce353c4.zip,MATHSOLVE-adcfa0537f43327f4bb9acfe1692f757fce353c4/handoffs/OPENMATH-2026/launch/OM26-H2-WP07.md,,98853314,Filename/path inference; editable in the app
345273,handoffs/OPENMATH-2026/launch/OM26-H2-WP08.md,General / shared,8791,Pinned collected revision; final designation governed by team receipt | 2fd9fd643bf3e9e98d121dc2e7af1cf1be411ae2,https://codeload.github.com/grandchallenge/MATHSOLVE/zip/2fd9fd643bf3e9e98d121dc2e7af1cf1be411ae2,,contestants/E10/13-archives/E10-grandchallenge-MATHSOLVE-2fd9fd643bf3e9e98d121dc2e7af1cf1be411ae2.zip,MATHSOLVE-2fd9fd643bf3e9e98d121dc2e7af1cf1be411ae2/handoffs/OPENMATH-2026/launch/OM26-H2-WP08.md,,c28a3d96,Filename/path inference; editable in the app
348352,handoffs/OPENMATH-2026/launch/OM26-H2-WP08.md,General / shared,8791,Latest public revision collected separately; not an author-designated final | adcfa0537f43327f4bb9acfe1692f757fce353c4,https://codeload.github.com/grandchallenge/MATHSOLVE/zip/adcfa0537f43327f4bb9acfe1692f757fce353c4,,contestants/E10/13-archives/E10-grandchallenge-MATHSOLVE-adcfa0537f43327f4bb9acfe1692f757fce353c4.zip,MATHSOLVE-adcfa0537f43327f4bb9acfe1692f757fce353c4/handoffs/OPENMATH-2026/launch/OM26-H2-WP08.md,,c28a3d96,Filename/path inference; editable in the app
348353,handoffs/OPENMATH-2026/launch/OM26-H2-WP09.md,General / shared,9470,Latest public revision collected separately; not an author-designated final | adcfa0537f43327f4bb9acfe1692f757fce353c4,https://codeload.github.com/grandchallenge/MATHSOLVE/zip/adcfa0537f43327f4bb9acfe1692f757fce353c4,,contestants/E10/13-archives/E10-grandchallenge-MATHSOLVE-adcfa0537f43327f4bb9acfe1692f757fce353c4.zip,MATHSOLVE-adcfa0537f43327f4bb9acfe1692f757fce353c4/handoffs/OPENMATH-2026/launch/OM26-H2-WP09.md,,36005e71,Filename/path inference; editable in the app
348354,handoffs/OPENMATH-2026/launch/OM26-H2-WP10.md,General / shared,9795,Latest public revision collected separately; not an author-designated final | adcfa0537f43327f4bb9acfe1692f757fce353c4,https://codeload.github.com/grandchallenge/MATHSOLVE/zip/adcfa0537f43327f4bb9acfe1692f757fce353c4,,contestants/E10/13-archives/E10-grandchallenge-MATHSOLVE-adcfa0537f43327f4bb9acfe1692f757fce353c4.zip,MATHSOLVE-adcfa0537f43327f4bb9acfe1692f757fce353c4/handoffs/OPENMATH-2026/launch/OM26-H2-WP10.md,,d528e211,Filename/path inference; editable in the app
345274,handoffs/OPENMATH-2026/launch/OM26-H2.md,General / shared,20656,Pinned collected revision; final designation governed by team receipt | 2fd9fd643bf3e9e98d121dc2e7af1cf1be411ae2,https://codeload.github.com/grandchallenge/MATHSOLVE/zip/2fd9fd643bf3e9e98d121dc2e7af1cf1be411ae2,,contestants/E10/13-archives/E10-grandchallenge-MATHSOLVE-2fd9fd643bf3e9e98d121dc2e7af1cf1be411ae2.zip,MATHSOLVE-2fd9fd643bf3e9e98d121dc2e7af1cf1be411ae2/handoffs/OPENMATH-2026/launch/OM26-H2.md,,acd79070,Filename/path inference; editable in the app
348355,handoffs/OPENMATH-2026/launch/OM26-H2.md,General / shared,20656,Latest public revision collected separately; not an author-designated final | adcfa0537f43327f4bb9acfe1692f757fce353c4,https://codeload.github.com/grandchallenge/MATHSOLVE/zip/adcfa0537f43327f4bb9acfe1692f757fce353c4,,contestants/E10/13-archives/E10-grandchallenge-MATHSOLVE-adcfa0537f43327f4bb9acfe1692f757fce353c4.zip,MATHSOLVE-adcfa0537f43327f4bb9acfe1692f757fce353c4/handoffs/OPENMATH-2026/launch/OM26-H2.md,,acd79070,Filename/path inference; editable in the app
345275,handoffs/OPENMATH-2026/launch/OM26-H3-WP02.md,General / shared,30391,Pinned collected revision; final designation governed by team receipt | 2fd9fd643bf3e9e98d121dc2e7af1cf1be411ae2,https://codeload.github.com/grandchallenge/MATHSOLVE/zip/2fd9fd643bf3e9e98d121dc2e7af1cf1be411ae2,,contestants/E10/13-archives/E10-grandchallenge-MATHSOLVE-2fd9fd643bf3e9e98d121dc2e7af1cf1be411ae2.zip,MATHSOLVE-2fd9fd643bf3e9e98d121dc2e7af1cf1be411ae2/handoffs/OPENMATH-2026/launch/OM26-H3-WP02.md,,97ba4e52,Filename/path inference; editable in the app
348356,handoffs/OPENMATH-2026/launch/OM26-H3-WP02.md,General / shared,30391,Latest public revision collected separately; not an author-designated final | adcfa0537f43327f4bb9acfe1692f757fce353c4,https://codeload.github.com/grandchallenge/MATHSOLVE/zip/adcfa0537f43327f4bb9acfe1692f757fce353c4,,contestants/E10/13-archives/E10-grandchallenge-MATHSOLVE-adcfa0537f43327f4bb9acfe1692f757fce353c4.zip,MATHSOLVE-adcfa0537f43327f4bb9acfe1692f757fce353c4/handoffs/OPENMATH-2026/launch/OM26-H3-WP02.md,,97ba4e52,Filename/path inference; editable in the app
345276,handoffs/OPENMATH-2026/launch/OM26-H3-WP03.md,General / shared,8561,Pinned collected revision; final designation governed by team receipt | 2fd9fd643bf3e9e98d121dc2e7af1cf1be411ae2,https://codeload.github.com/grandchallenge/MATHSOLVE/zip/2fd9fd643bf3e9e98d121dc2e7af1cf1be411ae2,,contestants/E10/13-archives/E10-grandchallenge-MATHSOLVE-2fd9fd643bf3e9e98d121dc2e7af1cf1be411ae2.zip,MATHSOLVE-2fd9fd643bf3e9e98d121dc2e7af1cf1be411ae2/handoffs/OPENMATH-2026/launch/OM26-H3-WP03.md,,80ecde67,Filename/path inference; editable in the app
348357,handoffs/OPENMATH-2026/launch/OM26-H3-WP03.md,General / shared,8561,Latest public revision collected separately; not an author-designated final | adcfa0537f43327f4bb9acfe1692f757fce353c4,https://codeload.github.com/grandchallenge/MATHSOLVE/zip/adcfa0537f43327f4bb9acfe1692f757fce353c4,,contestants/E10/13-archives/E10-grandchallenge-MATHSOLVE-adcfa0537f43327f4bb9acfe1692f757fce353c4.zip,MATHSOLVE-adcfa0537f43327f4bb9acfe1692f757fce353c4/handoffs/OPENMATH-2026/launch/OM26-H3-WP03.md,,80ecde67,Filename/path inference; editable in the app
345277,handoffs/OPENMATH-2026/launch/OM26-H3-WP04.md,General / shared,7736,Pinned collected revision; final designation governed by team receipt | 2fd9fd643bf3e9e98d121dc2e7af1cf1be411ae2,https://codeload.github.com/grandchallenge/MATHSOLVE/zip/2fd9fd643bf3e9e98d121dc2e7af1cf1be411ae2,,contestants/E10/13-archives/E10-grandchallenge-MATHSOLVE-2fd9fd643bf3e9e98d121dc2e7af1cf1be411ae2.zip,MATHSOLVE-2fd9fd643bf3e9e98d121dc2e7af1cf1be411ae2/handoffs/OPENMATH-2026/launch/OM26-H3-WP04.md,,89bf2d2d,Filename/path inference; editable in the app
348358,handoffs/OPENMATH-2026/launch/OM26-H3-WP04.md,General / shared,7736,Latest public revision collected separately; not an author-designated final | adcfa0537f43327f4bb9acfe1692f757fce353c4,https://codeload.github.com/grandchallenge/MATHSOLVE/zip/adcfa0537f43327f4bb9acfe1692f757fce353c4,,contestants/E10/13-archives/E10-grandchallenge-MATHSOLVE-adcfa0537f43327f4bb9acfe1692f757fce353c4.zip,MATHSOLVE-adcfa0537f43327f4bb9acfe1692f757fce353c4/handoffs/OPENMATH-2026/launch/OM26-H3-WP04.md,,89bf2d2d,Filename/path inference; editable in the app
345278,handoffs/OPENMATH-2026/launch/OM26-H3-WP05.md,General / shared,10707,Pinned collected revision; final designation governed by team receipt | 2fd9fd643bf3e9e98d121dc2e7af1cf1be411ae2,https://codeload.github.com/grandchallenge/MATHSOLVE/zip/2fd9fd643bf3e9e98d121dc2e7af1cf1be411ae2,,contestants/E10/13-archives/E10-grandchallenge-MATHSOLVE-2fd9fd643bf3e9e98d121dc2e7af1cf1be411ae2.zip,MATHSOLVE-2fd9fd643bf3e9e98d121dc2e7af1cf1be411ae2/handoffs/OPENMATH-2026/launch/OM26-H3-WP05.md,,bacdc4be,Filename/path inference; editable in the app
348359,handoffs/OPENMATH-2026/launch/OM26-H3-WP05.md,General / shared,10707,Latest public revision collected separately; not an author-designated final | adcfa0537f43327f4bb9acfe1692f757fce353c4,https://codeload.github.com/grandchallenge/MATHSOLVE/zip/adcfa0537f43327f4bb9acfe1692f757fce353c4,,contestants/E10/13-archives/E10-grandchallenge-MATHSOLVE-adcfa0537f43327f4bb9acfe1692f757fce353c4.zip,MATHSOLVE-adcfa0537f43327f4bb9acfe1692f757fce353c4/handoffs/OPENMATH-2026/launch/OM26-H3-WP05.md,,bacdc4be,Filename/path inference; editable in the app
345279,handoffs/OPENMATH-2026/launch/OM26-H3-WP06.md,General / shared,11352,Pinned collected revision; final designation governed by team receipt | 2fd9fd643bf3e9e98d121dc2e7af1cf1be411ae2,https://codeload.github.com/grandchallenge/MATHSOLVE/zip/2fd9fd643bf3e9e98d121dc2e7af1cf1be411ae2,,contestants/E10/13-archives/E10-grandchallenge-MATHSOLVE-2fd9fd643bf3e9e98d121dc2e7af1cf1be411ae2.zip,MATHSOLVE-2fd9fd643bf3e9e98d121dc2e7af1cf1be411ae2/handoffs/OPENMATH-2026/launch/OM26-H3-WP06.md,,4ddab4e0,Filename/path inference; editable in the app
348360,handoffs/OPENMATH-2026/launch/OM26-H3-WP06.md,General / shared,11352,Latest public revision collected separately; not an author-designated final | adcfa0537f43327f4bb9acfe1692f757fce353c4,https://codeload.github.com/grandchallenge/MATHSOLVE/zip/adcfa0537f43327f4bb9acfe1692f757fce353c4,,contestants/E10/13-archives/E10-grandchallenge-MATHSOLVE-adcfa0537f43327f4bb9acfe1692f757fce353c4.zip,MATHSOLVE-adcfa0537f43327f4bb9acfe1692f757fce353c4/handoffs/OPENMATH-2026/launch/OM26-H3-WP06.md,,4ddab4e0,Filename/path inference; editable in the app
345280,handoffs/OPENMATH-2026/launch/OM26-H3-WP07.md,General / shared,13130,Pinned collected revision; final designation governed by team receipt | 2fd9fd643bf3e9e98d121dc2e7af1cf1be411ae2,https://codeload.github.com/grandchallenge/MATHSOLVE/zip/2fd9fd643bf3e9e98d121dc2e7af1cf1be411ae2,,contestants/E10/13-archives/E10-grandchallenge-MATHSOLVE-2fd9fd643bf3e9e98d121dc2e7af1cf1be411ae2.zip,MATHSOLVE-2fd9fd643bf3e9e98d121dc2e7af1cf1be411ae2/handoffs/OPENMATH-2026/launch/OM26-H3-WP07.md,,f49a1871,Filename/path inference; editable in the app
348361,handoffs/OPENMATH-2026/launch/OM26-H3-WP07.md,General / shared,13130,Latest public revision collected separately; not an author-designated final | adcfa0537f43327f4bb9acfe1692f757fce353c4,https://codeload.github.com/grandchallenge/MATHSOLVE/zip/adcfa0537f43327f4bb9acfe1692f757fce353c4,,contestants/E10/13-archives/E10-grandchallenge-MATHSOLVE-adcfa0537f43327f4bb9acfe1692f757fce353c4.zip,MATHSOLVE-adcfa0537f43327f4bb9acfe1692f757fce353c4/handoffs/OPENMATH-2026/launch/OM26-H3-WP07.md,,f49a1871,Filename/path inference; editable in the app
348362,handoffs/OPENMATH-2026/launch/OM26-H3-WP08.md,General / shared,9594,Latest public revision collected separately; not an author-designated final | adcfa0537f43327f4bb9acfe1692f757fce353c4,https://codeload.github.com/grandchallenge/MATHSOLVE/zip/adcfa0537f43327f4bb9acfe1692f757fce353c4,,contestants/E10/13-archives/E10-grandchallenge-MATHSOLVE-adcfa0537f43327f4bb9acfe1692f757fce353c4.zip,MATHSOLVE-adcfa0537f43327f4bb9acfe1692f757fce353c4/handoffs/OPENMATH-2026/launch/OM26-H3-WP08.md,,bb25b6d2,Filename/path inference; editable in the app
348363,handoffs/OPENMATH-2026/launch/OM26-H3-WP09.md,General / shared,9778,Latest public revision collected separately; not an author-designated final | adcfa0537f43327f4bb9acfe1692f757fce353c4,https://codeload.github.com/grandchallenge/MATHSOLVE/zip/adcfa0537f43327f4bb9acfe1692f757fce353c4,,contestants/E10/13-archives/E10-grandchallenge-MATHSOLVE-adcfa0537f43327f4bb9acfe1692f757fce353c4.zip,MATHSOLVE-adcfa0537f43327f4bb9acfe1692f757fce353c4/handoffs/OPENMATH-2026/launch/OM26-H3-WP09.md,,1525af8d,Filename/path inference; editable in the app
345281,handoffs/OPENMATH-2026/launch/OM26-H3.md,General / shared,26998,Pinned collected revision; final designation governed by team receipt | 2fd9fd643bf3e9e98d121dc2e7af1cf1be411ae2,https://codeload.github.com/grandchallenge/MATHSOLVE/zip/2fd9fd643bf3e9e98d121dc2e7af1cf1be411ae2,,contestants/E10/13-archives/E10-grandchallenge-MATHSOLVE-2fd9fd643bf3e9e98d121dc2e7af1cf1be411ae2.zip,MATHSOLVE-2fd9fd643bf3e9e98d121dc2e7af1cf1be411ae2/handoffs/OPENMATH-2026/launch/OM26-H3.md,,65ebe346,Filename/path inference; editable in the app
348364,handoffs/OPENMATH-2026/launch/OM26-H3.md,General / shared,26998,Latest public revision collected separately; not an author-designated final | adcfa0537f43327f4bb9acfe1692f757fce353c4,https://codeload.github.com/grandchallenge/MATHSOLVE/zip/adcfa0537f43327f4bb9acfe1692f757fce353c4,,contestants/E10/13-archives/E10-grandchallenge-MATHSOLVE-adcfa0537f43327f4bb9acfe1692f757fce353c4.zip,MATHSOLVE-adcfa0537f43327f4bb9acfe1692f757fce353c4/handoffs/OPENMATH-2026/launch/OM26-H3.md,,65ebe346,Filename/path inference; editable in the app
345282,handoffs/OPENMATH-2026/launch/OM26-H4-WP02.md,General / shared,12599,Pinned collected revision; final designation governed by team receipt | 2fd9fd643bf3e9e98d121dc2e7af1cf1be411ae2,https://codeload.github.com/grandchallenge/MATHSOLVE/zip/2fd9fd643bf3e9e98d121dc2e7af1cf1be411ae2,,contestants/E10/13-archives/E10-grandchallenge-MATHSOLVE-2fd9fd643bf3e9e98d121dc2e7af1cf1be411ae2.zip,MATHSOLVE-2fd9fd643bf3e9e98d121dc2e7af1cf1be411ae2/handoffs/OPENMATH-2026/launch/OM26-H4-WP02.md,,626109a5,Filename/path inference; editable in the app
348365,handoffs/OPENMATH-2026/launch/OM26-H4-WP02.md,General / shared,12599,Latest public revision collected separately; not an author-designated final | adcfa0537f43327f4bb9acfe1692f757fce353c4,https://codeload.github.com/grandchallenge/MATHSOLVE/zip/adcfa0537f43327f4bb9acfe1692f757fce353c4,,contestants/E10/13-archives/E10-grandchallenge-MATHSOLVE-adcfa0537f43327f4bb9acfe1692f757fce353c4.zip,MATHSOLVE-adcfa0537f43327f4bb9acfe1692f757fce353c4/handoffs/OPENMATH-2026/launch/OM26-H4-WP02.md,,626109a5,Filename/path inference; editable in the app
345283,handoffs/OPENMATH-2026/launch/OM26-H4-WP03.md,General / shared,7725,Pinned collected revision; final designation governed by team receipt | 2fd9fd643bf3e9e98d121dc2e7af1cf1be411ae2,https://codeload.github.com/grandchallenge/MATHSOLVE/zip/2fd9fd643bf3e9e98d121dc2e7af1cf1be411ae2,,contestants/E10/13-archives/E10-grandchallenge-MATHSOLVE-2fd9fd643bf3e9e98d121dc2e7af1cf1be411ae2.zip,MATHSOLVE-2fd9fd643bf3e9e98d121dc2e7af1cf1be411ae2/handoffs/OPENMATH-2026/launch/OM26-H4-WP03.md,,d8ef5e8b,Filename/path inference; editable in the app
348366,handoffs/OPENMATH-2026/launch/OM26-H4-WP03.md,General / shared,7725,Latest public revision collected separately; not an author-designated final | adcfa0537f43327f4bb9acfe1692f757fce353c4,https://codeload.github.com/grandchallenge/MATHSOLVE/zip/adcfa0537f43327f4bb9acfe1692f757fce353c4,,contestants/E10/13-archives/E10-grandchallenge-MATHSOLVE-adcfa0537f43327f4bb9acfe1692f757fce353c4.zip,MATHSOLVE-adcfa0537f43327f4bb9acfe1692f757fce353c4/handoffs/OPENMATH-2026/launch/OM26-H4-WP03.md,,d8ef5e8b,Filename/path inference; editable in the app
345284,handoffs/OPENMATH-2026/launch/OM26-H4-WP04.md,General / shared,20680,Pinned collected revision; final designation governed by team receipt | 2fd9fd643bf3e9e98d121dc2e7af1cf1be411ae2,https://codeload.github.com/grandchallenge/MATHSOLVE/zip/2fd9fd643bf3e9e98d121dc2e7af1cf1be411ae2,,contestants/E10/13-archives/E10-grandchallenge-MATHSOLVE-2fd9fd643bf3e9e98d121dc2e7af1cf1be411ae2.zip,MATHSOLVE-2fd9fd643bf3e9e98d121dc2e7af1cf1be411ae2/handoffs/OPENMATH-2026/launch/OM26-H4-WP04.md,,2151e6ec,Filename/path inference; editable in the app
348367,handoffs/OPENMATH-2026/launch/OM26-H4-WP04.md,General / shared,20680,Latest public revision collected separately; not an author-designated final | adcfa0537f43327f4bb9acfe1692f757fce353c4,https://codeload.github.com/grandchallenge/MATHSOLVE/zip/adcfa0537f43327f4bb9acfe1692f757fce353c4,,contestants/E10/13-archives/E10-grandchallenge-MATHSOLVE-adcfa0537f43327f4bb9acfe1692f757fce353c4.zip,MATHSOLVE-adcfa0537f43327f4bb9acfe1692f757fce353c4/handoffs/OPENMATH-2026/launch/OM26-H4-WP04.md,,2151e6ec,Filename/path inference; editable in the app
345285,handoffs/OPENMATH-2026/launch/OM26-H4-WP05.md,General / shared,11523,Pinned collected revision; final designation governed by team receipt | 2fd9fd643bf3e9e98d121dc2e7af1cf1be411ae2,https://codeload.github.com/grandchallenge/MATHSOLVE/zip/2fd9fd643bf3e9e98d121dc2e7af1cf1be411ae2,,contestants/E10/13-archives/E10-grandchallenge-MATHSOLVE-2fd9fd643bf3e9e98d121dc2e7af1cf1be411ae2.zip,MATHSOLVE-2fd9fd643bf3e9e98d121dc2e7af1cf1be411ae2/handoffs/OPENMATH-2026/launch/OM26-H4-WP05.md,,4432806d,Filename/path inference; editable in the app
348368,handoffs/OPENMATH-2026/launch/OM26-H4-WP05.md,General / shared,11523,Latest public revision collected separately; not an author-designated final | adcfa0537f43327f4bb9acfe1692f757fce353c4,https://codeload.github.com/grandchallenge/MATHSOLVE/zip/adcfa0537f43327f4bb9acfe1692f757fce353c4,,contestants/E10/13-archives/E10-grandchallenge-MATHSOLVE-adcfa0537f43327f4bb9acfe1692f757fce353c4.zip,MATHSOLVE-adcfa0537f43327f4bb9acfe1692f757fce353c4/handoffs/OPENMATH-2026/launch/OM26-H4-WP05.md,,4432806d,Filename/path inference; editable in the app
345286,handoffs/OPENMATH-2026/launch/OM26-H4-WP06.md,General / shared,11720,Pinned collected revision; final designation governed by team receipt | 2fd9fd643bf3e9e98d121dc2e7af1cf1be411ae2,https://codeload.github.com/grandchallenge/MATHSOLVE/zip/2fd9fd643bf3e9e98d121dc2e7af1cf1be411ae2,,contestants/E10/13-archives/E10-grandchallenge-MATHSOLVE-2fd9fd643bf3e9e98d121dc2e7af1cf1be411ae2.zip,MATHSOLVE-2fd9fd643bf3e9e98d121dc2e7af1cf1be411ae2/handoffs/OPENMATH-2026/launch/OM26-H4-WP06.md,,c9e0c5a0,Filename/path inference; editable in the app
348369,handoffs/OPENMATH-2026/launch/OM26-H4-WP06.md,General / shared,11720,Latest public revision collected separately; not an author-designated final | adcfa0537f43327f4bb9acfe1692f757fce353c4,https://codeload.github.com/grandchallenge/MATHSOLVE/zip/adcfa0537f43327f4bb9acfe1692f757fce353c4,,contestants/E10/13-archives/E10-grandchallenge-MATHSOLVE-adcfa0537f43327f4bb9acfe1692f757fce353c4.zip,MATHSOLVE-adcfa0537f43327f4bb9acfe1692f757fce353c4/handoffs/OPENMATH-2026/launch/OM26-H4-WP06.md,,c9e0c5a0,Filename/path inference; editable in the app
345287,handoffs/OPENMATH-2026/launch/OM26-H4.md,General / shared,16775,Pinned collected revision; final designation governed by team receipt | 2fd9fd643bf3e9e98d121dc2e7af1cf1be411ae2,https://codeload.github.com/grandchallenge/MATHSOLVE/zip/2fd9fd643bf3e9e98d121dc2e7af1cf1be411ae2,,contestants/E10/13-archives/E10-grandchallenge-MATHSOLVE-2fd9fd643bf3e9e98d121dc2e7af1cf1be411ae2.zip,MATHSOLVE-2fd9fd643bf3e9e98d121dc2e7af1cf1be411ae2/handoffs/OPENMATH-2026/launch/OM26-H4.md,,0da1d675,Filename/path inference; editable in the app
348370,handoffs/OPENMATH-2026/launch/OM26-H4.md,General / shared,16775,Latest public revision collected separately; not an author-designated final | adcfa0537f43327f4bb9acfe1692f757fce353c4,https://codeload.github.com/grandchallenge/MATHSOLVE/zip/adcfa0537f43327f4bb9acfe1692f757fce353c4,,contestants/E10/13-archives/E10-grandchallenge-MATHSOLVE-adcfa0537f43327f4bb9acfe1692f757fce353c4.zip,MATHSOLVE-adcfa0537f43327f4bb9acfe1692f757fce353c4/handoffs/OPENMATH-2026/launch/OM26-H4.md,,0da1d675,Filename/path inference; editable in the app
345288,handoffs/OPENMATH-2026/launch/OM26-H5-WP02.md,General / shared,12048,Pinned collected revision; final designation governed by team receipt | 2fd9fd643bf3e9e98d121dc2e7af1cf1be411ae2,https://codeload.github.com/grandchallenge/MATHSOLVE/zip/2fd9fd643bf3e9e98d121dc2e7af1cf1be411ae2,,contestants/E10/13-archives/E10-grandchallenge-MATHSOLVE-2fd9fd643bf3e9e98d121dc2e7af1cf1be411ae2.zip,MATHSOLVE-2fd9fd643bf3e9e98d121dc2e7af1cf1be411ae2/handoffs/OPENMATH-2026/launch/OM26-H5-WP02.md,,8042b1c3,Filename/path inference; editable in the app
348371,handoffs/OPENMATH-2026/launch/OM26-H5-WP02.md,General / shared,12048,Latest public revision collected separately; not an author-designated final | adcfa0537f43327f4bb9acfe1692f757fce353c4,https://codeload.github.com/grandchallenge/MATHSOLVE/zip/adcfa0537f43327f4bb9acfe1692f757fce353c4,,contestants/E10/13-archives/E10-grandchallenge-MATHSOLVE-adcfa0537f43327f4bb9acfe1692f757fce353c4.zip,MATHSOLVE-adcfa0537f43327f4bb9acfe1692f757fce353c4/handoffs/OPENMATH-2026/launch/OM26-H5-WP02.md,,8042b1c3,Filename/path inference; editable in the app
345289,handoffs/OPENMATH-2026/launch/OM26-H5-WP03.md,General / shared,7556,Pinned collected revision; final designation governed by team receipt | 2fd9fd643bf3e9e98d121dc2e7af1cf1be411ae2,https://codeload.github.com/grandchallenge/MATHSOLVE/zip/2fd9fd643bf3e9e98d121dc2e7af1cf1be411ae2,,contestants/E10/13-archives/E10-grandchallenge-MATHSOLVE-2fd9fd643bf3e9e98d121dc2e7af1cf1be411ae2.zip,MATHSOLVE-2fd9fd643bf3e9e98d121dc2e7af1cf1be411ae2/handoffs/OPENMATH-2026/launch/OM26-H5-WP03.md,,a9dbbd8a,Filename/path inference; editable in the app
348372,handoffs/OPENMATH-2026/launch/OM26-H5-WP03.md,General / shared,7556,Latest public revision collected separately; not an author-designated final | adcfa0537f43327f4bb9acfe1692f757fce353c4,https://codeload.github.com/grandchallenge/MATHSOLVE/zip/adcfa0537f43327f4bb9acfe1692f757fce353c4,,contestants/E10/13-archives/E10-grandchallenge-MATHSOLVE-adcfa0537f43327f4bb9acfe1692f757fce353c4.zip,MATHSOLVE-adcfa0537f43327f4bb9acfe1692f757fce353c4/handoffs/OPENMATH-2026/launch/OM26-H5-WP03.md,,a9dbbd8a,Filename/path inference; editable in the app
345290,handoffs/OPENMATH-2026/launch/OM26-H5-WP04.md,General / shared,12830,Pinned collected revision; final designation governed by team receipt | 2fd9fd643bf3e9e98d121dc2e7af1cf1be411ae2,https://codeload.github.com/grandchallenge/MATHSOLVE/zip/2fd9fd643bf3e9e98d121dc2e7af1cf1be411ae2,,contestants/E10/13-archives/E10-grandchallenge-MATHSOLVE-2fd9fd643bf3e9e98d121dc2e7af1cf1be411ae2.zip,MATHSOLVE-2fd9fd643bf3e9e98d121dc2e7af1cf1be411ae2/handoffs/OPENMATH-2026/launch/OM26-H5-WP04.md,,0a7114a6,Filename/path inference; editable in the app
348373,handoffs/OPENMATH-2026/launch/OM26-H5-WP04.md,General / shared,12830,Latest public revision collected separately; not an author-designated final | adcfa0537f43327f4bb9acfe1692f757fce353c4,https://codeload.github.com/grandchallenge/MATHSOLVE/zip/adcfa0537f43327f4bb9acfe1692f757fce353c4,,contestants/E10/13-archives/E10-grandchallenge-MATHSOLVE-adcfa0537f43327f4bb9acfe1692f757fce353c4.zip,MATHSOLVE-adcfa0537f43327f4bb9acfe1692f757fce353c4/handoffs/OPENMATH-2026/launch/OM26-H5-WP04.md,,0a7114a6,Filename/path inference; editable in the app
345291,handoffs/OPENMATH-2026/launch/OM26-H5-WP05.md,General / shared,13475,Pinned collected revision; final designation governed by team receipt | 2fd9fd643bf3e9e98d121dc2e7af1cf1be411ae2,https://codeload.github.com/grandchallenge/MATHSOLVE/zip/2fd9fd643bf3e9e98d121dc2e7af1cf1be411ae2,,contestants/E10/13-archives/E10-grandchallenge-MATHSOLVE-2fd9fd643bf3e9e98d121dc2e7af1cf1be411ae2.zip,MATHSOLVE-2fd9fd643bf3e9e98d121dc2e7af1cf1be411ae2/handoffs/OPENMATH-2026/launch/OM26-H5-WP05.md,,3c58af05,Filename/path inference; editable in the app
348374,handoffs/OPENMATH-2026/launch/OM26-H5-WP05.md,General / shared,13475,Latest public revision collected separately; not an author-designated final | adcfa0537f43327f4bb9acfe1692f757fce353c4,https://codeload.github.com/grandchallenge/MATHSOLVE/zip/adcfa0537f43327f4bb9acfe1692f757fce353c4,,contestants/E10/13-archives/E10-grandchallenge-MATHSOLVE-adcfa0537f43327f4bb9acfe1692f757fce353c4.zip,MATHSOLVE-adcfa0537f43327f4bb9acfe1692f757fce353c4/handoffs/OPENMATH-2026/launch/OM26-H5-WP05.md,,3c58af05,Filename/path inference; editable in the app
345292,handoffs/OPENMATH-2026/launch/OM26-H5-WP06.md,General / shared,10072,Pinned collected revision; final designation governed by team receipt | 2fd9fd643bf3e9e98d121dc2e7af1cf1be411ae2,https://codeload.github.com/grandchallenge/MATHSOLVE/zip/2fd9fd643bf3e9e98d121dc2e7af1cf1be411ae2,,contestants/E10/13-archives/E10-grandchallenge-MATHSOLVE-2fd9fd643bf3e9e98d121dc2e7af1cf1be411ae2.zip,MATHSOLVE-2fd9fd643bf3e9e98d121dc2e7af1cf1be411ae2/handoffs/OPENMATH-2026/launch/OM26-H5-WP06.md,,9b10597e,Filename/path inference; editable in the app
348375,handoffs/OPENMATH-2026/launch/OM26-H5-WP06.md,General / shared,10072,Latest public revision collected separately; not an author-designated final | adcfa0537f43327f4bb9acfe1692f757fce353c4,https://codeload.github.com/grandchallenge/MATHSOLVE/zip/adcfa0537f43327f4bb9acfe1692f757fce353c4,,contestants/E10/13-archives/E10-grandchallenge-MATHSOLVE-adcfa0537f43327f4bb9acfe1692f757fce353c4.zip,MATHSOLVE-adcfa0537f43327f4bb9acfe1692f757fce353c4/handoffs/OPENMATH-2026/launch/OM26-H5-WP06.md,,9b10597e,Filename/path inference; editable in the app
345293,handoffs/OPENMATH-2026/launch/OM26-H5.md,General / shared,16983,Pinned collected revision; final designation governed by team receipt | 2fd9fd643bf3e9e98d121dc2e7af1cf1be411ae2,https://codeload.github.com/grandchallenge/MATHSOLVE/zip/2fd9fd643bf3e9e98d121dc2e7af1cf1be411ae2,,contestants/E10/13-archives/E10-grandchallenge-MATHSOLVE-2fd9fd643bf3e9e98d121dc2e7af1cf1be411ae2.zip,MATHSOLVE-2fd9fd643bf3e9e98d121dc2e7af1cf1be411ae2/handoffs/OPENMATH-2026/launch/OM26-H5.md,,2608f05c,Filename/path inference; editable in the app
348376,handoffs/OPENMATH-2026/launch/OM26-H5.md,General / shared,16983,Latest public revision collected separately; not an author-designated final | adcfa0537f43327f4bb9acfe1692f757fce353c4,https://codeload.github.com/grandchallenge/MATHSOLVE/zip/adcfa0537f43327f4bb9acfe1692f757fce353c4,,contestants/E10/13-archives/E10-grandchallenge-MATHSOLVE-adcfa0537f43327f4bb9acfe1692f757fce353c4.zip,MATHSOLVE-adcfa0537f43327f4bb9acfe1692f757fce353c4/handoffs/OPENMATH-2026/launch/OM26-H5.md,,2608f05c,Filename/path inference; editable in the app
345294,handoffs/OPENMATH-2026/launch/OM26-H6-WP02.md,General / shared,49138,Pinned collected revision; final designation governed by team receipt | 2fd9fd643bf3e9e98d121dc2e7af1cf1be411ae2,https://codeload.github.com/grandchallenge/MATHSOLVE/zip/2fd9fd643bf3e9e98d121dc2e7af1cf1be411ae2,,contestants/E10/13-archives/E10-grandchallenge-MATHSOLVE-2fd9fd643bf3e9e98d121dc2e7af1cf1be411ae2.zip,MATHSOLVE-2fd9fd643bf3e9e98d121dc2e7af1cf1be411ae2/handoffs/OPENMATH-2026/launch/OM26-H6-WP02.md,,be9e62f1,Filename/path inference; editable in the app
348377,handoffs/OPENMATH-2026/launch/OM26-H6-WP02.md,General / shared,49138,Latest public revision collected separately; not an author-designated final | adcfa0537f43327f4bb9acfe1692f757fce353c4,https://codeload.github.com/grandchallenge/MATHSOLVE/zip/adcfa0537f43327f4bb9acfe1692f757fce353c4,,contestants/E10/13-archives/E10-grandchallenge-MATHSOLVE-adcfa0537f43327f4bb9acfe1692f757fce353c4.zip,MATHSOLVE-adcfa0537f43327f4bb9acfe1692f757fce353c4/handoffs/OPENMATH-2026/launch/OM26-H6-WP02.md,,be9e62f1,Filename/path inference; editable in the app
345295,handoffs/OPENMATH-2026/launch/OM26-H6-WP03.md,General / shared,9913,Pinned collected revision; final designation governed by team receipt | 2fd9fd643bf3e9e98d121dc2e7af1cf1be411ae2,https://codeload.github.com/grandchallenge/MATHSOLVE/zip/2fd9fd643bf3e9e98d121dc2e7af1cf1be411ae2,,contestants/E10/13-archives/E10-grandchallenge-MATHSOLVE-2fd9fd643bf3e9e98d121dc2e7af1cf1be411ae2.zip,MATHSOLVE-2fd9fd643bf3e9e98d121dc2e7af1cf1be411ae2/handoffs/OPENMATH-2026/launch/OM26-H6-WP03.md,,a7b05395,Filename/path inference; editable in the app
348378,handoffs/OPENMATH-2026/launch/OM26-H6-WP03.md,General / shared,9913,Latest public revision collected separately; not an author-designated final | adcfa0537f43327f4bb9acfe1692f757fce353c4,https://codeload.github.com/grandchallenge/MATHSOLVE/zip/adcfa0537f43327f4bb9acfe1692f757fce353c4,,contestants/E10/13-archives/E10-grandchallenge-MATHSOLVE-adcfa0537f43327f4bb9acfe1692f757fce353c4.zip,MATHSOLVE-adcfa0537f43327f4bb9acfe1692f757fce353c4/handoffs/OPENMATH-2026/launch/OM26-H6-WP03.md,,a7b05395,Filename/path inference; editable in the app
345296,handoffs/OPENMATH-2026/launch/OM26-H6-WP04.md,General / shared,7692,Pinned collected revision; final designation governed by team receipt | 2fd9fd643bf3e9e98d121dc2e7af1cf1be411ae2,https://codeload.github.com/grandchallenge/MATHSOLVE/zip/2fd9fd643bf3e9e98d121dc2e7af1cf1be411ae2,,contestants/E10/13-archives/E10-grandchallenge-MATHSOLVE-2fd9fd643bf3e9e98d121dc2e7af1cf1be411ae2.zip,MATHSOLVE-2fd9fd643bf3e9e98d121dc2e7af1cf1be411ae2/handoffs/OPENMATH-2026/launch/OM26-H6-WP04.md,,5983c2df,Filename/path inference; editable in the app
348379,handoffs/OPENMATH-2026/launch/OM26-H6-WP04.md,General / shared,7692,Latest public revision collected separately; not an author-designated final | adcfa0537f43327f4bb9acfe1692f757fce353c4,https://codeload.github.com/grandchallenge/MATHSOLVE/zip/adcfa0537f43327f4bb9acfe1692f757fce353c4,,contestants/E10/13-archives/E10-grandchallenge-MATHSOLVE-adcfa0537f43327f4bb9acfe1692f757fce353c4.zip,MATHSOLVE-adcfa0537f43327f4bb9acfe1692f757fce353c4/handoffs/OPENMATH-2026/launch/OM26-H6-WP04.md,,5983c2df,Filename/path inference; editable in the app
345297,handoffs/OPENMATH-2026/launch/OM26-H6-WP05.md,General / shared,13329,Pinned collected revision; final designation governed by team receipt | 2fd9fd643bf3e9e98d121dc2e7af1cf1be411ae2,https://codeload.github.com/grandchallenge/MATHSOLVE/zip/2fd9fd643bf3e9e98d121dc2e7af1cf1be411ae2,,contestants/E10/13-archives/E10-grandchallenge-MATHSOLVE-2fd9fd643bf3e9e98d121dc2e7af1cf1be411ae2.zip,MATHSOLVE-2fd9fd643bf3e9e98d121dc2e7af1cf1be411ae2/handoffs/OPENMATH-2026/launch/OM26-H6-WP05.md,,ff0b97ed,Filename/path inference; editable in the app
348380,handoffs/OPENMATH-2026/launch/OM26-H6-WP05.md,General / shared,13329,Latest public revision collected separately; not an author-designated final | adcfa0537f43327f4bb9acfe1692f757fce353c4,https://codeload.github.com/grandchallenge/MATHSOLVE/zip/adcfa0537f43327f4bb9acfe1692f757fce353c4,,contestants/E10/13-archives/E10-grandchallenge-MATHSOLVE-adcfa0537f43327f4bb9acfe1692f757fce353c4.zip,MATHSOLVE-adcfa0537f43327f4bb9acfe1692f757fce353c4/handoffs/OPENMATH-2026/launch/OM26-H6-WP05.md,,ff0b97ed,Filename/path inference; editable in the app
345298,handoffs/OPENMATH-2026/launch/OM26-H6-WP06.md,General / shared,13060,Pinned collected revision; final designation governed by team receipt | 2fd9fd643bf3e9e98d121dc2e7af1cf1be411ae2,https://codeload.github.com/grandchallenge/MATHSOLVE/zip/2fd9fd643bf3e9e98d121dc2e7af1cf1be411ae2,,contestants/E10/13-archives/E10-grandchallenge-MATHSOLVE-2fd9fd643bf3e9e98d121dc2e7af1cf1be411ae2.zip,MATHSOLVE-2fd9fd643bf3e9e98d121dc2e7af1cf1be411ae2/handoffs/OPENMATH-2026/launch/OM26-H6-WP06.md,,d84eb03d,Filename/path inference; editable in the app
348381,handoffs/OPENMATH-2026/launch/OM26-H6-WP06.md,General / shared,13060,Latest public revision collected separately; not an author-designated final | adcfa0537f43327f4bb9acfe1692f757fce353c4,https://codeload.github.com/grandchallenge/MATHSOLVE/zip/adcfa0537f43327f4bb9acfe1692f757fce353c4,,contestants/E10/13-archives/E10-grandchallenge-MATHSOLVE-adcfa0537f43327f4bb9acfe1692f757fce353c4.zip,MATHSOLVE-adcfa0537f43327f4bb9acfe1692f757fce353c4/handoffs/OPENMATH-2026/launch/OM26-H6-WP06.md,,d84eb03d,Filename/path inference; editable in the app
345299,handoffs/OPENMATH-2026/launch/OM26-H6-WP07.md,General / shared,12497,Pinned collected revision; final designation governed by team receipt | 2fd9fd643bf3e9e98d121dc2e7af1cf1be411ae2,https://codeload.github.com/grandchallenge/MATHSOLVE/zip/2fd9fd643bf3e9e98d121dc2e7af1cf1be411ae2,,contestants/E10/13-archives/E10-grandchallenge-MATHSOLVE-2fd9fd643bf3e9e98d121dc2e7af1cf1be411ae2.zip,MATHSOLVE-2fd9fd643bf3e9e98d121dc2e7af1cf1be411ae2/handoffs/OPENMATH-2026/launch/OM26-H6-WP07.md,,81bb9eeb,Filename/path inference; editable in the app
348382,handoffs/OPENMATH-2026/launch/OM26-H6-WP07.md,General / shared,12497,Latest public revision collected separately; not an author-designated final | adcfa0537f43327f4bb9acfe1692f757fce353c4,https://codeload.github.com/grandchallenge/MATHSOLVE/zip/adcfa0537f43327f4bb9acfe1692f757fce353c4,,contestants/E10/13-archives/E10-grandchallenge-MATHSOLVE-adcfa0537f43327f4bb9acfe1692f757fce353c4.zip,MATHSOLVE-adcfa0537f43327f4bb9acfe1692f757fce353c4/handoffs/OPENMATH-2026/launch/OM26-H6-WP07.md,,81bb9eeb,Filename/path inference; editable in the app
345300,handoffs/OPENMATH-2026/launch/OM26-H6.md,General / shared,16029,Pinned collected revision; final designation governed by team receipt | 2fd9fd643bf3e9e98d121dc2e7af1cf1be411ae2,https://codeload.github.com/grandchallenge/MATHSOLVE/zip/2fd9fd643bf3e9e98d121dc2e7af1cf1be411ae2,,contestants/E10/13-archives/E10-grandchallenge-MATHSOLVE-2fd9fd643bf3e9e98d121dc2e7af1cf1be411ae2.zip,MATHSOLVE-2fd9fd643bf3e9e98d121dc2e7af1cf1be411ae2/handoffs/OPENMATH-2026/launch/OM26-H6.md,,10a44051,Filename/path inference; editable in the app
348383,handoffs/OPENMATH-2026/launch/OM26-H6.md,General / shared,16029,Latest public revision collected separately; not an author-designated final | adcfa0537f43327f4bb9acfe1692f757fce353c4,https://codeload.github.com/grandchallenge/MATHSOLVE/zip/adcfa0537f43327f4bb9acfe1692f757fce353c4,,contestants/E10/13-archives/E10-grandchallenge-MATHSOLVE-adcfa0537f43327f4bb9acfe1692f757fce353c4.zip,MATHSOLVE-adcfa0537f43327f4bb9acfe1692f757fce353c4/handoffs/OPENMATH-2026/launch/OM26-H6.md,,10a44051,Filename/path inference; editable in the app
345301,handoffs/OPENMATH-2026/launch/OM26-H7-WP02.md,General / shared,17837,Pinned collected revision; final designation governed by team receipt | 2fd9fd643bf3e9e98d121dc2e7af1cf1be411ae2,https://codeload.github.com/grandchallenge/MATHSOLVE/zip/2fd9fd643bf3e9e98d121dc2e7af1cf1be411ae2,,contestants/E10/13-archives/E10-grandchallenge-MATHSOLVE-2fd9fd643bf3e9e98d121dc2e7af1cf1be411ae2.zip,MATHSOLVE-2fd9fd643bf3e9e98d121dc2e7af1cf1be411ae2/handoffs/OPENMATH-2026/launch/OM26-H7-WP02.md,,8f27c42b,Filename/path inference; editable in the app
348384,handoffs/OPENMATH-2026/launch/OM26-H7-WP02.md,General / shared,17837,Latest public revision collected separately; not an author-designated final | adcfa0537f43327f4bb9acfe1692f757fce353c4,https://codeload.github.com/grandchallenge/MATHSOLVE/zip/adcfa0537f43327f4bb9acfe1692f757fce353c4,,contestants/E10/13-archives/E10-grandchallenge-MATHSOLVE-adcfa0537f43327f4bb9acfe1692f757fce353c4.zip,MATHSOLVE-adcfa0537f43327f4bb9acfe1692f757fce353c4/handoffs/OPENMATH-2026/launch/OM26-H7-WP02.md,,8f27c42b,Filename/path inference; editable in the app
345302,handoffs/OPENMATH-2026/launch/OM26-H7-WP03.md,General / shared,9269,Pinned collected revision; final designation governed by team receipt | 2fd9fd643bf3e9e98d121dc2e7af1cf1be411ae2,https://codeload.github.com/grandchallenge/MATHSOLVE/zip/2fd9fd643bf3e9e98d121dc2e7af1cf1be411ae2,,contestants/E10/13-archives/E10-grandchallenge-MATHSOLVE-2fd9fd643bf3e9e98d121dc2e7af1cf1be411ae2.zip,MATHSOLVE-2fd9fd643bf3e9e98d121dc2e7af1cf1be411ae2/handoffs/OPENMATH-2026/launch/OM26-H7-WP03.md,,52d5ee73,Filename/path inference; editable in the app
348385,handoffs/OPENMATH-2026/launch/OM26-H7-WP03.md,General / shared,9269,Latest public revision collected separately; not an author-designated final | adcfa0537f43327f4bb9acfe1692f757fce353c4,https://codeload.github.com/grandchallenge/MATHSOLVE/zip/adcfa0537f43327f4bb9acfe1692f757fce353c4,,contestants/E10/13-archives/E10-grandchallenge-MATHSOLVE-adcfa0537f43327f4bb9acfe1692f757fce353c4.zip,MATHSOLVE-adcfa0537f43327f4bb9acfe1692f757fce353c4/handoffs/OPENMATH-2026/launch/OM26-H7-WP03.md,,52d5ee73,Filename/path inference; editable in the app
345303,handoffs/OPENMATH-2026/launch/OM26-H7-WP04.md,General / shared,8348,Pinned collected revision; final designation governed by team receipt | 2fd9fd643bf3e9e98d121dc2e7af1cf1be411ae2,https://codeload.github.com/grandchallenge/MATHSOLVE/zip/2fd9fd643bf3e9e98d121dc2e7af1cf1be411ae2,,contestants/E10/13-archives/E10-grandchallenge-MATHSOLVE-2fd9fd643bf3e9e98d121dc2e7af1cf1be411ae2.zip,MATHSOLVE-2fd9fd643bf3e9e98d121dc2e7af1cf1be411ae2/handoffs/OPENMATH-2026/launch/OM26-H7-WP04.md,,042c9859,Filename/path inference; editable in the app
348386,handoffs/OPENMATH-2026/launch/OM26-H7-WP04.md,General / shared,8348,Latest public revision collected separately; not an author-designated final | adcfa0537f43327f4bb9acfe1692f757fce353c4,https://codeload.github.com/grandchallenge/MATHSOLVE/zip/adcfa0537f43327f4bb9acfe1692f757fce353c4,,contestants/E10/13-archives/E10-grandchallenge-MATHSOLVE-adcfa0537f43327f4bb9acfe1692f757fce353c4.zip,MATHSOLVE-adcfa0537f43327f4bb9acfe1692f757fce353c4/handoffs/OPENMATH-2026/launch/OM26-H7-WP04.md,,042c9859,Filename/path inference; editable in the app
345304,handoffs/OPENMATH-2026/launch/OM26-H7-WP05.md,General / shared,13180,Pinned collected revision; final designation governed by team receipt | 2fd9fd643bf3e9e98d121dc2e7af1cf1be411ae2,https://codeload.github.com/grandchallenge/MATHSOLVE/zip/2fd9fd643bf3e9e98d121dc2e7af1cf1be411ae2,,contestants/E10/13-archives/E10-grandchallenge-MATHSOLVE-2fd9fd643bf3e9e98d121dc2e7af1cf1be411ae2.zip,MATHSOLVE-2fd9fd643bf3e9e98d121dc2e7af1cf1be411ae2/handoffs/OPENMATH-2026/launch/OM26-H7-WP05.md,,5ceb9dfc,Filename/path inference; editable in the app
348387,handoffs/OPENMATH-2026/launch/OM26-H7-WP05.md,General / shared,13180,Latest public revision collected separately; not an author-designated final | adcfa0537f43327f4bb9acfe1692f757fce353c4,https://codeload.github.com/grandchallenge/MATHSOLVE/zip/adcfa0537f43327f4bb9acfe1692f757fce353c4,,contestants/E10/13-archives/E10-grandchallenge-MATHSOLVE-adcfa0537f43327f4bb9acfe1692f757fce353c4.zip,MATHSOLVE-adcfa0537f43327f4bb9acfe1692f757fce353c4/handoffs/OPENMATH-2026/launch/OM26-H7-WP05.md,,5ceb9dfc,Filename/path inference; editable in the app
348388,handoffs/OPENMATH-2026/launch/OM26-H7-WP06.md,General / shared,9910,Latest public revision collected separately; not an author-designated final | adcfa0537f43327f4bb9acfe1692f757fce353c4,https://codeload.github.com/grandchallenge/MATHSOLVE/zip/adcfa0537f43327f4bb9acfe1692f757fce353c4,,contestants/E10/13-archives/E10-grandchallenge-MATHSOLVE-adcfa0537f43327f4bb9acfe1692f757fce353c4.zip,MATHSOLVE-adcfa0537f43327f4bb9acfe1692f757fce353c4/handoffs/OPENMATH-2026/launch/OM26-H7-WP06.md,,7b208141,Filename/path inference; editable in the app
345305,handoffs/OPENMATH-2026/launch/OM26-H7.md,General / shared,12670,Pinned collected revision; final designation governed by team receipt | 2fd9fd643bf3e9e98d121dc2e7af1cf1be411ae2,https://codeload.github.com/grandchallenge/MATHSOLVE/zip/2fd9fd643bf3e9e98d121dc2e7af1cf1be411ae2,,contestants/E10/13-archives/E10-grandchallenge-MATHSOLVE-2fd9fd643bf3e9e98d121dc2e7af1cf1be411ae2.zip,MATHSOLVE-2fd9fd643bf3e9e98d121dc2e7af1cf1be411ae2/handoffs/OPENMATH-2026/launch/OM26-H7.md,,ecada022,Filename/path inference; editable in the app
348389,handoffs/OPENMATH-2026/launch/OM26-H7.md,General / shared,12670,Latest public revision collected separately; not an author-designated final | adcfa0537f43327f4bb9acfe1692f757fce353c4,https://codeload.github.com/grandchallenge/MATHSOLVE/zip/adcfa0537f43327f4bb9acfe1692f757fce353c4,,contestants/E10/13-archives/E10-grandchallenge-MATHSOLVE-adcfa0537f43327f4bb9acfe1692f757fce353c4.zip,MATHSOLVE-adcfa0537f43327f4bb9acfe1692f757fce353c4/handoffs/OPENMATH-2026/launch/OM26-H7.md,,ecada022,Filename/path inference; editable in the app
345306,handoffs/OPENMATH-2026/launch/README.md,General / shared,1952,Pinned collected revision; final designation governed by team receipt | 2fd9fd643bf3e9e98d121dc2e7af1cf1be411ae2,https://codeload.github.com/grandchallenge/MATHSOLVE/zip/2fd9fd643bf3e9e98d121dc2e7af1cf1be411ae2,,contestants/E10/13-archives/E10-grandchallenge-MATHSOLVE-2fd9fd643bf3e9e98d121dc2e7af1cf1be411ae2.zip,MATHSOLVE-2fd9fd643bf3e9e98d121dc2e7af1cf1be411ae2/handoffs/OPENMATH-2026/launch/README.md,,d6b8e521,Filename/path inference; editable in the app
348390,handoffs/OPENMATH-2026/launch/README.md,General / shared,1952,Latest public revision collected separately; not an author-designated final | adcfa0537f43327f4bb9acfe1692f757fce353c4,https://codeload.github.com/grandchallenge/MATHSOLVE/zip/adcfa0537f43327f4bb9acfe1692f757fce353c4,,contestants/E10/13-archives/E10-grandchallenge-MATHSOLVE-adcfa0537f43327f4bb9acfe1692f757fce353c4.zip,MATHSOLVE-adcfa0537f43327f4bb9acfe1692f757fce353c4/handoffs/OPENMATH-2026/launch/README.md,,62c066fa,Filename/path inference; editable in the app
345307,handoffs/PNP-001/README.md,General / shared,4756,Pinned collected revision; final designation governed by team receipt | 2fd9fd643bf3e9e98d121dc2e7af1cf1be411ae2,https://codeload.github.com/grandchallenge/MATHSOLVE/zip/2fd9fd643bf3e9e98d121dc2e7af1cf1be411ae2,,contestants/E10/13-archives/E10-grandchallenge-MATHSOLVE-2fd9fd643bf3e9e98d121dc2e7af1cf1be411ae2.zip,MATHSOLVE-2fd9fd643bf3e9e98d121dc2e7af1cf1be411ae2/handoffs/PNP-001/README.md,,e472938c,Filename/path inference; editable in the app
348391,handoffs/PNP-001/README.md,General / shared,4756,Latest public revision collected separately; not an author-designated final | adcfa0537f43327f4bb9acfe1692f757fce353c4,https://codeload.github.com/grandchallenge/MATHSOLVE/zip/adcfa0537f43327f4bb9acfe1692f757fce353c4,,contestants/E10/13-archives/E10-grandchallenge-MATHSOLVE-adcfa0537f43327f4bb9acfe1692f757fce353c4.zip,MATHSOLVE-adcfa0537f43327f4bb9acfe1692f757fce353c4/handoffs/PNP-001/README.md,,e472938c,Filename/path inference; editable in the app
345308,handoffs/RH-001/README.md,General / shared,19675,Pinned collected revision; final designation governed by team receipt | 2fd9fd643bf3e9e98d121dc2e7af1cf1be411ae2,https://codeload.github.com/grandchallenge/MATHSOLVE/zip/2fd9fd643bf3e9e98d121dc2e7af1cf1be411ae2,,contestants/E10/13-archives/E10-grandchallenge-MATHSOLVE-2fd9fd643bf3e9e98d121dc2e7af1cf1be411ae2.zip,MATHSOLVE-2fd9fd643bf3e9e98d121dc2e7af1cf1be411ae2/handoffs/RH-001/README.md,,7b0e345d,Filename/path inference; editable in the app
348392,handoffs/RH-001/README.md,General / shared,30927,Latest public revision collected separately; not an author-designated final | adcfa0537f43327f4bb9acfe1692f757fce353c4,https://codeload.github.com/grandchallenge/MATHSOLVE/zip/adcfa0537f43327f4bb9acfe1692f757fce353c4,,contestants/E10/13-archives/E10-grandchallenge-MATHSOLVE-adcfa0537f43327f4bb9acfe1692f757fce353c4.zip,MATHSOLVE-adcfa0537f43327f4bb9acfe1692f757fce353c4/handoffs/RH-001/README.md,,028ddb19,Filename/path inference; editable in the app
345309,handoffs/RH-001/routes/README.md,General / shared,6924,Pinned collected revision; final designation governed by team receipt | 2fd9fd643bf3e9e98d121dc2e7af1cf1be411ae2,https://codeload.github.com/grandchallenge/MATHSOLVE/zip/2fd9fd643bf3e9e98d121dc2e7af1cf1be411ae2,,contestants/E10/13-archives/E10-grandchallenge-MATHSOLVE-2fd9fd643bf3e9e98d121dc2e7af1cf1be411ae2.zip,MATHSOLVE-2fd9fd643bf3e9e98d121dc2e7af1cf1be411ae2/handoffs/RH-001/routes/README.md,,11bb5b2b,Filename/path inference; editable in the app
348393,handoffs/RH-001/routes/README.md,General / shared,9142,Latest public revision collected separately; not an author-designated final | adcfa0537f43327f4bb9acfe1692f757fce353c4,https://codeload.github.com/grandchallenge/MATHSOLVE/zip/adcfa0537f43327f4bb9acfe1692f757fce353c4,,contestants/E10/13-archives/E10-grandchallenge-MATHSOLVE-adcfa0537f43327f4bb9acfe1692f757fce353c4.zip,MATHSOLVE-adcfa0537f43327f4bb9acfe1692f757fce353c4/handoffs/RH-001/routes/README.md,,ee2c4397,Filename/path inference; editable in the app
345310,handoffs/RH-001/routes/ROUTE_A_LOCAL_ANALYTIC_CONTINUATION.md,General / shared,9971,Pinned collected revision; final designation governed by team receipt | 2fd9fd643bf3e9e98d121dc2e7af1cf1be411ae2,https://codeload.github.com/grandchallenge/MATHSOLVE/zip/2fd9fd643bf3e9e98d121dc2e7af1cf1be411ae2,,contestants/E10/13-archives/E10-grandchallenge-MATHSOLVE-2fd9fd643bf3e9e98d121dc2e7af1cf1be411ae2.zip,MATHSOLVE-2fd9fd643bf3e9e98d121dc2e7af1cf1be411ae2/handoffs/RH-001/routes/ROUTE_A_LOCAL_ANALYTIC_CONTINUATION.md,,16c6bad5,Filename/path inference; editable in the app
348394,handoffs/RH-001/routes/ROUTE_A_LOCAL_ANALYTIC_CONTINUATION.md,General / shared,10418,Latest public revision collected separately; not an author-designated final | adcfa0537f43327f4bb9acfe1692f757fce353c4,https://codeload.github.com/grandchallenge/MATHSOLVE/zip/adcfa0537f43327f4bb9acfe1692f757fce353c4,,contestants/E10/13-archives/E10-grandchallenge-MATHSOLVE-adcfa0537f43327f4bb9acfe1692f757fce353c4.zip,MATHSOLVE-adcfa0537f43327f4bb9acfe1692f757fce353c4/handoffs/RH-001/routes/ROUTE_A_LOCAL_ANALYTIC_CONTINUATION.md,,aceb6519,Filename/path inference; editable in the app
345311,handoffs/RH-001/routes/ROUTE_B_HERGLOTZ_CONTINUATION.md,General / shared,9181,Pinned collected revision; final designation governed by team receipt | 2fd9fd643bf3e9e98d121dc2e7af1cf1be411ae2,https://codeload.github.com/grandchallenge/MATHSOLVE/zip/2fd9fd643bf3e9e98d121dc2e7af1cf1be411ae2,,contestants/E10/13-archives/E10-grandchallenge-MATHSOLVE-2fd9fd643bf3e9e98d121dc2e7af1cf1be411ae2.zip,MATHSOLVE-2fd9fd643bf3e9e98d121dc2e7af1cf1be411ae2/handoffs/RH-001/routes/ROUTE_B_HERGLOTZ_CONTINUATION.md,,ccd0db07,Filename/path inference; editable in the app
348395,handoffs/RH-001/routes/ROUTE_B_HERGLOTZ_CONTINUATION.md,General / shared,10901,Latest public revision collected separately; not an author-designated final | adcfa0537f43327f4bb9acfe1692f757fce353c4,https://codeload.github.com/grandchallenge/MATHSOLVE/zip/adcfa0537f43327f4bb9acfe1692f757fce353c4,,contestants/E10/13-archives/E10-grandchallenge-MATHSOLVE-adcfa0537f43327f4bb9acfe1692f757fce353c4.zip,MATHSOLVE-adcfa0537f43327f4bb9acfe1692f757fce353c4/handoffs/RH-001/routes/ROUTE_B_HERGLOTZ_CONTINUATION.md,,10726dea,Filename/path inference; editable in the app
345312,handoffs/RH-001/routes/ROUTE_C_DETERMINANT_CONVERGENCE.md,General / shared,12093,Pinned collected revision; final designation governed by team receipt | 2fd9fd643bf3e9e98d121dc2e7af1cf1be411ae2,https://codeload.github.com/grandchallenge/MATHSOLVE/zip/2fd9fd643bf3e9e98d121dc2e7af1cf1be411ae2,,contestants/E10/13-archives/E10-grandchallenge-MATHSOLVE-2fd9fd643bf3e9e98d121dc2e7af1cf1be411ae2.zip,MATHSOLVE-2fd9fd643bf3e9e98d121dc2e7af1cf1be411ae2/handoffs/RH-001/routes/ROUTE_C_DETERMINANT_CONVERGENCE.md,,3db62ee8,Filename/path inference; editable in the app
348396,handoffs/RH-001/routes/ROUTE_C_DETERMINANT_CONVERGENCE.md,General / shared,17839,Latest public revision collected separately; not an author-designated final | adcfa0537f43327f4bb9acfe1692f757fce353c4,https://codeload.github.com/grandchallenge/MATHSOLVE/zip/adcfa0537f43327f4bb9acfe1692f757fce353c4,,contestants/E10/13-archives/E10-grandchallenge-MATHSOLVE-adcfa0537f43327f4bb9acfe1692f757fce353c4.zip,MATHSOLVE-adcfa0537f43327f4bb9acfe1692f757fce353c4/handoffs/RH-001/routes/ROUTE_C_DETERMINANT_CONVERGENCE.md,,75096e4f,Filename/path inference; editable in the app
345316,handoffs/UC-001/README.md,General / shared,3823,Pinned collected revision; final designation governed by team receipt | 2fd9fd643bf3e9e98d121dc2e7af1cf1be411ae2,https://codeload.github.com/grandchallenge/MATHSOLVE/zip/2fd9fd643bf3e9e98d121dc2e7af1cf1be411ae2,,contestants/E10/13-archives/E10-grandchallenge-MATHSOLVE-2fd9fd643bf3e9e98d121dc2e7af1cf1be411ae2.zip,MATHSOLVE-2fd9fd643bf3e9e98d121dc2e7af1cf1be411ae2/handoffs/UC-001/README.md,,d26c8515,Filename/path inference; editable in the app
348400,handoffs/UC-001/README.md,General / shared,4976,Latest public revision collected separately; not an author-designated final | adcfa0537f43327f4bb9acfe1692f757fce353c4,https://codeload.github.com/grandchallenge/MATHSOLVE/zip/adcfa0537f43327f4bb9acfe1692f757fce353c4,,contestants/E10/13-archives/E10-grandchallenge-MATHSOLVE-adcfa0537f43327f4bb9acfe1692f757fce353c4.zip,MATHSOLVE-adcfa0537f43327f4bb9acfe1692f757fce353c4/handoffs/UC-001/README.md,,977b80df,Filename/path inference; editable in the app
348402,handoffs/UC-001/jobs/UC-WP08-D004-WP01-IA-001.md,General / shared,4279,Latest public revision collected separately; not an author-designated final | adcfa0537f43327f4bb9acfe1692f757fce353c4,https://codeload.github.com/grandchallenge/MATHSOLVE/zip/adcfa0537f43327f4bb9acfe1692f757fce353c4,,contestants/E10/13-archives/E10-grandchallenge-MATHSOLVE-adcfa0537f43327f4bb9acfe1692f757fce353c4.zip,MATHSOLVE-adcfa0537f43327f4bb9acfe1692f757fce353c4/handoffs/UC-001/jobs/UC-WP08-D004-WP01-IA-001.md,,dea2e548,Filename/path inference; editable in the app
348403,handoffs/UC-001/jobs/UC-WP08-D004-WP02-IA-001.md,General / shared,4238,Latest public revision collected separately; not an author-designated final | adcfa0537f43327f4bb9acfe1692f757fce353c4,https://codeload.github.com/grandchallenge/MATHSOLVE/zip/adcfa0537f43327f4bb9acfe1692f757fce353c4,,contestants/E10/13-archives/E10-grandchallenge-MATHSOLVE-adcfa0537f43327f4bb9acfe1692f757fce353c4.zip,MATHSOLVE-adcfa0537f43327f4bb9acfe1692f757fce353c4/handoffs/UC-001/jobs/UC-WP08-D004-WP02-IA-001.md,,1ffcea86,Filename/path inference; editable in the app
348404,handoffs/UC-001/jobs/UC-WP08-D004-WP03-IA-001.md,General / shared,4215,Latest public revision collected separately; not an author-designated final | adcfa0537f43327f4bb9acfe1692f757fce353c4,https://codeload.github.com/grandchallenge/MATHSOLVE/zip/adcfa0537f43327f4bb9acfe1692f757fce353c4,,contestants/E10/13-archives/E10-grandchallenge-MATHSOLVE-adcfa0537f43327f4bb9acfe1692f757fce353c4.zip,MATHSOLVE-adcfa0537f43327f4bb9acfe1692f757fce353c4/handoffs/UC-001/jobs/UC-WP08-D004-WP03-IA-001.md,,ef84841d,Filename/path inference; editable in the app
348405,handoffs/UC-001/jobs/UC-WP08-D004-WP04-IA-001.md,General / shared,4457,Latest public revision collected separately; not an author-designated final | adcfa0537f43327f4bb9acfe1692f757fce353c4,https://codeload.github.com/grandchallenge/MATHSOLVE/zip/adcfa0537f43327f4bb9acfe1692f757fce353c4,,contestants/E10/13-archives/E10-grandchallenge-MATHSOLVE-adcfa0537f43327f4bb9acfe1692f757fce353c4.zip,MATHSOLVE-adcfa0537f43327f4bb9acfe1692f757fce353c4/handoffs/UC-001/jobs/UC-WP08-D004-WP04-IA-001.md,,cb92ca94,Filename/path inference; editable in the app
348406,handoffs/UC-001/jobs/UC-WP08-D004-WP05-IA-001.md,General / shared,4469,Latest public revision collected separately; not an author-designated final | adcfa0537f43327f4bb9acfe1692f757fce353c4,https://codeload.github.com/grandchallenge/MATHSOLVE/zip/adcfa0537f43327f4bb9acfe1692f757fce353c4,,contestants/E10/13-archives/E10-grandchallenge-MATHSOLVE-adcfa0537f43327f4bb9acfe1692f757fce353c4.zip,MATHSOLVE-adcfa0537f43327f4bb9acfe1692f757fce353c4/handoffs/UC-001/jobs/UC-WP08-D004-WP05-IA-001.md,,6dfed0c5,Filename/path inference; editable in the app
348407,handoffs/UC-001/launch/UC-WP08-D004-WP01-IA-001.md,General / shared,5097,Latest public revision collected separately; not an author-designated final | adcfa0537f43327f4bb9acfe1692f757fce353c4,https://codeload.github.com/grandchallenge/MATHSOLVE/zip/adcfa0537f43327f4bb9acfe1692f757fce353c4,,contestants/E10/13-archives/E10-grandchallenge-MATHSOLVE-adcfa0537f43327f4bb9acfe1692f757fce353c4.zip,MATHSOLVE-adcfa0537f43327f4bb9acfe1692f757fce353c4/handoffs/UC-001/launch/UC-WP08-D004-WP01-IA-001.md,,602ccedc,Filename/path inference; editable in the app
348408,handoffs/UC-001/launch/UC-WP08-D004-WP02-IA-001.md,General / shared,5056,Latest public revision collected separately; not an author-designated final | adcfa0537f43327f4bb9acfe1692f757fce353c4,https://codeload.github.com/grandchallenge/MATHSOLVE/zip/adcfa0537f43327f4bb9acfe1692f757fce353c4,,contestants/E10/13-archives/E10-grandchallenge-MATHSOLVE-adcfa0537f43327f4bb9acfe1692f757fce353c4.zip,MATHSOLVE-adcfa0537f43327f4bb9acfe1692f757fce353c4/handoffs/UC-001/launch/UC-WP08-D004-WP02-IA-001.md,,01a1a8e0,Filename/path inference; editable in the app
348409,handoffs/UC-001/launch/UC-WP08-D004-WP03-IA-001.md,General / shared,5033,Latest public revision collected separately; not an author-designated final | adcfa0537f43327f4bb9acfe1692f757fce353c4,https://codeload.github.com/grandchallenge/MATHSOLVE/zip/adcfa0537f43327f4bb9acfe1692f757fce353c4,,contestants/E10/13-archives/E10-grandchallenge-MATHSOLVE-adcfa0537f43327f4bb9acfe1692f757fce353c4.zip,MATHSOLVE-adcfa0537f43327f4bb9acfe1692f757fce353c4/handoffs/UC-001/launch/UC-WP08-D004-WP03-IA-001.md,,bc6c0a2b,Filename/path inference; editable in the app
348410,handoffs/UC-001/launch/UC-WP08-D004-WP04-IA-001.md,General / shared,5275,Latest public revision collected separately; not an author-designated final | adcfa0537f43327f4bb9acfe1692f757fce353c4,https://codeload.github.com/grandchallenge/MATHSOLVE/zip/adcfa0537f43327f4bb9acfe1692f757fce353c4,,contestants/E10/13-archives/E10-grandchallenge-MATHSOLVE-adcfa0537f43327f4bb9acfe1692f757fce353c4.zip,MATHSOLVE-adcfa0537f43327f4bb9acfe1692f757fce353c4/handoffs/UC-001/launch/UC-WP08-D004-WP04-IA-001.md,,59e1a1ac,Filename/path inference; editable in the app
348411,handoffs/UC-001/launch/UC-WP08-D004-WP05-IA-001.md,General / shared,5288,Latest public revision collected separately; not an author-designated final | adcfa0537f43327f4bb9acfe1692f757fce353c4,https://codeload.github.com/grandchallenge/MATHSOLVE/zip/adcfa0537f43327f4bb9acfe1692f757fce353c4,,contestants/E10/13-archives/E10-grandchallenge-MATHSOLVE-adcfa0537f43327f4bb9acfe1692f757fce353c4.zip,MATHSOLVE-adcfa0537f43327f4bb9acfe1692f757fce353c4/handoffs/UC-001/launch/UC-WP08-D004-WP05-IA-001.md,,65e2ca49,Filename/path inference; editable in the app
345318,handoffs/YM-001/README.md,General / shared,17262,Pinned collected revision; final designation governed by team receipt | 2fd9fd643bf3e9e98d121dc2e7af1cf1be411ae2,https://codeload.github.com/grandchallenge/MATHSOLVE/zip/2fd9fd643bf3e9e98d121dc2e7af1cf1be411ae2,,contestants/E10/13-archives/E10-grandchallenge-MATHSOLVE-2fd9fd643bf3e9e98d121dc2e7af1cf1be411ae2.zip,MATHSOLVE-2fd9fd643bf3e9e98d121dc2e7af1cf1be411ae2/handoffs/YM-001/README.md,,203e3f29,Filename/path inference; editable in the app
348412,handoffs/YM-001/README.md,General / shared,18808,Latest public revision collected separately; not an author-designated final | adcfa0537f43327f4bb9acfe1692f757fce353c4,https://codeload.github.com/grandchallenge/MATHSOLVE/zip/adcfa0537f43327f4bb9acfe1692f757fce353c4,,contestants/E10/13-archives/E10-grandchallenge-MATHSOLVE-adcfa0537f43327f4bb9acfe1692f757fce353c4.zip,MATHSOLVE-adcfa0537f43327f4bb9acfe1692f757fce353c4/handoffs/YM-001/README.md,,88b33d1c,Filename/path inference; editable in the app
348413,handoffs/YM-001/mrs-r002/YM-D003-MRS-R002-WP-A.md,General / shared,5111,Latest public revision collected separately; not an author-designated final | adcfa0537f43327f4bb9acfe1692f757fce353c4,https://codeload.github.com/grandchallenge/MATHSOLVE/zip/adcfa0537f43327f4bb9acfe1692f757fce353c4,,contestants/E10/13-archives/E10-grandchallenge-MATHSOLVE-adcfa0537f43327f4bb9acfe1692f757fce353c4.zip,MATHSOLVE-adcfa0537f43327f4bb9acfe1692f757fce353c4/handoffs/YM-001/mrs-r002/YM-D003-MRS-R002-WP-A.md,,6308317b,Filename/path inference; editable in the app
348414,handoffs/YM-001/mrs-r002/YM-D003-MRS-R002-WP-B.md,General / shared,4226,Latest public revision collected separately; not an author-designated final | adcfa0537f43327f4bb9acfe1692f757fce353c4,https://codeload.github.com/grandchallenge/MATHSOLVE/zip/adcfa0537f43327f4bb9acfe1692f757fce353c4,,contestants/E10/13-archives/E10-grandchallenge-MATHSOLVE-adcfa0537f43327f4bb9acfe1692f757fce353c4.zip,MATHSOLVE-adcfa0537f43327f4bb9acfe1692f757fce353c4/handoffs/YM-001/mrs-r002/YM-D003-MRS-R002-WP-B.md,,34a41b81,Filename/path inference; editable in the app
348415,handoffs/YM-001/mrs-r002/YM-D003-MRS-R002-WP-C.md,General / shared,4160,Latest public revision collected separately; not an author-designated final | adcfa0537f43327f4bb9acfe1692f757fce353c4,https://codeload.github.com/grandchallenge/MATHSOLVE/zip/adcfa0537f43327f4bb9acfe1692f757fce353c4,,contestants/E10/13-archives/E10-grandchallenge-MATHSOLVE-adcfa0537f43327f4bb9acfe1692f757fce353c4.zip,MATHSOLVE-adcfa0537f43327f4bb9acfe1692f757fce353c4/handoffs/YM-001/mrs-r002/YM-D003-MRS-R002-WP-C.md,,e0189393,Filename/path inference; editable in the app
345323,reviews/MS-GOV-WP00-POSTMERGE-REVIEW.md,General / shared,3836,Pinned collected revision; final designation governed by team receipt | 2fd9fd643bf3e9e98d121dc2e7af1cf1be411ae2,https://codeload.github.com/grandchallenge/MATHSOLVE/zip/2fd9fd643bf3e9e98d121dc2e7af1cf1be411ae2,,contestants/E10/13-archives/E10-grandchallenge-MATHSOLVE-2fd9fd643bf3e9e98d121dc2e7af1cf1be411ae2.zip,MATHSOLVE-2fd9fd643bf3e9e98d121dc2e7af1cf1be411ae2/reviews/MS-GOV-WP00-POSTMERGE-REVIEW.md,,fef30892,Filename/path inference; editable in the app
348420,reviews/MS-GOV-WP00-POSTMERGE-REVIEW.md,General / shared,3836,Latest public revision collected separately; not an author-designated final | adcfa0537f43327f4bb9acfe1692f757fce353c4,https://codeload.github.com/grandchallenge/MATHSOLVE/zip/adcfa0537f43327f4bb9acfe1692f757fce353c4,,contestants/E10/13-archives/E10-grandchallenge-MATHSOLVE-adcfa0537f43327f4bb9acfe1692f757fce353c4.zip,MATHSOLVE-adcfa0537f43327f4bb9acfe1692f757fce353c4/reviews/MS-GOV-WP00-POSTMERGE-REVIEW.md,,fef30892,Filename/path inference; editable in the app
345361,standards/GRAND_CHALLENGE_PEDAGOGY_STANDARD.md,General / shared,2428,Pinned collected revision; final designation governed by team receipt | 2fd9fd643bf3e9e98d121dc2e7af1cf1be411ae2,https://codeload.github.com/grandchallenge/MATHSOLVE/zip/2fd9fd643bf3e9e98d121dc2e7af1cf1be411ae2,,contestants/E10/13-archives/E10-grandchallenge-MATHSOLVE-2fd9fd643bf3e9e98d121dc2e7af1cf1be411ae2.zip,MATHSOLVE-2fd9fd643bf3e9e98d121dc2e7af1cf1be411ae2/standards/GRAND_CHALLENGE_PEDAGOGY_STANDARD.md,,c5ac19c8,Filename/path inference; editable in the app
348465,standards/GRAND_CHALLENGE_PEDAGOGY_STANDARD.md,General / shared,2428,Latest public revision collected separately; not an author-designated final | adcfa0537f43327f4bb9acfe1692f757fce353c4,https://codeload.github.com/grandchallenge/MATHSOLVE/zip/adcfa0537f43327f4bb9acfe1692f757fce353c4,,contestants/E10/13-archives/E10-grandchallenge-MATHSOLVE-adcfa0537f43327f4bb9acfe1692f757fce353c4.zip,MATHSOLVE-adcfa0537f43327f4bb9acfe1692f757fce353c4/standards/GRAND_CHALLENGE_PEDAGOGY_STANDARD.md,,c5ac19c8,Filename/path inference; editable in the app
345362,standards/GRAND_CHALLENGE_WORK_PACKAGE_STANDARD.md,General / shared,7633,Pinned collected revision; final designation governed by team receipt | 2fd9fd643bf3e9e98d121dc2e7af1cf1be411ae2,https://codeload.github.com/grandchallenge/MATHSOLVE/zip/2fd9fd643bf3e9e98d121dc2e7af1cf1be411ae2,,contestants/E10/13-archives/E10-grandchallenge-MATHSOLVE-2fd9fd643bf3e9e98d121dc2e7af1cf1be411ae2.zip,MATHSOLVE-2fd9fd643bf3e9e98d121dc2e7af1cf1be411ae2/standards/GRAND_CHALLENGE_WORK_PACKAGE_STANDARD.md,,034d5675,Filename/path inference; editable in the app
348466,standards/GRAND_CHALLENGE_WORK_PACKAGE_STANDARD.md,General / shared,7633,Latest public revision collected separately; not an author-designated final | adcfa0537f43327f4bb9acfe1692f757fce353c4,https://codeload.github.com/grandchallenge/MATHSOLVE/zip/adcfa0537f43327f4bb9acfe1692f757fce353c4,,contestants/E10/13-archives/E10-grandchallenge-MATHSOLVE-adcfa0537f43327f4bb9acfe1692f757fce353c4.zip,MATHSOLVE-adcfa0537f43327f4bb9acfe1692f757fce353c4/standards/GRAND_CHALLENGE_WORK_PACKAGE_STANDARD.md,,034d5675,Filename/path inference; editable in the app
345366,templates/cert_handoff_template.md,General / shared,297,Pinned collected revision; final designation governed by team receipt | 2fd9fd643bf3e9e98d121dc2e7af1cf1be411ae2,https://codeload.github.com/grandchallenge/MATHSOLVE/zip/2fd9fd643bf3e9e98d121dc2e7af1cf1be411ae2,,contestants/E10/13-archives/E10-grandchallenge-MATHSOLVE-2fd9fd643bf3e9e98d121dc2e7af1cf1be411ae2.zip,MATHSOLVE-2fd9fd643bf3e9e98d121dc2e7af1cf1be411ae2/templates/cert_handoff_template.md,,ec402716,Filename/path inference; editable in the app
348470,templates/cert_handoff_template.md,General / shared,297,Latest public revision collected separately; not an author-designated final | adcfa0537f43327f4bb9acfe1692f757fce353c4,https://codeload.github.com/grandchallenge/MATHSOLVE/zip/adcfa0537f43327f4bb9acfe1692f757fce353c4,,contestants/E10/13-archives/E10-grandchallenge-MATHSOLVE-adcfa0537f43327f4bb9acfe1692f757fce353c4.zip,MATHSOLVE-adcfa0537f43327f4bb9acfe1692f757fce353c4/templates/cert_handoff_template.md,,ec402716,Filename/path inference; editable in the app
345371,templates/work_package_template.md,General / shared,2433,Pinned collected revision; final designation governed by team receipt | 2fd9fd643bf3e9e98d121dc2e7af1cf1be411ae2,https://codeload.github.com/grandchallenge/MATHSOLVE/zip/2fd9fd643bf3e9e98d121dc2e7af1cf1be411ae2,,contestants/E10/13-archives/E10-grandchallenge-MATHSOLVE-2fd9fd643bf3e9e98d121dc2e7af1cf1be411ae2.zip,MATHSOLVE-2fd9fd643bf3e9e98d121dc2e7af1cf1be411ae2/templates/work_package_template.md,,62b235ce,Filename/path inference; editable in the app
348475,templates/work_package_template.md,General / shared,2433,Latest public revision collected separately; not an author-designated final | adcfa0537f43327f4bb9acfe1692f757fce353c4,https://codeload.github.com/grandchallenge/MATHSOLVE/zip/adcfa0537f43327f4bb9acfe1692f757fce353c4,,contestants/E10/13-archives/E10-grandchallenge-MATHSOLVE-adcfa0537f43327f4bb9acfe1692f757fce353c4.zip,MATHSOLVE-adcfa0537f43327f4bb9acfe1692f757fce353c4/templates/work_package_template.md,,62b235ce,Filename/path inference; editable in the app
345372,tests/fixtures/external_catalog_promotion/README.md,General / shared,457,Pinned collected revision; final designation governed by team receipt | 2fd9fd643bf3e9e98d121dc2e7af1cf1be411ae2,https://codeload.github.com/grandchallenge/MATHSOLVE/zip/2fd9fd643bf3e9e98d121dc2e7af1cf1be411ae2,,contestants/E10/13-archives/E10-grandchallenge-MATHSOLVE-2fd9fd643bf3e9e98d121dc2e7af1cf1be411ae2.zip,MATHSOLVE-2fd9fd643bf3e9e98d121dc2e7af1cf1be411ae2/tests/fixtures/external_catalog_promotion/README.md,,0163185a,Filename/path inference; editable in the app
348476,tests/fixtures/external_catalog_promotion/README.md,General / shared,457,Latest public revision collected separately; not an author-designated final | adcfa0537f43327f4bb9acfe1692f757fce353c4,https://codeload.github.com/grandchallenge/MATHSOLVE/zip/adcfa0537f43327f4bb9acfe1692f757fce353c4,,contestants/E10/13-archives/E10-grandchallenge-MATHSOLVE-adcfa0537f43327f4bb9acfe1692f757fce353c4.zip,MATHSOLVE-adcfa0537f43327f4bb9acfe1692f757fce353c4/tests/fixtures/external_catalog_promotion/README.md,,0163185a,Filename/path inference; editable in the app
345382,tests/fixtures/external_catalog_promotion/solve/work_packages/CANARY/failure_and_negative_results.md,General / shared,264,Pinned collected revision; final designation governed by team receipt | 2fd9fd643bf3e9e98d121dc2e7af1cf1be411ae2,https://codeload.github.com/grandchallenge/MATHSOLVE/zip/2fd9fd643bf3e9e98d121dc2e7af1cf1be411ae2,,contestants/E10/13-archives/E10-grandchallenge-MATHSOLVE-2fd9fd643bf3e9e98d121dc2e7af1cf1be411ae2.zip,MATHSOLVE-2fd9fd643bf3e9e98d121dc2e7af1cf1be411ae2/tests/fixtures/external_catalog_promotion/solve/work_packages/CANARY/failure_and_negative_results.md,,02734a31,Filename/path inference; editable in the app
348486,tests/fixtures/external_catalog_promotion/solve/work_packages/CANARY/failure_and_negative_results.md,General / shared,264,Latest public revision collected separately; not an author-designated final | adcfa0537f43327f4bb9acfe1692f757fce353c4,https://codeload.github.com/grandchallenge/MATHSOLVE/zip/adcfa0537f43327f4bb9acfe1692f757fce353c4,,contestants/E10/13-archives/E10-grandchallenge-MATHSOLVE-adcfa0537f43327f4bb9acfe1692f757fce353c4.zip,MATHSOLVE-adcfa0537f43327f4bb9acfe1692f757fce353c4/tests/fixtures/external_catalog_promotion/solve/work_packages/CANARY/failure_and_negative_results.md,,02734a31,Filename/path inference; editable in the app
345384,tests/fixtures/external_catalog_promotion/solve/work_packages/CANARY/lay_companion.md,General / shared,239,Pinned collected revision; final designation governed by team receipt | 2fd9fd643bf3e9e98d121dc2e7af1cf1be411ae2,https://codeload.github.com/grandchallenge/MATHSOLVE/zip/2fd9fd643bf3e9e98d121dc2e7af1cf1be411ae2,,contestants/E10/13-archives/E10-grandchallenge-MATHSOLVE-2fd9fd643bf3e9e98d121dc2e7af1cf1be411ae2.zip,MATHSOLVE-2fd9fd643bf3e9e98d121dc2e7af1cf1be411ae2/tests/fixtures/external_catalog_promotion/solve/work_packages/CANARY/lay_companion.md,,662412bc,Filename/path inference; editable in the app
348488,tests/fixtures/external_catalog_promotion/solve/work_packages/CANARY/lay_companion.md,General / shared,239,Latest public revision collected separately; not an author-designated final | adcfa0537f43327f4bb9acfe1692f757fce353c4,https://codeload.github.com/grandchallenge/MATHSOLVE/zip/adcfa0537f43327f4bb9acfe1692f757fce353c4,,contestants/E10/13-archives/E10-grandchallenge-MATHSOLVE-adcfa0537f43327f4bb9acfe1692f757fce353c4.zip,MATHSOLVE-adcfa0537f43327f4bb9acfe1692f757fce353c4/tests/fixtures/external_catalog_promotion/solve/work_packages/CANARY/lay_companion.md,,662412bc,Filename/path inference; editable in the app
345385,tests/fixtures/external_catalog_promotion/solve/work_packages/CANARY/next_executable_step.md,General / shared,414,Pinned collected revision; final designation governed by team receipt | 2fd9fd643bf3e9e98d121dc2e7af1cf1be411ae2,https://codeload.github.com/grandchallenge/MATHSOLVE/zip/2fd9fd643bf3e9e98d121dc2e7af1cf1be411ae2,,contestants/E10/13-archives/E10-grandchallenge-MATHSOLVE-2fd9fd643bf3e9e98d121dc2e7af1cf1be411ae2.zip,MATHSOLVE-2fd9fd643bf3e9e98d121dc2e7af1cf1be411ae2/tests/fixtures/external_catalog_promotion/solve/work_packages/CANARY/next_executable_step.md,,d2668b5e,Filename/path inference; editable in the app
348489,tests/fixtures/external_catalog_promotion/solve/work_packages/CANARY/next_executable_step.md,General / shared,414,Latest public revision collected separately; not an author-designated final | adcfa0537f43327f4bb9acfe1692f757fce353c4,https://codeload.github.com/grandchallenge/MATHSOLVE/zip/adcfa0537f43327f4bb9acfe1692f757fce353c4,,contestants/E10/13-archives/E10-grandchallenge-MATHSOLVE-adcfa0537f43327f4bb9acfe1692f757fce353c4.zip,MATHSOLVE-adcfa0537f43327f4bb9acfe1692f757fce353c4/tests/fixtures/external_catalog_promotion/solve/work_packages/CANARY/next_executable_step.md,,d2668b5e,Filename/path inference; editable in the app
345386,tests/fixtures/external_catalog_promotion/solve/work_packages/CANARY/object_and_obstruction.md,General / shared,266,Pinned collected revision; final designation governed by team receipt | 2fd9fd643bf3e9e98d121dc2e7af1cf1be411ae2,https://codeload.github.com/grandchallenge/MATHSOLVE/zip/2fd9fd643bf3e9e98d121dc2e7af1cf1be411ae2,,contestants/E10/13-archives/E10-grandchallenge-MATHSOLVE-2fd9fd643bf3e9e98d121dc2e7af1cf1be411ae2.zip,MATHSOLVE-2fd9fd643bf3e9e98d121dc2e7af1cf1be411ae2/tests/fixtures/external_catalog_promotion/solve/work_packages/CANARY/object_and_obstruction.md,,7bbae7e1,Filename/path inference; editable in the app
348490,tests/fixtures/external_catalog_promotion/solve/work_packages/CANARY/object_and_obstruction.md,General / shared,266,Latest public revision collected separately; not an author-designated final | adcfa0537f43327f4bb9acfe1692f757fce353c4,https://codeload.github.com/grandchallenge/MATHSOLVE/zip/adcfa0537f43327f4bb9acfe1692f757fce353c4,,contestants/E10/13-archives/E10-grandchallenge-MATHSOLVE-adcfa0537f43327f4bb9acfe1692f757fce353c4.zip,MATHSOLVE-adcfa0537f43327f4bb9acfe1692f757fce353c4/tests/fixtures/external_catalog_promotion/solve/work_packages/CANARY/object_and_obstruction.md,,7bbae7e1,Filename/path inference; editable in the app
345388,tests/fixtures/external_catalog_promotion/solve/work_packages/CANARY/proofs_and_computations.md,General / shared,222,Pinned collected revision; final designation governed by team receipt | 2fd9fd643bf3e9e98d121dc2e7af1cf1be411ae2,https://codeload.github.com/grandchallenge/MATHSOLVE/zip/2fd9fd643bf3e9e98d121dc2e7af1cf1be411ae2,,contestants/E10/13-archives/E10-grandchallenge-MATHSOLVE-2fd9fd643bf3e9e98d121dc2e7af1cf1be411ae2.zip,MATHSOLVE-2fd9fd643bf3e9e98d121dc2e7af1cf1be411ae2/tests/fixtures/external_catalog_promotion/solve/work_packages/CANARY/proofs_and_computations.md,,527f0767,Filename/path inference; editable in the app
348492,tests/fixtures/external_catalog_promotion/solve/work_packages/CANARY/proofs_and_computations.md,General / shared,222,Latest public revision collected separately; not an author-designated final | adcfa0537f43327f4bb9acfe1692f757fce353c4,https://codeload.github.com/grandchallenge/MATHSOLVE/zip/adcfa0537f43327f4bb9acfe1692f757fce353c4,,contestants/E10/13-archives/E10-grandchallenge-MATHSOLVE-adcfa0537f43327f4bb9acfe1692f757fce353c4.zip,MATHSOLVE-adcfa0537f43327f4bb9acfe1692f757fce353c4/tests/fixtures/external_catalog_promotion/solve/work_packages/CANARY/proofs_and_computations.md,,527f0767,Filename/path inference; editable in the app
345389,tests/fixtures/external_catalog_promotion/solve/work_packages/CANARY/replay.md,General / shared,213,Pinned collected revision; final designation governed by team receipt | 2fd9fd643bf3e9e98d121dc2e7af1cf1be411ae2,https://codeload.github.com/grandchallenge/MATHSOLVE/zip/2fd9fd643bf3e9e98d121dc2e7af1cf1be411ae2,,contestants/E10/13-archives/E10-grandchallenge-MATHSOLVE-2fd9fd643bf3e9e98d121dc2e7af1cf1be411ae2.zip,MATHSOLVE-2fd9fd643bf3e9e98d121dc2e7af1cf1be411ae2/tests/fixtures/external_catalog_promotion/solve/work_packages/CANARY/replay.md,,f1b05c61,Filename/path inference; editable in the app
348493,tests/fixtures/external_catalog_promotion/solve/work_packages/CANARY/replay.md,General / shared,213,Latest public revision collected separately; not an author-designated final | adcfa0537f43327f4bb9acfe1692f757fce353c4,https://codeload.github.com/grandchallenge/MATHSOLVE/zip/adcfa0537f43327f4bb9acfe1692f757fce353c4,,contestants/E10/13-archives/E10-grandchallenge-MATHSOLVE-adcfa0537f43327f4bb9acfe1692f757fce353c4.zip,MATHSOLVE-adcfa0537f43327f4bb9acfe1692f757fce353c4/tests/fixtures/external_catalog_promotion/solve/work_packages/CANARY/replay.md,,f1b05c61,Filename/path inference; editable in the app
345390,tests/fixtures/external_catalog_promotion/solve/work_packages/CANARY/result_status.md,General / shared,1734,Pinned collected revision; final designation governed by team receipt | 2fd9fd643bf3e9e98d121dc2e7af1cf1be411ae2,https://codeload.github.com/grandchallenge/MATHSOLVE/zip/2fd9fd643bf3e9e98d121dc2e7af1cf1be411ae2,,contestants/E10/13-archives/E10-grandchallenge-MATHSOLVE-2fd9fd643bf3e9e98d121dc2e7af1cf1be411ae2.zip,MATHSOLVE-2fd9fd643bf3e9e98d121dc2e7af1cf1be411ae2/tests/fixtures/external_catalog_promotion/solve/work_packages/CANARY/result_status.md,,a082aad1,Filename/path inference; editable in the app
348494,tests/fixtures/external_catalog_promotion/solve/work_packages/CANARY/result_status.md,General / shared,1734,Latest public revision collected separately; not an author-designated final | adcfa0537f43327f4bb9acfe1692f757fce353c4,https://codeload.github.com/grandchallenge/MATHSOLVE/zip/adcfa0537f43327f4bb9acfe1692f757fce353c4,,contestants/E10/13-archives/E10-grandchallenge-MATHSOLVE-adcfa0537f43327f4bb9acfe1692f757fce353c4.zip,MATHSOLVE-adcfa0537f43327f4bb9acfe1692f757fce353c4/tests/fixtures/external_catalog_promotion/solve/work_packages/CANARY/result_status.md,,a082aad1,Filename/path inference; editable in the app
345391,tests/fixtures/external_catalog_promotion/solve/work_packages/CANARY/review.md,General / shared,259,Pinned collected revision; final designation governed by team receipt | 2fd9fd643bf3e9e98d121dc2e7af1cf1be411ae2,https://codeload.github.com/grandchallenge/MATHSOLVE/zip/2fd9fd643bf3e9e98d121dc2e7af1cf1be411ae2,,contestants/E10/13-archives/E10-grandchallenge-MATHSOLVE-2fd9fd643bf3e9e98d121dc2e7af1cf1be411ae2.zip,MATHSOLVE-2fd9fd643bf3e9e98d121dc2e7af1cf1be411ae2/tests/fixtures/external_catalog_promotion/solve/work_packages/CANARY/review.md,,2e0877ee,Filename/path inference; editable in the app
348495,tests/fixtures/external_catalog_promotion/solve/work_packages/CANARY/review.md,General / shared,259,Latest public revision collected separately; not an author-designated final | adcfa0537f43327f4bb9acfe1692f757fce353c4,https://codeload.github.com/grandchallenge/MATHSOLVE/zip/adcfa0537f43327f4bb9acfe1692f757fce353c4,,contestants/E10/13-archives/E10-grandchallenge-MATHSOLVE-adcfa0537f43327f4bb9acfe1692f757fce353c4.zip,MATHSOLVE-adcfa0537f43327f4bb9acfe1692f757fce353c4/tests/fixtures/external_catalog_promotion/solve/work_packages/CANARY/review.md,,2e0877ee,Filename/path inference; editable in the app
345473,work_packages/BSD_R2_A1_WP05_SOURCE_INTERFACE/00_README.md,General / shared,1718,Pinned collected revision; final designation governed by team receipt | 2fd9fd643bf3e9e98d121dc2e7af1cf1be411ae2,https://codeload.github.com/grandchallenge/MATHSOLVE/zip/2fd9fd643bf3e9e98d121dc2e7af1cf1be411ae2,,contestants/E10/13-archives/E10-grandchallenge-MATHSOLVE-2fd9fd643bf3e9e98d121dc2e7af1cf1be411ae2.zip,MATHSOLVE-2fd9fd643bf3e9e98d121dc2e7af1cf1be411ae2/work_packages/BSD_R2_A1_WP05_SOURCE_INTERFACE/00_README.md,,f8a40374,Filename/path inference; editable in the app
348579,work_packages/BSD_R2_A1_WP05_SOURCE_INTERFACE/00_README.md,General / shared,1718,Latest public revision collected separately; not an author-designated final | adcfa0537f43327f4bb9acfe1692f757fce353c4,https://codeload.github.com/grandchallenge/MATHSOLVE/zip/adcfa0537f43327f4bb9acfe1692f757fce353c4,,contestants/E10/13-archives/E10-grandchallenge-MATHSOLVE-adcfa0537f43327f4bb9acfe1692f757fce353c4.zip,MATHSOLVE-adcfa0537f43327f4bb9acfe1692f757fce353c4/work_packages/BSD_R2_A1_WP05_SOURCE_INTERFACE/00_README.md,,f8a40374,Filename/path inference; editable in the app
345474,work_packages/BSD_R2_A1_WP05_SOURCE_INTERFACE/01_LAY_COMPANION.md,General / shared,1622,Pinned collected revision; final designation governed by team receipt | 2fd9fd643bf3e9e98d121dc2e7af1cf1be411ae2,https://codeload.github.com/grandchallenge/MATHSOLVE/zip/2fd9fd643bf3e9e98d121dc2e7af1cf1be411ae2,,contestants/E10/13-archives/E10-grandchallenge-MATHSOLVE-2fd9fd643bf3e9e98d121dc2e7af1cf1be411ae2.zip,MATHSOLVE-2fd9fd643bf3e9e98d121dc2e7af1cf1be411ae2/work_packages/BSD_R2_A1_WP05_SOURCE_INTERFACE/01_LAY_COMPANION.md,,cd6f8426,Filename/path inference; editable in the app
348580,work_packages/BSD_R2_A1_WP05_SOURCE_INTERFACE/01_LAY_COMPANION.md,General / shared,1622,Latest public revision collected separately; not an author-designated final | adcfa0537f43327f4bb9acfe1692f757fce353c4,https://codeload.github.com/grandchallenge/MATHSOLVE/zip/adcfa0537f43327f4bb9acfe1692f757fce353c4,,contestants/E10/13-archives/E10-grandchallenge-MATHSOLVE-adcfa0537f43327f4bb9acfe1692f757fce353c4.zip,MATHSOLVE-adcfa0537f43327f4bb9acfe1692f757fce353c4/work_packages/BSD_R2_A1_WP05_SOURCE_INTERFACE/01_LAY_COMPANION.md,,cd6f8426,Filename/path inference; editable in the app
345475,work_packages/BSD_R2_A1_WP05_SOURCE_INTERFACE/02_PROBLEM_SPINE.md,General / shared,1947,Pinned collected revision; final designation governed by team receipt | 2fd9fd643bf3e9e98d121dc2e7af1cf1be411ae2,https://codeload.github.com/grandchallenge/MATHSOLVE/zip/2fd9fd643bf3e9e98d121dc2e7af1cf1be411ae2,,contestants/E10/13-archives/E10-grandchallenge-MATHSOLVE-2fd9fd643bf3e9e98d121dc2e7af1cf1be411ae2.zip,MATHSOLVE-2fd9fd643bf3e9e98d121dc2e7af1cf1be411ae2/work_packages/BSD_R2_A1_WP05_SOURCE_INTERFACE/02_PROBLEM_SPINE.md,,7a4d1795,Filename/path inference; editable in the app
348581,work_packages/BSD_R2_A1_WP05_SOURCE_INTERFACE/02_PROBLEM_SPINE.md,General / shared,1947,Latest public revision collected separately; not an author-designated final | adcfa0537f43327f4bb9acfe1692f757fce353c4,https://codeload.github.com/grandchallenge/MATHSOLVE/zip/adcfa0537f43327f4bb9acfe1692f757fce353c4,,contestants/E10/13-archives/E10-grandchallenge-MATHSOLVE-adcfa0537f43327f4bb9acfe1692f757fce353c4.zip,MATHSOLVE-adcfa0537f43327f4bb9acfe1692f757fce353c4/work_packages/BSD_R2_A1_WP05_SOURCE_INTERFACE/02_PROBLEM_SPINE.md,,7a4d1795,Filename/path inference; editable in the app
345477,work_packages/BSD_R2_A1_WP05_SOURCE_INTERFACE/04_THEOREM_SPINE.md,General / shared,2433,Pinned collected revision; final designation governed by team receipt | 2fd9fd643bf3e9e98d121dc2e7af1cf1be411ae2,https://codeload.github.com/grandchallenge/MATHSOLVE/zip/2fd9fd643bf3e9e98d121dc2e7af1cf1be411ae2,,contestants/E10/13-archives/E10-grandchallenge-MATHSOLVE-2fd9fd643bf3e9e98d121dc2e7af1cf1be411ae2.zip,MATHSOLVE-2fd9fd643bf3e9e98d121dc2e7af1cf1be411ae2/work_packages/BSD_R2_A1_WP05_SOURCE_INTERFACE/04_THEOREM_SPINE.md,,b50ba2e9,Filename/path inference; editable in the app
348583,work_packages/BSD_R2_A1_WP05_SOURCE_INTERFACE/04_THEOREM_SPINE.md,General / shared,2433,Latest public revision collected separately; not an author-designated final | adcfa0537f43327f4bb9acfe1692f757fce353c4,https://codeload.github.com/grandchallenge/MATHSOLVE/zip/adcfa0537f43327f4bb9acfe1692f757fce353c4,,contestants/E10/13-archives/E10-grandchallenge-MATHSOLVE-adcfa0537f43327f4bb9acfe1692f757fce353c4.zip,MATHSOLVE-adcfa0537f43327f4bb9acfe1692f757fce353c4/work_packages/BSD_R2_A1_WP05_SOURCE_INTERFACE/04_THEOREM_SPINE.md,,b50ba2e9,Filename/path inference; editable in the app
345478,work_packages/BSD_R2_A1_WP05_SOURCE_INTERFACE/05_PROOFS_AND_COMPUTATIONS.md,General / shared,2293,Pinned collected revision; final designation governed by team receipt | 2fd9fd643bf3e9e98d121dc2e7af1cf1be411ae2,https://codeload.github.com/grandchallenge/MATHSOLVE/zip/2fd9fd643bf3e9e98d121dc2e7af1cf1be411ae2,,contestants/E10/13-archives/E10-grandchallenge-MATHSOLVE-2fd9fd643bf3e9e98d121dc2e7af1cf1be411ae2.zip,MATHSOLVE-2fd9fd643bf3e9e98d121dc2e7af1cf1be411ae2/work_packages/BSD_R2_A1_WP05_SOURCE_INTERFACE/05_PROOFS_AND_COMPUTATIONS.md,,240b40bc,Filename/path inference; editable in the app
348584,work_packages/BSD_R2_A1_WP05_SOURCE_INTERFACE/05_PROOFS_AND_COMPUTATIONS.md,General / shared,2293,Latest public revision collected separately; not an author-designated final | adcfa0537f43327f4bb9acfe1692f757fce353c4,https://codeload.github.com/grandchallenge/MATHSOLVE/zip/adcfa0537f43327f4bb9acfe1692f757fce353c4,,contestants/E10/13-archives/E10-grandchallenge-MATHSOLVE-adcfa0537f43327f4bb9acfe1692f757fce353c4.zip,MATHSOLVE-adcfa0537f43327f4bb9acfe1692f757fce353c4/work_packages/BSD_R2_A1_WP05_SOURCE_INTERFACE/05_PROOFS_AND_COMPUTATIONS.md,,240b40bc,Filename/path inference; editable in the app
345479,work_packages/BSD_R2_A1_WP05_SOURCE_INTERFACE/06_FAILURE_ANALYSIS.md,General / shared,2232,Pinned collected revision; final designation governed by team receipt | 2fd9fd643bf3e9e98d121dc2e7af1cf1be411ae2,https://codeload.github.com/grandchallenge/MATHSOLVE/zip/2fd9fd643bf3e9e98d121dc2e7af1cf1be411ae2,,contestants/E10/13-archives/E10-grandchallenge-MATHSOLVE-2fd9fd643bf3e9e98d121dc2e7af1cf1be411ae2.zip,MATHSOLVE-2fd9fd643bf3e9e98d121dc2e7af1cf1be411ae2/work_packages/BSD_R2_A1_WP05_SOURCE_INTERFACE/06_FAILURE_ANALYSIS.md,,6d501161,Filename/path inference; editable in the app
348585,work_packages/BSD_R2_A1_WP05_SOURCE_INTERFACE/06_FAILURE_ANALYSIS.md,General / shared,2232,Latest public revision collected separately; not an author-designated final | adcfa0537f43327f4bb9acfe1692f757fce353c4,https://codeload.github.com/grandchallenge/MATHSOLVE/zip/adcfa0537f43327f4bb9acfe1692f757fce353c4,,contestants/E10/13-archives/E10-grandchallenge-MATHSOLVE-adcfa0537f43327f4bb9acfe1692f757fce353c4.zip,MATHSOLVE-adcfa0537f43327f4bb9acfe1692f757fce353c4/work_packages/BSD_R2_A1_WP05_SOURCE_INTERFACE/06_FAILURE_ANALYSIS.md,,6d501161,Filename/path inference; editable in the app
345481,work_packages/BSD_R2_A1_WP05_SOURCE_INTERFACE/08_CERT_HANDOFF.md,General / shared,1223,Pinned collected revision; final designation governed by team receipt | 2fd9fd643bf3e9e98d121dc2e7af1cf1be411ae2,https://codeload.github.com/grandchallenge/MATHSOLVE/zip/2fd9fd643bf3e9e98d121dc2e7af1cf1be411ae2,,contestants/E10/13-archives/E10-grandchallenge-MATHSOLVE-2fd9fd643bf3e9e98d121dc2e7af1cf1be411ae2.zip,MATHSOLVE-2fd9fd643bf3e9e98d121dc2e7af1cf1be411ae2/work_packages/BSD_R2_A1_WP05_SOURCE_INTERFACE/08_CERT_HANDOFF.md,,67600af3,Filename/path inference; editable in the app
348587,work_packages/BSD_R2_A1_WP05_SOURCE_INTERFACE/08_CERT_HANDOFF.md,General / shared,1223,Latest public revision collected separately; not an author-designated final | adcfa0537f43327f4bb9acfe1692f757fce353c4,https://codeload.github.com/grandchallenge/MATHSOLVE/zip/adcfa0537f43327f4bb9acfe1692f757fce353c4,,contestants/E10/13-archives/E10-grandchallenge-MATHSOLVE-adcfa0537f43327f4bb9acfe1692f757fce353c4.zip,MATHSOLVE-adcfa0537f43327f4bb9acfe1692f757fce353c4/work_packages/BSD_R2_A1_WP05_SOURCE_INTERFACE/08_CERT_HANDOFF.md,,67600af3,Filename/path inference; editable in the app
345482,work_packages/BSD_R2_A1_WP05_SOURCE_INTERFACE/09_NEXT_TARGET.md,General / shared,1517,Pinned collected revision; final designation governed by team receipt | 2fd9fd643bf3e9e98d121dc2e7af1cf1be411ae2,https://codeload.github.com/grandchallenge/MATHSOLVE/zip/2fd9fd643bf3e9e98d121dc2e7af1cf1be411ae2,,contestants/E10/13-archives/E10-grandchallenge-MATHSOLVE-2fd9fd643bf3e9e98d121dc2e7af1cf1be411ae2.zip,MATHSOLVE-2fd9fd643bf3e9e98d121dc2e7af1cf1be411ae2/work_packages/BSD_R2_A1_WP05_SOURCE_INTERFACE/09_NEXT_TARGET.md,,db493855,Filename/path inference; editable in the app
348588,work_packages/BSD_R2_A1_WP05_SOURCE_INTERFACE/09_NEXT_TARGET.md,General / shared,1517,Latest public revision collected separately; not an author-designated final | adcfa0537f43327f4bb9acfe1692f757fce353c4,https://codeload.github.com/grandchallenge/MATHSOLVE/zip/adcfa0537f43327f4bb9acfe1692f757fce353c4,,contestants/E10/13-archives/E10-grandchallenge-MATHSOLVE-adcfa0537f43327f4bb9acfe1692f757fce353c4.zip,MATHSOLVE-adcfa0537f43327f4bb9acfe1692f757fce353c4/work_packages/BSD_R2_A1_WP05_SOURCE_INTERFACE/09_NEXT_TARGET.md,,db493855,Filename/path inference; editable in the app
345483,work_packages/BSD_R2_A1_WP06_2DESCENT_CONTROL/00_README.md,General / shared,2096,Pinned collected revision; final designation governed by team receipt | 2fd9fd643bf3e9e98d121dc2e7af1cf1be411ae2,https://codeload.github.com/grandchallenge/MATHSOLVE/zip/2fd9fd643bf3e9e98d121dc2e7af1cf1be411ae2,,contestants/E10/13-archives/E10-grandchallenge-MATHSOLVE-2fd9fd643bf3e9e98d121dc2e7af1cf1be411ae2.zip,MATHSOLVE-2fd9fd643bf3e9e98d121dc2e7af1cf1be411ae2/work_packages/BSD_R2_A1_WP06_2DESCENT_CONTROL/00_README.md,,aa03d5f6,Filename/path inference; editable in the app
348589,work_packages/BSD_R2_A1_WP06_2DESCENT_CONTROL/00_README.md,General / shared,2096,Latest public revision collected separately; not an author-designated final | adcfa0537f43327f4bb9acfe1692f757fce353c4,https://codeload.github.com/grandchallenge/MATHSOLVE/zip/adcfa0537f43327f4bb9acfe1692f757fce353c4,,contestants/E10/13-archives/E10-grandchallenge-MATHSOLVE-adcfa0537f43327f4bb9acfe1692f757fce353c4.zip,MATHSOLVE-adcfa0537f43327f4bb9acfe1692f757fce353c4/work_packages/BSD_R2_A1_WP06_2DESCENT_CONTROL/00_README.md,,aa03d5f6,Filename/path inference; editable in the app
345484,work_packages/BSD_R2_A1_WP06_2DESCENT_CONTROL/01_LAY_COMPANION.md,General / shared,1605,Pinned collected revision; final designation governed by team receipt | 2fd9fd643bf3e9e98d121dc2e7af1cf1be411ae2,https://codeload.github.com/grandchallenge/MATHSOLVE/zip/2fd9fd643bf3e9e98d121dc2e7af1cf1be411ae2,,contestants/E10/13-archives/E10-grandchallenge-MATHSOLVE-2fd9fd643bf3e9e98d121dc2e7af1cf1be411ae2.zip,MATHSOLVE-2fd9fd643bf3e9e98d121dc2e7af1cf1be411ae2/work_packages/BSD_R2_A1_WP06_2DESCENT_CONTROL/01_LAY_COMPANION.md,,e8f8ae83,Filename/path inference; editable in the app
348590,work_packages/BSD_R2_A1_WP06_2DESCENT_CONTROL/01_LAY_COMPANION.md,General / shared,1605,Latest public revision collected separately; not an author-designated final | adcfa0537f43327f4bb9acfe1692f757fce353c4,https://codeload.github.com/grandchallenge/MATHSOLVE/zip/adcfa0537f43327f4bb9acfe1692f757fce353c4,,contestants/E10/13-archives/E10-grandchallenge-MATHSOLVE-adcfa0537f43327f4bb9acfe1692f757fce353c4.zip,MATHSOLVE-adcfa0537f43327f4bb9acfe1692f757fce353c4/work_packages/BSD_R2_A1_WP06_2DESCENT_CONTROL/01_LAY_COMPANION.md,,e8f8ae83,Filename/path inference; editable in the app
345485,work_packages/BSD_R2_A1_WP06_2DESCENT_CONTROL/02_PROBLEM_SPINE.md,General / shared,2781,Pinned collected revision; final designation governed by team receipt | 2fd9fd643bf3e9e98d121dc2e7af1cf1be411ae2,https://codeload.github.com/grandchallenge/MATHSOLVE/zip/2fd9fd643bf3e9e98d121dc2e7af1cf1be411ae2,,contestants/E10/13-archives/E10-grandchallenge-MATHSOLVE-2fd9fd643bf3e9e98d121dc2e7af1cf1be411ae2.zip,MATHSOLVE-2fd9fd643bf3e9e98d121dc2e7af1cf1be411ae2/work_packages/BSD_R2_A1_WP06_2DESCENT_CONTROL/02_PROBLEM_SPINE.md,,88ba82ee,Filename/path inference; editable in the app
348591,work_packages/BSD_R2_A1_WP06_2DESCENT_CONTROL/02_PROBLEM_SPINE.md,General / shared,2781,Latest public revision collected separately; not an author-designated final | adcfa0537f43327f4bb9acfe1692f757fce353c4,https://codeload.github.com/grandchallenge/MATHSOLVE/zip/adcfa0537f43327f4bb9acfe1692f757fce353c4,,contestants/E10/13-archives/E10-grandchallenge-MATHSOLVE-adcfa0537f43327f4bb9acfe1692f757fce353c4.zip,MATHSOLVE-adcfa0537f43327f4bb9acfe1692f757fce353c4/work_packages/BSD_R2_A1_WP06_2DESCENT_CONTROL/02_PROBLEM_SPINE.md,,88ba82ee,Filename/path inference; editable in the app
345487,work_packages/BSD_R2_A1_WP06_2DESCENT_CONTROL/04_THEOREM_SPINE.md,General / shared,3509,Pinned collected revision; final designation governed by team receipt | 2fd9fd643bf3e9e98d121dc2e7af1cf1be411ae2,https://codeload.github.com/grandchallenge/MATHSOLVE/zip/2fd9fd643bf3e9e98d121dc2e7af1cf1be411ae2,,contestants/E10/13-archives/E10-grandchallenge-MATHSOLVE-2fd9fd643bf3e9e98d121dc2e7af1cf1be411ae2.zip,MATHSOLVE-2fd9fd643bf3e9e98d121dc2e7af1cf1be411ae2/work_packages/BSD_R2_A1_WP06_2DESCENT_CONTROL/04_THEOREM_SPINE.md,,4fd157e9,Filename/path inference; editable in the app
348593,work_packages/BSD_R2_A1_WP06_2DESCENT_CONTROL/04_THEOREM_SPINE.md,General / shared,3509,Latest public revision collected separately; not an author-designated final | adcfa0537f43327f4bb9acfe1692f757fce353c4,https://codeload.github.com/grandchallenge/MATHSOLVE/zip/adcfa0537f43327f4bb9acfe1692f757fce353c4,,contestants/E10/13-archives/E10-grandchallenge-MATHSOLVE-adcfa0537f43327f4bb9acfe1692f757fce353c4.zip,MATHSOLVE-adcfa0537f43327f4bb9acfe1692f757fce353c4/work_packages/BSD_R2_A1_WP06_2DESCENT_CONTROL/04_THEOREM_SPINE.md,,4fd157e9,Filename/path inference; editable in the app
345488,work_packages/BSD_R2_A1_WP06_2DESCENT_CONTROL/05_PROOFS_AND_COMPUTATIONS.md,General / shared,5646,Pinned collected revision; final designation governed by team receipt | 2fd9fd643bf3e9e98d121dc2e7af1cf1be411ae2,https://codeload.github.com/grandchallenge/MATHSOLVE/zip/2fd9fd643bf3e9e98d121dc2e7af1cf1be411ae2,,contestants/E10/13-archives/E10-grandchallenge-MATHSOLVE-2fd9fd643bf3e9e98d121dc2e7af1cf1be411ae2.zip,MATHSOLVE-2fd9fd643bf3e9e98d121dc2e7af1cf1be411ae2/work_packages/BSD_R2_A1_WP06_2DESCENT_CONTROL/05_PROOFS_AND_COMPUTATIONS.md,,12610925,Filename/path inference; editable in the app
348594,work_packages/BSD_R2_A1_WP06_2DESCENT_CONTROL/05_PROOFS_AND_COMPUTATIONS.md,General / shared,5646,Latest public revision collected separately; not an author-designated final | adcfa0537f43327f4bb9acfe1692f757fce353c4,https://codeload.github.com/grandchallenge/MATHSOLVE/zip/adcfa0537f43327f4bb9acfe1692f757fce353c4,,contestants/E10/13-archives/E10-grandchallenge-MATHSOLVE-adcfa0537f43327f4bb9acfe1692f757fce353c4.zip,MATHSOLVE-adcfa0537f43327f4bb9acfe1692f757fce353c4/work_packages/BSD_R2_A1_WP06_2DESCENT_CONTROL/05_PROOFS_AND_COMPUTATIONS.md,,12610925,Filename/path inference; editable in the app
345489,work_packages/BSD_R2_A1_WP06_2DESCENT_CONTROL/06_FAILURE_ANALYSIS.md,General / shared,2028,Pinned collected revision; final designation governed by team receipt | 2fd9fd643bf3e9e98d121dc2e7af1cf1be411ae2,https://codeload.github.com/grandchallenge/MATHSOLVE/zip/2fd9fd643bf3e9e98d121dc2e7af1cf1be411ae2,,contestants/E10/13-archives/E10-grandchallenge-MATHSOLVE-2fd9fd643bf3e9e98d121dc2e7af1cf1be411ae2.zip,MATHSOLVE-2fd9fd643bf3e9e98d121dc2e7af1cf1be411ae2/work_packages/BSD_R2_A1_WP06_2DESCENT_CONTROL/06_FAILURE_ANALYSIS.md,,cd770155,Filename/path inference; editable in the app
348595,work_packages/BSD_R2_A1_WP06_2DESCENT_CONTROL/06_FAILURE_ANALYSIS.md,General / shared,2028,Latest public revision collected separately; not an author-designated final | adcfa0537f43327f4bb9acfe1692f757fce353c4,https://codeload.github.com/grandchallenge/MATHSOLVE/zip/adcfa0537f43327f4bb9acfe1692f757fce353c4,,contestants/E10/13-archives/E10-grandchallenge-MATHSOLVE-adcfa0537f43327f4bb9acfe1692f757fce353c4.zip,MATHSOLVE-adcfa0537f43327f4bb9acfe1692f757fce353c4/work_packages/BSD_R2_A1_WP06_2DESCENT_CONTROL/06_FAILURE_ANALYSIS.md,,cd770155,Filename/path inference; editable in the app
345491,work_packages/BSD_R2_A1_WP06_2DESCENT_CONTROL/08_CERT_HANDOFF.md,General / shared,1205,Pinned collected revision; final designation governed by team receipt | 2fd9fd643bf3e9e98d121dc2e7af1cf1be411ae2,https://codeload.github.com/grandchallenge/MATHSOLVE/zip/2fd9fd643bf3e9e98d121dc2e7af1cf1be411ae2,,contestants/E10/13-archives/E10-grandchallenge-MATHSOLVE-2fd9fd643bf3e9e98d121dc2e7af1cf1be411ae2.zip,MATHSOLVE-2fd9fd643bf3e9e98d121dc2e7af1cf1be411ae2/work_packages/BSD_R2_A1_WP06_2DESCENT_CONTROL/08_CERT_HANDOFF.md,,65e3146e,Filename/path inference; editable in the app
348597,work_packages/BSD_R2_A1_WP06_2DESCENT_CONTROL/08_CERT_HANDOFF.md,General / shared,1205,Latest public revision collected separately; not an author-designated final | adcfa0537f43327f4bb9acfe1692f757fce353c4,https://codeload.github.com/grandchallenge/MATHSOLVE/zip/adcfa0537f43327f4bb9acfe1692f757fce353c4,,contestants/E10/13-archives/E10-grandchallenge-MATHSOLVE-adcfa0537f43327f4bb9acfe1692f757fce353c4.zip,MATHSOLVE-adcfa0537f43327f4bb9acfe1692f757fce353c4/work_packages/BSD_R2_A1_WP06_2DESCENT_CONTROL/08_CERT_HANDOFF.md,,65e3146e,Filename/path inference; editable in the app
345492,work_packages/BSD_R2_A1_WP06_2DESCENT_CONTROL/09_NEXT_TARGET.md,General / shared,1512,Pinned collected revision; final designation governed by team receipt | 2fd9fd643bf3e9e98d121dc2e7af1cf1be411ae2,https://codeload.github.com/grandchallenge/MATHSOLVE/zip/2fd9fd643bf3e9e98d121dc2e7af1cf1be411ae2,,contestants/E10/13-archives/E10-grandchallenge-MATHSOLVE-2fd9fd643bf3e9e98d121dc2e7af1cf1be411ae2.zip,MATHSOLVE-2fd9fd643bf3e9e98d121dc2e7af1cf1be411ae2/work_packages/BSD_R2_A1_WP06_2DESCENT_CONTROL/09_NEXT_TARGET.md,,d1a65149,Filename/path inference; editable in the app
348598,work_packages/BSD_R2_A1_WP06_2DESCENT_CONTROL/09_NEXT_TARGET.md,General / shared,1512,Latest public revision collected separately; not an author-designated final | adcfa0537f43327f4bb9acfe1692f757fce353c4,https://codeload.github.com/grandchallenge/MATHSOLVE/zip/adcfa0537f43327f4bb9acfe1692f757fce353c4,,contestants/E10/13-archives/E10-grandchallenge-MATHSOLVE-adcfa0537f43327f4bb9acfe1692f757fce353c4.zip,MATHSOLVE-adcfa0537f43327f4bb9acfe1692f757fce353c4/work_packages/BSD_R2_A1_WP06_2DESCENT_CONTROL/09_NEXT_TARGET.md,,d1a65149,Filename/path inference; editable in the app
345493,work_packages/BSD_R2_A1_WP07_2RECIPROCITY_LENGTH/00_README.md,General / shared,2218,Pinned collected revision; final designation governed by team receipt | 2fd9fd643bf3e9e98d121dc2e7af1cf1be411ae2,https://codeload.github.com/grandchallenge/MATHSOLVE/zip/2fd9fd643bf3e9e98d121dc2e7af1cf1be411ae2,,contestants/E10/13-archives/E10-grandchallenge-MATHSOLVE-2fd9fd643bf3e9e98d121dc2e7af1cf1be411ae2.zip,MATHSOLVE-2fd9fd643bf3e9e98d121dc2e7af1cf1be411ae2/work_packages/BSD_R2_A1_WP07_2RECIPROCITY_LENGTH/00_README.md,,55819837,Filename/path inference; editable in the app
348599,work_packages/BSD_R2_A1_WP07_2RECIPROCITY_LENGTH/00_README.md,General / shared,2218,Latest public revision collected separately; not an author-designated final | adcfa0537f43327f4bb9acfe1692f757fce353c4,https://codeload.github.com/grandchallenge/MATHSOLVE/zip/adcfa0537f43327f4bb9acfe1692f757fce353c4,,contestants/E10/13-archives/E10-grandchallenge-MATHSOLVE-adcfa0537f43327f4bb9acfe1692f757fce353c4.zip,MATHSOLVE-adcfa0537f43327f4bb9acfe1692f757fce353c4/work_packages/BSD_R2_A1_WP07_2RECIPROCITY_LENGTH/00_README.md,,55819837,Filename/path inference; editable in the app
345494,work_packages/BSD_R2_A1_WP07_2RECIPROCITY_LENGTH/01_LOCAL_2_LEMMA.md,General / shared,2889,Pinned collected revision; final designation governed by team receipt | 2fd9fd643bf3e9e98d121dc2e7af1cf1be411ae2,https://codeload.github.com/grandchallenge/MATHSOLVE/zip/2fd9fd643bf3e9e98d121dc2e7af1cf1be411ae2,,contestants/E10/13-archives/E10-grandchallenge-MATHSOLVE-2fd9fd643bf3e9e98d121dc2e7af1cf1be411ae2.zip,MATHSOLVE-2fd9fd643bf3e9e98d121dc2e7af1cf1be411ae2/work_packages/BSD_R2_A1_WP07_2RECIPROCITY_LENGTH/01_LOCAL_2_LEMMA.md,,811e2daf,Filename/path inference; editable in the app
348600,work_packages/BSD_R2_A1_WP07_2RECIPROCITY_LENGTH/01_LOCAL_2_LEMMA.md,General / shared,2889,Latest public revision collected separately; not an author-designated final | adcfa0537f43327f4bb9acfe1692f757fce353c4,https://codeload.github.com/grandchallenge/MATHSOLVE/zip/adcfa0537f43327f4bb9acfe1692f757fce353c4,,contestants/E10/13-archives/E10-grandchallenge-MATHSOLVE-adcfa0537f43327f4bb9acfe1692f757fce353c4.zip,MATHSOLVE-adcfa0537f43327f4bb9acfe1692f757fce353c4/work_packages/BSD_R2_A1_WP07_2RECIPROCITY_LENGTH/01_LOCAL_2_LEMMA.md,,811e2daf,Filename/path inference; editable in the app
345496,work_packages/BSD_R2_A1_WP07_2RECIPROCITY_LENGTH/03_RECIPROCITY_OBLIGATION.md,General / shared,3194,Pinned collected revision; final designation governed by team receipt | 2fd9fd643bf3e9e98d121dc2e7af1cf1be411ae2,https://codeload.github.com/grandchallenge/MATHSOLVE/zip/2fd9fd643bf3e9e98d121dc2e7af1cf1be411ae2,,contestants/E10/13-archives/E10-grandchallenge-MATHSOLVE-2fd9fd643bf3e9e98d121dc2e7af1cf1be411ae2.zip,MATHSOLVE-2fd9fd643bf3e9e98d121dc2e7af1cf1be411ae2/work_packages/BSD_R2_A1_WP07_2RECIPROCITY_LENGTH/03_RECIPROCITY_OBLIGATION.md,,5a2800e3,Filename/path inference; editable in the app
348602,work_packages/BSD_R2_A1_WP07_2RECIPROCITY_LENGTH/03_RECIPROCITY_OBLIGATION.md,General / shared,3194,Latest public revision collected separately; not an author-designated final | adcfa0537f43327f4bb9acfe1692f757fce353c4,https://codeload.github.com/grandchallenge/MATHSOLVE/zip/adcfa0537f43327f4bb9acfe1692f757fce353c4,,contestants/E10/13-archives/E10-grandchallenge-MATHSOLVE-adcfa0537f43327f4bb9acfe1692f757fce353c4.zip,MATHSOLVE-adcfa0537f43327f4bb9acfe1692f757fce353c4/work_packages/BSD_R2_A1_WP07_2RECIPROCITY_LENGTH/03_RECIPROCITY_OBLIGATION.md,,5a2800e3,Filename/path inference; editable in the app
345497,work_packages/BSD_R2_A1_WP07_2RECIPROCITY_LENGTH/04_FAILURE_ANALYSIS.md,General / shared,1884,Pinned collected revision; final designation governed by team receipt | 2fd9fd643bf3e9e98d121dc2e7af1cf1be411ae2,https://codeload.github.com/grandchallenge/MATHSOLVE/zip/2fd9fd643bf3e9e98d121dc2e7af1cf1be411ae2,,contestants/E10/13-archives/E10-grandchallenge-MATHSOLVE-2fd9fd643bf3e9e98d121dc2e7af1cf1be411ae2.zip,MATHSOLVE-2fd9fd643bf3e9e98d121dc2e7af1cf1be411ae2/work_packages/BSD_R2_A1_WP07_2RECIPROCITY_LENGTH/04_FAILURE_ANALYSIS.md,,ebb5607c,Filename/path inference; editable in the app
348603,work_packages/BSD_R2_A1_WP07_2RECIPROCITY_LENGTH/04_FAILURE_ANALYSIS.md,General / shared,1884,Latest public revision collected separately; not an author-designated final | adcfa0537f43327f4bb9acfe1692f757fce353c4,https://codeload.github.com/grandchallenge/MATHSOLVE/zip/adcfa0537f43327f4bb9acfe1692f757fce353c4,,contestants/E10/13-archives/E10-grandchallenge-MATHSOLVE-adcfa0537f43327f4bb9acfe1692f757fce353c4.zip,MATHSOLVE-adcfa0537f43327f4bb9acfe1692f757fce353c4/work_packages/BSD_R2_A1_WP07_2RECIPROCITY_LENGTH/04_FAILURE_ANALYSIS.md,,ebb5607c,Filename/path inference; editable in the app
345499,work_packages/BSD_R2_A1_WP07_2RECIPROCITY_LENGTH/06_NEXT_TARGET.md,General / shared,1453,Pinned collected revision; final designation governed by team receipt | 2fd9fd643bf3e9e98d121dc2e7af1cf1be411ae2,https://codeload.github.com/grandchallenge/MATHSOLVE/zip/2fd9fd643bf3e9e98d121dc2e7af1cf1be411ae2,,contestants/E10/13-archives/E10-grandchallenge-MATHSOLVE-2fd9fd643bf3e9e98d121dc2e7af1cf1be411ae2.zip,MATHSOLVE-2fd9fd643bf3e9e98d121dc2e7af1cf1be411ae2/work_packages/BSD_R2_A1_WP07_2RECIPROCITY_LENGTH/06_NEXT_TARGET.md,,94d2855b,Filename/path inference; editable in the app
348605,work_packages/BSD_R2_A1_WP07_2RECIPROCITY_LENGTH/06_NEXT_TARGET.md,General / shared,1453,Latest public revision collected separately; not an author-designated final | adcfa0537f43327f4bb9acfe1692f757fce353c4,https://codeload.github.com/grandchallenge/MATHSOLVE/zip/adcfa0537f43327f4bb9acfe1692f757fce353c4,,contestants/E10/13-archives/E10-grandchallenge-MATHSOLVE-adcfa0537f43327f4bb9acfe1692f757fce353c4.zip,MATHSOLVE-adcfa0537f43327f4bb9acfe1692f757fce353c4/work_packages/BSD_R2_A1_WP07_2RECIPROCITY_LENGTH/06_NEXT_TARGET.md,,94d2855b,Filename/path inference; editable in the app
345500,work_packages/BSD_R2_A1_WP08_2MU_FIREWALL/00_README.md,General / shared,2591,Pinned collected revision; final designation governed by team receipt | 2fd9fd643bf3e9e98d121dc2e7af1cf1be411ae2,https://codeload.github.com/grandchallenge/MATHSOLVE/zip/2fd9fd643bf3e9e98d121dc2e7af1cf1be411ae2,,contestants/E10/13-archives/E10-grandchallenge-MATHSOLVE-2fd9fd643bf3e9e98d121dc2e7af1cf1be411ae2.zip,MATHSOLVE-2fd9fd643bf3e9e98d121dc2e7af1cf1be411ae2/work_packages/BSD_R2_A1_WP08_2MU_FIREWALL/00_README.md,,78282dd4,Filename/path inference; editable in the app
348606,work_packages/BSD_R2_A1_WP08_2MU_FIREWALL/00_README.md,General / shared,2591,Latest public revision collected separately; not an author-designated final | adcfa0537f43327f4bb9acfe1692f757fce353c4,https://codeload.github.com/grandchallenge/MATHSOLVE/zip/adcfa0537f43327f4bb9acfe1692f757fce353c4,,contestants/E10/13-archives/E10-grandchallenge-MATHSOLVE-adcfa0537f43327f4bb9acfe1692f757fce353c4.zip,MATHSOLVE-adcfa0537f43327f4bb9acfe1692f757fce353c4/work_packages/BSD_R2_A1_WP08_2MU_FIREWALL/00_README.md,,78282dd4,Filename/path inference; editable in the app
345501,work_packages/BSD_R2_A1_WP08_2MU_FIREWALL/01_DIVISOR_AND_LEADING_TERM_THEOREM.md,General / shared,4048,Pinned collected revision; final designation governed by team receipt | 2fd9fd643bf3e9e98d121dc2e7af1cf1be411ae2,https://codeload.github.com/grandchallenge/MATHSOLVE/zip/2fd9fd643bf3e9e98d121dc2e7af1cf1be411ae2,,contestants/E10/13-archives/E10-grandchallenge-MATHSOLVE-2fd9fd643bf3e9e98d121dc2e7af1cf1be411ae2.zip,MATHSOLVE-2fd9fd643bf3e9e98d121dc2e7af1cf1be411ae2/work_packages/BSD_R2_A1_WP08_2MU_FIREWALL/01_DIVISOR_AND_LEADING_TERM_THEOREM.md,,b0933d6a,Filename/path inference; editable in the app
348607,work_packages/BSD_R2_A1_WP08_2MU_FIREWALL/01_DIVISOR_AND_LEADING_TERM_THEOREM.md,General / shared,4048,Latest public revision collected separately; not an author-designated final | adcfa0537f43327f4bb9acfe1692f757fce353c4,https://codeload.github.com/grandchallenge/MATHSOLVE/zip/adcfa0537f43327f4bb9acfe1692f757fce353c4,,contestants/E10/13-archives/E10-grandchallenge-MATHSOLVE-adcfa0537f43327f4bb9acfe1692f757fce353c4.zip,MATHSOLVE-adcfa0537f43327f4bb9acfe1692f757fce353c4/work_packages/BSD_R2_A1_WP08_2MU_FIREWALL/01_DIVISOR_AND_LEADING_TERM_THEOREM.md,,b0933d6a,Filename/path inference; editable in the app
345502,work_packages/BSD_R2_A1_WP08_2MU_FIREWALL/02_IWASAWA_INTERFACE.md,General / shared,2798,Pinned collected revision; final designation governed by team receipt | 2fd9fd643bf3e9e98d121dc2e7af1cf1be411ae2,https://codeload.github.com/grandchallenge/MATHSOLVE/zip/2fd9fd643bf3e9e98d121dc2e7af1cf1be411ae2,,contestants/E10/13-archives/E10-grandchallenge-MATHSOLVE-2fd9fd643bf3e9e98d121dc2e7af1cf1be411ae2.zip,MATHSOLVE-2fd9fd643bf3e9e98d121dc2e7af1cf1be411ae2/work_packages/BSD_R2_A1_WP08_2MU_FIREWALL/02_IWASAWA_INTERFACE.md,,ca3a0614,Filename/path inference; editable in the app
348608,work_packages/BSD_R2_A1_WP08_2MU_FIREWALL/02_IWASAWA_INTERFACE.md,General / shared,2798,Latest public revision collected separately; not an author-designated final | adcfa0537f43327f4bb9acfe1692f757fce353c4,https://codeload.github.com/grandchallenge/MATHSOLVE/zip/adcfa0537f43327f4bb9acfe1692f757fce353c4,,contestants/E10/13-archives/E10-grandchallenge-MATHSOLVE-adcfa0537f43327f4bb9acfe1692f757fce353c4.zip,MATHSOLVE-adcfa0537f43327f4bb9acfe1692f757fce353c4/work_packages/BSD_R2_A1_WP08_2MU_FIREWALL/02_IWASAWA_INTERFACE.md,,ca3a0614,Filename/path inference; editable in the app
345503,work_packages/BSD_R2_A1_WP08_2MU_FIREWALL/03_SOURCE_STATUS.md,General / shared,3236,Pinned collected revision; final designation governed by team receipt | 2fd9fd643bf3e9e98d121dc2e7af1cf1be411ae2,https://codeload.github.com/grandchallenge/MATHSOLVE/zip/2fd9fd643bf3e9e98d121dc2e7af1cf1be411ae2,,contestants/E10/13-archives/E10-grandchallenge-MATHSOLVE-2fd9fd643bf3e9e98d121dc2e7af1cf1be411ae2.zip,MATHSOLVE-2fd9fd643bf3e9e98d121dc2e7af1cf1be411ae2/work_packages/BSD_R2_A1_WP08_2MU_FIREWALL/03_SOURCE_STATUS.md,,f164d9bb,Filename/path inference; editable in the app
348609,work_packages/BSD_R2_A1_WP08_2MU_FIREWALL/03_SOURCE_STATUS.md,General / shared,3236,Latest public revision collected separately; not an author-designated final | adcfa0537f43327f4bb9acfe1692f757fce353c4,https://codeload.github.com/grandchallenge/MATHSOLVE/zip/adcfa0537f43327f4bb9acfe1692f757fce353c4,,contestants/E10/13-archives/E10-grandchallenge-MATHSOLVE-adcfa0537f43327f4bb9acfe1692f757fce353c4.zip,MATHSOLVE-adcfa0537f43327f4bb9acfe1692f757fce353c4/work_packages/BSD_R2_A1_WP08_2MU_FIREWALL/03_SOURCE_STATUS.md,,f164d9bb,Filename/path inference; editable in the app
345504,work_packages/BSD_R2_A1_WP08_2MU_FIREWALL/04_FAILURE_ANALYSIS.md,General / shared,2320,Pinned collected revision; final designation governed by team receipt | 2fd9fd643bf3e9e98d121dc2e7af1cf1be411ae2,https://codeload.github.com/grandchallenge/MATHSOLVE/zip/2fd9fd643bf3e9e98d121dc2e7af1cf1be411ae2,,contestants/E10/13-archives/E10-grandchallenge-MATHSOLVE-2fd9fd643bf3e9e98d121dc2e7af1cf1be411ae2.zip,MATHSOLVE-2fd9fd643bf3e9e98d121dc2e7af1cf1be411ae2/work_packages/BSD_R2_A1_WP08_2MU_FIREWALL/04_FAILURE_ANALYSIS.md,,8cb633d3,Filename/path inference; editable in the app
348610,work_packages/BSD_R2_A1_WP08_2MU_FIREWALL/04_FAILURE_ANALYSIS.md,General / shared,2320,Latest public revision collected separately; not an author-designated final | adcfa0537f43327f4bb9acfe1692f757fce353c4,https://codeload.github.com/grandchallenge/MATHSOLVE/zip/adcfa0537f43327f4bb9acfe1692f757fce353c4,,contestants/E10/13-archives/E10-grandchallenge-MATHSOLVE-adcfa0537f43327f4bb9acfe1692f757fce353c4.zip,MATHSOLVE-adcfa0537f43327f4bb9acfe1692f757fce353c4/work_packages/BSD_R2_A1_WP08_2MU_FIREWALL/04_FAILURE_ANALYSIS.md,,8cb633d3,Filename/path inference; editable in the app
345506,work_packages/BSD_R2_A1_WP08_2MU_FIREWALL/06_NEXT_TARGET.md,General / shared,1580,Pinned collected revision; final designation governed by team receipt | 2fd9fd643bf3e9e98d121dc2e7af1cf1be411ae2,https://codeload.github.com/grandchallenge/MATHSOLVE/zip/2fd9fd643bf3e9e98d121dc2e7af1cf1be411ae2,,contestants/E10/13-archives/E10-grandchallenge-MATHSOLVE-2fd9fd643bf3e9e98d121dc2e7af1cf1be411ae2.zip,MATHSOLVE-2fd9fd643bf3e9e98d121dc2e7af1cf1be411ae2/work_packages/BSD_R2_A1_WP08_2MU_FIREWALL/06_NEXT_TARGET.md,,854019a0,Filename/path inference; editable in the app
348612,work_packages/BSD_R2_A1_WP08_2MU_FIREWALL/06_NEXT_TARGET.md,General / shared,1580,Latest public revision collected separately; not an author-designated final | adcfa0537f43327f4bb9acfe1692f757fce353c4,https://codeload.github.com/grandchallenge/MATHSOLVE/zip/adcfa0537f43327f4bb9acfe1692f757fce353c4,,contestants/E10/13-archives/E10-grandchallenge-MATHSOLVE-adcfa0537f43327f4bb9acfe1692f757fce353c4.zip,MATHSOLVE-adcfa0537f43327f4bb9acfe1692f757fce353c4/work_packages/BSD_R2_A1_WP08_2MU_FIREWALL/06_NEXT_TARGET.md,,854019a0,Filename/path inference; editable in the app
345507,work_packages/BSD_R2_A1_WP09_DISEGNI_APPLICABILITY/00_README.md,General / shared,3050,Pinned collected revision; final designation governed by team receipt | 2fd9fd643bf3e9e98d121dc2e7af1cf1be411ae2,https://codeload.github.com/grandchallenge/MATHSOLVE/zip/2fd9fd643bf3e9e98d121dc2e7af1cf1be411ae2,,contestants/E10/13-archives/E10-grandchallenge-MATHSOLVE-2fd9fd643bf3e9e98d121dc2e7af1cf1be411ae2.zip,MATHSOLVE-2fd9fd643bf3e9e98d121dc2e7af1cf1be411ae2/work_packages/BSD_R2_A1_WP09_DISEGNI_APPLICABILITY/00_README.md,,53d2dcd9,Filename/path inference; editable in the app
348613,work_packages/BSD_R2_A1_WP09_DISEGNI_APPLICABILITY/00_README.md,General / shared,3050,Latest public revision collected separately; not an author-designated final | adcfa0537f43327f4bb9acfe1692f757fce353c4,https://codeload.github.com/grandchallenge/MATHSOLVE/zip/adcfa0537f43327f4bb9acfe1692f757fce353c4,,contestants/E10/13-archives/E10-grandchallenge-MATHSOLVE-adcfa0537f43327f4bb9acfe1692f757fce353c4.zip,MATHSOLVE-adcfa0537f43327f4bb9acfe1692f757fce353c4/work_packages/BSD_R2_A1_WP09_DISEGNI_APPLICABILITY/00_README.md,,53d2dcd9,Filename/path inference; editable in the app
345508,work_packages/BSD_R2_A1_WP09_DISEGNI_APPLICABILITY/01_AUXILIARY_K_LEMMA.md,General / shared,1525,Pinned collected revision; final designation governed by team receipt | 2fd9fd643bf3e9e98d121dc2e7af1cf1be411ae2,https://codeload.github.com/grandchallenge/MATHSOLVE/zip/2fd9fd643bf3e9e98d121dc2e7af1cf1be411ae2,,contestants/E10/13-archives/E10-grandchallenge-MATHSOLVE-2fd9fd643bf3e9e98d121dc2e7af1cf1be411ae2.zip,MATHSOLVE-2fd9fd643bf3e9e98d121dc2e7af1cf1be411ae2/work_packages/BSD_R2_A1_WP09_DISEGNI_APPLICABILITY/01_AUXILIARY_K_LEMMA.md,,af342810,Filename/path inference; editable in the app
348614,work_packages/BSD_R2_A1_WP09_DISEGNI_APPLICABILITY/01_AUXILIARY_K_LEMMA.md,General / shared,1525,Latest public revision collected separately; not an author-designated final | adcfa0537f43327f4bb9acfe1692f757fce353c4,https://codeload.github.com/grandchallenge/MATHSOLVE/zip/adcfa0537f43327f4bb9acfe1692f757fce353c4,,contestants/E10/13-archives/E10-grandchallenge-MATHSOLVE-adcfa0537f43327f4bb9acfe1692f757fce353c4.zip,MATHSOLVE-adcfa0537f43327f4bb9acfe1692f757fce353c4/work_packages/BSD_R2_A1_WP09_DISEGNI_APPLICABILITY/01_AUXILIARY_K_LEMMA.md,,af342810,Filename/path inference; editable in the app
345509,work_packages/BSD_R2_A1_WP09_DISEGNI_APPLICABILITY/02_DISEGNI_APPLICABILITY.md,General / shared,5093,Pinned collected revision; final designation governed by team receipt | 2fd9fd643bf3e9e98d121dc2e7af1cf1be411ae2,https://codeload.github.com/grandchallenge/MATHSOLVE/zip/2fd9fd643bf3e9e98d121dc2e7af1cf1be411ae2,,contestants/E10/13-archives/E10-grandchallenge-MATHSOLVE-2fd9fd643bf3e9e98d121dc2e7af1cf1be411ae2.zip,MATHSOLVE-2fd9fd643bf3e9e98d121dc2e7af1cf1be411ae2/work_packages/BSD_R2_A1_WP09_DISEGNI_APPLICABILITY/02_DISEGNI_APPLICABILITY.md,,263c4d61,Filename/path inference; editable in the app
348615,work_packages/BSD_R2_A1_WP09_DISEGNI_APPLICABILITY/02_DISEGNI_APPLICABILITY.md,General / shared,5093,Latest public revision collected separately; not an author-designated final | adcfa0537f43327f4bb9acfe1692f757fce353c4,https://codeload.github.com/grandchallenge/MATHSOLVE/zip/adcfa0537f43327f4bb9acfe1692f757fce353c4,,contestants/E10/13-archives/E10-grandchallenge-MATHSOLVE-adcfa0537f43327f4bb9acfe1692f757fce353c4.zip,MATHSOLVE-adcfa0537f43327f4bb9acfe1692f757fce353c4/work_packages/BSD_R2_A1_WP09_DISEGNI_APPLICABILITY/02_DISEGNI_APPLICABILITY.md,,263c4d61,Filename/path inference; editable in the app
345510,work_packages/BSD_R2_A1_WP09_DISEGNI_APPLICABILITY/03_REMAINING_RECIPROCITY_DEBT.md,General / shared,4026,Pinned collected revision; final designation governed by team receipt | 2fd9fd643bf3e9e98d121dc2e7af1cf1be411ae2,https://codeload.github.com/grandchallenge/MATHSOLVE/zip/2fd9fd643bf3e9e98d121dc2e7af1cf1be411ae2,,contestants/E10/13-archives/E10-grandchallenge-MATHSOLVE-2fd9fd643bf3e9e98d121dc2e7af1cf1be411ae2.zip,MATHSOLVE-2fd9fd643bf3e9e98d121dc2e7af1cf1be411ae2/work_packages/BSD_R2_A1_WP09_DISEGNI_APPLICABILITY/03_REMAINING_RECIPROCITY_DEBT.md,,0cd5d817,Filename/path inference; editable in the app
348616,work_packages/BSD_R2_A1_WP09_DISEGNI_APPLICABILITY/03_REMAINING_RECIPROCITY_DEBT.md,General / shared,4026,Latest public revision collected separately; not an author-designated final | adcfa0537f43327f4bb9acfe1692f757fce353c4,https://codeload.github.com/grandchallenge/MATHSOLVE/zip/adcfa0537f43327f4bb9acfe1692f757fce353c4,,contestants/E10/13-archives/E10-grandchallenge-MATHSOLVE-adcfa0537f43327f4bb9acfe1692f757fce353c4.zip,MATHSOLVE-adcfa0537f43327f4bb9acfe1692f757fce353c4/work_packages/BSD_R2_A1_WP09_DISEGNI_APPLICABILITY/03_REMAINING_RECIPROCITY_DEBT.md,,0cd5d817,Filename/path inference; editable in the app
345512,work_packages/BSD_R2_A1_WP09_DISEGNI_APPLICABILITY/05_NEXT_TARGET.md,General / shared,1881,Pinned collected revision; final designation governed by team receipt | 2fd9fd643bf3e9e98d121dc2e7af1cf1be411ae2,https://codeload.github.com/grandchallenge/MATHSOLVE/zip/2fd9fd643bf3e9e98d121dc2e7af1cf1be411ae2,,contestants/E10/13-archives/E10-grandchallenge-MATHSOLVE-2fd9fd643bf3e9e98d121dc2e7af1cf1be411ae2.zip,MATHSOLVE-2fd9fd643bf3e9e98d121dc2e7af1cf1be411ae2/work_packages/BSD_R2_A1_WP09_DISEGNI_APPLICABILITY/05_NEXT_TARGET.md,,9ae4c9e5,Filename/path inference; editable in the app
348618,work_packages/BSD_R2_A1_WP09_DISEGNI_APPLICABILITY/05_NEXT_TARGET.md,General / shared,1881,Latest public revision collected separately; not an author-designated final | adcfa0537f43327f4bb9acfe1692f757fce353c4,https://codeload.github.com/grandchallenge/MATHSOLVE/zip/adcfa0537f43327f4bb9acfe1692f757fce353c4,,contestants/E10/13-archives/E10-grandchallenge-MATHSOLVE-adcfa0537f43327f4bb9acfe1692f757fce353c4.zip,MATHSOLVE-adcfa0537f43327f4bb9acfe1692f757fce353c4/work_packages/BSD_R2_A1_WP09_DISEGNI_APPLICABILITY/05_NEXT_TARGET.md,,9ae4c9e5,Filename/path inference; editable in the app
345513,work_packages/BSD_R2_A1_WP10_P2_HEEGNER_BARRIER/00_README.md,General / shared,3626,Pinned collected revision; final designation governed by team receipt | 2fd9fd643bf3e9e98d121dc2e7af1cf1be411ae2,https://codeload.github.com/grandchallenge/MATHSOLVE/zip/2fd9fd643bf3e9e98d121dc2e7af1cf1be411ae2,,contestants/E10/13-archives/E10-grandchallenge-MATHSOLVE-2fd9fd643bf3e9e98d121dc2e7af1cf1be411ae2.zip,MATHSOLVE-2fd9fd643bf3e9e98d121dc2e7af1cf1be411ae2/work_packages/BSD_R2_A1_WP10_P2_HEEGNER_BARRIER/00_README.md,,6a195c8a,Filename/path inference; editable in the app
348619,work_packages/BSD_R2_A1_WP10_P2_HEEGNER_BARRIER/00_README.md,General / shared,3626,Latest public revision collected separately; not an author-designated final | adcfa0537f43327f4bb9acfe1692f757fce353c4,https://codeload.github.com/grandchallenge/MATHSOLVE/zip/adcfa0537f43327f4bb9acfe1692f757fce353c4,,contestants/E10/13-archives/E10-grandchallenge-MATHSOLVE-adcfa0537f43327f4bb9acfe1692f757fce353c4.zip,MATHSOLVE-adcfa0537f43327f4bb9acfe1692f757fce353c4/work_packages/BSD_R2_A1_WP10_P2_HEEGNER_BARRIER/00_README.md,,6a195c8a,Filename/path inference; editable in the app
345514,work_packages/BSD_R2_A1_WP10_P2_HEEGNER_BARRIER/01_ROUTE_BARRIER_THEOREM.md,General / shared,3670,Pinned collected revision; final designation governed by team receipt | 2fd9fd643bf3e9e98d121dc2e7af1cf1be411ae2,https://codeload.github.com/grandchallenge/MATHSOLVE/zip/2fd9fd643bf3e9e98d121dc2e7af1cf1be411ae2,,contestants/E10/13-archives/E10-grandchallenge-MATHSOLVE-2fd9fd643bf3e9e98d121dc2e7af1cf1be411ae2.zip,MATHSOLVE-2fd9fd643bf3e9e98d121dc2e7af1cf1be411ae2/work_packages/BSD_R2_A1_WP10_P2_HEEGNER_BARRIER/01_ROUTE_BARRIER_THEOREM.md,,092b3e0c,Filename/path inference; editable in the app
348620,work_packages/BSD_R2_A1_WP10_P2_HEEGNER_BARRIER/01_ROUTE_BARRIER_THEOREM.md,General / shared,3670,Latest public revision collected separately; not an author-designated final | adcfa0537f43327f4bb9acfe1692f757fce353c4,https://codeload.github.com/grandchallenge/MATHSOLVE/zip/adcfa0537f43327f4bb9acfe1692f757fce353c4,,contestants/E10/13-archives/E10-grandchallenge-MATHSOLVE-adcfa0537f43327f4bb9acfe1692f757fce353c4.zip,MATHSOLVE-adcfa0537f43327f4bb9acfe1692f757fce353c4/work_packages/BSD_R2_A1_WP10_P2_HEEGNER_BARRIER/01_ROUTE_BARRIER_THEOREM.md,,092b3e0c,Filename/path inference; editable in the app
345515,work_packages/BSD_R2_A1_WP10_P2_HEEGNER_BARRIER/02_AUXILIARY_K_COMPOSITION.md,General / shared,3272,Pinned collected revision; final designation governed by team receipt | 2fd9fd643bf3e9e98d121dc2e7af1cf1be411ae2,https://codeload.github.com/grandchallenge/MATHSOLVE/zip/2fd9fd643bf3e9e98d121dc2e7af1cf1be411ae2,,contestants/E10/13-archives/E10-grandchallenge-MATHSOLVE-2fd9fd643bf3e9e98d121dc2e7af1cf1be411ae2.zip,MATHSOLVE-2fd9fd643bf3e9e98d121dc2e7af1cf1be411ae2/work_packages/BSD_R2_A1_WP10_P2_HEEGNER_BARRIER/02_AUXILIARY_K_COMPOSITION.md,,72f46b53,Filename/path inference; editable in the app
348621,work_packages/BSD_R2_A1_WP10_P2_HEEGNER_BARRIER/02_AUXILIARY_K_COMPOSITION.md,General / shared,3272,Latest public revision collected separately; not an author-designated final | adcfa0537f43327f4bb9acfe1692f757fce353c4,https://codeload.github.com/grandchallenge/MATHSOLVE/zip/adcfa0537f43327f4bb9acfe1692f757fce353c4,,contestants/E10/13-archives/E10-grandchallenge-MATHSOLVE-adcfa0537f43327f4bb9acfe1692f757fce353c4.zip,MATHSOLVE-adcfa0537f43327f4bb9acfe1692f757fce353c4/work_packages/BSD_R2_A1_WP10_P2_HEEGNER_BARRIER/02_AUXILIARY_K_COMPOSITION.md,,72f46b53,Filename/path inference; editable in the app
345517,work_packages/BSD_R2_A1_WP10_P2_HEEGNER_BARRIER/04_NEXT_TARGET.md,General / shared,3065,Pinned collected revision; final designation governed by team receipt | 2fd9fd643bf3e9e98d121dc2e7af1cf1be411ae2,https://codeload.github.com/grandchallenge/MATHSOLVE/zip/2fd9fd643bf3e9e98d121dc2e7af1cf1be411ae2,,contestants/E10/13-archives/E10-grandchallenge-MATHSOLVE-2fd9fd643bf3e9e98d121dc2e7af1cf1be411ae2.zip,MATHSOLVE-2fd9fd643bf3e9e98d121dc2e7af1cf1be411ae2/work_packages/BSD_R2_A1_WP10_P2_HEEGNER_BARRIER/04_NEXT_TARGET.md,,b5f92a48,Filename/path inference; editable in the app
348623,work_packages/BSD_R2_A1_WP10_P2_HEEGNER_BARRIER/04_NEXT_TARGET.md,General / shared,3065,Latest public revision collected separately; not an author-designated final | adcfa0537f43327f4bb9acfe1692f757fce353c4,https://codeload.github.com/grandchallenge/MATHSOLVE/zip/adcfa0537f43327f4bb9acfe1692f757fce353c4,,contestants/E10/13-archives/E10-grandchallenge-MATHSOLVE-adcfa0537f43327f4bb9acfe1692f757fce353c4.zip,MATHSOLVE-adcfa0537f43327f4bb9acfe1692f757fce353c4/work_packages/BSD_R2_A1_WP10_P2_HEEGNER_BARRIER/04_NEXT_TARGET.md,,b5f92a48,Filename/path inference; editable in the app
345518,work_packages/BSD_R2_A1_WP11_C3_ODD_DEGREE_CONTROL/00_README.md,General / shared,2365,Pinned collected revision; final designation governed by team receipt | 2fd9fd643bf3e9e98d121dc2e7af1cf1be411ae2,https://codeload.github.com/grandchallenge/MATHSOLVE/zip/2fd9fd643bf3e9e98d121dc2e7af1cf1be411ae2,,contestants/E10/13-archives/E10-grandchallenge-MATHSOLVE-2fd9fd643bf3e9e98d121dc2e7af1cf1be411ae2.zip,MATHSOLVE-2fd9fd643bf3e9e98d121dc2e7af1cf1be411ae2/work_packages/BSD_R2_A1_WP11_C3_ODD_DEGREE_CONTROL/00_README.md,,3e0b7876,Filename/path inference; editable in the app
348624,work_packages/BSD_R2_A1_WP11_C3_ODD_DEGREE_CONTROL/00_README.md,General / shared,2365,Latest public revision collected separately; not an author-designated final | adcfa0537f43327f4bb9acfe1692f757fce353c4,https://codeload.github.com/grandchallenge/MATHSOLVE/zip/adcfa0537f43327f4bb9acfe1692f757fce353c4,,contestants/E10/13-archives/E10-grandchallenge-MATHSOLVE-adcfa0537f43327f4bb9acfe1692f757fce353c4.zip,MATHSOLVE-adcfa0537f43327f4bb9acfe1692f757fce353c4/work_packages/BSD_R2_A1_WP11_C3_ODD_DEGREE_CONTROL/00_README.md,,3e0b7876,Filename/path inference; editable in the app
345519,work_packages/BSD_R2_A1_WP11_C3_ODD_DEGREE_CONTROL/01_C3_SPLITTING_THEOREM.md,General / shared,2599,Pinned collected revision; final designation governed by team receipt | 2fd9fd643bf3e9e98d121dc2e7af1cf1be411ae2,https://codeload.github.com/grandchallenge/MATHSOLVE/zip/2fd9fd643bf3e9e98d121dc2e7af1cf1be411ae2,,contestants/E10/13-archives/E10-grandchallenge-MATHSOLVE-2fd9fd643bf3e9e98d121dc2e7af1cf1be411ae2.zip,MATHSOLVE-2fd9fd643bf3e9e98d121dc2e7af1cf1be411ae2/work_packages/BSD_R2_A1_WP11_C3_ODD_DEGREE_CONTROL/01_C3_SPLITTING_THEOREM.md,,40590128,Filename/path inference; editable in the app
348625,work_packages/BSD_R2_A1_WP11_C3_ODD_DEGREE_CONTROL/01_C3_SPLITTING_THEOREM.md,General / shared,2599,Latest public revision collected separately; not an author-designated final | adcfa0537f43327f4bb9acfe1692f757fce353c4,https://codeload.github.com/grandchallenge/MATHSOLVE/zip/adcfa0537f43327f4bb9acfe1692f757fce353c4,,contestants/E10/13-archives/E10-grandchallenge-MATHSOLVE-adcfa0537f43327f4bb9acfe1692f757fce353c4.zip,MATHSOLVE-adcfa0537f43327f4bb9acfe1692f757fce353c4/work_packages/BSD_R2_A1_WP11_C3_ODD_DEGREE_CONTROL/01_C3_SPLITTING_THEOREM.md,,40590128,Filename/path inference; editable in the app
345520,work_packages/BSD_R2_A1_WP11_C3_ODD_DEGREE_CONTROL/02_PRIME_TO_TWO_CONTROL.md,General / shared,3220,Pinned collected revision; final designation governed by team receipt | 2fd9fd643bf3e9e98d121dc2e7af1cf1be411ae2,https://codeload.github.com/grandchallenge/MATHSOLVE/zip/2fd9fd643bf3e9e98d121dc2e7af1cf1be411ae2,,contestants/E10/13-archives/E10-grandchallenge-MATHSOLVE-2fd9fd643bf3e9e98d121dc2e7af1cf1be411ae2.zip,MATHSOLVE-2fd9fd643bf3e9e98d121dc2e7af1cf1be411ae2/work_packages/BSD_R2_A1_WP11_C3_ODD_DEGREE_CONTROL/02_PRIME_TO_TWO_CONTROL.md,,23b87e03,Filename/path inference; editable in the app
348626,work_packages/BSD_R2_A1_WP11_C3_ODD_DEGREE_CONTROL/02_PRIME_TO_TWO_CONTROL.md,General / shared,3220,Latest public revision collected separately; not an author-designated final | adcfa0537f43327f4bb9acfe1692f757fce353c4,https://codeload.github.com/grandchallenge/MATHSOLVE/zip/adcfa0537f43327f4bb9acfe1692f757fce353c4,,contestants/E10/13-archives/E10-grandchallenge-MATHSOLVE-adcfa0537f43327f4bb9acfe1692f757fce353c4.zip,MATHSOLVE-adcfa0537f43327f4bb9acfe1692f757fce353c4/work_packages/BSD_R2_A1_WP11_C3_ODD_DEGREE_CONTROL/02_PRIME_TO_TWO_CONTROL.md,,23b87e03,Filename/path inference; editable in the app
345521,work_packages/BSD_R2_A1_WP11_C3_ODD_DEGREE_CONTROL/03_TAMAGAWA_CONSEQUENCES.md,General / shared,2470,Pinned collected revision; final designation governed by team receipt | 2fd9fd643bf3e9e98d121dc2e7af1cf1be411ae2,https://codeload.github.com/grandchallenge/MATHSOLVE/zip/2fd9fd643bf3e9e98d121dc2e7af1cf1be411ae2,,contestants/E10/13-archives/E10-grandchallenge-MATHSOLVE-2fd9fd643bf3e9e98d121dc2e7af1cf1be411ae2.zip,MATHSOLVE-2fd9fd643bf3e9e98d121dc2e7af1cf1be411ae2/work_packages/BSD_R2_A1_WP11_C3_ODD_DEGREE_CONTROL/03_TAMAGAWA_CONSEQUENCES.md,,c37fbb60,Filename/path inference; editable in the app
348627,work_packages/BSD_R2_A1_WP11_C3_ODD_DEGREE_CONTROL/03_TAMAGAWA_CONSEQUENCES.md,General / shared,2470,Latest public revision collected separately; not an author-designated final | adcfa0537f43327f4bb9acfe1692f757fce353c4,https://codeload.github.com/grandchallenge/MATHSOLVE/zip/adcfa0537f43327f4bb9acfe1692f757fce353c4,,contestants/E10/13-archives/E10-grandchallenge-MATHSOLVE-adcfa0537f43327f4bb9acfe1692f757fce353c4.zip,MATHSOLVE-adcfa0537f43327f4bb9acfe1692f757fce353c4/work_packages/BSD_R2_A1_WP11_C3_ODD_DEGREE_CONTROL/03_TAMAGAWA_CONSEQUENCES.md,,c37fbb60,Filename/path inference; editable in the app
345523,work_packages/BSD_R2_A1_WP11_C3_ODD_DEGREE_CONTROL/05_NEXT_TARGET.md,General / shared,2106,Pinned collected revision; final designation governed by team receipt | 2fd9fd643bf3e9e98d121dc2e7af1cf1be411ae2,https://codeload.github.com/grandchallenge/MATHSOLVE/zip/2fd9fd643bf3e9e98d121dc2e7af1cf1be411ae2,,contestants/E10/13-archives/E10-grandchallenge-MATHSOLVE-2fd9fd643bf3e9e98d121dc2e7af1cf1be411ae2.zip,MATHSOLVE-2fd9fd643bf3e9e98d121dc2e7af1cf1be411ae2/work_packages/BSD_R2_A1_WP11_C3_ODD_DEGREE_CONTROL/05_NEXT_TARGET.md,,b08f50c0,Filename/path inference; editable in the app
348629,work_packages/BSD_R2_A1_WP11_C3_ODD_DEGREE_CONTROL/05_NEXT_TARGET.md,General / shared,2106,Latest public revision collected separately; not an author-designated final | adcfa0537f43327f4bb9acfe1692f757fce353c4,https://codeload.github.com/grandchallenge/MATHSOLVE/zip/adcfa0537f43327f4bb9acfe1692f757fce353c4,,contestants/E10/13-archives/E10-grandchallenge-MATHSOLVE-adcfa0537f43327f4bb9acfe1692f757fce353c4.zip,MATHSOLVE-adcfa0537f43327f4bb9acfe1692f757fce353c4/work_packages/BSD_R2_A1_WP11_C3_ODD_DEGREE_CONTROL/05_NEXT_TARGET.md,,b08f50c0,Filename/path inference; editable in the app
345524,work_packages/BSD_R2_A1_WP12_C3_ELIMINATION/00_README.md,General / shared,2048,Pinned collected revision; final designation governed by team receipt | 2fd9fd643bf3e9e98d121dc2e7af1cf1be411ae2,https://codeload.github.com/grandchallenge/MATHSOLVE/zip/2fd9fd643bf3e9e98d121dc2e7af1cf1be411ae2,,contestants/E10/13-archives/E10-grandchallenge-MATHSOLVE-2fd9fd643bf3e9e98d121dc2e7af1cf1be411ae2.zip,MATHSOLVE-2fd9fd643bf3e9e98d121dc2e7af1cf1be411ae2/work_packages/BSD_R2_A1_WP12_C3_ELIMINATION/00_README.md,,85a5ae83,Filename/path inference; editable in the app
348630,work_packages/BSD_R2_A1_WP12_C3_ELIMINATION/00_README.md,General / shared,2048,Latest public revision collected separately; not an author-designated final | adcfa0537f43327f4bb9acfe1692f757fce353c4,https://codeload.github.com/grandchallenge/MATHSOLVE/zip/adcfa0537f43327f4bb9acfe1692f757fce353c4,,contestants/E10/13-archives/E10-grandchallenge-MATHSOLVE-adcfa0537f43327f4bb9acfe1692f757fce353c4.zip,MATHSOLVE-adcfa0537f43327f4bb9acfe1692f757fce353c4/work_packages/BSD_R2_A1_WP12_C3_ELIMINATION/00_README.md,,85a5ae83,Filename/path inference; editable in the app
345525,work_packages/BSD_R2_A1_WP12_C3_ELIMINATION/01_C3_ELIMINATION_THEOREM.md,General / shared,3296,Pinned collected revision; final designation governed by team receipt | 2fd9fd643bf3e9e98d121dc2e7af1cf1be411ae2,https://codeload.github.com/grandchallenge/MATHSOLVE/zip/2fd9fd643bf3e9e98d121dc2e7af1cf1be411ae2,,contestants/E10/13-archives/E10-grandchallenge-MATHSOLVE-2fd9fd643bf3e9e98d121dc2e7af1cf1be411ae2.zip,MATHSOLVE-2fd9fd643bf3e9e98d121dc2e7af1cf1be411ae2/work_packages/BSD_R2_A1_WP12_C3_ELIMINATION/01_C3_ELIMINATION_THEOREM.md,,11cb5313,Filename/path inference; editable in the app
348631,work_packages/BSD_R2_A1_WP12_C3_ELIMINATION/01_C3_ELIMINATION_THEOREM.md,General / shared,3296,Latest public revision collected separately; not an author-designated final | adcfa0537f43327f4bb9acfe1692f757fce353c4,https://codeload.github.com/grandchallenge/MATHSOLVE/zip/adcfa0537f43327f4bb9acfe1692f757fce353c4,,contestants/E10/13-archives/E10-grandchallenge-MATHSOLVE-adcfa0537f43327f4bb9acfe1692f757fce353c4.zip,MATHSOLVE-adcfa0537f43327f4bb9acfe1692f757fce353c4/work_packages/BSD_R2_A1_WP12_C3_ELIMINATION/01_C3_ELIMINATION_THEOREM.md,,11cb5313,Filename/path inference; editable in the app
345527,work_packages/BSD_R2_A1_WP12_C3_ELIMINATION/03_NEXT_TARGET.md,General / shared,1913,Pinned collected revision; final designation governed by team receipt | 2fd9fd643bf3e9e98d121dc2e7af1cf1be411ae2,https://codeload.github.com/grandchallenge/MATHSOLVE/zip/2fd9fd643bf3e9e98d121dc2e7af1cf1be411ae2,,contestants/E10/13-archives/E10-grandchallenge-MATHSOLVE-2fd9fd643bf3e9e98d121dc2e7af1cf1be411ae2.zip,MATHSOLVE-2fd9fd643bf3e9e98d121dc2e7af1cf1be411ae2/work_packages/BSD_R2_A1_WP12_C3_ELIMINATION/03_NEXT_TARGET.md,,0e9ec8c3,Filename/path inference; editable in the app
348633,work_packages/BSD_R2_A1_WP12_C3_ELIMINATION/03_NEXT_TARGET.md,General / shared,1913,Latest public revision collected separately; not an author-designated final | adcfa0537f43327f4bb9acfe1692f757fce353c4,https://codeload.github.com/grandchallenge/MATHSOLVE/zip/adcfa0537f43327f4bb9acfe1692f757fce353c4,,contestants/E10/13-archives/E10-grandchallenge-MATHSOLVE-adcfa0537f43327f4bb9acfe1692f757fce353c4.zip,MATHSOLVE-adcfa0537f43327f4bb9acfe1692f757fce353c4/work_packages/BSD_R2_A1_WP12_C3_ELIMINATION/03_NEXT_TARGET.md,,0e9ec8c3,Filename/path inference; editable in the app
345528,work_packages/BSD_R2_A1_WP13_TAMAGAWA_INERTIA_DEPTH/00_README.md,General / shared,1818,Pinned collected revision; final designation governed by team receipt | 2fd9fd643bf3e9e98d121dc2e7af1cf1be411ae2,https://codeload.github.com/grandchallenge/MATHSOLVE/zip/2fd9fd643bf3e9e98d121dc2e7af1cf1be411ae2,,contestants/E10/13-archives/E10-grandchallenge-MATHSOLVE-2fd9fd643bf3e9e98d121dc2e7af1cf1be411ae2.zip,MATHSOLVE-2fd9fd643bf3e9e98d121dc2e7af1cf1be411ae2/work_packages/BSD_R2_A1_WP13_TAMAGAWA_INERTIA_DEPTH/00_README.md,,2adbd69d,Filename/path inference; editable in the app
348634,work_packages/BSD_R2_A1_WP13_TAMAGAWA_INERTIA_DEPTH/00_README.md,General / shared,1818,Latest public revision collected separately; not an author-designated final | adcfa0537f43327f4bb9acfe1692f757fce353c4,https://codeload.github.com/grandchallenge/MATHSOLVE/zip/adcfa0537f43327f4bb9acfe1692f757fce353c4,,contestants/E10/13-archives/E10-grandchallenge-MATHSOLVE-adcfa0537f43327f4bb9acfe1692f757fce353c4.zip,MATHSOLVE-adcfa0537f43327f4bb9acfe1692f757fce353c4/work_packages/BSD_R2_A1_WP13_TAMAGAWA_INERTIA_DEPTH/00_README.md,,2adbd69d,Filename/path inference; editable in the app
345529,work_packages/BSD_R2_A1_WP13_TAMAGAWA_INERTIA_DEPTH/01_LOCAL_INERTIA_THEOREM.md,General / shared,4225,Pinned collected revision; final designation governed by team receipt | 2fd9fd643bf3e9e98d121dc2e7af1cf1be411ae2,https://codeload.github.com/grandchallenge/MATHSOLVE/zip/2fd9fd643bf3e9e98d121dc2e7af1cf1be411ae2,,contestants/E10/13-archives/E10-grandchallenge-MATHSOLVE-2fd9fd643bf3e9e98d121dc2e7af1cf1be411ae2.zip,MATHSOLVE-2fd9fd643bf3e9e98d121dc2e7af1cf1be411ae2/work_packages/BSD_R2_A1_WP13_TAMAGAWA_INERTIA_DEPTH/01_LOCAL_INERTIA_THEOREM.md,,942a7a4d,Filename/path inference; editable in the app
348635,work_packages/BSD_R2_A1_WP13_TAMAGAWA_INERTIA_DEPTH/01_LOCAL_INERTIA_THEOREM.md,General / shared,4225,Latest public revision collected separately; not an author-designated final | adcfa0537f43327f4bb9acfe1692f757fce353c4,https://codeload.github.com/grandchallenge/MATHSOLVE/zip/adcfa0537f43327f4bb9acfe1692f757fce353c4,,contestants/E10/13-archives/E10-grandchallenge-MATHSOLVE-adcfa0537f43327f4bb9acfe1692f757fce353c4.zip,MATHSOLVE-adcfa0537f43327f4bb9acfe1692f757fce353c4/work_packages/BSD_R2_A1_WP13_TAMAGAWA_INERTIA_DEPTH/01_LOCAL_INERTIA_THEOREM.md,,942a7a4d,Filename/path inference; editable in the app
345531,work_packages/BSD_R2_A1_WP13_TAMAGAWA_INERTIA_DEPTH/03_NEXT_TARGET.md,General / shared,2224,Pinned collected revision; final designation governed by team receipt | 2fd9fd643bf3e9e98d121dc2e7af1cf1be411ae2,https://codeload.github.com/grandchallenge/MATHSOLVE/zip/2fd9fd643bf3e9e98d121dc2e7af1cf1be411ae2,,contestants/E10/13-archives/E10-grandchallenge-MATHSOLVE-2fd9fd643bf3e9e98d121dc2e7af1cf1be411ae2.zip,MATHSOLVE-2fd9fd643bf3e9e98d121dc2e7af1cf1be411ae2/work_packages/BSD_R2_A1_WP13_TAMAGAWA_INERTIA_DEPTH/03_NEXT_TARGET.md,,c607e723,Filename/path inference; editable in the app
348637,work_packages/BSD_R2_A1_WP13_TAMAGAWA_INERTIA_DEPTH/03_NEXT_TARGET.md,General / shared,2224,Latest public revision collected separately; not an author-designated final | adcfa0537f43327f4bb9acfe1692f757fce353c4,https://codeload.github.com/grandchallenge/MATHSOLVE/zip/adcfa0537f43327f4bb9acfe1692f757fce353c4,,contestants/E10/13-archives/E10-grandchallenge-MATHSOLVE-adcfa0537f43327f4bb9acfe1692f757fce353c4.zip,MATHSOLVE-adcfa0537f43327f4bb9acfe1692f757fce353c4/work_packages/BSD_R2_A1_WP13_TAMAGAWA_INERTIA_DEPTH/03_NEXT_TARGET.md,,c607e723,Filename/path inference; editable in the app
345532,work_packages/BSD_R2_A1_WP14_CHAO_LI_APPLICABILITY/00_README.md,General / shared,2382,Pinned collected revision; final designation governed by team receipt | 2fd9fd643bf3e9e98d121dc2e7af1cf1be411ae2,https://codeload.github.com/grandchallenge/MATHSOLVE/zip/2fd9fd643bf3e9e98d121dc2e7af1cf1be411ae2,,contestants/E10/13-archives/E10-grandchallenge-MATHSOLVE-2fd9fd643bf3e9e98d121dc2e7af1cf1be411ae2.zip,MATHSOLVE-2fd9fd643bf3e9e98d121dc2e7af1cf1be411ae2/work_packages/BSD_R2_A1_WP14_CHAO_LI_APPLICABILITY/00_README.md,,470b3a75,Filename/path inference; editable in the app
348638,work_packages/BSD_R2_A1_WP14_CHAO_LI_APPLICABILITY/00_README.md,General / shared,2382,Latest public revision collected separately; not an author-designated final | adcfa0537f43327f4bb9acfe1692f757fce353c4,https://codeload.github.com/grandchallenge/MATHSOLVE/zip/adcfa0537f43327f4bb9acfe1692f757fce353c4,,contestants/E10/13-archives/E10-grandchallenge-MATHSOLVE-adcfa0537f43327f4bb9acfe1692f757fce353c4.zip,MATHSOLVE-adcfa0537f43327f4bb9acfe1692f757fce353c4/work_packages/BSD_R2_A1_WP14_CHAO_LI_APPLICABILITY/00_README.md,,470b3a75,Filename/path inference; editable in the app
345533,work_packages/BSD_R2_A1_WP14_CHAO_LI_APPLICABILITY/01_ASSUMPTION_MATRIX.md,General / shared,3677,Pinned collected revision; final designation governed by team receipt | 2fd9fd643bf3e9e98d121dc2e7af1cf1be411ae2,https://codeload.github.com/grandchallenge/MATHSOLVE/zip/2fd9fd643bf3e9e98d121dc2e7af1cf1be411ae2,,contestants/E10/13-archives/E10-grandchallenge-MATHSOLVE-2fd9fd643bf3e9e98d121dc2e7af1cf1be411ae2.zip,MATHSOLVE-2fd9fd643bf3e9e98d121dc2e7af1cf1be411ae2/work_packages/BSD_R2_A1_WP14_CHAO_LI_APPLICABILITY/01_ASSUMPTION_MATRIX.md,,4cbfdd97,Filename/path inference; editable in the app
348639,work_packages/BSD_R2_A1_WP14_CHAO_LI_APPLICABILITY/01_ASSUMPTION_MATRIX.md,General / shared,3677,Latest public revision collected separately; not an author-designated final | adcfa0537f43327f4bb9acfe1692f757fce353c4,https://codeload.github.com/grandchallenge/MATHSOLVE/zip/adcfa0537f43327f4bb9acfe1692f757fce353c4,,contestants/E10/13-archives/E10-grandchallenge-MATHSOLVE-adcfa0537f43327f4bb9acfe1692f757fce353c4.zip,MATHSOLVE-adcfa0537f43327f4bb9acfe1692f757fce353c4/work_packages/BSD_R2_A1_WP14_CHAO_LI_APPLICABILITY/01_ASSUMPTION_MATRIX.md,,4cbfdd97,Filename/path inference; editable in the app
345534,work_packages/BSD_R2_A1_WP14_CHAO_LI_APPLICABILITY/02_LEVEL_RAISING_Q_LEMMA.md,General / shared,2311,Pinned collected revision; final designation governed by team receipt | 2fd9fd643bf3e9e98d121dc2e7af1cf1be411ae2,https://codeload.github.com/grandchallenge/MATHSOLVE/zip/2fd9fd643bf3e9e98d121dc2e7af1cf1be411ae2,,contestants/E10/13-archives/E10-grandchallenge-MATHSOLVE-2fd9fd643bf3e9e98d121dc2e7af1cf1be411ae2.zip,MATHSOLVE-2fd9fd643bf3e9e98d121dc2e7af1cf1be411ae2/work_packages/BSD_R2_A1_WP14_CHAO_LI_APPLICABILITY/02_LEVEL_RAISING_Q_LEMMA.md,,eafdc64e,Filename/path inference; editable in the app
348640,work_packages/BSD_R2_A1_WP14_CHAO_LI_APPLICABILITY/02_LEVEL_RAISING_Q_LEMMA.md,General / shared,2311,Latest public revision collected separately; not an author-designated final | adcfa0537f43327f4bb9acfe1692f757fce353c4,https://codeload.github.com/grandchallenge/MATHSOLVE/zip/adcfa0537f43327f4bb9acfe1692f757fce353c4,,contestants/E10/13-archives/E10-grandchallenge-MATHSOLVE-adcfa0537f43327f4bb9acfe1692f757fce353c4.zip,MATHSOLVE-adcfa0537f43327f4bb9acfe1692f757fce353c4/work_packages/BSD_R2_A1_WP14_CHAO_LI_APPLICABILITY/02_LEVEL_RAISING_Q_LEMMA.md,,eafdc64e,Filename/path inference; editable in the app
345535,work_packages/BSD_R2_A1_WP14_CHAO_LI_APPLICABILITY/03_MINIMAL_SELMER_REDUCTION.md,General / shared,2246,Pinned collected revision; final designation governed by team receipt | 2fd9fd643bf3e9e98d121dc2e7af1cf1be411ae2,https://codeload.github.com/grandchallenge/MATHSOLVE/zip/2fd9fd643bf3e9e98d121dc2e7af1cf1be411ae2,,contestants/E10/13-archives/E10-grandchallenge-MATHSOLVE-2fd9fd643bf3e9e98d121dc2e7af1cf1be411ae2.zip,MATHSOLVE-2fd9fd643bf3e9e98d121dc2e7af1cf1be411ae2/work_packages/BSD_R2_A1_WP14_CHAO_LI_APPLICABILITY/03_MINIMAL_SELMER_REDUCTION.md,,2ae6048a,Filename/path inference; editable in the app
348641,work_packages/BSD_R2_A1_WP14_CHAO_LI_APPLICABILITY/03_MINIMAL_SELMER_REDUCTION.md,General / shared,2246,Latest public revision collected separately; not an author-designated final | adcfa0537f43327f4bb9acfe1692f757fce353c4,https://codeload.github.com/grandchallenge/MATHSOLVE/zip/adcfa0537f43327f4bb9acfe1692f757fce353c4,,contestants/E10/13-archives/E10-grandchallenge-MATHSOLVE-adcfa0537f43327f4bb9acfe1692f757fce353c4.zip,MATHSOLVE-adcfa0537f43327f4bb9acfe1692f757fce353c4/work_packages/BSD_R2_A1_WP14_CHAO_LI_APPLICABILITY/03_MINIMAL_SELMER_REDUCTION.md,,2ae6048a,Filename/path inference; editable in the app
345537,work_packages/BSD_R2_A1_WP14_CHAO_LI_APPLICABILITY/05_NEXT_BOUNDARY.md,General / shared,3431,Pinned collected revision; final designation governed by team receipt | 2fd9fd643bf3e9e98d121dc2e7af1cf1be411ae2,https://codeload.github.com/grandchallenge/MATHSOLVE/zip/2fd9fd643bf3e9e98d121dc2e7af1cf1be411ae2,,contestants/E10/13-archives/E10-grandchallenge-MATHSOLVE-2fd9fd643bf3e9e98d121dc2e7af1cf1be411ae2.zip,MATHSOLVE-2fd9fd643bf3e9e98d121dc2e7af1cf1be411ae2/work_packages/BSD_R2_A1_WP14_CHAO_LI_APPLICABILITY/05_NEXT_BOUNDARY.md,,6bd8374b,Filename/path inference; editable in the app
348643,work_packages/BSD_R2_A1_WP14_CHAO_LI_APPLICABILITY/05_NEXT_BOUNDARY.md,General / shared,3431,Latest public revision collected separately; not an author-designated final | adcfa0537f43327f4bb9acfe1692f757fce353c4,https://codeload.github.com/grandchallenge/MATHSOLVE/zip/adcfa0537f43327f4bb9acfe1692f757fce353c4,,contestants/E10/13-archives/E10-grandchallenge-MATHSOLVE-adcfa0537f43327f4bb9acfe1692f757fce353c4.zip,MATHSOLVE-adcfa0537f43327f4bb9acfe1692f757fce353c4/work_packages/BSD_R2_A1_WP14_CHAO_LI_APPLICABILITY/05_NEXT_BOUNDARY.md,,6bd8374b,Filename/path inference; editable in the app
345538,work_packages/BSD_R2_A1_WP15_P2_LENGTH_SOURCE_CLOSURE/00_README.md,General / shared,1990,Pinned collected revision; final designation governed by team receipt | 2fd9fd643bf3e9e98d121dc2e7af1cf1be411ae2,https://codeload.github.com/grandchallenge/MATHSOLVE/zip/2fd9fd643bf3e9e98d121dc2e7af1cf1be411ae2,,contestants/E10/13-archives/E10-grandchallenge-MATHSOLVE-2fd9fd643bf3e9e98d121dc2e7af1cf1be411ae2.zip,MATHSOLVE-2fd9fd643bf3e9e98d121dc2e7af1cf1be411ae2/work_packages/BSD_R2_A1_WP15_P2_LENGTH_SOURCE_CLOSURE/00_README.md,,288da3f6,Filename/path inference; editable in the app
348644,work_packages/BSD_R2_A1_WP15_P2_LENGTH_SOURCE_CLOSURE/00_README.md,General / shared,1990,Latest public revision collected separately; not an author-designated final | adcfa0537f43327f4bb9acfe1692f757fce353c4,https://codeload.github.com/grandchallenge/MATHSOLVE/zip/adcfa0537f43327f4bb9acfe1692f757fce353c4,,contestants/E10/13-archives/E10-grandchallenge-MATHSOLVE-adcfa0537f43327f4bb9acfe1692f757fce353c4.zip,MATHSOLVE-adcfa0537f43327f4bb9acfe1692f757fce353c4/work_packages/BSD_R2_A1_WP15_P2_LENGTH_SOURCE_CLOSURE/00_README.md,,288da3f6,Filename/path inference; editable in the app
345539,work_packages/BSD_R2_A1_WP15_P2_LENGTH_SOURCE_CLOSURE/01_SQUARECLASS_PARITY_LEMMA.md,General / shared,4295,Pinned collected revision; final designation governed by team receipt | 2fd9fd643bf3e9e98d121dc2e7af1cf1be411ae2,https://codeload.github.com/grandchallenge/MATHSOLVE/zip/2fd9fd643bf3e9e98d121dc2e7af1cf1be411ae2,,contestants/E10/13-archives/E10-grandchallenge-MATHSOLVE-2fd9fd643bf3e9e98d121dc2e7af1cf1be411ae2.zip,MATHSOLVE-2fd9fd643bf3e9e98d121dc2e7af1cf1be411ae2/work_packages/BSD_R2_A1_WP15_P2_LENGTH_SOURCE_CLOSURE/01_SQUARECLASS_PARITY_LEMMA.md,,a96ec274,Filename/path inference; editable in the app
348645,work_packages/BSD_R2_A1_WP15_P2_LENGTH_SOURCE_CLOSURE/01_SQUARECLASS_PARITY_LEMMA.md,General / shared,4295,Latest public revision collected separately; not an author-designated final | adcfa0537f43327f4bb9acfe1692f757fce353c4,https://codeload.github.com/grandchallenge/MATHSOLVE/zip/adcfa0537f43327f4bb9acfe1692f757fce353c4,,contestants/E10/13-archives/E10-grandchallenge-MATHSOLVE-adcfa0537f43327f4bb9acfe1692f757fce353c4.zip,MATHSOLVE-adcfa0537f43327f4bb9acfe1692f757fce353c4/work_packages/BSD_R2_A1_WP15_P2_LENGTH_SOURCE_CLOSURE/01_SQUARECLASS_PARITY_LEMMA.md,,a96ec274,Filename/path inference; editable in the app
345540,work_packages/BSD_R2_A1_WP15_P2_LENGTH_SOURCE_CLOSURE/02_SOURCE_COMPOSITION_MATRIX.md,General / shared,3861,Pinned collected revision; final designation governed by team receipt | 2fd9fd643bf3e9e98d121dc2e7af1cf1be411ae2,https://codeload.github.com/grandchallenge/MATHSOLVE/zip/2fd9fd643bf3e9e98d121dc2e7af1cf1be411ae2,,contestants/E10/13-archives/E10-grandchallenge-MATHSOLVE-2fd9fd643bf3e9e98d121dc2e7af1cf1be411ae2.zip,MATHSOLVE-2fd9fd643bf3e9e98d121dc2e7af1cf1be411ae2/work_packages/BSD_R2_A1_WP15_P2_LENGTH_SOURCE_CLOSURE/02_SOURCE_COMPOSITION_MATRIX.md,,d2cd7a15,Filename/path inference; editable in the app
348646,work_packages/BSD_R2_A1_WP15_P2_LENGTH_SOURCE_CLOSURE/02_SOURCE_COMPOSITION_MATRIX.md,General / shared,3861,Latest public revision collected separately; not an author-designated final | adcfa0537f43327f4bb9acfe1692f757fce353c4,https://codeload.github.com/grandchallenge/MATHSOLVE/zip/adcfa0537f43327f4bb9acfe1692f757fce353c4,,contestants/E10/13-archives/E10-grandchallenge-MATHSOLVE-adcfa0537f43327f4bb9acfe1692f757fce353c4.zip,MATHSOLVE-adcfa0537f43327f4bb9acfe1692f757fce353c4/work_packages/BSD_R2_A1_WP15_P2_LENGTH_SOURCE_CLOSURE/02_SOURCE_COMPOSITION_MATRIX.md,,d2cd7a15,Filename/path inference; editable in the app
345542,work_packages/BSD_R2_A1_WP15_P2_LENGTH_SOURCE_CLOSURE/04_NEXT_BOUNDARY.md,General / shared,3226,Pinned collected revision; final designation governed by team receipt | 2fd9fd643bf3e9e98d121dc2e7af1cf1be411ae2,https://codeload.github.com/grandchallenge/MATHSOLVE/zip/2fd9fd643bf3e9e98d121dc2e7af1cf1be411ae2,,contestants/E10/13-archives/E10-grandchallenge-MATHSOLVE-2fd9fd643bf3e9e98d121dc2e7af1cf1be411ae2.zip,MATHSOLVE-2fd9fd643bf3e9e98d121dc2e7af1cf1be411ae2/work_packages/BSD_R2_A1_WP15_P2_LENGTH_SOURCE_CLOSURE/04_NEXT_BOUNDARY.md,,4f2e8737,Filename/path inference; editable in the app
348648,work_packages/BSD_R2_A1_WP15_P2_LENGTH_SOURCE_CLOSURE/04_NEXT_BOUNDARY.md,General / shared,3226,Latest public revision collected separately; not an author-designated final | adcfa0537f43327f4bb9acfe1692f757fce353c4,https://codeload.github.com/grandchallenge/MATHSOLVE/zip/adcfa0537f43327f4bb9acfe1692f757fce353c4,,contestants/E10/13-archives/E10-grandchallenge-MATHSOLVE-adcfa0537f43327f4bb9acfe1692f757fce353c4.zip,MATHSOLVE-adcfa0537f43327f4bb9acfe1692f757fce353c4/work_packages/BSD_R2_A1_WP15_P2_LENGTH_SOURCE_CLOSURE/04_NEXT_BOUNDARY.md,,4f2e8737,Filename/path inference; editable in the app
345543,work_packages/BSD_R2_A1_WP16A_FINITE_SELMER_STABILIZATION/00_README.md,General / shared,3129,Pinned collected revision; final designation governed by team receipt | 2fd9fd643bf3e9e98d121dc2e7af1cf1be411ae2,https://codeload.github.com/grandchallenge/MATHSOLVE/zip/2fd9fd643bf3e9e98d121dc2e7af1cf1be411ae2,,contestants/E10/13-archives/E10-grandchallenge-MATHSOLVE-2fd9fd643bf3e9e98d121dc2e7af1cf1be411ae2.zip,MATHSOLVE-2fd9fd643bf3e9e98d121dc2e7af1cf1be411ae2/work_packages/BSD_R2_A1_WP16A_FINITE_SELMER_STABILIZATION/00_README.md,,76fc324d,Filename/path inference; editable in the app
348649,work_packages/BSD_R2_A1_WP16A_FINITE_SELMER_STABILIZATION/00_README.md,General / shared,3129,Latest public revision collected separately; not an author-designated final | adcfa0537f43327f4bb9acfe1692f757fce353c4,https://codeload.github.com/grandchallenge/MATHSOLVE/zip/adcfa0537f43327f4bb9acfe1692f757fce353c4,,contestants/E10/13-archives/E10-grandchallenge-MATHSOLVE-adcfa0537f43327f4bb9acfe1692f757fce353c4.zip,MATHSOLVE-adcfa0537f43327f4bb9acfe1692f757fce353c4/work_packages/BSD_R2_A1_WP16A_FINITE_SELMER_STABILIZATION/00_README.md,,76fc324d,Filename/path inference; editable in the app
345544,work_packages/BSD_R2_A1_WP16A_FINITE_SELMER_STABILIZATION/01_FINITE_LEVEL_STABILIZATION_THEOREM.md,General / shared,4827,Pinned collected revision; final designation governed by team receipt | 2fd9fd643bf3e9e98d121dc2e7af1cf1be411ae2,https://codeload.github.com/grandchallenge/MATHSOLVE/zip/2fd9fd643bf3e9e98d121dc2e7af1cf1be411ae2,,contestants/E10/13-archives/E10-grandchallenge-MATHSOLVE-2fd9fd643bf3e9e98d121dc2e7af1cf1be411ae2.zip,MATHSOLVE-2fd9fd643bf3e9e98d121dc2e7af1cf1be411ae2/work_packages/BSD_R2_A1_WP16A_FINITE_SELMER_STABILIZATION/01_FINITE_LEVEL_STABILIZATION_THEOREM.md,,b822c7fd,Filename/path inference; editable in the app
348650,work_packages/BSD_R2_A1_WP16A_FINITE_SELMER_STABILIZATION/01_FINITE_LEVEL_STABILIZATION_THEOREM.md,General / shared,4827,Latest public revision collected separately; not an author-designated final | adcfa0537f43327f4bb9acfe1692f757fce353c4,https://codeload.github.com/grandchallenge/MATHSOLVE/zip/adcfa0537f43327f4bb9acfe1692f757fce353c4,,contestants/E10/13-archives/E10-grandchallenge-MATHSOLVE-adcfa0537f43327f4bb9acfe1692f757fce353c4.zip,MATHSOLVE-adcfa0537f43327f4bb9acfe1692f757fce353c4/work_packages/BSD_R2_A1_WP16A_FINITE_SELMER_STABILIZATION/01_FINITE_LEVEL_STABILIZATION_THEOREM.md,,b822c7fd,Filename/path inference; editable in the app
345546,work_packages/BSD_R2_A1_WP16B_INTEGRAL_SELMER_FITTING/00_README.md,General / shared,5155,Pinned collected revision; final designation governed by team receipt | 2fd9fd643bf3e9e98d121dc2e7af1cf1be411ae2,https://codeload.github.com/grandchallenge/MATHSOLVE/zip/2fd9fd643bf3e9e98d121dc2e7af1cf1be411ae2,,contestants/E10/13-archives/E10-grandchallenge-MATHSOLVE-2fd9fd643bf3e9e98d121dc2e7af1cf1be411ae2.zip,MATHSOLVE-2fd9fd643bf3e9e98d121dc2e7af1cf1be411ae2/work_packages/BSD_R2_A1_WP16B_INTEGRAL_SELMER_FITTING/00_README.md,,01546d55,Filename/path inference; editable in the app
348652,work_packages/BSD_R2_A1_WP16B_INTEGRAL_SELMER_FITTING/00_README.md,General / shared,5155,Latest public revision collected separately; not an author-designated final | adcfa0537f43327f4bb9acfe1692f757fce353c4,https://codeload.github.com/grandchallenge/MATHSOLVE/zip/adcfa0537f43327f4bb9acfe1692f757fce353c4,,contestants/E10/13-archives/E10-grandchallenge-MATHSOLVE-adcfa0537f43327f4bb9acfe1692f757fce353c4.zip,MATHSOLVE-adcfa0537f43327f4bb9acfe1692f757fce353c4/work_packages/BSD_R2_A1_WP16B_INTEGRAL_SELMER_FITTING/00_README.md,,01546d55,Filename/path inference; editable in the app
345547,work_packages/BSD_R2_A1_WP16B_INTEGRAL_SELMER_FITTING/01_PRIMITIVE_DUAL_SELMER_FITTING_THEOREM.md,General / shared,10068,Pinned collected revision; final designation governed by team receipt | 2fd9fd643bf3e9e98d121dc2e7af1cf1be411ae2,https://codeload.github.com/grandchallenge/MATHSOLVE/zip/2fd9fd643bf3e9e98d121dc2e7af1cf1be411ae2,,contestants/E10/13-archives/E10-grandchallenge-MATHSOLVE-2fd9fd643bf3e9e98d121dc2e7af1cf1be411ae2.zip,MATHSOLVE-2fd9fd643bf3e9e98d121dc2e7af1cf1be411ae2/work_packages/BSD_R2_A1_WP16B_INTEGRAL_SELMER_FITTING/01_PRIMITIVE_DUAL_SELMER_FITTING_THEOREM.md,,59d682b8,Filename/path inference; editable in the app
348653,work_packages/BSD_R2_A1_WP16B_INTEGRAL_SELMER_FITTING/01_PRIMITIVE_DUAL_SELMER_FITTING_THEOREM.md,General / shared,10068,Latest public revision collected separately; not an author-designated final | adcfa0537f43327f4bb9acfe1692f757fce353c4,https://codeload.github.com/grandchallenge/MATHSOLVE/zip/adcfa0537f43327f4bb9acfe1692f757fce353c4,,contestants/E10/13-archives/E10-grandchallenge-MATHSOLVE-adcfa0537f43327f4bb9acfe1692f757fce353c4.zip,MATHSOLVE-adcfa0537f43327f4bb9acfe1692f757fce353c4/work_packages/BSD_R2_A1_WP16B_INTEGRAL_SELMER_FITTING/01_PRIMITIVE_DUAL_SELMER_FITTING_THEOREM.md,,59d682b8,Filename/path inference; editable in the app
345548,work_packages/BSD_R2_A1_WP16B_INTEGRAL_SELMER_FITTING/02_LOCAL_NORMALIZATION_MATRIX.md,General / shared,5896,Pinned collected revision; final designation governed by team receipt | 2fd9fd643bf3e9e98d121dc2e7af1cf1be411ae2,https://codeload.github.com/grandchallenge/MATHSOLVE/zip/2fd9fd643bf3e9e98d121dc2e7af1cf1be411ae2,,contestants/E10/13-archives/E10-grandchallenge-MATHSOLVE-2fd9fd643bf3e9e98d121dc2e7af1cf1be411ae2.zip,MATHSOLVE-2fd9fd643bf3e9e98d121dc2e7af1cf1be411ae2/work_packages/BSD_R2_A1_WP16B_INTEGRAL_SELMER_FITTING/02_LOCAL_NORMALIZATION_MATRIX.md,,85647b66,Filename/path inference; editable in the app
348654,work_packages/BSD_R2_A1_WP16B_INTEGRAL_SELMER_FITTING/02_LOCAL_NORMALIZATION_MATRIX.md,General / shared,5896,Latest public revision collected separately; not an author-designated final | adcfa0537f43327f4bb9acfe1692f757fce353c4,https://codeload.github.com/grandchallenge/MATHSOLVE/zip/adcfa0537f43327f4bb9acfe1692f757fce353c4,,contestants/E10/13-archives/E10-grandchallenge-MATHSOLVE-adcfa0537f43327f4bb9acfe1692f757fce353c4.zip,MATHSOLVE-adcfa0537f43327f4bb9acfe1692f757fce353c4/work_packages/BSD_R2_A1_WP16B_INTEGRAL_SELMER_FITTING/02_LOCAL_NORMALIZATION_MATRIX.md,,85647b66,Filename/path inference; editable in the app
345550,work_packages/BSD_R2_A1_WP18A_RECON_COHORT/00_README.md,General / shared,5963,Pinned collected revision; final designation governed by team receipt | 2fd9fd643bf3e9e98d121dc2e7af1cf1be411ae2,https://codeload.github.com/grandchallenge/MATHSOLVE/zip/2fd9fd643bf3e9e98d121dc2e7af1cf1be411ae2,,contestants/E10/13-archives/E10-grandchallenge-MATHSOLVE-2fd9fd643bf3e9e98d121dc2e7af1cf1be411ae2.zip,MATHSOLVE-2fd9fd643bf3e9e98d121dc2e7af1cf1be411ae2/work_packages/BSD_R2_A1_WP18A_RECON_COHORT/00_README.md,,bf7b95bf,Filename/path inference; editable in the app
348656,work_packages/BSD_R2_A1_WP18A_RECON_COHORT/00_README.md,General / shared,5963,Latest public revision collected separately; not an author-designated final | adcfa0537f43327f4bb9acfe1692f757fce353c4,https://codeload.github.com/grandchallenge/MATHSOLVE/zip/adcfa0537f43327f4bb9acfe1692f757fce353c4,,contestants/E10/13-archives/E10-grandchallenge-MATHSOLVE-adcfa0537f43327f4bb9acfe1692f757fce353c4.zip,MATHSOLVE-adcfa0537f43327f4bb9acfe1692f757fce353c4/work_packages/BSD_R2_A1_WP18A_RECON_COHORT/00_README.md,,bf7b95bf,Filename/path inference; editable in the app
345553,work_packages/BSD_R2_A1_WP18B_SELMER2/00_README.md,General / shared,5143,Pinned collected revision; final designation governed by team receipt | 2fd9fd643bf3e9e98d121dc2e7af1cf1be411ae2,https://codeload.github.com/grandchallenge/MATHSOLVE/zip/2fd9fd643bf3e9e98d121dc2e7af1cf1be411ae2,,contestants/E10/13-archives/E10-grandchallenge-MATHSOLVE-2fd9fd643bf3e9e98d121dc2e7af1cf1be411ae2.zip,MATHSOLVE-2fd9fd643bf3e9e98d121dc2e7af1cf1be411ae2/work_packages/BSD_R2_A1_WP18B_SELMER2/00_README.md,,1c49ea88,Filename/path inference; editable in the app
348659,work_packages/BSD_R2_A1_WP18B_SELMER2/00_README.md,General / shared,5143,Latest public revision collected separately; not an author-designated final | adcfa0537f43327f4bb9acfe1692f757fce353c4,https://codeload.github.com/grandchallenge/MATHSOLVE/zip/adcfa0537f43327f4bb9acfe1692f757fce353c4,,contestants/E10/13-archives/E10-grandchallenge-MATHSOLVE-adcfa0537f43327f4bb9acfe1692f757fce353c4.zip,MATHSOLVE-adcfa0537f43327f4bb9acfe1692f757fce353c4/work_packages/BSD_R2_A1_WP18B_SELMER2/00_README.md,,1c49ea88,Filename/path inference; editable in the app
345557,work_packages/BSD_R2_A1_WP18C_ANALYTIC_DELTA2/00_README.md,General / shared,7254,Pinned collected revision; final designation governed by team receipt | 2fd9fd643bf3e9e98d121dc2e7af1cf1be411ae2,https://codeload.github.com/grandchallenge/MATHSOLVE/zip/2fd9fd643bf3e9e98d121dc2e7af1cf1be411ae2,,contestants/E10/13-archives/E10-grandchallenge-MATHSOLVE-2fd9fd643bf3e9e98d121dc2e7af1cf1be411ae2.zip,MATHSOLVE-2fd9fd643bf3e9e98d121dc2e7af1cf1be411ae2/work_packages/BSD_R2_A1_WP18C_ANALYTIC_DELTA2/00_README.md,,be8013c5,Filename/path inference; editable in the app
348663,work_packages/BSD_R2_A1_WP18C_ANALYTIC_DELTA2/00_README.md,General / shared,7254,Latest public revision collected separately; not an author-designated final | adcfa0537f43327f4bb9acfe1692f757fce353c4,https://codeload.github.com/grandchallenge/MATHSOLVE/zip/adcfa0537f43327f4bb9acfe1692f757fce353c4,,contestants/E10/13-archives/E10-grandchallenge-MATHSOLVE-adcfa0537f43327f4bb9acfe1692f757fce353c4.zip,MATHSOLVE-adcfa0537f43327f4bb9acfe1692f757fce353c4/work_packages/BSD_R2_A1_WP18C_ANALYTIC_DELTA2/00_README.md,,be8013c5,Filename/path inference; editable in the app
345559,work_packages/BSD_R2_A1_WP19_DERIVED_PRIMITIVE_FITTING/00_README.md,General / shared,3846,Pinned collected revision; final designation governed by team receipt | 2fd9fd643bf3e9e98d121dc2e7af1cf1be411ae2,https://codeload.github.com/grandchallenge/MATHSOLVE/zip/2fd9fd643bf3e9e98d121dc2e7af1cf1be411ae2,,contestants/E10/13-archives/E10-grandchallenge-MATHSOLVE-2fd9fd643bf3e9e98d121dc2e7af1cf1be411ae2.zip,MATHSOLVE-2fd9fd643bf3e9e98d121dc2e7af1cf1be411ae2/work_packages/BSD_R2_A1_WP19_DERIVED_PRIMITIVE_FITTING/00_README.md,,afc90e65,Filename/path inference; editable in the app
348665,work_packages/BSD_R2_A1_WP19_DERIVED_PRIMITIVE_FITTING/00_README.md,General / shared,3846,Latest public revision collected separately; not an author-designated final | adcfa0537f43327f4bb9acfe1692f757fce353c4,https://codeload.github.com/grandchallenge/MATHSOLVE/zip/adcfa0537f43327f4bb9acfe1692f757fce353c4,,contestants/E10/13-archives/E10-grandchallenge-MATHSOLVE-adcfa0537f43327f4bb9acfe1692f757fce353c4.zip,MATHSOLVE-adcfa0537f43327f4bb9acfe1692f757fce353c4/work_packages/BSD_R2_A1_WP19_DERIVED_PRIMITIVE_FITTING/00_README.md,,afc90e65,Filename/path inference; editable in the app
345560,work_packages/BSD_R2_A1_WP19_DERIVED_PRIMITIVE_FITTING/01_FIRST_FITTING_THEOREM.md,General / shared,4226,Pinned collected revision; final designation governed by team receipt | 2fd9fd643bf3e9e98d121dc2e7af1cf1be411ae2,https://codeload.github.com/grandchallenge/MATHSOLVE/zip/2fd9fd643bf3e9e98d121dc2e7af1cf1be411ae2,,contestants/E10/13-archives/E10-grandchallenge-MATHSOLVE-2fd9fd643bf3e9e98d121dc2e7af1cf1be411ae2.zip,MATHSOLVE-2fd9fd643bf3e9e98d121dc2e7af1cf1be411ae2/work_packages/BSD_R2_A1_WP19_DERIVED_PRIMITIVE_FITTING/01_FIRST_FITTING_THEOREM.md,,d8b09e46,Filename/path inference; editable in the app
348666,work_packages/BSD_R2_A1_WP19_DERIVED_PRIMITIVE_FITTING/01_FIRST_FITTING_THEOREM.md,General / shared,4226,Latest public revision collected separately; not an author-designated final | adcfa0537f43327f4bb9acfe1692f757fce353c4,https://codeload.github.com/grandchallenge/MATHSOLVE/zip/adcfa0537f43327f4bb9acfe1692f757fce353c4,,contestants/E10/13-archives/E10-grandchallenge-MATHSOLVE-adcfa0537f43327f4bb9acfe1692f757fce353c4.zip,MATHSOLVE-adcfa0537f43327f4bb9acfe1692f757fce353c4/work_packages/BSD_R2_A1_WP19_DERIVED_PRIMITIVE_FITTING/01_FIRST_FITTING_THEOREM.md,,d8b09e46,Filename/path inference; editable in the app
345561,work_packages/BSD_R2_A1_WP19_DERIVED_PRIMITIVE_FITTING/02_FINAL_THEOREM_GATE.md,General / shared,7971,Pinned collected revision; final designation governed by team receipt | 2fd9fd643bf3e9e98d121dc2e7af1cf1be411ae2,https://codeload.github.com/grandchallenge/MATHSOLVE/zip/2fd9fd643bf3e9e98d121dc2e7af1cf1be411ae2,,contestants/E10/13-archives/E10-grandchallenge-MATHSOLVE-2fd9fd643bf3e9e98d121dc2e7af1cf1be411ae2.zip,MATHSOLVE-2fd9fd643bf3e9e98d121dc2e7af1cf1be411ae2/work_packages/BSD_R2_A1_WP19_DERIVED_PRIMITIVE_FITTING/02_FINAL_THEOREM_GATE.md,,be601b34,Filename/path inference; editable in the app
348667,work_packages/BSD_R2_A1_WP19_DERIVED_PRIMITIVE_FITTING/02_FINAL_THEOREM_GATE.md,General / shared,7971,Latest public revision collected separately; not an author-designated final | adcfa0537f43327f4bb9acfe1692f757fce353c4,https://codeload.github.com/grandchallenge/MATHSOLVE/zip/adcfa0537f43327f4bb9acfe1692f757fce353c4,,contestants/E10/13-archives/E10-grandchallenge-MATHSOLVE-adcfa0537f43327f4bb9acfe1692f757fce353c4.zip,MATHSOLVE-adcfa0537f43327f4bb9acfe1692f757fce353c4/work_packages/BSD_R2_A1_WP19_DERIVED_PRIMITIVE_FITTING/02_FINAL_THEOREM_GATE.md,,be601b34,Filename/path inference; editable in the app
345563,work_packages/BSD_R2_A1_WP20_RANK1_BOCKSTEIN_FACTORIZATION/00_README.md,General / shared,3375,Pinned collected revision; final designation governed by team receipt | 2fd9fd643bf3e9e98d121dc2e7af1cf1be411ae2,https://codeload.github.com/grandchallenge/MATHSOLVE/zip/2fd9fd643bf3e9e98d121dc2e7af1cf1be411ae2,,contestants/E10/13-archives/E10-grandchallenge-MATHSOLVE-2fd9fd643bf3e9e98d121dc2e7af1cf1be411ae2.zip,MATHSOLVE-2fd9fd643bf3e9e98d121dc2e7af1cf1be411ae2/work_packages/BSD_R2_A1_WP20_RANK1_BOCKSTEIN_FACTORIZATION/00_README.md,,98e08376,Filename/path inference; editable in the app
348669,work_packages/BSD_R2_A1_WP20_RANK1_BOCKSTEIN_FACTORIZATION/00_README.md,General / shared,3375,Latest public revision collected separately; not an author-designated final | adcfa0537f43327f4bb9acfe1692f757fce353c4,https://codeload.github.com/grandchallenge/MATHSOLVE/zip/adcfa0537f43327f4bb9acfe1692f757fce353c4,,contestants/E10/13-archives/E10-grandchallenge-MATHSOLVE-adcfa0537f43327f4bb9acfe1692f757fce353c4.zip,MATHSOLVE-adcfa0537f43327f4bb9acfe1692f757fce353c4/work_packages/BSD_R2_A1_WP20_RANK1_BOCKSTEIN_FACTORIZATION/00_README.md,,98e08376,Filename/path inference; editable in the app
345564,work_packages/BSD_R2_A1_WP20_RANK1_BOCKSTEIN_FACTORIZATION/01_RANK1_DETERMINANT_BOCKSTEIN_THEOREM.md,General / shared,5685,Pinned collected revision; final designation governed by team receipt | 2fd9fd643bf3e9e98d121dc2e7af1cf1be411ae2,https://codeload.github.com/grandchallenge/MATHSOLVE/zip/2fd9fd643bf3e9e98d121dc2e7af1cf1be411ae2,,contestants/E10/13-archives/E10-grandchallenge-MATHSOLVE-2fd9fd643bf3e9e98d121dc2e7af1cf1be411ae2.zip,MATHSOLVE-2fd9fd643bf3e9e98d121dc2e7af1cf1be411ae2/work_packages/BSD_R2_A1_WP20_RANK1_BOCKSTEIN_FACTORIZATION/01_RANK1_DETERMINANT_BOCKSTEIN_THEOREM.md,,e06de62c,Filename/path inference; editable in the app
348670,work_packages/BSD_R2_A1_WP20_RANK1_BOCKSTEIN_FACTORIZATION/01_RANK1_DETERMINANT_BOCKSTEIN_THEOREM.md,General / shared,5685,Latest public revision collected separately; not an author-designated final | adcfa0537f43327f4bb9acfe1692f757fce353c4,https://codeload.github.com/grandchallenge/MATHSOLVE/zip/adcfa0537f43327f4bb9acfe1692f757fce353c4,,contestants/E10/13-archives/E10-grandchallenge-MATHSOLVE-adcfa0537f43327f4bb9acfe1692f757fce353c4.zip,MATHSOLVE-adcfa0537f43327f4bb9acfe1692f757fce353c4/work_packages/BSD_R2_A1_WP20_RANK1_BOCKSTEIN_FACTORIZATION/01_RANK1_DETERMINANT_BOCKSTEIN_THEOREM.md,,e06de62c,Filename/path inference; editable in the app
345565,work_packages/BSD_R2_A1_WP20_RANK1_BOCKSTEIN_FACTORIZATION/02_ARITHMETIC_REDUCTION_GATE.md,General / shared,5705,Pinned collected revision; final designation governed by team receipt | 2fd9fd643bf3e9e98d121dc2e7af1cf1be411ae2,https://codeload.github.com/grandchallenge/MATHSOLVE/zip/2fd9fd643bf3e9e98d121dc2e7af1cf1be411ae2,,contestants/E10/13-archives/E10-grandchallenge-MATHSOLVE-2fd9fd643bf3e9e98d121dc2e7af1cf1be411ae2.zip,MATHSOLVE-2fd9fd643bf3e9e98d121dc2e7af1cf1be411ae2/work_packages/BSD_R2_A1_WP20_RANK1_BOCKSTEIN_FACTORIZATION/02_ARITHMETIC_REDUCTION_GATE.md,,3f9138e8,Filename/path inference; editable in the app
348671,work_packages/BSD_R2_A1_WP20_RANK1_BOCKSTEIN_FACTORIZATION/02_ARITHMETIC_REDUCTION_GATE.md,General / shared,5705,Latest public revision collected separately; not an author-designated final | adcfa0537f43327f4bb9acfe1692f757fce353c4,https://codeload.github.com/grandchallenge/MATHSOLVE/zip/adcfa0537f43327f4bb9acfe1692f757fce353c4,,contestants/E10/13-archives/E10-grandchallenge-MATHSOLVE-adcfa0537f43327f4bb9acfe1692f757fce353c4.zip,MATHSOLVE-adcfa0537f43327f4bb9acfe1692f757fce353c4/work_packages/BSD_R2_A1_WP20_RANK1_BOCKSTEIN_FACTORIZATION/02_ARITHMETIC_REDUCTION_GATE.md,,3f9138e8,Filename/path inference; editable in the app
345567,work_packages/BSD_R2_A1_WP21_PRIMITIVE_CYCLOTOMIC_CONTROL/00_README.md,General / shared,4074,Pinned collected revision; final designation governed by team receipt | 2fd9fd643bf3e9e98d121dc2e7af1cf1be411ae2,https://codeload.github.com/grandchallenge/MATHSOLVE/zip/2fd9fd643bf3e9e98d121dc2e7af1cf1be411ae2,,contestants/E10/13-archives/E10-grandchallenge-MATHSOLVE-2fd9fd643bf3e9e98d121dc2e7af1cf1be411ae2.zip,MATHSOLVE-2fd9fd643bf3e9e98d121dc2e7af1cf1be411ae2/work_packages/BSD_R2_A1_WP21_PRIMITIVE_CYCLOTOMIC_CONTROL/00_README.md,,c4e6da96,Filename/path inference; editable in the app
348673,work_packages/BSD_R2_A1_WP21_PRIMITIVE_CYCLOTOMIC_CONTROL/00_README.md,General / shared,4074,Latest public revision collected separately; not an author-designated final | adcfa0537f43327f4bb9acfe1692f757fce353c4,https://codeload.github.com/grandchallenge/MATHSOLVE/zip/adcfa0537f43327f4bb9acfe1692f757fce353c4,,contestants/E10/13-archives/E10-grandchallenge-MATHSOLVE-adcfa0537f43327f4bb9acfe1692f757fce353c4.zip,MATHSOLVE-adcfa0537f43327f4bb9acfe1692f757fce353c4/work_packages/BSD_R2_A1_WP21_PRIMITIVE_CYCLOTOMIC_CONTROL/00_README.md,,c4e6da96,Filename/path inference; editable in the app
345568,work_packages/BSD_R2_A1_WP21_PRIMITIVE_CYCLOTOMIC_CONTROL/01_PRIMITIVE_CYCLOTOMIC_CONTROL_THEOREM.md,General / shared,10834,Pinned collected revision; final designation governed by team receipt | 2fd9fd643bf3e9e98d121dc2e7af1cf1be411ae2,https://codeload.github.com/grandchallenge/MATHSOLVE/zip/2fd9fd643bf3e9e98d121dc2e7af1cf1be411ae2,,contestants/E10/13-archives/E10-grandchallenge-MATHSOLVE-2fd9fd643bf3e9e98d121dc2e7af1cf1be411ae2.zip,MATHSOLVE-2fd9fd643bf3e9e98d121dc2e7af1cf1be411ae2/work_packages/BSD_R2_A1_WP21_PRIMITIVE_CYCLOTOMIC_CONTROL/01_PRIMITIVE_CYCLOTOMIC_CONTROL_THEOREM.md,,fb04da2c,Filename/path inference; editable in the app
348674,work_packages/BSD_R2_A1_WP21_PRIMITIVE_CYCLOTOMIC_CONTROL/01_PRIMITIVE_CYCLOTOMIC_CONTROL_THEOREM.md,General / shared,10834,Latest public revision collected separately; not an author-designated final | adcfa0537f43327f4bb9acfe1692f757fce353c4,https://codeload.github.com/grandchallenge/MATHSOLVE/zip/adcfa0537f43327f4bb9acfe1692f757fce353c4,,contestants/E10/13-archives/E10-grandchallenge-MATHSOLVE-adcfa0537f43327f4bb9acfe1692f757fce353c4.zip,MATHSOLVE-adcfa0537f43327f4bb9acfe1692f757fce353c4/work_packages/BSD_R2_A1_WP21_PRIMITIVE_CYCLOTOMIC_CONTROL/01_PRIMITIVE_CYCLOTOMIC_CONTROL_THEOREM.md,,fb04da2c,Filename/path inference; editable in the app
345569,work_packages/BSD_R2_A1_WP21_PRIMITIVE_CYCLOTOMIC_CONTROL/02_REFINED_D1_GATE.md,General / shared,4212,Pinned collected revision; final designation governed by team receipt | 2fd9fd643bf3e9e98d121dc2e7af1cf1be411ae2,https://codeload.github.com/grandchallenge/MATHSOLVE/zip/2fd9fd643bf3e9e98d121dc2e7af1cf1be411ae2,,contestants/E10/13-archives/E10-grandchallenge-MATHSOLVE-2fd9fd643bf3e9e98d121dc2e7af1cf1be411ae2.zip,MATHSOLVE-2fd9fd643bf3e9e98d121dc2e7af1cf1be411ae2/work_packages/BSD_R2_A1_WP21_PRIMITIVE_CYCLOTOMIC_CONTROL/02_REFINED_D1_GATE.md,,99aa6b13,Filename/path inference; editable in the app
348675,work_packages/BSD_R2_A1_WP21_PRIMITIVE_CYCLOTOMIC_CONTROL/02_REFINED_D1_GATE.md,General / shared,4212,Latest public revision collected separately; not an author-designated final | adcfa0537f43327f4bb9acfe1692f757fce353c4,https://codeload.github.com/grandchallenge/MATHSOLVE/zip/adcfa0537f43327f4bb9acfe1692f757fce353c4,,contestants/E10/13-archives/E10-grandchallenge-MATHSOLVE-adcfa0537f43327f4bb9acfe1692f757fce353c4.zip,MATHSOLVE-adcfa0537f43327f4bb9acfe1692f757fce353c4/work_packages/BSD_R2_A1_WP21_PRIMITIVE_CYCLOTOMIC_CONTROL/02_REFINED_D1_GATE.md,,99aa6b13,Filename/path inference; editable in the app
345571,work_packages/BSD_R2_A1_WP22_ODD_LOCAL_TAMAGAWA_CONTROL/00_README.md,General / shared,2824,Pinned collected revision; final designation governed by team receipt | 2fd9fd643bf3e9e98d121dc2e7af1cf1be411ae2,https://codeload.github.com/grandchallenge/MATHSOLVE/zip/2fd9fd643bf3e9e98d121dc2e7af1cf1be411ae2,,contestants/E10/13-archives/E10-grandchallenge-MATHSOLVE-2fd9fd643bf3e9e98d121dc2e7af1cf1be411ae2.zip,MATHSOLVE-2fd9fd643bf3e9e98d121dc2e7af1cf1be411ae2/work_packages/BSD_R2_A1_WP22_ODD_LOCAL_TAMAGAWA_CONTROL/00_README.md,,bb0be196,Filename/path inference; editable in the app
348677,work_packages/BSD_R2_A1_WP22_ODD_LOCAL_TAMAGAWA_CONTROL/00_README.md,General / shared,2824,Latest public revision collected separately; not an author-designated final | adcfa0537f43327f4bb9acfe1692f757fce353c4,https://codeload.github.com/grandchallenge/MATHSOLVE/zip/adcfa0537f43327f4bb9acfe1692f757fce353c4,,contestants/E10/13-archives/E10-grandchallenge-MATHSOLVE-adcfa0537f43327f4bb9acfe1692f757fce353c4.zip,MATHSOLVE-adcfa0537f43327f4bb9acfe1692f757fce353c4/work_packages/BSD_R2_A1_WP22_ODD_LOCAL_TAMAGAWA_CONTROL/00_README.md,,bb0be196,Filename/path inference; editable in the app
345572,work_packages/BSD_R2_A1_WP22_ODD_LOCAL_TAMAGAWA_CONTROL/01_ODD_LOCAL_CONTROL_THEOREM.md,General / shared,9767,Pinned collected revision; final designation governed by team receipt | 2fd9fd643bf3e9e98d121dc2e7af1cf1be411ae2,https://codeload.github.com/grandchallenge/MATHSOLVE/zip/2fd9fd643bf3e9e98d121dc2e7af1cf1be411ae2,,contestants/E10/13-archives/E10-grandchallenge-MATHSOLVE-2fd9fd643bf3e9e98d121dc2e7af1cf1be411ae2.zip,MATHSOLVE-2fd9fd643bf3e9e98d121dc2e7af1cf1be411ae2/work_packages/BSD_R2_A1_WP22_ODD_LOCAL_TAMAGAWA_CONTROL/01_ODD_LOCAL_CONTROL_THEOREM.md,,37ea5576,Filename/path inference; editable in the app
348678,work_packages/BSD_R2_A1_WP22_ODD_LOCAL_TAMAGAWA_CONTROL/01_ODD_LOCAL_CONTROL_THEOREM.md,General / shared,9767,Latest public revision collected separately; not an author-designated final | adcfa0537f43327f4bb9acfe1692f757fce353c4,https://codeload.github.com/grandchallenge/MATHSOLVE/zip/adcfa0537f43327f4bb9acfe1692f757fce353c4,,contestants/E10/13-archives/E10-grandchallenge-MATHSOLVE-adcfa0537f43327f4bb9acfe1692f757fce353c4.zip,MATHSOLVE-adcfa0537f43327f4bb9acfe1692f757fce353c4/work_packages/BSD_R2_A1_WP22_ODD_LOCAL_TAMAGAWA_CONTROL/01_ODD_LOCAL_CONTROL_THEOREM.md,,37ea5576,Filename/path inference; editable in the app
345573,work_packages/BSD_R2_A1_WP23_GOOD_ORDINARY_P2_LOCAL_CONTROL/00_README.md,General / shared,2913,Pinned collected revision; final designation governed by team receipt | 2fd9fd643bf3e9e98d121dc2e7af1cf1be411ae2,https://codeload.github.com/grandchallenge/MATHSOLVE/zip/2fd9fd643bf3e9e98d121dc2e7af1cf1be411ae2,,contestants/E10/13-archives/E10-grandchallenge-MATHSOLVE-2fd9fd643bf3e9e98d121dc2e7af1cf1be411ae2.zip,MATHSOLVE-2fd9fd643bf3e9e98d121dc2e7af1cf1be411ae2/work_packages/BSD_R2_A1_WP23_GOOD_ORDINARY_P2_LOCAL_CONTROL/00_README.md,,f8a1767a,Filename/path inference; editable in the app
348679,work_packages/BSD_R2_A1_WP23_GOOD_ORDINARY_P2_LOCAL_CONTROL/00_README.md,General / shared,2913,Latest public revision collected separately; not an author-designated final | adcfa0537f43327f4bb9acfe1692f757fce353c4,https://codeload.github.com/grandchallenge/MATHSOLVE/zip/adcfa0537f43327f4bb9acfe1692f757fce353c4,,contestants/E10/13-archives/E10-grandchallenge-MATHSOLVE-adcfa0537f43327f4bb9acfe1692f757fce353c4.zip,MATHSOLVE-adcfa0537f43327f4bb9acfe1692f757fce353c4/work_packages/BSD_R2_A1_WP23_GOOD_ORDINARY_P2_LOCAL_CONTROL/00_README.md,,f8a1767a,Filename/path inference; editable in the app
345574,work_packages/BSD_R2_A1_WP23_GOOD_ORDINARY_P2_LOCAL_CONTROL/01_P2_LOCAL_CONTROL_THEOREM.md,General / shared,9018,Pinned collected revision; final designation governed by team receipt | 2fd9fd643bf3e9e98d121dc2e7af1cf1be411ae2,https://codeload.github.com/grandchallenge/MATHSOLVE/zip/2fd9fd643bf3e9e98d121dc2e7af1cf1be411ae2,,contestants/E10/13-archives/E10-grandchallenge-MATHSOLVE-2fd9fd643bf3e9e98d121dc2e7af1cf1be411ae2.zip,MATHSOLVE-2fd9fd643bf3e9e98d121dc2e7af1cf1be411ae2/work_packages/BSD_R2_A1_WP23_GOOD_ORDINARY_P2_LOCAL_CONTROL/01_P2_LOCAL_CONTROL_THEOREM.md,,ba2554c3,Filename/path inference; editable in the app
348680,work_packages/BSD_R2_A1_WP23_GOOD_ORDINARY_P2_LOCAL_CONTROL/01_P2_LOCAL_CONTROL_THEOREM.md,General / shared,9018,Latest public revision collected separately; not an author-designated final | adcfa0537f43327f4bb9acfe1692f757fce353c4,https://codeload.github.com/grandchallenge/MATHSOLVE/zip/adcfa0537f43327f4bb9acfe1692f757fce353c4,,contestants/E10/13-archives/E10-grandchallenge-MATHSOLVE-adcfa0537f43327f4bb9acfe1692f757fce353c4.zip,MATHSOLVE-adcfa0537f43327f4bb9acfe1692f757fce353c4/work_packages/BSD_R2_A1_WP23_GOOD_ORDINARY_P2_LOCAL_CONTROL/01_P2_LOCAL_CONTROL_THEOREM.md,,ba2554c3,Filename/path inference; editable in the app
345575,work_packages/BSD_R2_A1_WP24_GLOBAL_HIT_POITOU_TATE_CHARACTER/00_README.md,General / shared,3767,Pinned collected revision; final designation governed by team receipt | 2fd9fd643bf3e9e98d121dc2e7af1cf1be411ae2,https://codeload.github.com/grandchallenge/MATHSOLVE/zip/2fd9fd643bf3e9e98d121dc2e7af1cf1be411ae2,,contestants/E10/13-archives/E10-grandchallenge-MATHSOLVE-2fd9fd643bf3e9e98d121dc2e7af1cf1be411ae2.zip,MATHSOLVE-2fd9fd643bf3e9e98d121dc2e7af1cf1be411ae2/work_packages/BSD_R2_A1_WP24_GLOBAL_HIT_POITOU_TATE_CHARACTER/00_README.md,,1723f982,Filename/path inference; editable in the app
348681,work_packages/BSD_R2_A1_WP24_GLOBAL_HIT_POITOU_TATE_CHARACTER/00_README.md,General / shared,3767,Latest public revision collected separately; not an author-designated final | adcfa0537f43327f4bb9acfe1692f757fce353c4,https://codeload.github.com/grandchallenge/MATHSOLVE/zip/adcfa0537f43327f4bb9acfe1692f757fce353c4,,contestants/E10/13-archives/E10-grandchallenge-MATHSOLVE-adcfa0537f43327f4bb9acfe1692f757fce353c4.zip,MATHSOLVE-adcfa0537f43327f4bb9acfe1692f757fce353c4/work_packages/BSD_R2_A1_WP24_GLOBAL_HIT_POITOU_TATE_CHARACTER/00_README.md,,1723f982,Filename/path inference; editable in the app
345576,work_packages/BSD_R2_A1_WP24_GLOBAL_HIT_POITOU_TATE_CHARACTER/01_GLOBAL_HIT_CHARACTER_THEOREM.md,General / shared,11379,Pinned collected revision; final designation governed by team receipt | 2fd9fd643bf3e9e98d121dc2e7af1cf1be411ae2,https://codeload.github.com/grandchallenge/MATHSOLVE/zip/2fd9fd643bf3e9e98d121dc2e7af1cf1be411ae2,,contestants/E10/13-archives/E10-grandchallenge-MATHSOLVE-2fd9fd643bf3e9e98d121dc2e7af1cf1be411ae2.zip,MATHSOLVE-2fd9fd643bf3e9e98d121dc2e7af1cf1be411ae2/work_packages/BSD_R2_A1_WP24_GLOBAL_HIT_POITOU_TATE_CHARACTER/01_GLOBAL_HIT_CHARACTER_THEOREM.md,,6c072a99,Filename/path inference; editable in the app
348682,work_packages/BSD_R2_A1_WP24_GLOBAL_HIT_POITOU_TATE_CHARACTER/01_GLOBAL_HIT_CHARACTER_THEOREM.md,General / shared,11379,Latest public revision collected separately; not an author-designated final | adcfa0537f43327f4bb9acfe1692f757fce353c4,https://codeload.github.com/grandchallenge/MATHSOLVE/zip/adcfa0537f43327f4bb9acfe1692f757fce353c4,,contestants/E10/13-archives/E10-grandchallenge-MATHSOLVE-adcfa0537f43327f4bb9acfe1692f757fce353c4.zip,MATHSOLVE-adcfa0537f43327f4bb9acfe1692f757fce353c4/work_packages/BSD_R2_A1_WP24_GLOBAL_HIT_POITOU_TATE_CHARACTER/01_GLOBAL_HIT_CHARACTER_THEOREM.md,,6c072a99,Filename/path inference; editable in the app
345577,work_packages/BSD_R2_A1_WP25_LOCAL_UNIVERSAL_NORM/00_README.md,General / shared,3639,Pinned collected revision; final designation governed by team receipt | 2fd9fd643bf3e9e98d121dc2e7af1cf1be411ae2,https://codeload.github.com/grandchallenge/MATHSOLVE/zip/2fd9fd643bf3e9e98d121dc2e7af1cf1be411ae2,,contestants/E10/13-archives/E10-grandchallenge-MATHSOLVE-2fd9fd643bf3e9e98d121dc2e7af1cf1be411ae2.zip,MATHSOLVE-2fd9fd643bf3e9e98d121dc2e7af1cf1be411ae2/work_packages/BSD_R2_A1_WP25_LOCAL_UNIVERSAL_NORM/00_README.md,,b095cd94,Filename/path inference; editable in the app
348683,work_packages/BSD_R2_A1_WP25_LOCAL_UNIVERSAL_NORM/00_README.md,General / shared,3639,Latest public revision collected separately; not an author-designated final | adcfa0537f43327f4bb9acfe1692f757fce353c4,https://codeload.github.com/grandchallenge/MATHSOLVE/zip/adcfa0537f43327f4bb9acfe1692f757fce353c4,,contestants/E10/13-archives/E10-grandchallenge-MATHSOLVE-adcfa0537f43327f4bb9acfe1692f757fce353c4.zip,MATHSOLVE-adcfa0537f43327f4bb9acfe1692f757fce353c4/work_packages/BSD_R2_A1_WP25_LOCAL_UNIVERSAL_NORM/00_README.md,,b095cd94,Filename/path inference; editable in the app
345578,work_packages/BSD_R2_A1_WP25_LOCAL_UNIVERSAL_NORM/01_LOCAL_UNIVERSAL_NORM_THEOREM.md,General / shared,11601,Pinned collected revision; final designation governed by team receipt | 2fd9fd643bf3e9e98d121dc2e7af1cf1be411ae2,https://codeload.github.com/grandchallenge/MATHSOLVE/zip/2fd9fd643bf3e9e98d121dc2e7af1cf1be411ae2,,contestants/E10/13-archives/E10-grandchallenge-MATHSOLVE-2fd9fd643bf3e9e98d121dc2e7af1cf1be411ae2.zip,MATHSOLVE-2fd9fd643bf3e9e98d121dc2e7af1cf1be411ae2/work_packages/BSD_R2_A1_WP25_LOCAL_UNIVERSAL_NORM/01_LOCAL_UNIVERSAL_NORM_THEOREM.md,,ba7e06b0,Filename/path inference; editable in the app
348684,work_packages/BSD_R2_A1_WP25_LOCAL_UNIVERSAL_NORM/01_LOCAL_UNIVERSAL_NORM_THEOREM.md,General / shared,11601,Latest public revision collected separately; not an author-designated final | adcfa0537f43327f4bb9acfe1692f757fce353c4,https://codeload.github.com/grandchallenge/MATHSOLVE/zip/adcfa0537f43327f4bb9acfe1692f757fce353c4,,contestants/E10/13-archives/E10-grandchallenge-MATHSOLVE-adcfa0537f43327f4bb9acfe1692f757fce353c4.zip,MATHSOLVE-adcfa0537f43327f4bb9acfe1692f757fce353c4/work_packages/BSD_R2_A1_WP25_LOCAL_UNIVERSAL_NORM/01_LOCAL_UNIVERSAL_NORM_THEOREM.md,,ba7e06b0,Filename/path inference; editable in the app
345579,work_packages/BSD_R2_A1_WP26_ODD_COMPONENT_NORM/00_README.md,General / shared,2890,Pinned collected revision; final designation governed by team receipt | 2fd9fd643bf3e9e98d121dc2e7af1cf1be411ae2,https://codeload.github.com/grandchallenge/MATHSOLVE/zip/2fd9fd643bf3e9e98d121dc2e7af1cf1be411ae2,,contestants/E10/13-archives/E10-grandchallenge-MATHSOLVE-2fd9fd643bf3e9e98d121dc2e7af1cf1be411ae2.zip,MATHSOLVE-2fd9fd643bf3e9e98d121dc2e7af1cf1be411ae2/work_packages/BSD_R2_A1_WP26_ODD_COMPONENT_NORM/00_README.md,,1793e837,Filename/path inference; editable in the app
348685,work_packages/BSD_R2_A1_WP26_ODD_COMPONENT_NORM/00_README.md,General / shared,2890,Latest public revision collected separately; not an author-designated final | adcfa0537f43327f4bb9acfe1692f757fce353c4,https://codeload.github.com/grandchallenge/MATHSOLVE/zip/adcfa0537f43327f4bb9acfe1692f757fce353c4,,contestants/E10/13-archives/E10-grandchallenge-MATHSOLVE-adcfa0537f43327f4bb9acfe1692f757fce353c4.zip,MATHSOLVE-adcfa0537f43327f4bb9acfe1692f757fce353c4/work_packages/BSD_R2_A1_WP26_ODD_COMPONENT_NORM/00_README.md,,1793e837,Filename/path inference; editable in the app
345580,work_packages/BSD_R2_A1_WP26_ODD_COMPONENT_NORM/01_ODD_COMPONENT_NORM_THEOREM.md,General / shared,9270,Pinned collected revision; final designation governed by team receipt | 2fd9fd643bf3e9e98d121dc2e7af1cf1be411ae2,https://codeload.github.com/grandchallenge/MATHSOLVE/zip/2fd9fd643bf3e9e98d121dc2e7af1cf1be411ae2,,contestants/E10/13-archives/E10-grandchallenge-MATHSOLVE-2fd9fd643bf3e9e98d121dc2e7af1cf1be411ae2.zip,MATHSOLVE-2fd9fd643bf3e9e98d121dc2e7af1cf1be411ae2/work_packages/BSD_R2_A1_WP26_ODD_COMPONENT_NORM/01_ODD_COMPONENT_NORM_THEOREM.md,,7ce6eaa5,Filename/path inference; editable in the app
348686,work_packages/BSD_R2_A1_WP26_ODD_COMPONENT_NORM/01_ODD_COMPONENT_NORM_THEOREM.md,General / shared,9270,Latest public revision collected separately; not an author-designated final | adcfa0537f43327f4bb9acfe1692f757fce353c4,https://codeload.github.com/grandchallenge/MATHSOLVE/zip/adcfa0537f43327f4bb9acfe1692f757fce353c4,,contestants/E10/13-archives/E10-grandchallenge-MATHSOLVE-adcfa0537f43327f4bb9acfe1692f757fce353c4.zip,MATHSOLVE-adcfa0537f43327f4bb9acfe1692f757fce353c4/work_packages/BSD_R2_A1_WP26_ODD_COMPONENT_NORM/01_ODD_COMPONENT_NORM_THEOREM.md,,7ce6eaa5,Filename/path inference; editable in the app
345581,work_packages/BSD_R2_A1_WP27_P2_CONTROL_FILTRATION/00_README.md,General / shared,3509,Pinned collected revision; final designation governed by team receipt | 2fd9fd643bf3e9e98d121dc2e7af1cf1be411ae2,https://codeload.github.com/grandchallenge/MATHSOLVE/zip/2fd9fd643bf3e9e98d121dc2e7af1cf1be411ae2,,contestants/E10/13-archives/E10-grandchallenge-MATHSOLVE-2fd9fd643bf3e9e98d121dc2e7af1cf1be411ae2.zip,MATHSOLVE-2fd9fd643bf3e9e98d121dc2e7af1cf1be411ae2/work_packages/BSD_R2_A1_WP27_P2_CONTROL_FILTRATION/00_README.md,,c3a8e352,Filename/path inference; editable in the app
348687,work_packages/BSD_R2_A1_WP27_P2_CONTROL_FILTRATION/00_README.md,General / shared,3509,Latest public revision collected separately; not an author-designated final | adcfa0537f43327f4bb9acfe1692f757fce353c4,https://codeload.github.com/grandchallenge/MATHSOLVE/zip/adcfa0537f43327f4bb9acfe1692f757fce353c4,,contestants/E10/13-archives/E10-grandchallenge-MATHSOLVE-adcfa0537f43327f4bb9acfe1692f757fce353c4.zip,MATHSOLVE-adcfa0537f43327f4bb9acfe1692f757fce353c4/work_packages/BSD_R2_A1_WP27_P2_CONTROL_FILTRATION/00_README.md,,c3a8e352,Filename/path inference; editable in the app
345582,work_packages/BSD_R2_A1_WP27_P2_CONTROL_FILTRATION/01_P2_CONTROL_FILTRATION_THEOREM.md,General / shared,8973,Pinned collected revision; final designation governed by team receipt | 2fd9fd643bf3e9e98d121dc2e7af1cf1be411ae2,https://codeload.github.com/grandchallenge/MATHSOLVE/zip/2fd9fd643bf3e9e98d121dc2e7af1cf1be411ae2,,contestants/E10/13-archives/E10-grandchallenge-MATHSOLVE-2fd9fd643bf3e9e98d121dc2e7af1cf1be411ae2.zip,MATHSOLVE-2fd9fd643bf3e9e98d121dc2e7af1cf1be411ae2/work_packages/BSD_R2_A1_WP27_P2_CONTROL_FILTRATION/01_P2_CONTROL_FILTRATION_THEOREM.md,,187da421,Filename/path inference; editable in the app
348688,work_packages/BSD_R2_A1_WP27_P2_CONTROL_FILTRATION/01_P2_CONTROL_FILTRATION_THEOREM.md,General / shared,8973,Latest public revision collected separately; not an author-designated final | adcfa0537f43327f4bb9acfe1692f757fce353c4,https://codeload.github.com/grandchallenge/MATHSOLVE/zip/adcfa0537f43327f4bb9acfe1692f757fce353c4,,contestants/E10/13-archives/E10-grandchallenge-MATHSOLVE-adcfa0537f43327f4bb9acfe1692f757fce353c4.zip,MATHSOLVE-adcfa0537f43327f4bb9acfe1692f757fce353c4/work_packages/BSD_R2_A1_WP27_P2_CONTROL_FILTRATION/01_P2_CONTROL_FILTRATION_THEOREM.md,,187da421,Filename/path inference; editable in the app
345583,work_packages/BSD_R2_A1_WP28_P2_NORM_COMPATIBILITY/00_README.md,General / shared,4120,Pinned collected revision; final designation governed by team receipt | 2fd9fd643bf3e9e98d121dc2e7af1cf1be411ae2,https://codeload.github.com/grandchallenge/MATHSOLVE/zip/2fd9fd643bf3e9e98d121dc2e7af1cf1be411ae2,,contestants/E10/13-archives/E10-grandchallenge-MATHSOLVE-2fd9fd643bf3e9e98d121dc2e7af1cf1be411ae2.zip,MATHSOLVE-2fd9fd643bf3e9e98d121dc2e7af1cf1be411ae2/work_packages/BSD_R2_A1_WP28_P2_NORM_COMPATIBILITY/00_README.md,,089319d0,Filename/path inference; editable in the app
348689,work_packages/BSD_R2_A1_WP28_P2_NORM_COMPATIBILITY/00_README.md,General / shared,4120,Latest public revision collected separately; not an author-designated final | adcfa0537f43327f4bb9acfe1692f757fce353c4,https://codeload.github.com/grandchallenge/MATHSOLVE/zip/adcfa0537f43327f4bb9acfe1692f757fce353c4,,contestants/E10/13-archives/E10-grandchallenge-MATHSOLVE-adcfa0537f43327f4bb9acfe1692f757fce353c4.zip,MATHSOLVE-adcfa0537f43327f4bb9acfe1692f757fce353c4/work_packages/BSD_R2_A1_WP28_P2_NORM_COMPATIBILITY/00_README.md,,089319d0,Filename/path inference; editable in the app
345584,work_packages/BSD_R2_A1_WP28_P2_NORM_COMPATIBILITY/01_P2_NORM_COMPATIBILITY_THEOREM.md,General / shared,9246,Pinned collected revision; final designation governed by team receipt | 2fd9fd643bf3e9e98d121dc2e7af1cf1be411ae2,https://codeload.github.com/grandchallenge/MATHSOLVE/zip/2fd9fd643bf3e9e98d121dc2e7af1cf1be411ae2,,contestants/E10/13-archives/E10-grandchallenge-MATHSOLVE-2fd9fd643bf3e9e98d121dc2e7af1cf1be411ae2.zip,MATHSOLVE-2fd9fd643bf3e9e98d121dc2e7af1cf1be411ae2/work_packages/BSD_R2_A1_WP28_P2_NORM_COMPATIBILITY/01_P2_NORM_COMPATIBILITY_THEOREM.md,,57b0c82f,Filename/path inference; editable in the app
348690,work_packages/BSD_R2_A1_WP28_P2_NORM_COMPATIBILITY/01_P2_NORM_COMPATIBILITY_THEOREM.md,General / shared,9246,Latest public revision collected separately; not an author-designated final | adcfa0537f43327f4bb9acfe1692f757fce353c4,https://codeload.github.com/grandchallenge/MATHSOLVE/zip/adcfa0537f43327f4bb9acfe1692f757fce353c4,,contestants/E10/13-archives/E10-grandchallenge-MATHSOLVE-adcfa0537f43327f4bb9acfe1692f757fce353c4.zip,MATHSOLVE-adcfa0537f43327f4bb9acfe1692f757fce353c4/work_packages/BSD_R2_A1_WP28_P2_NORM_COMPATIBILITY/01_P2_NORM_COMPATIBILITY_THEOREM.md,,57b0c82f,Filename/path inference; editable in the app
345585,work_packages/BSD_R2_A1_WP29_P2_TOROIDAL_FORMAL_COORDINATE/00_README.md,General / shared,3647,Pinned collected revision; final designation governed by team receipt | 2fd9fd643bf3e9e98d121dc2e7af1cf1be411ae2,https://codeload.github.com/grandchallenge/MATHSOLVE/zip/2fd9fd643bf3e9e98d121dc2e7af1cf1be411ae2,,contestants/E10/13-archives/E10-grandchallenge-MATHSOLVE-2fd9fd643bf3e9e98d121dc2e7af1cf1be411ae2.zip,MATHSOLVE-2fd9fd643bf3e9e98d121dc2e7af1cf1be411ae2/work_packages/BSD_R2_A1_WP29_P2_TOROIDAL_FORMAL_COORDINATE/00_README.md,,85267998,Filename/path inference; editable in the app
348691,work_packages/BSD_R2_A1_WP29_P2_TOROIDAL_FORMAL_COORDINATE/00_README.md,General / shared,3647,Latest public revision collected separately; not an author-designated final | adcfa0537f43327f4bb9acfe1692f757fce353c4,https://codeload.github.com/grandchallenge/MATHSOLVE/zip/adcfa0537f43327f4bb9acfe1692f757fce353c4,,contestants/E10/13-archives/E10-grandchallenge-MATHSOLVE-adcfa0537f43327f4bb9acfe1692f757fce353c4.zip,MATHSOLVE-adcfa0537f43327f4bb9acfe1692f757fce353c4/work_packages/BSD_R2_A1_WP29_P2_TOROIDAL_FORMAL_COORDINATE/00_README.md,,85267998,Filename/path inference; editable in the app
345586,work_packages/BSD_R2_A1_WP29_P2_TOROIDAL_FORMAL_COORDINATE/01_P2_TOROIDAL_FORMAL_COORDINATE_THEOREM.md,General / shared,9427,Pinned collected revision; final designation governed by team receipt | 2fd9fd643bf3e9e98d121dc2e7af1cf1be411ae2,https://codeload.github.com/grandchallenge/MATHSOLVE/zip/2fd9fd643bf3e9e98d121dc2e7af1cf1be411ae2,,contestants/E10/13-archives/E10-grandchallenge-MATHSOLVE-2fd9fd643bf3e9e98d121dc2e7af1cf1be411ae2.zip,MATHSOLVE-2fd9fd643bf3e9e98d121dc2e7af1cf1be411ae2/work_packages/BSD_R2_A1_WP29_P2_TOROIDAL_FORMAL_COORDINATE/01_P2_TOROIDAL_FORMAL_COORDINATE_THEOREM.md,,32847e50,Filename/path inference; editable in the app
348692,work_packages/BSD_R2_A1_WP29_P2_TOROIDAL_FORMAL_COORDINATE/01_P2_TOROIDAL_FORMAL_COORDINATE_THEOREM.md,General / shared,9427,Latest public revision collected separately; not an author-designated final | adcfa0537f43327f4bb9acfe1692f757fce353c4,https://codeload.github.com/grandchallenge/MATHSOLVE/zip/adcfa0537f43327f4bb9acfe1692f757fce353c4,,contestants/E10/13-archives/E10-grandchallenge-MATHSOLVE-adcfa0537f43327f4bb9acfe1692f757fce353c4.zip,MATHSOLVE-adcfa0537f43327f4bb9acfe1692f757fce353c4/work_packages/BSD_R2_A1_WP29_P2_TOROIDAL_FORMAL_COORDINATE/01_P2_TOROIDAL_FORMAL_COORDINATE_THEOREM.md,,32847e50,Filename/path inference; editable in the app
345587,work_packages/BSD_R2_A1_WP30_P2_UNIT_ROOT_RECONCILIATION/00_README.md,General / shared,1970,Pinned collected revision; final designation governed by team receipt | 2fd9fd643bf3e9e98d121dc2e7af1cf1be411ae2,https://codeload.github.com/grandchallenge/MATHSOLVE/zip/2fd9fd643bf3e9e98d121dc2e7af1cf1be411ae2,,contestants/E10/13-archives/E10-grandchallenge-MATHSOLVE-2fd9fd643bf3e9e98d121dc2e7af1cf1be411ae2.zip,MATHSOLVE-2fd9fd643bf3e9e98d121dc2e7af1cf1be411ae2/work_packages/BSD_R2_A1_WP30_P2_UNIT_ROOT_RECONCILIATION/00_README.md,,f367a648,Filename/path inference; editable in the app
348693,work_packages/BSD_R2_A1_WP30_P2_UNIT_ROOT_RECONCILIATION/00_README.md,General / shared,1970,Latest public revision collected separately; not an author-designated final | adcfa0537f43327f4bb9acfe1692f757fce353c4,https://codeload.github.com/grandchallenge/MATHSOLVE/zip/adcfa0537f43327f4bb9acfe1692f757fce353c4,,contestants/E10/13-archives/E10-grandchallenge-MATHSOLVE-adcfa0537f43327f4bb9acfe1692f757fce353c4.zip,MATHSOLVE-adcfa0537f43327f4bb9acfe1692f757fce353c4/work_packages/BSD_R2_A1_WP30_P2_UNIT_ROOT_RECONCILIATION/00_README.md,,f367a648,Filename/path inference; editable in the app
345588,work_packages/BSD_R2_A1_WP30_P2_UNIT_ROOT_RECONCILIATION/01_P2_UNIT_ROOT_RECONCILIATION_THEOREM.md,General / shared,5262,Pinned collected revision; final designation governed by team receipt | 2fd9fd643bf3e9e98d121dc2e7af1cf1be411ae2,https://codeload.github.com/grandchallenge/MATHSOLVE/zip/2fd9fd643bf3e9e98d121dc2e7af1cf1be411ae2,,contestants/E10/13-archives/E10-grandchallenge-MATHSOLVE-2fd9fd643bf3e9e98d121dc2e7af1cf1be411ae2.zip,MATHSOLVE-2fd9fd643bf3e9e98d121dc2e7af1cf1be411ae2/work_packages/BSD_R2_A1_WP30_P2_UNIT_ROOT_RECONCILIATION/01_P2_UNIT_ROOT_RECONCILIATION_THEOREM.md,,6ee83bbf,Filename/path inference; editable in the app
348694,work_packages/BSD_R2_A1_WP30_P2_UNIT_ROOT_RECONCILIATION/01_P2_UNIT_ROOT_RECONCILIATION_THEOREM.md,General / shared,5262,Latest public revision collected separately; not an author-designated final | adcfa0537f43327f4bb9acfe1692f757fce353c4,https://codeload.github.com/grandchallenge/MATHSOLVE/zip/adcfa0537f43327f4bb9acfe1692f757fce353c4,,contestants/E10/13-archives/E10-grandchallenge-MATHSOLVE-adcfa0537f43327f4bb9acfe1692f757fce353c4.zip,MATHSOLVE-adcfa0537f43327f4bb9acfe1692f757fce353c4/work_packages/BSD_R2_A1_WP30_P2_UNIT_ROOT_RECONCILIATION/01_P2_UNIT_ROOT_RECONCILIATION_THEOREM.md,,6ee83bbf,Filename/path inference; editable in the app
345589,work_packages/BSD_R2_A1_WP31_FINITE_TWISTED_RECIPROCITY/00_README.md,General / shared,3765,Pinned collected revision; final designation governed by team receipt | 2fd9fd643bf3e9e98d121dc2e7af1cf1be411ae2,https://codeload.github.com/grandchallenge/MATHSOLVE/zip/2fd9fd643bf3e9e98d121dc2e7af1cf1be411ae2,,contestants/E10/13-archives/E10-grandchallenge-MATHSOLVE-2fd9fd643bf3e9e98d121dc2e7af1cf1be411ae2.zip,MATHSOLVE-2fd9fd643bf3e9e98d121dc2e7af1cf1be411ae2/work_packages/BSD_R2_A1_WP31_FINITE_TWISTED_RECIPROCITY/00_README.md,,7ec8f6f9,Filename/path inference; editable in the app
348695,work_packages/BSD_R2_A1_WP31_FINITE_TWISTED_RECIPROCITY/00_README.md,General / shared,3765,Latest public revision collected separately; not an author-designated final | adcfa0537f43327f4bb9acfe1692f757fce353c4,https://codeload.github.com/grandchallenge/MATHSOLVE/zip/adcfa0537f43327f4bb9acfe1692f757fce353c4,,contestants/E10/13-archives/E10-grandchallenge-MATHSOLVE-adcfa0537f43327f4bb9acfe1692f757fce353c4.zip,MATHSOLVE-adcfa0537f43327f4bb9acfe1692f757fce353c4/work_packages/BSD_R2_A1_WP31_FINITE_TWISTED_RECIPROCITY/00_README.md,,7ec8f6f9,Filename/path inference; editable in the app
345590,work_packages/BSD_R2_A1_WP31_FINITE_TWISTED_RECIPROCITY/01_FINITE_TWISTED_RECIPROCITY_THEOREM.md,General / shared,9834,Pinned collected revision; final designation governed by team receipt | 2fd9fd643bf3e9e98d121dc2e7af1cf1be411ae2,https://codeload.github.com/grandchallenge/MATHSOLVE/zip/2fd9fd643bf3e9e98d121dc2e7af1cf1be411ae2,,contestants/E10/13-archives/E10-grandchallenge-MATHSOLVE-2fd9fd643bf3e9e98d121dc2e7af1cf1be411ae2.zip,MATHSOLVE-2fd9fd643bf3e9e98d121dc2e7af1cf1be411ae2/work_packages/BSD_R2_A1_WP31_FINITE_TWISTED_RECIPROCITY/01_FINITE_TWISTED_RECIPROCITY_THEOREM.md,,7c674172,Filename/path inference; editable in the app
348696,work_packages/BSD_R2_A1_WP31_FINITE_TWISTED_RECIPROCITY/01_FINITE_TWISTED_RECIPROCITY_THEOREM.md,General / shared,9834,Latest public revision collected separately; not an author-designated final | adcfa0537f43327f4bb9acfe1692f757fce353c4,https://codeload.github.com/grandchallenge/MATHSOLVE/zip/adcfa0537f43327f4bb9acfe1692f757fce353c4,,contestants/E10/13-archives/E10-grandchallenge-MATHSOLVE-adcfa0537f43327f4bb9acfe1692f757fce353c4.zip,MATHSOLVE-adcfa0537f43327f4bb9acfe1692f757fce353c4/work_packages/BSD_R2_A1_WP31_FINITE_TWISTED_RECIPROCITY/01_FINITE_TWISTED_RECIPROCITY_THEOREM.md,,7c674172,Filename/path inference; editable in the app
345591,work_packages/BSD_R2_A1_WP32_P2_REAL_PLACE_DEFECT/00_README.md,General / shared,2492,Pinned collected revision; final designation governed by team receipt | 2fd9fd643bf3e9e98d121dc2e7af1cf1be411ae2,https://codeload.github.com/grandchallenge/MATHSOLVE/zip/2fd9fd643bf3e9e98d121dc2e7af1cf1be411ae2,,contestants/E10/13-archives/E10-grandchallenge-MATHSOLVE-2fd9fd643bf3e9e98d121dc2e7af1cf1be411ae2.zip,MATHSOLVE-2fd9fd643bf3e9e98d121dc2e7af1cf1be411ae2/work_packages/BSD_R2_A1_WP32_P2_REAL_PLACE_DEFECT/00_README.md,,741dd30f,Filename/path inference; editable in the app
348697,work_packages/BSD_R2_A1_WP32_P2_REAL_PLACE_DEFECT/00_README.md,General / shared,2492,Latest public revision collected separately; not an author-designated final | adcfa0537f43327f4bb9acfe1692f757fce353c4,https://codeload.github.com/grandchallenge/MATHSOLVE/zip/adcfa0537f43327f4bb9acfe1692f757fce353c4,,contestants/E10/13-archives/E10-grandchallenge-MATHSOLVE-adcfa0537f43327f4bb9acfe1692f757fce353c4.zip,MATHSOLVE-adcfa0537f43327f4bb9acfe1692f757fce353c4/work_packages/BSD_R2_A1_WP32_P2_REAL_PLACE_DEFECT/00_README.md,,741dd30f,Filename/path inference; editable in the app
345592,work_packages/BSD_R2_A1_WP32_P2_REAL_PLACE_DEFECT/01_P2_REAL_PLACE_DEFECT_THEOREM.md,General / shared,10578,Pinned collected revision; final designation governed by team receipt | 2fd9fd643bf3e9e98d121dc2e7af1cf1be411ae2,https://codeload.github.com/grandchallenge/MATHSOLVE/zip/2fd9fd643bf3e9e98d121dc2e7af1cf1be411ae2,,contestants/E10/13-archives/E10-grandchallenge-MATHSOLVE-2fd9fd643bf3e9e98d121dc2e7af1cf1be411ae2.zip,MATHSOLVE-2fd9fd643bf3e9e98d121dc2e7af1cf1be411ae2/work_packages/BSD_R2_A1_WP32_P2_REAL_PLACE_DEFECT/01_P2_REAL_PLACE_DEFECT_THEOREM.md,,22c4f593,Filename/path inference; editable in the app
348698,work_packages/BSD_R2_A1_WP32_P2_REAL_PLACE_DEFECT/01_P2_REAL_PLACE_DEFECT_THEOREM.md,General / shared,10578,Latest public revision collected separately; not an author-designated final | adcfa0537f43327f4bb9acfe1692f757fce353c4,https://codeload.github.com/grandchallenge/MATHSOLVE/zip/adcfa0537f43327f4bb9acfe1692f757fce353c4,,contestants/E10/13-archives/E10-grandchallenge-MATHSOLVE-adcfa0537f43327f4bb9acfe1692f757fce353c4.zip,MATHSOLVE-adcfa0537f43327f4bb9acfe1692f757fce353c4/work_packages/BSD_R2_A1_WP32_P2_REAL_PLACE_DEFECT/01_P2_REAL_PLACE_DEFECT_THEOREM.md,,22c4f593,Filename/path inference; editable in the app
345593,work_packages/BSD_R2_A1_WP33_ODD_BAD_POINT_COMPLETION/00_README.md,General / shared,2341,Pinned collected revision; final designation governed by team receipt | 2fd9fd643bf3e9e98d121dc2e7af1cf1be411ae2,https://codeload.github.com/grandchallenge/MATHSOLVE/zip/2fd9fd643bf3e9e98d121dc2e7af1cf1be411ae2,,contestants/E10/13-archives/E10-grandchallenge-MATHSOLVE-2fd9fd643bf3e9e98d121dc2e7af1cf1be411ae2.zip,MATHSOLVE-2fd9fd643bf3e9e98d121dc2e7af1cf1be411ae2/work_packages/BSD_R2_A1_WP33_ODD_BAD_POINT_COMPLETION/00_README.md,,bf382a73,Filename/path inference; editable in the app
348699,work_packages/BSD_R2_A1_WP33_ODD_BAD_POINT_COMPLETION/00_README.md,General / shared,2341,Latest public revision collected separately; not an author-designated final | adcfa0537f43327f4bb9acfe1692f757fce353c4,https://codeload.github.com/grandchallenge/MATHSOLVE/zip/adcfa0537f43327f4bb9acfe1692f757fce353c4,,contestants/E10/13-archives/E10-grandchallenge-MATHSOLVE-adcfa0537f43327f4bb9acfe1692f757fce353c4.zip,MATHSOLVE-adcfa0537f43327f4bb9acfe1692f757fce353c4/work_packages/BSD_R2_A1_WP33_ODD_BAD_POINT_COMPLETION/00_README.md,,bf382a73,Filename/path inference; editable in the app
345595,work_packages/BSD_R2_A1_WP34_TORIC_EULER_VALUATION_RECONCILIATION/00_README.md,General / shared,2577,Pinned collected revision; final designation governed by team receipt | 2fd9fd643bf3e9e98d121dc2e7af1cf1be411ae2,https://codeload.github.com/grandchallenge/MATHSOLVE/zip/2fd9fd643bf3e9e98d121dc2e7af1cf1be411ae2,,contestants/E10/13-archives/E10-grandchallenge-MATHSOLVE-2fd9fd643bf3e9e98d121dc2e7af1cf1be411ae2.zip,MATHSOLVE-2fd9fd643bf3e9e98d121dc2e7af1cf1be411ae2/work_packages/BSD_R2_A1_WP34_TORIC_EULER_VALUATION_RECONCILIATION/00_README.md,,115dab7e,Filename/path inference; editable in the app
348701,work_packages/BSD_R2_A1_WP34_TORIC_EULER_VALUATION_RECONCILIATION/00_README.md,General / shared,2577,Latest public revision collected separately; not an author-designated final | adcfa0537f43327f4bb9acfe1692f757fce353c4,https://codeload.github.com/grandchallenge/MATHSOLVE/zip/adcfa0537f43327f4bb9acfe1692f757fce353c4,,contestants/E10/13-archives/E10-grandchallenge-MATHSOLVE-adcfa0537f43327f4bb9acfe1692f757fce353c4.zip,MATHSOLVE-adcfa0537f43327f4bb9acfe1692f757fce353c4/work_packages/BSD_R2_A1_WP34_TORIC_EULER_VALUATION_RECONCILIATION/00_README.md,,115dab7e,Filename/path inference; editable in the app
345596,work_packages/BSD_R2_A1_WP34_TORIC_EULER_VALUATION_RECONCILIATION/01_TORIC_EULER_VALUATION_THEOREM.md,General / shared,7692,Pinned collected revision; final designation governed by team receipt | 2fd9fd643bf3e9e98d121dc2e7af1cf1be411ae2,https://codeload.github.com/grandchallenge/MATHSOLVE/zip/2fd9fd643bf3e9e98d121dc2e7af1cf1be411ae2,,contestants/E10/13-archives/E10-grandchallenge-MATHSOLVE-2fd9fd643bf3e9e98d121dc2e7af1cf1be411ae2.zip,MATHSOLVE-2fd9fd643bf3e9e98d121dc2e7af1cf1be411ae2/work_packages/BSD_R2_A1_WP34_TORIC_EULER_VALUATION_RECONCILIATION/01_TORIC_EULER_VALUATION_THEOREM.md,,39814735,Filename/path inference; editable in the app
348702,work_packages/BSD_R2_A1_WP34_TORIC_EULER_VALUATION_RECONCILIATION/01_TORIC_EULER_VALUATION_THEOREM.md,General / shared,7692,Latest public revision collected separately; not an author-designated final | adcfa0537f43327f4bb9acfe1692f757fce353c4,https://codeload.github.com/grandchallenge/MATHSOLVE/zip/adcfa0537f43327f4bb9acfe1692f757fce353c4,,contestants/E10/13-archives/E10-grandchallenge-MATHSOLVE-adcfa0537f43327f4bb9acfe1692f757fce353c4.zip,MATHSOLVE-adcfa0537f43327f4bb9acfe1692f757fce353c4/work_packages/BSD_R2_A1_WP34_TORIC_EULER_VALUATION_RECONCILIATION/01_TORIC_EULER_VALUATION_THEOREM.md,,39814735,Filename/path inference; editable in the app
345597,work_packages/BSD_R2_A1_WP35_CYCLOTOMIC_SQUARE_PRESENTATION/00_README.md,General / shared,3379,Pinned collected revision; final designation governed by team receipt | 2fd9fd643bf3e9e98d121dc2e7af1cf1be411ae2,https://codeload.github.com/grandchallenge/MATHSOLVE/zip/2fd9fd643bf3e9e98d121dc2e7af1cf1be411ae2,,contestants/E10/13-archives/E10-grandchallenge-MATHSOLVE-2fd9fd643bf3e9e98d121dc2e7af1cf1be411ae2.zip,MATHSOLVE-2fd9fd643bf3e9e98d121dc2e7af1cf1be411ae2/work_packages/BSD_R2_A1_WP35_CYCLOTOMIC_SQUARE_PRESENTATION/00_README.md,,87ecdd6c,Filename/path inference; editable in the app
348703,work_packages/BSD_R2_A1_WP35_CYCLOTOMIC_SQUARE_PRESENTATION/00_README.md,General / shared,3379,Latest public revision collected separately; not an author-designated final | adcfa0537f43327f4bb9acfe1692f757fce353c4,https://codeload.github.com/grandchallenge/MATHSOLVE/zip/adcfa0537f43327f4bb9acfe1692f757fce353c4,,contestants/E10/13-archives/E10-grandchallenge-MATHSOLVE-adcfa0537f43327f4bb9acfe1692f757fce353c4.zip,MATHSOLVE-adcfa0537f43327f4bb9acfe1692f757fce353c4/work_packages/BSD_R2_A1_WP35_CYCLOTOMIC_SQUARE_PRESENTATION/00_README.md,,87ecdd6c,Filename/path inference; editable in the app
345598,work_packages/BSD_R2_A1_WP35_CYCLOTOMIC_SQUARE_PRESENTATION/01_CYCLOTOMIC_SQUARE_PRESENTATION_THEOREM.md,General / shared,10454,Pinned collected revision; final designation governed by team receipt | 2fd9fd643bf3e9e98d121dc2e7af1cf1be411ae2,https://codeload.github.com/grandchallenge/MATHSOLVE/zip/2fd9fd643bf3e9e98d121dc2e7af1cf1be411ae2,,contestants/E10/13-archives/E10-grandchallenge-MATHSOLVE-2fd9fd643bf3e9e98d121dc2e7af1cf1be411ae2.zip,MATHSOLVE-2fd9fd643bf3e9e98d121dc2e7af1cf1be411ae2/work_packages/BSD_R2_A1_WP35_CYCLOTOMIC_SQUARE_PRESENTATION/01_CYCLOTOMIC_SQUARE_PRESENTATION_THEOREM.md,,4db3b9f3,Filename/path inference; editable in the app
348704,work_packages/BSD_R2_A1_WP35_CYCLOTOMIC_SQUARE_PRESENTATION/01_CYCLOTOMIC_SQUARE_PRESENTATION_THEOREM.md,General / shared,10454,Latest public revision collected separately; not an author-designated final | adcfa0537f43327f4bb9acfe1692f757fce353c4,https://codeload.github.com/grandchallenge/MATHSOLVE/zip/adcfa0537f43327f4bb9acfe1692f757fce353c4,,contestants/E10/13-archives/E10-grandchallenge-MATHSOLVE-adcfa0537f43327f4bb9acfe1692f757fce353c4.zip,MATHSOLVE-adcfa0537f43327f4bb9acfe1692f757fce353c4/work_packages/BSD_R2_A1_WP35_CYCLOTOMIC_SQUARE_PRESENTATION/01_CYCLOTOMIC_SQUARE_PRESENTATION_THEOREM.md,,4db3b9f3,Filename/path inference; editable in the app
345599,work_packages/BSD_R2_A1_WP36_FINITE_FORMAL_NORM_MEMBERSHIP/00_README.md,General / shared,2870,Pinned collected revision; final designation governed by team receipt | 2fd9fd643bf3e9e98d121dc2e7af1cf1be411ae2,https://codeload.github.com/grandchallenge/MATHSOLVE/zip/2fd9fd643bf3e9e98d121dc2e7af1cf1be411ae2,,contestants/E10/13-archives/E10-grandchallenge-MATHSOLVE-2fd9fd643bf3e9e98d121dc2e7af1cf1be411ae2.zip,MATHSOLVE-2fd9fd643bf3e9e98d121dc2e7af1cf1be411ae2/work_packages/BSD_R2_A1_WP36_FINITE_FORMAL_NORM_MEMBERSHIP/00_README.md,,f5c765cd,Filename/path inference; editable in the app
348705,work_packages/BSD_R2_A1_WP36_FINITE_FORMAL_NORM_MEMBERSHIP/00_README.md,General / shared,2870,Latest public revision collected separately; not an author-designated final | adcfa0537f43327f4bb9acfe1692f757fce353c4,https://codeload.github.com/grandchallenge/MATHSOLVE/zip/adcfa0537f43327f4bb9acfe1692f757fce353c4,,contestants/E10/13-archives/E10-grandchallenge-MATHSOLVE-adcfa0537f43327f4bb9acfe1692f757fce353c4.zip,MATHSOLVE-adcfa0537f43327f4bb9acfe1692f757fce353c4/work_packages/BSD_R2_A1_WP36_FINITE_FORMAL_NORM_MEMBERSHIP/00_README.md,,f5c765cd,Filename/path inference; editable in the app
345600,work_packages/BSD_R2_A1_WP36_FINITE_FORMAL_NORM_MEMBERSHIP/01_FINITE_FORMAL_NORM_MEMBERSHIP_THEOREM.md,General / shared,11586,Pinned collected revision; final designation governed by team receipt | 2fd9fd643bf3e9e98d121dc2e7af1cf1be411ae2,https://codeload.github.com/grandchallenge/MATHSOLVE/zip/2fd9fd643bf3e9e98d121dc2e7af1cf1be411ae2,,contestants/E10/13-archives/E10-grandchallenge-MATHSOLVE-2fd9fd643bf3e9e98d121dc2e7af1cf1be411ae2.zip,MATHSOLVE-2fd9fd643bf3e9e98d121dc2e7af1cf1be411ae2/work_packages/BSD_R2_A1_WP36_FINITE_FORMAL_NORM_MEMBERSHIP/01_FINITE_FORMAL_NORM_MEMBERSHIP_THEOREM.md,,08cac0d8,Filename/path inference; editable in the app
348706,work_packages/BSD_R2_A1_WP36_FINITE_FORMAL_NORM_MEMBERSHIP/01_FINITE_FORMAL_NORM_MEMBERSHIP_THEOREM.md,General / shared,11586,Latest public revision collected separately; not an author-designated final | adcfa0537f43327f4bb9acfe1692f757fce353c4,https://codeload.github.com/grandchallenge/MATHSOLVE/zip/adcfa0537f43327f4bb9acfe1692f757fce353c4,,contestants/E10/13-archives/E10-grandchallenge-MATHSOLVE-adcfa0537f43327f4bb9acfe1692f757fce353c4.zip,MATHSOLVE-adcfa0537f43327f4bb9acfe1692f757fce353c4/work_packages/BSD_R2_A1_WP36_FINITE_FORMAL_NORM_MEMBERSHIP/01_FINITE_FORMAL_NORM_MEMBERSHIP_THEOREM.md,,08cac0d8,Filename/path inference; editable in the app
345601,work_packages/BSD_R2_A1_WP36_FINITE_FORMAL_NORM_MEMBERSHIP/02_COORDINATE_COSET_LEMMA.md,General / shared,2529,Pinned collected revision; final designation governed by team receipt | 2fd9fd643bf3e9e98d121dc2e7af1cf1be411ae2,https://codeload.github.com/grandchallenge/MATHSOLVE/zip/2fd9fd643bf3e9e98d121dc2e7af1cf1be411ae2,,contestants/E10/13-archives/E10-grandchallenge-MATHSOLVE-2fd9fd643bf3e9e98d121dc2e7af1cf1be411ae2.zip,MATHSOLVE-2fd9fd643bf3e9e98d121dc2e7af1cf1be411ae2/work_packages/BSD_R2_A1_WP36_FINITE_FORMAL_NORM_MEMBERSHIP/02_COORDINATE_COSET_LEMMA.md,,281971f3,Filename/path inference; editable in the app
348707,work_packages/BSD_R2_A1_WP36_FINITE_FORMAL_NORM_MEMBERSHIP/02_COORDINATE_COSET_LEMMA.md,General / shared,2529,Latest public revision collected separately; not an author-designated final | adcfa0537f43327f4bb9acfe1692f757fce353c4,https://codeload.github.com/grandchallenge/MATHSOLVE/zip/adcfa0537f43327f4bb9acfe1692f757fce353c4,,contestants/E10/13-archives/E10-grandchallenge-MATHSOLVE-adcfa0537f43327f4bb9acfe1692f757fce353c4.zip,MATHSOLVE-adcfa0537f43327f4bb9acfe1692f757fce353c4/work_packages/BSD_R2_A1_WP36_FINITE_FORMAL_NORM_MEMBERSHIP/02_COORDINATE_COSET_LEMMA.md,,281971f3,Filename/path inference; editable in the app
345602,work_packages/BSD_R2_A1_WP37_P2_K_BOCKSTEIN_HEIGHT/00_README.md,General / shared,3772,Pinned collected revision; final designation governed by team receipt | 2fd9fd643bf3e9e98d121dc2e7af1cf1be411ae2,https://codeload.github.com/grandchallenge/MATHSOLVE/zip/2fd9fd643bf3e9e98d121dc2e7af1cf1be411ae2,,contestants/E10/13-archives/E10-grandchallenge-MATHSOLVE-2fd9fd643bf3e9e98d121dc2e7af1cf1be411ae2.zip,MATHSOLVE-2fd9fd643bf3e9e98d121dc2e7af1cf1be411ae2/work_packages/BSD_R2_A1_WP37_P2_K_BOCKSTEIN_HEIGHT/00_README.md,,cfa27a31,Filename/path inference; editable in the app
348708,work_packages/BSD_R2_A1_WP37_P2_K_BOCKSTEIN_HEIGHT/00_README.md,General / shared,3772,Latest public revision collected separately; not an author-designated final | adcfa0537f43327f4bb9acfe1692f757fce353c4,https://codeload.github.com/grandchallenge/MATHSOLVE/zip/adcfa0537f43327f4bb9acfe1692f757fce353c4,,contestants/E10/13-archives/E10-grandchallenge-MATHSOLVE-adcfa0537f43327f4bb9acfe1692f757fce353c4.zip,MATHSOLVE-adcfa0537f43327f4bb9acfe1692f757fce353c4/work_packages/BSD_R2_A1_WP37_P2_K_BOCKSTEIN_HEIGHT/00_README.md,,cfa27a31,Filename/path inference; editable in the app
345603,work_packages/BSD_R2_A1_WP37_P2_K_BOCKSTEIN_HEIGHT/01_P2_K_BOCKSTEIN_HEIGHT_THEOREM.md,General / shared,10445,Pinned collected revision; final designation governed by team receipt | 2fd9fd643bf3e9e98d121dc2e7af1cf1be411ae2,https://codeload.github.com/grandchallenge/MATHSOLVE/zip/2fd9fd643bf3e9e98d121dc2e7af1cf1be411ae2,,contestants/E10/13-archives/E10-grandchallenge-MATHSOLVE-2fd9fd643bf3e9e98d121dc2e7af1cf1be411ae2.zip,MATHSOLVE-2fd9fd643bf3e9e98d121dc2e7af1cf1be411ae2/work_packages/BSD_R2_A1_WP37_P2_K_BOCKSTEIN_HEIGHT/01_P2_K_BOCKSTEIN_HEIGHT_THEOREM.md,,24ca5a9d,Filename/path inference; editable in the app
348709,work_packages/BSD_R2_A1_WP37_P2_K_BOCKSTEIN_HEIGHT/01_P2_K_BOCKSTEIN_HEIGHT_THEOREM.md,General / shared,10445,Latest public revision collected separately; not an author-designated final | adcfa0537f43327f4bb9acfe1692f757fce353c4,https://codeload.github.com/grandchallenge/MATHSOLVE/zip/adcfa0537f43327f4bb9acfe1692f757fce353c4,,contestants/E10/13-archives/E10-grandchallenge-MATHSOLVE-adcfa0537f43327f4bb9acfe1692f757fce353c4.zip,MATHSOLVE-adcfa0537f43327f4bb9acfe1692f757fce353c4/work_packages/BSD_R2_A1_WP37_P2_K_BOCKSTEIN_HEIGHT/01_P2_K_BOCKSTEIN_HEIGHT_THEOREM.md,,24ca5a9d,Filename/path inference; editable in the app
345604,work_packages/BSD_R2_A1_WP37_P2_K_BOCKSTEIN_HEIGHT/02_COMPARISON_LEDGER.md,General / shared,2359,Pinned collected revision; final designation governed by team receipt | 2fd9fd643bf3e9e98d121dc2e7af1cf1be411ae2,https://codeload.github.com/grandchallenge/MATHSOLVE/zip/2fd9fd643bf3e9e98d121dc2e7af1cf1be411ae2,,contestants/E10/13-archives/E10-grandchallenge-MATHSOLVE-2fd9fd643bf3e9e98d121dc2e7af1cf1be411ae2.zip,MATHSOLVE-2fd9fd643bf3e9e98d121dc2e7af1cf1be411ae2/work_packages/BSD_R2_A1_WP37_P2_K_BOCKSTEIN_HEIGHT/02_COMPARISON_LEDGER.md,,4d92210b,Filename/path inference; editable in the app
348710,work_packages/BSD_R2_A1_WP37_P2_K_BOCKSTEIN_HEIGHT/02_COMPARISON_LEDGER.md,General / shared,2359,Latest public revision collected separately; not an author-designated final | adcfa0537f43327f4bb9acfe1692f757fce353c4,https://codeload.github.com/grandchallenge/MATHSOLVE/zip/adcfa0537f43327f4bb9acfe1692f757fce353c4,,contestants/E10/13-archives/E10-grandchallenge-MATHSOLVE-adcfa0537f43327f4bb9acfe1692f757fce353c4.zip,MATHSOLVE-adcfa0537f43327f4bb9acfe1692f757fce353c4/work_packages/BSD_R2_A1_WP37_P2_K_BOCKSTEIN_HEIGHT/02_COMPARISON_LEDGER.md,,4d92210b,Filename/path inference; editable in the app
345606,work_packages/BSD_R2_A1_WP38_KUMMER_LATTICE_REDUCTION/00_README.md,General / shared,2382,Pinned collected revision; final designation governed by team receipt | 2fd9fd643bf3e9e98d121dc2e7af1cf1be411ae2,https://codeload.github.com/grandchallenge/MATHSOLVE/zip/2fd9fd643bf3e9e98d121dc2e7af1cf1be411ae2,,contestants/E10/13-archives/E10-grandchallenge-MATHSOLVE-2fd9fd643bf3e9e98d121dc2e7af1cf1be411ae2.zip,MATHSOLVE-2fd9fd643bf3e9e98d121dc2e7af1cf1be411ae2/work_packages/BSD_R2_A1_WP38_KUMMER_LATTICE_REDUCTION/00_README.md,,53535f3e,Filename/path inference; editable in the app
348712,work_packages/BSD_R2_A1_WP38_KUMMER_LATTICE_REDUCTION/00_README.md,General / shared,2382,Latest public revision collected separately; not an author-designated final | adcfa0537f43327f4bb9acfe1692f757fce353c4,https://codeload.github.com/grandchallenge/MATHSOLVE/zip/adcfa0537f43327f4bb9acfe1692f757fce353c4,,contestants/E10/13-archives/E10-grandchallenge-MATHSOLVE-adcfa0537f43327f4bb9acfe1692f757fce353c4.zip,MATHSOLVE-adcfa0537f43327f4bb9acfe1692f757fce353c4/work_packages/BSD_R2_A1_WP38_KUMMER_LATTICE_REDUCTION/00_README.md,,53535f3e,Filename/path inference; editable in the app
345607,work_packages/BSD_R2_A1_WP38_KUMMER_LATTICE_REDUCTION/01_QUADRATIC_KUMMER_LATTICE_THEOREM.md,General / shared,5257,Pinned collected revision; final designation governed by team receipt | 2fd9fd643bf3e9e98d121dc2e7af1cf1be411ae2,https://codeload.github.com/grandchallenge/MATHSOLVE/zip/2fd9fd643bf3e9e98d121dc2e7af1cf1be411ae2,,contestants/E10/13-archives/E10-grandchallenge-MATHSOLVE-2fd9fd643bf3e9e98d121dc2e7af1cf1be411ae2.zip,MATHSOLVE-2fd9fd643bf3e9e98d121dc2e7af1cf1be411ae2/work_packages/BSD_R2_A1_WP38_KUMMER_LATTICE_REDUCTION/01_QUADRATIC_KUMMER_LATTICE_THEOREM.md,,14ee03a0,Filename/path inference; editable in the app
348713,work_packages/BSD_R2_A1_WP38_KUMMER_LATTICE_REDUCTION/01_QUADRATIC_KUMMER_LATTICE_THEOREM.md,General / shared,5257,Latest public revision collected separately; not an author-designated final | adcfa0537f43327f4bb9acfe1692f757fce353c4,https://codeload.github.com/grandchallenge/MATHSOLVE/zip/adcfa0537f43327f4bb9acfe1692f757fce353c4,,contestants/E10/13-archives/E10-grandchallenge-MATHSOLVE-adcfa0537f43327f4bb9acfe1692f757fce353c4.zip,MATHSOLVE-adcfa0537f43327f4bb9acfe1692f757fce353c4/work_packages/BSD_R2_A1_WP38_KUMMER_LATTICE_REDUCTION/01_QUADRATIC_KUMMER_LATTICE_THEOREM.md,,14ee03a0,Filename/path inference; editable in the app
345609,work_packages/BSD_R2_A1_WP39_KUMMER_GREENBERG_COMPARISON/00_README.md,General / shared,2258,Pinned collected revision; final designation governed by team receipt | 2fd9fd643bf3e9e98d121dc2e7af1cf1be411ae2,https://codeload.github.com/grandchallenge/MATHSOLVE/zip/2fd9fd643bf3e9e98d121dc2e7af1cf1be411ae2,,contestants/E10/13-archives/E10-grandchallenge-MATHSOLVE-2fd9fd643bf3e9e98d121dc2e7af1cf1be411ae2.zip,MATHSOLVE-2fd9fd643bf3e9e98d121dc2e7af1cf1be411ae2/work_packages/BSD_R2_A1_WP39_KUMMER_GREENBERG_COMPARISON/00_README.md,,631c0c1c,Filename/path inference; editable in the app
348715,work_packages/BSD_R2_A1_WP39_KUMMER_GREENBERG_COMPARISON/00_README.md,General / shared,2258,Latest public revision collected separately; not an author-designated final | adcfa0537f43327f4bb9acfe1692f757fce353c4,https://codeload.github.com/grandchallenge/MATHSOLVE/zip/adcfa0537f43327f4bb9acfe1692f757fce353c4,,contestants/E10/13-archives/E10-grandchallenge-MATHSOLVE-adcfa0537f43327f4bb9acfe1692f757fce353c4.zip,MATHSOLVE-adcfa0537f43327f4bb9acfe1692f757fce353c4/work_packages/BSD_R2_A1_WP39_KUMMER_GREENBERG_COMPARISON/00_README.md,,631c0c1c,Filename/path inference; editable in the app
345610,work_packages/BSD_R2_A1_WP39_KUMMER_GREENBERG_COMPARISON/01_EXACT_COMPARISON_THEOREM.md,General / shared,6877,Pinned collected revision; final designation governed by team receipt | 2fd9fd643bf3e9e98d121dc2e7af1cf1be411ae2,https://codeload.github.com/grandchallenge/MATHSOLVE/zip/2fd9fd643bf3e9e98d121dc2e7af1cf1be411ae2,,contestants/E10/13-archives/E10-grandchallenge-MATHSOLVE-2fd9fd643bf3e9e98d121dc2e7af1cf1be411ae2.zip,MATHSOLVE-2fd9fd643bf3e9e98d121dc2e7af1cf1be411ae2/work_packages/BSD_R2_A1_WP39_KUMMER_GREENBERG_COMPARISON/01_EXACT_COMPARISON_THEOREM.md,,9505e099,Filename/path inference; editable in the app
348716,work_packages/BSD_R2_A1_WP39_KUMMER_GREENBERG_COMPARISON/01_EXACT_COMPARISON_THEOREM.md,General / shared,6877,Latest public revision collected separately; not an author-designated final | adcfa0537f43327f4bb9acfe1692f757fce353c4,https://codeload.github.com/grandchallenge/MATHSOLVE/zip/adcfa0537f43327f4bb9acfe1692f757fce353c4,,contestants/E10/13-archives/E10-grandchallenge-MATHSOLVE-adcfa0537f43327f4bb9acfe1692f757fce353c4.zip,MATHSOLVE-adcfa0537f43327f4bb9acfe1692f757fce353c4/work_packages/BSD_R2_A1_WP39_KUMMER_GREENBERG_COMPARISON/01_EXACT_COMPARISON_THEOREM.md,,9505e099,Filename/path inference; editable in the app
345612,work_packages/BSD_R2_A1_WP40_POITOU_TATE_ANNIHILATOR/00_README.md,General / shared,2381,Pinned collected revision; final designation governed by team receipt | 2fd9fd643bf3e9e98d121dc2e7af1cf1be411ae2,https://codeload.github.com/grandchallenge/MATHSOLVE/zip/2fd9fd643bf3e9e98d121dc2e7af1cf1be411ae2,,contestants/E10/13-archives/E10-grandchallenge-MATHSOLVE-2fd9fd643bf3e9e98d121dc2e7af1cf1be411ae2.zip,MATHSOLVE-2fd9fd643bf3e9e98d121dc2e7af1cf1be411ae2/work_packages/BSD_R2_A1_WP40_POITOU_TATE_ANNIHILATOR/00_README.md,,863411cd,Filename/path inference; editable in the app
348718,work_packages/BSD_R2_A1_WP40_POITOU_TATE_ANNIHILATOR/00_README.md,General / shared,2381,Latest public revision collected separately; not an author-designated final | adcfa0537f43327f4bb9acfe1692f757fce353c4,https://codeload.github.com/grandchallenge/MATHSOLVE/zip/adcfa0537f43327f4bb9acfe1692f757fce353c4,,contestants/E10/13-archives/E10-grandchallenge-MATHSOLVE-adcfa0537f43327f4bb9acfe1692f757fce353c4.zip,MATHSOLVE-adcfa0537f43327f4bb9acfe1692f757fce353c4/work_packages/BSD_R2_A1_WP40_POITOU_TATE_ANNIHILATOR/00_README.md,,863411cd,Filename/path inference; editable in the app
345613,work_packages/BSD_R2_A1_WP40_POITOU_TATE_ANNIHILATOR/01_POITOU_TATE_ANNIHILATOR_THEOREM.md,General / shared,6369,Pinned collected revision; final designation governed by team receipt | 2fd9fd643bf3e9e98d121dc2e7af1cf1be411ae2,https://codeload.github.com/grandchallenge/MATHSOLVE/zip/2fd9fd643bf3e9e98d121dc2e7af1cf1be411ae2,,contestants/E10/13-archives/E10-grandchallenge-MATHSOLVE-2fd9fd643bf3e9e98d121dc2e7af1cf1be411ae2.zip,MATHSOLVE-2fd9fd643bf3e9e98d121dc2e7af1cf1be411ae2/work_packages/BSD_R2_A1_WP40_POITOU_TATE_ANNIHILATOR/01_POITOU_TATE_ANNIHILATOR_THEOREM.md,,e4a369c5,Filename/path inference; editable in the app
348719,work_packages/BSD_R2_A1_WP40_POITOU_TATE_ANNIHILATOR/01_POITOU_TATE_ANNIHILATOR_THEOREM.md,General / shared,6369,Latest public revision collected separately; not an author-designated final | adcfa0537f43327f4bb9acfe1692f757fce353c4,https://codeload.github.com/grandchallenge/MATHSOLVE/zip/adcfa0537f43327f4bb9acfe1692f757fce353c4,,contestants/E10/13-archives/E10-grandchallenge-MATHSOLVE-adcfa0537f43327f4bb9acfe1692f757fce353c4.zip,MATHSOLVE-adcfa0537f43327f4bb9acfe1692f757fce353c4/work_packages/BSD_R2_A1_WP40_POITOU_TATE_ANNIHILATOR/01_POITOU_TATE_ANNIHILATOR_THEOREM.md,,e4a369c5,Filename/path inference; editable in the app
345615,work_packages/BSD_R2_A1_WP41A_BOCKSTEIN_DUAL_HIT_COMPATIBILITY/00_README.md,General / shared,1709,Pinned collected revision; final designation governed by team receipt | 2fd9fd643bf3e9e98d121dc2e7af1cf1be411ae2,https://codeload.github.com/grandchallenge/MATHSOLVE/zip/2fd9fd643bf3e9e98d121dc2e7af1cf1be411ae2,,contestants/E10/13-archives/E10-grandchallenge-MATHSOLVE-2fd9fd643bf3e9e98d121dc2e7af1cf1be411ae2.zip,MATHSOLVE-2fd9fd643bf3e9e98d121dc2e7af1cf1be411ae2/work_packages/BSD_R2_A1_WP41A_BOCKSTEIN_DUAL_HIT_COMPATIBILITY/00_README.md,,792fdae0,Filename/path inference; editable in the app
348721,work_packages/BSD_R2_A1_WP41A_BOCKSTEIN_DUAL_HIT_COMPATIBILITY/00_README.md,General / shared,1709,Latest public revision collected separately; not an author-designated final | adcfa0537f43327f4bb9acfe1692f757fce353c4,https://codeload.github.com/grandchallenge/MATHSOLVE/zip/adcfa0537f43327f4bb9acfe1692f757fce353c4,,contestants/E10/13-archives/E10-grandchallenge-MATHSOLVE-adcfa0537f43327f4bb9acfe1692f757fce353c4.zip,MATHSOLVE-adcfa0537f43327f4bb9acfe1692f757fce353c4/work_packages/BSD_R2_A1_WP41A_BOCKSTEIN_DUAL_HIT_COMPATIBILITY/00_README.md,,792fdae0,Filename/path inference; editable in the app
345616,work_packages/BSD_R2_A1_WP41A_BOCKSTEIN_DUAL_HIT_COMPATIBILITY/01_DEPENDENCY_SEPARATION_THEOREM.md,General / shared,5892,Pinned collected revision; final designation governed by team receipt | 2fd9fd643bf3e9e98d121dc2e7af1cf1be411ae2,https://codeload.github.com/grandchallenge/MATHSOLVE/zip/2fd9fd643bf3e9e98d121dc2e7af1cf1be411ae2,,contestants/E10/13-archives/E10-grandchallenge-MATHSOLVE-2fd9fd643bf3e9e98d121dc2e7af1cf1be411ae2.zip,MATHSOLVE-2fd9fd643bf3e9e98d121dc2e7af1cf1be411ae2/work_packages/BSD_R2_A1_WP41A_BOCKSTEIN_DUAL_HIT_COMPATIBILITY/01_DEPENDENCY_SEPARATION_THEOREM.md,,1c70cee6,Filename/path inference; editable in the app
348722,work_packages/BSD_R2_A1_WP41A_BOCKSTEIN_DUAL_HIT_COMPATIBILITY/01_DEPENDENCY_SEPARATION_THEOREM.md,General / shared,5892,Latest public revision collected separately; not an author-designated final | adcfa0537f43327f4bb9acfe1692f757fce353c4,https://codeload.github.com/grandchallenge/MATHSOLVE/zip/adcfa0537f43327f4bb9acfe1692f757fce353c4,,contestants/E10/13-archives/E10-grandchallenge-MATHSOLVE-adcfa0537f43327f4bb9acfe1692f757fce353c4.zip,MATHSOLVE-adcfa0537f43327f4bb9acfe1692f757fce353c4/work_packages/BSD_R2_A1_WP41A_BOCKSTEIN_DUAL_HIT_COMPATIBILITY/01_DEPENDENCY_SEPARATION_THEOREM.md,,1c70cee6,Filename/path inference; editable in the app
345618,work_packages/BSD_R2_A1_WP41B_DISEGNI_ORDINARY_NORMALIZATION/00_README.md,General / shared,1224,Pinned collected revision; final designation governed by team receipt | 2fd9fd643bf3e9e98d121dc2e7af1cf1be411ae2,https://codeload.github.com/grandchallenge/MATHSOLVE/zip/2fd9fd643bf3e9e98d121dc2e7af1cf1be411ae2,,contestants/E10/13-archives/E10-grandchallenge-MATHSOLVE-2fd9fd643bf3e9e98d121dc2e7af1cf1be411ae2.zip,MATHSOLVE-2fd9fd643bf3e9e98d121dc2e7af1cf1be411ae2/work_packages/BSD_R2_A1_WP41B_DISEGNI_ORDINARY_NORMALIZATION/00_README.md,,5a1d653f,Filename/path inference; editable in the app
348724,work_packages/BSD_R2_A1_WP41B_DISEGNI_ORDINARY_NORMALIZATION/00_README.md,General / shared,1224,Latest public revision collected separately; not an author-designated final | adcfa0537f43327f4bb9acfe1692f757fce353c4,https://codeload.github.com/grandchallenge/MATHSOLVE/zip/adcfa0537f43327f4bb9acfe1692f757fce353c4,,contestants/E10/13-archives/E10-grandchallenge-MATHSOLVE-adcfa0537f43327f4bb9acfe1692f757fce353c4.zip,MATHSOLVE-adcfa0537f43327f4bb9acfe1692f757fce353c4/work_packages/BSD_R2_A1_WP41B_DISEGNI_ORDINARY_NORMALIZATION/00_README.md,,5a1d653f,Filename/path inference; editable in the app
345619,work_packages/BSD_R2_A1_WP41B_DISEGNI_ORDINARY_NORMALIZATION/01_ORDINARY_NORMALIZATION_THEOREM.md,General / shared,4745,Pinned collected revision; final designation governed by team receipt | 2fd9fd643bf3e9e98d121dc2e7af1cf1be411ae2,https://codeload.github.com/grandchallenge/MATHSOLVE/zip/2fd9fd643bf3e9e98d121dc2e7af1cf1be411ae2,,contestants/E10/13-archives/E10-grandchallenge-MATHSOLVE-2fd9fd643bf3e9e98d121dc2e7af1cf1be411ae2.zip,MATHSOLVE-2fd9fd643bf3e9e98d121dc2e7af1cf1be411ae2/work_packages/BSD_R2_A1_WP41B_DISEGNI_ORDINARY_NORMALIZATION/01_ORDINARY_NORMALIZATION_THEOREM.md,,b610661e,Filename/path inference; editable in the app
348725,work_packages/BSD_R2_A1_WP41B_DISEGNI_ORDINARY_NORMALIZATION/01_ORDINARY_NORMALIZATION_THEOREM.md,General / shared,4745,Latest public revision collected separately; not an author-designated final | adcfa0537f43327f4bb9acfe1692f757fce353c4,https://codeload.github.com/grandchallenge/MATHSOLVE/zip/adcfa0537f43327f4bb9acfe1692f757fce353c4,,contestants/E10/13-archives/E10-grandchallenge-MATHSOLVE-adcfa0537f43327f4bb9acfe1692f757fce353c4.zip,MATHSOLVE-adcfa0537f43327f4bb9acfe1692f757fce353c4/work_packages/BSD_R2_A1_WP41B_DISEGNI_ORDINARY_NORMALIZATION/01_ORDINARY_NORMALIZATION_THEOREM.md,,b610661e,Filename/path inference; editable in the app
345621,work_packages/BSD_R2_A1_WP42B_P2_QORD_LOCAL_FACTOR/00_README.md,General / shared,1683,Pinned collected revision; final designation governed by team receipt | 2fd9fd643bf3e9e98d121dc2e7af1cf1be411ae2,https://codeload.github.com/grandchallenge/MATHSOLVE/zip/2fd9fd643bf3e9e98d121dc2e7af1cf1be411ae2,,contestants/E10/13-archives/E10-grandchallenge-MATHSOLVE-2fd9fd643bf3e9e98d121dc2e7af1cf1be411ae2.zip,MATHSOLVE-2fd9fd643bf3e9e98d121dc2e7af1cf1be411ae2/work_packages/BSD_R2_A1_WP42B_P2_QORD_LOCAL_FACTOR/00_README.md,,f88b8e02,Filename/path inference; editable in the app
348727,work_packages/BSD_R2_A1_WP42B_P2_QORD_LOCAL_FACTOR/00_README.md,General / shared,1683,Latest public revision collected separately; not an author-designated final | adcfa0537f43327f4bb9acfe1692f757fce353c4,https://codeload.github.com/grandchallenge/MATHSOLVE/zip/adcfa0537f43327f4bb9acfe1692f757fce353c4,,contestants/E10/13-archives/E10-grandchallenge-MATHSOLVE-adcfa0537f43327f4bb9acfe1692f757fce353c4.zip,MATHSOLVE-adcfa0537f43327f4bb9acfe1692f757fce353c4/work_packages/BSD_R2_A1_WP42B_P2_QORD_LOCAL_FACTOR/00_README.md,,f88b8e02,Filename/path inference; editable in the app
345622,work_packages/BSD_R2_A1_WP42B_P2_QORD_LOCAL_FACTOR/01_P2_QORD_LOCAL_THEOREM.md,General / shared,3465,Pinned collected revision; final designation governed by team receipt | 2fd9fd643bf3e9e98d121dc2e7af1cf1be411ae2,https://codeload.github.com/grandchallenge/MATHSOLVE/zip/2fd9fd643bf3e9e98d121dc2e7af1cf1be411ae2,,contestants/E10/13-archives/E10-grandchallenge-MATHSOLVE-2fd9fd643bf3e9e98d121dc2e7af1cf1be411ae2.zip,MATHSOLVE-2fd9fd643bf3e9e98d121dc2e7af1cf1be411ae2/work_packages/BSD_R2_A1_WP42B_P2_QORD_LOCAL_FACTOR/01_P2_QORD_LOCAL_THEOREM.md,,2ee42bb1,Filename/path inference; editable in the app
348728,work_packages/BSD_R2_A1_WP42B_P2_QORD_LOCAL_FACTOR/01_P2_QORD_LOCAL_THEOREM.md,General / shared,3465,Latest public revision collected separately; not an author-designated final | adcfa0537f43327f4bb9acfe1692f757fce353c4,https://codeload.github.com/grandchallenge/MATHSOLVE/zip/adcfa0537f43327f4bb9acfe1692f757fce353c4,,contestants/E10/13-archives/E10-grandchallenge-MATHSOLVE-adcfa0537f43327f4bb9acfe1692f757fce353c4.zip,MATHSOLVE-adcfa0537f43327f4bb9acfe1692f757fce353c4/work_packages/BSD_R2_A1_WP42B_P2_QORD_LOCAL_FACTOR/01_P2_QORD_LOCAL_THEOREM.md,,2ee42bb1,Filename/path inference; editable in the app
345624,work_packages/BSD_R2_A1_WP43A_GREENBERG_AUGMENTATION_NATURALITY/00_README.md,General / shared,1418,Pinned collected revision; final designation governed by team receipt | 2fd9fd643bf3e9e98d121dc2e7af1cf1be411ae2,https://codeload.github.com/grandchallenge/MATHSOLVE/zip/2fd9fd643bf3e9e98d121dc2e7af1cf1be411ae2,,contestants/E10/13-archives/E10-grandchallenge-MATHSOLVE-2fd9fd643bf3e9e98d121dc2e7af1cf1be411ae2.zip,MATHSOLVE-2fd9fd643bf3e9e98d121dc2e7af1cf1be411ae2/work_packages/BSD_R2_A1_WP43A_GREENBERG_AUGMENTATION_NATURALITY/00_README.md,,8ef59fe0,Filename/path inference; editable in the app
348730,work_packages/BSD_R2_A1_WP43A_GREENBERG_AUGMENTATION_NATURALITY/00_README.md,General / shared,1418,Latest public revision collected separately; not an author-designated final | adcfa0537f43327f4bb9acfe1692f757fce353c4,https://codeload.github.com/grandchallenge/MATHSOLVE/zip/adcfa0537f43327f4bb9acfe1692f757fce353c4,,contestants/E10/13-archives/E10-grandchallenge-MATHSOLVE-adcfa0537f43327f4bb9acfe1692f757fce353c4.zip,MATHSOLVE-adcfa0537f43327f4bb9acfe1692f757fce353c4/work_packages/BSD_R2_A1_WP43A_GREENBERG_AUGMENTATION_NATURALITY/00_README.md,,8ef59fe0,Filename/path inference; editable in the app
345625,work_packages/BSD_R2_A1_WP43A_GREENBERG_AUGMENTATION_NATURALITY/01_GREENBERG_AUGMENTATION_THEOREM.md,General / shared,4173,Pinned collected revision; final designation governed by team receipt | 2fd9fd643bf3e9e98d121dc2e7af1cf1be411ae2,https://codeload.github.com/grandchallenge/MATHSOLVE/zip/2fd9fd643bf3e9e98d121dc2e7af1cf1be411ae2,,contestants/E10/13-archives/E10-grandchallenge-MATHSOLVE-2fd9fd643bf3e9e98d121dc2e7af1cf1be411ae2.zip,MATHSOLVE-2fd9fd643bf3e9e98d121dc2e7af1cf1be411ae2/work_packages/BSD_R2_A1_WP43A_GREENBERG_AUGMENTATION_NATURALITY/01_GREENBERG_AUGMENTATION_THEOREM.md,,70ec4961,Filename/path inference; editable in the app
348731,work_packages/BSD_R2_A1_WP43A_GREENBERG_AUGMENTATION_NATURALITY/01_GREENBERG_AUGMENTATION_THEOREM.md,General / shared,4173,Latest public revision collected separately; not an author-designated final | adcfa0537f43327f4bb9acfe1692f757fce353c4,https://codeload.github.com/grandchallenge/MATHSOLVE/zip/adcfa0537f43327f4bb9acfe1692f757fce353c4,,contestants/E10/13-archives/E10-grandchallenge-MATHSOLVE-adcfa0537f43327f4bb9acfe1692f757fce353c4.zip,MATHSOLVE-adcfa0537f43327f4bb9acfe1692f757fce353c4/work_packages/BSD_R2_A1_WP43A_GREENBERG_AUGMENTATION_NATURALITY/01_GREENBERG_AUGMENTATION_THEOREM.md,,70ec4961,Filename/path inference; editable in the app
345627,work_packages/BSD_R2_A1_WP44A_KUMMER_IWASAWA_CONTROL_OVER_K/00_README.md,General / shared,3092,Pinned collected revision; final designation governed by team receipt | 2fd9fd643bf3e9e98d121dc2e7af1cf1be411ae2,https://codeload.github.com/grandchallenge/MATHSOLVE/zip/2fd9fd643bf3e9e98d121dc2e7af1cf1be411ae2,,contestants/E10/13-archives/E10-grandchallenge-MATHSOLVE-2fd9fd643bf3e9e98d121dc2e7af1cf1be411ae2.zip,MATHSOLVE-2fd9fd643bf3e9e98d121dc2e7af1cf1be411ae2/work_packages/BSD_R2_A1_WP44A_KUMMER_IWASAWA_CONTROL_OVER_K/00_README.md,,27d79ea2,Filename/path inference; editable in the app
348733,work_packages/BSD_R2_A1_WP44A_KUMMER_IWASAWA_CONTROL_OVER_K/00_README.md,General / shared,3092,Latest public revision collected separately; not an author-designated final | adcfa0537f43327f4bb9acfe1692f757fce353c4,https://codeload.github.com/grandchallenge/MATHSOLVE/zip/adcfa0537f43327f4bb9acfe1692f757fce353c4,,contestants/E10/13-archives/E10-grandchallenge-MATHSOLVE-adcfa0537f43327f4bb9acfe1692f757fce353c4.zip,MATHSOLVE-adcfa0537f43327f4bb9acfe1692f757fce353c4/work_packages/BSD_R2_A1_WP44A_KUMMER_IWASAWA_CONTROL_OVER_K/00_README.md,,27d79ea2,Filename/path inference; editable in the app
345628,work_packages/BSD_R2_A1_WP44A_KUMMER_IWASAWA_CONTROL_OVER_K/01_KUMMER_IWASAWA_CONTROL_THEOREM.md,General / shared,10702,Pinned collected revision; final designation governed by team receipt | 2fd9fd643bf3e9e98d121dc2e7af1cf1be411ae2,https://codeload.github.com/grandchallenge/MATHSOLVE/zip/2fd9fd643bf3e9e98d121dc2e7af1cf1be411ae2,,contestants/E10/13-archives/E10-grandchallenge-MATHSOLVE-2fd9fd643bf3e9e98d121dc2e7af1cf1be411ae2.zip,MATHSOLVE-2fd9fd643bf3e9e98d121dc2e7af1cf1be411ae2/work_packages/BSD_R2_A1_WP44A_KUMMER_IWASAWA_CONTROL_OVER_K/01_KUMMER_IWASAWA_CONTROL_THEOREM.md,,78913d72,Filename/path inference; editable in the app
348734,work_packages/BSD_R2_A1_WP44A_KUMMER_IWASAWA_CONTROL_OVER_K/01_KUMMER_IWASAWA_CONTROL_THEOREM.md,General / shared,10702,Latest public revision collected separately; not an author-designated final | adcfa0537f43327f4bb9acfe1692f757fce353c4,https://codeload.github.com/grandchallenge/MATHSOLVE/zip/adcfa0537f43327f4bb9acfe1692f757fce353c4,,contestants/E10/13-archives/E10-grandchallenge-MATHSOLVE-adcfa0537f43327f4bb9acfe1692f757fce353c4.zip,MATHSOLVE-adcfa0537f43327f4bb9acfe1692f757fce353c4/work_packages/BSD_R2_A1_WP44A_KUMMER_IWASAWA_CONTROL_OVER_K/01_KUMMER_IWASAWA_CONTROL_THEOREM.md,,78913d72,Filename/path inference; editable in the app
345629,work_packages/BSD_R2_A1_WP44A_KUMMER_IWASAWA_CONTROL_OVER_K/02_COMPARISON_LEDGER.md,General / shared,3022,Pinned collected revision; final designation governed by team receipt | 2fd9fd643bf3e9e98d121dc2e7af1cf1be411ae2,https://codeload.github.com/grandchallenge/MATHSOLVE/zip/2fd9fd643bf3e9e98d121dc2e7af1cf1be411ae2,,contestants/E10/13-archives/E10-grandchallenge-MATHSOLVE-2fd9fd643bf3e9e98d121dc2e7af1cf1be411ae2.zip,MATHSOLVE-2fd9fd643bf3e9e98d121dc2e7af1cf1be411ae2/work_packages/BSD_R2_A1_WP44A_KUMMER_IWASAWA_CONTROL_OVER_K/02_COMPARISON_LEDGER.md,,439d5323,Filename/path inference; editable in the app
348735,work_packages/BSD_R2_A1_WP44A_KUMMER_IWASAWA_CONTROL_OVER_K/02_COMPARISON_LEDGER.md,General / shared,3022,Latest public revision collected separately; not an author-designated final | adcfa0537f43327f4bb9acfe1692f757fce353c4,https://codeload.github.com/grandchallenge/MATHSOLVE/zip/adcfa0537f43327f4bb9acfe1692f757fce353c4,,contestants/E10/13-archives/E10-grandchallenge-MATHSOLVE-adcfa0537f43327f4bb9acfe1692f757fce353c4.zip,MATHSOLVE-adcfa0537f43327f4bb9acfe1692f757fce353c4/work_packages/BSD_R2_A1_WP44A_KUMMER_IWASAWA_CONTROL_OVER_K/02_COMPARISON_LEDGER.md,,439d5323,Filename/path inference; editable in the app
345632,work_packages/BSD_R2_A1_WP45A_DERIVED_KUMMER_LOCAL_CONDITION/00_README.md,General / shared,2957,Pinned collected revision; final designation governed by team receipt | 2fd9fd643bf3e9e98d121dc2e7af1cf1be411ae2,https://codeload.github.com/grandchallenge/MATHSOLVE/zip/2fd9fd643bf3e9e98d121dc2e7af1cf1be411ae2,,contestants/E10/13-archives/E10-grandchallenge-MATHSOLVE-2fd9fd643bf3e9e98d121dc2e7af1cf1be411ae2.zip,MATHSOLVE-2fd9fd643bf3e9e98d121dc2e7af1cf1be411ae2/work_packages/BSD_R2_A1_WP45A_DERIVED_KUMMER_LOCAL_CONDITION/00_README.md,,5c1467b5,Filename/path inference; editable in the app
348738,work_packages/BSD_R2_A1_WP45A_DERIVED_KUMMER_LOCAL_CONDITION/00_README.md,General / shared,2957,Latest public revision collected separately; not an author-designated final | adcfa0537f43327f4bb9acfe1692f757fce353c4,https://codeload.github.com/grandchallenge/MATHSOLVE/zip/adcfa0537f43327f4bb9acfe1692f757fce353c4,,contestants/E10/13-archives/E10-grandchallenge-MATHSOLVE-adcfa0537f43327f4bb9acfe1692f757fce353c4.zip,MATHSOLVE-adcfa0537f43327f4bb9acfe1692f757fce353c4/work_packages/BSD_R2_A1_WP45A_DERIVED_KUMMER_LOCAL_CONDITION/00_README.md,,5c1467b5,Filename/path inference; editable in the app
345633,work_packages/BSD_R2_A1_WP45A_DERIVED_KUMMER_LOCAL_CONDITION/01_DERIVED_LOCAL_CONDITION_THEOREM.md,General / shared,8484,Pinned collected revision; final designation governed by team receipt | 2fd9fd643bf3e9e98d121dc2e7af1cf1be411ae2,https://codeload.github.com/grandchallenge/MATHSOLVE/zip/2fd9fd643bf3e9e98d121dc2e7af1cf1be411ae2,,contestants/E10/13-archives/E10-grandchallenge-MATHSOLVE-2fd9fd643bf3e9e98d121dc2e7af1cf1be411ae2.zip,MATHSOLVE-2fd9fd643bf3e9e98d121dc2e7af1cf1be411ae2/work_packages/BSD_R2_A1_WP45A_DERIVED_KUMMER_LOCAL_CONDITION/01_DERIVED_LOCAL_CONDITION_THEOREM.md,,f55ab33c,Filename/path inference; editable in the app
348739,work_packages/BSD_R2_A1_WP45A_DERIVED_KUMMER_LOCAL_CONDITION/01_DERIVED_LOCAL_CONDITION_THEOREM.md,General / shared,8484,Latest public revision collected separately; not an author-designated final | adcfa0537f43327f4bb9acfe1692f757fce353c4,https://codeload.github.com/grandchallenge/MATHSOLVE/zip/adcfa0537f43327f4bb9acfe1692f757fce353c4,,contestants/E10/13-archives/E10-grandchallenge-MATHSOLVE-adcfa0537f43327f4bb9acfe1692f757fce353c4.zip,MATHSOLVE-adcfa0537f43327f4bb9acfe1692f757fce353c4/work_packages/BSD_R2_A1_WP45A_DERIVED_KUMMER_LOCAL_CONDITION/01_DERIVED_LOCAL_CONDITION_THEOREM.md,,f55ab33c,Filename/path inference; editable in the app
345635,work_packages/BSD_R2_A1_WP45A_DERIVED_KUMMER_LOCAL_CONDITION/02_TOR_VANISHING_AND_KERNEL_IDENTIFICATION.md,General / shared,3138,Pinned collected revision; final designation governed by team receipt | 2fd9fd643bf3e9e98d121dc2e7af1cf1be411ae2,https://codeload.github.com/grandchallenge/MATHSOLVE/zip/2fd9fd643bf3e9e98d121dc2e7af1cf1be411ae2,,contestants/E10/13-archives/E10-grandchallenge-MATHSOLVE-2fd9fd643bf3e9e98d121dc2e7af1cf1be411ae2.zip,MATHSOLVE-2fd9fd643bf3e9e98d121dc2e7af1cf1be411ae2/work_packages/BSD_R2_A1_WP45A_DERIVED_KUMMER_LOCAL_CONDITION/02_TOR_VANISHING_AND_KERNEL_IDENTIFICATION.md,,7afd4fa0,Filename/path inference; editable in the app
348741,work_packages/BSD_R2_A1_WP45A_DERIVED_KUMMER_LOCAL_CONDITION/02_TOR_VANISHING_AND_KERNEL_IDENTIFICATION.md,General / shared,3138,Latest public revision collected separately; not an author-designated final | adcfa0537f43327f4bb9acfe1692f757fce353c4,https://codeload.github.com/grandchallenge/MATHSOLVE/zip/adcfa0537f43327f4bb9acfe1692f757fce353c4,,contestants/E10/13-archives/E10-grandchallenge-MATHSOLVE-adcfa0537f43327f4bb9acfe1692f757fce353c4.zip,MATHSOLVE-adcfa0537f43327f4bb9acfe1692f757fce353c4/work_packages/BSD_R2_A1_WP45A_DERIVED_KUMMER_LOCAL_CONDITION/02_TOR_VANISHING_AND_KERNEL_IDENTIFICATION.md,,7afd4fa0,Filename/path inference; editable in the app
345636,work_packages/BSD_R2_A1_WP46A_STRICT_KUMMER_POSTNIKOV_OBSTRUCTION/00_README.md,General / shared,3502,Pinned collected revision; final designation governed by team receipt | 2fd9fd643bf3e9e98d121dc2e7af1cf1be411ae2,https://codeload.github.com/grandchallenge/MATHSOLVE/zip/2fd9fd643bf3e9e98d121dc2e7af1cf1be411ae2,,contestants/E10/13-archives/E10-grandchallenge-MATHSOLVE-2fd9fd643bf3e9e98d121dc2e7af1cf1be411ae2.zip,MATHSOLVE-2fd9fd643bf3e9e98d121dc2e7af1cf1be411ae2/work_packages/BSD_R2_A1_WP46A_STRICT_KUMMER_POSTNIKOV_OBSTRUCTION/00_README.md,,da0657a4,Filename/path inference; editable in the app
348742,work_packages/BSD_R2_A1_WP46A_STRICT_KUMMER_POSTNIKOV_OBSTRUCTION/00_README.md,General / shared,3502,Latest public revision collected separately; not an author-designated final | adcfa0537f43327f4bb9acfe1692f757fce353c4,https://codeload.github.com/grandchallenge/MATHSOLVE/zip/adcfa0537f43327f4bb9acfe1692f757fce353c4,,contestants/E10/13-archives/E10-grandchallenge-MATHSOLVE-adcfa0537f43327f4bb9acfe1692f757fce353c4.zip,MATHSOLVE-adcfa0537f43327f4bb9acfe1692f757fce353c4/work_packages/BSD_R2_A1_WP46A_STRICT_KUMMER_POSTNIKOV_OBSTRUCTION/00_README.md,,da0657a4,Filename/path inference; editable in the app
345637,work_packages/BSD_R2_A1_WP46A_STRICT_KUMMER_POSTNIKOV_OBSTRUCTION/02_ORDINARY_H2_REVERSE_COMPARISON.md,General / shared,10033,Pinned collected revision; final designation governed by team receipt | 2fd9fd643bf3e9e98d121dc2e7af1cf1be411ae2,https://codeload.github.com/grandchallenge/MATHSOLVE/zip/2fd9fd643bf3e9e98d121dc2e7af1cf1be411ae2,,contestants/E10/13-archives/E10-grandchallenge-MATHSOLVE-2fd9fd643bf3e9e98d121dc2e7af1cf1be411ae2.zip,MATHSOLVE-2fd9fd643bf3e9e98d121dc2e7af1cf1be411ae2/work_packages/BSD_R2_A1_WP46A_STRICT_KUMMER_POSTNIKOV_OBSTRUCTION/02_ORDINARY_H2_REVERSE_COMPARISON.md,,95a81f20,Filename/path inference; editable in the app
348743,work_packages/BSD_R2_A1_WP46A_STRICT_KUMMER_POSTNIKOV_OBSTRUCTION/02_ORDINARY_H2_REVERSE_COMPARISON.md,General / shared,10033,Latest public revision collected separately; not an author-designated final | adcfa0537f43327f4bb9acfe1692f757fce353c4,https://codeload.github.com/grandchallenge/MATHSOLVE/zip/adcfa0537f43327f4bb9acfe1692f757fce353c4,,contestants/E10/13-archives/E10-grandchallenge-MATHSOLVE-adcfa0537f43327f4bb9acfe1692f757fce353c4.zip,MATHSOLVE-adcfa0537f43327f4bb9acfe1692f757fce353c4/work_packages/BSD_R2_A1_WP46A_STRICT_KUMMER_POSTNIKOV_OBSTRUCTION/02_ORDINARY_H2_REVERSE_COMPARISON.md,,95a81f20,Filename/path inference; editable in the app
345639,work_packages/BSD_R2_A1_WP47A_LOCAL_FILTRATION_RECONCILIATION/00_README.md,General / shared,3315,Pinned collected revision; final designation governed by team receipt | 2fd9fd643bf3e9e98d121dc2e7af1cf1be411ae2,https://codeload.github.com/grandchallenge/MATHSOLVE/zip/2fd9fd643bf3e9e98d121dc2e7af1cf1be411ae2,,contestants/E10/13-archives/E10-grandchallenge-MATHSOLVE-2fd9fd643bf3e9e98d121dc2e7af1cf1be411ae2.zip,MATHSOLVE-2fd9fd643bf3e9e98d121dc2e7af1cf1be411ae2/work_packages/BSD_R2_A1_WP47A_LOCAL_FILTRATION_RECONCILIATION/00_README.md,,d586b319,Filename/path inference; editable in the app
348745,work_packages/BSD_R2_A1_WP47A_LOCAL_FILTRATION_RECONCILIATION/00_README.md,General / shared,3315,Latest public revision collected separately; not an author-designated final | adcfa0537f43327f4bb9acfe1692f757fce353c4,https://codeload.github.com/grandchallenge/MATHSOLVE/zip/adcfa0537f43327f4bb9acfe1692f757fce353c4,,contestants/E10/13-archives/E10-grandchallenge-MATHSOLVE-adcfa0537f43327f4bb9acfe1692f757fce353c4.zip,MATHSOLVE-adcfa0537f43327f4bb9acfe1692f757fce353c4/work_packages/BSD_R2_A1_WP47A_LOCAL_FILTRATION_RECONCILIATION/00_README.md,,d586b319,Filename/path inference; editable in the app
345640,work_packages/BSD_R2_A1_WP47A_LOCAL_FILTRATION_RECONCILIATION/01_MAP_LEVEL_RECONCILIATION_THEOREM.md,General / shared,7946,Pinned collected revision; final designation governed by team receipt | 2fd9fd643bf3e9e98d121dc2e7af1cf1be411ae2,https://codeload.github.com/grandchallenge/MATHSOLVE/zip/2fd9fd643bf3e9e98d121dc2e7af1cf1be411ae2,,contestants/E10/13-archives/E10-grandchallenge-MATHSOLVE-2fd9fd643bf3e9e98d121dc2e7af1cf1be411ae2.zip,MATHSOLVE-2fd9fd643bf3e9e98d121dc2e7af1cf1be411ae2/work_packages/BSD_R2_A1_WP47A_LOCAL_FILTRATION_RECONCILIATION/01_MAP_LEVEL_RECONCILIATION_THEOREM.md,,fba104de,Filename/path inference; editable in the app
348746,work_packages/BSD_R2_A1_WP47A_LOCAL_FILTRATION_RECONCILIATION/01_MAP_LEVEL_RECONCILIATION_THEOREM.md,General / shared,7946,Latest public revision collected separately; not an author-designated final | adcfa0537f43327f4bb9acfe1692f757fce353c4,https://codeload.github.com/grandchallenge/MATHSOLVE/zip/adcfa0537f43327f4bb9acfe1692f757fce353c4,,contestants/E10/13-archives/E10-grandchallenge-MATHSOLVE-adcfa0537f43327f4bb9acfe1692f757fce353c4.zip,MATHSOLVE-adcfa0537f43327f4bb9acfe1692f757fce353c4/work_packages/BSD_R2_A1_WP47A_LOCAL_FILTRATION_RECONCILIATION/01_MAP_LEVEL_RECONCILIATION_THEOREM.md,,fba104de,Filename/path inference; editable in the app
345642,work_packages/BSD_R2_A1_WP48A_GLOBAL_COMPARISON_CONE/00_README.md,General / shared,3516,Pinned collected revision; final designation governed by team receipt | 2fd9fd643bf3e9e98d121dc2e7af1cf1be411ae2,https://codeload.github.com/grandchallenge/MATHSOLVE/zip/2fd9fd643bf3e9e98d121dc2e7af1cf1be411ae2,,contestants/E10/13-archives/E10-grandchallenge-MATHSOLVE-2fd9fd643bf3e9e98d121dc2e7af1cf1be411ae2.zip,MATHSOLVE-2fd9fd643bf3e9e98d121dc2e7af1cf1be411ae2/work_packages/BSD_R2_A1_WP48A_GLOBAL_COMPARISON_CONE/00_README.md,,9a71feb0,Filename/path inference; editable in the app
348748,work_packages/BSD_R2_A1_WP48A_GLOBAL_COMPARISON_CONE/00_README.md,General / shared,3516,Latest public revision collected separately; not an author-designated final | adcfa0537f43327f4bb9acfe1692f757fce353c4,https://codeload.github.com/grandchallenge/MATHSOLVE/zip/adcfa0537f43327f4bb9acfe1692f757fce353c4,,contestants/E10/13-archives/E10-grandchallenge-MATHSOLVE-adcfa0537f43327f4bb9acfe1692f757fce353c4.zip,MATHSOLVE-adcfa0537f43327f4bb9acfe1692f757fce353c4/work_packages/BSD_R2_A1_WP48A_GLOBAL_COMPARISON_CONE/00_README.md,,9a71feb0,Filename/path inference; editable in the app
345643,work_packages/BSD_R2_A1_WP48A_GLOBAL_COMPARISON_CONE/01_GLOBAL_COMPARISON_CONE_THEOREM.md,General / shared,14369,Pinned collected revision; final designation governed by team receipt | 2fd9fd643bf3e9e98d121dc2e7af1cf1be411ae2,https://codeload.github.com/grandchallenge/MATHSOLVE/zip/2fd9fd643bf3e9e98d121dc2e7af1cf1be411ae2,,contestants/E10/13-archives/E10-grandchallenge-MATHSOLVE-2fd9fd643bf3e9e98d121dc2e7af1cf1be411ae2.zip,MATHSOLVE-2fd9fd643bf3e9e98d121dc2e7af1cf1be411ae2/work_packages/BSD_R2_A1_WP48A_GLOBAL_COMPARISON_CONE/01_GLOBAL_COMPARISON_CONE_THEOREM.md,,70775c18,Filename/path inference; editable in the app
348749,work_packages/BSD_R2_A1_WP48A_GLOBAL_COMPARISON_CONE/01_GLOBAL_COMPARISON_CONE_THEOREM.md,General / shared,14369,Latest public revision collected separately; not an author-designated final | adcfa0537f43327f4bb9acfe1692f757fce353c4,https://codeload.github.com/grandchallenge/MATHSOLVE/zip/adcfa0537f43327f4bb9acfe1692f757fce353c4,,contestants/E10/13-archives/E10-grandchallenge-MATHSOLVE-adcfa0537f43327f4bb9acfe1692f757fce353c4.zip,MATHSOLVE-adcfa0537f43327f4bb9acfe1692f757fce353c4/work_packages/BSD_R2_A1_WP48A_GLOBAL_COMPARISON_CONE/01_GLOBAL_COMPARISON_CONE_THEOREM.md,,70775c18,Filename/path inference; editable in the app
345645,work_packages/BSD_R2_A1_WP49A_BOCKSTEIN_CONTROL_QUOTIENT/00_README.md,General / shared,2853,Pinned collected revision; final designation governed by team receipt | 2fd9fd643bf3e9e98d121dc2e7af1cf1be411ae2,https://codeload.github.com/grandchallenge/MATHSOLVE/zip/2fd9fd643bf3e9e98d121dc2e7af1cf1be411ae2,,contestants/E10/13-archives/E10-grandchallenge-MATHSOLVE-2fd9fd643bf3e9e98d121dc2e7af1cf1be411ae2.zip,MATHSOLVE-2fd9fd643bf3e9e98d121dc2e7af1cf1be411ae2/work_packages/BSD_R2_A1_WP49A_BOCKSTEIN_CONTROL_QUOTIENT/00_README.md,,f9a5af43,Filename/path inference; editable in the app
348751,work_packages/BSD_R2_A1_WP49A_BOCKSTEIN_CONTROL_QUOTIENT/00_README.md,General / shared,2853,Latest public revision collected separately; not an author-designated final | adcfa0537f43327f4bb9acfe1692f757fce353c4,https://codeload.github.com/grandchallenge/MATHSOLVE/zip/adcfa0537f43327f4bb9acfe1692f757fce353c4,,contestants/E10/13-archives/E10-grandchallenge-MATHSOLVE-adcfa0537f43327f4bb9acfe1692f757fce353c4.zip,MATHSOLVE-adcfa0537f43327f4bb9acfe1692f757fce353c4/work_packages/BSD_R2_A1_WP49A_BOCKSTEIN_CONTROL_QUOTIENT/00_README.md,,f9a5af43,Filename/path inference; editable in the app
345646,work_packages/BSD_R2_A1_WP49A_BOCKSTEIN_CONTROL_QUOTIENT/01_LOCALIZED_BOCKSTEIN_CONTROL_THEOREM.md,General / shared,8014,Pinned collected revision; final designation governed by team receipt | 2fd9fd643bf3e9e98d121dc2e7af1cf1be411ae2,https://codeload.github.com/grandchallenge/MATHSOLVE/zip/2fd9fd643bf3e9e98d121dc2e7af1cf1be411ae2,,contestants/E10/13-archives/E10-grandchallenge-MATHSOLVE-2fd9fd643bf3e9e98d121dc2e7af1cf1be411ae2.zip,MATHSOLVE-2fd9fd643bf3e9e98d121dc2e7af1cf1be411ae2/work_packages/BSD_R2_A1_WP49A_BOCKSTEIN_CONTROL_QUOTIENT/01_LOCALIZED_BOCKSTEIN_CONTROL_THEOREM.md,,2f8a18f6,Filename/path inference; editable in the app
348752,work_packages/BSD_R2_A1_WP49A_BOCKSTEIN_CONTROL_QUOTIENT/01_LOCALIZED_BOCKSTEIN_CONTROL_THEOREM.md,General / shared,8014,Latest public revision collected separately; not an author-designated final | adcfa0537f43327f4bb9acfe1692f757fce353c4,https://codeload.github.com/grandchallenge/MATHSOLVE/zip/adcfa0537f43327f4bb9acfe1692f757fce353c4,,contestants/E10/13-archives/E10-grandchallenge-MATHSOLVE-adcfa0537f43327f4bb9acfe1692f757fce353c4.zip,MATHSOLVE-adcfa0537f43327f4bb9acfe1692f757fce353c4/work_packages/BSD_R2_A1_WP49A_BOCKSTEIN_CONTROL_QUOTIENT/01_LOCALIZED_BOCKSTEIN_CONTROL_THEOREM.md,,2f8a18f6,Filename/path inference; editable in the app
345648,work_packages/BSD_R2_A1_WP50A_STRICT_H2_SILENT_KERNEL/00_README.md,General / shared,1738,Pinned collected revision; final designation governed by team receipt | 2fd9fd643bf3e9e98d121dc2e7af1cf1be411ae2,https://codeload.github.com/grandchallenge/MATHSOLVE/zip/2fd9fd643bf3e9e98d121dc2e7af1cf1be411ae2,,contestants/E10/13-archives/E10-grandchallenge-MATHSOLVE-2fd9fd643bf3e9e98d121dc2e7af1cf1be411ae2.zip,MATHSOLVE-2fd9fd643bf3e9e98d121dc2e7af1cf1be411ae2/work_packages/BSD_R2_A1_WP50A_STRICT_H2_SILENT_KERNEL/00_README.md,,117ba4bf,Filename/path inference; editable in the app
348754,work_packages/BSD_R2_A1_WP50A_STRICT_H2_SILENT_KERNEL/00_README.md,General / shared,1738,Latest public revision collected separately; not an author-designated final | adcfa0537f43327f4bb9acfe1692f757fce353c4,https://codeload.github.com/grandchallenge/MATHSOLVE/zip/adcfa0537f43327f4bb9acfe1692f757fce353c4,,contestants/E10/13-archives/E10-grandchallenge-MATHSOLVE-adcfa0537f43327f4bb9acfe1692f757fce353c4.zip,MATHSOLVE-adcfa0537f43327f4bb9acfe1692f757fce353c4/work_packages/BSD_R2_A1_WP50A_STRICT_H2_SILENT_KERNEL/00_README.md,,117ba4bf,Filename/path inference; editable in the app
345649,work_packages/BSD_R2_A1_WP50A_STRICT_H2_SILENT_KERNEL/01_STRICT_H2_SILENT_KERNEL_THEOREM.md,General / shared,4212,Pinned collected revision; final designation governed by team receipt | 2fd9fd643bf3e9e98d121dc2e7af1cf1be411ae2,https://codeload.github.com/grandchallenge/MATHSOLVE/zip/2fd9fd643bf3e9e98d121dc2e7af1cf1be411ae2,,contestants/E10/13-archives/E10-grandchallenge-MATHSOLVE-2fd9fd643bf3e9e98d121dc2e7af1cf1be411ae2.zip,MATHSOLVE-2fd9fd643bf3e9e98d121dc2e7af1cf1be411ae2/work_packages/BSD_R2_A1_WP50A_STRICT_H2_SILENT_KERNEL/01_STRICT_H2_SILENT_KERNEL_THEOREM.md,,1f994743,Filename/path inference; editable in the app
348755,work_packages/BSD_R2_A1_WP50A_STRICT_H2_SILENT_KERNEL/01_STRICT_H2_SILENT_KERNEL_THEOREM.md,General / shared,4212,Latest public revision collected separately; not an author-designated final | adcfa0537f43327f4bb9acfe1692f757fce353c4,https://codeload.github.com/grandchallenge/MATHSOLVE/zip/adcfa0537f43327f4bb9acfe1692f757fce353c4,,contestants/E10/13-archives/E10-grandchallenge-MATHSOLVE-adcfa0537f43327f4bb9acfe1692f757fce353c4.zip,MATHSOLVE-adcfa0537f43327f4bb9acfe1692f757fce353c4/work_packages/BSD_R2_A1_WP50A_STRICT_H2_SILENT_KERNEL/01_STRICT_H2_SILENT_KERNEL_THEOREM.md,,1f994743,Filename/path inference; editable in the app
345651,work_packages/BSD_R2_A1_WP51A_MATLIS_HEIGHT_SEPARATION/00_README.md,General / shared,1927,Pinned collected revision; final designation governed by team receipt | 2fd9fd643bf3e9e98d121dc2e7af1cf1be411ae2,https://codeload.github.com/grandchallenge/MATHSOLVE/zip/2fd9fd643bf3e9e98d121dc2e7af1cf1be411ae2,,contestants/E10/13-archives/E10-grandchallenge-MATHSOLVE-2fd9fd643bf3e9e98d121dc2e7af1cf1be411ae2.zip,MATHSOLVE-2fd9fd643bf3e9e98d121dc2e7af1cf1be411ae2/work_packages/BSD_R2_A1_WP51A_MATLIS_HEIGHT_SEPARATION/00_README.md,,463b59db,Filename/path inference; editable in the app
348757,work_packages/BSD_R2_A1_WP51A_MATLIS_HEIGHT_SEPARATION/00_README.md,General / shared,1927,Latest public revision collected separately; not an author-designated final | adcfa0537f43327f4bb9acfe1692f757fce353c4,https://codeload.github.com/grandchallenge/MATHSOLVE/zip/adcfa0537f43327f4bb9acfe1692f757fce353c4,,contestants/E10/13-archives/E10-grandchallenge-MATHSOLVE-adcfa0537f43327f4bb9acfe1692f757fce353c4.zip,MATHSOLVE-adcfa0537f43327f4bb9acfe1692f757fce353c4/work_packages/BSD_R2_A1_WP51A_MATLIS_HEIGHT_SEPARATION/00_README.md,,463b59db,Filename/path inference; editable in the app
345652,work_packages/BSD_R2_A1_WP51A_MATLIS_HEIGHT_SEPARATION/01_MATLIS_HEIGHT_SEPARATION_THEOREM.md,General / shared,7152,Pinned collected revision; final designation governed by team receipt | 2fd9fd643bf3e9e98d121dc2e7af1cf1be411ae2,https://codeload.github.com/grandchallenge/MATHSOLVE/zip/2fd9fd643bf3e9e98d121dc2e7af1cf1be411ae2,,contestants/E10/13-archives/E10-grandchallenge-MATHSOLVE-2fd9fd643bf3e9e98d121dc2e7af1cf1be411ae2.zip,MATHSOLVE-2fd9fd643bf3e9e98d121dc2e7af1cf1be411ae2/work_packages/BSD_R2_A1_WP51A_MATLIS_HEIGHT_SEPARATION/01_MATLIS_HEIGHT_SEPARATION_THEOREM.md,,e2895612,Filename/path inference; editable in the app
348758,work_packages/BSD_R2_A1_WP51A_MATLIS_HEIGHT_SEPARATION/01_MATLIS_HEIGHT_SEPARATION_THEOREM.md,General / shared,7152,Latest public revision collected separately; not an author-designated final | adcfa0537f43327f4bb9acfe1692f757fce353c4,https://codeload.github.com/grandchallenge/MATHSOLVE/zip/adcfa0537f43327f4bb9acfe1692f757fce353c4,,contestants/E10/13-archives/E10-grandchallenge-MATHSOLVE-adcfa0537f43327f4bb9acfe1692f757fce353c4.zip,MATHSOLVE-adcfa0537f43327f4bb9acfe1692f757fce353c4/work_packages/BSD_R2_A1_WP51A_MATLIS_HEIGHT_SEPARATION/01_MATLIS_HEIGHT_SEPARATION_THEOREM.md,,e2895612,Filename/path inference; editable in the app
345654,work_packages/BSD_R2_A1_WP52A_FINITE_CONE_DETERMINANT/00_README.md,General / shared,2276,Pinned collected revision; final designation governed by team receipt | 2fd9fd643bf3e9e98d121dc2e7af1cf1be411ae2,https://codeload.github.com/grandchallenge/MATHSOLVE/zip/2fd9fd643bf3e9e98d121dc2e7af1cf1be411ae2,,contestants/E10/13-archives/E10-grandchallenge-MATHSOLVE-2fd9fd643bf3e9e98d121dc2e7af1cf1be411ae2.zip,MATHSOLVE-2fd9fd643bf3e9e98d121dc2e7af1cf1be411ae2/work_packages/BSD_R2_A1_WP52A_FINITE_CONE_DETERMINANT/00_README.md,,b7d079df,Filename/path inference; editable in the app
348760,work_packages/BSD_R2_A1_WP52A_FINITE_CONE_DETERMINANT/00_README.md,General / shared,2276,Latest public revision collected separately; not an author-designated final | adcfa0537f43327f4bb9acfe1692f757fce353c4,https://codeload.github.com/grandchallenge/MATHSOLVE/zip/adcfa0537f43327f4bb9acfe1692f757fce353c4,,contestants/E10/13-archives/E10-grandchallenge-MATHSOLVE-adcfa0537f43327f4bb9acfe1692f757fce353c4.zip,MATHSOLVE-adcfa0537f43327f4bb9acfe1692f757fce353c4/work_packages/BSD_R2_A1_WP52A_FINITE_CONE_DETERMINANT/00_README.md,,b7d079df,Filename/path inference; editable in the app
345655,work_packages/BSD_R2_A1_WP52A_FINITE_CONE_DETERMINANT/01_FINITE_CONE_DETERMINANT_THEOREM.md,General / shared,6044,Pinned collected revision; final designation governed by team receipt | 2fd9fd643bf3e9e98d121dc2e7af1cf1be411ae2,https://codeload.github.com/grandchallenge/MATHSOLVE/zip/2fd9fd643bf3e9e98d121dc2e7af1cf1be411ae2,,contestants/E10/13-archives/E10-grandchallenge-MATHSOLVE-2fd9fd643bf3e9e98d121dc2e7af1cf1be411ae2.zip,MATHSOLVE-2fd9fd643bf3e9e98d121dc2e7af1cf1be411ae2/work_packages/BSD_R2_A1_WP52A_FINITE_CONE_DETERMINANT/01_FINITE_CONE_DETERMINANT_THEOREM.md,,b759794d,Filename/path inference; editable in the app
348761,work_packages/BSD_R2_A1_WP52A_FINITE_CONE_DETERMINANT/01_FINITE_CONE_DETERMINANT_THEOREM.md,General / shared,6044,Latest public revision collected separately; not an author-designated final | adcfa0537f43327f4bb9acfe1692f757fce353c4,https://codeload.github.com/grandchallenge/MATHSOLVE/zip/adcfa0537f43327f4bb9acfe1692f757fce353c4,,contestants/E10/13-archives/E10-grandchallenge-MATHSOLVE-adcfa0537f43327f4bb9acfe1692f757fce353c4.zip,MATHSOLVE-adcfa0537f43327f4bb9acfe1692f757fce353c4/work_packages/BSD_R2_A1_WP52A_FINITE_CONE_DETERMINANT/01_FINITE_CONE_DETERMINANT_THEOREM.md,,b759794d,Filename/path inference; editable in the app
345657,work_packages/BSD_R2_A1_WP53A_SPLIT_BAD_QORD/00_README.md,General / shared,2193,Pinned collected revision; final designation governed by team receipt | 2fd9fd643bf3e9e98d121dc2e7af1cf1be411ae2,https://codeload.github.com/grandchallenge/MATHSOLVE/zip/2fd9fd643bf3e9e98d121dc2e7af1cf1be411ae2,,contestants/E10/13-archives/E10-grandchallenge-MATHSOLVE-2fd9fd643bf3e9e98d121dc2e7af1cf1be411ae2.zip,MATHSOLVE-2fd9fd643bf3e9e98d121dc2e7af1cf1be411ae2/work_packages/BSD_R2_A1_WP53A_SPLIT_BAD_QORD/00_README.md,,da523a91,Filename/path inference; editable in the app
348763,work_packages/BSD_R2_A1_WP53A_SPLIT_BAD_QORD/00_README.md,General / shared,2193,Latest public revision collected separately; not an author-designated final | adcfa0537f43327f4bb9acfe1692f757fce353c4,https://codeload.github.com/grandchallenge/MATHSOLVE/zip/adcfa0537f43327f4bb9acfe1692f757fce353c4,,contestants/E10/13-archives/E10-grandchallenge-MATHSOLVE-adcfa0537f43327f4bb9acfe1692f757fce353c4.zip,MATHSOLVE-adcfa0537f43327f4bb9acfe1692f757fce353c4/work_packages/BSD_R2_A1_WP53A_SPLIT_BAD_QORD/00_README.md,,da523a91,Filename/path inference; editable in the app
345658,work_packages/BSD_R2_A1_WP53A_SPLIT_BAD_QORD/01_SPLIT_BAD_QORD_THEOREM.md,General / shared,5781,Pinned collected revision; final designation governed by team receipt | 2fd9fd643bf3e9e98d121dc2e7af1cf1be411ae2,https://codeload.github.com/grandchallenge/MATHSOLVE/zip/2fd9fd643bf3e9e98d121dc2e7af1cf1be411ae2,,contestants/E10/13-archives/E10-grandchallenge-MATHSOLVE-2fd9fd643bf3e9e98d121dc2e7af1cf1be411ae2.zip,MATHSOLVE-2fd9fd643bf3e9e98d121dc2e7af1cf1be411ae2/work_packages/BSD_R2_A1_WP53A_SPLIT_BAD_QORD/01_SPLIT_BAD_QORD_THEOREM.md,,bacc43ee,Filename/path inference; editable in the app
348764,work_packages/BSD_R2_A1_WP53A_SPLIT_BAD_QORD/01_SPLIT_BAD_QORD_THEOREM.md,General / shared,5781,Latest public revision collected separately; not an author-designated final | adcfa0537f43327f4bb9acfe1692f757fce353c4,https://codeload.github.com/grandchallenge/MATHSOLVE/zip/adcfa0537f43327f4bb9acfe1692f757fce353c4,,contestants/E10/13-archives/E10-grandchallenge-MATHSOLVE-adcfa0537f43327f4bb9acfe1692f757fce353c4.zip,MATHSOLVE-adcfa0537f43327f4bb9acfe1692f757fce353c4/work_packages/BSD_R2_A1_WP53A_SPLIT_BAD_QORD/01_SPLIT_BAD_QORD_THEOREM.md,,bacc43ee,Filename/path inference; editable in the app
345660,work_packages/BSD_R2_A1_WP54A_GLOBAL_QORD_RECONCILIATION/00_README.md,General / shared,3027,Pinned collected revision; final designation governed by team receipt | 2fd9fd643bf3e9e98d121dc2e7af1cf1be411ae2,https://codeload.github.com/grandchallenge/MATHSOLVE/zip/2fd9fd643bf3e9e98d121dc2e7af1cf1be411ae2,,contestants/E10/13-archives/E10-grandchallenge-MATHSOLVE-2fd9fd643bf3e9e98d121dc2e7af1cf1be411ae2.zip,MATHSOLVE-2fd9fd643bf3e9e98d121dc2e7af1cf1be411ae2/work_packages/BSD_R2_A1_WP54A_GLOBAL_QORD_RECONCILIATION/00_README.md,,93beb465,Filename/path inference; editable in the app
348766,work_packages/BSD_R2_A1_WP54A_GLOBAL_QORD_RECONCILIATION/00_README.md,General / shared,3027,Latest public revision collected separately; not an author-designated final | adcfa0537f43327f4bb9acfe1692f757fce353c4,https://codeload.github.com/grandchallenge/MATHSOLVE/zip/adcfa0537f43327f4bb9acfe1692f757fce353c4,,contestants/E10/13-archives/E10-grandchallenge-MATHSOLVE-adcfa0537f43327f4bb9acfe1692f757fce353c4.zip,MATHSOLVE-adcfa0537f43327f4bb9acfe1692f757fce353c4/work_packages/BSD_R2_A1_WP54A_GLOBAL_QORD_RECONCILIATION/00_README.md,,93beb465,Filename/path inference; editable in the app
345661,work_packages/BSD_R2_A1_WP54A_GLOBAL_QORD_RECONCILIATION/01_GLOBAL_QORD_THEOREM.md,General / shared,8115,Pinned collected revision; final designation governed by team receipt | 2fd9fd643bf3e9e98d121dc2e7af1cf1be411ae2,https://codeload.github.com/grandchallenge/MATHSOLVE/zip/2fd9fd643bf3e9e98d121dc2e7af1cf1be411ae2,,contestants/E10/13-archives/E10-grandchallenge-MATHSOLVE-2fd9fd643bf3e9e98d121dc2e7af1cf1be411ae2.zip,MATHSOLVE-2fd9fd643bf3e9e98d121dc2e7af1cf1be411ae2/work_packages/BSD_R2_A1_WP54A_GLOBAL_QORD_RECONCILIATION/01_GLOBAL_QORD_THEOREM.md,,9461425e,Filename/path inference; editable in the app
348767,work_packages/BSD_R2_A1_WP54A_GLOBAL_QORD_RECONCILIATION/01_GLOBAL_QORD_THEOREM.md,General / shared,8115,Latest public revision collected separately; not an author-designated final | adcfa0537f43327f4bb9acfe1692f757fce353c4,https://codeload.github.com/grandchallenge/MATHSOLVE/zip/adcfa0537f43327f4bb9acfe1692f757fce353c4,,contestants/E10/13-archives/E10-grandchallenge-MATHSOLVE-adcfa0537f43327f4bb9acfe1692f757fce353c4.zip,MATHSOLVE-adcfa0537f43327f4bb9acfe1692f757fce353c4/work_packages/BSD_R2_A1_WP54A_GLOBAL_QORD_RECONCILIATION/01_GLOBAL_QORD_THEOREM.md,,9461425e,Filename/path inference; editable in the app
345663,work_packages/BSD_R2_A1_WP55A_CLASSICAL_GZ_WP00_NORMALIZATION/00_README.md,General / shared,3523,Pinned collected revision; final designation governed by team receipt | 2fd9fd643bf3e9e98d121dc2e7af1cf1be411ae2,https://codeload.github.com/grandchallenge/MATHSOLVE/zip/2fd9fd643bf3e9e98d121dc2e7af1cf1be411ae2,,contestants/E10/13-archives/E10-grandchallenge-MATHSOLVE-2fd9fd643bf3e9e98d121dc2e7af1cf1be411ae2.zip,MATHSOLVE-2fd9fd643bf3e9e98d121dc2e7af1cf1be411ae2/work_packages/BSD_R2_A1_WP55A_CLASSICAL_GZ_WP00_NORMALIZATION/00_README.md,,7939f5cb,Filename/path inference; editable in the app
348769,work_packages/BSD_R2_A1_WP55A_CLASSICAL_GZ_WP00_NORMALIZATION/00_README.md,General / shared,3523,Latest public revision collected separately; not an author-designated final | adcfa0537f43327f4bb9acfe1692f757fce353c4,https://codeload.github.com/grandchallenge/MATHSOLVE/zip/adcfa0537f43327f4bb9acfe1692f757fce353c4,,contestants/E10/13-archives/E10-grandchallenge-MATHSOLVE-adcfa0537f43327f4bb9acfe1692f757fce353c4.zip,MATHSOLVE-adcfa0537f43327f4bb9acfe1692f757fce353c4/work_packages/BSD_R2_A1_WP55A_CLASSICAL_GZ_WP00_NORMALIZATION/00_README.md,,7939f5cb,Filename/path inference; editable in the app
345664,work_packages/BSD_R2_A1_WP55A_CLASSICAL_GZ_WP00_NORMALIZATION/01_EXACT_NORMALIZATION_THEOREM.md,General / shared,5299,Pinned collected revision; final designation governed by team receipt | 2fd9fd643bf3e9e98d121dc2e7af1cf1be411ae2,https://codeload.github.com/grandchallenge/MATHSOLVE/zip/2fd9fd643bf3e9e98d121dc2e7af1cf1be411ae2,,contestants/E10/13-archives/E10-grandchallenge-MATHSOLVE-2fd9fd643bf3e9e98d121dc2e7af1cf1be411ae2.zip,MATHSOLVE-2fd9fd643bf3e9e98d121dc2e7af1cf1be411ae2/work_packages/BSD_R2_A1_WP55A_CLASSICAL_GZ_WP00_NORMALIZATION/01_EXACT_NORMALIZATION_THEOREM.md,,8d273b87,Filename/path inference; editable in the app
348770,work_packages/BSD_R2_A1_WP55A_CLASSICAL_GZ_WP00_NORMALIZATION/01_EXACT_NORMALIZATION_THEOREM.md,General / shared,5299,Latest public revision collected separately; not an author-designated final | adcfa0537f43327f4bb9acfe1692f757fce353c4,https://codeload.github.com/grandchallenge/MATHSOLVE/zip/adcfa0537f43327f4bb9acfe1692f757fce353c4,,contestants/E10/13-archives/E10-grandchallenge-MATHSOLVE-adcfa0537f43327f4bb9acfe1692f757fce353c4.zip,MATHSOLVE-adcfa0537f43327f4bb9acfe1692f757fce353c4/work_packages/BSD_R2_A1_WP55A_CLASSICAL_GZ_WP00_NORMALIZATION/01_EXACT_NORMALIZATION_THEOREM.md,,8d273b87,Filename/path inference; editable in the app
345667,work_packages/BSD_R2_A1_WP56A_CLASSICAL_HEIGHT_REGULATOR_DESCENT/00_README.md,General / shared,2457,Pinned collected revision; final designation governed by team receipt | 2fd9fd643bf3e9e98d121dc2e7af1cf1be411ae2,https://codeload.github.com/grandchallenge/MATHSOLVE/zip/2fd9fd643bf3e9e98d121dc2e7af1cf1be411ae2,,contestants/E10/13-archives/E10-grandchallenge-MATHSOLVE-2fd9fd643bf3e9e98d121dc2e7af1cf1be411ae2.zip,MATHSOLVE-2fd9fd643bf3e9e98d121dc2e7af1cf1be411ae2/work_packages/BSD_R2_A1_WP56A_CLASSICAL_HEIGHT_REGULATOR_DESCENT/00_README.md,,708e4f09,Filename/path inference; editable in the app
348773,work_packages/BSD_R2_A1_WP56A_CLASSICAL_HEIGHT_REGULATOR_DESCENT/00_README.md,General / shared,2457,Latest public revision collected separately; not an author-designated final | adcfa0537f43327f4bb9acfe1692f757fce353c4,https://codeload.github.com/grandchallenge/MATHSOLVE/zip/adcfa0537f43327f4bb9acfe1692f757fce353c4,,contestants/E10/13-archives/E10-grandchallenge-MATHSOLVE-adcfa0537f43327f4bb9acfe1692f757fce353c4.zip,MATHSOLVE-adcfa0537f43327f4bb9acfe1692f757fce353c4/work_packages/BSD_R2_A1_WP56A_CLASSICAL_HEIGHT_REGULATOR_DESCENT/00_README.md,,708e4f09,Filename/path inference; editable in the app
345668,work_packages/BSD_R2_A1_WP56A_CLASSICAL_HEIGHT_REGULATOR_DESCENT/01_HEIGHT_REGULATOR_THEOREM.md,General / shared,4638,Pinned collected revision; final designation governed by team receipt | 2fd9fd643bf3e9e98d121dc2e7af1cf1be411ae2,https://codeload.github.com/grandchallenge/MATHSOLVE/zip/2fd9fd643bf3e9e98d121dc2e7af1cf1be411ae2,,contestants/E10/13-archives/E10-grandchallenge-MATHSOLVE-2fd9fd643bf3e9e98d121dc2e7af1cf1be411ae2.zip,MATHSOLVE-2fd9fd643bf3e9e98d121dc2e7af1cf1be411ae2/work_packages/BSD_R2_A1_WP56A_CLASSICAL_HEIGHT_REGULATOR_DESCENT/01_HEIGHT_REGULATOR_THEOREM.md,,b5ac1115,Filename/path inference; editable in the app
348774,work_packages/BSD_R2_A1_WP56A_CLASSICAL_HEIGHT_REGULATOR_DESCENT/01_HEIGHT_REGULATOR_THEOREM.md,General / shared,4638,Latest public revision collected separately; not an author-designated final | adcfa0537f43327f4bb9acfe1692f757fce353c4,https://codeload.github.com/grandchallenge/MATHSOLVE/zip/adcfa0537f43327f4bb9acfe1692f757fce353c4,,contestants/E10/13-archives/E10-grandchallenge-MATHSOLVE-adcfa0537f43327f4bb9acfe1692f757fce353c4.zip,MATHSOLVE-adcfa0537f43327f4bb9acfe1692f757fce353c4/work_packages/BSD_R2_A1_WP56A_CLASSICAL_HEIGHT_REGULATOR_DESCENT/01_HEIGHT_REGULATOR_THEOREM.md,,b5ac1115,Filename/path inference; editable in the app
345670,work_packages/BSD_R2_A1_WP57A_AREA_TWIST_RATIONALIZATION/00_README.md,General / shared,2712,Pinned collected revision; final designation governed by team receipt | 2fd9fd643bf3e9e98d121dc2e7af1cf1be411ae2,https://codeload.github.com/grandchallenge/MATHSOLVE/zip/2fd9fd643bf3e9e98d121dc2e7af1cf1be411ae2,,contestants/E10/13-archives/E10-grandchallenge-MATHSOLVE-2fd9fd643bf3e9e98d121dc2e7af1cf1be411ae2.zip,MATHSOLVE-2fd9fd643bf3e9e98d121dc2e7af1cf1be411ae2/work_packages/BSD_R2_A1_WP57A_AREA_TWIST_RATIONALIZATION/00_README.md,,0fcd81fd,Filename/path inference; editable in the app
348776,work_packages/BSD_R2_A1_WP57A_AREA_TWIST_RATIONALIZATION/00_README.md,General / shared,2712,Latest public revision collected separately; not an author-designated final | adcfa0537f43327f4bb9acfe1692f757fce353c4,https://codeload.github.com/grandchallenge/MATHSOLVE/zip/adcfa0537f43327f4bb9acfe1692f757fce353c4,,contestants/E10/13-archives/E10-grandchallenge-MATHSOLVE-adcfa0537f43327f4bb9acfe1692f757fce353c4.zip,MATHSOLVE-adcfa0537f43327f4bb9acfe1692f757fce353c4/work_packages/BSD_R2_A1_WP57A_AREA_TWIST_RATIONALIZATION/00_README.md,,0fcd81fd,Filename/path inference; editable in the app
345671,work_packages/BSD_R2_A1_WP57A_AREA_TWIST_RATIONALIZATION/01_RATIONALIZATION_THEOREM.md,General / shared,5590,Pinned collected revision; final designation governed by team receipt | 2fd9fd643bf3e9e98d121dc2e7af1cf1be411ae2,https://codeload.github.com/grandchallenge/MATHSOLVE/zip/2fd9fd643bf3e9e98d121dc2e7af1cf1be411ae2,,contestants/E10/13-archives/E10-grandchallenge-MATHSOLVE-2fd9fd643bf3e9e98d121dc2e7af1cf1be411ae2.zip,MATHSOLVE-2fd9fd643bf3e9e98d121dc2e7af1cf1be411ae2/work_packages/BSD_R2_A1_WP57A_AREA_TWIST_RATIONALIZATION/01_RATIONALIZATION_THEOREM.md,,73fb40a9,Filename/path inference; editable in the app
348777,work_packages/BSD_R2_A1_WP57A_AREA_TWIST_RATIONALIZATION/01_RATIONALIZATION_THEOREM.md,General / shared,5590,Latest public revision collected separately; not an author-designated final | adcfa0537f43327f4bb9acfe1692f757fce353c4,https://codeload.github.com/grandchallenge/MATHSOLVE/zip/adcfa0537f43327f4bb9acfe1692f757fce353c4,,contestants/E10/13-archives/E10-grandchallenge-MATHSOLVE-adcfa0537f43327f4bb9acfe1692f757fce353c4.zip,MATHSOLVE-adcfa0537f43327f4bb9acfe1692f757fce353c4/work_packages/BSD_R2_A1_WP57A_AREA_TWIST_RATIONALIZATION/01_RATIONALIZATION_THEOREM.md,,73fb40a9,Filename/path inference; editable in the app
345673,work_packages/BSD_R2_A1_WP58A_MODULAR_DIFFERENTIAL_2UNIT/00_README.md,General / shared,2996,Pinned collected revision; final designation governed by team receipt | 2fd9fd643bf3e9e98d121dc2e7af1cf1be411ae2,https://codeload.github.com/grandchallenge/MATHSOLVE/zip/2fd9fd643bf3e9e98d121dc2e7af1cf1be411ae2,,contestants/E10/13-archives/E10-grandchallenge-MATHSOLVE-2fd9fd643bf3e9e98d121dc2e7af1cf1be411ae2.zip,MATHSOLVE-2fd9fd643bf3e9e98d121dc2e7af1cf1be411ae2/work_packages/BSD_R2_A1_WP58A_MODULAR_DIFFERENTIAL_2UNIT/00_README.md,,b82e6d77,Filename/path inference; editable in the app
348779,work_packages/BSD_R2_A1_WP58A_MODULAR_DIFFERENTIAL_2UNIT/00_README.md,General / shared,2996,Latest public revision collected separately; not an author-designated final | adcfa0537f43327f4bb9acfe1692f757fce353c4,https://codeload.github.com/grandchallenge/MATHSOLVE/zip/adcfa0537f43327f4bb9acfe1692f757fce353c4,,contestants/E10/13-archives/E10-grandchallenge-MATHSOLVE-adcfa0537f43327f4bb9acfe1692f757fce353c4.zip,MATHSOLVE-adcfa0537f43327f4bb9acfe1692f757fce353c4/work_packages/BSD_R2_A1_WP58A_MODULAR_DIFFERENTIAL_2UNIT/00_README.md,,b82e6d77,Filename/path inference; editable in the app
345674,work_packages/BSD_R2_A1_WP58A_MODULAR_DIFFERENTIAL_2UNIT/01_MODULAR_DIFFERENTIAL_THEOREM.md,General / shared,5886,Pinned collected revision; final designation governed by team receipt | 2fd9fd643bf3e9e98d121dc2e7af1cf1be411ae2,https://codeload.github.com/grandchallenge/MATHSOLVE/zip/2fd9fd643bf3e9e98d121dc2e7af1cf1be411ae2,,contestants/E10/13-archives/E10-grandchallenge-MATHSOLVE-2fd9fd643bf3e9e98d121dc2e7af1cf1be411ae2.zip,MATHSOLVE-2fd9fd643bf3e9e98d121dc2e7af1cf1be411ae2/work_packages/BSD_R2_A1_WP58A_MODULAR_DIFFERENTIAL_2UNIT/01_MODULAR_DIFFERENTIAL_THEOREM.md,,ff4fb34d,Filename/path inference; editable in the app
348780,work_packages/BSD_R2_A1_WP58A_MODULAR_DIFFERENTIAL_2UNIT/01_MODULAR_DIFFERENTIAL_THEOREM.md,General / shared,5886,Latest public revision collected separately; not an author-designated final | adcfa0537f43327f4bb9acfe1692f757fce353c4,https://codeload.github.com/grandchallenge/MATHSOLVE/zip/adcfa0537f43327f4bb9acfe1692f757fce353c4,,contestants/E10/13-archives/E10-grandchallenge-MATHSOLVE-adcfa0537f43327f4bb9acfe1692f757fce353c4.zip,MATHSOLVE-adcfa0537f43327f4bb9acfe1692f757fce353c4/work_packages/BSD_R2_A1_WP58A_MODULAR_DIFFERENTIAL_2UNIT/01_MODULAR_DIFFERENTIAL_THEOREM.md,,ff4fb34d,Filename/path inference; editable in the app
345676,work_packages/BSD_R2_A1_WP59_LITERAL_P2_RESIDUAL_BARRIER/00_README.md,General / shared,3837,Pinned collected revision; final designation governed by team receipt | 2fd9fd643bf3e9e98d121dc2e7af1cf1be411ae2,https://codeload.github.com/grandchallenge/MATHSOLVE/zip/2fd9fd643bf3e9e98d121dc2e7af1cf1be411ae2,,contestants/E10/13-archives/E10-grandchallenge-MATHSOLVE-2fd9fd643bf3e9e98d121dc2e7af1cf1be411ae2.zip,MATHSOLVE-2fd9fd643bf3e9e98d121dc2e7af1cf1be411ae2/work_packages/BSD_R2_A1_WP59_LITERAL_P2_RESIDUAL_BARRIER/00_README.md,,7b0cd1a6,Filename/path inference; editable in the app
348782,work_packages/BSD_R2_A1_WP59_LITERAL_P2_RESIDUAL_BARRIER/00_README.md,General / shared,3837,Latest public revision collected separately; not an author-designated final | adcfa0537f43327f4bb9acfe1692f757fce353c4,https://codeload.github.com/grandchallenge/MATHSOLVE/zip/adcfa0537f43327f4bb9acfe1692f757fce353c4,,contestants/E10/13-archives/E10-grandchallenge-MATHSOLVE-adcfa0537f43327f4bb9acfe1692f757fce353c4.zip,MATHSOLVE-adcfa0537f43327f4bb9acfe1692f757fce353c4/work_packages/BSD_R2_A1_WP59_LITERAL_P2_RESIDUAL_BARRIER/00_README.md,,7b0cd1a6,Filename/path inference; editable in the app
345677,work_packages/BSD_R2_A1_WP59_LITERAL_P2_RESIDUAL_BARRIER/01_SOURCE_INTERFACE_BARRIER_THEOREM.md,General / shared,7270,Pinned collected revision; final designation governed by team receipt | 2fd9fd643bf3e9e98d121dc2e7af1cf1be411ae2,https://codeload.github.com/grandchallenge/MATHSOLVE/zip/2fd9fd643bf3e9e98d121dc2e7af1cf1be411ae2,,contestants/E10/13-archives/E10-grandchallenge-MATHSOLVE-2fd9fd643bf3e9e98d121dc2e7af1cf1be411ae2.zip,MATHSOLVE-2fd9fd643bf3e9e98d121dc2e7af1cf1be411ae2/work_packages/BSD_R2_A1_WP59_LITERAL_P2_RESIDUAL_BARRIER/01_SOURCE_INTERFACE_BARRIER_THEOREM.md,,a8727be4,Filename/path inference; editable in the app
348783,work_packages/BSD_R2_A1_WP59_LITERAL_P2_RESIDUAL_BARRIER/01_SOURCE_INTERFACE_BARRIER_THEOREM.md,General / shared,7270,Latest public revision collected separately; not an author-designated final | adcfa0537f43327f4bb9acfe1692f757fce353c4,https://codeload.github.com/grandchallenge/MATHSOLVE/zip/adcfa0537f43327f4bb9acfe1692f757fce353c4,,contestants/E10/13-archives/E10-grandchallenge-MATHSOLVE-adcfa0537f43327f4bb9acfe1692f757fce353c4.zip,MATHSOLVE-adcfa0537f43327f4bb9acfe1692f757fce353c4/work_packages/BSD_R2_A1_WP59_LITERAL_P2_RESIDUAL_BARRIER/01_SOURCE_INTERFACE_BARRIER_THEOREM.md,,a8727be4,Filename/path inference; editable in the app
345679,work_packages/BSD_R2_A1_WP60A_A0_DETERMINANT_DEPENDENCY_MAP/00_README.md,General / shared,3730,Pinned collected revision; final designation governed by team receipt | 2fd9fd643bf3e9e98d121dc2e7af1cf1be411ae2,https://codeload.github.com/grandchallenge/MATHSOLVE/zip/2fd9fd643bf3e9e98d121dc2e7af1cf1be411ae2,,contestants/E10/13-archives/E10-grandchallenge-MATHSOLVE-2fd9fd643bf3e9e98d121dc2e7af1cf1be411ae2.zip,MATHSOLVE-2fd9fd643bf3e9e98d121dc2e7af1cf1be411ae2/work_packages/BSD_R2_A1_WP60A_A0_DETERMINANT_DEPENDENCY_MAP/00_README.md,,c36fc35b,Filename/path inference; editable in the app
348785,work_packages/BSD_R2_A1_WP60A_A0_DETERMINANT_DEPENDENCY_MAP/00_README.md,General / shared,3730,Latest public revision collected separately; not an author-designated final | adcfa0537f43327f4bb9acfe1692f757fce353c4,https://codeload.github.com/grandchallenge/MATHSOLVE/zip/adcfa0537f43327f4bb9acfe1692f757fce353c4,,contestants/E10/13-archives/E10-grandchallenge-MATHSOLVE-adcfa0537f43327f4bb9acfe1692f757fce353c4.zip,MATHSOLVE-adcfa0537f43327f4bb9acfe1692f757fce353c4/work_packages/BSD_R2_A1_WP60A_A0_DETERMINANT_DEPENDENCY_MAP/00_README.md,,c36fc35b,Filename/path inference; editable in the app
345680,work_packages/BSD_R2_A1_WP60A_A0_DETERMINANT_DEPENDENCY_MAP/01_EXACT_DETERMINANT_DEPENDENCY_MAP.md,General / shared,8766,Pinned collected revision; final designation governed by team receipt | 2fd9fd643bf3e9e98d121dc2e7af1cf1be411ae2,https://codeload.github.com/grandchallenge/MATHSOLVE/zip/2fd9fd643bf3e9e98d121dc2e7af1cf1be411ae2,,contestants/E10/13-archives/E10-grandchallenge-MATHSOLVE-2fd9fd643bf3e9e98d121dc2e7af1cf1be411ae2.zip,MATHSOLVE-2fd9fd643bf3e9e98d121dc2e7af1cf1be411ae2/work_packages/BSD_R2_A1_WP60A_A0_DETERMINANT_DEPENDENCY_MAP/01_EXACT_DETERMINANT_DEPENDENCY_MAP.md,,c4c129cf,Filename/path inference; editable in the app
348786,work_packages/BSD_R2_A1_WP60A_A0_DETERMINANT_DEPENDENCY_MAP/01_EXACT_DETERMINANT_DEPENDENCY_MAP.md,General / shared,8766,Latest public revision collected separately; not an author-designated final | adcfa0537f43327f4bb9acfe1692f757fce353c4,https://codeload.github.com/grandchallenge/MATHSOLVE/zip/adcfa0537f43327f4bb9acfe1692f757fce353c4,,contestants/E10/13-archives/E10-grandchallenge-MATHSOLVE-adcfa0537f43327f4bb9acfe1692f757fce353c4.zip,MATHSOLVE-adcfa0537f43327f4bb9acfe1692f757fce353c4/work_packages/BSD_R2_A1_WP60A_A0_DETERMINANT_DEPENDENCY_MAP/01_EXACT_DETERMINANT_DEPENDENCY_MAP.md,,c4c129cf,Filename/path inference; editable in the app
345682,work_packages/BSD_R2_A1_WP60A_A1_DETERMINANT_MEMBERSHIP/00_README.md,General / shared,2922,Pinned collected revision; final designation governed by team receipt | 2fd9fd643bf3e9e98d121dc2e7af1cf1be411ae2,https://codeload.github.com/grandchallenge/MATHSOLVE/zip/2fd9fd643bf3e9e98d121dc2e7af1cf1be411ae2,,contestants/E10/13-archives/E10-grandchallenge-MATHSOLVE-2fd9fd643bf3e9e98d121dc2e7af1cf1be411ae2.zip,MATHSOLVE-2fd9fd643bf3e9e98d121dc2e7af1cf1be411ae2/work_packages/BSD_R2_A1_WP60A_A1_DETERMINANT_MEMBERSHIP/00_README.md,,2d5f312c,Filename/path inference; editable in the app
348788,work_packages/BSD_R2_A1_WP60A_A1_DETERMINANT_MEMBERSHIP/00_README.md,General / shared,2922,Latest public revision collected separately; not an author-designated final | adcfa0537f43327f4bb9acfe1692f757fce353c4,https://codeload.github.com/grandchallenge/MATHSOLVE/zip/adcfa0537f43327f4bb9acfe1692f757fce353c4,,contestants/E10/13-archives/E10-grandchallenge-MATHSOLVE-adcfa0537f43327f4bb9acfe1692f757fce353c4.zip,MATHSOLVE-adcfa0537f43327f4bb9acfe1692f757fce353c4/work_packages/BSD_R2_A1_WP60A_A1_DETERMINANT_MEMBERSHIP/00_README.md,,2d5f312c,Filename/path inference; editable in the app
345683,work_packages/BSD_R2_A1_WP60A_A1_DETERMINANT_MEMBERSHIP/01_DETERMINANT_MEMBERSHIP_THEOREM.md,General / shared,6152,Pinned collected revision; final designation governed by team receipt | 2fd9fd643bf3e9e98d121dc2e7af1cf1be411ae2,https://codeload.github.com/grandchallenge/MATHSOLVE/zip/2fd9fd643bf3e9e98d121dc2e7af1cf1be411ae2,,contestants/E10/13-archives/E10-grandchallenge-MATHSOLVE-2fd9fd643bf3e9e98d121dc2e7af1cf1be411ae2.zip,MATHSOLVE-2fd9fd643bf3e9e98d121dc2e7af1cf1be411ae2/work_packages/BSD_R2_A1_WP60A_A1_DETERMINANT_MEMBERSHIP/01_DETERMINANT_MEMBERSHIP_THEOREM.md,,e10ce6f9,Filename/path inference; editable in the app
348789,work_packages/BSD_R2_A1_WP60A_A1_DETERMINANT_MEMBERSHIP/01_DETERMINANT_MEMBERSHIP_THEOREM.md,General / shared,6152,Latest public revision collected separately; not an author-designated final | adcfa0537f43327f4bb9acfe1692f757fce353c4,https://codeload.github.com/grandchallenge/MATHSOLVE/zip/adcfa0537f43327f4bb9acfe1692f757fce353c4,,contestants/E10/13-archives/E10-grandchallenge-MATHSOLVE-adcfa0537f43327f4bb9acfe1692f757fce353c4.zip,MATHSOLVE-adcfa0537f43327f4bb9acfe1692f757fce353c4/work_packages/BSD_R2_A1_WP60A_A1_DETERMINANT_MEMBERSHIP/01_DETERMINANT_MEMBERSHIP_THEOREM.md,,e10ce6f9,Filename/path inference; editable in the app
345685,work_packages/BSD_R2_A1_WP60B_KRIZ_LI_TRANSPORT/00_README.md,General / shared,2224,Pinned collected revision; final designation governed by team receipt | 2fd9fd643bf3e9e98d121dc2e7af1cf1be411ae2,https://codeload.github.com/grandchallenge/MATHSOLVE/zip/2fd9fd643bf3e9e98d121dc2e7af1cf1be411ae2,,contestants/E10/13-archives/E10-grandchallenge-MATHSOLVE-2fd9fd643bf3e9e98d121dc2e7af1cf1be411ae2.zip,MATHSOLVE-2fd9fd643bf3e9e98d121dc2e7af1cf1be411ae2/work_packages/BSD_R2_A1_WP60B_KRIZ_LI_TRANSPORT/00_README.md,,f2466531,Filename/path inference; editable in the app
348791,work_packages/BSD_R2_A1_WP60B_KRIZ_LI_TRANSPORT/00_README.md,General / shared,2224,Latest public revision collected separately; not an author-designated final | adcfa0537f43327f4bb9acfe1692f757fce353c4,https://codeload.github.com/grandchallenge/MATHSOLVE/zip/adcfa0537f43327f4bb9acfe1692f757fce353c4,,contestants/E10/13-archives/E10-grandchallenge-MATHSOLVE-adcfa0537f43327f4bb9acfe1692f757fce353c4.zip,MATHSOLVE-adcfa0537f43327f4bb9acfe1692f757fce353c4/work_packages/BSD_R2_A1_WP60B_KRIZ_LI_TRANSPORT/00_README.md,,f2466531,Filename/path inference; editable in the app
345686,work_packages/BSD_R2_A1_WP60B_KRIZ_LI_TRANSPORT/01_KRIZ_LI_TRANSPORT_THEOREM.md,General / shared,9845,Pinned collected revision; final designation governed by team receipt | 2fd9fd643bf3e9e98d121dc2e7af1cf1be411ae2,https://codeload.github.com/grandchallenge/MATHSOLVE/zip/2fd9fd643bf3e9e98d121dc2e7af1cf1be411ae2,,contestants/E10/13-archives/E10-grandchallenge-MATHSOLVE-2fd9fd643bf3e9e98d121dc2e7af1cf1be411ae2.zip,MATHSOLVE-2fd9fd643bf3e9e98d121dc2e7af1cf1be411ae2/work_packages/BSD_R2_A1_WP60B_KRIZ_LI_TRANSPORT/01_KRIZ_LI_TRANSPORT_THEOREM.md,,ad8eeafe,Filename/path inference; editable in the app
348792,work_packages/BSD_R2_A1_WP60B_KRIZ_LI_TRANSPORT/01_KRIZ_LI_TRANSPORT_THEOREM.md,General / shared,9845,Latest public revision collected separately; not an author-designated final | adcfa0537f43327f4bb9acfe1692f757fce353c4,https://codeload.github.com/grandchallenge/MATHSOLVE/zip/adcfa0537f43327f4bb9acfe1692f757fce353c4,,contestants/E10/13-archives/E10-grandchallenge-MATHSOLVE-adcfa0537f43327f4bb9acfe1692f757fce353c4.zip,MATHSOLVE-adcfa0537f43327f4bb9acfe1692f757fce353c4/work_packages/BSD_R2_A1_WP60B_KRIZ_LI_TRANSPORT/01_KRIZ_LI_TRANSPORT_THEOREM.md,,ad8eeafe,Filename/path inference; editable in the app
345688,work_packages/BSD_R2_A1_WP60D_SURVIVING_ROUTE_REDUCTION/00_README.md,General / shared,1980,Pinned collected revision; final designation governed by team receipt | 2fd9fd643bf3e9e98d121dc2e7af1cf1be411ae2,https://codeload.github.com/grandchallenge/MATHSOLVE/zip/2fd9fd643bf3e9e98d121dc2e7af1cf1be411ae2,,contestants/E10/13-archives/E10-grandchallenge-MATHSOLVE-2fd9fd643bf3e9e98d121dc2e7af1cf1be411ae2.zip,MATHSOLVE-2fd9fd643bf3e9e98d121dc2e7af1cf1be411ae2/work_packages/BSD_R2_A1_WP60D_SURVIVING_ROUTE_REDUCTION/00_README.md,,27617560,Filename/path inference; editable in the app
348794,work_packages/BSD_R2_A1_WP60D_SURVIVING_ROUTE_REDUCTION/00_README.md,General / shared,1980,Latest public revision collected separately; not an author-designated final | adcfa0537f43327f4bb9acfe1692f757fce353c4,https://codeload.github.com/grandchallenge/MATHSOLVE/zip/adcfa0537f43327f4bb9acfe1692f757fce353c4,,contestants/E10/13-archives/E10-grandchallenge-MATHSOLVE-adcfa0537f43327f4bb9acfe1692f757fce353c4.zip,MATHSOLVE-adcfa0537f43327f4bb9acfe1692f757fce353c4/work_packages/BSD_R2_A1_WP60D_SURVIVING_ROUTE_REDUCTION/00_README.md,,27617560,Filename/path inference; editable in the app
345689,work_packages/BSD_R2_A1_WP60D_SURVIVING_ROUTE_REDUCTION/01_SURVIVING_ROUTE_REDUCTION_THEOREM.md,General / shared,6577,Pinned collected revision; final designation governed by team receipt | 2fd9fd643bf3e9e98d121dc2e7af1cf1be411ae2,https://codeload.github.com/grandchallenge/MATHSOLVE/zip/2fd9fd643bf3e9e98d121dc2e7af1cf1be411ae2,,contestants/E10/13-archives/E10-grandchallenge-MATHSOLVE-2fd9fd643bf3e9e98d121dc2e7af1cf1be411ae2.zip,MATHSOLVE-2fd9fd643bf3e9e98d121dc2e7af1cf1be411ae2/work_packages/BSD_R2_A1_WP60D_SURVIVING_ROUTE_REDUCTION/01_SURVIVING_ROUTE_REDUCTION_THEOREM.md,,89e4d4dc,Filename/path inference; editable in the app
348795,work_packages/BSD_R2_A1_WP60D_SURVIVING_ROUTE_REDUCTION/01_SURVIVING_ROUTE_REDUCTION_THEOREM.md,General / shared,6577,Latest public revision collected separately; not an author-designated final | adcfa0537f43327f4bb9acfe1692f757fce353c4,https://codeload.github.com/grandchallenge/MATHSOLVE/zip/adcfa0537f43327f4bb9acfe1692f757fce353c4,,contestants/E10/13-archives/E10-grandchallenge-MATHSOLVE-adcfa0537f43327f4bb9acfe1692f757fce353c4.zip,MATHSOLVE-adcfa0537f43327f4bb9acfe1692f757fce353c4/work_packages/BSD_R2_A1_WP60D_SURVIVING_ROUTE_REDUCTION/01_SURVIVING_ROUTE_REDUCTION_THEOREM.md,,89e4d4dc,Filename/path inference; editable in the app
345691,work_packages/BSD_R2_A1_WP60E_FINITE_LEVEL_R5_BARRIER/00_README.md,General / shared,2387,Pinned collected revision; final designation governed by team receipt | 2fd9fd643bf3e9e98d121dc2e7af1cf1be411ae2,https://codeload.github.com/grandchallenge/MATHSOLVE/zip/2fd9fd643bf3e9e98d121dc2e7af1cf1be411ae2,,contestants/E10/13-archives/E10-grandchallenge-MATHSOLVE-2fd9fd643bf3e9e98d121dc2e7af1cf1be411ae2.zip,MATHSOLVE-2fd9fd643bf3e9e98d121dc2e7af1cf1be411ae2/work_packages/BSD_R2_A1_WP60E_FINITE_LEVEL_R5_BARRIER/00_README.md,,fa8ce036,Filename/path inference; editable in the app
348797,work_packages/BSD_R2_A1_WP60E_FINITE_LEVEL_R5_BARRIER/00_README.md,General / shared,2387,Latest public revision collected separately; not an author-designated final | adcfa0537f43327f4bb9acfe1692f757fce353c4,https://codeload.github.com/grandchallenge/MATHSOLVE/zip/adcfa0537f43327f4bb9acfe1692f757fce353c4,,contestants/E10/13-archives/E10-grandchallenge-MATHSOLVE-adcfa0537f43327f4bb9acfe1692f757fce353c4.zip,MATHSOLVE-adcfa0537f43327f4bb9acfe1692f757fce353c4/work_packages/BSD_R2_A1_WP60E_FINITE_LEVEL_R5_BARRIER/00_README.md,,fa8ce036,Filename/path inference; editable in the app
345692,work_packages/BSD_R2_A1_WP60E_FINITE_LEVEL_R5_BARRIER/01_FINITE_LEVEL_R5_BARRIER_THEOREM.md,General / shared,5360,Pinned collected revision; final designation governed by team receipt | 2fd9fd643bf3e9e98d121dc2e7af1cf1be411ae2,https://codeload.github.com/grandchallenge/MATHSOLVE/zip/2fd9fd643bf3e9e98d121dc2e7af1cf1be411ae2,,contestants/E10/13-archives/E10-grandchallenge-MATHSOLVE-2fd9fd643bf3e9e98d121dc2e7af1cf1be411ae2.zip,MATHSOLVE-2fd9fd643bf3e9e98d121dc2e7af1cf1be411ae2/work_packages/BSD_R2_A1_WP60E_FINITE_LEVEL_R5_BARRIER/01_FINITE_LEVEL_R5_BARRIER_THEOREM.md,,cf2504ae,Filename/path inference; editable in the app
348798,work_packages/BSD_R2_A1_WP60E_FINITE_LEVEL_R5_BARRIER/01_FINITE_LEVEL_R5_BARRIER_THEOREM.md,General / shared,5360,Latest public revision collected separately; not an author-designated final | adcfa0537f43327f4bb9acfe1692f757fce353c4,https://codeload.github.com/grandchallenge/MATHSOLVE/zip/adcfa0537f43327f4bb9acfe1692f757fce353c4,,contestants/E10/13-archives/E10-grandchallenge-MATHSOLVE-adcfa0537f43327f4bb9acfe1692f757fce353c4.zip,MATHSOLVE-adcfa0537f43327f4bb9acfe1692f757fce353c4/work_packages/BSD_R2_A1_WP60E_FINITE_LEVEL_R5_BARRIER/01_FINITE_LEVEL_R5_BARRIER_THEOREM.md,,cf2504ae,Filename/path inference; editable in the app
345694,work_packages/BSD_R2_A1_WP60F_BSS_P2_PROOF_BOUNDARIES/00_README.md,General / shared,3621,Pinned collected revision; final designation governed by team receipt | 2fd9fd643bf3e9e98d121dc2e7af1cf1be411ae2,https://codeload.github.com/grandchallenge/MATHSOLVE/zip/2fd9fd643bf3e9e98d121dc2e7af1cf1be411ae2,,contestants/E10/13-archives/E10-grandchallenge-MATHSOLVE-2fd9fd643bf3e9e98d121dc2e7af1cf1be411ae2.zip,MATHSOLVE-2fd9fd643bf3e9e98d121dc2e7af1cf1be411ae2/work_packages/BSD_R2_A1_WP60F_BSS_P2_PROOF_BOUNDARIES/00_README.md,,14207131,Filename/path inference; editable in the app
348800,work_packages/BSD_R2_A1_WP60F_BSS_P2_PROOF_BOUNDARIES/00_README.md,General / shared,3621,Latest public revision collected separately; not an author-designated final | adcfa0537f43327f4bb9acfe1692f757fce353c4,https://codeload.github.com/grandchallenge/MATHSOLVE/zip/adcfa0537f43327f4bb9acfe1692f757fce353c4,,contestants/E10/13-archives/E10-grandchallenge-MATHSOLVE-adcfa0537f43327f4bb9acfe1692f757fce353c4.zip,MATHSOLVE-adcfa0537f43327f4bb9acfe1692f757fce353c4/work_packages/BSD_R2_A1_WP60F_BSS_P2_PROOF_BOUNDARIES/00_README.md,,14207131,Filename/path inference; editable in the app
345695,work_packages/BSD_R2_A1_WP60F_BSS_P2_PROOF_BOUNDARIES/01_BSS_P2_PROOF_BOUNDARY_THEOREM.md,General / shared,5323,Pinned collected revision; final designation governed by team receipt | 2fd9fd643bf3e9e98d121dc2e7af1cf1be411ae2,https://codeload.github.com/grandchallenge/MATHSOLVE/zip/2fd9fd643bf3e9e98d121dc2e7af1cf1be411ae2,,contestants/E10/13-archives/E10-grandchallenge-MATHSOLVE-2fd9fd643bf3e9e98d121dc2e7af1cf1be411ae2.zip,MATHSOLVE-2fd9fd643bf3e9e98d121dc2e7af1cf1be411ae2/work_packages/BSD_R2_A1_WP60F_BSS_P2_PROOF_BOUNDARIES/01_BSS_P2_PROOF_BOUNDARY_THEOREM.md,,d16d3b72,Filename/path inference; editable in the app
348801,work_packages/BSD_R2_A1_WP60F_BSS_P2_PROOF_BOUNDARIES/01_BSS_P2_PROOF_BOUNDARY_THEOREM.md,General / shared,5323,Latest public revision collected separately; not an author-designated final | adcfa0537f43327f4bb9acfe1692f757fce353c4,https://codeload.github.com/grandchallenge/MATHSOLVE/zip/adcfa0537f43327f4bb9acfe1692f757fce353c4,,contestants/E10/13-archives/E10-grandchallenge-MATHSOLVE-adcfa0537f43327f4bb9acfe1692f757fce353c4.zip,MATHSOLVE-adcfa0537f43327f4bb9acfe1692f757fce353c4/work_packages/BSD_R2_A1_WP60F_BSS_P2_PROOF_BOUNDARIES/01_BSS_P2_PROOF_BOUNDARY_THEOREM.md,,d16d3b72,Filename/path inference; editable in the app
345697,work_packages/BSD_R2_A1_WP60G_SELF_DUAL_P2_PAIRWISE_LOCALIZATION/00_README.md,General / shared,3695,Pinned collected revision; final designation governed by team receipt | 2fd9fd643bf3e9e98d121dc2e7af1cf1be411ae2,https://codeload.github.com/grandchallenge/MATHSOLVE/zip/2fd9fd643bf3e9e98d121dc2e7af1cf1be411ae2,,contestants/E10/13-archives/E10-grandchallenge-MATHSOLVE-2fd9fd643bf3e9e98d121dc2e7af1cf1be411ae2.zip,MATHSOLVE-2fd9fd643bf3e9e98d121dc2e7af1cf1be411ae2/work_packages/BSD_R2_A1_WP60G_SELF_DUAL_P2_PAIRWISE_LOCALIZATION/00_README.md,,84d50fa6,Filename/path inference; editable in the app
348803,work_packages/BSD_R2_A1_WP60G_SELF_DUAL_P2_PAIRWISE_LOCALIZATION/00_README.md,General / shared,3695,Latest public revision collected separately; not an author-designated final | adcfa0537f43327f4bb9acfe1692f757fce353c4,https://codeload.github.com/grandchallenge/MATHSOLVE/zip/adcfa0537f43327f4bb9acfe1692f757fce353c4,,contestants/E10/13-archives/E10-grandchallenge-MATHSOLVE-adcfa0537f43327f4bb9acfe1692f757fce353c4.zip,MATHSOLVE-adcfa0537f43327f4bb9acfe1692f757fce353c4/work_packages/BSD_R2_A1_WP60G_SELF_DUAL_P2_PAIRWISE_LOCALIZATION/00_README.md,,84d50fa6,Filename/path inference; editable in the app
345698,work_packages/BSD_R2_A1_WP60G_SELF_DUAL_P2_PAIRWISE_LOCALIZATION/01_SELF_DUAL_PAIRWISE_LOCALIZATION_THEOREM.md,General / shared,8233,Pinned collected revision; final designation governed by team receipt | 2fd9fd643bf3e9e98d121dc2e7af1cf1be411ae2,https://codeload.github.com/grandchallenge/MATHSOLVE/zip/2fd9fd643bf3e9e98d121dc2e7af1cf1be411ae2,,contestants/E10/13-archives/E10-grandchallenge-MATHSOLVE-2fd9fd643bf3e9e98d121dc2e7af1cf1be411ae2.zip,MATHSOLVE-2fd9fd643bf3e9e98d121dc2e7af1cf1be411ae2/work_packages/BSD_R2_A1_WP60G_SELF_DUAL_P2_PAIRWISE_LOCALIZATION/01_SELF_DUAL_PAIRWISE_LOCALIZATION_THEOREM.md,,00d55631,Filename/path inference; editable in the app
348804,work_packages/BSD_R2_A1_WP60G_SELF_DUAL_P2_PAIRWISE_LOCALIZATION/01_SELF_DUAL_PAIRWISE_LOCALIZATION_THEOREM.md,General / shared,8233,Latest public revision collected separately; not an author-designated final | adcfa0537f43327f4bb9acfe1692f757fce353c4,https://codeload.github.com/grandchallenge/MATHSOLVE/zip/adcfa0537f43327f4bb9acfe1692f757fce353c4,,contestants/E10/13-archives/E10-grandchallenge-MATHSOLVE-adcfa0537f43327f4bb9acfe1692f757fce353c4.zip,MATHSOLVE-adcfa0537f43327f4bb9acfe1692f757fce353c4/work_packages/BSD_R2_A1_WP60G_SELF_DUAL_P2_PAIRWISE_LOCALIZATION/01_SELF_DUAL_PAIRWISE_LOCALIZATION_THEOREM.md,,00d55631,Filename/path inference; editable in the app
345700,work_packages/BSD_R2_A1_WP60H_FOUR_FIBER_RELATION_REDUCTION/00_README.md,General / shared,3033,Pinned collected revision; final designation governed by team receipt | 2fd9fd643bf3e9e98d121dc2e7af1cf1be411ae2,https://codeload.github.com/grandchallenge/MATHSOLVE/zip/2fd9fd643bf3e9e98d121dc2e7af1cf1be411ae2,,contestants/E10/13-archives/E10-grandchallenge-MATHSOLVE-2fd9fd643bf3e9e98d121dc2e7af1cf1be411ae2.zip,MATHSOLVE-2fd9fd643bf3e9e98d121dc2e7af1cf1be411ae2/work_packages/BSD_R2_A1_WP60H_FOUR_FIBER_RELATION_REDUCTION/00_README.md,,8a961e39,Filename/path inference; editable in the app
348806,work_packages/BSD_R2_A1_WP60H_FOUR_FIBER_RELATION_REDUCTION/00_README.md,General / shared,3033,Latest public revision collected separately; not an author-designated final | adcfa0537f43327f4bb9acfe1692f757fce353c4,https://codeload.github.com/grandchallenge/MATHSOLVE/zip/adcfa0537f43327f4bb9acfe1692f757fce353c4,,contestants/E10/13-archives/E10-grandchallenge-MATHSOLVE-adcfa0537f43327f4bb9acfe1692f757fce353c4.zip,MATHSOLVE-adcfa0537f43327f4bb9acfe1692f757fce353c4/work_packages/BSD_R2_A1_WP60H_FOUR_FIBER_RELATION_REDUCTION/00_README.md,,8a961e39,Filename/path inference; editable in the app
345701,work_packages/BSD_R2_A1_WP60H_FOUR_FIBER_RELATION_REDUCTION/01_ODD_RELATION_COVER_THEOREM.md,General / shared,7932,Pinned collected revision; final designation governed by team receipt | 2fd9fd643bf3e9e98d121dc2e7af1cf1be411ae2,https://codeload.github.com/grandchallenge/MATHSOLVE/zip/2fd9fd643bf3e9e98d121dc2e7af1cf1be411ae2,,contestants/E10/13-archives/E10-grandchallenge-MATHSOLVE-2fd9fd643bf3e9e98d121dc2e7af1cf1be411ae2.zip,MATHSOLVE-2fd9fd643bf3e9e98d121dc2e7af1cf1be411ae2/work_packages/BSD_R2_A1_WP60H_FOUR_FIBER_RELATION_REDUCTION/01_ODD_RELATION_COVER_THEOREM.md,,14bcd9af,Filename/path inference; editable in the app
348807,work_packages/BSD_R2_A1_WP60H_FOUR_FIBER_RELATION_REDUCTION/01_ODD_RELATION_COVER_THEOREM.md,General / shared,7932,Latest public revision collected separately; not an author-designated final | adcfa0537f43327f4bb9acfe1692f757fce353c4,https://codeload.github.com/grandchallenge/MATHSOLVE/zip/adcfa0537f43327f4bb9acfe1692f757fce353c4,,contestants/E10/13-archives/E10-grandchallenge-MATHSOLVE-adcfa0537f43327f4bb9acfe1692f757fce353c4.zip,MATHSOLVE-adcfa0537f43327f4bb9acfe1692f757fce353c4/work_packages/BSD_R2_A1_WP60H_FOUR_FIBER_RELATION_REDUCTION/01_ODD_RELATION_COVER_THEOREM.md,,14bcd9af,Filename/path inference; editable in the app
345703,work_packages/BSD_R2_A1_WP60I_BSS_H2_H3_SELECTED_LANE/00_README.md,General / shared,3499,Pinned collected revision; final designation governed by team receipt | 2fd9fd643bf3e9e98d121dc2e7af1cf1be411ae2,https://codeload.github.com/grandchallenge/MATHSOLVE/zip/2fd9fd643bf3e9e98d121dc2e7af1cf1be411ae2,,contestants/E10/13-archives/E10-grandchallenge-MATHSOLVE-2fd9fd643bf3e9e98d121dc2e7af1cf1be411ae2.zip,MATHSOLVE-2fd9fd643bf3e9e98d121dc2e7af1cf1be411ae2/work_packages/BSD_R2_A1_WP60I_BSS_H2_H3_SELECTED_LANE/00_README.md,,e0bba2b7,Filename/path inference; editable in the app
348809,work_packages/BSD_R2_A1_WP60I_BSS_H2_H3_SELECTED_LANE/00_README.md,General / shared,3499,Latest public revision collected separately; not an author-designated final | adcfa0537f43327f4bb9acfe1692f757fce353c4,https://codeload.github.com/grandchallenge/MATHSOLVE/zip/adcfa0537f43327f4bb9acfe1692f757fce353c4,,contestants/E10/13-archives/E10-grandchallenge-MATHSOLVE-adcfa0537f43327f4bb9acfe1692f757fce353c4.zip,MATHSOLVE-adcfa0537f43327f4bb9acfe1692f757fce353c4/work_packages/BSD_R2_A1_WP60I_BSS_H2_H3_SELECTED_LANE/00_README.md,,e0bba2b7,Filename/path inference; editable in the app
345704,work_packages/BSD_R2_A1_WP60I_BSS_H2_H3_SELECTED_LANE/01_SELECTED_P2_H2_H3_THEOREM.md,General / shared,8451,Pinned collected revision; final designation governed by team receipt | 2fd9fd643bf3e9e98d121dc2e7af1cf1be411ae2,https://codeload.github.com/grandchallenge/MATHSOLVE/zip/2fd9fd643bf3e9e98d121dc2e7af1cf1be411ae2,,contestants/E10/13-archives/E10-grandchallenge-MATHSOLVE-2fd9fd643bf3e9e98d121dc2e7af1cf1be411ae2.zip,MATHSOLVE-2fd9fd643bf3e9e98d121dc2e7af1cf1be411ae2/work_packages/BSD_R2_A1_WP60I_BSS_H2_H3_SELECTED_LANE/01_SELECTED_P2_H2_H3_THEOREM.md,,b1eb19e4,Filename/path inference; editable in the app
348810,work_packages/BSD_R2_A1_WP60I_BSS_H2_H3_SELECTED_LANE/01_SELECTED_P2_H2_H3_THEOREM.md,General / shared,8451,Latest public revision collected separately; not an author-designated final | adcfa0537f43327f4bb9acfe1692f757fce353c4,https://codeload.github.com/grandchallenge/MATHSOLVE/zip/adcfa0537f43327f4bb9acfe1692f757fce353c4,,contestants/E10/13-archives/E10-grandchallenge-MATHSOLVE-adcfa0537f43327f4bb9acfe1692f757fce353c4.zip,MATHSOLVE-adcfa0537f43327f4bb9acfe1692f757fce353c4/work_packages/BSD_R2_A1_WP60I_BSS_H2_H3_SELECTED_LANE/01_SELECTED_P2_H2_H3_THEOREM.md,,b1eb19e4,Filename/path inference; editable in the app
345707,work_packages/BSD_R2_A1_WP60J_BSS_RESIDUAL_HYP32/00_README.md,General / shared,1706,Pinned collected revision; final designation governed by team receipt | 2fd9fd643bf3e9e98d121dc2e7af1cf1be411ae2,https://codeload.github.com/grandchallenge/MATHSOLVE/zip/2fd9fd643bf3e9e98d121dc2e7af1cf1be411ae2,,contestants/E10/13-archives/E10-grandchallenge-MATHSOLVE-2fd9fd643bf3e9e98d121dc2e7af1cf1be411ae2.zip,MATHSOLVE-2fd9fd643bf3e9e98d121dc2e7af1cf1be411ae2/work_packages/BSD_R2_A1_WP60J_BSS_RESIDUAL_HYP32/00_README.md,,ce25100c,Filename/path inference; editable in the app
348813,work_packages/BSD_R2_A1_WP60J_BSS_RESIDUAL_HYP32/00_README.md,General / shared,1706,Latest public revision collected separately; not an author-designated final | adcfa0537f43327f4bb9acfe1692f757fce353c4,https://codeload.github.com/grandchallenge/MATHSOLVE/zip/adcfa0537f43327f4bb9acfe1692f757fce353c4,,contestants/E10/13-archives/E10-grandchallenge-MATHSOLVE-adcfa0537f43327f4bb9acfe1692f757fce353c4.zip,MATHSOLVE-adcfa0537f43327f4bb9acfe1692f757fce353c4/work_packages/BSD_R2_A1_WP60J_BSS_RESIDUAL_HYP32/00_README.md,,ce25100c,Filename/path inference; editable in the app
345708,work_packages/BSD_R2_A1_WP60J_BSS_RESIDUAL_HYP32/01_SELECTED_RESIDUAL_HYP32_THEOREM.md,General / shared,7678,Pinned collected revision; final designation governed by team receipt | 2fd9fd643bf3e9e98d121dc2e7af1cf1be411ae2,https://codeload.github.com/grandchallenge/MATHSOLVE/zip/2fd9fd643bf3e9e98d121dc2e7af1cf1be411ae2,,contestants/E10/13-archives/E10-grandchallenge-MATHSOLVE-2fd9fd643bf3e9e98d121dc2e7af1cf1be411ae2.zip,MATHSOLVE-2fd9fd643bf3e9e98d121dc2e7af1cf1be411ae2/work_packages/BSD_R2_A1_WP60J_BSS_RESIDUAL_HYP32/01_SELECTED_RESIDUAL_HYP32_THEOREM.md,,c26e7d73,Filename/path inference; editable in the app
348814,work_packages/BSD_R2_A1_WP60J_BSS_RESIDUAL_HYP32/01_SELECTED_RESIDUAL_HYP32_THEOREM.md,General / shared,7678,Latest public revision collected separately; not an author-designated final | adcfa0537f43327f4bb9acfe1692f757fce353c4,https://codeload.github.com/grandchallenge/MATHSOLVE/zip/adcfa0537f43327f4bb9acfe1692f757fce353c4,,contestants/E10/13-archives/E10-grandchallenge-MATHSOLVE-adcfa0537f43327f4bb9acfe1692f757fce353c4.zip,MATHSOLVE-adcfa0537f43327f4bb9acfe1692f757fce353c4/work_packages/BSD_R2_A1_WP60J_BSS_RESIDUAL_HYP32/01_SELECTED_RESIDUAL_HYP32_THEOREM.md,,c26e7d73,Filename/path inference; editable in the app
345711,work_packages/BSD_R2_A1_WP60J_BSS_RESIDUAL_HYP32/04_SOURCE_NOTE.md,General / shared,718,Pinned collected revision; final designation governed by team receipt | 2fd9fd643bf3e9e98d121dc2e7af1cf1be411ae2,https://codeload.github.com/grandchallenge/MATHSOLVE/zip/2fd9fd643bf3e9e98d121dc2e7af1cf1be411ae2,,contestants/E10/13-archives/E10-grandchallenge-MATHSOLVE-2fd9fd643bf3e9e98d121dc2e7af1cf1be411ae2.zip,MATHSOLVE-2fd9fd643bf3e9e98d121dc2e7af1cf1be411ae2/work_packages/BSD_R2_A1_WP60J_BSS_RESIDUAL_HYP32/04_SOURCE_NOTE.md,,1e7deceb,Filename/path inference; editable in the app
348817,work_packages/BSD_R2_A1_WP60J_BSS_RESIDUAL_HYP32/04_SOURCE_NOTE.md,General / shared,718,Latest public revision collected separately; not an author-designated final | adcfa0537f43327f4bb9acfe1692f757fce353c4,https://codeload.github.com/grandchallenge/MATHSOLVE/zip/adcfa0537f43327f4bb9acfe1692f757fce353c4,,contestants/E10/13-archives/E10-grandchallenge-MATHSOLVE-adcfa0537f43327f4bb9acfe1692f757fce353c4.zip,MATHSOLVE-adcfa0537f43327f4bb9acfe1692f757fce353c4/work_packages/BSD_R2_A1_WP60J_BSS_RESIDUAL_HYP32/04_SOURCE_NOTE.md,,1e7deceb,Filename/path inference; editable in the app
345712,work_packages/BSD_R2_A1_WP60K_BSS_MOD4_HYP32_OBSTRUCTION/00_README.md,General / shared,2355,Pinned collected revision; final designation governed by team receipt | 2fd9fd643bf3e9e98d121dc2e7af1cf1be411ae2,https://codeload.github.com/grandchallenge/MATHSOLVE/zip/2fd9fd643bf3e9e98d121dc2e7af1cf1be411ae2,,contestants/E10/13-archives/E10-grandchallenge-MATHSOLVE-2fd9fd643bf3e9e98d121dc2e7af1cf1be411ae2.zip,MATHSOLVE-2fd9fd643bf3e9e98d121dc2e7af1cf1be411ae2/work_packages/BSD_R2_A1_WP60K_BSS_MOD4_HYP32_OBSTRUCTION/00_README.md,,4f564097,Filename/path inference; editable in the app
348818,work_packages/BSD_R2_A1_WP60K_BSS_MOD4_HYP32_OBSTRUCTION/00_README.md,General / shared,2355,Latest public revision collected separately; not an author-designated final | adcfa0537f43327f4bb9acfe1692f757fce353c4,https://codeload.github.com/grandchallenge/MATHSOLVE/zip/adcfa0537f43327f4bb9acfe1692f757fce353c4,,contestants/E10/13-archives/E10-grandchallenge-MATHSOLVE-adcfa0537f43327f4bb9acfe1692f757fce353c4.zip,MATHSOLVE-adcfa0537f43327f4bb9acfe1692f757fce353c4/work_packages/BSD_R2_A1_WP60K_BSS_MOD4_HYP32_OBSTRUCTION/00_README.md,,4f564097,Filename/path inference; editable in the app
345713,work_packages/BSD_R2_A1_WP60K_BSS_MOD4_HYP32_OBSTRUCTION/01_SELECTED_MOD4_HYP32_OBSTRUCTION_THEOREM.md,General / shared,5986,Pinned collected revision; final designation governed by team receipt | 2fd9fd643bf3e9e98d121dc2e7af1cf1be411ae2,https://codeload.github.com/grandchallenge/MATHSOLVE/zip/2fd9fd643bf3e9e98d121dc2e7af1cf1be411ae2,,contestants/E10/13-archives/E10-grandchallenge-MATHSOLVE-2fd9fd643bf3e9e98d121dc2e7af1cf1be411ae2.zip,MATHSOLVE-2fd9fd643bf3e9e98d121dc2e7af1cf1be411ae2/work_packages/BSD_R2_A1_WP60K_BSS_MOD4_HYP32_OBSTRUCTION/01_SELECTED_MOD4_HYP32_OBSTRUCTION_THEOREM.md,,b0213446,Filename/path inference; editable in the app
348819,work_packages/BSD_R2_A1_WP60K_BSS_MOD4_HYP32_OBSTRUCTION/01_SELECTED_MOD4_HYP32_OBSTRUCTION_THEOREM.md,General / shared,5986,Latest public revision collected separately; not an author-designated final | adcfa0537f43327f4bb9acfe1692f757fce353c4,https://codeload.github.com/grandchallenge/MATHSOLVE/zip/adcfa0537f43327f4bb9acfe1692f757fce353c4,,contestants/E10/13-archives/E10-grandchallenge-MATHSOLVE-adcfa0537f43327f4bb9acfe1692f757fce353c4.zip,MATHSOLVE-adcfa0537f43327f4bb9acfe1692f757fce353c4/work_packages/BSD_R2_A1_WP60K_BSS_MOD4_HYP32_OBSTRUCTION/01_SELECTED_MOD4_HYP32_OBSTRUCTION_THEOREM.md,,b0213446,Filename/path inference; editable in the app
345716,work_packages/BSD_R2_A1_WP60K_BSS_MOD4_HYP32_OBSTRUCTION/04_SOURCE_NOTE.md,General / shared,1187,Pinned collected revision; final designation governed by team receipt | 2fd9fd643bf3e9e98d121dc2e7af1cf1be411ae2,https://codeload.github.com/grandchallenge/MATHSOLVE/zip/2fd9fd643bf3e9e98d121dc2e7af1cf1be411ae2,,contestants/E10/13-archives/E10-grandchallenge-MATHSOLVE-2fd9fd643bf3e9e98d121dc2e7af1cf1be411ae2.zip,MATHSOLVE-2fd9fd643bf3e9e98d121dc2e7af1cf1be411ae2/work_packages/BSD_R2_A1_WP60K_BSS_MOD4_HYP32_OBSTRUCTION/04_SOURCE_NOTE.md,,2b5daaa9,Filename/path inference; editable in the app
348822,work_packages/BSD_R2_A1_WP60K_BSS_MOD4_HYP32_OBSTRUCTION/04_SOURCE_NOTE.md,General / shared,1187,Latest public revision collected separately; not an author-designated final | adcfa0537f43327f4bb9acfe1692f757fce353c4,https://codeload.github.com/grandchallenge/MATHSOLVE/zip/adcfa0537f43327f4bb9acfe1692f757fce353c4,,contestants/E10/13-archives/E10-grandchallenge-MATHSOLVE-adcfa0537f43327f4bb9acfe1692f757fce353c4.zip,MATHSOLVE-adcfa0537f43327f4bb9acfe1692f757fce353c4/work_packages/BSD_R2_A1_WP60K_BSS_MOD4_HYP32_OBSTRUCTION/04_SOURCE_NOTE.md,,2b5daaa9,Filename/path inference; editable in the app
345717,work_packages/BSD_R2_A1_WP60L_BSS_SELMER_RESTRICTED_HYP32III/00_README.md,General / shared,2486,Pinned collected revision; final designation governed by team receipt | 2fd9fd643bf3e9e98d121dc2e7af1cf1be411ae2,https://codeload.github.com/grandchallenge/MATHSOLVE/zip/2fd9fd643bf3e9e98d121dc2e7af1cf1be411ae2,,contestants/E10/13-archives/E10-grandchallenge-MATHSOLVE-2fd9fd643bf3e9e98d121dc2e7af1cf1be411ae2.zip,MATHSOLVE-2fd9fd643bf3e9e98d121dc2e7af1cf1be411ae2/work_packages/BSD_R2_A1_WP60L_BSS_SELMER_RESTRICTED_HYP32III/00_README.md,,52db543b,Filename/path inference; editable in the app
348823,work_packages/BSD_R2_A1_WP60L_BSS_SELMER_RESTRICTED_HYP32III/00_README.md,General / shared,2486,Latest public revision collected separately; not an author-designated final | adcfa0537f43327f4bb9acfe1692f757fce353c4,https://codeload.github.com/grandchallenge/MATHSOLVE/zip/adcfa0537f43327f4bb9acfe1692f757fce353c4,,contestants/E10/13-archives/E10-grandchallenge-MATHSOLVE-adcfa0537f43327f4bb9acfe1692f757fce353c4.zip,MATHSOLVE-adcfa0537f43327f4bb9acfe1692f757fce353c4/work_packages/BSD_R2_A1_WP60L_BSS_SELMER_RESTRICTED_HYP32III/00_README.md,,52db543b,Filename/path inference; editable in the app
345718,work_packages/BSD_R2_A1_WP60L_BSS_SELMER_RESTRICTED_HYP32III/01_SELECTED_MOD4_SELMER_RESTRICTED_THEOREM.md,General / shared,8647,Pinned collected revision; final designation governed by team receipt | 2fd9fd643bf3e9e98d121dc2e7af1cf1be411ae2,https://codeload.github.com/grandchallenge/MATHSOLVE/zip/2fd9fd643bf3e9e98d121dc2e7af1cf1be411ae2,,contestants/E10/13-archives/E10-grandchallenge-MATHSOLVE-2fd9fd643bf3e9e98d121dc2e7af1cf1be411ae2.zip,MATHSOLVE-2fd9fd643bf3e9e98d121dc2e7af1cf1be411ae2/work_packages/BSD_R2_A1_WP60L_BSS_SELMER_RESTRICTED_HYP32III/01_SELECTED_MOD4_SELMER_RESTRICTED_THEOREM.md,,0ea4f0f9,Filename/path inference; editable in the app
348824,work_packages/BSD_R2_A1_WP60L_BSS_SELMER_RESTRICTED_HYP32III/01_SELECTED_MOD4_SELMER_RESTRICTED_THEOREM.md,General / shared,8647,Latest public revision collected separately; not an author-designated final | adcfa0537f43327f4bb9acfe1692f757fce353c4,https://codeload.github.com/grandchallenge/MATHSOLVE/zip/adcfa0537f43327f4bb9acfe1692f757fce353c4,,contestants/E10/13-archives/E10-grandchallenge-MATHSOLVE-adcfa0537f43327f4bb9acfe1692f757fce353c4.zip,MATHSOLVE-adcfa0537f43327f4bb9acfe1692f757fce353c4/work_packages/BSD_R2_A1_WP60L_BSS_SELMER_RESTRICTED_HYP32III/01_SELECTED_MOD4_SELMER_RESTRICTED_THEOREM.md,,0ea4f0f9,Filename/path inference; editable in the app
345721,work_packages/BSD_R2_A1_WP60L_BSS_SELMER_RESTRICTED_HYP32III/04_SOURCE_AND_DEPENDENCY_NOTE.md,General / shared,3957,Pinned collected revision; final designation governed by team receipt | 2fd9fd643bf3e9e98d121dc2e7af1cf1be411ae2,https://codeload.github.com/grandchallenge/MATHSOLVE/zip/2fd9fd643bf3e9e98d121dc2e7af1cf1be411ae2,,contestants/E10/13-archives/E10-grandchallenge-MATHSOLVE-2fd9fd643bf3e9e98d121dc2e7af1cf1be411ae2.zip,MATHSOLVE-2fd9fd643bf3e9e98d121dc2e7af1cf1be411ae2/work_packages/BSD_R2_A1_WP60L_BSS_SELMER_RESTRICTED_HYP32III/04_SOURCE_AND_DEPENDENCY_NOTE.md,,563cb002,Filename/path inference; editable in the app
348827,work_packages/BSD_R2_A1_WP60L_BSS_SELMER_RESTRICTED_HYP32III/04_SOURCE_AND_DEPENDENCY_NOTE.md,General / shared,3957,Latest public revision collected separately; not an author-designated final | adcfa0537f43327f4bb9acfe1692f757fce353c4,https://codeload.github.com/grandchallenge/MATHSOLVE/zip/adcfa0537f43327f4bb9acfe1692f757fce353c4,,contestants/E10/13-archives/E10-grandchallenge-MATHSOLVE-adcfa0537f43327f4bb9acfe1692f757fce353c4.zip,MATHSOLVE-adcfa0537f43327f4bb9acfe1692f757fce353c4/work_packages/BSD_R2_A1_WP60L_BSS_SELMER_RESTRICTED_HYP32III/04_SOURCE_AND_DEPENDENCY_NOTE.md,,563cb002,Filename/path inference; editable in the app
345722,work_packages/BSD_R2_A1_WP60M_BSS_ALL_LEVEL_SELMER_HYP32III/00_README.md,General / shared,2605,Pinned collected revision; final designation governed by team receipt | 2fd9fd643bf3e9e98d121dc2e7af1cf1be411ae2,https://codeload.github.com/grandchallenge/MATHSOLVE/zip/2fd9fd643bf3e9e98d121dc2e7af1cf1be411ae2,,contestants/E10/13-archives/E10-grandchallenge-MATHSOLVE-2fd9fd643bf3e9e98d121dc2e7af1cf1be411ae2.zip,MATHSOLVE-2fd9fd643bf3e9e98d121dc2e7af1cf1be411ae2/work_packages/BSD_R2_A1_WP60M_BSS_ALL_LEVEL_SELMER_HYP32III/00_README.md,,0b4f6d6b,Filename/path inference; editable in the app
348828,work_packages/BSD_R2_A1_WP60M_BSS_ALL_LEVEL_SELMER_HYP32III/00_README.md,General / shared,2605,Latest public revision collected separately; not an author-designated final | adcfa0537f43327f4bb9acfe1692f757fce353c4,https://codeload.github.com/grandchallenge/MATHSOLVE/zip/adcfa0537f43327f4bb9acfe1692f757fce353c4,,contestants/E10/13-archives/E10-grandchallenge-MATHSOLVE-adcfa0537f43327f4bb9acfe1692f757fce353c4.zip,MATHSOLVE-adcfa0537f43327f4bb9acfe1692f757fce353c4/work_packages/BSD_R2_A1_WP60M_BSS_ALL_LEVEL_SELMER_HYP32III/00_README.md,,0b4f6d6b,Filename/path inference; editable in the app
345723,work_packages/BSD_R2_A1_WP60M_BSS_ALL_LEVEL_SELMER_HYP32III/01_ALL_LEVEL_SELMER_RESTRICTED_THEOREM.md,General / shared,10449,Pinned collected revision; final designation governed by team receipt | 2fd9fd643bf3e9e98d121dc2e7af1cf1be411ae2,https://codeload.github.com/grandchallenge/MATHSOLVE/zip/2fd9fd643bf3e9e98d121dc2e7af1cf1be411ae2,,contestants/E10/13-archives/E10-grandchallenge-MATHSOLVE-2fd9fd643bf3e9e98d121dc2e7af1cf1be411ae2.zip,MATHSOLVE-2fd9fd643bf3e9e98d121dc2e7af1cf1be411ae2/work_packages/BSD_R2_A1_WP60M_BSS_ALL_LEVEL_SELMER_HYP32III/01_ALL_LEVEL_SELMER_RESTRICTED_THEOREM.md,,290dbf65,Filename/path inference; editable in the app
348829,work_packages/BSD_R2_A1_WP60M_BSS_ALL_LEVEL_SELMER_HYP32III/01_ALL_LEVEL_SELMER_RESTRICTED_THEOREM.md,General / shared,10449,Latest public revision collected separately; not an author-designated final | adcfa0537f43327f4bb9acfe1692f757fce353c4,https://codeload.github.com/grandchallenge/MATHSOLVE/zip/adcfa0537f43327f4bb9acfe1692f757fce353c4,,contestants/E10/13-archives/E10-grandchallenge-MATHSOLVE-adcfa0537f43327f4bb9acfe1692f757fce353c4.zip,MATHSOLVE-adcfa0537f43327f4bb9acfe1692f757fce353c4/work_packages/BSD_R2_A1_WP60M_BSS_ALL_LEVEL_SELMER_HYP32III/01_ALL_LEVEL_SELMER_RESTRICTED_THEOREM.md,,290dbf65,Filename/path inference; editable in the app
345726,work_packages/BSD_R2_A1_WP60M_BSS_ALL_LEVEL_SELMER_HYP32III/04_SOURCE_AND_DEPENDENCY_NOTE.md,General / shared,3540,Pinned collected revision; final designation governed by team receipt | 2fd9fd643bf3e9e98d121dc2e7af1cf1be411ae2,https://codeload.github.com/grandchallenge/MATHSOLVE/zip/2fd9fd643bf3e9e98d121dc2e7af1cf1be411ae2,,contestants/E10/13-archives/E10-grandchallenge-MATHSOLVE-2fd9fd643bf3e9e98d121dc2e7af1cf1be411ae2.zip,MATHSOLVE-2fd9fd643bf3e9e98d121dc2e7af1cf1be411ae2/work_packages/BSD_R2_A1_WP60M_BSS_ALL_LEVEL_SELMER_HYP32III/04_SOURCE_AND_DEPENDENCY_NOTE.md,,49a6fa74,Filename/path inference; editable in the app
348832,work_packages/BSD_R2_A1_WP60M_BSS_ALL_LEVEL_SELMER_HYP32III/04_SOURCE_AND_DEPENDENCY_NOTE.md,General / shared,3540,Latest public revision collected separately; not an author-designated final | adcfa0537f43327f4bb9acfe1692f757fce353c4,https://codeload.github.com/grandchallenge/MATHSOLVE/zip/adcfa0537f43327f4bb9acfe1692f757fce353c4,,contestants/E10/13-archives/E10-grandchallenge-MATHSOLVE-adcfa0537f43327f4bb9acfe1692f757fce353c4.zip,MATHSOLVE-adcfa0537f43327f4bb9acfe1692f757fce353c4/work_packages/BSD_R2_A1_WP60M_BSS_ALL_LEVEL_SELMER_HYP32III/04_SOURCE_AND_DEPENDENCY_NOTE.md,,49a6fa74,Filename/path inference; editable in the app
345727,work_packages/BSD_R2_A1_WP60N_COISOTROPIC_P2_CONNECTIVITY/00_README.md,General / shared,2472,Pinned collected revision; final designation governed by team receipt | 2fd9fd643bf3e9e98d121dc2e7af1cf1be411ae2,https://codeload.github.com/grandchallenge/MATHSOLVE/zip/2fd9fd643bf3e9e98d121dc2e7af1cf1be411ae2,,contestants/E10/13-archives/E10-grandchallenge-MATHSOLVE-2fd9fd643bf3e9e98d121dc2e7af1cf1be411ae2.zip,MATHSOLVE-2fd9fd643bf3e9e98d121dc2e7af1cf1be411ae2/work_packages/BSD_R2_A1_WP60N_COISOTROPIC_P2_CONNECTIVITY/00_README.md,,e96ab394,Filename/path inference; editable in the app
348833,work_packages/BSD_R2_A1_WP60N_COISOTROPIC_P2_CONNECTIVITY/00_README.md,General / shared,2472,Latest public revision collected separately; not an author-designated final | adcfa0537f43327f4bb9acfe1692f757fce353c4,https://codeload.github.com/grandchallenge/MATHSOLVE/zip/adcfa0537f43327f4bb9acfe1692f757fce353c4,,contestants/E10/13-archives/E10-grandchallenge-MATHSOLVE-adcfa0537f43327f4bb9acfe1692f757fce353c4.zip,MATHSOLVE-adcfa0537f43327f4bb9acfe1692f757fce353c4/work_packages/BSD_R2_A1_WP60N_COISOTROPIC_P2_CONNECTIVITY/00_README.md,,e96ab394,Filename/path inference; editable in the app
345728,work_packages/BSD_R2_A1_WP60N_COISOTROPIC_P2_CONNECTIVITY/01_COISOTROPIC_EXCHANGE_CONNECTIVITY_THEOREM.md,General / shared,10393,Pinned collected revision; final designation governed by team receipt | 2fd9fd643bf3e9e98d121dc2e7af1cf1be411ae2,https://codeload.github.com/grandchallenge/MATHSOLVE/zip/2fd9fd643bf3e9e98d121dc2e7af1cf1be411ae2,,contestants/E10/13-archives/E10-grandchallenge-MATHSOLVE-2fd9fd643bf3e9e98d121dc2e7af1cf1be411ae2.zip,MATHSOLVE-2fd9fd643bf3e9e98d121dc2e7af1cf1be411ae2/work_packages/BSD_R2_A1_WP60N_COISOTROPIC_P2_CONNECTIVITY/01_COISOTROPIC_EXCHANGE_CONNECTIVITY_THEOREM.md,,80f77f1a,Filename/path inference; editable in the app
348834,work_packages/BSD_R2_A1_WP60N_COISOTROPIC_P2_CONNECTIVITY/01_COISOTROPIC_EXCHANGE_CONNECTIVITY_THEOREM.md,General / shared,10393,Latest public revision collected separately; not an author-designated final | adcfa0537f43327f4bb9acfe1692f757fce353c4,https://codeload.github.com/grandchallenge/MATHSOLVE/zip/adcfa0537f43327f4bb9acfe1692f757fce353c4,,contestants/E10/13-archives/E10-grandchallenge-MATHSOLVE-adcfa0537f43327f4bb9acfe1692f757fce353c4.zip,MATHSOLVE-adcfa0537f43327f4bb9acfe1692f757fce353c4/work_packages/BSD_R2_A1_WP60N_COISOTROPIC_P2_CONNECTIVITY/01_COISOTROPIC_EXCHANGE_CONNECTIVITY_THEOREM.md,,80f77f1a,Filename/path inference; editable in the app
345731,work_packages/BSD_R2_A1_WP60N_COISOTROPIC_P2_CONNECTIVITY/04_SOURCE_AND_DEPENDENCY_NOTE.md,General / shared,2948,Pinned collected revision; final designation governed by team receipt | 2fd9fd643bf3e9e98d121dc2e7af1cf1be411ae2,https://codeload.github.com/grandchallenge/MATHSOLVE/zip/2fd9fd643bf3e9e98d121dc2e7af1cf1be411ae2,,contestants/E10/13-archives/E10-grandchallenge-MATHSOLVE-2fd9fd643bf3e9e98d121dc2e7af1cf1be411ae2.zip,MATHSOLVE-2fd9fd643bf3e9e98d121dc2e7af1cf1be411ae2/work_packages/BSD_R2_A1_WP60N_COISOTROPIC_P2_CONNECTIVITY/04_SOURCE_AND_DEPENDENCY_NOTE.md,,2499dad5,Filename/path inference; editable in the app
348837,work_packages/BSD_R2_A1_WP60N_COISOTROPIC_P2_CONNECTIVITY/04_SOURCE_AND_DEPENDENCY_NOTE.md,General / shared,2948,Latest public revision collected separately; not an author-designated final | adcfa0537f43327f4bb9acfe1692f757fce353c4,https://codeload.github.com/grandchallenge/MATHSOLVE/zip/adcfa0537f43327f4bb9acfe1692f757fce353c4,,contestants/E10/13-archives/E10-grandchallenge-MATHSOLVE-adcfa0537f43327f4bb9acfe1692f757fce353c4.zip,MATHSOLVE-adcfa0537f43327f4bb9acfe1692f757fce353c4/work_packages/BSD_R2_A1_WP60N_COISOTROPIC_P2_CONNECTIVITY/04_SOURCE_AND_DEPENDENCY_NOTE.md,,2499dad5,Filename/path inference; editable in the app
345732,work_packages/BSD_R2_A1_WP60Q_SELECTED_P2_CORE_GRAPH/00_README.md,General / shared,2470,Pinned collected revision; final designation governed by team receipt | 2fd9fd643bf3e9e98d121dc2e7af1cf1be411ae2,https://codeload.github.com/grandchallenge/MATHSOLVE/zip/2fd9fd643bf3e9e98d121dc2e7af1cf1be411ae2,,contestants/E10/13-archives/E10-grandchallenge-MATHSOLVE-2fd9fd643bf3e9e98d121dc2e7af1cf1be411ae2.zip,MATHSOLVE-2fd9fd643bf3e9e98d121dc2e7af1cf1be411ae2/work_packages/BSD_R2_A1_WP60Q_SELECTED_P2_CORE_GRAPH/00_README.md,,1f8ce2a5,Filename/path inference; editable in the app
348838,work_packages/BSD_R2_A1_WP60Q_SELECTED_P2_CORE_GRAPH/00_README.md,General / shared,2470,Latest public revision collected separately; not an author-designated final | adcfa0537f43327f4bb9acfe1692f757fce353c4,https://codeload.github.com/grandchallenge/MATHSOLVE/zip/adcfa0537f43327f4bb9acfe1692f757fce353c4,,contestants/E10/13-archives/E10-grandchallenge-MATHSOLVE-adcfa0537f43327f4bb9acfe1692f757fce353c4.zip,MATHSOLVE-adcfa0537f43327f4bb9acfe1692f757fce353c4/work_packages/BSD_R2_A1_WP60Q_SELECTED_P2_CORE_GRAPH/00_README.md,,1f8ce2a5,Filename/path inference; editable in the app
345733,work_packages/BSD_R2_A1_WP60Q_SELECTED_P2_CORE_GRAPH/01_SELECTED_RESIDUAL_CORE_GRAPH_THEOREM.md,General / shared,4806,Pinned collected revision; final designation governed by team receipt | 2fd9fd643bf3e9e98d121dc2e7af1cf1be411ae2,https://codeload.github.com/grandchallenge/MATHSOLVE/zip/2fd9fd643bf3e9e98d121dc2e7af1cf1be411ae2,,contestants/E10/13-archives/E10-grandchallenge-MATHSOLVE-2fd9fd643bf3e9e98d121dc2e7af1cf1be411ae2.zip,MATHSOLVE-2fd9fd643bf3e9e98d121dc2e7af1cf1be411ae2/work_packages/BSD_R2_A1_WP60Q_SELECTED_P2_CORE_GRAPH/01_SELECTED_RESIDUAL_CORE_GRAPH_THEOREM.md,,be1b4bd4,Filename/path inference; editable in the app
348839,work_packages/BSD_R2_A1_WP60Q_SELECTED_P2_CORE_GRAPH/01_SELECTED_RESIDUAL_CORE_GRAPH_THEOREM.md,General / shared,4806,Latest public revision collected separately; not an author-designated final | adcfa0537f43327f4bb9acfe1692f757fce353c4,https://codeload.github.com/grandchallenge/MATHSOLVE/zip/adcfa0537f43327f4bb9acfe1692f757fce353c4,,contestants/E10/13-archives/E10-grandchallenge-MATHSOLVE-adcfa0537f43327f4bb9acfe1692f757fce353c4.zip,MATHSOLVE-adcfa0537f43327f4bb9acfe1692f757fce353c4/work_packages/BSD_R2_A1_WP60Q_SELECTED_P2_CORE_GRAPH/01_SELECTED_RESIDUAL_CORE_GRAPH_THEOREM.md,,be1b4bd4,Filename/path inference; editable in the app
345735,work_packages/BSD_R2_A1_WP60Q_SELECTED_P2_CORE_GRAPH/04_SOURCE_AND_DEPENDENCY_NOTE.md,General / shared,3500,Pinned collected revision; final designation governed by team receipt | 2fd9fd643bf3e9e98d121dc2e7af1cf1be411ae2,https://codeload.github.com/grandchallenge/MATHSOLVE/zip/2fd9fd643bf3e9e98d121dc2e7af1cf1be411ae2,,contestants/E10/13-archives/E10-grandchallenge-MATHSOLVE-2fd9fd643bf3e9e98d121dc2e7af1cf1be411ae2.zip,MATHSOLVE-2fd9fd643bf3e9e98d121dc2e7af1cf1be411ae2/work_packages/BSD_R2_A1_WP60Q_SELECTED_P2_CORE_GRAPH/04_SOURCE_AND_DEPENDENCY_NOTE.md,,a4435636,Filename/path inference; editable in the app
348841,work_packages/BSD_R2_A1_WP60Q_SELECTED_P2_CORE_GRAPH/04_SOURCE_AND_DEPENDENCY_NOTE.md,General / shared,3500,Latest public revision collected separately; not an author-designated final | adcfa0537f43327f4bb9acfe1692f757fce353c4,https://codeload.github.com/grandchallenge/MATHSOLVE/zip/adcfa0537f43327f4bb9acfe1692f757fce353c4,,contestants/E10/13-archives/E10-grandchallenge-MATHSOLVE-adcfa0537f43327f4bb9acfe1692f757fce353c4.zip,MATHSOLVE-adcfa0537f43327f4bb9acfe1692f757fce353c4/work_packages/BSD_R2_A1_WP60Q_SELECTED_P2_CORE_GRAPH/04_SOURCE_AND_DEPENDENCY_NOTE.md,,a4435636,Filename/path inference; editable in the app
345736,work_packages/BSD_R2_A1_WP60R_BSS_THEOREM_REPLAY/00_README.md,General / shared,3523,Pinned collected revision; final designation governed by team receipt | 2fd9fd643bf3e9e98d121dc2e7af1cf1be411ae2,https://codeload.github.com/grandchallenge/MATHSOLVE/zip/2fd9fd643bf3e9e98d121dc2e7af1cf1be411ae2,,contestants/E10/13-archives/E10-grandchallenge-MATHSOLVE-2fd9fd643bf3e9e98d121dc2e7af1cf1be411ae2.zip,MATHSOLVE-2fd9fd643bf3e9e98d121dc2e7af1cf1be411ae2/work_packages/BSD_R2_A1_WP60R_BSS_THEOREM_REPLAY/00_README.md,,3865c579,Filename/path inference; editable in the app
348842,work_packages/BSD_R2_A1_WP60R_BSS_THEOREM_REPLAY/00_README.md,General / shared,3523,Latest public revision collected separately; not an author-designated final | adcfa0537f43327f4bb9acfe1692f757fce353c4,https://codeload.github.com/grandchallenge/MATHSOLVE/zip/adcfa0537f43327f4bb9acfe1692f757fce353c4,,contestants/E10/13-archives/E10-grandchallenge-MATHSOLVE-adcfa0537f43327f4bb9acfe1692f757fce353c4.zip,MATHSOLVE-adcfa0537f43327f4bb9acfe1692f757fce353c4/work_packages/BSD_R2_A1_WP60R_BSS_THEOREM_REPLAY/00_README.md,,3865c579,Filename/path inference; editable in the app
345737,work_packages/BSD_R2_A1_WP60R_BSS_THEOREM_REPLAY/01_ALL_LEVEL_LOCALIZATION_CORE_GRAPH_THEOREM.md,General / shared,13347,Pinned collected revision; final designation governed by team receipt | 2fd9fd643bf3e9e98d121dc2e7af1cf1be411ae2,https://codeload.github.com/grandchallenge/MATHSOLVE/zip/2fd9fd643bf3e9e98d121dc2e7af1cf1be411ae2,,contestants/E10/13-archives/E10-grandchallenge-MATHSOLVE-2fd9fd643bf3e9e98d121dc2e7af1cf1be411ae2.zip,MATHSOLVE-2fd9fd643bf3e9e98d121dc2e7af1cf1be411ae2/work_packages/BSD_R2_A1_WP60R_BSS_THEOREM_REPLAY/01_ALL_LEVEL_LOCALIZATION_CORE_GRAPH_THEOREM.md,,0a6ee4aa,Filename/path inference; editable in the app
348843,work_packages/BSD_R2_A1_WP60R_BSS_THEOREM_REPLAY/01_ALL_LEVEL_LOCALIZATION_CORE_GRAPH_THEOREM.md,General / shared,13347,Latest public revision collected separately; not an author-designated final | adcfa0537f43327f4bb9acfe1692f757fce353c4,https://codeload.github.com/grandchallenge/MATHSOLVE/zip/adcfa0537f43327f4bb9acfe1692f757fce353c4,,contestants/E10/13-archives/E10-grandchallenge-MATHSOLVE-adcfa0537f43327f4bb9acfe1692f757fce353c4.zip,MATHSOLVE-adcfa0537f43327f4bb9acfe1692f757fce353c4/work_packages/BSD_R2_A1_WP60R_BSS_THEOREM_REPLAY/01_ALL_LEVEL_LOCALIZATION_CORE_GRAPH_THEOREM.md,,0a6ee4aa,Filename/path inference; editable in the app
345738,work_packages/BSD_R2_A1_WP60R_BSS_THEOREM_REPLAY/02_BSS_520_52_REPLAY_THEOREM.md,General / shared,9534,Pinned collected revision; final designation governed by team receipt | 2fd9fd643bf3e9e98d121dc2e7af1cf1be411ae2,https://codeload.github.com/grandchallenge/MATHSOLVE/zip/2fd9fd643bf3e9e98d121dc2e7af1cf1be411ae2,,contestants/E10/13-archives/E10-grandchallenge-MATHSOLVE-2fd9fd643bf3e9e98d121dc2e7af1cf1be411ae2.zip,MATHSOLVE-2fd9fd643bf3e9e98d121dc2e7af1cf1be411ae2/work_packages/BSD_R2_A1_WP60R_BSS_THEOREM_REPLAY/02_BSS_520_52_REPLAY_THEOREM.md,,599ce8b4,Filename/path inference; editable in the app
348844,work_packages/BSD_R2_A1_WP60R_BSS_THEOREM_REPLAY/02_BSS_520_52_REPLAY_THEOREM.md,General / shared,9534,Latest public revision collected separately; not an author-designated final | adcfa0537f43327f4bb9acfe1692f757fce353c4,https://codeload.github.com/grandchallenge/MATHSOLVE/zip/adcfa0537f43327f4bb9acfe1692f757fce353c4,,contestants/E10/13-archives/E10-grandchallenge-MATHSOLVE-adcfa0537f43327f4bb9acfe1692f757fce353c4.zip,MATHSOLVE-adcfa0537f43327f4bb9acfe1692f757fce353c4/work_packages/BSD_R2_A1_WP60R_BSS_THEOREM_REPLAY/02_BSS_520_52_REPLAY_THEOREM.md,,599ce8b4,Filename/path inference; editable in the app
345741,work_packages/BSD_R2_A1_WP60S_BSS_INVERSE_LIMIT/00_README.md,General / shared,2775,Pinned collected revision; final designation governed by team receipt | 2fd9fd643bf3e9e98d121dc2e7af1cf1be411ae2,https://codeload.github.com/grandchallenge/MATHSOLVE/zip/2fd9fd643bf3e9e98d121dc2e7af1cf1be411ae2,,contestants/E10/13-archives/E10-grandchallenge-MATHSOLVE-2fd9fd643bf3e9e98d121dc2e7af1cf1be411ae2.zip,MATHSOLVE-2fd9fd643bf3e9e98d121dc2e7af1cf1be411ae2/work_packages/BSD_R2_A1_WP60S_BSS_INVERSE_LIMIT/00_README.md,,50b16545,Filename/path inference; editable in the app
348847,work_packages/BSD_R2_A1_WP60S_BSS_INVERSE_LIMIT/00_README.md,General / shared,2775,Latest public revision collected separately; not an author-designated final | adcfa0537f43327f4bb9acfe1692f757fce353c4,https://codeload.github.com/grandchallenge/MATHSOLVE/zip/adcfa0537f43327f4bb9acfe1692f757fce353c4,,contestants/E10/13-archives/E10-grandchallenge-MATHSOLVE-adcfa0537f43327f4bb9acfe1692f757fce353c4.zip,MATHSOLVE-adcfa0537f43327f4bb9acfe1692f757fce353c4/work_packages/BSD_R2_A1_WP60S_BSS_INVERSE_LIMIT/00_README.md,,50b16545,Filename/path inference; editable in the app
345742,work_packages/BSD_R2_A1_WP60S_BSS_INVERSE_LIMIT/01_THEOREM_5_25_REPLAY.md,General / shared,7863,Pinned collected revision; final designation governed by team receipt | 2fd9fd643bf3e9e98d121dc2e7af1cf1be411ae2,https://codeload.github.com/grandchallenge/MATHSOLVE/zip/2fd9fd643bf3e9e98d121dc2e7af1cf1be411ae2,,contestants/E10/13-archives/E10-grandchallenge-MATHSOLVE-2fd9fd643bf3e9e98d121dc2e7af1cf1be411ae2.zip,MATHSOLVE-2fd9fd643bf3e9e98d121dc2e7af1cf1be411ae2/work_packages/BSD_R2_A1_WP60S_BSS_INVERSE_LIMIT/01_THEOREM_5_25_REPLAY.md,,155c0770,Filename/path inference; editable in the app
348848,work_packages/BSD_R2_A1_WP60S_BSS_INVERSE_LIMIT/01_THEOREM_5_25_REPLAY.md,General / shared,7863,Latest public revision collected separately; not an author-designated final | adcfa0537f43327f4bb9acfe1692f757fce353c4,https://codeload.github.com/grandchallenge/MATHSOLVE/zip/adcfa0537f43327f4bb9acfe1692f757fce353c4,,contestants/E10/13-archives/E10-grandchallenge-MATHSOLVE-adcfa0537f43327f4bb9acfe1692f757fce353c4.zip,MATHSOLVE-adcfa0537f43327f4bb9acfe1692f757fce353c4/work_packages/BSD_R2_A1_WP60S_BSS_INVERSE_LIMIT/01_THEOREM_5_25_REPLAY.md,,155c0770,Filename/path inference; editable in the app
345745,work_packages/BSD_R2_A1_WP60T_BSS_DERIVATIVE_APPLICATION/00_README.md,General / shared,4260,Pinned collected revision; final designation governed by team receipt | 2fd9fd643bf3e9e98d121dc2e7af1cf1be411ae2,https://codeload.github.com/grandchallenge/MATHSOLVE/zip/2fd9fd643bf3e9e98d121dc2e7af1cf1be411ae2,,contestants/E10/13-archives/E10-grandchallenge-MATHSOLVE-2fd9fd643bf3e9e98d121dc2e7af1cf1be411ae2.zip,MATHSOLVE-2fd9fd643bf3e9e98d121dc2e7af1cf1be411ae2/work_packages/BSD_R2_A1_WP60T_BSS_DERIVATIVE_APPLICATION/00_README.md,,1342f2cc,Filename/path inference; editable in the app
348851,work_packages/BSD_R2_A1_WP60T_BSS_DERIVATIVE_APPLICATION/00_README.md,General / shared,4260,Latest public revision collected separately; not an author-designated final | adcfa0537f43327f4bb9acfe1692f757fce353c4,https://codeload.github.com/grandchallenge/MATHSOLVE/zip/adcfa0537f43327f4bb9acfe1692f757fce353c4,,contestants/E10/13-archives/E10-grandchallenge-MATHSOLVE-adcfa0537f43327f4bb9acfe1692f757fce353c4.zip,MATHSOLVE-adcfa0537f43327f4bb9acfe1692f757fce353c4/work_packages/BSD_R2_A1_WP60T_BSS_DERIVATIVE_APPLICATION/00_README.md,,1342f2cc,Filename/path inference; editable in the app
345746,work_packages/BSD_R2_A1_WP60T_BSS_DERIVATIVE_APPLICATION/01_BSS_612_615_REPLAY_THEOREM.md,General / shared,12331,Pinned collected revision; final designation governed by team receipt | 2fd9fd643bf3e9e98d121dc2e7af1cf1be411ae2,https://codeload.github.com/grandchallenge/MATHSOLVE/zip/2fd9fd643bf3e9e98d121dc2e7af1cf1be411ae2,,contestants/E10/13-archives/E10-grandchallenge-MATHSOLVE-2fd9fd643bf3e9e98d121dc2e7af1cf1be411ae2.zip,MATHSOLVE-2fd9fd643bf3e9e98d121dc2e7af1cf1be411ae2/work_packages/BSD_R2_A1_WP60T_BSS_DERIVATIVE_APPLICATION/01_BSS_612_615_REPLAY_THEOREM.md,,d14f4e83,Filename/path inference; editable in the app
348852,work_packages/BSD_R2_A1_WP60T_BSS_DERIVATIVE_APPLICATION/01_BSS_612_615_REPLAY_THEOREM.md,General / shared,12331,Latest public revision collected separately; not an author-designated final | adcfa0537f43327f4bb9acfe1692f757fce353c4,https://codeload.github.com/grandchallenge/MATHSOLVE/zip/adcfa0537f43327f4bb9acfe1692f757fce353c4,,contestants/E10/13-archives/E10-grandchallenge-MATHSOLVE-adcfa0537f43327f4bb9acfe1692f757fce353c4.zip,MATHSOLVE-adcfa0537f43327f4bb9acfe1692f757fce353c4/work_packages/BSD_R2_A1_WP60T_BSS_DERIVATIVE_APPLICATION/01_BSS_612_615_REPLAY_THEOREM.md,,d14f4e83,Filename/path inference; editable in the app
345747,work_packages/BSD_R2_A1_WP60T_BSS_DERIVATIVE_APPLICATION/02_SOURCE_AND_DEPENDENCY_NOTE.md,General / shared,5653,Pinned collected revision; final designation governed by team receipt | 2fd9fd643bf3e9e98d121dc2e7af1cf1be411ae2,https://codeload.github.com/grandchallenge/MATHSOLVE/zip/2fd9fd643bf3e9e98d121dc2e7af1cf1be411ae2,,contestants/E10/13-archives/E10-grandchallenge-MATHSOLVE-2fd9fd643bf3e9e98d121dc2e7af1cf1be411ae2.zip,MATHSOLVE-2fd9fd643bf3e9e98d121dc2e7af1cf1be411ae2/work_packages/BSD_R2_A1_WP60T_BSS_DERIVATIVE_APPLICATION/02_SOURCE_AND_DEPENDENCY_NOTE.md,,3e7efc32,Filename/path inference; editable in the app
348853,work_packages/BSD_R2_A1_WP60T_BSS_DERIVATIVE_APPLICATION/02_SOURCE_AND_DEPENDENCY_NOTE.md,General / shared,5653,Latest public revision collected separately; not an author-designated final | adcfa0537f43327f4bb9acfe1692f757fce353c4,https://codeload.github.com/grandchallenge/MATHSOLVE/zip/adcfa0537f43327f4bb9acfe1692f757fce353c4,,contestants/E10/13-archives/E10-grandchallenge-MATHSOLVE-adcfa0537f43327f4bb9acfe1692f757fce353c4.zip,MATHSOLVE-adcfa0537f43327f4bb9acfe1692f757fce353c4/work_packages/BSD_R2_A1_WP60T_BSS_DERIVATIVE_APPLICATION/02_SOURCE_AND_DEPENDENCY_NOTE.md,,3e7efc32,Filename/path inference; editable in the app
345750,work_packages/BSD_R2_A1_WP60_P2_FRONTIER_RESEARCH_PROGRAM/00_README.md,General / shared,7949,Pinned collected revision; final designation governed by team receipt | 2fd9fd643bf3e9e98d121dc2e7af1cf1be411ae2,https://codeload.github.com/grandchallenge/MATHSOLVE/zip/2fd9fd643bf3e9e98d121dc2e7af1cf1be411ae2,,contestants/E10/13-archives/E10-grandchallenge-MATHSOLVE-2fd9fd643bf3e9e98d121dc2e7af1cf1be411ae2.zip,MATHSOLVE-2fd9fd643bf3e9e98d121dc2e7af1cf1be411ae2/work_packages/BSD_R2_A1_WP60_P2_FRONTIER_RESEARCH_PROGRAM/00_README.md,,9471361c,Filename/path inference; editable in the app
348856,work_packages/BSD_R2_A1_WP60_P2_FRONTIER_RESEARCH_PROGRAM/00_README.md,General / shared,7949,Latest public revision collected separately; not an author-designated final | adcfa0537f43327f4bb9acfe1692f757fce353c4,https://codeload.github.com/grandchallenge/MATHSOLVE/zip/adcfa0537f43327f4bb9acfe1692f757fce353c4,,contestants/E10/13-archives/E10-grandchallenge-MATHSOLVE-adcfa0537f43327f4bb9acfe1692f757fce353c4.zip,MATHSOLVE-adcfa0537f43327f4bb9acfe1692f757fce353c4/work_packages/BSD_R2_A1_WP60_P2_FRONTIER_RESEARCH_PROGRAM/00_README.md,,9471361c,Filename/path inference; editable in the app
345751,work_packages/BSD_R2_A1_WP60_P2_FRONTIER_RESEARCH_PROGRAM/01_EXECUTION_CONTRACT.md,General / shared,11637,Pinned collected revision; final designation governed by team receipt | 2fd9fd643bf3e9e98d121dc2e7af1cf1be411ae2,https://codeload.github.com/grandchallenge/MATHSOLVE/zip/2fd9fd643bf3e9e98d121dc2e7af1cf1be411ae2,,contestants/E10/13-archives/E10-grandchallenge-MATHSOLVE-2fd9fd643bf3e9e98d121dc2e7af1cf1be411ae2.zip,MATHSOLVE-2fd9fd643bf3e9e98d121dc2e7af1cf1be411ae2/work_packages/BSD_R2_A1_WP60_P2_FRONTIER_RESEARCH_PROGRAM/01_EXECUTION_CONTRACT.md,,8114173b,Filename/path inference; editable in the app
348857,work_packages/BSD_R2_A1_WP60_P2_FRONTIER_RESEARCH_PROGRAM/01_EXECUTION_CONTRACT.md,General / shared,11637,Latest public revision collected separately; not an author-designated final | adcfa0537f43327f4bb9acfe1692f757fce353c4,https://codeload.github.com/grandchallenge/MATHSOLVE/zip/adcfa0537f43327f4bb9acfe1692f757fce353c4,,contestants/E10/13-archives/E10-grandchallenge-MATHSOLVE-adcfa0537f43327f4bb9acfe1692f757fce353c4.zip,MATHSOLVE-adcfa0537f43327f4bb9acfe1692f757fce353c4/work_packages/BSD_R2_A1_WP60_P2_FRONTIER_RESEARCH_PROGRAM/01_EXECUTION_CONTRACT.md,,8114173b,Filename/path inference; editable in the app
345753,work_packages/BSD_R2_A1_WP60_P2_FRONTIER_RESEARCH_PROGRAM/03_CODEX_TAKEOVER_PROMPT.md,General / shared,7295,Pinned collected revision; final designation governed by team receipt | 2fd9fd643bf3e9e98d121dc2e7af1cf1be411ae2,https://codeload.github.com/grandchallenge/MATHSOLVE/zip/2fd9fd643bf3e9e98d121dc2e7af1cf1be411ae2,,contestants/E10/13-archives/E10-grandchallenge-MATHSOLVE-2fd9fd643bf3e9e98d121dc2e7af1cf1be411ae2.zip,MATHSOLVE-2fd9fd643bf3e9e98d121dc2e7af1cf1be411ae2/work_packages/BSD_R2_A1_WP60_P2_FRONTIER_RESEARCH_PROGRAM/03_CODEX_TAKEOVER_PROMPT.md,,ff93ea2e,Filename/path inference; editable in the app
348859,work_packages/BSD_R2_A1_WP60_P2_FRONTIER_RESEARCH_PROGRAM/03_CODEX_TAKEOVER_PROMPT.md,General / shared,7295,Latest public revision collected separately; not an author-designated final | adcfa0537f43327f4bb9acfe1692f757fce353c4,https://codeload.github.com/grandchallenge/MATHSOLVE/zip/adcfa0537f43327f4bb9acfe1692f757fce353c4,,contestants/E10/13-archives/E10-grandchallenge-MATHSOLVE-adcfa0537f43327f4bb9acfe1692f757fce353c4.zip,MATHSOLVE-adcfa0537f43327f4bb9acfe1692f757fce353c4/work_packages/BSD_R2_A1_WP60_P2_FRONTIER_RESEARCH_PROGRAM/03_CODEX_TAKEOVER_PROMPT.md,,ff93ea2e,Filename/path inference; editable in the app
345754,work_packages/BSD_R5_CW_P2_CH15_GLOBALIZATION/00_README.md,General / shared,925,Pinned collected revision; final designation governed by team receipt | 2fd9fd643bf3e9e98d121dc2e7af1cf1be411ae2,https://codeload.github.com/grandchallenge/MATHSOLVE/zip/2fd9fd643bf3e9e98d121dc2e7af1cf1be411ae2,,contestants/E10/13-archives/E10-grandchallenge-MATHSOLVE-2fd9fd643bf3e9e98d121dc2e7af1cf1be411ae2.zip,MATHSOLVE-2fd9fd643bf3e9e98d121dc2e7af1cf1be411ae2/work_packages/BSD_R5_CW_P2_CH15_GLOBALIZATION/00_README.md,,5f481767,Filename/path inference; editable in the app
348860,work_packages/BSD_R5_CW_P2_CH15_GLOBALIZATION/00_README.md,General / shared,925,Latest public revision collected separately; not an author-designated final | adcfa0537f43327f4bb9acfe1692f757fce353c4,https://codeload.github.com/grandchallenge/MATHSOLVE/zip/adcfa0537f43327f4bb9acfe1692f757fce353c4,,contestants/E10/13-archives/E10-grandchallenge-MATHSOLVE-adcfa0537f43327f4bb9acfe1692f757fce353c4.zip,MATHSOLVE-adcfa0537f43327f4bb9acfe1692f757fce353c4/work_packages/BSD_R5_CW_P2_CH15_GLOBALIZATION/00_README.md,,5f481767,Filename/path inference; editable in the app
345755,work_packages/BSD_R5_CW_P2_CH15_GLOBALIZATION/01_CHAPTER15_COMPATIBILITY_REDUCTION.md,General / shared,7291,Pinned collected revision; final designation governed by team receipt | 2fd9fd643bf3e9e98d121dc2e7af1cf1be411ae2,https://codeload.github.com/grandchallenge/MATHSOLVE/zip/2fd9fd643bf3e9e98d121dc2e7af1cf1be411ae2,,contestants/E10/13-archives/E10-grandchallenge-MATHSOLVE-2fd9fd643bf3e9e98d121dc2e7af1cf1be411ae2.zip,MATHSOLVE-2fd9fd643bf3e9e98d121dc2e7af1cf1be411ae2/work_packages/BSD_R5_CW_P2_CH15_GLOBALIZATION/01_CHAPTER15_COMPATIBILITY_REDUCTION.md,,3f4afc96,Filename/path inference; editable in the app
348861,work_packages/BSD_R5_CW_P2_CH15_GLOBALIZATION/01_CHAPTER15_COMPATIBILITY_REDUCTION.md,General / shared,7291,Latest public revision collected separately; not an author-designated final | adcfa0537f43327f4bb9acfe1692f757fce353c4,https://codeload.github.com/grandchallenge/MATHSOLVE/zip/adcfa0537f43327f4bb9acfe1692f757fce353c4,,contestants/E10/13-archives/E10-grandchallenge-MATHSOLVE-adcfa0537f43327f4bb9acfe1692f757fce353c4.zip,MATHSOLVE-adcfa0537f43327f4bb9acfe1692f757fce353c4/work_packages/BSD_R5_CW_P2_CH15_GLOBALIZATION/01_CHAPTER15_COMPATIBILITY_REDUCTION.md,,3f4afc96,Filename/path inference; editable in the app
345758,work_packages/BSD_R5_CW_P2_CH15_GLOBALIZATION/04_SOURCE_AND_SUCCESSOR_BOUNDARY.md,General / shared,849,Pinned collected revision; final designation governed by team receipt | 2fd9fd643bf3e9e98d121dc2e7af1cf1be411ae2,https://codeload.github.com/grandchallenge/MATHSOLVE/zip/2fd9fd643bf3e9e98d121dc2e7af1cf1be411ae2,,contestants/E10/13-archives/E10-grandchallenge-MATHSOLVE-2fd9fd643bf3e9e98d121dc2e7af1cf1be411ae2.zip,MATHSOLVE-2fd9fd643bf3e9e98d121dc2e7af1cf1be411ae2/work_packages/BSD_R5_CW_P2_CH15_GLOBALIZATION/04_SOURCE_AND_SUCCESSOR_BOUNDARY.md,,668366e6,Filename/path inference; editable in the app
348864,work_packages/BSD_R5_CW_P2_CH15_GLOBALIZATION/04_SOURCE_AND_SUCCESSOR_BOUNDARY.md,General / shared,849,Latest public revision collected separately; not an author-designated final | adcfa0537f43327f4bb9acfe1692f757fce353c4,https://codeload.github.com/grandchallenge/MATHSOLVE/zip/adcfa0537f43327f4bb9acfe1692f757fce353c4,,contestants/E10/13-archives/E10-grandchallenge-MATHSOLVE-adcfa0537f43327f4bb9acfe1692f757fce353c4.zip,MATHSOLVE-adcfa0537f43327f4bb9acfe1692f757fce353c4/work_packages/BSD_R5_CW_P2_CH15_GLOBALIZATION/04_SOURCE_AND_SUCCESSOR_BOUNDARY.md,,668366e6,Filename/path inference; editable in the app
345759,work_packages/BSD_R5_CW_P2_WEIGHT_COVER/00_README.md,General / shared,1844,Pinned collected revision; final designation governed by team receipt | 2fd9fd643bf3e9e98d121dc2e7af1cf1be411ae2,https://codeload.github.com/grandchallenge/MATHSOLVE/zip/2fd9fd643bf3e9e98d121dc2e7af1cf1be411ae2,,contestants/E10/13-archives/E10-grandchallenge-MATHSOLVE-2fd9fd643bf3e9e98d121dc2e7af1cf1be411ae2.zip,MATHSOLVE-2fd9fd643bf3e9e98d121dc2e7af1cf1be411ae2/work_packages/BSD_R5_CW_P2_WEIGHT_COVER/00_README.md,,d87946a5,Filename/path inference; editable in the app
348865,work_packages/BSD_R5_CW_P2_WEIGHT_COVER/00_README.md,General / shared,1844,Latest public revision collected separately; not an author-designated final | adcfa0537f43327f4bb9acfe1692f757fce353c4,https://codeload.github.com/grandchallenge/MATHSOLVE/zip/adcfa0537f43327f4bb9acfe1692f757fce353c4,,contestants/E10/13-archives/E10-grandchallenge-MATHSOLVE-adcfa0537f43327f4bb9acfe1692f757fce353c4.zip,MATHSOLVE-adcfa0537f43327f4bb9acfe1692f757fce353c4/work_packages/BSD_R5_CW_P2_WEIGHT_COVER/00_README.md,,d87946a5,Filename/path inference; editable in the app
345760,work_packages/BSD_R5_CW_P2_WEIGHT_COVER/01_UNIVERSAL_HALF_WEIGHT_COVER_THEOREM.md,General / shared,4635,Pinned collected revision; final designation governed by team receipt | 2fd9fd643bf3e9e98d121dc2e7af1cf1be411ae2,https://codeload.github.com/grandchallenge/MATHSOLVE/zip/2fd9fd643bf3e9e98d121dc2e7af1cf1be411ae2,,contestants/E10/13-archives/E10-grandchallenge-MATHSOLVE-2fd9fd643bf3e9e98d121dc2e7af1cf1be411ae2.zip,MATHSOLVE-2fd9fd643bf3e9e98d121dc2e7af1cf1be411ae2/work_packages/BSD_R5_CW_P2_WEIGHT_COVER/01_UNIVERSAL_HALF_WEIGHT_COVER_THEOREM.md,,391fd234,Filename/path inference; editable in the app
348866,work_packages/BSD_R5_CW_P2_WEIGHT_COVER/01_UNIVERSAL_HALF_WEIGHT_COVER_THEOREM.md,General / shared,4635,Latest public revision collected separately; not an author-designated final | adcfa0537f43327f4bb9acfe1692f757fce353c4,https://codeload.github.com/grandchallenge/MATHSOLVE/zip/adcfa0537f43327f4bb9acfe1692f757fce353c4,,contestants/E10/13-archives/E10-grandchallenge-MATHSOLVE-adcfa0537f43327f4bb9acfe1692f757fce353c4.zip,MATHSOLVE-adcfa0537f43327f4bb9acfe1692f757fce353c4/work_packages/BSD_R5_CW_P2_WEIGHT_COVER/01_UNIVERSAL_HALF_WEIGHT_COVER_THEOREM.md,,391fd234,Filename/path inference; editable in the app
345763,work_packages/BSD_R5_CW_P2_WEIGHT_COVER/04_SOURCE_AND_SUCCESSOR_BOUNDARY.md,General / shared,1234,Pinned collected revision; final designation governed by team receipt | 2fd9fd643bf3e9e98d121dc2e7af1cf1be411ae2,https://codeload.github.com/grandchallenge/MATHSOLVE/zip/2fd9fd643bf3e9e98d121dc2e7af1cf1be411ae2,,contestants/E10/13-archives/E10-grandchallenge-MATHSOLVE-2fd9fd643bf3e9e98d121dc2e7af1cf1be411ae2.zip,MATHSOLVE-2fd9fd643bf3e9e98d121dc2e7af1cf1be411ae2/work_packages/BSD_R5_CW_P2_WEIGHT_COVER/04_SOURCE_AND_SUCCESSOR_BOUNDARY.md,,3e9467e9,Filename/path inference; editable in the app
348869,work_packages/BSD_R5_CW_P2_WEIGHT_COVER/04_SOURCE_AND_SUCCESSOR_BOUNDARY.md,General / shared,1234,Latest public revision collected separately; not an author-designated final | adcfa0537f43327f4bb9acfe1692f757fce353c4,https://codeload.github.com/grandchallenge/MATHSOLVE/zip/adcfa0537f43327f4bb9acfe1692f757fce353c4,,contestants/E10/13-archives/E10-grandchallenge-MATHSOLVE-adcfa0537f43327f4bb9acfe1692f757fce353c4.zip,MATHSOLVE-adcfa0537f43327f4bb9acfe1692f757fce353c4/work_packages/BSD_R5_CW_P2_WEIGHT_COVER/04_SOURCE_AND_SUCCESSOR_BOUNDARY.md,,3e9467e9,Filename/path inference; editable in the app
345764,work_packages/BSD_R5_LIFT_EQUIVARIANT_DETERMINANT/00_README.md,General / shared,3278,Pinned collected revision; final designation governed by team receipt | 2fd9fd643bf3e9e98d121dc2e7af1cf1be411ae2,https://codeload.github.com/grandchallenge/MATHSOLVE/zip/2fd9fd643bf3e9e98d121dc2e7af1cf1be411ae2,,contestants/E10/13-archives/E10-grandchallenge-MATHSOLVE-2fd9fd643bf3e9e98d121dc2e7af1cf1be411ae2.zip,MATHSOLVE-2fd9fd643bf3e9e98d121dc2e7af1cf1be411ae2/work_packages/BSD_R5_LIFT_EQUIVARIANT_DETERMINANT/00_README.md,,fb42caac,Filename/path inference; editable in the app
348870,work_packages/BSD_R5_LIFT_EQUIVARIANT_DETERMINANT/00_README.md,General / shared,3278,Latest public revision collected separately; not an author-designated final | adcfa0537f43327f4bb9acfe1692f757fce353c4,https://codeload.github.com/grandchallenge/MATHSOLVE/zip/adcfa0537f43327f4bb9acfe1692f757fce353c4,,contestants/E10/13-archives/E10-grandchallenge-MATHSOLVE-adcfa0537f43327f4bb9acfe1692f757fce353c4.zip,MATHSOLVE-adcfa0537f43327f4bb9acfe1692f757fce353c4/work_packages/BSD_R5_LIFT_EQUIVARIANT_DETERMINANT/00_README.md,,fb42caac,Filename/path inference; editable in the app
345765,work_packages/BSD_R5_LIFT_EQUIVARIANT_DETERMINANT/01_EQUIVARIANT_BASICNESS_THEOREM.md,General / shared,19821,Pinned collected revision; final designation governed by team receipt | 2fd9fd643bf3e9e98d121dc2e7af1cf1be411ae2,https://codeload.github.com/grandchallenge/MATHSOLVE/zip/2fd9fd643bf3e9e98d121dc2e7af1cf1be411ae2,,contestants/E10/13-archives/E10-grandchallenge-MATHSOLVE-2fd9fd643bf3e9e98d121dc2e7af1cf1be411ae2.zip,MATHSOLVE-2fd9fd643bf3e9e98d121dc2e7af1cf1be411ae2/work_packages/BSD_R5_LIFT_EQUIVARIANT_DETERMINANT/01_EQUIVARIANT_BASICNESS_THEOREM.md,,9f4a52d2,Filename/path inference; editable in the app
348871,work_packages/BSD_R5_LIFT_EQUIVARIANT_DETERMINANT/01_EQUIVARIANT_BASICNESS_THEOREM.md,General / shared,19821,Latest public revision collected separately; not an author-designated final | adcfa0537f43327f4bb9acfe1692f757fce353c4,https://codeload.github.com/grandchallenge/MATHSOLVE/zip/adcfa0537f43327f4bb9acfe1692f757fce353c4,,contestants/E10/13-archives/E10-grandchallenge-MATHSOLVE-adcfa0537f43327f4bb9acfe1692f757fce353c4.zip,MATHSOLVE-adcfa0537f43327f4bb9acfe1692f757fce353c4/work_packages/BSD_R5_LIFT_EQUIVARIANT_DETERMINANT/01_EQUIVARIANT_BASICNESS_THEOREM.md,,9f4a52d2,Filename/path inference; editable in the app
345766,work_packages/BSD_R5_LIFT_EQUIVARIANT_DETERMINANT/02_SOURCE_AND_DEPENDENCY_NOTE.md,General / shared,5040,Pinned collected revision; final designation governed by team receipt | 2fd9fd643bf3e9e98d121dc2e7af1cf1be411ae2,https://codeload.github.com/grandchallenge/MATHSOLVE/zip/2fd9fd643bf3e9e98d121dc2e7af1cf1be411ae2,,contestants/E10/13-archives/E10-grandchallenge-MATHSOLVE-2fd9fd643bf3e9e98d121dc2e7af1cf1be411ae2.zip,MATHSOLVE-2fd9fd643bf3e9e98d121dc2e7af1cf1be411ae2/work_packages/BSD_R5_LIFT_EQUIVARIANT_DETERMINANT/02_SOURCE_AND_DEPENDENCY_NOTE.md,,97362015,Filename/path inference; editable in the app
348872,work_packages/BSD_R5_LIFT_EQUIVARIANT_DETERMINANT/02_SOURCE_AND_DEPENDENCY_NOTE.md,General / shared,5040,Latest public revision collected separately; not an author-designated final | adcfa0537f43327f4bb9acfe1692f757fce353c4,https://codeload.github.com/grandchallenge/MATHSOLVE/zip/adcfa0537f43327f4bb9acfe1692f757fce353c4,,contestants/E10/13-archives/E10-grandchallenge-MATHSOLVE-adcfa0537f43327f4bb9acfe1692f757fce353c4.zip,MATHSOLVE-adcfa0537f43327f4bb9acfe1692f757fce353c4/work_packages/BSD_R5_LIFT_EQUIVARIANT_DETERMINANT/02_SOURCE_AND_DEPENDENCY_NOTE.md,,97362015,Filename/path inference; editable in the app
345769,work_packages/BSD_R5_PRIM_DETERMINANTAL_PRIMITIVITY/00_README.md,General / shared,2570,Pinned collected revision; final designation governed by team receipt | 2fd9fd643bf3e9e98d121dc2e7af1cf1be411ae2,https://codeload.github.com/grandchallenge/MATHSOLVE/zip/2fd9fd643bf3e9e98d121dc2e7af1cf1be411ae2,,contestants/E10/13-archives/E10-grandchallenge-MATHSOLVE-2fd9fd643bf3e9e98d121dc2e7af1cf1be411ae2.zip,MATHSOLVE-2fd9fd643bf3e9e98d121dc2e7af1cf1be411ae2/work_packages/BSD_R5_PRIM_DETERMINANTAL_PRIMITIVITY/00_README.md,,9c401ece,Filename/path inference; editable in the app
348875,work_packages/BSD_R5_PRIM_DETERMINANTAL_PRIMITIVITY/00_README.md,General / shared,2570,Latest public revision collected separately; not an author-designated final | adcfa0537f43327f4bb9acfe1692f757fce353c4,https://codeload.github.com/grandchallenge/MATHSOLVE/zip/adcfa0537f43327f4bb9acfe1692f757fce353c4,,contestants/E10/13-archives/E10-grandchallenge-MATHSOLVE-adcfa0537f43327f4bb9acfe1692f757fce353c4.zip,MATHSOLVE-adcfa0537f43327f4bb9acfe1692f757fce353c4/work_packages/BSD_R5_PRIM_DETERMINANTAL_PRIMITIVITY/00_README.md,,9c401ece,Filename/path inference; editable in the app
345770,work_packages/BSD_R5_PRIM_DETERMINANTAL_PRIMITIVITY/01_RESIDUAL_PRIMITIVITY_REDUCTION.md,General / shared,9008,Pinned collected revision; final designation governed by team receipt | 2fd9fd643bf3e9e98d121dc2e7af1cf1be411ae2,https://codeload.github.com/grandchallenge/MATHSOLVE/zip/2fd9fd643bf3e9e98d121dc2e7af1cf1be411ae2,,contestants/E10/13-archives/E10-grandchallenge-MATHSOLVE-2fd9fd643bf3e9e98d121dc2e7af1cf1be411ae2.zip,MATHSOLVE-2fd9fd643bf3e9e98d121dc2e7af1cf1be411ae2/work_packages/BSD_R5_PRIM_DETERMINANTAL_PRIMITIVITY/01_RESIDUAL_PRIMITIVITY_REDUCTION.md,,d782a01e,Filename/path inference; editable in the app
348876,work_packages/BSD_R5_PRIM_DETERMINANTAL_PRIMITIVITY/01_RESIDUAL_PRIMITIVITY_REDUCTION.md,General / shared,9008,Latest public revision collected separately; not an author-designated final | adcfa0537f43327f4bb9acfe1692f757fce353c4,https://codeload.github.com/grandchallenge/MATHSOLVE/zip/adcfa0537f43327f4bb9acfe1692f757fce353c4,,contestants/E10/13-archives/E10-grandchallenge-MATHSOLVE-adcfa0537f43327f4bb9acfe1692f757fce353c4.zip,MATHSOLVE-adcfa0537f43327f4bb9acfe1692f757fce353c4/work_packages/BSD_R5_PRIM_DETERMINANTAL_PRIMITIVITY/01_RESIDUAL_PRIMITIVITY_REDUCTION.md,,d782a01e,Filename/path inference; editable in the app
345771,work_packages/BSD_R5_PRIM_DETERMINANTAL_PRIMITIVITY/02_SOURCE_AND_BOUNDARY_NOTE.md,General / shared,5516,Pinned collected revision; final designation governed by team receipt | 2fd9fd643bf3e9e98d121dc2e7af1cf1be411ae2,https://codeload.github.com/grandchallenge/MATHSOLVE/zip/2fd9fd643bf3e9e98d121dc2e7af1cf1be411ae2,,contestants/E10/13-archives/E10-grandchallenge-MATHSOLVE-2fd9fd643bf3e9e98d121dc2e7af1cf1be411ae2.zip,MATHSOLVE-2fd9fd643bf3e9e98d121dc2e7af1cf1be411ae2/work_packages/BSD_R5_PRIM_DETERMINANTAL_PRIMITIVITY/02_SOURCE_AND_BOUNDARY_NOTE.md,,aaff0283,Filename/path inference; editable in the app
348877,work_packages/BSD_R5_PRIM_DETERMINANTAL_PRIMITIVITY/02_SOURCE_AND_BOUNDARY_NOTE.md,General / shared,5516,Latest public revision collected separately; not an author-designated final | adcfa0537f43327f4bb9acfe1692f757fce353c4,https://codeload.github.com/grandchallenge/MATHSOLVE/zip/adcfa0537f43327f4bb9acfe1692f757fce353c4,,contestants/E10/13-archives/E10-grandchallenge-MATHSOLVE-adcfa0537f43327f4bb9acfe1692f757fce353c4.zip,MATHSOLVE-adcfa0537f43327f4bb9acfe1692f757fce353c4/work_packages/BSD_R5_PRIM_DETERMINANTAL_PRIMITIVITY/02_SOURCE_AND_BOUNDARY_NOTE.md,,aaff0283,Filename/path inference; editable in the app
345774,work_packages/BSD_R5_RECIP_P2_NORMALIZED_RECIPROCITY/00_README.md,General / shared,1874,Pinned collected revision; final designation governed by team receipt | 2fd9fd643bf3e9e98d121dc2e7af1cf1be411ae2,https://codeload.github.com/grandchallenge/MATHSOLVE/zip/2fd9fd643bf3e9e98d121dc2e7af1cf1be411ae2,,contestants/E10/13-archives/E10-grandchallenge-MATHSOLVE-2fd9fd643bf3e9e98d121dc2e7af1cf1be411ae2.zip,MATHSOLVE-2fd9fd643bf3e9e98d121dc2e7af1cf1be411ae2/work_packages/BSD_R5_RECIP_P2_NORMALIZED_RECIPROCITY/00_README.md,,4054149a,Filename/path inference; editable in the app
348880,work_packages/BSD_R5_RECIP_P2_NORMALIZED_RECIPROCITY/00_README.md,General / shared,1874,Latest public revision collected separately; not an author-designated final | adcfa0537f43327f4bb9acfe1692f757fce353c4,https://codeload.github.com/grandchallenge/MATHSOLVE/zip/adcfa0537f43327f4bb9acfe1692f757fce353c4,,contestants/E10/13-archives/E10-grandchallenge-MATHSOLVE-adcfa0537f43327f4bb9acfe1692f757fce353c4.zip,MATHSOLVE-adcfa0537f43327f4bb9acfe1692f757fce353c4/work_packages/BSD_R5_RECIP_P2_NORMALIZED_RECIPROCITY/00_README.md,,4054149a,Filename/path inference; editable in the app
345775,work_packages/BSD_R5_RECIP_P2_NORMALIZED_RECIPROCITY/01_LITERAL_P2_LOCAL_LATTICE_THEOREM.md,General / shared,5126,Pinned collected revision; final designation governed by team receipt | 2fd9fd643bf3e9e98d121dc2e7af1cf1be411ae2,https://codeload.github.com/grandchallenge/MATHSOLVE/zip/2fd9fd643bf3e9e98d121dc2e7af1cf1be411ae2,,contestants/E10/13-archives/E10-grandchallenge-MATHSOLVE-2fd9fd643bf3e9e98d121dc2e7af1cf1be411ae2.zip,MATHSOLVE-2fd9fd643bf3e9e98d121dc2e7af1cf1be411ae2/work_packages/BSD_R5_RECIP_P2_NORMALIZED_RECIPROCITY/01_LITERAL_P2_LOCAL_LATTICE_THEOREM.md,,28dc8684,Filename/path inference; editable in the app
348881,work_packages/BSD_R5_RECIP_P2_NORMALIZED_RECIPROCITY/01_LITERAL_P2_LOCAL_LATTICE_THEOREM.md,General / shared,5126,Latest public revision collected separately; not an author-designated final | adcfa0537f43327f4bb9acfe1692f757fce353c4,https://codeload.github.com/grandchallenge/MATHSOLVE/zip/adcfa0537f43327f4bb9acfe1692f757fce353c4,,contestants/E10/13-archives/E10-grandchallenge-MATHSOLVE-adcfa0537f43327f4bb9acfe1692f757fce353c4.zip,MATHSOLVE-adcfa0537f43327f4bb9acfe1692f757fce353c4/work_packages/BSD_R5_RECIP_P2_NORMALIZED_RECIPROCITY/01_LITERAL_P2_LOCAL_LATTICE_THEOREM.md,,28dc8684,Filename/path inference; editable in the app
345776,work_packages/BSD_R5_RECIP_P2_NORMALIZED_RECIPROCITY/02_LITERAL_P2_SYMBOL_AND_RECIPROCITY_THEOREM.md,General / shared,6439,Pinned collected revision; final designation governed by team receipt | 2fd9fd643bf3e9e98d121dc2e7af1cf1be411ae2,https://codeload.github.com/grandchallenge/MATHSOLVE/zip/2fd9fd643bf3e9e98d121dc2e7af1cf1be411ae2,,contestants/E10/13-archives/E10-grandchallenge-MATHSOLVE-2fd9fd643bf3e9e98d121dc2e7af1cf1be411ae2.zip,MATHSOLVE-2fd9fd643bf3e9e98d121dc2e7af1cf1be411ae2/work_packages/BSD_R5_RECIP_P2_NORMALIZED_RECIPROCITY/02_LITERAL_P2_SYMBOL_AND_RECIPROCITY_THEOREM.md,,ed76cb83,Filename/path inference; editable in the app
348882,work_packages/BSD_R5_RECIP_P2_NORMALIZED_RECIPROCITY/02_LITERAL_P2_SYMBOL_AND_RECIPROCITY_THEOREM.md,General / shared,6439,Latest public revision collected separately; not an author-designated final | adcfa0537f43327f4bb9acfe1692f757fce353c4,https://codeload.github.com/grandchallenge/MATHSOLVE/zip/adcfa0537f43327f4bb9acfe1692f757fce353c4,,contestants/E10/13-archives/E10-grandchallenge-MATHSOLVE-adcfa0537f43327f4bb9acfe1692f757fce353c4.zip,MATHSOLVE-adcfa0537f43327f4bb9acfe1692f757fce353c4/work_packages/BSD_R5_RECIP_P2_NORMALIZED_RECIPROCITY/02_LITERAL_P2_SYMBOL_AND_RECIPROCITY_THEOREM.md,,ed76cb83,Filename/path inference; editable in the app
345779,work_packages/BSD_R5_RES_RESIDUAL_KATO_NONVANISHING/00_README.md,General / shared,2446,Pinned collected revision; final designation governed by team receipt | 2fd9fd643bf3e9e98d121dc2e7af1cf1be411ae2,https://codeload.github.com/grandchallenge/MATHSOLVE/zip/2fd9fd643bf3e9e98d121dc2e7af1cf1be411ae2,,contestants/E10/13-archives/E10-grandchallenge-MATHSOLVE-2fd9fd643bf3e9e98d121dc2e7af1cf1be411ae2.zip,MATHSOLVE-2fd9fd643bf3e9e98d121dc2e7af1cf1be411ae2/work_packages/BSD_R5_RES_RESIDUAL_KATO_NONVANISHING/00_README.md,,ba144131,Filename/path inference; editable in the app
348885,work_packages/BSD_R5_RES_RESIDUAL_KATO_NONVANISHING/00_README.md,General / shared,2446,Latest public revision collected separately; not an author-designated final | adcfa0537f43327f4bb9acfe1692f757fce353c4,https://codeload.github.com/grandchallenge/MATHSOLVE/zip/adcfa0537f43327f4bb9acfe1692f757fce353c4,,contestants/E10/13-archives/E10-grandchallenge-MATHSOLVE-adcfa0537f43327f4bb9acfe1692f757fce353c4.zip,MATHSOLVE-adcfa0537f43327f4bb9acfe1692f757fce353c4/work_packages/BSD_R5_RES_RESIDUAL_KATO_NONVANISHING/00_README.md,,ba144131,Filename/path inference; editable in the app
345780,work_packages/BSD_R5_RES_RESIDUAL_KATO_NONVANISHING/01_FINITE_LAYER_RESIDUAL_DETECTION_THEOREM.md,General / shared,5656,Pinned collected revision; final designation governed by team receipt | 2fd9fd643bf3e9e98d121dc2e7af1cf1be411ae2,https://codeload.github.com/grandchallenge/MATHSOLVE/zip/2fd9fd643bf3e9e98d121dc2e7af1cf1be411ae2,,contestants/E10/13-archives/E10-grandchallenge-MATHSOLVE-2fd9fd643bf3e9e98d121dc2e7af1cf1be411ae2.zip,MATHSOLVE-2fd9fd643bf3e9e98d121dc2e7af1cf1be411ae2/work_packages/BSD_R5_RES_RESIDUAL_KATO_NONVANISHING/01_FINITE_LAYER_RESIDUAL_DETECTION_THEOREM.md,,82beaa3c,Filename/path inference; editable in the app
348886,work_packages/BSD_R5_RES_RESIDUAL_KATO_NONVANISHING/01_FINITE_LAYER_RESIDUAL_DETECTION_THEOREM.md,General / shared,5656,Latest public revision collected separately; not an author-designated final | adcfa0537f43327f4bb9acfe1692f757fce353c4,https://codeload.github.com/grandchallenge/MATHSOLVE/zip/adcfa0537f43327f4bb9acfe1692f757fce353c4,,contestants/E10/13-archives/E10-grandchallenge-MATHSOLVE-adcfa0537f43327f4bb9acfe1692f757fce353c4.zip,MATHSOLVE-adcfa0537f43327f4bb9acfe1692f757fce353c4/work_packages/BSD_R5_RES_RESIDUAL_KATO_NONVANISHING/01_FINITE_LAYER_RESIDUAL_DETECTION_THEOREM.md,,82beaa3c,Filename/path inference; editable in the app
345781,work_packages/BSD_R5_RES_RESIDUAL_KATO_NONVANISHING/02_SOURCE_AND_BOUNDARY_NOTE.md,General / shared,3202,Pinned collected revision; final designation governed by team receipt | 2fd9fd643bf3e9e98d121dc2e7af1cf1be411ae2,https://codeload.github.com/grandchallenge/MATHSOLVE/zip/2fd9fd643bf3e9e98d121dc2e7af1cf1be411ae2,,contestants/E10/13-archives/E10-grandchallenge-MATHSOLVE-2fd9fd643bf3e9e98d121dc2e7af1cf1be411ae2.zip,MATHSOLVE-2fd9fd643bf3e9e98d121dc2e7af1cf1be411ae2/work_packages/BSD_R5_RES_RESIDUAL_KATO_NONVANISHING/02_SOURCE_AND_BOUNDARY_NOTE.md,,07d524a2,Filename/path inference; editable in the app
348887,work_packages/BSD_R5_RES_RESIDUAL_KATO_NONVANISHING/02_SOURCE_AND_BOUNDARY_NOTE.md,General / shared,3202,Latest public revision collected separately; not an author-designated final | adcfa0537f43327f4bb9acfe1692f757fce353c4,https://codeload.github.com/grandchallenge/MATHSOLVE/zip/adcfa0537f43327f4bb9acfe1692f757fce353c4,,contestants/E10/13-archives/E10-grandchallenge-MATHSOLVE-adcfa0537f43327f4bb9acfe1692f757fce353c4.zip,MATHSOLVE-adcfa0537f43327f4bb9acfe1692f757fce353c4/work_packages/BSD_R5_RES_RESIDUAL_KATO_NONVANISHING/02_SOURCE_AND_BOUNDARY_NOTE.md,,07d524a2,Filename/path inference; editable in the app
345784,work_packages/BSD_R5_WIT_NORMALIZED_KURIHARA_WITNESS/00_README.md,General / shared,2400,Pinned collected revision; final designation governed by team receipt | 2fd9fd643bf3e9e98d121dc2e7af1cf1be411ae2,https://codeload.github.com/grandchallenge/MATHSOLVE/zip/2fd9fd643bf3e9e98d121dc2e7af1cf1be411ae2,,contestants/E10/13-archives/E10-grandchallenge-MATHSOLVE-2fd9fd643bf3e9e98d121dc2e7af1cf1be411ae2.zip,MATHSOLVE-2fd9fd643bf3e9e98d121dc2e7af1cf1be411ae2/work_packages/BSD_R5_WIT_NORMALIZED_KURIHARA_WITNESS/00_README.md,,2587eed0,Filename/path inference; editable in the app
348890,work_packages/BSD_R5_WIT_NORMALIZED_KURIHARA_WITNESS/00_README.md,General / shared,2400,Latest public revision collected separately; not an author-designated final | adcfa0537f43327f4bb9acfe1692f757fce353c4,https://codeload.github.com/grandchallenge/MATHSOLVE/zip/adcfa0537f43327f4bb9acfe1692f757fce353c4,,contestants/E10/13-archives/E10-grandchallenge-MATHSOLVE-adcfa0537f43327f4bb9acfe1692f757fce353c4.zip,MATHSOLVE-adcfa0537f43327f4bb9acfe1692f757fce353c4/work_packages/BSD_R5_WIT_NORMALIZED_KURIHARA_WITNESS/00_README.md,,2587eed0,Filename/path inference; editable in the app
345785,work_packages/BSD_R5_WIT_NORMALIZED_KURIHARA_WITNESS/01_LOCAL_T2_CONTROL_THEOREM.md,General / shared,4065,Pinned collected revision; final designation governed by team receipt | 2fd9fd643bf3e9e98d121dc2e7af1cf1be411ae2,https://codeload.github.com/grandchallenge/MATHSOLVE/zip/2fd9fd643bf3e9e98d121dc2e7af1cf1be411ae2,,contestants/E10/13-archives/E10-grandchallenge-MATHSOLVE-2fd9fd643bf3e9e98d121dc2e7af1cf1be411ae2.zip,MATHSOLVE-2fd9fd643bf3e9e98d121dc2e7af1cf1be411ae2/work_packages/BSD_R5_WIT_NORMALIZED_KURIHARA_WITNESS/01_LOCAL_T2_CONTROL_THEOREM.md,,7073f914,Filename/path inference; editable in the app
348891,work_packages/BSD_R5_WIT_NORMALIZED_KURIHARA_WITNESS/01_LOCAL_T2_CONTROL_THEOREM.md,General / shared,4065,Latest public revision collected separately; not an author-designated final | adcfa0537f43327f4bb9acfe1692f757fce353c4,https://codeload.github.com/grandchallenge/MATHSOLVE/zip/adcfa0537f43327f4bb9acfe1692f757fce353c4,,contestants/E10/13-archives/E10-grandchallenge-MATHSOLVE-adcfa0537f43327f4bb9acfe1692f757fce353c4.zip,MATHSOLVE-adcfa0537f43327f4bb9acfe1692f757fce353c4/work_packages/BSD_R5_WIT_NORMALIZED_KURIHARA_WITNESS/01_LOCAL_T2_CONTROL_THEOREM.md,,7073f914,Filename/path inference; editable in the app
345787,work_packages/BSD_R5_WIT_NORMALIZED_KURIHARA_WITNESS/03_LOCAL_T2_79A1_THEOREM.md,General / shared,4065,Pinned collected revision; final designation governed by team receipt | 2fd9fd643bf3e9e98d121dc2e7af1cf1be411ae2,https://codeload.github.com/grandchallenge/MATHSOLVE/zip/2fd9fd643bf3e9e98d121dc2e7af1cf1be411ae2,,contestants/E10/13-archives/E10-grandchallenge-MATHSOLVE-2fd9fd643bf3e9e98d121dc2e7af1cf1be411ae2.zip,MATHSOLVE-2fd9fd643bf3e9e98d121dc2e7af1cf1be411ae2/work_packages/BSD_R5_WIT_NORMALIZED_KURIHARA_WITNESS/03_LOCAL_T2_79A1_THEOREM.md,,7ccb16eb,Filename/path inference; editable in the app
348893,work_packages/BSD_R5_WIT_NORMALIZED_KURIHARA_WITNESS/03_LOCAL_T2_79A1_THEOREM.md,General / shared,4065,Latest public revision collected separately; not an author-designated final | adcfa0537f43327f4bb9acfe1692f757fce353c4,https://codeload.github.com/grandchallenge/MATHSOLVE/zip/adcfa0537f43327f4bb9acfe1692f757fce353c4,,contestants/E10/13-archives/E10-grandchallenge-MATHSOLVE-adcfa0537f43327f4bb9acfe1692f757fce353c4.zip,MATHSOLVE-adcfa0537f43327f4bb9acfe1692f757fce353c4/work_packages/BSD_R5_WIT_NORMALIZED_KURIHARA_WITNESS/03_LOCAL_T2_79A1_THEOREM.md,,7ccb16eb,Filename/path inference; editable in the app
345791,work_packages/BSD_R5_WIT_NORMALIZED_KURIHARA_WITNESS/07_COHORT_AND_DIRECT_DETECTOR_BOUNDARY.md,General / shared,6627,Pinned collected revision; final designation governed by team receipt | 2fd9fd643bf3e9e98d121dc2e7af1cf1be411ae2,https://codeload.github.com/grandchallenge/MATHSOLVE/zip/2fd9fd643bf3e9e98d121dc2e7af1cf1be411ae2,,contestants/E10/13-archives/E10-grandchallenge-MATHSOLVE-2fd9fd643bf3e9e98d121dc2e7af1cf1be411ae2.zip,MATHSOLVE-2fd9fd643bf3e9e98d121dc2e7af1cf1be411ae2/work_packages/BSD_R5_WIT_NORMALIZED_KURIHARA_WITNESS/07_COHORT_AND_DIRECT_DETECTOR_BOUNDARY.md,,a71a51c2,Filename/path inference; editable in the app
348897,work_packages/BSD_R5_WIT_NORMALIZED_KURIHARA_WITNESS/07_COHORT_AND_DIRECT_DETECTOR_BOUNDARY.md,General / shared,6627,Latest public revision collected separately; not an author-designated final | adcfa0537f43327f4bb9acfe1692f757fce353c4,https://codeload.github.com/grandchallenge/MATHSOLVE/zip/adcfa0537f43327f4bb9acfe1692f757fce353c4,,contestants/E10/13-archives/E10-grandchallenge-MATHSOLVE-adcfa0537f43327f4bb9acfe1692f757fce353c4.zip,MATHSOLVE-adcfa0537f43327f4bb9acfe1692f757fce353c4/work_packages/BSD_R5_WIT_NORMALIZED_KURIHARA_WITNESS/07_COHORT_AND_DIRECT_DETECTOR_BOUNDARY.md,,a71a51c2,Filename/path inference; editable in the app
345794,work_packages/HC_R021_CM4_EIGHTFOLD_CODIM2.md,General / shared,12568,Pinned collected revision; final designation governed by team receipt | 2fd9fd643bf3e9e98d121dc2e7af1cf1be411ae2,https://codeload.github.com/grandchallenge/MATHSOLVE/zip/2fd9fd643bf3e9e98d121dc2e7af1cf1be411ae2,,contestants/E10/13-archives/E10-grandchallenge-MATHSOLVE-2fd9fd643bf3e9e98d121dc2e7af1cf1be411ae2.zip,MATHSOLVE-2fd9fd643bf3e9e98d121dc2e7af1cf1be411ae2/work_packages/HC_R021_CM4_EIGHTFOLD_CODIM2.md,,2ce09f80,Filename/path inference; editable in the app
348900,work_packages/HC_R021_CM4_EIGHTFOLD_CODIM2.md,General / shared,12568,Latest public revision collected separately; not an author-designated final | adcfa0537f43327f4bb9acfe1692f757fce353c4,https://codeload.github.com/grandchallenge/MATHSOLVE/zip/adcfa0537f43327f4bb9acfe1692f757fce353c4,,contestants/E10/13-archives/E10-grandchallenge-MATHSOLVE-adcfa0537f43327f4bb9acfe1692f757fce353c4.zip,MATHSOLVE-adcfa0537f43327f4bb9acfe1692f757fce353c4/work_packages/HC_R021_CM4_EIGHTFOLD_CODIM2.md,,2ce09f80,Filename/path inference; editable in the app
345795,work_packages/HC_R021_P4_ATIYAH_DATUM_BOUNDARY.md,General / shared,7491,Pinned collected revision; final designation governed by team receipt | 2fd9fd643bf3e9e98d121dc2e7af1cf1be411ae2,https://codeload.github.com/grandchallenge/MATHSOLVE/zip/2fd9fd643bf3e9e98d121dc2e7af1cf1be411ae2,,contestants/E10/13-archives/E10-grandchallenge-MATHSOLVE-2fd9fd643bf3e9e98d121dc2e7af1cf1be411ae2.zip,MATHSOLVE-2fd9fd643bf3e9e98d121dc2e7af1cf1be411ae2/work_packages/HC_R021_P4_ATIYAH_DATUM_BOUNDARY.md,,9f666d16,Filename/path inference; editable in the app
348901,work_packages/HC_R021_P4_ATIYAH_DATUM_BOUNDARY.md,General / shared,7491,Latest public revision collected separately; not an author-designated final | adcfa0537f43327f4bb9acfe1692f757fce353c4,https://codeload.github.com/grandchallenge/MATHSOLVE/zip/adcfa0537f43327f4bb9acfe1692f757fce353c4,,contestants/E10/13-archives/E10-grandchallenge-MATHSOLVE-adcfa0537f43327f4bb9acfe1692f757fce353c4.zip,MATHSOLVE-adcfa0537f43327f4bb9acfe1692f757fce353c4/work_packages/HC_R021_P4_ATIYAH_DATUM_BOUNDARY.md,,9f666d16,Filename/path inference; editable in the app
345796,work_packages/HC_R021_P4_ATIYAH_DETERMINANTAL_LOCUS.md,General / shared,6502,Pinned collected revision; final designation governed by team receipt | 2fd9fd643bf3e9e98d121dc2e7af1cf1be411ae2,https://codeload.github.com/grandchallenge/MATHSOLVE/zip/2fd9fd643bf3e9e98d121dc2e7af1cf1be411ae2,,contestants/E10/13-archives/E10-grandchallenge-MATHSOLVE-2fd9fd643bf3e9e98d121dc2e7af1cf1be411ae2.zip,MATHSOLVE-2fd9fd643bf3e9e98d121dc2e7af1cf1be411ae2/work_packages/HC_R021_P4_ATIYAH_DETERMINANTAL_LOCUS.md,,b0eb3f8a,Filename/path inference; editable in the app
348902,work_packages/HC_R021_P4_ATIYAH_DETERMINANTAL_LOCUS.md,General / shared,6502,Latest public revision collected separately; not an author-designated final | adcfa0537f43327f4bb9acfe1692f757fce353c4,https://codeload.github.com/grandchallenge/MATHSOLVE/zip/adcfa0537f43327f4bb9acfe1692f757fce353c4,,contestants/E10/13-archives/E10-grandchallenge-MATHSOLVE-adcfa0537f43327f4bb9acfe1692f757fce353c4.zip,MATHSOLVE-adcfa0537f43327f4bb9acfe1692f757fce353c4/work_packages/HC_R021_P4_ATIYAH_DETERMINANTAL_LOCUS.md,,b0eb3f8a,Filename/path inference; editable in the app
345797,work_packages/HC_R021_P4_ATIYAH_RANK_REDUCTION.md,General / shared,9282,Pinned collected revision; final designation governed by team receipt | 2fd9fd643bf3e9e98d121dc2e7af1cf1be411ae2,https://codeload.github.com/grandchallenge/MATHSOLVE/zip/2fd9fd643bf3e9e98d121dc2e7af1cf1be411ae2,,contestants/E10/13-archives/E10-grandchallenge-MATHSOLVE-2fd9fd643bf3e9e98d121dc2e7af1cf1be411ae2.zip,MATHSOLVE-2fd9fd643bf3e9e98d121dc2e7af1cf1be411ae2/work_packages/HC_R021_P4_ATIYAH_RANK_REDUCTION.md,,e243741f,Filename/path inference; editable in the app
348903,work_packages/HC_R021_P4_ATIYAH_RANK_REDUCTION.md,General / shared,9282,Latest public revision collected separately; not an author-designated final | adcfa0537f43327f4bb9acfe1692f757fce353c4,https://codeload.github.com/grandchallenge/MATHSOLVE/zip/adcfa0537f43327f4bb9acfe1692f757fce353c4,,contestants/E10/13-archives/E10-grandchallenge-MATHSOLVE-adcfa0537f43327f4bb9acfe1692f757fce353c4.zip,MATHSOLVE-adcfa0537f43327f4bb9acfe1692f757fce353c4/work_packages/HC_R021_P4_ATIYAH_RANK_REDUCTION.md,,e243741f,Filename/path inference; editable in the app
345798,work_packages/HC_R021_P4_CONTRACTION_RANK.md,General / shared,7472,Pinned collected revision; final designation governed by team receipt | 2fd9fd643bf3e9e98d121dc2e7af1cf1be411ae2,https://codeload.github.com/grandchallenge/MATHSOLVE/zip/2fd9fd643bf3e9e98d121dc2e7af1cf1be411ae2,,contestants/E10/13-archives/E10-grandchallenge-MATHSOLVE-2fd9fd643bf3e9e98d121dc2e7af1cf1be411ae2.zip,MATHSOLVE-2fd9fd643bf3e9e98d121dc2e7af1cf1be411ae2/work_packages/HC_R021_P4_CONTRACTION_RANK.md,,1b81cfc8,Filename/path inference; editable in the app
348904,work_packages/HC_R021_P4_CONTRACTION_RANK.md,General / shared,7472,Latest public revision collected separately; not an author-designated final | adcfa0537f43327f4bb9acfe1692f757fce353c4,https://codeload.github.com/grandchallenge/MATHSOLVE/zip/adcfa0537f43327f4bb9acfe1692f757fce353c4,,contestants/E10/13-archives/E10-grandchallenge-MATHSOLVE-adcfa0537f43327f4bb9acfe1692f757fce353c4.zip,MATHSOLVE-adcfa0537f43327f4bb9acfe1692f757fce353c4/work_packages/HC_R021_P4_CONTRACTION_RANK.md,,1b81cfc8,Filename/path inference; editable in the app
345799,work_packages/HC_R021_P4_EQUIVARIANT_DIMENSION_OBSTRUCTION.md,General / shared,6423,Pinned collected revision; final designation governed by team receipt | 2fd9fd643bf3e9e98d121dc2e7af1cf1be411ae2,https://codeload.github.com/grandchallenge/MATHSOLVE/zip/2fd9fd643bf3e9e98d121dc2e7af1cf1be411ae2,,contestants/E10/13-archives/E10-grandchallenge-MATHSOLVE-2fd9fd643bf3e9e98d121dc2e7af1cf1be411ae2.zip,MATHSOLVE-2fd9fd643bf3e9e98d121dc2e7af1cf1be411ae2/work_packages/HC_R021_P4_EQUIVARIANT_DIMENSION_OBSTRUCTION.md,,d42a3f90,Filename/path inference; editable in the app
348905,work_packages/HC_R021_P4_EQUIVARIANT_DIMENSION_OBSTRUCTION.md,General / shared,6423,Latest public revision collected separately; not an author-designated final | adcfa0537f43327f4bb9acfe1692f757fce353c4,https://codeload.github.com/grandchallenge/MATHSOLVE/zip/adcfa0537f43327f4bb9acfe1692f757fce353c4,,contestants/E10/13-archives/E10-grandchallenge-MATHSOLVE-adcfa0537f43327f4bb9acfe1692f757fce353c4.zip,MATHSOLVE-adcfa0537f43327f4bb9acfe1692f757fce353c4/work_packages/HC_R021_P4_EQUIVARIANT_DIMENSION_OBSTRUCTION.md,,d42a3f90,Filename/path inference; editable in the app
345800,work_packages/HC_R021_P4_GLUE_PARAMETER_STACK.md,General / shared,8681,Pinned collected revision; final designation governed by team receipt | 2fd9fd643bf3e9e98d121dc2e7af1cf1be411ae2,https://codeload.github.com/grandchallenge/MATHSOLVE/zip/2fd9fd643bf3e9e98d121dc2e7af1cf1be411ae2,,contestants/E10/13-archives/E10-grandchallenge-MATHSOLVE-2fd9fd643bf3e9e98d121dc2e7af1cf1be411ae2.zip,MATHSOLVE-2fd9fd643bf3e9e98d121dc2e7af1cf1be411ae2/work_packages/HC_R021_P4_GLUE_PARAMETER_STACK.md,,ad6a4869,Filename/path inference; editable in the app
348906,work_packages/HC_R021_P4_GLUE_PARAMETER_STACK.md,General / shared,8681,Latest public revision collected separately; not an author-designated final | adcfa0537f43327f4bb9acfe1692f757fce353c4,https://codeload.github.com/grandchallenge/MATHSOLVE/zip/adcfa0537f43327f4bb9acfe1692f757fce353c4,,contestants/E10/13-archives/E10-grandchallenge-MATHSOLVE-adcfa0537f43327f4bb9acfe1692f757fce353c4.zip,MATHSOLVE-adcfa0537f43327f4bb9acfe1692f757fce353c4/work_packages/HC_R021_P4_GLUE_PARAMETER_STACK.md,,ad6a4869,Filename/path inference; editable in the app
345801,work_packages/HC_R021_P4_PERRY_EQUIVARIANT_REDUCTION.md,General / shared,11367,Pinned collected revision; final designation governed by team receipt | 2fd9fd643bf3e9e98d121dc2e7af1cf1be411ae2,https://codeload.github.com/grandchallenge/MATHSOLVE/zip/2fd9fd643bf3e9e98d121dc2e7af1cf1be411ae2,,contestants/E10/13-archives/E10-grandchallenge-MATHSOLVE-2fd9fd643bf3e9e98d121dc2e7af1cf1be411ae2.zip,MATHSOLVE-2fd9fd643bf3e9e98d121dc2e7af1cf1be411ae2/work_packages/HC_R021_P4_PERRY_EQUIVARIANT_REDUCTION.md,,c6b0c7b1,Filename/path inference; editable in the app
348907,work_packages/HC_R021_P4_PERRY_EQUIVARIANT_REDUCTION.md,General / shared,11367,Latest public revision collected separately; not an author-designated final | adcfa0537f43327f4bb9acfe1692f757fce353c4,https://codeload.github.com/grandchallenge/MATHSOLVE/zip/adcfa0537f43327f4bb9acfe1692f757fce353c4,,contestants/E10/13-archives/E10-grandchallenge-MATHSOLVE-adcfa0537f43327f4bb9acfe1692f757fce353c4.zip,MATHSOLVE-adcfa0537f43327f4bb9acfe1692f757fce353c4/work_packages/HC_R021_P4_PERRY_EQUIVARIANT_REDUCTION.md,,c6b0c7b1,Filename/path inference; editable in the app
345802,work_packages/HC_R021_P4_SEMIREGULARITY_DIAGNOSTICS.md,General / shared,7925,Pinned collected revision; final designation governed by team receipt | 2fd9fd643bf3e9e98d121dc2e7af1cf1be411ae2,https://codeload.github.com/grandchallenge/MATHSOLVE/zip/2fd9fd643bf3e9e98d121dc2e7af1cf1be411ae2,,contestants/E10/13-archives/E10-grandchallenge-MATHSOLVE-2fd9fd643bf3e9e98d121dc2e7af1cf1be411ae2.zip,MATHSOLVE-2fd9fd643bf3e9e98d121dc2e7af1cf1be411ae2/work_packages/HC_R021_P4_SEMIREGULARITY_DIAGNOSTICS.md,,d94a0d30,Filename/path inference; editable in the app
348908,work_packages/HC_R021_P4_SEMIREGULARITY_DIAGNOSTICS.md,General / shared,7925,Latest public revision collected separately; not an author-designated final | adcfa0537f43327f4bb9acfe1692f757fce353c4,https://codeload.github.com/grandchallenge/MATHSOLVE/zip/adcfa0537f43327f4bb9acfe1692f757fce353c4,,contestants/E10/13-archives/E10-grandchallenge-MATHSOLVE-adcfa0537f43327f4bb9acfe1692f757fce353c4.zip,MATHSOLVE-adcfa0537f43327f4bb9acfe1692f757fce353c4/work_packages/HC_R021_P4_SEMIREGULARITY_DIAGNOSTICS.md,,d94a0d30,Filename/path inference; editable in the app
345803,work_packages/HC_WP00.md,General / shared,8858,Pinned collected revision; final designation governed by team receipt | 2fd9fd643bf3e9e98d121dc2e7af1cf1be411ae2,https://codeload.github.com/grandchallenge/MATHSOLVE/zip/2fd9fd643bf3e9e98d121dc2e7af1cf1be411ae2,,contestants/E10/13-archives/E10-grandchallenge-MATHSOLVE-2fd9fd643bf3e9e98d121dc2e7af1cf1be411ae2.zip,MATHSOLVE-2fd9fd643bf3e9e98d121dc2e7af1cf1be411ae2/work_packages/HC_WP00.md,,4598001b,Filename/path inference; editable in the app
348909,work_packages/HC_WP00.md,General / shared,8858,Latest public revision collected separately; not an author-designated final | adcfa0537f43327f4bb9acfe1692f757fce353c4,https://codeload.github.com/grandchallenge/MATHSOLVE/zip/adcfa0537f43327f4bb9acfe1692f757fce353c4,,contestants/E10/13-archives/E10-grandchallenge-MATHSOLVE-adcfa0537f43327f4bb9acfe1692f757fce353c4.zip,MATHSOLVE-adcfa0537f43327f4bb9acfe1692f757fce353c4/work_packages/HC_WP00.md,,4598001b,Filename/path inference; editable in the app
345804,work_packages/HC_WP00_STATEMENT_LATTICE_AND_DAG.md,General / shared,7910,Pinned collected revision; final designation governed by team receipt | 2fd9fd643bf3e9e98d121dc2e7af1cf1be411ae2,https://codeload.github.com/grandchallenge/MATHSOLVE/zip/2fd9fd643bf3e9e98d121dc2e7af1cf1be411ae2,,contestants/E10/13-archives/E10-grandchallenge-MATHSOLVE-2fd9fd643bf3e9e98d121dc2e7af1cf1be411ae2.zip,MATHSOLVE-2fd9fd643bf3e9e98d121dc2e7af1cf1be411ae2/work_packages/HC_WP00_STATEMENT_LATTICE_AND_DAG.md,,8beccda0,Filename/path inference; editable in the app
348910,work_packages/HC_WP00_STATEMENT_LATTICE_AND_DAG.md,General / shared,7910,Latest public revision collected separately; not an author-designated final | adcfa0537f43327f4bb9acfe1692f757fce353c4,https://codeload.github.com/grandchallenge/MATHSOLVE/zip/adcfa0537f43327f4bb9acfe1692f757fce353c4,,contestants/E10/13-archives/E10-grandchallenge-MATHSOLVE-adcfa0537f43327f4bb9acfe1692f757fce353c4.zip,MATHSOLVE-adcfa0537f43327f4bb9acfe1692f757fce353c4/work_packages/HC_WP00_STATEMENT_LATTICE_AND_DAG.md,,8beccda0,Filename/path inference; editable in the app
345805,work_packages/HC_WP01_FALSE_PROOF_ATLAS.md,General / shared,2268,Pinned collected revision; final designation governed by team receipt | 2fd9fd643bf3e9e98d121dc2e7af1cf1be411ae2,https://codeload.github.com/grandchallenge/MATHSOLVE/zip/2fd9fd643bf3e9e98d121dc2e7af1cf1be411ae2,,contestants/E10/13-archives/E10-grandchallenge-MATHSOLVE-2fd9fd643bf3e9e98d121dc2e7af1cf1be411ae2.zip,MATHSOLVE-2fd9fd643bf3e9e98d121dc2e7af1cf1be411ae2/work_packages/HC_WP01_FALSE_PROOF_ATLAS.md,,bffd4e0e,Filename/path inference; editable in the app
348911,work_packages/HC_WP01_FALSE_PROOF_ATLAS.md,General / shared,2268,Latest public revision collected separately; not an author-designated final | adcfa0537f43327f4bb9acfe1692f757fce353c4,https://codeload.github.com/grandchallenge/MATHSOLVE/zip/adcfa0537f43327f4bb9acfe1692f757fce353c4,,contestants/E10/13-archives/E10-grandchallenge-MATHSOLVE-adcfa0537f43327f4bb9acfe1692f757fce353c4.zip,MATHSOLVE-adcfa0537f43327f4bb9acfe1692f757fce353c4/work_packages/HC_WP01_FALSE_PROOF_ATLAS.md,,bffd4e0e,Filename/path inference; editable in the app
345807,work_packages/MS_FC_WP00_CANONICAL_RH_NS_TARGETS.md,General / shared,1771,Pinned collected revision; final designation governed by team receipt | 2fd9fd643bf3e9e98d121dc2e7af1cf1be411ae2,https://codeload.github.com/grandchallenge/MATHSOLVE/zip/2fd9fd643bf3e9e98d121dc2e7af1cf1be411ae2,,contestants/E10/13-archives/E10-grandchallenge-MATHSOLVE-2fd9fd643bf3e9e98d121dc2e7af1cf1be411ae2.zip,MATHSOLVE-2fd9fd643bf3e9e98d121dc2e7af1cf1be411ae2/work_packages/MS_FC_WP00_CANONICAL_RH_NS_TARGETS.md,,288801c7,Filename/path inference; editable in the app
348913,work_packages/MS_FC_WP00_CANONICAL_RH_NS_TARGETS.md,General / shared,1771,Latest public revision collected separately; not an author-designated final | adcfa0537f43327f4bb9acfe1692f757fce353c4,https://codeload.github.com/grandchallenge/MATHSOLVE/zip/adcfa0537f43327f4bb9acfe1692f757fce353c4,,contestants/E10/13-archives/E10-grandchallenge-MATHSOLVE-adcfa0537f43327f4bb9acfe1692f757fce353c4.zip,MATHSOLVE-adcfa0537f43327f4bb9acfe1692f757fce353c4/work_packages/MS_FC_WP00_CANONICAL_RH_NS_TARGETS.md,,288801c7,Filename/path inference; editable in the app
345808,work_packages/MS_FC_WP01_EXPANDED_FORMAL_CONJECTURES.md,General / shared,4468,Pinned collected revision; final designation governed by team receipt | 2fd9fd643bf3e9e98d121dc2e7af1cf1be411ae2,https://codeload.github.com/grandchallenge/MATHSOLVE/zip/2fd9fd643bf3e9e98d121dc2e7af1cf1be411ae2,,contestants/E10/13-archives/E10-grandchallenge-MATHSOLVE-2fd9fd643bf3e9e98d121dc2e7af1cf1be411ae2.zip,MATHSOLVE-2fd9fd643bf3e9e98d121dc2e7af1cf1be411ae2/work_packages/MS_FC_WP01_EXPANDED_FORMAL_CONJECTURES.md,,5c2961cb,Filename/path inference; editable in the app
348914,work_packages/MS_FC_WP01_EXPANDED_FORMAL_CONJECTURES.md,General / shared,4468,Latest public revision collected separately; not an author-designated final | adcfa0537f43327f4bb9acfe1692f757fce353c4,https://codeload.github.com/grandchallenge/MATHSOLVE/zip/adcfa0537f43327f4bb9acfe1692f757fce353c4,,contestants/E10/13-archives/E10-grandchallenge-MATHSOLVE-adcfa0537f43327f4bb9acfe1692f757fce353c4.zip,MATHSOLVE-adcfa0537f43327f4bb9acfe1692f757fce353c4/work_packages/MS_FC_WP01_EXPANDED_FORMAL_CONJECTURES.md,,5c2961cb,Filename/path inference; editable in the app
345809,work_packages/MS_ROUTE_STATE_001_PRODUCER_ADJUDICATOR_SPLIT.md,General / shared,4635,Pinned collected revision; final designation governed by team receipt | 2fd9fd643bf3e9e98d121dc2e7af1cf1be411ae2,https://codeload.github.com/grandchallenge/MATHSOLVE/zip/2fd9fd643bf3e9e98d121dc2e7af1cf1be411ae2,,contestants/E10/13-archives/E10-grandchallenge-MATHSOLVE-2fd9fd643bf3e9e98d121dc2e7af1cf1be411ae2.zip,MATHSOLVE-2fd9fd643bf3e9e98d121dc2e7af1cf1be411ae2/work_packages/MS_ROUTE_STATE_001_PRODUCER_ADJUDICATOR_SPLIT.md,,7fda8bcf,Filename/path inference; editable in the app
348915,work_packages/MS_ROUTE_STATE_001_PRODUCER_ADJUDICATOR_SPLIT.md,General / shared,4635,Latest public revision collected separately; not an author-designated final | adcfa0537f43327f4bb9acfe1692f757fce353c4,https://codeload.github.com/grandchallenge/MATHSOLVE/zip/adcfa0537f43327f4bb9acfe1692f757fce353c4,,contestants/E10/13-archives/E10-grandchallenge-MATHSOLVE-adcfa0537f43327f4bb9acfe1692f757fce353c4.zip,MATHSOLVE-adcfa0537f43327f4bb9acfe1692f757fce353c4/work_packages/MS_ROUTE_STATE_001_PRODUCER_ADJUDICATOR_SPLIT.md,,7fda8bcf,Filename/path inference; editable in the app
345810,work_packages/MS_UC_CLOSEOUT_001.md,General / shared,2993,Pinned collected revision; final designation governed by team receipt | 2fd9fd643bf3e9e98d121dc2e7af1cf1be411ae2,https://codeload.github.com/grandchallenge/MATHSOLVE/zip/2fd9fd643bf3e9e98d121dc2e7af1cf1be411ae2,,contestants/E10/13-archives/E10-grandchallenge-MATHSOLVE-2fd9fd643bf3e9e98d121dc2e7af1cf1be411ae2.zip,MATHSOLVE-2fd9fd643bf3e9e98d121dc2e7af1cf1be411ae2/work_packages/MS_UC_CLOSEOUT_001.md,,18a1f1c3,Filename/path inference; editable in the app
348916,work_packages/MS_UC_CLOSEOUT_001.md,General / shared,2993,Latest public revision collected separately; not an author-designated final | adcfa0537f43327f4bb9acfe1692f757fce353c4,https://codeload.github.com/grandchallenge/MATHSOLVE/zip/adcfa0537f43327f4bb9acfe1692f757fce353c4,,contestants/E10/13-archives/E10-grandchallenge-MATHSOLVE-adcfa0537f43327f4bb9acfe1692f757fce353c4.zip,MATHSOLVE-adcfa0537f43327f4bb9acfe1692f757fce353c4/work_packages/MS_UC_CLOSEOUT_001.md,,18a1f1c3,Filename/path inference; editable in the app
345811,work_packages/NS_CI_R014_A2_DIRECT_CRITICAL_INTEGRAL.md,General / shared,7920,Pinned collected revision; final designation governed by team receipt | 2fd9fd643bf3e9e98d121dc2e7af1cf1be411ae2,https://codeload.github.com/grandchallenge/MATHSOLVE/zip/2fd9fd643bf3e9e98d121dc2e7af1cf1be411ae2,,contestants/E10/13-archives/E10-grandchallenge-MATHSOLVE-2fd9fd643bf3e9e98d121dc2e7af1cf1be411ae2.zip,MATHSOLVE-2fd9fd643bf3e9e98d121dc2e7af1cf1be411ae2/work_packages/NS_CI_R014_A2_DIRECT_CRITICAL_INTEGRAL.md,,fd24daa2,Filename/path inference; editable in the app
348917,work_packages/NS_CI_R014_A2_DIRECT_CRITICAL_INTEGRAL.md,General / shared,7920,Latest public revision collected separately; not an author-designated final | adcfa0537f43327f4bb9acfe1692f757fce353c4,https://codeload.github.com/grandchallenge/MATHSOLVE/zip/adcfa0537f43327f4bb9acfe1692f757fce353c4,,contestants/E10/13-archives/E10-grandchallenge-MATHSOLVE-adcfa0537f43327f4bb9acfe1692f757fce353c4.zip,MATHSOLVE-adcfa0537f43327f4bb9acfe1692f757fce353c4/work_packages/NS_CI_R014_A2_DIRECT_CRITICAL_INTEGRAL.md,,fd24daa2,Filename/path inference; editable in the app
345812,work_packages/NS_CI_R014_A2_DISSIPATION_WAVENUMBER.md,General / shared,7061,Pinned collected revision; final designation governed by team receipt | 2fd9fd643bf3e9e98d121dc2e7af1cf1be411ae2,https://codeload.github.com/grandchallenge/MATHSOLVE/zip/2fd9fd643bf3e9e98d121dc2e7af1cf1be411ae2,,contestants/E10/13-archives/E10-grandchallenge-MATHSOLVE-2fd9fd643bf3e9e98d121dc2e7af1cf1be411ae2.zip,MATHSOLVE-2fd9fd643bf3e9e98d121dc2e7af1cf1be411ae2/work_packages/NS_CI_R014_A2_DISSIPATION_WAVENUMBER.md,,e5f1d08c,Filename/path inference; editable in the app
348918,work_packages/NS_CI_R014_A2_DISSIPATION_WAVENUMBER.md,General / shared,7061,Latest public revision collected separately; not an author-designated final | adcfa0537f43327f4bb9acfe1692f757fce353c4,https://codeload.github.com/grandchallenge/MATHSOLVE/zip/adcfa0537f43327f4bb9acfe1692f757fce353c4,,contestants/E10/13-archives/E10-grandchallenge-MATHSOLVE-adcfa0537f43327f4bb9acfe1692f757fce353c4.zip,MATHSOLVE-adcfa0537f43327f4bb9acfe1692f757fce353c4/work_packages/NS_CI_R014_A2_DISSIPATION_WAVENUMBER.md,,e5f1d08c,Filename/path inference; editable in the app
345813,work_packages/NS_CI_R014_A2_ENERGY_CLASS_PERSISTENCE.md,General / shared,7591,Pinned collected revision; final designation governed by team receipt | 2fd9fd643bf3e9e98d121dc2e7af1cf1be411ae2,https://codeload.github.com/grandchallenge/MATHSOLVE/zip/2fd9fd643bf3e9e98d121dc2e7af1cf1be411ae2,,contestants/E10/13-archives/E10-grandchallenge-MATHSOLVE-2fd9fd643bf3e9e98d121dc2e7af1cf1be411ae2.zip,MATHSOLVE-2fd9fd643bf3e9e98d121dc2e7af1cf1be411ae2/work_packages/NS_CI_R014_A2_ENERGY_CLASS_PERSISTENCE.md,,dd478668,Filename/path inference; editable in the app
348919,work_packages/NS_CI_R014_A2_ENERGY_CLASS_PERSISTENCE.md,General / shared,7591,Latest public revision collected separately; not an author-designated final | adcfa0537f43327f4bb9acfe1692f757fce353c4,https://codeload.github.com/grandchallenge/MATHSOLVE/zip/adcfa0537f43327f4bb9acfe1692f757fce353c4,,contestants/E10/13-archives/E10-grandchallenge-MATHSOLVE-adcfa0537f43327f4bb9acfe1692f757fce353c4.zip,MATHSOLVE-adcfa0537f43327f4bb9acfe1692f757fce353c4/work_packages/NS_CI_R014_A2_ENERGY_CLASS_PERSISTENCE.md,,dd478668,Filename/path inference; editable in the app
345814,work_packages/NS_CI_R014_A2_FORCING_DEFECT.md,General / shared,9234,Pinned collected revision; final designation governed by team receipt | 2fd9fd643bf3e9e98d121dc2e7af1cf1be411ae2,https://codeload.github.com/grandchallenge/MATHSOLVE/zip/2fd9fd643bf3e9e98d121dc2e7af1cf1be411ae2,,contestants/E10/13-archives/E10-grandchallenge-MATHSOLVE-2fd9fd643bf3e9e98d121dc2e7af1cf1be411ae2.zip,MATHSOLVE-2fd9fd643bf3e9e98d121dc2e7af1cf1be411ae2/work_packages/NS_CI_R014_A2_FORCING_DEFECT.md,,3c3f0b61,Filename/path inference; editable in the app
348920,work_packages/NS_CI_R014_A2_FORCING_DEFECT.md,General / shared,9234,Latest public revision collected separately; not an author-designated final | adcfa0537f43327f4bb9acfe1692f757fce353c4,https://codeload.github.com/grandchallenge/MATHSOLVE/zip/adcfa0537f43327f4bb9acfe1692f757fce353c4,,contestants/E10/13-archives/E10-grandchallenge-MATHSOLVE-adcfa0537f43327f4bb9acfe1692f757fce353c4.zip,MATHSOLVE-adcfa0537f43327f4bb9acfe1692f757fce353c4/work_packages/NS_CI_R014_A2_FORCING_DEFECT.md,,3c3f0b61,Filename/path inference; editable in the app
345815,work_packages/NS_CI_R014_A2_L3_REFEREE_CLOSURE.md,General / shared,7162,Pinned collected revision; final designation governed by team receipt | 2fd9fd643bf3e9e98d121dc2e7af1cf1be411ae2,https://codeload.github.com/grandchallenge/MATHSOLVE/zip/2fd9fd643bf3e9e98d121dc2e7af1cf1be411ae2,,contestants/E10/13-archives/E10-grandchallenge-MATHSOLVE-2fd9fd643bf3e9e98d121dc2e7af1cf1be411ae2.zip,MATHSOLVE-2fd9fd643bf3e9e98d121dc2e7af1cf1be411ae2/work_packages/NS_CI_R014_A2_L3_REFEREE_CLOSURE.md,,9333a7b6,Filename/path inference; editable in the app
348921,work_packages/NS_CI_R014_A2_L3_REFEREE_CLOSURE.md,General / shared,7162,Latest public revision collected separately; not an author-designated final | adcfa0537f43327f4bb9acfe1692f757fce353c4,https://codeload.github.com/grandchallenge/MATHSOLVE/zip/adcfa0537f43327f4bb9acfe1692f757fce353c4,,contestants/E10/13-archives/E10-grandchallenge-MATHSOLVE-adcfa0537f43327f4bb9acfe1692f757fce353c4.zip,MATHSOLVE-adcfa0537f43327f4bb9acfe1692f757fce353c4/work_packages/NS_CI_R014_A2_L3_REFEREE_CLOSURE.md,,9333a7b6,Filename/path inference; editable in the app
345816,work_packages/NS_CI_R014_A2_L4_SIGNED_DECORRELATION.md,General / shared,14587,Pinned collected revision; final designation governed by team receipt | 2fd9fd643bf3e9e98d121dc2e7af1cf1be411ae2,https://codeload.github.com/grandchallenge/MATHSOLVE/zip/2fd9fd643bf3e9e98d121dc2e7af1cf1be411ae2,,contestants/E10/13-archives/E10-grandchallenge-MATHSOLVE-2fd9fd643bf3e9e98d121dc2e7af1cf1be411ae2.zip,MATHSOLVE-2fd9fd643bf3e9e98d121dc2e7af1cf1be411ae2/work_packages/NS_CI_R014_A2_L4_SIGNED_DECORRELATION.md,,a837fce7,Filename/path inference; editable in the app
348922,work_packages/NS_CI_R014_A2_L4_SIGNED_DECORRELATION.md,General / shared,14587,Latest public revision collected separately; not an author-designated final | adcfa0537f43327f4bb9acfe1692f757fce353c4,https://codeload.github.com/grandchallenge/MATHSOLVE/zip/adcfa0537f43327f4bb9acfe1692f757fce353c4,,contestants/E10/13-archives/E10-grandchallenge-MATHSOLVE-adcfa0537f43327f4bb9acfe1692f757fce353c4.zip,MATHSOLVE-adcfa0537f43327f4bb9acfe1692f757fce353c4/work_packages/NS_CI_R014_A2_L4_SIGNED_DECORRELATION.md,,a837fce7,Filename/path inference; editable in the app
345817,work_packages/NS_CI_R014_A2_L4_SOURCE_SCALING_ENVELOPE.md,General / shared,13878,Pinned collected revision; final designation governed by team receipt | 2fd9fd643bf3e9e98d121dc2e7af1cf1be411ae2,https://codeload.github.com/grandchallenge/MATHSOLVE/zip/2fd9fd643bf3e9e98d121dc2e7af1cf1be411ae2,,contestants/E10/13-archives/E10-grandchallenge-MATHSOLVE-2fd9fd643bf3e9e98d121dc2e7af1cf1be411ae2.zip,MATHSOLVE-2fd9fd643bf3e9e98d121dc2e7af1cf1be411ae2/work_packages/NS_CI_R014_A2_L4_SOURCE_SCALING_ENVELOPE.md,,8d6e06b5,Filename/path inference; editable in the app
348923,work_packages/NS_CI_R014_A2_L4_SOURCE_SCALING_ENVELOPE.md,General / shared,13878,Latest public revision collected separately; not an author-designated final | adcfa0537f43327f4bb9acfe1692f757fce353c4,https://codeload.github.com/grandchallenge/MATHSOLVE/zip/adcfa0537f43327f4bb9acfe1692f757fce353c4,,contestants/E10/13-archives/E10-grandchallenge-MATHSOLVE-adcfa0537f43327f4bb9acfe1692f757fce353c4.zip,MATHSOLVE-adcfa0537f43327f4bb9acfe1692f757fce353c4/work_packages/NS_CI_R014_A2_L4_SOURCE_SCALING_ENVELOPE.md,,8d6e06b5,Filename/path inference; editable in the app
345818,work_packages/NS_CI_R014_A2_L4_WEIGHTED_COLUMN.md,General / shared,11302,Pinned collected revision; final designation governed by team receipt | 2fd9fd643bf3e9e98d121dc2e7af1cf1be411ae2,https://codeload.github.com/grandchallenge/MATHSOLVE/zip/2fd9fd643bf3e9e98d121dc2e7af1cf1be411ae2,,contestants/E10/13-archives/E10-grandchallenge-MATHSOLVE-2fd9fd643bf3e9e98d121dc2e7af1cf1be411ae2.zip,MATHSOLVE-2fd9fd643bf3e9e98d121dc2e7af1cf1be411ae2/work_packages/NS_CI_R014_A2_L4_WEIGHTED_COLUMN.md,,92c38a1c,Filename/path inference; editable in the app
348924,work_packages/NS_CI_R014_A2_L4_WEIGHTED_COLUMN.md,General / shared,11302,Latest public revision collected separately; not an author-designated final | adcfa0537f43327f4bb9acfe1692f757fce353c4,https://codeload.github.com/grandchallenge/MATHSOLVE/zip/adcfa0537f43327f4bb9acfe1692f757fce353c4,,contestants/E10/13-archives/E10-grandchallenge-MATHSOLVE-adcfa0537f43327f4bb9acfe1692f757fce353c4.zip,MATHSOLVE-adcfa0537f43327f4bb9acfe1692f757fce353c4/work_packages/NS_CI_R014_A2_L4_WEIGHTED_COLUMN.md,,92c38a1c,Filename/path inference; editable in the app
345819,work_packages/NS_CI_R014_A2_L5_10_FIELD_CALIBRATION_FREQUENCY_SCALE_HANDOFF.md,General / shared,19266,Pinned collected revision; final designation governed by team receipt | 2fd9fd643bf3e9e98d121dc2e7af1cf1be411ae2,https://codeload.github.com/grandchallenge/MATHSOLVE/zip/2fd9fd643bf3e9e98d121dc2e7af1cf1be411ae2,,contestants/E10/13-archives/E10-grandchallenge-MATHSOLVE-2fd9fd643bf3e9e98d121dc2e7af1cf1be411ae2.zip,MATHSOLVE-2fd9fd643bf3e9e98d121dc2e7af1cf1be411ae2/work_packages/NS_CI_R014_A2_L5_10_FIELD_CALIBRATION_FREQUENCY_SCALE_HANDOFF.md,,626eb4ee,Filename/path inference; editable in the app
348925,work_packages/NS_CI_R014_A2_L5_10_FIELD_CALIBRATION_FREQUENCY_SCALE_HANDOFF.md,General / shared,19266,Latest public revision collected separately; not an author-designated final | adcfa0537f43327f4bb9acfe1692f757fce353c4,https://codeload.github.com/grandchallenge/MATHSOLVE/zip/adcfa0537f43327f4bb9acfe1692f757fce353c4,,contestants/E10/13-archives/E10-grandchallenge-MATHSOLVE-adcfa0537f43327f4bb9acfe1692f757fce353c4.zip,MATHSOLVE-adcfa0537f43327f4bb9acfe1692f757fce353c4/work_packages/NS_CI_R014_A2_L5_10_FIELD_CALIBRATION_FREQUENCY_SCALE_HANDOFF.md,,626eb4ee,Filename/path inference; editable in the app
345820,work_packages/NS_CI_R014_A2_L5_11_FORCED_CORE_SHELL_CALIBRATION.md,General / shared,13576,Pinned collected revision; final designation governed by team receipt | 2fd9fd643bf3e9e98d121dc2e7af1cf1be411ae2,https://codeload.github.com/grandchallenge/MATHSOLVE/zip/2fd9fd643bf3e9e98d121dc2e7af1cf1be411ae2,,contestants/E10/13-archives/E10-grandchallenge-MATHSOLVE-2fd9fd643bf3e9e98d121dc2e7af1cf1be411ae2.zip,MATHSOLVE-2fd9fd643bf3e9e98d121dc2e7af1cf1be411ae2/work_packages/NS_CI_R014_A2_L5_11_FORCED_CORE_SHELL_CALIBRATION.md,,5c44d08c,Filename/path inference; editable in the app
348926,work_packages/NS_CI_R014_A2_L5_11_FORCED_CORE_SHELL_CALIBRATION.md,General / shared,13576,Latest public revision collected separately; not an author-designated final | adcfa0537f43327f4bb9acfe1692f757fce353c4,https://codeload.github.com/grandchallenge/MATHSOLVE/zip/adcfa0537f43327f4bb9acfe1692f757fce353c4,,contestants/E10/13-archives/E10-grandchallenge-MATHSOLVE-adcfa0537f43327f4bb9acfe1692f757fce353c4.zip,MATHSOLVE-adcfa0537f43327f4bb9acfe1692f757fce353c4/work_packages/NS_CI_R014_A2_L5_11_FORCED_CORE_SHELL_CALIBRATION.md,,5c44d08c,Filename/path inference; editable in the app
345822,work_packages/NS_CI_R014_A2_L5_12_FREQUENCY_SCALE_TRANSPLANT_BOUNDARY.md,General / shared,12617,Pinned collected revision; final designation governed by team receipt | 2fd9fd643bf3e9e98d121dc2e7af1cf1be411ae2,https://codeload.github.com/grandchallenge/MATHSOLVE/zip/2fd9fd643bf3e9e98d121dc2e7af1cf1be411ae2,,contestants/E10/13-archives/E10-grandchallenge-MATHSOLVE-2fd9fd643bf3e9e98d121dc2e7af1cf1be411ae2.zip,MATHSOLVE-2fd9fd643bf3e9e98d121dc2e7af1cf1be411ae2/work_packages/NS_CI_R014_A2_L5_12_FREQUENCY_SCALE_TRANSPLANT_BOUNDARY.md,,5ecf9491,Filename/path inference; editable in the app
348928,work_packages/NS_CI_R014_A2_L5_12_FREQUENCY_SCALE_TRANSPLANT_BOUNDARY.md,General / shared,12617,Latest public revision collected separately; not an author-designated final | adcfa0537f43327f4bb9acfe1692f757fce353c4,https://codeload.github.com/grandchallenge/MATHSOLVE/zip/adcfa0537f43327f4bb9acfe1692f757fce353c4,,contestants/E10/13-archives/E10-grandchallenge-MATHSOLVE-adcfa0537f43327f4bb9acfe1692f757fce353c4.zip,MATHSOLVE-adcfa0537f43327f4bb9acfe1692f757fce353c4/work_packages/NS_CI_R014_A2_L5_12_FREQUENCY_SCALE_TRANSPLANT_BOUNDARY.md,,5ecf9491,Filename/path inference; editable in the app
345824,work_packages/NS_CI_R014_A2_L5_14_C2_ACTIVE_BAND_REDUCTION.md,General / shared,10530,Pinned collected revision; final designation governed by team receipt | 2fd9fd643bf3e9e98d121dc2e7af1cf1be411ae2,https://codeload.github.com/grandchallenge/MATHSOLVE/zip/2fd9fd643bf3e9e98d121dc2e7af1cf1be411ae2,,contestants/E10/13-archives/E10-grandchallenge-MATHSOLVE-2fd9fd643bf3e9e98d121dc2e7af1cf1be411ae2.zip,MATHSOLVE-2fd9fd643bf3e9e98d121dc2e7af1cf1be411ae2/work_packages/NS_CI_R014_A2_L5_14_C2_ACTIVE_BAND_REDUCTION.md,,fd955ada,Filename/path inference; editable in the app
348930,work_packages/NS_CI_R014_A2_L5_14_C2_ACTIVE_BAND_REDUCTION.md,General / shared,10530,Latest public revision collected separately; not an author-designated final | adcfa0537f43327f4bb9acfe1692f757fce353c4,https://codeload.github.com/grandchallenge/MATHSOLVE/zip/adcfa0537f43327f4bb9acfe1692f757fce353c4,,contestants/E10/13-archives/E10-grandchallenge-MATHSOLVE-adcfa0537f43327f4bb9acfe1692f757fce353c4.zip,MATHSOLVE-adcfa0537f43327f4bb9acfe1692f757fce353c4/work_packages/NS_CI_R014_A2_L5_14_C2_ACTIVE_BAND_REDUCTION.md,,fd955ada,Filename/path inference; editable in the app
345826,work_packages/NS_CI_R014_A2_L5_16_C2_SAME_BAND_MILD_OBSTRUCTION.md,General / shared,11612,Pinned collected revision; final designation governed by team receipt | 2fd9fd643bf3e9e98d121dc2e7af1cf1be411ae2,https://codeload.github.com/grandchallenge/MATHSOLVE/zip/2fd9fd643bf3e9e98d121dc2e7af1cf1be411ae2,,contestants/E10/13-archives/E10-grandchallenge-MATHSOLVE-2fd9fd643bf3e9e98d121dc2e7af1cf1be411ae2.zip,MATHSOLVE-2fd9fd643bf3e9e98d121dc2e7af1cf1be411ae2/work_packages/NS_CI_R014_A2_L5_16_C2_SAME_BAND_MILD_OBSTRUCTION.md,,001809ff,Filename/path inference; editable in the app
348932,work_packages/NS_CI_R014_A2_L5_16_C2_SAME_BAND_MILD_OBSTRUCTION.md,General / shared,11612,Latest public revision collected separately; not an author-designated final | adcfa0537f43327f4bb9acfe1692f757fce353c4,https://codeload.github.com/grandchallenge/MATHSOLVE/zip/adcfa0537f43327f4bb9acfe1692f757fce353c4,,contestants/E10/13-archives/E10-grandchallenge-MATHSOLVE-adcfa0537f43327f4bb9acfe1692f757fce353c4.zip,MATHSOLVE-adcfa0537f43327f4bb9acfe1692f757fce353c4/work_packages/NS_CI_R014_A2_L5_16_C2_SAME_BAND_MILD_OBSTRUCTION.md,,001809ff,Filename/path inference; editable in the app
345827,work_packages/NS_CI_R014_A2_L5_17_C2_INSTANTANEOUS_CROSS_LEVEL.md,General / shared,11070,Pinned collected revision; final designation governed by team receipt | 2fd9fd643bf3e9e98d121dc2e7af1cf1be411ae2,https://codeload.github.com/grandchallenge/MATHSOLVE/zip/2fd9fd643bf3e9e98d121dc2e7af1cf1be411ae2,,contestants/E10/13-archives/E10-grandchallenge-MATHSOLVE-2fd9fd643bf3e9e98d121dc2e7af1cf1be411ae2.zip,MATHSOLVE-2fd9fd643bf3e9e98d121dc2e7af1cf1be411ae2/work_packages/NS_CI_R014_A2_L5_17_C2_INSTANTANEOUS_CROSS_LEVEL.md,,03ca40ca,Filename/path inference; editable in the app
348933,work_packages/NS_CI_R014_A2_L5_17_C2_INSTANTANEOUS_CROSS_LEVEL.md,General / shared,11070,Latest public revision collected separately; not an author-designated final | adcfa0537f43327f4bb9acfe1692f757fce353c4,https://codeload.github.com/grandchallenge/MATHSOLVE/zip/adcfa0537f43327f4bb9acfe1692f757fce353c4,,contestants/E10/13-archives/E10-grandchallenge-MATHSOLVE-adcfa0537f43327f4bb9acfe1692f757fce353c4.zip,MATHSOLVE-adcfa0537f43327f4bb9acfe1692f757fce353c4/work_packages/NS_CI_R014_A2_L5_17_C2_INSTANTANEOUS_CROSS_LEVEL.md,,03ca40ca,Filename/path inference; editable in the app
345828,work_packages/NS_CI_R014_A2_L5_18_C2_TEMPORAL_LEAKAGE.md,General / shared,11668,Pinned collected revision; final designation governed by team receipt | 2fd9fd643bf3e9e98d121dc2e7af1cf1be411ae2,https://codeload.github.com/grandchallenge/MATHSOLVE/zip/2fd9fd643bf3e9e98d121dc2e7af1cf1be411ae2,,contestants/E10/13-archives/E10-grandchallenge-MATHSOLVE-2fd9fd643bf3e9e98d121dc2e7af1cf1be411ae2.zip,MATHSOLVE-2fd9fd643bf3e9e98d121dc2e7af1cf1be411ae2/work_packages/NS_CI_R014_A2_L5_18_C2_TEMPORAL_LEAKAGE.md,,51ec97e8,Filename/path inference; editable in the app
348934,work_packages/NS_CI_R014_A2_L5_18_C2_TEMPORAL_LEAKAGE.md,General / shared,11668,Latest public revision collected separately; not an author-designated final | adcfa0537f43327f4bb9acfe1692f757fce353c4,https://codeload.github.com/grandchallenge/MATHSOLVE/zip/adcfa0537f43327f4bb9acfe1692f757fce353c4,,contestants/E10/13-archives/E10-grandchallenge-MATHSOLVE-adcfa0537f43327f4bb9acfe1692f757fce353c4.zip,MATHSOLVE-adcfa0537f43327f4bb9acfe1692f757fce353c4/work_packages/NS_CI_R014_A2_L5_18_C2_TEMPORAL_LEAKAGE.md,,51ec97e8,Filename/path inference; editable in the app
345829,work_packages/NS_CI_R014_A2_L5_19_C2_FIXED_DISTANCE_AMPLITUDE.md,General / shared,14694,Pinned collected revision; final designation governed by team receipt | 2fd9fd643bf3e9e98d121dc2e7af1cf1be411ae2,https://codeload.github.com/grandchallenge/MATHSOLVE/zip/2fd9fd643bf3e9e98d121dc2e7af1cf1be411ae2,,contestants/E10/13-archives/E10-grandchallenge-MATHSOLVE-2fd9fd643bf3e9e98d121dc2e7af1cf1be411ae2.zip,MATHSOLVE-2fd9fd643bf3e9e98d121dc2e7af1cf1be411ae2/work_packages/NS_CI_R014_A2_L5_19_C2_FIXED_DISTANCE_AMPLITUDE.md,,4f464ada,Filename/path inference; editable in the app
348935,work_packages/NS_CI_R014_A2_L5_19_C2_FIXED_DISTANCE_AMPLITUDE.md,General / shared,14694,Latest public revision collected separately; not an author-designated final | adcfa0537f43327f4bb9acfe1692f757fce353c4,https://codeload.github.com/grandchallenge/MATHSOLVE/zip/adcfa0537f43327f4bb9acfe1692f757fce353c4,,contestants/E10/13-archives/E10-grandchallenge-MATHSOLVE-adcfa0537f43327f4bb9acfe1692f757fce353c4.zip,MATHSOLVE-adcfa0537f43327f4bb9acfe1692f757fce353c4/work_packages/NS_CI_R014_A2_L5_19_C2_FIXED_DISTANCE_AMPLITUDE.md,,4f464ada,Filename/path inference; editable in the app
345830,work_packages/NS_CI_R014_A2_L5_20_C2_DISTANCE_SOBLEV_TAIL.md,General / shared,12714,Pinned collected revision; final designation governed by team receipt | 2fd9fd643bf3e9e98d121dc2e7af1cf1be411ae2,https://codeload.github.com/grandchallenge/MATHSOLVE/zip/2fd9fd643bf3e9e98d121dc2e7af1cf1be411ae2,,contestants/E10/13-archives/E10-grandchallenge-MATHSOLVE-2fd9fd643bf3e9e98d121dc2e7af1cf1be411ae2.zip,MATHSOLVE-2fd9fd643bf3e9e98d121dc2e7af1cf1be411ae2/work_packages/NS_CI_R014_A2_L5_20_C2_DISTANCE_SOBLEV_TAIL.md,,991864a8,Filename/path inference; editable in the app
348936,work_packages/NS_CI_R014_A2_L5_20_C2_DISTANCE_SOBLEV_TAIL.md,General / shared,12714,Latest public revision collected separately; not an author-designated final | adcfa0537f43327f4bb9acfe1692f757fce353c4,https://codeload.github.com/grandchallenge/MATHSOLVE/zip/adcfa0537f43327f4bb9acfe1692f757fce353c4,,contestants/E10/13-archives/E10-grandchallenge-MATHSOLVE-adcfa0537f43327f4bb9acfe1692f757fce353c4.zip,MATHSOLVE-adcfa0537f43327f4bb9acfe1692f757fce353c4/work_packages/NS_CI_R014_A2_L5_20_C2_DISTANCE_SOBLEV_TAIL.md,,991864a8,Filename/path inference; editable in the app
345831,work_packages/NS_CI_R014_A2_L5_21_C2_CUMULATIVE_FLUX_OBSTRUCTION.md,General / shared,12878,Pinned collected revision; final designation governed by team receipt | 2fd9fd643bf3e9e98d121dc2e7af1cf1be411ae2,https://codeload.github.com/grandchallenge/MATHSOLVE/zip/2fd9fd643bf3e9e98d121dc2e7af1cf1be411ae2,,contestants/E10/13-archives/E10-grandchallenge-MATHSOLVE-2fd9fd643bf3e9e98d121dc2e7af1cf1be411ae2.zip,MATHSOLVE-2fd9fd643bf3e9e98d121dc2e7af1cf1be411ae2/work_packages/NS_CI_R014_A2_L5_21_C2_CUMULATIVE_FLUX_OBSTRUCTION.md,,9b818a36,Filename/path inference; editable in the app
348937,work_packages/NS_CI_R014_A2_L5_21_C2_CUMULATIVE_FLUX_OBSTRUCTION.md,General / shared,12878,Latest public revision collected separately; not an author-designated final | adcfa0537f43327f4bb9acfe1692f757fce353c4,https://codeload.github.com/grandchallenge/MATHSOLVE/zip/adcfa0537f43327f4bb9acfe1692f757fce353c4,,contestants/E10/13-archives/E10-grandchallenge-MATHSOLVE-adcfa0537f43327f4bb9acfe1692f757fce353c4.zip,MATHSOLVE-adcfa0537f43327f4bb9acfe1692f757fce353c4/work_packages/NS_CI_R014_A2_L5_21_C2_CUMULATIVE_FLUX_OBSTRUCTION.md,,9b818a36,Filename/path inference; editable in the app
345832,work_packages/NS_CI_R014_A2_L5_22_C2_TRIAD_COHERENCE.md,General / shared,13325,Pinned collected revision; final designation governed by team receipt | 2fd9fd643bf3e9e98d121dc2e7af1cf1be411ae2,https://codeload.github.com/grandchallenge/MATHSOLVE/zip/2fd9fd643bf3e9e98d121dc2e7af1cf1be411ae2,,contestants/E10/13-archives/E10-grandchallenge-MATHSOLVE-2fd9fd643bf3e9e98d121dc2e7af1cf1be411ae2.zip,MATHSOLVE-2fd9fd643bf3e9e98d121dc2e7af1cf1be411ae2/work_packages/NS_CI_R014_A2_L5_22_C2_TRIAD_COHERENCE.md,,0a28b403,Filename/path inference; editable in the app
348938,work_packages/NS_CI_R014_A2_L5_22_C2_TRIAD_COHERENCE.md,General / shared,13325,Latest public revision collected separately; not an author-designated final | adcfa0537f43327f4bb9acfe1692f757fce353c4,https://codeload.github.com/grandchallenge/MATHSOLVE/zip/adcfa0537f43327f4bb9acfe1692f757fce353c4,,contestants/E10/13-archives/E10-grandchallenge-MATHSOLVE-adcfa0537f43327f4bb9acfe1692f757fce353c4.zip,MATHSOLVE-adcfa0537f43327f4bb9acfe1692f757fce353c4/work_packages/NS_CI_R014_A2_L5_22_C2_TRIAD_COHERENCE.md,,0a28b403,Filename/path inference; editable in the app
345833,work_packages/NS_CI_R014_A2_L5_23_C2_SHEAR_PHASE_LOCK.md,General / shared,12449,Pinned collected revision; final designation governed by team receipt | 2fd9fd643bf3e9e98d121dc2e7af1cf1be411ae2,https://codeload.github.com/grandchallenge/MATHSOLVE/zip/2fd9fd643bf3e9e98d121dc2e7af1cf1be411ae2,,contestants/E10/13-archives/E10-grandchallenge-MATHSOLVE-2fd9fd643bf3e9e98d121dc2e7af1cf1be411ae2.zip,MATHSOLVE-2fd9fd643bf3e9e98d121dc2e7af1cf1be411ae2/work_packages/NS_CI_R014_A2_L5_23_C2_SHEAR_PHASE_LOCK.md,,b2ef1246,Filename/path inference; editable in the app
348939,work_packages/NS_CI_R014_A2_L5_23_C2_SHEAR_PHASE_LOCK.md,General / shared,12449,Latest public revision collected separately; not an author-designated final | adcfa0537f43327f4bb9acfe1692f757fce353c4,https://codeload.github.com/grandchallenge/MATHSOLVE/zip/adcfa0537f43327f4bb9acfe1692f757fce353c4,,contestants/E10/13-archives/E10-grandchallenge-MATHSOLVE-adcfa0537f43327f4bb9acfe1692f757fce353c4.zip,MATHSOLVE-adcfa0537f43327f4bb9acfe1692f757fce353c4/work_packages/NS_CI_R014_A2_L5_23_C2_SHEAR_PHASE_LOCK.md,,b2ef1246,Filename/path inference; editable in the app
345834,work_packages/NS_CI_R014_A2_L5_24_C2_MIX_MOMENT_CEILING.md,General / shared,11603,Pinned collected revision; final designation governed by team receipt | 2fd9fd643bf3e9e98d121dc2e7af1cf1be411ae2,https://codeload.github.com/grandchallenge/MATHSOLVE/zip/2fd9fd643bf3e9e98d121dc2e7af1cf1be411ae2,,contestants/E10/13-archives/E10-grandchallenge-MATHSOLVE-2fd9fd643bf3e9e98d121dc2e7af1cf1be411ae2.zip,MATHSOLVE-2fd9fd643bf3e9e98d121dc2e7af1cf1be411ae2/work_packages/NS_CI_R014_A2_L5_24_C2_MIX_MOMENT_CEILING.md,,db47ceeb,Filename/path inference; editable in the app
348940,work_packages/NS_CI_R014_A2_L5_24_C2_MIX_MOMENT_CEILING.md,General / shared,11603,Latest public revision collected separately; not an author-designated final | adcfa0537f43327f4bb9acfe1692f757fce353c4,https://codeload.github.com/grandchallenge/MATHSOLVE/zip/adcfa0537f43327f4bb9acfe1692f757fce353c4,,contestants/E10/13-archives/E10-grandchallenge-MATHSOLVE-adcfa0537f43327f4bb9acfe1692f757fce353c4.zip,MATHSOLVE-adcfa0537f43327f4bb9acfe1692f757fce353c4/work_packages/NS_CI_R014_A2_L5_24_C2_MIX_MOMENT_CEILING.md,,db47ceeb,Filename/path inference; editable in the app
345835,work_packages/NS_CI_R014_A2_L5_25_C2_MIX_SUBCRITICAL_LOWER.md,General / shared,12808,Pinned collected revision; final designation governed by team receipt | 2fd9fd643bf3e9e98d121dc2e7af1cf1be411ae2,https://codeload.github.com/grandchallenge/MATHSOLVE/zip/2fd9fd643bf3e9e98d121dc2e7af1cf1be411ae2,,contestants/E10/13-archives/E10-grandchallenge-MATHSOLVE-2fd9fd643bf3e9e98d121dc2e7af1cf1be411ae2.zip,MATHSOLVE-2fd9fd643bf3e9e98d121dc2e7af1cf1be411ae2/work_packages/NS_CI_R014_A2_L5_25_C2_MIX_SUBCRITICAL_LOWER.md,,c0e446fc,Filename/path inference; editable in the app
348941,work_packages/NS_CI_R014_A2_L5_25_C2_MIX_SUBCRITICAL_LOWER.md,General / shared,12808,Latest public revision collected separately; not an author-designated final | adcfa0537f43327f4bb9acfe1692f757fce353c4,https://codeload.github.com/grandchallenge/MATHSOLVE/zip/adcfa0537f43327f4bb9acfe1692f757fce353c4,,contestants/E10/13-archives/E10-grandchallenge-MATHSOLVE-adcfa0537f43327f4bb9acfe1692f757fce353c4.zip,MATHSOLVE-adcfa0537f43327f4bb9acfe1692f757fce353c4/work_packages/NS_CI_R014_A2_L5_25_C2_MIX_SUBCRITICAL_LOWER.md,,c0e446fc,Filename/path inference; editable in the app
345836,work_packages/NS_CI_R014_A2_L5_26_C2_MIX_CRITICAL_SEMICLASSICAL.md,General / shared,13280,Pinned collected revision; final designation governed by team receipt | 2fd9fd643bf3e9e98d121dc2e7af1cf1be411ae2,https://codeload.github.com/grandchallenge/MATHSOLVE/zip/2fd9fd643bf3e9e98d121dc2e7af1cf1be411ae2,,contestants/E10/13-archives/E10-grandchallenge-MATHSOLVE-2fd9fd643bf3e9e98d121dc2e7af1cf1be411ae2.zip,MATHSOLVE-2fd9fd643bf3e9e98d121dc2e7af1cf1be411ae2/work_packages/NS_CI_R014_A2_L5_26_C2_MIX_CRITICAL_SEMICLASSICAL.md,,c8743282,Filename/path inference; editable in the app
348942,work_packages/NS_CI_R014_A2_L5_26_C2_MIX_CRITICAL_SEMICLASSICAL.md,General / shared,13280,Latest public revision collected separately; not an author-designated final | adcfa0537f43327f4bb9acfe1692f757fce353c4,https://codeload.github.com/grandchallenge/MATHSOLVE/zip/adcfa0537f43327f4bb9acfe1692f757fce353c4,,contestants/E10/13-archives/E10-grandchallenge-MATHSOLVE-adcfa0537f43327f4bb9acfe1692f757fce353c4.zip,MATHSOLVE-adcfa0537f43327f4bb9acfe1692f757fce353c4/work_packages/NS_CI_R014_A2_L5_26_C2_MIX_CRITICAL_SEMICLASSICAL.md,,c8743282,Filename/path inference; editable in the app
345837,work_packages/NS_CI_R014_A2_L5_27_C2_MIX_BRIDGE_NORMAL_FORM.md,General / shared,12970,Pinned collected revision; final designation governed by team receipt | 2fd9fd643bf3e9e98d121dc2e7af1cf1be411ae2,https://codeload.github.com/grandchallenge/MATHSOLVE/zip/2fd9fd643bf3e9e98d121dc2e7af1cf1be411ae2,,contestants/E10/13-archives/E10-grandchallenge-MATHSOLVE-2fd9fd643bf3e9e98d121dc2e7af1cf1be411ae2.zip,MATHSOLVE-2fd9fd643bf3e9e98d121dc2e7af1cf1be411ae2/work_packages/NS_CI_R014_A2_L5_27_C2_MIX_BRIDGE_NORMAL_FORM.md,,26d1af2c,Filename/path inference; editable in the app
348943,work_packages/NS_CI_R014_A2_L5_27_C2_MIX_BRIDGE_NORMAL_FORM.md,General / shared,12970,Latest public revision collected separately; not an author-designated final | adcfa0537f43327f4bb9acfe1692f757fce353c4,https://codeload.github.com/grandchallenge/MATHSOLVE/zip/adcfa0537f43327f4bb9acfe1692f757fce353c4,,contestants/E10/13-archives/E10-grandchallenge-MATHSOLVE-adcfa0537f43327f4bb9acfe1692f757fce353c4.zip,MATHSOLVE-adcfa0537f43327f4bb9acfe1692f757fce353c4/work_packages/NS_CI_R014_A2_L5_27_C2_MIX_BRIDGE_NORMAL_FORM.md,,26d1af2c,Filename/path inference; editable in the app
345838,work_packages/NS_CI_R014_A2_L5_28_C2_MIX_SEMICLASSICAL_RESIDUAL.md,General / shared,12671,Pinned collected revision; final designation governed by team receipt | 2fd9fd643bf3e9e98d121dc2e7af1cf1be411ae2,https://codeload.github.com/grandchallenge/MATHSOLVE/zip/2fd9fd643bf3e9e98d121dc2e7af1cf1be411ae2,,contestants/E10/13-archives/E10-grandchallenge-MATHSOLVE-2fd9fd643bf3e9e98d121dc2e7af1cf1be411ae2.zip,MATHSOLVE-2fd9fd643bf3e9e98d121dc2e7af1cf1be411ae2/work_packages/NS_CI_R014_A2_L5_28_C2_MIX_SEMICLASSICAL_RESIDUAL.md,,4df8e34e,Filename/path inference; editable in the app
348944,work_packages/NS_CI_R014_A2_L5_28_C2_MIX_SEMICLASSICAL_RESIDUAL.md,General / shared,12671,Latest public revision collected separately; not an author-designated final | adcfa0537f43327f4bb9acfe1692f757fce353c4,https://codeload.github.com/grandchallenge/MATHSOLVE/zip/adcfa0537f43327f4bb9acfe1692f757fce353c4,,contestants/E10/13-archives/E10-grandchallenge-MATHSOLVE-adcfa0537f43327f4bb9acfe1692f757fce353c4.zip,MATHSOLVE-adcfa0537f43327f4bb9acfe1692f757fce353c4/work_packages/NS_CI_R014_A2_L5_28_C2_MIX_SEMICLASSICAL_RESIDUAL.md,,4df8e34e,Filename/path inference; editable in the app
345839,work_packages/NS_CI_R014_A2_L5_29_C2_POLARIZATION_CORRIDOR.md,General / shared,11040,Pinned collected revision; final designation governed by team receipt | 2fd9fd643bf3e9e98d121dc2e7af1cf1be411ae2,https://codeload.github.com/grandchallenge/MATHSOLVE/zip/2fd9fd643bf3e9e98d121dc2e7af1cf1be411ae2,,contestants/E10/13-archives/E10-grandchallenge-MATHSOLVE-2fd9fd643bf3e9e98d121dc2e7af1cf1be411ae2.zip,MATHSOLVE-2fd9fd643bf3e9e98d121dc2e7af1cf1be411ae2/work_packages/NS_CI_R014_A2_L5_29_C2_POLARIZATION_CORRIDOR.md,,d3b1047b,Filename/path inference; editable in the app
348945,work_packages/NS_CI_R014_A2_L5_29_C2_POLARIZATION_CORRIDOR.md,General / shared,11040,Latest public revision collected separately; not an author-designated final | adcfa0537f43327f4bb9acfe1692f757fce353c4,https://codeload.github.com/grandchallenge/MATHSOLVE/zip/adcfa0537f43327f4bb9acfe1692f757fce353c4,,contestants/E10/13-archives/E10-grandchallenge-MATHSOLVE-adcfa0537f43327f4bb9acfe1692f757fce353c4.zip,MATHSOLVE-adcfa0537f43327f4bb9acfe1692f757fce353c4/work_packages/NS_CI_R014_A2_L5_29_C2_POLARIZATION_CORRIDOR.md,,d3b1047b,Filename/path inference; editable in the app
345840,work_packages/NS_CI_R014_A2_L5_30_C2_SECONDARY_SHEAR_CHARGE.md,General / shared,12455,Pinned collected revision; final designation governed by team receipt | 2fd9fd643bf3e9e98d121dc2e7af1cf1be411ae2,https://codeload.github.com/grandchallenge/MATHSOLVE/zip/2fd9fd643bf3e9e98d121dc2e7af1cf1be411ae2,,contestants/E10/13-archives/E10-grandchallenge-MATHSOLVE-2fd9fd643bf3e9e98d121dc2e7af1cf1be411ae2.zip,MATHSOLVE-2fd9fd643bf3e9e98d121dc2e7af1cf1be411ae2/work_packages/NS_CI_R014_A2_L5_30_C2_SECONDARY_SHEAR_CHARGE.md,,bf85aaa1,Filename/path inference; editable in the app
348946,work_packages/NS_CI_R014_A2_L5_30_C2_SECONDARY_SHEAR_CHARGE.md,General / shared,12455,Latest public revision collected separately; not an author-designated final | adcfa0537f43327f4bb9acfe1692f757fce353c4,https://codeload.github.com/grandchallenge/MATHSOLVE/zip/adcfa0537f43327f4bb9acfe1692f757fce353c4,,contestants/E10/13-archives/E10-grandchallenge-MATHSOLVE-adcfa0537f43327f4bb9acfe1692f757fce353c4.zip,MATHSOLVE-adcfa0537f43327f4bb9acfe1692f757fce353c4/work_packages/NS_CI_R014_A2_L5_30_C2_SECONDARY_SHEAR_CHARGE.md,,bf85aaa1,Filename/path inference; editable in the app
345841,work_packages/NS_CI_R014_A2_L5_31_C2_GENERAL_SHEAR_PROFILE.md,General / shared,12055,Pinned collected revision; final designation governed by team receipt | 2fd9fd643bf3e9e98d121dc2e7af1cf1be411ae2,https://codeload.github.com/grandchallenge/MATHSOLVE/zip/2fd9fd643bf3e9e98d121dc2e7af1cf1be411ae2,,contestants/E10/13-archives/E10-grandchallenge-MATHSOLVE-2fd9fd643bf3e9e98d121dc2e7af1cf1be411ae2.zip,MATHSOLVE-2fd9fd643bf3e9e98d121dc2e7af1cf1be411ae2/work_packages/NS_CI_R014_A2_L5_31_C2_GENERAL_SHEAR_PROFILE.md,,8fb4a4a4,Filename/path inference; editable in the app
348947,work_packages/NS_CI_R014_A2_L5_31_C2_GENERAL_SHEAR_PROFILE.md,General / shared,12055,Latest public revision collected separately; not an author-designated final | adcfa0537f43327f4bb9acfe1692f757fce353c4,https://codeload.github.com/grandchallenge/MATHSOLVE/zip/adcfa0537f43327f4bb9acfe1692f757fce353c4,,contestants/E10/13-archives/E10-grandchallenge-MATHSOLVE-adcfa0537f43327f4bb9acfe1692f757fce353c4.zip,MATHSOLVE-adcfa0537f43327f4bb9acfe1692f757fce353c4/work_packages/NS_CI_R014_A2_L5_31_C2_GENERAL_SHEAR_PROFILE.md,,8fb4a4a4,Filename/path inference; editable in the app
345842,work_packages/NS_CI_R014_A2_L5_32_C2_ACCUMULATED_PHASE.md,General / shared,14028,Pinned collected revision; final designation governed by team receipt | 2fd9fd643bf3e9e98d121dc2e7af1cf1be411ae2,https://codeload.github.com/grandchallenge/MATHSOLVE/zip/2fd9fd643bf3e9e98d121dc2e7af1cf1be411ae2,,contestants/E10/13-archives/E10-grandchallenge-MATHSOLVE-2fd9fd643bf3e9e98d121dc2e7af1cf1be411ae2.zip,MATHSOLVE-2fd9fd643bf3e9e98d121dc2e7af1cf1be411ae2/work_packages/NS_CI_R014_A2_L5_32_C2_ACCUMULATED_PHASE.md,,237847f1,Filename/path inference; editable in the app
348948,work_packages/NS_CI_R014_A2_L5_32_C2_ACCUMULATED_PHASE.md,General / shared,14028,Latest public revision collected separately; not an author-designated final | adcfa0537f43327f4bb9acfe1692f757fce353c4,https://codeload.github.com/grandchallenge/MATHSOLVE/zip/adcfa0537f43327f4bb9acfe1692f757fce353c4,,contestants/E10/13-archives/E10-grandchallenge-MATHSOLVE-adcfa0537f43327f4bb9acfe1692f757fce353c4.zip,MATHSOLVE-adcfa0537f43327f4bb9acfe1692f757fce353c4/work_packages/NS_CI_R014_A2_L5_32_C2_ACCUMULATED_PHASE.md,,237847f1,Filename/path inference; editable in the app
345843,work_packages/NS_CI_R014_A2_L5_33_C2_DIRECTION_DEFECT.md,General / shared,12495,Pinned collected revision; final designation governed by team receipt | 2fd9fd643bf3e9e98d121dc2e7af1cf1be411ae2,https://codeload.github.com/grandchallenge/MATHSOLVE/zip/2fd9fd643bf3e9e98d121dc2e7af1cf1be411ae2,,contestants/E10/13-archives/E10-grandchallenge-MATHSOLVE-2fd9fd643bf3e9e98d121dc2e7af1cf1be411ae2.zip,MATHSOLVE-2fd9fd643bf3e9e98d121dc2e7af1cf1be411ae2/work_packages/NS_CI_R014_A2_L5_33_C2_DIRECTION_DEFECT.md,,9cb52671,Filename/path inference; editable in the app
348949,work_packages/NS_CI_R014_A2_L5_33_C2_DIRECTION_DEFECT.md,General / shared,12495,Latest public revision collected separately; not an author-designated final | adcfa0537f43327f4bb9acfe1692f757fce353c4,https://codeload.github.com/grandchallenge/MATHSOLVE/zip/adcfa0537f43327f4bb9acfe1692f757fce353c4,,contestants/E10/13-archives/E10-grandchallenge-MATHSOLVE-adcfa0537f43327f4bb9acfe1692f757fce353c4.zip,MATHSOLVE-adcfa0537f43327f4bb9acfe1692f757fce353c4/work_packages/NS_CI_R014_A2_L5_33_C2_DIRECTION_DEFECT.md,,9cb52671,Filename/path inference; editable in the app
345844,work_packages/NS_CI_R014_A2_L5_34_C2_DIRECTION_MOVING_FRAME.md,General / shared,15451,Pinned collected revision; final designation governed by team receipt | 2fd9fd643bf3e9e98d121dc2e7af1cf1be411ae2,https://codeload.github.com/grandchallenge/MATHSOLVE/zip/2fd9fd643bf3e9e98d121dc2e7af1cf1be411ae2,,contestants/E10/13-archives/E10-grandchallenge-MATHSOLVE-2fd9fd643bf3e9e98d121dc2e7af1cf1be411ae2.zip,MATHSOLVE-2fd9fd643bf3e9e98d121dc2e7af1cf1be411ae2/work_packages/NS_CI_R014_A2_L5_34_C2_DIRECTION_MOVING_FRAME.md,,bfa35042,Filename/path inference; editable in the app
348950,work_packages/NS_CI_R014_A2_L5_34_C2_DIRECTION_MOVING_FRAME.md,General / shared,15451,Latest public revision collected separately; not an author-designated final | adcfa0537f43327f4bb9acfe1692f757fce353c4,https://codeload.github.com/grandchallenge/MATHSOLVE/zip/adcfa0537f43327f4bb9acfe1692f757fce353c4,,contestants/E10/13-archives/E10-grandchallenge-MATHSOLVE-adcfa0537f43327f4bb9acfe1692f757fce353c4.zip,MATHSOLVE-adcfa0537f43327f4bb9acfe1692f757fce353c4/work_packages/NS_CI_R014_A2_L5_34_C2_DIRECTION_MOVING_FRAME.md,,bfa35042,Filename/path inference; editable in the app
345845,work_packages/NS_CI_R014_A2_L5_35_C2_DIRECTION_DEFORMED_FRAME.md,General / shared,18295,Pinned collected revision; final designation governed by team receipt | 2fd9fd643bf3e9e98d121dc2e7af1cf1be411ae2,https://codeload.github.com/grandchallenge/MATHSOLVE/zip/2fd9fd643bf3e9e98d121dc2e7af1cf1be411ae2,,contestants/E10/13-archives/E10-grandchallenge-MATHSOLVE-2fd9fd643bf3e9e98d121dc2e7af1cf1be411ae2.zip,MATHSOLVE-2fd9fd643bf3e9e98d121dc2e7af1cf1be411ae2/work_packages/NS_CI_R014_A2_L5_35_C2_DIRECTION_DEFORMED_FRAME.md,,1f3cb79e,Filename/path inference; editable in the app
348951,work_packages/NS_CI_R014_A2_L5_35_C2_DIRECTION_DEFORMED_FRAME.md,General / shared,18295,Latest public revision collected separately; not an author-designated final | adcfa0537f43327f4bb9acfe1692f757fce353c4,https://codeload.github.com/grandchallenge/MATHSOLVE/zip/adcfa0537f43327f4bb9acfe1692f757fce353c4,,contestants/E10/13-archives/E10-grandchallenge-MATHSOLVE-adcfa0537f43327f4bb9acfe1692f757fce353c4.zip,MATHSOLVE-adcfa0537f43327f4bb9acfe1692f757fce353c4/work_packages/NS_CI_R014_A2_L5_35_C2_DIRECTION_DEFORMED_FRAME.md,,1f3cb79e,Filename/path inference; editable in the app
345846,work_packages/NS_CI_R014_A2_L5_36_C2_DIRECTION_SIGNED_FLOW_TIME.md,General / shared,14217,Pinned collected revision; final designation governed by team receipt | 2fd9fd643bf3e9e98d121dc2e7af1cf1be411ae2,https://codeload.github.com/grandchallenge/MATHSOLVE/zip/2fd9fd643bf3e9e98d121dc2e7af1cf1be411ae2,,contestants/E10/13-archives/E10-grandchallenge-MATHSOLVE-2fd9fd643bf3e9e98d121dc2e7af1cf1be411ae2.zip,MATHSOLVE-2fd9fd643bf3e9e98d121dc2e7af1cf1be411ae2/work_packages/NS_CI_R014_A2_L5_36_C2_DIRECTION_SIGNED_FLOW_TIME.md,,e86cda17,Filename/path inference; editable in the app
348952,work_packages/NS_CI_R014_A2_L5_36_C2_DIRECTION_SIGNED_FLOW_TIME.md,General / shared,14217,Latest public revision collected separately; not an author-designated final | adcfa0537f43327f4bb9acfe1692f757fce353c4,https://codeload.github.com/grandchallenge/MATHSOLVE/zip/adcfa0537f43327f4bb9acfe1692f757fce353c4,,contestants/E10/13-archives/E10-grandchallenge-MATHSOLVE-adcfa0537f43327f4bb9acfe1692f757fce353c4.zip,MATHSOLVE-adcfa0537f43327f4bb9acfe1692f757fce353c4/work_packages/NS_CI_R014_A2_L5_36_C2_DIRECTION_SIGNED_FLOW_TIME.md,,e86cda17,Filename/path inference; editable in the app
345847,work_packages/NS_CI_R014_A2_L5_37_C2_DIRECTION_PATHORDERED_JET.md,General / shared,16953,Pinned collected revision; final designation governed by team receipt | 2fd9fd643bf3e9e98d121dc2e7af1cf1be411ae2,https://codeload.github.com/grandchallenge/MATHSOLVE/zip/2fd9fd643bf3e9e98d121dc2e7af1cf1be411ae2,,contestants/E10/13-archives/E10-grandchallenge-MATHSOLVE-2fd9fd643bf3e9e98d121dc2e7af1cf1be411ae2.zip,MATHSOLVE-2fd9fd643bf3e9e98d121dc2e7af1cf1be411ae2/work_packages/NS_CI_R014_A2_L5_37_C2_DIRECTION_PATHORDERED_JET.md,,cc9ba7a2,Filename/path inference; editable in the app
348953,work_packages/NS_CI_R014_A2_L5_37_C2_DIRECTION_PATHORDERED_JET.md,General / shared,16953,Latest public revision collected separately; not an author-designated final | adcfa0537f43327f4bb9acfe1692f757fce353c4,https://codeload.github.com/grandchallenge/MATHSOLVE/zip/adcfa0537f43327f4bb9acfe1692f757fce353c4,,contestants/E10/13-archives/E10-grandchallenge-MATHSOLVE-adcfa0537f43327f4bb9acfe1692f757fce353c4.zip,MATHSOLVE-adcfa0537f43327f4bb9acfe1692f757fce353c4/work_packages/NS_CI_R014_A2_L5_37_C2_DIRECTION_PATHORDERED_JET.md,,cc9ba7a2,Filename/path inference; editable in the app
345848,work_packages/NS_CI_R014_A2_L5_38_C2_DIRECTION_JET_COST.md,General / shared,13602,Pinned collected revision; final designation governed by team receipt | 2fd9fd643bf3e9e98d121dc2e7af1cf1be411ae2,https://codeload.github.com/grandchallenge/MATHSOLVE/zip/2fd9fd643bf3e9e98d121dc2e7af1cf1be411ae2,,contestants/E10/13-archives/E10-grandchallenge-MATHSOLVE-2fd9fd643bf3e9e98d121dc2e7af1cf1be411ae2.zip,MATHSOLVE-2fd9fd643bf3e9e98d121dc2e7af1cf1be411ae2/work_packages/NS_CI_R014_A2_L5_38_C2_DIRECTION_JET_COST.md,,8f920e06,Filename/path inference; editable in the app
348954,work_packages/NS_CI_R014_A2_L5_38_C2_DIRECTION_JET_COST.md,General / shared,13602,Latest public revision collected separately; not an author-designated final | adcfa0537f43327f4bb9acfe1692f757fce353c4,https://codeload.github.com/grandchallenge/MATHSOLVE/zip/adcfa0537f43327f4bb9acfe1692f757fce353c4,,contestants/E10/13-archives/E10-grandchallenge-MATHSOLVE-adcfa0537f43327f4bb9acfe1692f757fce353c4.zip,MATHSOLVE-adcfa0537f43327f4bb9acfe1692f757fce353c4/work_packages/NS_CI_R014_A2_L5_38_C2_DIRECTION_JET_COST.md,,8f920e06,Filename/path inference; editable in the app
345849,work_packages/NS_CI_R014_A2_L5_39_C2_DIRECTION_OCCUPATION_CALIBRATION.md,General / shared,7734,Pinned collected revision; final designation governed by team receipt | 2fd9fd643bf3e9e98d121dc2e7af1cf1be411ae2,https://codeload.github.com/grandchallenge/MATHSOLVE/zip/2fd9fd643bf3e9e98d121dc2e7af1cf1be411ae2,,contestants/E10/13-archives/E10-grandchallenge-MATHSOLVE-2fd9fd643bf3e9e98d121dc2e7af1cf1be411ae2.zip,MATHSOLVE-2fd9fd643bf3e9e98d121dc2e7af1cf1be411ae2/work_packages/NS_CI_R014_A2_L5_39_C2_DIRECTION_OCCUPATION_CALIBRATION.md,,c290dc1a,Filename/path inference; editable in the app
348955,work_packages/NS_CI_R014_A2_L5_39_C2_DIRECTION_OCCUPATION_CALIBRATION.md,General / shared,7734,Latest public revision collected separately; not an author-designated final | adcfa0537f43327f4bb9acfe1692f757fce353c4,https://codeload.github.com/grandchallenge/MATHSOLVE/zip/adcfa0537f43327f4bb9acfe1692f757fce353c4,,contestants/E10/13-archives/E10-grandchallenge-MATHSOLVE-adcfa0537f43327f4bb9acfe1692f757fce353c4.zip,MATHSOLVE-adcfa0537f43327f4bb9acfe1692f757fce353c4/work_packages/NS_CI_R014_A2_L5_39_C2_DIRECTION_OCCUPATION_CALIBRATION.md,,c290dc1a,Filename/path inference; editable in the app
345851,work_packages/NS_CI_R014_A2_L5_41_C2_DIRECTION_OCCUPATION_COST.md,General / shared,10326,Pinned collected revision; final designation governed by team receipt | 2fd9fd643bf3e9e98d121dc2e7af1cf1be411ae2,https://codeload.github.com/grandchallenge/MATHSOLVE/zip/2fd9fd643bf3e9e98d121dc2e7af1cf1be411ae2,,contestants/E10/13-archives/E10-grandchallenge-MATHSOLVE-2fd9fd643bf3e9e98d121dc2e7af1cf1be411ae2.zip,MATHSOLVE-2fd9fd643bf3e9e98d121dc2e7af1cf1be411ae2/work_packages/NS_CI_R014_A2_L5_41_C2_DIRECTION_OCCUPATION_COST.md,,74e9e10a,Filename/path inference; editable in the app
348957,work_packages/NS_CI_R014_A2_L5_41_C2_DIRECTION_OCCUPATION_COST.md,General / shared,10326,Latest public revision collected separately; not an author-designated final | adcfa0537f43327f4bb9acfe1692f757fce353c4,https://codeload.github.com/grandchallenge/MATHSOLVE/zip/adcfa0537f43327f4bb9acfe1692f757fce353c4,,contestants/E10/13-archives/E10-grandchallenge-MATHSOLVE-adcfa0537f43327f4bb9acfe1692f757fce353c4.zip,MATHSOLVE-adcfa0537f43327f4bb9acfe1692f757fce353c4/work_packages/NS_CI_R014_A2_L5_41_C2_DIRECTION_OCCUPATION_COST.md,,74e9e10a,Filename/path inference; editable in the app
345852,work_packages/NS_CI_R014_A2_L5_42_C2_DIRECTION_INTRINSIC_COMPRESSION_COST.md,General / shared,13822,Pinned collected revision; final designation governed by team receipt | 2fd9fd643bf3e9e98d121dc2e7af1cf1be411ae2,https://codeload.github.com/grandchallenge/MATHSOLVE/zip/2fd9fd643bf3e9e98d121dc2e7af1cf1be411ae2,,contestants/E10/13-archives/E10-grandchallenge-MATHSOLVE-2fd9fd643bf3e9e98d121dc2e7af1cf1be411ae2.zip,MATHSOLVE-2fd9fd643bf3e9e98d121dc2e7af1cf1be411ae2/work_packages/NS_CI_R014_A2_L5_42_C2_DIRECTION_INTRINSIC_COMPRESSION_COST.md,,5960d1dd,Filename/path inference; editable in the app
348958,work_packages/NS_CI_R014_A2_L5_42_C2_DIRECTION_INTRINSIC_COMPRESSION_COST.md,General / shared,13822,Latest public revision collected separately; not an author-designated final | adcfa0537f43327f4bb9acfe1692f757fce353c4,https://codeload.github.com/grandchallenge/MATHSOLVE/zip/adcfa0537f43327f4bb9acfe1692f757fce353c4,,contestants/E10/13-archives/E10-grandchallenge-MATHSOLVE-adcfa0537f43327f4bb9acfe1692f757fce353c4.zip,MATHSOLVE-adcfa0537f43327f4bb9acfe1692f757fce353c4/work_packages/NS_CI_R014_A2_L5_42_C2_DIRECTION_INTRINSIC_COMPRESSION_COST.md,,5960d1dd,Filename/path inference; editable in the app
345854,work_packages/NS_CI_R014_A2_L5_44_C2_DIRECTION_CRITICAL_DENSITY_BALANCE.md,General / shared,6975,Pinned collected revision; final designation governed by team receipt | 2fd9fd643bf3e9e98d121dc2e7af1cf1be411ae2,https://codeload.github.com/grandchallenge/MATHSOLVE/zip/2fd9fd643bf3e9e98d121dc2e7af1cf1be411ae2,,contestants/E10/13-archives/E10-grandchallenge-MATHSOLVE-2fd9fd643bf3e9e98d121dc2e7af1cf1be411ae2.zip,MATHSOLVE-2fd9fd643bf3e9e98d121dc2e7af1cf1be411ae2/work_packages/NS_CI_R014_A2_L5_44_C2_DIRECTION_CRITICAL_DENSITY_BALANCE.md,,2f848a67,Filename/path inference; editable in the app
348960,work_packages/NS_CI_R014_A2_L5_44_C2_DIRECTION_CRITICAL_DENSITY_BALANCE.md,General / shared,6975,Latest public revision collected separately; not an author-designated final | adcfa0537f43327f4bb9acfe1692f757fce353c4,https://codeload.github.com/grandchallenge/MATHSOLVE/zip/adcfa0537f43327f4bb9acfe1692f757fce353c4,,contestants/E10/13-archives/E10-grandchallenge-MATHSOLVE-adcfa0537f43327f4bb9acfe1692f757fce353c4.zip,MATHSOLVE-adcfa0537f43327f4bb9acfe1692f757fce353c4/work_packages/NS_CI_R014_A2_L5_44_C2_DIRECTION_CRITICAL_DENSITY_BALANCE.md,,2f848a67,Filename/path inference; editable in the app
345855,work_packages/NS_CI_R014_A2_L5_45_C2_D4_MOMENT_SEPARATOR.md,General / shared,5881,Pinned collected revision; final designation governed by team receipt | 2fd9fd643bf3e9e98d121dc2e7af1cf1be411ae2,https://codeload.github.com/grandchallenge/MATHSOLVE/zip/2fd9fd643bf3e9e98d121dc2e7af1cf1be411ae2,,contestants/E10/13-archives/E10-grandchallenge-MATHSOLVE-2fd9fd643bf3e9e98d121dc2e7af1cf1be411ae2.zip,MATHSOLVE-2fd9fd643bf3e9e98d121dc2e7af1cf1be411ae2/work_packages/NS_CI_R014_A2_L5_45_C2_D4_MOMENT_SEPARATOR.md,,aadbf7aa,Filename/path inference; editable in the app
348961,work_packages/NS_CI_R014_A2_L5_45_C2_D4_MOMENT_SEPARATOR.md,General / shared,5881,Latest public revision collected separately; not an author-designated final | adcfa0537f43327f4bb9acfe1692f757fce353c4,https://codeload.github.com/grandchallenge/MATHSOLVE/zip/adcfa0537f43327f4bb9acfe1692f757fce353c4,,contestants/E10/13-archives/E10-grandchallenge-MATHSOLVE-adcfa0537f43327f4bb9acfe1692f757fce353c4.zip,MATHSOLVE-adcfa0537f43327f4bb9acfe1692f757fce353c4/work_packages/NS_CI_R014_A2_L5_45_C2_D4_MOMENT_SEPARATOR.md,,aadbf7aa,Filename/path inference; editable in the app
345856,work_packages/NS_CI_R014_A2_L5_B1_COUPLED_ENSTROPHY.md,General / shared,9499,Pinned collected revision; final designation governed by team receipt | 2fd9fd643bf3e9e98d121dc2e7af1cf1be411ae2,https://codeload.github.com/grandchallenge/MATHSOLVE/zip/2fd9fd643bf3e9e98d121dc2e7af1cf1be411ae2,,contestants/E10/13-archives/E10-grandchallenge-MATHSOLVE-2fd9fd643bf3e9e98d121dc2e7af1cf1be411ae2.zip,MATHSOLVE-2fd9fd643bf3e9e98d121dc2e7af1cf1be411ae2/work_packages/NS_CI_R014_A2_L5_B1_COUPLED_ENSTROPHY.md,,ec1bdebb,Filename/path inference; editable in the app
348962,work_packages/NS_CI_R014_A2_L5_B1_COUPLED_ENSTROPHY.md,General / shared,9499,Latest public revision collected separately; not an author-designated final | adcfa0537f43327f4bb9acfe1692f757fce353c4,https://codeload.github.com/grandchallenge/MATHSOLVE/zip/adcfa0537f43327f4bb9acfe1692f757fce353c4,,contestants/E10/13-archives/E10-grandchallenge-MATHSOLVE-adcfa0537f43327f4bb9acfe1692f757fce353c4.zip,MATHSOLVE-adcfa0537f43327f4bb9acfe1692f757fce353c4/work_packages/NS_CI_R014_A2_L5_B1_COUPLED_ENSTROPHY.md,,ec1bdebb,Filename/path inference; editable in the app
345860,work_packages/NS_CI_R014_A2_L5_B3_SIGNED_PRESSURE_FIXTURE.md,General / shared,5631,Pinned collected revision; final designation governed by team receipt | 2fd9fd643bf3e9e98d121dc2e7af1cf1be411ae2,https://codeload.github.com/grandchallenge/MATHSOLVE/zip/2fd9fd643bf3e9e98d121dc2e7af1cf1be411ae2,,contestants/E10/13-archives/E10-grandchallenge-MATHSOLVE-2fd9fd643bf3e9e98d121dc2e7af1cf1be411ae2.zip,MATHSOLVE-2fd9fd643bf3e9e98d121dc2e7af1cf1be411ae2/work_packages/NS_CI_R014_A2_L5_B3_SIGNED_PRESSURE_FIXTURE.md,,522f762f,Filename/path inference; editable in the app
348966,work_packages/NS_CI_R014_A2_L5_B3_SIGNED_PRESSURE_FIXTURE.md,General / shared,5631,Latest public revision collected separately; not an author-designated final | adcfa0537f43327f4bb9acfe1692f757fce353c4,https://codeload.github.com/grandchallenge/MATHSOLVE/zip/adcfa0537f43327f4bb9acfe1692f757fce353c4,,contestants/E10/13-archives/E10-grandchallenge-MATHSOLVE-adcfa0537f43327f4bb9acfe1692f757fce353c4.zip,MATHSOLVE-adcfa0537f43327f4bb9acfe1692f757fce353c4/work_packages/NS_CI_R014_A2_L5_B3_SIGNED_PRESSURE_FIXTURE.md,,522f762f,Filename/path inference; editable in the app
345861,work_packages/NS_CI_R014_A2_L5_PRETRIANGLE_STRICT_TAIL.md,Kobon triangles,10391,Pinned collected revision; final designation governed by team receipt | 2fd9fd643bf3e9e98d121dc2e7af1cf1be411ae2,https://codeload.github.com/grandchallenge/MATHSOLVE/zip/2fd9fd643bf3e9e98d121dc2e7af1cf1be411ae2,,contestants/E10/13-archives/E10-grandchallenge-MATHSOLVE-2fd9fd643bf3e9e98d121dc2e7af1cf1be411ae2.zip,MATHSOLVE-2fd9fd643bf3e9e98d121dc2e7af1cf1be411ae2/work_packages/NS_CI_R014_A2_L5_PRETRIANGLE_STRICT_TAIL.md,,21e87d7d,Filename/path inference; editable in the app
348967,work_packages/NS_CI_R014_A2_L5_PRETRIANGLE_STRICT_TAIL.md,Kobon triangles,10391,Latest public revision collected separately; not an author-designated final | adcfa0537f43327f4bb9acfe1692f757fce353c4,https://codeload.github.com/grandchallenge/MATHSOLVE/zip/adcfa0537f43327f4bb9acfe1692f757fce353c4,,contestants/E10/13-archives/E10-grandchallenge-MATHSOLVE-adcfa0537f43327f4bb9acfe1692f757fce353c4.zip,MATHSOLVE-adcfa0537f43327f4bb9acfe1692f757fce353c4/work_packages/NS_CI_R014_A2_L5_PRETRIANGLE_STRICT_TAIL.md,,21e87d7d,Filename/path inference; editable in the app
345862,work_packages/NS_CI_R014_A2_L5_RESTART.md,General / shared,13358,Pinned collected revision; final designation governed by team receipt | 2fd9fd643bf3e9e98d121dc2e7af1cf1be411ae2,https://codeload.github.com/grandchallenge/MATHSOLVE/zip/2fd9fd643bf3e9e98d121dc2e7af1cf1be411ae2,,contestants/E10/13-archives/E10-grandchallenge-MATHSOLVE-2fd9fd643bf3e9e98d121dc2e7af1cf1be411ae2.zip,MATHSOLVE-2fd9fd643bf3e9e98d121dc2e7af1cf1be411ae2/work_packages/NS_CI_R014_A2_L5_RESTART.md,,7ec9088a,Filename/path inference; editable in the app
348968,work_packages/NS_CI_R014_A2_L5_RESTART.md,General / shared,13358,Latest public revision collected separately; not an author-designated final | adcfa0537f43327f4bb9acfe1692f757fce353c4,https://codeload.github.com/grandchallenge/MATHSOLVE/zip/adcfa0537f43327f4bb9acfe1692f757fce353c4,,contestants/E10/13-archives/E10-grandchallenge-MATHSOLVE-adcfa0537f43327f4bb9acfe1692f757fce353c4.zip,MATHSOLVE-adcfa0537f43327f4bb9acfe1692f757fce353c4/work_packages/NS_CI_R014_A2_L5_RESTART.md,,7ec9088a,Filename/path inference; editable in the app
345864,work_packages/NS_CI_R014_A2_PARABOLIC_PERSISTENCE.md,General / shared,6625,Pinned collected revision; final designation governed by team receipt | 2fd9fd643bf3e9e98d121dc2e7af1cf1be411ae2,https://codeload.github.com/grandchallenge/MATHSOLVE/zip/2fd9fd643bf3e9e98d121dc2e7af1cf1be411ae2,,contestants/E10/13-archives/E10-grandchallenge-MATHSOLVE-2fd9fd643bf3e9e98d121dc2e7af1cf1be411ae2.zip,MATHSOLVE-2fd9fd643bf3e9e98d121dc2e7af1cf1be411ae2/work_packages/NS_CI_R014_A2_PARABOLIC_PERSISTENCE.md,,ca558e9b,Filename/path inference; editable in the app
348970,work_packages/NS_CI_R014_A2_PARABOLIC_PERSISTENCE.md,General / shared,6625,Latest public revision collected separately; not an author-designated final | adcfa0537f43327f4bb9acfe1692f757fce353c4,https://codeload.github.com/grandchallenge/MATHSOLVE/zip/adcfa0537f43327f4bb9acfe1692f757fce353c4,,contestants/E10/13-archives/E10-grandchallenge-MATHSOLVE-adcfa0537f43327f4bb9acfe1692f757fce353c4.zip,MATHSOLVE-adcfa0537f43327f4bb9acfe1692f757fce353c4/work_packages/NS_CI_R014_A2_PARABOLIC_PERSISTENCE.md,,ca558e9b,Filename/path inference; editable in the app
345865,work_packages/NS_CI_R014_A2_SHELL_EXIT_DICHOTOMY.md,General / shared,8506,Pinned collected revision; final designation governed by team receipt | 2fd9fd643bf3e9e98d121dc2e7af1cf1be411ae2,https://codeload.github.com/grandchallenge/MATHSOLVE/zip/2fd9fd643bf3e9e98d121dc2e7af1cf1be411ae2,,contestants/E10/13-archives/E10-grandchallenge-MATHSOLVE-2fd9fd643bf3e9e98d121dc2e7af1cf1be411ae2.zip,MATHSOLVE-2fd9fd643bf3e9e98d121dc2e7af1cf1be411ae2/work_packages/NS_CI_R014_A2_SHELL_EXIT_DICHOTOMY.md,,d2e4f4b5,Filename/path inference; editable in the app
348971,work_packages/NS_CI_R014_A2_SHELL_EXIT_DICHOTOMY.md,General / shared,8506,Latest public revision collected separately; not an author-designated final | adcfa0537f43327f4bb9acfe1692f757fce353c4,https://codeload.github.com/grandchallenge/MATHSOLVE/zip/adcfa0537f43327f4bb9acfe1692f757fce353c4,,contestants/E10/13-archives/E10-grandchallenge-MATHSOLVE-adcfa0537f43327f4bb9acfe1692f757fce353c4.zip,MATHSOLVE-adcfa0537f43327f4bb9acfe1692f757fce353c4/work_packages/NS_CI_R014_A2_SHELL_EXIT_DICHOTOMY.md,,d2e4f4b5,Filename/path inference; editable in the app
345866,work_packages/NS_CI_R014_A2_SIGNED_FLUX_TREE.md,General / shared,10778,Pinned collected revision; final designation governed by team receipt | 2fd9fd643bf3e9e98d121dc2e7af1cf1be411ae2,https://codeload.github.com/grandchallenge/MATHSOLVE/zip/2fd9fd643bf3e9e98d121dc2e7af1cf1be411ae2,,contestants/E10/13-archives/E10-grandchallenge-MATHSOLVE-2fd9fd643bf3e9e98d121dc2e7af1cf1be411ae2.zip,MATHSOLVE-2fd9fd643bf3e9e98d121dc2e7af1cf1be411ae2/work_packages/NS_CI_R014_A2_SIGNED_FLUX_TREE.md,,f2396a2b,Filename/path inference; editable in the app
348972,work_packages/NS_CI_R014_A2_SIGNED_FLUX_TREE.md,General / shared,10778,Latest public revision collected separately; not an author-designated final | adcfa0537f43327f4bb9acfe1692f757fce353c4,https://codeload.github.com/grandchallenge/MATHSOLVE/zip/adcfa0537f43327f4bb9acfe1692f757fce353c4,,contestants/E10/13-archives/E10-grandchallenge-MATHSOLVE-adcfa0537f43327f4bb9acfe1692f757fce353c4.zip,MATHSOLVE-adcfa0537f43327f4bb9acfe1692f757fce353c4/work_packages/NS_CI_R014_A2_SIGNED_FLUX_TREE.md,,f2396a2b,Filename/path inference; editable in the app
345867,work_packages/NS_CI_R014_A2_WEIGHTED_DISSIPATION.md,General / shared,7647,Pinned collected revision; final designation governed by team receipt | 2fd9fd643bf3e9e98d121dc2e7af1cf1be411ae2,https://codeload.github.com/grandchallenge/MATHSOLVE/zip/2fd9fd643bf3e9e98d121dc2e7af1cf1be411ae2,,contestants/E10/13-archives/E10-grandchallenge-MATHSOLVE-2fd9fd643bf3e9e98d121dc2e7af1cf1be411ae2.zip,MATHSOLVE-2fd9fd643bf3e9e98d121dc2e7af1cf1be411ae2/work_packages/NS_CI_R014_A2_WEIGHTED_DISSIPATION.md,,9aa55968,Filename/path inference; editable in the app
348973,work_packages/NS_CI_R014_A2_WEIGHTED_DISSIPATION.md,General / shared,7647,Latest public revision collected separately; not an author-designated final | adcfa0537f43327f4bb9acfe1692f757fce353c4,https://codeload.github.com/grandchallenge/MATHSOLVE/zip/adcfa0537f43327f4bb9acfe1692f757fce353c4,,contestants/E10/13-archives/E10-grandchallenge-MATHSOLVE-adcfa0537f43327f4bb9acfe1692f757fce353c4.zip,MATHSOLVE-adcfa0537f43327f4bb9acfe1692f757fce353c4/work_packages/NS_CI_R014_A2_WEIGHTED_DISSIPATION.md,,9aa55968,Filename/path inference; editable in the app
345868,work_packages/NS_CI_WP00.md,General / shared,8159,Pinned collected revision; final designation governed by team receipt | 2fd9fd643bf3e9e98d121dc2e7af1cf1be411ae2,https://codeload.github.com/grandchallenge/MATHSOLVE/zip/2fd9fd643bf3e9e98d121dc2e7af1cf1be411ae2,,contestants/E10/13-archives/E10-grandchallenge-MATHSOLVE-2fd9fd643bf3e9e98d121dc2e7af1cf1be411ae2.zip,MATHSOLVE-2fd9fd643bf3e9e98d121dc2e7af1cf1be411ae2/work_packages/NS_CI_WP00.md,,c320b80e,Filename/path inference; editable in the app
348974,work_packages/NS_CI_WP00.md,General / shared,8159,Latest public revision collected separately; not an author-designated final | adcfa0537f43327f4bb9acfe1692f757fce353c4,https://codeload.github.com/grandchallenge/MATHSOLVE/zip/adcfa0537f43327f4bb9acfe1692f757fce353c4,,contestants/E10/13-archives/E10-grandchallenge-MATHSOLVE-adcfa0537f43327f4bb9acfe1692f757fce353c4.zip,MATHSOLVE-adcfa0537f43327f4bb9acfe1692f757fce353c4/work_packages/NS_CI_WP00.md,,c320b80e,Filename/path inference; editable in the app
345870,work_packages/NS_CI_WP02_ADVERSARIAL_SEMANTIC_REVIEW.md,General / shared,6986,Pinned collected revision; final designation governed by team receipt | 2fd9fd643bf3e9e98d121dc2e7af1cf1be411ae2,https://codeload.github.com/grandchallenge/MATHSOLVE/zip/2fd9fd643bf3e9e98d121dc2e7af1cf1be411ae2,,contestants/E10/13-archives/E10-grandchallenge-MATHSOLVE-2fd9fd643bf3e9e98d121dc2e7af1cf1be411ae2.zip,MATHSOLVE-2fd9fd643bf3e9e98d121dc2e7af1cf1be411ae2/work_packages/NS_CI_WP02_ADVERSARIAL_SEMANTIC_REVIEW.md,,88c769a8,Filename/path inference; editable in the app
348976,work_packages/NS_CI_WP02_ADVERSARIAL_SEMANTIC_REVIEW.md,General / shared,6986,Latest public revision collected separately; not an author-designated final | adcfa0537f43327f4bb9acfe1692f757fce353c4,https://codeload.github.com/grandchallenge/MATHSOLVE/zip/adcfa0537f43327f4bb9acfe1692f757fce353c4,,contestants/E10/13-archives/E10-grandchallenge-MATHSOLVE-adcfa0537f43327f4bb9acfe1692f757fce353c4.zip,MATHSOLVE-adcfa0537f43327f4bb9acfe1692f757fce353c4/work_packages/NS_CI_WP02_ADVERSARIAL_SEMANTIC_REVIEW.md,,88c769a8,Filename/path inference; editable in the app
345871,work_packages/NS_CI_WP02_CONDITIONAL_REGULARITY_LEDGER.md,General / shared,15169,Pinned collected revision; final designation governed by team receipt | 2fd9fd643bf3e9e98d121dc2e7af1cf1be411ae2,https://codeload.github.com/grandchallenge/MATHSOLVE/zip/2fd9fd643bf3e9e98d121dc2e7af1cf1be411ae2,,contestants/E10/13-archives/E10-grandchallenge-MATHSOLVE-2fd9fd643bf3e9e98d121dc2e7af1cf1be411ae2.zip,MATHSOLVE-2fd9fd643bf3e9e98d121dc2e7af1cf1be411ae2/work_packages/NS_CI_WP02_CONDITIONAL_REGULARITY_LEDGER.md,,3305e702,Filename/path inference; editable in the app
348977,work_packages/NS_CI_WP02_CONDITIONAL_REGULARITY_LEDGER.md,General / shared,15169,Latest public revision collected separately; not an author-designated final | adcfa0537f43327f4bb9acfe1692f757fce353c4,https://codeload.github.com/grandchallenge/MATHSOLVE/zip/adcfa0537f43327f4bb9acfe1692f757fce353c4,,contestants/E10/13-archives/E10-grandchallenge-MATHSOLVE-adcfa0537f43327f4bb9acfe1692f757fce353c4.zip,MATHSOLVE-adcfa0537f43327f4bb9acfe1692f757fce353c4/work_packages/NS_CI_WP02_CONDITIONAL_REGULARITY_LEDGER.md,,3305e702,Filename/path inference; editable in the app
345872,work_packages/NS_CI_WP04_RESTRICTED_TARGETS.md,General / shared,10885,Pinned collected revision; final designation governed by team receipt | 2fd9fd643bf3e9e98d121dc2e7af1cf1be411ae2,https://codeload.github.com/grandchallenge/MATHSOLVE/zip/2fd9fd643bf3e9e98d121dc2e7af1cf1be411ae2,,contestants/E10/13-archives/E10-grandchallenge-MATHSOLVE-2fd9fd643bf3e9e98d121dc2e7af1cf1be411ae2.zip,MATHSOLVE-2fd9fd643bf3e9e98d121dc2e7af1cf1be411ae2/work_packages/NS_CI_WP04_RESTRICTED_TARGETS.md,,c5d5abdf,Filename/path inference; editable in the app
348978,work_packages/NS_CI_WP04_RESTRICTED_TARGETS.md,General / shared,10885,Latest public revision collected separately; not an author-designated final | adcfa0537f43327f4bb9acfe1692f757fce353c4,https://codeload.github.com/grandchallenge/MATHSOLVE/zip/adcfa0537f43327f4bb9acfe1692f757fce353c4,,contestants/E10/13-archives/E10-grandchallenge-MATHSOLVE-adcfa0537f43327f4bb9acfe1692f757fce353c4.zip,MATHSOLVE-adcfa0537f43327f4bb9acfe1692f757fce353c4/work_packages/NS_CI_WP04_RESTRICTED_TARGETS.md,,c5d5abdf,Filename/path inference; editable in the app
345873,work_packages/OPENAI_TEN_PROOFS_WP00/README.md,General / shared,3743,Pinned collected revision; final designation governed by team receipt | 2fd9fd643bf3e9e98d121dc2e7af1cf1be411ae2,https://codeload.github.com/grandchallenge/MATHSOLVE/zip/2fd9fd643bf3e9e98d121dc2e7af1cf1be411ae2,,contestants/E10/13-archives/E10-grandchallenge-MATHSOLVE-2fd9fd643bf3e9e98d121dc2e7af1cf1be411ae2.zip,MATHSOLVE-2fd9fd643bf3e9e98d121dc2e7af1cf1be411ae2/work_packages/OPENAI_TEN_PROOFS_WP00/README.md,,77204431,Filename/path inference; editable in the app
348979,work_packages/OPENAI_TEN_PROOFS_WP00/README.md,General / shared,3743,Latest public revision collected separately; not an author-designated final | adcfa0537f43327f4bb9acfe1692f757fce353c4,https://codeload.github.com/grandchallenge/MATHSOLVE/zip/adcfa0537f43327f4bb9acfe1692f757fce353c4,,contestants/E10/13-archives/E10-grandchallenge-MATHSOLVE-adcfa0537f43327f4bb9acfe1692f757fce353c4.zip,MATHSOLVE-adcfa0537f43327f4bb9acfe1692f757fce353c4/work_packages/OPENAI_TEN_PROOFS_WP00/README.md,,77204431,Filename/path inference; editable in the app
345896,work_packages/OPENMATH_2026/AUTHORITATIVE_SOURCE_POOL/busy-beaver-6-certificates/PUBLIC_SOURCE/README.md,Busy Beaver,2931,Pinned collected revision; final designation governed by team receipt | 2fd9fd643bf3e9e98d121dc2e7af1cf1be411ae2,https://codeload.github.com/grandchallenge/MATHSOLVE/zip/2fd9fd643bf3e9e98d121dc2e7af1cf1be411ae2,,contestants/E10/13-archives/E10-grandchallenge-MATHSOLVE-2fd9fd643bf3e9e98d121dc2e7af1cf1be411ae2.zip,MATHSOLVE-2fd9fd643bf3e9e98d121dc2e7af1cf1be411ae2/work_packages/OPENMATH_2026/AUTHORITATIVE_SOURCE_POOL/busy-beaver-6-certificates/PUBLIC_SOURCE/README.md,,d931c56b,Filename/path inference; editable in the app
349002,work_packages/OPENMATH_2026/AUTHORITATIVE_SOURCE_POOL/busy-beaver-6-certificates/PUBLIC_SOURCE/README.md,Busy Beaver,2931,Latest public revision collected separately; not an author-designated final | adcfa0537f43327f4bb9acfe1692f757fce353c4,https://codeload.github.com/grandchallenge/MATHSOLVE/zip/adcfa0537f43327f4bb9acfe1692f757fce353c4,,contestants/E10/13-archives/E10-grandchallenge-MATHSOLVE-adcfa0537f43327f4bb9acfe1692f757fce353c4.zip,MATHSOLVE-adcfa0537f43327f4bb9acfe1692f757fce353c4/work_packages/OPENMATH_2026/AUTHORITATIVE_SOURCE_POOL/busy-beaver-6-certificates/PUBLIC_SOURCE/README.md,,d931c56b,Filename/path inference; editable in the app
345903,work_packages/OPENMATH_2026/AUTHORITATIVE_SOURCE_POOL/busy-beaver-6-certificates/README.md,Busy Beaver,2931,Pinned collected revision; final designation governed by team receipt | 2fd9fd643bf3e9e98d121dc2e7af1cf1be411ae2,https://codeload.github.com/grandchallenge/MATHSOLVE/zip/2fd9fd643bf3e9e98d121dc2e7af1cf1be411ae2,,contestants/E10/13-archives/E10-grandchallenge-MATHSOLVE-2fd9fd643bf3e9e98d121dc2e7af1cf1be411ae2.zip,MATHSOLVE-2fd9fd643bf3e9e98d121dc2e7af1cf1be411ae2/work_packages/OPENMATH_2026/AUTHORITATIVE_SOURCE_POOL/busy-beaver-6-certificates/README.md,,d931c56b,Filename/path inference; editable in the app
349009,work_packages/OPENMATH_2026/AUTHORITATIVE_SOURCE_POOL/busy-beaver-6-certificates/README.md,Busy Beaver,2931,Latest public revision collected separately; not an author-designated final | adcfa0537f43327f4bb9acfe1692f757fce353c4,https://codeload.github.com/grandchallenge/MATHSOLVE/zip/adcfa0537f43327f4bb9acfe1692f757fce353c4,,contestants/E10/13-archives/E10-grandchallenge-MATHSOLVE-adcfa0537f43327f4bb9acfe1692f757fce353c4.zip,MATHSOLVE-adcfa0537f43327f4bb9acfe1692f757fce353c4/work_packages/OPENMATH_2026/AUTHORITATIVE_SOURCE_POOL/busy-beaver-6-certificates/README.md,,d931c56b,Filename/path inference; editable in the app
345906,work_packages/OPENMATH_2026/AUTHORITATIVE_SOURCE_POOL/clique-cluster-ramsey-multiplicity/PUBLIC_SOURCE/LIFTING.md,Ramsey multiplicity,3221,Pinned collected revision; final designation governed by team receipt | 2fd9fd643bf3e9e98d121dc2e7af1cf1be411ae2,https://codeload.github.com/grandchallenge/MATHSOLVE/zip/2fd9fd643bf3e9e98d121dc2e7af1cf1be411ae2,,contestants/E10/13-archives/E10-grandchallenge-MATHSOLVE-2fd9fd643bf3e9e98d121dc2e7af1cf1be411ae2.zip,MATHSOLVE-2fd9fd643bf3e9e98d121dc2e7af1cf1be411ae2/work_packages/OPENMATH_2026/AUTHORITATIVE_SOURCE_POOL/clique-cluster-ramsey-multiplicity/PUBLIC_SOURCE/LIFTING.md,,db21d507,Filename/path inference; editable in the app
349012,work_packages/OPENMATH_2026/AUTHORITATIVE_SOURCE_POOL/clique-cluster-ramsey-multiplicity/PUBLIC_SOURCE/LIFTING.md,Ramsey multiplicity,3221,Latest public revision collected separately; not an author-designated final | adcfa0537f43327f4bb9acfe1692f757fce353c4,https://codeload.github.com/grandchallenge/MATHSOLVE/zip/adcfa0537f43327f4bb9acfe1692f757fce353c4,,contestants/E10/13-archives/E10-grandchallenge-MATHSOLVE-adcfa0537f43327f4bb9acfe1692f757fce353c4.zip,MATHSOLVE-adcfa0537f43327f4bb9acfe1692f757fce353c4/work_packages/OPENMATH_2026/AUTHORITATIVE_SOURCE_POOL/clique-cluster-ramsey-multiplicity/PUBLIC_SOURCE/LIFTING.md,,db21d507,Filename/path inference; editable in the app
345907,work_packages/OPENMATH_2026/AUTHORITATIVE_SOURCE_POOL/clique-cluster-ramsey-multiplicity/PUBLIC_SOURCE/README.md,Ramsey multiplicity,8880,Pinned collected revision; final designation governed by team receipt | 2fd9fd643bf3e9e98d121dc2e7af1cf1be411ae2,https://codeload.github.com/grandchallenge/MATHSOLVE/zip/2fd9fd643bf3e9e98d121dc2e7af1cf1be411ae2,,contestants/E10/13-archives/E10-grandchallenge-MATHSOLVE-2fd9fd643bf3e9e98d121dc2e7af1cf1be411ae2.zip,MATHSOLVE-2fd9fd643bf3e9e98d121dc2e7af1cf1be411ae2/work_packages/OPENMATH_2026/AUTHORITATIVE_SOURCE_POOL/clique-cluster-ramsey-multiplicity/PUBLIC_SOURCE/README.md,,4a0ab9a3,Filename/path inference; editable in the app
349013,work_packages/OPENMATH_2026/AUTHORITATIVE_SOURCE_POOL/clique-cluster-ramsey-multiplicity/PUBLIC_SOURCE/README.md,Ramsey multiplicity,8880,Latest public revision collected separately; not an author-designated final | adcfa0537f43327f4bb9acfe1692f757fce353c4,https://codeload.github.com/grandchallenge/MATHSOLVE/zip/adcfa0537f43327f4bb9acfe1692f757fce353c4,,contestants/E10/13-archives/E10-grandchallenge-MATHSOLVE-adcfa0537f43327f4bb9acfe1692f757fce353c4.zip,MATHSOLVE-adcfa0537f43327f4bb9acfe1692f757fce353c4/work_packages/OPENMATH_2026/AUTHORITATIVE_SOURCE_POOL/clique-cluster-ramsey-multiplicity/PUBLIC_SOURCE/README.md,,4a0ab9a3,Filename/path inference; editable in the app
345908,work_packages/OPENMATH_2026/AUTHORITATIVE_SOURCE_POOL/clique-cluster-ramsey-multiplicity/PUBLIC_SOURCE/SOURCES.md,Ramsey multiplicity,3717,Pinned collected revision; final designation governed by team receipt | 2fd9fd643bf3e9e98d121dc2e7af1cf1be411ae2,https://codeload.github.com/grandchallenge/MATHSOLVE/zip/2fd9fd643bf3e9e98d121dc2e7af1cf1be411ae2,,contestants/E10/13-archives/E10-grandchallenge-MATHSOLVE-2fd9fd643bf3e9e98d121dc2e7af1cf1be411ae2.zip,MATHSOLVE-2fd9fd643bf3e9e98d121dc2e7af1cf1be411ae2/work_packages/OPENMATH_2026/AUTHORITATIVE_SOURCE_POOL/clique-cluster-ramsey-multiplicity/PUBLIC_SOURCE/SOURCES.md,,72b3d7a8,Filename/path inference; editable in the app
349014,work_packages/OPENMATH_2026/AUTHORITATIVE_SOURCE_POOL/clique-cluster-ramsey-multiplicity/PUBLIC_SOURCE/SOURCES.md,Ramsey multiplicity,3717,Latest public revision collected separately; not an author-designated final | adcfa0537f43327f4bb9acfe1692f757fce353c4,https://codeload.github.com/grandchallenge/MATHSOLVE/zip/adcfa0537f43327f4bb9acfe1692f757fce353c4,,contestants/E10/13-archives/E10-grandchallenge-MATHSOLVE-adcfa0537f43327f4bb9acfe1692f757fce353c4.zip,MATHSOLVE-adcfa0537f43327f4bb9acfe1692f757fce353c4/work_packages/OPENMATH_2026/AUTHORITATIVE_SOURCE_POOL/clique-cluster-ramsey-multiplicity/PUBLIC_SOURCE/SOURCES.md,,72b3d7a8,Filename/path inference; editable in the app
345915,work_packages/OPENMATH_2026/AUTHORITATIVE_SOURCE_POOL/clique-cluster-ramsey-multiplicity/README.md,Ramsey multiplicity,8880,Pinned collected revision; final designation governed by team receipt | 2fd9fd643bf3e9e98d121dc2e7af1cf1be411ae2,https://codeload.github.com/grandchallenge/MATHSOLVE/zip/2fd9fd643bf3e9e98d121dc2e7af1cf1be411ae2,,contestants/E10/13-archives/E10-grandchallenge-MATHSOLVE-2fd9fd643bf3e9e98d121dc2e7af1cf1be411ae2.zip,MATHSOLVE-2fd9fd643bf3e9e98d121dc2e7af1cf1be411ae2/work_packages/OPENMATH_2026/AUTHORITATIVE_SOURCE_POOL/clique-cluster-ramsey-multiplicity/README.md,,4a0ab9a3,Filename/path inference; editable in the app
349021,work_packages/OPENMATH_2026/AUTHORITATIVE_SOURCE_POOL/clique-cluster-ramsey-multiplicity/README.md,Ramsey multiplicity,8880,Latest public revision collected separately; not an author-designated final | adcfa0537f43327f4bb9acfe1692f757fce353c4,https://codeload.github.com/grandchallenge/MATHSOLVE/zip/adcfa0537f43327f4bb9acfe1692f757fce353c4,,contestants/E10/13-archives/E10-grandchallenge-MATHSOLVE-adcfa0537f43327f4bb9acfe1692f757fce353c4.zip,MATHSOLVE-adcfa0537f43327f4bb9acfe1692f757fce353c4/work_packages/OPENMATH_2026/AUTHORITATIVE_SOURCE_POOL/clique-cluster-ramsey-multiplicity/README.md,,4a0ab9a3,Filename/path inference; editable in the app
345918,work_packages/OPENMATH_2026/AUTHORITATIVE_SOURCE_POOL/collatz-modular-descent/PUBLIC_SOURCE/README.md,Collatz,3002,Pinned collected revision; final designation governed by team receipt | 2fd9fd643bf3e9e98d121dc2e7af1cf1be411ae2,https://codeload.github.com/grandchallenge/MATHSOLVE/zip/2fd9fd643bf3e9e98d121dc2e7af1cf1be411ae2,,contestants/E10/13-archives/E10-grandchallenge-MATHSOLVE-2fd9fd643bf3e9e98d121dc2e7af1cf1be411ae2.zip,MATHSOLVE-2fd9fd643bf3e9e98d121dc2e7af1cf1be411ae2/work_packages/OPENMATH_2026/AUTHORITATIVE_SOURCE_POOL/collatz-modular-descent/PUBLIC_SOURCE/README.md,,0d642dcd,Filename/path inference; editable in the app
349024,work_packages/OPENMATH_2026/AUTHORITATIVE_SOURCE_POOL/collatz-modular-descent/PUBLIC_SOURCE/README.md,Collatz,3002,Latest public revision collected separately; not an author-designated final | adcfa0537f43327f4bb9acfe1692f757fce353c4,https://codeload.github.com/grandchallenge/MATHSOLVE/zip/adcfa0537f43327f4bb9acfe1692f757fce353c4,,contestants/E10/13-archives/E10-grandchallenge-MATHSOLVE-adcfa0537f43327f4bb9acfe1692f757fce353c4.zip,MATHSOLVE-adcfa0537f43327f4bb9acfe1692f757fce353c4/work_packages/OPENMATH_2026/AUTHORITATIVE_SOURCE_POOL/collatz-modular-descent/PUBLIC_SOURCE/README.md,,0d642dcd,Filename/path inference; editable in the app
345925,work_packages/OPENMATH_2026/AUTHORITATIVE_SOURCE_POOL/collatz-modular-descent/README.md,Collatz,3002,Pinned collected revision; final designation governed by team receipt | 2fd9fd643bf3e9e98d121dc2e7af1cf1be411ae2,https://codeload.github.com/grandchallenge/MATHSOLVE/zip/2fd9fd643bf3e9e98d121dc2e7af1cf1be411ae2,,contestants/E10/13-archives/E10-grandchallenge-MATHSOLVE-2fd9fd643bf3e9e98d121dc2e7af1cf1be411ae2.zip,MATHSOLVE-2fd9fd643bf3e9e98d121dc2e7af1cf1be411ae2/work_packages/OPENMATH_2026/AUTHORITATIVE_SOURCE_POOL/collatz-modular-descent/README.md,,0d642dcd,Filename/path inference; editable in the app
349031,work_packages/OPENMATH_2026/AUTHORITATIVE_SOURCE_POOL/collatz-modular-descent/README.md,Collatz,3002,Latest public revision collected separately; not an author-designated final | adcfa0537f43327f4bb9acfe1692f757fce353c4,https://codeload.github.com/grandchallenge/MATHSOLVE/zip/adcfa0537f43327f4bb9acfe1692f757fce353c4,,contestants/E10/13-archives/E10-grandchallenge-MATHSOLVE-adcfa0537f43327f4bb9acfe1692f757fce353c4.zip,MATHSOLVE-adcfa0537f43327f4bb9acfe1692f757fce353c4/work_packages/OPENMATH_2026/AUTHORITATIVE_SOURCE_POOL/collatz-modular-descent/README.md,,0d642dcd,Filename/path inference; editable in the app
345928,work_packages/OPENMATH_2026/AUTHORITATIVE_SOURCE_POOL/erdos-3/PUBLIC_SOURCE/README.md,Erdos 3,1410,Pinned collected revision; final designation governed by team receipt | 2fd9fd643bf3e9e98d121dc2e7af1cf1be411ae2,https://codeload.github.com/grandchallenge/MATHSOLVE/zip/2fd9fd643bf3e9e98d121dc2e7af1cf1be411ae2,,contestants/E10/13-archives/E10-grandchallenge-MATHSOLVE-2fd9fd643bf3e9e98d121dc2e7af1cf1be411ae2.zip,MATHSOLVE-2fd9fd643bf3e9e98d121dc2e7af1cf1be411ae2/work_packages/OPENMATH_2026/AUTHORITATIVE_SOURCE_POOL/erdos-3/PUBLIC_SOURCE/README.md,,b83190e2,Filename/path inference; editable in the app
349034,work_packages/OPENMATH_2026/AUTHORITATIVE_SOURCE_POOL/erdos-3/PUBLIC_SOURCE/README.md,Erdos 3,1410,Latest public revision collected separately; not an author-designated final | adcfa0537f43327f4bb9acfe1692f757fce353c4,https://codeload.github.com/grandchallenge/MATHSOLVE/zip/adcfa0537f43327f4bb9acfe1692f757fce353c4,,contestants/E10/13-archives/E10-grandchallenge-MATHSOLVE-adcfa0537f43327f4bb9acfe1692f757fce353c4.zip,MATHSOLVE-adcfa0537f43327f4bb9acfe1692f757fce353c4/work_packages/OPENMATH_2026/AUTHORITATIVE_SOURCE_POOL/erdos-3/PUBLIC_SOURCE/README.md,,b83190e2,Filename/path inference; editable in the app
345936,work_packages/OPENMATH_2026/AUTHORITATIVE_SOURCE_POOL/erdos-3/README.md,Erdos 3,1410,Pinned collected revision; final designation governed by team receipt | 2fd9fd643bf3e9e98d121dc2e7af1cf1be411ae2,https://codeload.github.com/grandchallenge/MATHSOLVE/zip/2fd9fd643bf3e9e98d121dc2e7af1cf1be411ae2,,contestants/E10/13-archives/E10-grandchallenge-MATHSOLVE-2fd9fd643bf3e9e98d121dc2e7af1cf1be411ae2.zip,MATHSOLVE-2fd9fd643bf3e9e98d121dc2e7af1cf1be411ae2/work_packages/OPENMATH_2026/AUTHORITATIVE_SOURCE_POOL/erdos-3/README.md,,b83190e2,Filename/path inference; editable in the app
349042,work_packages/OPENMATH_2026/AUTHORITATIVE_SOURCE_POOL/erdos-3/README.md,Erdos 3,1410,Latest public revision collected separately; not an author-designated final | adcfa0537f43327f4bb9acfe1692f757fce353c4,https://codeload.github.com/grandchallenge/MATHSOLVE/zip/adcfa0537f43327f4bb9acfe1692f757fce353c4,,contestants/E10/13-archives/E10-grandchallenge-MATHSOLVE-adcfa0537f43327f4bb9acfe1692f757fce353c4.zip,MATHSOLVE-adcfa0537f43327f4bb9acfe1692f757fce353c4/work_packages/OPENMATH_2026/AUTHORITATIVE_SOURCE_POOL/erdos-3/README.md,,b83190e2,Filename/path inference; editable in the app
345939,work_packages/OPENMATH_2026/AUTHORITATIVE_SOURCE_POOL/grothendieck-constant-witnesses/PUBLIC_SOURCE/README.md,Grothendieck / CHSH,3349,Pinned collected revision; final designation governed by team receipt | 2fd9fd643bf3e9e98d121dc2e7af1cf1be411ae2,https://codeload.github.com/grandchallenge/MATHSOLVE/zip/2fd9fd643bf3e9e98d121dc2e7af1cf1be411ae2,,contestants/E10/13-archives/E10-grandchallenge-MATHSOLVE-2fd9fd643bf3e9e98d121dc2e7af1cf1be411ae2.zip,MATHSOLVE-2fd9fd643bf3e9e98d121dc2e7af1cf1be411ae2/work_packages/OPENMATH_2026/AUTHORITATIVE_SOURCE_POOL/grothendieck-constant-witnesses/PUBLIC_SOURCE/README.md,,80e93e39,Filename/path inference; editable in the app
349045,work_packages/OPENMATH_2026/AUTHORITATIVE_SOURCE_POOL/grothendieck-constant-witnesses/PUBLIC_SOURCE/README.md,Grothendieck / CHSH,3349,Latest public revision collected separately; not an author-designated final | adcfa0537f43327f4bb9acfe1692f757fce353c4,https://codeload.github.com/grandchallenge/MATHSOLVE/zip/adcfa0537f43327f4bb9acfe1692f757fce353c4,,contestants/E10/13-archives/E10-grandchallenge-MATHSOLVE-adcfa0537f43327f4bb9acfe1692f757fce353c4.zip,MATHSOLVE-adcfa0537f43327f4bb9acfe1692f757fce353c4/work_packages/OPENMATH_2026/AUTHORITATIVE_SOURCE_POOL/grothendieck-constant-witnesses/PUBLIC_SOURCE/README.md,,80e93e39,Filename/path inference; editable in the app
345946,work_packages/OPENMATH_2026/AUTHORITATIVE_SOURCE_POOL/grothendieck-constant-witnesses/README.md,Grothendieck / CHSH,3349,Pinned collected revision; final designation governed by team receipt | 2fd9fd643bf3e9e98d121dc2e7af1cf1be411ae2,https://codeload.github.com/grandchallenge/MATHSOLVE/zip/2fd9fd643bf3e9e98d121dc2e7af1cf1be411ae2,,contestants/E10/13-archives/E10-grandchallenge-MATHSOLVE-2fd9fd643bf3e9e98d121dc2e7af1cf1be411ae2.zip,MATHSOLVE-2fd9fd643bf3e9e98d121dc2e7af1cf1be411ae2/work_packages/OPENMATH_2026/AUTHORITATIVE_SOURCE_POOL/grothendieck-constant-witnesses/README.md,,80e93e39,Filename/path inference; editable in the app
349052,work_packages/OPENMATH_2026/AUTHORITATIVE_SOURCE_POOL/grothendieck-constant-witnesses/README.md,Grothendieck / CHSH,3349,Latest public revision collected separately; not an author-designated final | adcfa0537f43327f4bb9acfe1692f757fce353c4,https://codeload.github.com/grandchallenge/MATHSOLVE/zip/adcfa0537f43327f4bb9acfe1692f757fce353c4,,contestants/E10/13-archives/E10-grandchallenge-MATHSOLVE-adcfa0537f43327f4bb9acfe1692f757fce353c4.zip,MATHSOLVE-adcfa0537f43327f4bb9acfe1692f757fce353c4/work_packages/OPENMATH_2026/AUTHORITATIVE_SOURCE_POOL/grothendieck-constant-witnesses/README.md,,80e93e39,Filename/path inference; editable in the app
345949,work_packages/OPENMATH_2026/AUTHORITATIVE_SOURCE_POOL/matrix-multiplication-tensor-3x3/PUBLIC_SOURCE/README.md,Matrix multiplication,2982,Pinned collected revision; final designation governed by team receipt | 2fd9fd643bf3e9e98d121dc2e7af1cf1be411ae2,https://codeload.github.com/grandchallenge/MATHSOLVE/zip/2fd9fd643bf3e9e98d121dc2e7af1cf1be411ae2,,contestants/E10/13-archives/E10-grandchallenge-MATHSOLVE-2fd9fd643bf3e9e98d121dc2e7af1cf1be411ae2.zip,MATHSOLVE-2fd9fd643bf3e9e98d121dc2e7af1cf1be411ae2/work_packages/OPENMATH_2026/AUTHORITATIVE_SOURCE_POOL/matrix-multiplication-tensor-3x3/PUBLIC_SOURCE/README.md,,aefce226,Filename/path inference; editable in the app
349055,work_packages/OPENMATH_2026/AUTHORITATIVE_SOURCE_POOL/matrix-multiplication-tensor-3x3/PUBLIC_SOURCE/README.md,Matrix multiplication,2982,Latest public revision collected separately; not an author-designated final | adcfa0537f43327f4bb9acfe1692f757fce353c4,https://codeload.github.com/grandchallenge/MATHSOLVE/zip/adcfa0537f43327f4bb9acfe1692f757fce353c4,,contestants/E10/13-archives/E10-grandchallenge-MATHSOLVE-adcfa0537f43327f4bb9acfe1692f757fce353c4.zip,MATHSOLVE-adcfa0537f43327f4bb9acfe1692f757fce353c4/work_packages/OPENMATH_2026/AUTHORITATIVE_SOURCE_POOL/matrix-multiplication-tensor-3x3/PUBLIC_SOURCE/README.md,,aefce226,Filename/path inference; editable in the app
345956,work_packages/OPENMATH_2026/AUTHORITATIVE_SOURCE_POOL/matrix-multiplication-tensor-3x3/README.md,Matrix multiplication,2982,Pinned collected revision; final designation governed by team receipt | 2fd9fd643bf3e9e98d121dc2e7af1cf1be411ae2,https://codeload.github.com/grandchallenge/MATHSOLVE/zip/2fd9fd643bf3e9e98d121dc2e7af1cf1be411ae2,,contestants/E10/13-archives/E10-grandchallenge-MATHSOLVE-2fd9fd643bf3e9e98d121dc2e7af1cf1be411ae2.zip,MATHSOLVE-2fd9fd643bf3e9e98d121dc2e7af1cf1be411ae2/work_packages/OPENMATH_2026/AUTHORITATIVE_SOURCE_POOL/matrix-multiplication-tensor-3x3/README.md,,aefce226,Filename/path inference; editable in the app
349062,work_packages/OPENMATH_2026/AUTHORITATIVE_SOURCE_POOL/matrix-multiplication-tensor-3x3/README.md,Matrix multiplication,2982,Latest public revision collected separately; not an author-designated final | adcfa0537f43327f4bb9acfe1692f757fce353c4,https://codeload.github.com/grandchallenge/MATHSOLVE/zip/adcfa0537f43327f4bb9acfe1692f757fce353c4,,contestants/E10/13-archives/E10-grandchallenge-MATHSOLVE-adcfa0537f43327f4bb9acfe1692f757fce353c4.zip,MATHSOLVE-adcfa0537f43327f4bb9acfe1692f757fce353c4/work_packages/OPENMATH_2026/AUTHORITATIVE_SOURCE_POOL/matrix-multiplication-tensor-3x3/README.md,,aefce226,Filename/path inference; editable in the app
345957,work_packages/OPENMATH_2026/CEI_DISPATCH_TEMPLATE.md,General / shared,1074,Pinned collected revision; final designation governed by team receipt | 2fd9fd643bf3e9e98d121dc2e7af1cf1be411ae2,https://codeload.github.com/grandchallenge/MATHSOLVE/zip/2fd9fd643bf3e9e98d121dc2e7af1cf1be411ae2,,contestants/E10/13-archives/E10-grandchallenge-MATHSOLVE-2fd9fd643bf3e9e98d121dc2e7af1cf1be411ae2.zip,MATHSOLVE-2fd9fd643bf3e9e98d121dc2e7af1cf1be411ae2/work_packages/OPENMATH_2026/CEI_DISPATCH_TEMPLATE.md,,f1982baa,Filename/path inference; editable in the app
349063,work_packages/OPENMATH_2026/CEI_DISPATCH_TEMPLATE.md,General / shared,1074,Latest public revision collected separately; not an author-designated final | adcfa0537f43327f4bb9acfe1692f757fce353c4,https://codeload.github.com/grandchallenge/MATHSOLVE/zip/adcfa0537f43327f4bb9acfe1692f757fce353c4,,contestants/E10/13-archives/E10-grandchallenge-MATHSOLVE-adcfa0537f43327f4bb9acfe1692f757fce353c4.zip,MATHSOLVE-adcfa0537f43327f4bb9acfe1692f757fce353c4/work_packages/OPENMATH_2026/CEI_DISPATCH_TEMPLATE.md,,f1982baa,Filename/path inference; editable in the app
345963,work_packages/OPENMATH_2026/COMPETITION_PACKETS/H1_STATUS_REVIEW.md,General / shared,3302,Pinned collected revision; final designation governed by team receipt | 2fd9fd643bf3e9e98d121dc2e7af1cf1be411ae2,https://codeload.github.com/grandchallenge/MATHSOLVE/zip/2fd9fd643bf3e9e98d121dc2e7af1cf1be411ae2,,contestants/E10/13-archives/E10-grandchallenge-MATHSOLVE-2fd9fd643bf3e9e98d121dc2e7af1cf1be411ae2.zip,MATHSOLVE-2fd9fd643bf3e9e98d121dc2e7af1cf1be411ae2/work_packages/OPENMATH_2026/COMPETITION_PACKETS/H1_STATUS_REVIEW.md,,9d9f3291,Filename/path inference; editable in the app
349069,work_packages/OPENMATH_2026/COMPETITION_PACKETS/H1_STATUS_REVIEW.md,General / shared,3302,Latest public revision collected separately; not an author-designated final | adcfa0537f43327f4bb9acfe1692f757fce353c4,https://codeload.github.com/grandchallenge/MATHSOLVE/zip/adcfa0537f43327f4bb9acfe1692f757fce353c4,,contestants/E10/13-archives/E10-grandchallenge-MATHSOLVE-adcfa0537f43327f4bb9acfe1692f757fce353c4.zip,MATHSOLVE-adcfa0537f43327f4bb9acfe1692f757fce353c4/work_packages/OPENMATH_2026/COMPETITION_PACKETS/H1_STATUS_REVIEW.md,,9d9f3291,Filename/path inference; editable in the app
345966,work_packages/OPENMATH_2026/COMPETITION_PACKETS/H2_STATUS_REVIEW.md,General / shared,2439,Pinned collected revision; final designation governed by team receipt | 2fd9fd643bf3e9e98d121dc2e7af1cf1be411ae2,https://codeload.github.com/grandchallenge/MATHSOLVE/zip/2fd9fd643bf3e9e98d121dc2e7af1cf1be411ae2,,contestants/E10/13-archives/E10-grandchallenge-MATHSOLVE-2fd9fd643bf3e9e98d121dc2e7af1cf1be411ae2.zip,MATHSOLVE-2fd9fd643bf3e9e98d121dc2e7af1cf1be411ae2/work_packages/OPENMATH_2026/COMPETITION_PACKETS/H2_STATUS_REVIEW.md,,a6abc90d,Filename/path inference; editable in the app
349072,work_packages/OPENMATH_2026/COMPETITION_PACKETS/H2_STATUS_REVIEW.md,General / shared,2439,Latest public revision collected separately; not an author-designated final | adcfa0537f43327f4bb9acfe1692f757fce353c4,https://codeload.github.com/grandchallenge/MATHSOLVE/zip/adcfa0537f43327f4bb9acfe1692f757fce353c4,,contestants/E10/13-archives/E10-grandchallenge-MATHSOLVE-adcfa0537f43327f4bb9acfe1692f757fce353c4.zip,MATHSOLVE-adcfa0537f43327f4bb9acfe1692f757fce353c4/work_packages/OPENMATH_2026/COMPETITION_PACKETS/H2_STATUS_REVIEW.md,,a6abc90d,Filename/path inference; editable in the app
345975,work_packages/OPENMATH_2026/COMPETITION_PACKETS/README.md,General / shared,3916,Pinned collected revision; final designation governed by team receipt | 2fd9fd643bf3e9e98d121dc2e7af1cf1be411ae2,https://codeload.github.com/grandchallenge/MATHSOLVE/zip/2fd9fd643bf3e9e98d121dc2e7af1cf1be411ae2,,contestants/E10/13-archives/E10-grandchallenge-MATHSOLVE-2fd9fd643bf3e9e98d121dc2e7af1cf1be411ae2.zip,MATHSOLVE-2fd9fd643bf3e9e98d121dc2e7af1cf1be411ae2/work_packages/OPENMATH_2026/COMPETITION_PACKETS/README.md,,275527a6,Filename/path inference; editable in the app
349081,work_packages/OPENMATH_2026/COMPETITION_PACKETS/README.md,General / shared,3916,Latest public revision collected separately; not an author-designated final | adcfa0537f43327f4bb9acfe1692f757fce353c4,https://codeload.github.com/grandchallenge/MATHSOLVE/zip/adcfa0537f43327f4bb9acfe1692f757fce353c4,,contestants/E10/13-archives/E10-grandchallenge-MATHSOLVE-adcfa0537f43327f4bb9acfe1692f757fce353c4.zip,MATHSOLVE-adcfa0537f43327f4bb9acfe1692f757fce353c4/work_packages/OPENMATH_2026/COMPETITION_PACKETS/README.md,,275527a6,Filename/path inference; editable in the app
345985,work_packages/OPENMATH_2026/FAILURE_LEDGER.md,General / shared,1245,Pinned collected revision; final designation governed by team receipt | 2fd9fd643bf3e9e98d121dc2e7af1cf1be411ae2,https://codeload.github.com/grandchallenge/MATHSOLVE/zip/2fd9fd643bf3e9e98d121dc2e7af1cf1be411ae2,,contestants/E10/13-archives/E10-grandchallenge-MATHSOLVE-2fd9fd643bf3e9e98d121dc2e7af1cf1be411ae2.zip,MATHSOLVE-2fd9fd643bf3e9e98d121dc2e7af1cf1be411ae2/work_packages/OPENMATH_2026/FAILURE_LEDGER.md,,a0beb359,Filename/path inference; editable in the app
349091,work_packages/OPENMATH_2026/FAILURE_LEDGER.md,General / shared,1245,Latest public revision collected separately; not an author-designated final | adcfa0537f43327f4bb9acfe1692f757fce353c4,https://codeload.github.com/grandchallenge/MATHSOLVE/zip/adcfa0537f43327f4bb9acfe1692f757fce353c4,,contestants/E10/13-archives/E10-grandchallenge-MATHSOLVE-adcfa0537f43327f4bb9acfe1692f757fce353c4.zip,MATHSOLVE-adcfa0537f43327f4bb9acfe1692f757fce353c4/work_packages/OPENMATH_2026/FAILURE_LEDGER.md,,a0beb359,Filename/path inference; editable in the app
345993,work_packages/OPENMATH_2026/NEXT_ACTION.md,General / shared,1469,Pinned collected revision; final designation governed by team receipt | 2fd9fd643bf3e9e98d121dc2e7af1cf1be411ae2,https://codeload.github.com/grandchallenge/MATHSOLVE/zip/2fd9fd643bf3e9e98d121dc2e7af1cf1be411ae2,,contestants/E10/13-archives/E10-grandchallenge-MATHSOLVE-2fd9fd643bf3e9e98d121dc2e7af1cf1be411ae2.zip,MATHSOLVE-2fd9fd643bf3e9e98d121dc2e7af1cf1be411ae2/work_packages/OPENMATH_2026/NEXT_ACTION.md,,9273304a,Filename/path inference; editable in the app
349099,work_packages/OPENMATH_2026/NEXT_ACTION.md,General / shared,1469,Latest public revision collected separately; not an author-designated final | adcfa0537f43327f4bb9acfe1692f757fce353c4,https://codeload.github.com/grandchallenge/MATHSOLVE/zip/adcfa0537f43327f4bb9acfe1692f757fce353c4,,contestants/E10/13-archives/E10-grandchallenge-MATHSOLVE-adcfa0537f43327f4bb9acfe1692f757fce353c4.zip,MATHSOLVE-adcfa0537f43327f4bb9acfe1692f757fce353c4/work_packages/OPENMATH_2026/NEXT_ACTION.md,,9273304a,Filename/path inference; editable in the app
345994,work_packages/OPENMATH_2026/OBLIGATION_TEMPLATE.md,General / shared,2491,Pinned collected revision; final designation governed by team receipt | 2fd9fd643bf3e9e98d121dc2e7af1cf1be411ae2,https://codeload.github.com/grandchallenge/MATHSOLVE/zip/2fd9fd643bf3e9e98d121dc2e7af1cf1be411ae2,,contestants/E10/13-archives/E10-grandchallenge-MATHSOLVE-2fd9fd643bf3e9e98d121dc2e7af1cf1be411ae2.zip,MATHSOLVE-2fd9fd643bf3e9e98d121dc2e7af1cf1be411ae2/work_packages/OPENMATH_2026/OBLIGATION_TEMPLATE.md,,d6531517,Filename/path inference; editable in the app
349100,work_packages/OPENMATH_2026/OBLIGATION_TEMPLATE.md,General / shared,2491,Latest public revision collected separately; not an author-designated final | adcfa0537f43327f4bb9acfe1692f757fce353c4,https://codeload.github.com/grandchallenge/MATHSOLVE/zip/adcfa0537f43327f4bb9acfe1692f757fce353c4,,contestants/E10/13-archives/E10-grandchallenge-MATHSOLVE-adcfa0537f43327f4bb9acfe1692f757fce353c4.zip,MATHSOLVE-adcfa0537f43327f4bb9acfe1692f757fce353c4/work_packages/OPENMATH_2026/OBLIGATION_TEMPLATE.md,,d6531517,Filename/path inference; editable in the app
346005,work_packages/OPENMATH_2026/OM26_H1_KOBON_TRIANGLES/FACE_CRITERION.md,Kobon triangles,2995,Pinned collected revision; final designation governed by team receipt | 2fd9fd643bf3e9e98d121dc2e7af1cf1be411ae2,https://codeload.github.com/grandchallenge/MATHSOLVE/zip/2fd9fd643bf3e9e98d121dc2e7af1cf1be411ae2,,contestants/E10/13-archives/E10-grandchallenge-MATHSOLVE-2fd9fd643bf3e9e98d121dc2e7af1cf1be411ae2.zip,MATHSOLVE-2fd9fd643bf3e9e98d121dc2e7af1cf1be411ae2/work_packages/OPENMATH_2026/OM26_H1_KOBON_TRIANGLES/FACE_CRITERION.md,,a4a18686,Filename/path inference; editable in the app
349111,work_packages/OPENMATH_2026/OM26_H1_KOBON_TRIANGLES/FACE_CRITERION.md,Kobon triangles,2995,Latest public revision collected separately; not an author-designated final | adcfa0537f43327f4bb9acfe1692f757fce353c4,https://codeload.github.com/grandchallenge/MATHSOLVE/zip/adcfa0537f43327f4bb9acfe1692f757fce353c4,,contestants/E10/13-archives/E10-grandchallenge-MATHSOLVE-adcfa0537f43327f4bb9acfe1692f757fce353c4.zip,MATHSOLVE-adcfa0537f43327f4bb9acfe1692f757fce353c4/work_packages/OPENMATH_2026/OM26_H1_KOBON_TRIANGLES/FACE_CRITERION.md,,a4a18686,Filename/path inference; editable in the app
346006,work_packages/OPENMATH_2026/OM26_H1_KOBON_TRIANGLES/FAILURE_LEDGER.md,Kobon triangles,1588,Pinned collected revision; final designation governed by team receipt | 2fd9fd643bf3e9e98d121dc2e7af1cf1be411ae2,https://codeload.github.com/grandchallenge/MATHSOLVE/zip/2fd9fd643bf3e9e98d121dc2e7af1cf1be411ae2,,contestants/E10/13-archives/E10-grandchallenge-MATHSOLVE-2fd9fd643bf3e9e98d121dc2e7af1cf1be411ae2.zip,MATHSOLVE-2fd9fd643bf3e9e98d121dc2e7af1cf1be411ae2/work_packages/OPENMATH_2026/OM26_H1_KOBON_TRIANGLES/FAILURE_LEDGER.md,,b779bd68,Filename/path inference; editable in the app
349112,work_packages/OPENMATH_2026/OM26_H1_KOBON_TRIANGLES/FAILURE_LEDGER.md,Kobon triangles,1588,Latest public revision collected separately; not an author-designated final | adcfa0537f43327f4bb9acfe1692f757fce353c4,https://codeload.github.com/grandchallenge/MATHSOLVE/zip/adcfa0537f43327f4bb9acfe1692f757fce353c4,,contestants/E10/13-archives/E10-grandchallenge-MATHSOLVE-adcfa0537f43327f4bb9acfe1692f757fce353c4.zip,MATHSOLVE-adcfa0537f43327f4bb9acfe1692f757fce353c4/work_packages/OPENMATH_2026/OM26_H1_KOBON_TRIANGLES/FAILURE_LEDGER.md,,b779bd68,Filename/path inference; editable in the app
346007,work_packages/OPENMATH_2026/OM26_H1_KOBON_TRIANGLES/FORMAL_ENVIRONMENT.md,Kobon triangles,2252,Pinned collected revision; final designation governed by team receipt | 2fd9fd643bf3e9e98d121dc2e7af1cf1be411ae2,https://codeload.github.com/grandchallenge/MATHSOLVE/zip/2fd9fd643bf3e9e98d121dc2e7af1cf1be411ae2,,contestants/E10/13-archives/E10-grandchallenge-MATHSOLVE-2fd9fd643bf3e9e98d121dc2e7af1cf1be411ae2.zip,MATHSOLVE-2fd9fd643bf3e9e98d121dc2e7af1cf1be411ae2/work_packages/OPENMATH_2026/OM26_H1_KOBON_TRIANGLES/FORMAL_ENVIRONMENT.md,,8601e4d4,Filename/path inference; editable in the app
349113,work_packages/OPENMATH_2026/OM26_H1_KOBON_TRIANGLES/FORMAL_ENVIRONMENT.md,Kobon triangles,2252,Latest public revision collected separately; not an author-designated final | adcfa0537f43327f4bb9acfe1692f757fce353c4,https://codeload.github.com/grandchallenge/MATHSOLVE/zip/adcfa0537f43327f4bb9acfe1692f757fce353c4,,contestants/E10/13-archives/E10-grandchallenge-MATHSOLVE-adcfa0537f43327f4bb9acfe1692f757fce353c4.zip,MATHSOLVE-adcfa0537f43327f4bb9acfe1692f757fce353c4/work_packages/OPENMATH_2026/OM26_H1_KOBON_TRIANGLES/FORMAL_ENVIRONMENT.md,,8601e4d4,Filename/path inference; editable in the app
346008,work_packages/OPENMATH_2026/OM26_H1_KOBON_TRIANGLES/H1_02_FALSIFICATION_LEDGER.md,Kobon triangles,960,Pinned collected revision; final designation governed by team receipt | 2fd9fd643bf3e9e98d121dc2e7af1cf1be411ae2,https://codeload.github.com/grandchallenge/MATHSOLVE/zip/2fd9fd643bf3e9e98d121dc2e7af1cf1be411ae2,,contestants/E10/13-archives/E10-grandchallenge-MATHSOLVE-2fd9fd643bf3e9e98d121dc2e7af1cf1be411ae2.zip,MATHSOLVE-2fd9fd643bf3e9e98d121dc2e7af1cf1be411ae2/work_packages/OPENMATH_2026/OM26_H1_KOBON_TRIANGLES/H1_02_FALSIFICATION_LEDGER.md,,add63b29,Filename/path inference; editable in the app
349114,work_packages/OPENMATH_2026/OM26_H1_KOBON_TRIANGLES/H1_02_FALSIFICATION_LEDGER.md,Kobon triangles,960,Latest public revision collected separately; not an author-designated final | adcfa0537f43327f4bb9acfe1692f757fce353c4,https://codeload.github.com/grandchallenge/MATHSOLVE/zip/adcfa0537f43327f4bb9acfe1692f757fce353c4,,contestants/E10/13-archives/E10-grandchallenge-MATHSOLVE-adcfa0537f43327f4bb9acfe1692f757fce353c4.zip,MATHSOLVE-adcfa0537f43327f4bb9acfe1692f757fce353c4/work_packages/OPENMATH_2026/OM26_H1_KOBON_TRIANGLES/H1_02_FALSIFICATION_LEDGER.md,,add63b29,Filename/path inference; editable in the app
346013,work_packages/OPENMATH_2026/OM26_H1_KOBON_TRIANGLES/H1_12_3333_D2_3_NONSAT_STAR_EXCLUSION.md,Kobon triangles,3548,Pinned collected revision; final designation governed by team receipt | 2fd9fd643bf3e9e98d121dc2e7af1cf1be411ae2,https://codeload.github.com/grandchallenge/MATHSOLVE/zip/2fd9fd643bf3e9e98d121dc2e7af1cf1be411ae2,,contestants/E10/13-archives/E10-grandchallenge-MATHSOLVE-2fd9fd643bf3e9e98d121dc2e7af1cf1be411ae2.zip,MATHSOLVE-2fd9fd643bf3e9e98d121dc2e7af1cf1be411ae2/work_packages/OPENMATH_2026/OM26_H1_KOBON_TRIANGLES/H1_12_3333_D2_3_NONSAT_STAR_EXCLUSION.md,,eb1018cc,Filename/path inference; editable in the app
349119,work_packages/OPENMATH_2026/OM26_H1_KOBON_TRIANGLES/H1_12_3333_D2_3_NONSAT_STAR_EXCLUSION.md,Kobon triangles,3548,Latest public revision collected separately; not an author-designated final | adcfa0537f43327f4bb9acfe1692f757fce353c4,https://codeload.github.com/grandchallenge/MATHSOLVE/zip/adcfa0537f43327f4bb9acfe1692f757fce353c4,,contestants/E10/13-archives/E10-grandchallenge-MATHSOLVE-adcfa0537f43327f4bb9acfe1692f757fce353c4.zip,MATHSOLVE-adcfa0537f43327f4bb9acfe1692f757fce353c4/work_packages/OPENMATH_2026/OM26_H1_KOBON_TRIANGLES/H1_12_3333_D2_3_NONSAT_STAR_EXCLUSION.md,,eb1018cc,Filename/path inference; editable in the app
346014,work_packages/OPENMATH_2026/OM26_H1_KOBON_TRIANGLES/H1_12_3333_D2_3_P4_EXCLUSION.md,Kobon triangles,4107,Pinned collected revision; final designation governed by team receipt | 2fd9fd643bf3e9e98d121dc2e7af1cf1be411ae2,https://codeload.github.com/grandchallenge/MATHSOLVE/zip/2fd9fd643bf3e9e98d121dc2e7af1cf1be411ae2,,contestants/E10/13-archives/E10-grandchallenge-MATHSOLVE-2fd9fd643bf3e9e98d121dc2e7af1cf1be411ae2.zip,MATHSOLVE-2fd9fd643bf3e9e98d121dc2e7af1cf1be411ae2/work_packages/OPENMATH_2026/OM26_H1_KOBON_TRIANGLES/H1_12_3333_D2_3_P4_EXCLUSION.md,,ea7c450a,Filename/path inference; editable in the app
349120,work_packages/OPENMATH_2026/OM26_H1_KOBON_TRIANGLES/H1_12_3333_D2_3_P4_EXCLUSION.md,Kobon triangles,4107,Latest public revision collected separately; not an author-designated final | adcfa0537f43327f4bb9acfe1692f757fce353c4,https://codeload.github.com/grandchallenge/MATHSOLVE/zip/adcfa0537f43327f4bb9acfe1692f757fce353c4,,contestants/E10/13-archives/E10-grandchallenge-MATHSOLVE-adcfa0537f43327f4bb9acfe1692f757fce353c4.zip,MATHSOLVE-adcfa0537f43327f4bb9acfe1692f757fce353c4/work_packages/OPENMATH_2026/OM26_H1_KOBON_TRIANGLES/H1_12_3333_D2_3_P4_EXCLUSION.md,,ea7c450a,Filename/path inference; editable in the app
346015,work_packages/OPENMATH_2026/OM26_H1_KOBON_TRIANGLES/H1_12_3333_D2_3_SATURATED_EQUALITY_EXCLUSION.md,Kobon triangles,5484,Pinned collected revision; final designation governed by team receipt | 2fd9fd643bf3e9e98d121dc2e7af1cf1be411ae2,https://codeload.github.com/grandchallenge/MATHSOLVE/zip/2fd9fd643bf3e9e98d121dc2e7af1cf1be411ae2,,contestants/E10/13-archives/E10-grandchallenge-MATHSOLVE-2fd9fd643bf3e9e98d121dc2e7af1cf1be411ae2.zip,MATHSOLVE-2fd9fd643bf3e9e98d121dc2e7af1cf1be411ae2/work_packages/OPENMATH_2026/OM26_H1_KOBON_TRIANGLES/H1_12_3333_D2_3_SATURATED_EQUALITY_EXCLUSION.md,,d26d825d,Filename/path inference; editable in the app
349121,work_packages/OPENMATH_2026/OM26_H1_KOBON_TRIANGLES/H1_12_3333_D2_3_SATURATED_EQUALITY_EXCLUSION.md,Kobon triangles,5484,Latest public revision collected separately; not an author-designated final | adcfa0537f43327f4bb9acfe1692f757fce353c4,https://codeload.github.com/grandchallenge/MATHSOLVE/zip/adcfa0537f43327f4bb9acfe1692f757fce353c4,,contestants/E10/13-archives/E10-grandchallenge-MATHSOLVE-adcfa0537f43327f4bb9acfe1692f757fce353c4.zip,MATHSOLVE-adcfa0537f43327f4bb9acfe1692f757fce353c4/work_packages/OPENMATH_2026/OM26_H1_KOBON_TRIANGLES/H1_12_3333_D2_3_SATURATED_EQUALITY_EXCLUSION.md,,d26d825d,Filename/path inference; editable in the app
346016,work_packages/OPENMATH_2026/OM26_H1_KOBON_TRIANGLES/H1_12_3333_D2_4_C4_EXCLUSION.md,Kobon triangles,4096,Pinned collected revision; final designation governed by team receipt | 2fd9fd643bf3e9e98d121dc2e7af1cf1be411ae2,https://codeload.github.com/grandchallenge/MATHSOLVE/zip/2fd9fd643bf3e9e98d121dc2e7af1cf1be411ae2,,contestants/E10/13-archives/E10-grandchallenge-MATHSOLVE-2fd9fd643bf3e9e98d121dc2e7af1cf1be411ae2.zip,MATHSOLVE-2fd9fd643bf3e9e98d121dc2e7af1cf1be411ae2/work_packages/OPENMATH_2026/OM26_H1_KOBON_TRIANGLES/H1_12_3333_D2_4_C4_EXCLUSION.md,,84dcf757,Filename/path inference; editable in the app
349122,work_packages/OPENMATH_2026/OM26_H1_KOBON_TRIANGLES/H1_12_3333_D2_4_C4_EXCLUSION.md,Kobon triangles,4096,Latest public revision collected separately; not an author-designated final | adcfa0537f43327f4bb9acfe1692f757fce353c4,https://codeload.github.com/grandchallenge/MATHSOLVE/zip/adcfa0537f43327f4bb9acfe1692f757fce353c4,,contestants/E10/13-archives/E10-grandchallenge-MATHSOLVE-adcfa0537f43327f4bb9acfe1692f757fce353c4.zip,MATHSOLVE-adcfa0537f43327f4bb9acfe1692f757fce353c4/work_packages/OPENMATH_2026/OM26_H1_KOBON_TRIANGLES/H1_12_3333_D2_4_C4_EXCLUSION.md,,84dcf757,Filename/path inference; editable in the app
346017,work_packages/OPENMATH_2026/OM26_H1_KOBON_TRIANGLES/H1_12_3333_NORMAL_FORM.md,Kobon triangles,5235,Pinned collected revision; final designation governed by team receipt | 2fd9fd643bf3e9e98d121dc2e7af1cf1be411ae2,https://codeload.github.com/grandchallenge/MATHSOLVE/zip/2fd9fd643bf3e9e98d121dc2e7af1cf1be411ae2,,contestants/E10/13-archives/E10-grandchallenge-MATHSOLVE-2fd9fd643bf3e9e98d121dc2e7af1cf1be411ae2.zip,MATHSOLVE-2fd9fd643bf3e9e98d121dc2e7af1cf1be411ae2/work_packages/OPENMATH_2026/OM26_H1_KOBON_TRIANGLES/H1_12_3333_NORMAL_FORM.md,,5a103927,Filename/path inference; editable in the app
349123,work_packages/OPENMATH_2026/OM26_H1_KOBON_TRIANGLES/H1_12_3333_NORMAL_FORM.md,Kobon triangles,5235,Latest public revision collected separately; not an author-designated final | adcfa0537f43327f4bb9acfe1692f757fce353c4,https://codeload.github.com/grandchallenge/MATHSOLVE/zip/adcfa0537f43327f4bb9acfe1692f757fce353c4,,contestants/E10/13-archives/E10-grandchallenge-MATHSOLVE-adcfa0537f43327f4bb9acfe1692f757fce353c4.zip,MATHSOLVE-adcfa0537f43327f4bb9acfe1692f757fce353c4/work_packages/OPENMATH_2026/OM26_H1_KOBON_TRIANGLES/H1_12_3333_NORMAL_FORM.md,,5a103927,Filename/path inference; editable in the app
346018,work_packages/OPENMATH_2026/OM26_H1_KOBON_TRIANGLES/H1_12_3333_SATURATED_HUB_REDUCTION.md,Kobon triangles,4778,Pinned collected revision; final designation governed by team receipt | 2fd9fd643bf3e9e98d121dc2e7af1cf1be411ae2,https://codeload.github.com/grandchallenge/MATHSOLVE/zip/2fd9fd643bf3e9e98d121dc2e7af1cf1be411ae2,,contestants/E10/13-archives/E10-grandchallenge-MATHSOLVE-2fd9fd643bf3e9e98d121dc2e7af1cf1be411ae2.zip,MATHSOLVE-2fd9fd643bf3e9e98d121dc2e7af1cf1be411ae2/work_packages/OPENMATH_2026/OM26_H1_KOBON_TRIANGLES/H1_12_3333_SATURATED_HUB_REDUCTION.md,,8146491f,Filename/path inference; editable in the app
349124,work_packages/OPENMATH_2026/OM26_H1_KOBON_TRIANGLES/H1_12_3333_SATURATED_HUB_REDUCTION.md,Kobon triangles,4778,Latest public revision collected separately; not an author-designated final | adcfa0537f43327f4bb9acfe1692f757fce353c4,https://codeload.github.com/grandchallenge/MATHSOLVE/zip/adcfa0537f43327f4bb9acfe1692f757fce353c4,,contestants/E10/13-archives/E10-grandchallenge-MATHSOLVE-adcfa0537f43327f4bb9acfe1692f757fce353c4.zip,MATHSOLVE-adcfa0537f43327f4bb9acfe1692f757fce353c4/work_packages/OPENMATH_2026/OM26_H1_KOBON_TRIANGLES/H1_12_3333_SATURATED_HUB_REDUCTION.md,,8146491f,Filename/path inference; editable in the app
346019,work_packages/OPENMATH_2026/OM26_H1_KOBON_TRIANGLES/H1_12_3333_TRIANGLE_ISOLATED_NORMAL_FORM.md,Kobon triangles,6206,Pinned collected revision; final designation governed by team receipt | 2fd9fd643bf3e9e98d121dc2e7af1cf1be411ae2,https://codeload.github.com/grandchallenge/MATHSOLVE/zip/2fd9fd643bf3e9e98d121dc2e7af1cf1be411ae2,,contestants/E10/13-archives/E10-grandchallenge-MATHSOLVE-2fd9fd643bf3e9e98d121dc2e7af1cf1be411ae2.zip,MATHSOLVE-2fd9fd643bf3e9e98d121dc2e7af1cf1be411ae2/work_packages/OPENMATH_2026/OM26_H1_KOBON_TRIANGLES/H1_12_3333_TRIANGLE_ISOLATED_NORMAL_FORM.md,,6109c40e,Filename/path inference; editable in the app
349125,work_packages/OPENMATH_2026/OM26_H1_KOBON_TRIANGLES/H1_12_3333_TRIANGLE_ISOLATED_NORMAL_FORM.md,Kobon triangles,6206,Latest public revision collected separately; not an author-designated final | adcfa0537f43327f4bb9acfe1692f757fce353c4,https://codeload.github.com/grandchallenge/MATHSOLVE/zip/adcfa0537f43327f4bb9acfe1692f757fce353c4,,contestants/E10/13-archives/E10-grandchallenge-MATHSOLVE-adcfa0537f43327f4bb9acfe1692f757fce353c4.zip,MATHSOLVE-adcfa0537f43327f4bb9acfe1692f757fce353c4/work_packages/OPENMATH_2026/OM26_H1_KOBON_TRIANGLES/H1_12_3333_TRIANGLE_ISOLATED_NORMAL_FORM.md,,6109c40e,Filename/path inference; editable in the app
346020,work_packages/OPENMATH_2026/OM26_H1_KOBON_TRIANGLES/H1_12_3333_TRIANGLE_TYPE_C_EXCLUSION.md,Kobon triangles,4105,Pinned collected revision; final designation governed by team receipt | 2fd9fd643bf3e9e98d121dc2e7af1cf1be411ae2,https://codeload.github.com/grandchallenge/MATHSOLVE/zip/2fd9fd643bf3e9e98d121dc2e7af1cf1be411ae2,,contestants/E10/13-archives/E10-grandchallenge-MATHSOLVE-2fd9fd643bf3e9e98d121dc2e7af1cf1be411ae2.zip,MATHSOLVE-2fd9fd643bf3e9e98d121dc2e7af1cf1be411ae2/work_packages/OPENMATH_2026/OM26_H1_KOBON_TRIANGLES/H1_12_3333_TRIANGLE_TYPE_C_EXCLUSION.md,,5940d3af,Filename/path inference; editable in the app
349126,work_packages/OPENMATH_2026/OM26_H1_KOBON_TRIANGLES/H1_12_3333_TRIANGLE_TYPE_C_EXCLUSION.md,Kobon triangles,4105,Latest public revision collected separately; not an author-designated final | adcfa0537f43327f4bb9acfe1692f757fce353c4,https://codeload.github.com/grandchallenge/MATHSOLVE/zip/adcfa0537f43327f4bb9acfe1692f757fce353c4,,contestants/E10/13-archives/E10-grandchallenge-MATHSOLVE-adcfa0537f43327f4bb9acfe1692f757fce353c4.zip,MATHSOLVE-adcfa0537f43327f4bb9acfe1692f757fce353c4/work_packages/OPENMATH_2026/OM26_H1_KOBON_TRIANGLES/H1_12_3333_TRIANGLE_TYPE_C_EXCLUSION.md,,5940d3af,Filename/path inference; editable in the app
346021,work_packages/OPENMATH_2026/OM26_H1_KOBON_TRIANGLES/H1_12_3333_TRIANGLE_TYPE_P_EXCLUSION.md,Kobon triangles,4955,Pinned collected revision; final designation governed by team receipt | 2fd9fd643bf3e9e98d121dc2e7af1cf1be411ae2,https://codeload.github.com/grandchallenge/MATHSOLVE/zip/2fd9fd643bf3e9e98d121dc2e7af1cf1be411ae2,,contestants/E10/13-archives/E10-grandchallenge-MATHSOLVE-2fd9fd643bf3e9e98d121dc2e7af1cf1be411ae2.zip,MATHSOLVE-2fd9fd643bf3e9e98d121dc2e7af1cf1be411ae2/work_packages/OPENMATH_2026/OM26_H1_KOBON_TRIANGLES/H1_12_3333_TRIANGLE_TYPE_P_EXCLUSION.md,,f5b92f59,Filename/path inference; editable in the app
349127,work_packages/OPENMATH_2026/OM26_H1_KOBON_TRIANGLES/H1_12_3333_TRIANGLE_TYPE_P_EXCLUSION.md,Kobon triangles,4955,Latest public revision collected separately; not an author-designated final | adcfa0537f43327f4bb9acfe1692f757fce353c4,https://codeload.github.com/grandchallenge/MATHSOLVE/zip/adcfa0537f43327f4bb9acfe1692f757fce353c4,,contestants/E10/13-archives/E10-grandchallenge-MATHSOLVE-adcfa0537f43327f4bb9acfe1692f757fce353c4.zip,MATHSOLVE-adcfa0537f43327f4bb9acfe1692f757fce353c4/work_packages/OPENMATH_2026/OM26_H1_KOBON_TRIANGLES/H1_12_3333_TRIANGLE_TYPE_P_EXCLUSION.md,,f5b92f59,Filename/path inference; editable in the app
346022,work_packages/OPENMATH_2026/OM26_H1_KOBON_TRIANGLES/H1_12_3334_D2_3_STAR_EXCLUSION.md,Kobon triangles,5080,Pinned collected revision; final designation governed by team receipt | 2fd9fd643bf3e9e98d121dc2e7af1cf1be411ae2,https://codeload.github.com/grandchallenge/MATHSOLVE/zip/2fd9fd643bf3e9e98d121dc2e7af1cf1be411ae2,,contestants/E10/13-archives/E10-grandchallenge-MATHSOLVE-2fd9fd643bf3e9e98d121dc2e7af1cf1be411ae2.zip,MATHSOLVE-2fd9fd643bf3e9e98d121dc2e7af1cf1be411ae2/work_packages/OPENMATH_2026/OM26_H1_KOBON_TRIANGLES/H1_12_3334_D2_3_STAR_EXCLUSION.md,,35831afb,Filename/path inference; editable in the app
349128,work_packages/OPENMATH_2026/OM26_H1_KOBON_TRIANGLES/H1_12_3334_D2_3_STAR_EXCLUSION.md,Kobon triangles,5080,Latest public revision collected separately; not an author-designated final | adcfa0537f43327f4bb9acfe1692f757fce353c4,https://codeload.github.com/grandchallenge/MATHSOLVE/zip/adcfa0537f43327f4bb9acfe1692f757fce353c4,,contestants/E10/13-archives/E10-grandchallenge-MATHSOLVE-adcfa0537f43327f4bb9acfe1692f757fce353c4.zip,MATHSOLVE-adcfa0537f43327f4bb9acfe1692f757fce353c4/work_packages/OPENMATH_2026/OM26_H1_KOBON_TRIANGLES/H1_12_3334_D2_3_STAR_EXCLUSION.md,,35831afb,Filename/path inference; editable in the app
346023,work_packages/OPENMATH_2026/OM26_H1_KOBON_TRIANGLES/H1_12_3334_D2_4_EXCLUSION.md,Kobon triangles,5792,Pinned collected revision; final designation governed by team receipt | 2fd9fd643bf3e9e98d121dc2e7af1cf1be411ae2,https://codeload.github.com/grandchallenge/MATHSOLVE/zip/2fd9fd643bf3e9e98d121dc2e7af1cf1be411ae2,,contestants/E10/13-archives/E10-grandchallenge-MATHSOLVE-2fd9fd643bf3e9e98d121dc2e7af1cf1be411ae2.zip,MATHSOLVE-2fd9fd643bf3e9e98d121dc2e7af1cf1be411ae2/work_packages/OPENMATH_2026/OM26_H1_KOBON_TRIANGLES/H1_12_3334_D2_4_EXCLUSION.md,,636b38ff,Filename/path inference; editable in the app
349129,work_packages/OPENMATH_2026/OM26_H1_KOBON_TRIANGLES/H1_12_3334_D2_4_EXCLUSION.md,Kobon triangles,5792,Latest public revision collected separately; not an author-designated final | adcfa0537f43327f4bb9acfe1692f757fce353c4,https://codeload.github.com/grandchallenge/MATHSOLVE/zip/adcfa0537f43327f4bb9acfe1692f757fce353c4,,contestants/E10/13-archives/E10-grandchallenge-MATHSOLVE-adcfa0537f43327f4bb9acfe1692f757fce353c4.zip,MATHSOLVE-adcfa0537f43327f4bb9acfe1692f757fce353c4/work_packages/OPENMATH_2026/OM26_H1_KOBON_TRIANGLES/H1_12_3334_D2_4_EXCLUSION.md,,636b38ff,Filename/path inference; editable in the app
346024,work_packages/OPENMATH_2026/OM26_H1_KOBON_TRIANGLES/H1_12_3334_D2_5_EXCLUSION.md,Kobon triangles,3126,Pinned collected revision; final designation governed by team receipt | 2fd9fd643bf3e9e98d121dc2e7af1cf1be411ae2,https://codeload.github.com/grandchallenge/MATHSOLVE/zip/2fd9fd643bf3e9e98d121dc2e7af1cf1be411ae2,,contestants/E10/13-archives/E10-grandchallenge-MATHSOLVE-2fd9fd643bf3e9e98d121dc2e7af1cf1be411ae2.zip,MATHSOLVE-2fd9fd643bf3e9e98d121dc2e7af1cf1be411ae2/work_packages/OPENMATH_2026/OM26_H1_KOBON_TRIANGLES/H1_12_3334_D2_5_EXCLUSION.md,,2d1659e4,Filename/path inference; editable in the app
349130,work_packages/OPENMATH_2026/OM26_H1_KOBON_TRIANGLES/H1_12_3334_D2_5_EXCLUSION.md,Kobon triangles,3126,Latest public revision collected separately; not an author-designated final | adcfa0537f43327f4bb9acfe1692f757fce353c4,https://codeload.github.com/grandchallenge/MATHSOLVE/zip/adcfa0537f43327f4bb9acfe1692f757fce353c4,,contestants/E10/13-archives/E10-grandchallenge-MATHSOLVE-adcfa0537f43327f4bb9acfe1692f757fce353c4.zip,MATHSOLVE-adcfa0537f43327f4bb9acfe1692f757fce353c4/work_packages/OPENMATH_2026/OM26_H1_KOBON_TRIANGLES/H1_12_3334_D2_5_EXCLUSION.md,,2d1659e4,Filename/path inference; editable in the app
346025,work_packages/OPENMATH_2026/OM26_H1_KOBON_TRIANGLES/H1_12_3334_NORMAL_FORM.md,Kobon triangles,6409,Pinned collected revision; final designation governed by team receipt | 2fd9fd643bf3e9e98d121dc2e7af1cf1be411ae2,https://codeload.github.com/grandchallenge/MATHSOLVE/zip/2fd9fd643bf3e9e98d121dc2e7af1cf1be411ae2,,contestants/E10/13-archives/E10-grandchallenge-MATHSOLVE-2fd9fd643bf3e9e98d121dc2e7af1cf1be411ae2.zip,MATHSOLVE-2fd9fd643bf3e9e98d121dc2e7af1cf1be411ae2/work_packages/OPENMATH_2026/OM26_H1_KOBON_TRIANGLES/H1_12_3334_NORMAL_FORM.md,,ce6d5c87,Filename/path inference; editable in the app
349131,work_packages/OPENMATH_2026/OM26_H1_KOBON_TRIANGLES/H1_12_3334_NORMAL_FORM.md,Kobon triangles,6409,Latest public revision collected separately; not an author-designated final | adcfa0537f43327f4bb9acfe1692f757fce353c4,https://codeload.github.com/grandchallenge/MATHSOLVE/zip/adcfa0537f43327f4bb9acfe1692f757fce353c4,,contestants/E10/13-archives/E10-grandchallenge-MATHSOLVE-adcfa0537f43327f4bb9acfe1692f757fce353c4.zip,MATHSOLVE-adcfa0537f43327f4bb9acfe1692f757fce353c4/work_packages/OPENMATH_2026/OM26_H1_KOBON_TRIANGLES/H1_12_3334_NORMAL_FORM.md,,ce6d5c87,Filename/path inference; editable in the app
346027,work_packages/OPENMATH_2026/OM26_H1_KOBON_TRIANGLES/H1_12_FOUR_CORE_PROFILE_REDUCTION.md,Kobon triangles,4334,Pinned collected revision; final designation governed by team receipt | 2fd9fd643bf3e9e98d121dc2e7af1cf1be411ae2,https://codeload.github.com/grandchallenge/MATHSOLVE/zip/2fd9fd643bf3e9e98d121dc2e7af1cf1be411ae2,,contestants/E10/13-archives/E10-grandchallenge-MATHSOLVE-2fd9fd643bf3e9e98d121dc2e7af1cf1be411ae2.zip,MATHSOLVE-2fd9fd643bf3e9e98d121dc2e7af1cf1be411ae2/work_packages/OPENMATH_2026/OM26_H1_KOBON_TRIANGLES/H1_12_FOUR_CORE_PROFILE_REDUCTION.md,,a2d0e94f,Filename/path inference; editable in the app
349133,work_packages/OPENMATH_2026/OM26_H1_KOBON_TRIANGLES/H1_12_FOUR_CORE_PROFILE_REDUCTION.md,Kobon triangles,4334,Latest public revision collected separately; not an author-designated final | adcfa0537f43327f4bb9acfe1692f757fce353c4,https://codeload.github.com/grandchallenge/MATHSOLVE/zip/adcfa0537f43327f4bb9acfe1692f757fce353c4,,contestants/E10/13-archives/E10-grandchallenge-MATHSOLVE-adcfa0537f43327f4bb9acfe1692f757fce353c4.zip,MATHSOLVE-adcfa0537f43327f4bb9acfe1692f757fce353c4/work_packages/OPENMATH_2026/OM26_H1_KOBON_TRIANGLES/H1_12_FOUR_CORE_PROFILE_REDUCTION.md,,a2d0e94f,Filename/path inference; editable in the app
346029,work_packages/OPENMATH_2026/OM26_H1_KOBON_TRIANGLES/H1_12_PARALLEL_REDUCTION.md,Kobon triangles,3438,Pinned collected revision; final designation governed by team receipt | 2fd9fd643bf3e9e98d121dc2e7af1cf1be411ae2,https://codeload.github.com/grandchallenge/MATHSOLVE/zip/2fd9fd643bf3e9e98d121dc2e7af1cf1be411ae2,,contestants/E10/13-archives/E10-grandchallenge-MATHSOLVE-2fd9fd643bf3e9e98d121dc2e7af1cf1be411ae2.zip,MATHSOLVE-2fd9fd643bf3e9e98d121dc2e7af1cf1be411ae2/work_packages/OPENMATH_2026/OM26_H1_KOBON_TRIANGLES/H1_12_PARALLEL_REDUCTION.md,,5a1dd937,Filename/path inference; editable in the app
349135,work_packages/OPENMATH_2026/OM26_H1_KOBON_TRIANGLES/H1_12_PARALLEL_REDUCTION.md,Kobon triangles,3438,Latest public revision collected separately; not an author-designated final | adcfa0537f43327f4bb9acfe1692f757fce353c4,https://codeload.github.com/grandchallenge/MATHSOLVE/zip/adcfa0537f43327f4bb9acfe1692f757fce353c4,,contestants/E10/13-archives/E10-grandchallenge-MATHSOLVE-adcfa0537f43327f4bb9acfe1692f757fce353c4.zip,MATHSOLVE-adcfa0537f43327f4bb9acfe1692f757fce353c4/work_packages/OPENMATH_2026/OM26_H1_KOBON_TRIANGLES/H1_12_PARALLEL_REDUCTION.md,,5a1dd937,Filename/path inference; editable in the app
346031,work_packages/OPENMATH_2026/OM26_H1_KOBON_TRIANGLES/H1_12_Q4_LOW_D2_SECTOR_CLOSURE.md,Kobon triangles,4741,Pinned collected revision; final designation governed by team receipt | 2fd9fd643bf3e9e98d121dc2e7af1cf1be411ae2,https://codeload.github.com/grandchallenge/MATHSOLVE/zip/2fd9fd643bf3e9e98d121dc2e7af1cf1be411ae2,,contestants/E10/13-archives/E10-grandchallenge-MATHSOLVE-2fd9fd643bf3e9e98d121dc2e7af1cf1be411ae2.zip,MATHSOLVE-2fd9fd643bf3e9e98d121dc2e7af1cf1be411ae2/work_packages/OPENMATH_2026/OM26_H1_KOBON_TRIANGLES/H1_12_Q4_LOW_D2_SECTOR_CLOSURE.md,,3028c6d6,Filename/path inference; editable in the app
349137,work_packages/OPENMATH_2026/OM26_H1_KOBON_TRIANGLES/H1_12_Q4_LOW_D2_SECTOR_CLOSURE.md,Kobon triangles,4741,Latest public revision collected separately; not an author-designated final | adcfa0537f43327f4bb9acfe1692f757fce353c4,https://codeload.github.com/grandchallenge/MATHSOLVE/zip/adcfa0537f43327f4bb9acfe1692f757fce353c4,,contestants/E10/13-archives/E10-grandchallenge-MATHSOLVE-adcfa0537f43327f4bb9acfe1692f757fce353c4.zip,MATHSOLVE-adcfa0537f43327f4bb9acfe1692f757fce353c4/work_packages/OPENMATH_2026/OM26_H1_KOBON_TRIANGLES/H1_12_Q4_LOW_D2_SECTOR_CLOSURE.md,,3028c6d6,Filename/path inference; editable in the app
346032,work_packages/OPENMATH_2026/OM26_H1_KOBON_TRIANGLES/H1_12_Q5_33333_REDUCTION.md,Kobon triangles,6333,Pinned collected revision; final designation governed by team receipt | 2fd9fd643bf3e9e98d121dc2e7af1cf1be411ae2,https://codeload.github.com/grandchallenge/MATHSOLVE/zip/2fd9fd643bf3e9e98d121dc2e7af1cf1be411ae2,,contestants/E10/13-archives/E10-grandchallenge-MATHSOLVE-2fd9fd643bf3e9e98d121dc2e7af1cf1be411ae2.zip,MATHSOLVE-2fd9fd643bf3e9e98d121dc2e7af1cf1be411ae2/work_packages/OPENMATH_2026/OM26_H1_KOBON_TRIANGLES/H1_12_Q5_33333_REDUCTION.md,,053f0d93,Filename/path inference; editable in the app
349138,work_packages/OPENMATH_2026/OM26_H1_KOBON_TRIANGLES/H1_12_Q5_33333_REDUCTION.md,Kobon triangles,6333,Latest public revision collected separately; not an author-designated final | adcfa0537f43327f4bb9acfe1692f757fce353c4,https://codeload.github.com/grandchallenge/MATHSOLVE/zip/adcfa0537f43327f4bb9acfe1692f757fce353c4,,contestants/E10/13-archives/E10-grandchallenge-MATHSOLVE-adcfa0537f43327f4bb9acfe1692f757fce353c4.zip,MATHSOLVE-adcfa0537f43327f4bb9acfe1692f757fce353c4/work_packages/OPENMATH_2026/OM26_H1_KOBON_TRIANGLES/H1_12_Q5_33333_REDUCTION.md,,053f0d93,Filename/path inference; editable in the app
346033,work_packages/OPENMATH_2026/OM26_H1_KOBON_TRIANGLES/H1_12_Q5_33334_CLOSURE.md,Kobon triangles,5491,Pinned collected revision; final designation governed by team receipt | 2fd9fd643bf3e9e98d121dc2e7af1cf1be411ae2,https://codeload.github.com/grandchallenge/MATHSOLVE/zip/2fd9fd643bf3e9e98d121dc2e7af1cf1be411ae2,,contestants/E10/13-archives/E10-grandchallenge-MATHSOLVE-2fd9fd643bf3e9e98d121dc2e7af1cf1be411ae2.zip,MATHSOLVE-2fd9fd643bf3e9e98d121dc2e7af1cf1be411ae2/work_packages/OPENMATH_2026/OM26_H1_KOBON_TRIANGLES/H1_12_Q5_33334_CLOSURE.md,,da1f29ea,Filename/path inference; editable in the app
349139,work_packages/OPENMATH_2026/OM26_H1_KOBON_TRIANGLES/H1_12_Q5_33334_CLOSURE.md,Kobon triangles,5491,Latest public revision collected separately; not an author-designated final | adcfa0537f43327f4bb9acfe1692f757fce353c4,https://codeload.github.com/grandchallenge/MATHSOLVE/zip/adcfa0537f43327f4bb9acfe1692f757fce353c4,,contestants/E10/13-archives/E10-grandchallenge-MATHSOLVE-adcfa0537f43327f4bb9acfe1692f757fce353c4.zip,MATHSOLVE-adcfa0537f43327f4bb9acfe1692f757fce353c4/work_packages/OPENMATH_2026/OM26_H1_KOBON_TRIANGLES/H1_12_Q5_33334_CLOSURE.md,,da1f29ea,Filename/path inference; editable in the app
346034,work_packages/OPENMATH_2026/OM26_H1_KOBON_TRIANGLES/H1_12_Q5_EQUALITY_NORMAL_FORM.md,Kobon triangles,6114,Pinned collected revision; final designation governed by team receipt | 2fd9fd643bf3e9e98d121dc2e7af1cf1be411ae2,https://codeload.github.com/grandchallenge/MATHSOLVE/zip/2fd9fd643bf3e9e98d121dc2e7af1cf1be411ae2,,contestants/E10/13-archives/E10-grandchallenge-MATHSOLVE-2fd9fd643bf3e9e98d121dc2e7af1cf1be411ae2.zip,MATHSOLVE-2fd9fd643bf3e9e98d121dc2e7af1cf1be411ae2/work_packages/OPENMATH_2026/OM26_H1_KOBON_TRIANGLES/H1_12_Q5_EQUALITY_NORMAL_FORM.md,,087b5c5b,Filename/path inference; editable in the app
349140,work_packages/OPENMATH_2026/OM26_H1_KOBON_TRIANGLES/H1_12_Q5_EQUALITY_NORMAL_FORM.md,Kobon triangles,6114,Latest public revision collected separately; not an author-designated final | adcfa0537f43327f4bb9acfe1692f757fce353c4,https://codeload.github.com/grandchallenge/MATHSOLVE/zip/adcfa0537f43327f4bb9acfe1692f757fce353c4,,contestants/E10/13-archives/E10-grandchallenge-MATHSOLVE-adcfa0537f43327f4bb9acfe1692f757fce353c4.zip,MATHSOLVE-adcfa0537f43327f4bb9acfe1692f757fce353c4/work_packages/OPENMATH_2026/OM26_H1_KOBON_TRIANGLES/H1_12_Q5_EQUALITY_NORMAL_FORM.md,,087b5c5b,Filename/path inference; editable in the app
346035,work_packages/OPENMATH_2026/OM26_H1_KOBON_TRIANGLES/H1_12_Q5_PROFILE_REDUCTION.md,Kobon triangles,4607,Pinned collected revision; final designation governed by team receipt | 2fd9fd643bf3e9e98d121dc2e7af1cf1be411ae2,https://codeload.github.com/grandchallenge/MATHSOLVE/zip/2fd9fd643bf3e9e98d121dc2e7af1cf1be411ae2,,contestants/E10/13-archives/E10-grandchallenge-MATHSOLVE-2fd9fd643bf3e9e98d121dc2e7af1cf1be411ae2.zip,MATHSOLVE-2fd9fd643bf3e9e98d121dc2e7af1cf1be411ae2/work_packages/OPENMATH_2026/OM26_H1_KOBON_TRIANGLES/H1_12_Q5_PROFILE_REDUCTION.md,,155076f5,Filename/path inference; editable in the app
349141,work_packages/OPENMATH_2026/OM26_H1_KOBON_TRIANGLES/H1_12_Q5_PROFILE_REDUCTION.md,Kobon triangles,4607,Latest public revision collected separately; not an author-designated final | adcfa0537f43327f4bb9acfe1692f757fce353c4,https://codeload.github.com/grandchallenge/MATHSOLVE/zip/adcfa0537f43327f4bb9acfe1692f757fce353c4,,contestants/E10/13-archives/E10-grandchallenge-MATHSOLVE-adcfa0537f43327f4bb9acfe1692f757fce353c4.zip,MATHSOLVE-adcfa0537f43327f4bb9acfe1692f757fce353c4/work_packages/OPENMATH_2026/OM26_H1_KOBON_TRIANGLES/H1_12_Q5_PROFILE_REDUCTION.md,,155076f5,Filename/path inference; editable in the app
346036,work_packages/OPENMATH_2026/OM26_H1_KOBON_TRIANGLES/H1_12_Q5_SATURATION_REDUCTION.md,Kobon triangles,4012,Pinned collected revision; final designation governed by team receipt | 2fd9fd643bf3e9e98d121dc2e7af1cf1be411ae2,https://codeload.github.com/grandchallenge/MATHSOLVE/zip/2fd9fd643bf3e9e98d121dc2e7af1cf1be411ae2,,contestants/E10/13-archives/E10-grandchallenge-MATHSOLVE-2fd9fd643bf3e9e98d121dc2e7af1cf1be411ae2.zip,MATHSOLVE-2fd9fd643bf3e9e98d121dc2e7af1cf1be411ae2/work_packages/OPENMATH_2026/OM26_H1_KOBON_TRIANGLES/H1_12_Q5_SATURATION_REDUCTION.md,,fd703ff5,Filename/path inference; editable in the app
349142,work_packages/OPENMATH_2026/OM26_H1_KOBON_TRIANGLES/H1_12_Q5_SATURATION_REDUCTION.md,Kobon triangles,4012,Latest public revision collected separately; not an author-designated final | adcfa0537f43327f4bb9acfe1692f757fce353c4,https://codeload.github.com/grandchallenge/MATHSOLVE/zip/adcfa0537f43327f4bb9acfe1692f757fce353c4,,contestants/E10/13-archives/E10-grandchallenge-MATHSOLVE-adcfa0537f43327f4bb9acfe1692f757fce353c4.zip,MATHSOLVE-adcfa0537f43327f4bb9acfe1692f757fce353c4/work_packages/OPENMATH_2026/OM26_H1_KOBON_TRIANGLES/H1_12_Q5_SATURATION_REDUCTION.md,,fd703ff5,Filename/path inference; editable in the app
346037,work_packages/OPENMATH_2026/OM26_H1_KOBON_TRIANGLES/H1_12_SATURATED_CORE_HULL_REDUCTION.md,Kobon triangles,4824,Pinned collected revision; final designation governed by team receipt | 2fd9fd643bf3e9e98d121dc2e7af1cf1be411ae2,https://codeload.github.com/grandchallenge/MATHSOLVE/zip/2fd9fd643bf3e9e98d121dc2e7af1cf1be411ae2,,contestants/E10/13-archives/E10-grandchallenge-MATHSOLVE-2fd9fd643bf3e9e98d121dc2e7af1cf1be411ae2.zip,MATHSOLVE-2fd9fd643bf3e9e98d121dc2e7af1cf1be411ae2/work_packages/OPENMATH_2026/OM26_H1_KOBON_TRIANGLES/H1_12_SATURATED_CORE_HULL_REDUCTION.md,,05053eef,Filename/path inference; editable in the app
349143,work_packages/OPENMATH_2026/OM26_H1_KOBON_TRIANGLES/H1_12_SATURATED_CORE_HULL_REDUCTION.md,Kobon triangles,4824,Latest public revision collected separately; not an author-designated final | adcfa0537f43327f4bb9acfe1692f757fce353c4,https://codeload.github.com/grandchallenge/MATHSOLVE/zip/adcfa0537f43327f4bb9acfe1692f757fce353c4,,contestants/E10/13-archives/E10-grandchallenge-MATHSOLVE-adcfa0537f43327f4bb9acfe1692f757fce353c4.zip,MATHSOLVE-adcfa0537f43327f4bb9acfe1692f757fce353c4/work_packages/OPENMATH_2026/OM26_H1_KOBON_TRIANGLES/H1_12_SATURATED_CORE_HULL_REDUCTION.md,,05053eef,Filename/path inference; editable in the app
346039,work_packages/OPENMATH_2026/OM26_H1_KOBON_TRIANGLES/H1_12_THREE_CORE_CLASSIFICATION.md,Kobon triangles,11329,Pinned collected revision; final designation governed by team receipt | 2fd9fd643bf3e9e98d121dc2e7af1cf1be411ae2,https://codeload.github.com/grandchallenge/MATHSOLVE/zip/2fd9fd643bf3e9e98d121dc2e7af1cf1be411ae2,,contestants/E10/13-archives/E10-grandchallenge-MATHSOLVE-2fd9fd643bf3e9e98d121dc2e7af1cf1be411ae2.zip,MATHSOLVE-2fd9fd643bf3e9e98d121dc2e7af1cf1be411ae2/work_packages/OPENMATH_2026/OM26_H1_KOBON_TRIANGLES/H1_12_THREE_CORE_CLASSIFICATION.md,,e17600fe,Filename/path inference; editable in the app
349145,work_packages/OPENMATH_2026/OM26_H1_KOBON_TRIANGLES/H1_12_THREE_CORE_CLASSIFICATION.md,Kobon triangles,11329,Latest public revision collected separately; not an author-designated final | adcfa0537f43327f4bb9acfe1692f757fce353c4,https://codeload.github.com/grandchallenge/MATHSOLVE/zip/adcfa0537f43327f4bb9acfe1692f757fce353c4,,contestants/E10/13-archives/E10-grandchallenge-MATHSOLVE-adcfa0537f43327f4bb9acfe1692f757fce353c4.zip,MATHSOLVE-adcfa0537f43327f4bb9acfe1692f757fce353c4/work_packages/OPENMATH_2026/OM26_H1_KOBON_TRIANGLES/H1_12_THREE_CORE_CLASSIFICATION.md,,e17600fe,Filename/path inference; editable in the app
346040,work_packages/OPENMATH_2026/OM26_H1_KOBON_TRIANGLES/H1_12_THREE_MULTIPOINT_RESIDUAL.md,Kobon triangles,2756,Pinned collected revision; final designation governed by team receipt | 2fd9fd643bf3e9e98d121dc2e7af1cf1be411ae2,https://codeload.github.com/grandchallenge/MATHSOLVE/zip/2fd9fd643bf3e9e98d121dc2e7af1cf1be411ae2,,contestants/E10/13-archives/E10-grandchallenge-MATHSOLVE-2fd9fd643bf3e9e98d121dc2e7af1cf1be411ae2.zip,MATHSOLVE-2fd9fd643bf3e9e98d121dc2e7af1cf1be411ae2/work_packages/OPENMATH_2026/OM26_H1_KOBON_TRIANGLES/H1_12_THREE_MULTIPOINT_RESIDUAL.md,,79962946,Filename/path inference; editable in the app
349146,work_packages/OPENMATH_2026/OM26_H1_KOBON_TRIANGLES/H1_12_THREE_MULTIPOINT_RESIDUAL.md,Kobon triangles,2756,Latest public revision collected separately; not an author-designated final | adcfa0537f43327f4bb9acfe1692f757fce353c4,https://codeload.github.com/grandchallenge/MATHSOLVE/zip/adcfa0537f43327f4bb9acfe1692f757fce353c4,,contestants/E10/13-archives/E10-grandchallenge-MATHSOLVE-adcfa0537f43327f4bb9acfe1692f757fce353c4.zip,MATHSOLVE-adcfa0537f43327f4bb9acfe1692f757fce353c4/work_packages/OPENMATH_2026/OM26_H1_KOBON_TRIANGLES/H1_12_THREE_MULTIPOINT_RESIDUAL.md,,79962946,Filename/path inference; editable in the app
346043,work_packages/OPENMATH_2026/OM26_H1_KOBON_TRIANGLES/H1_13_TRANCHE3.md,Kobon triangles,1042,Pinned collected revision; final designation governed by team receipt | 2fd9fd643bf3e9e98d121dc2e7af1cf1be411ae2,https://codeload.github.com/grandchallenge/MATHSOLVE/zip/2fd9fd643bf3e9e98d121dc2e7af1cf1be411ae2,,contestants/E10/13-archives/E10-grandchallenge-MATHSOLVE-2fd9fd643bf3e9e98d121dc2e7af1cf1be411ae2.zip,MATHSOLVE-2fd9fd643bf3e9e98d121dc2e7af1cf1be411ae2/work_packages/OPENMATH_2026/OM26_H1_KOBON_TRIANGLES/H1_13_TRANCHE3.md,,de7b3127,Filename/path inference; editable in the app
349149,work_packages/OPENMATH_2026/OM26_H1_KOBON_TRIANGLES/H1_13_TRANCHE3.md,Kobon triangles,1042,Latest public revision collected separately; not an author-designated final | adcfa0537f43327f4bb9acfe1692f757fce353c4,https://codeload.github.com/grandchallenge/MATHSOLVE/zip/adcfa0537f43327f4bb9acfe1692f757fce353c4,,contestants/E10/13-archives/E10-grandchallenge-MATHSOLVE-adcfa0537f43327f4bb9acfe1692f757fce353c4.zip,MATHSOLVE-adcfa0537f43327f4bb9acfe1692f757fce353c4/work_packages/OPENMATH_2026/OM26_H1_KOBON_TRIANGLES/H1_13_TRANCHE3.md,,de7b3127,Filename/path inference; editable in the app
346046,work_packages/OPENMATH_2026/OM26_H1_KOBON_TRIANGLES/H1_333335_OBSTRUCTION.md,Kobon triangles,8429,Pinned collected revision; final designation governed by team receipt | 2fd9fd643bf3e9e98d121dc2e7af1cf1be411ae2,https://codeload.github.com/grandchallenge/MATHSOLVE/zip/2fd9fd643bf3e9e98d121dc2e7af1cf1be411ae2,,contestants/E10/13-archives/E10-grandchallenge-MATHSOLVE-2fd9fd643bf3e9e98d121dc2e7af1cf1be411ae2.zip,MATHSOLVE-2fd9fd643bf3e9e98d121dc2e7af1cf1be411ae2/work_packages/OPENMATH_2026/OM26_H1_KOBON_TRIANGLES/H1_333335_OBSTRUCTION.md,,793c7502,Filename/path inference; editable in the app
349152,work_packages/OPENMATH_2026/OM26_H1_KOBON_TRIANGLES/H1_333335_OBSTRUCTION.md,Kobon triangles,8429,Latest public revision collected separately; not an author-designated final | adcfa0537f43327f4bb9acfe1692f757fce353c4,https://codeload.github.com/grandchallenge/MATHSOLVE/zip/adcfa0537f43327f4bb9acfe1692f757fce353c4,,contestants/E10/13-archives/E10-grandchallenge-MATHSOLVE-adcfa0537f43327f4bb9acfe1692f757fce353c4.zip,MATHSOLVE-adcfa0537f43327f4bb9acfe1692f757fce353c4/work_packages/OPENMATH_2026/OM26_H1_KOBON_TRIANGLES/H1_333335_OBSTRUCTION.md,,793c7502,Filename/path inference; editable in the app
346049,work_packages/OPENMATH_2026/OM26_H1_KOBON_TRIANGLES/H1_Q6_INTERNAL_REPLAY.md,Kobon triangles,5390,Pinned collected revision; final designation governed by team receipt | 2fd9fd643bf3e9e98d121dc2e7af1cf1be411ae2,https://codeload.github.com/grandchallenge/MATHSOLVE/zip/2fd9fd643bf3e9e98d121dc2e7af1cf1be411ae2,,contestants/E10/13-archives/E10-grandchallenge-MATHSOLVE-2fd9fd643bf3e9e98d121dc2e7af1cf1be411ae2.zip,MATHSOLVE-2fd9fd643bf3e9e98d121dc2e7af1cf1be411ae2/work_packages/OPENMATH_2026/OM26_H1_KOBON_TRIANGLES/H1_Q6_INTERNAL_REPLAY.md,,0f6d4120,Filename/path inference; editable in the app
349155,work_packages/OPENMATH_2026/OM26_H1_KOBON_TRIANGLES/H1_Q6_INTERNAL_REPLAY.md,Kobon triangles,5390,Latest public revision collected separately; not an author-designated final | adcfa0537f43327f4bb9acfe1692f757fce353c4,https://codeload.github.com/grandchallenge/MATHSOLVE/zip/adcfa0537f43327f4bb9acfe1692f757fce353c4,,contestants/E10/13-archives/E10-grandchallenge-MATHSOLVE-adcfa0537f43327f4bb9acfe1692f757fce353c4.zip,MATHSOLVE-adcfa0537f43327f4bb9acfe1692f757fce353c4/work_packages/OPENMATH_2026/OM26_H1_KOBON_TRIANGLES/H1_Q6_INTERNAL_REPLAY.md,,0f6d4120,Filename/path inference; editable in the app
346051,work_packages/OPENMATH_2026/OM26_H1_KOBON_TRIANGLES/H1_SATURATED_PRISM_OBSTRUCTION.md,Kobon triangles,4830,Pinned collected revision; final designation governed by team receipt | 2fd9fd643bf3e9e98d121dc2e7af1cf1be411ae2,https://codeload.github.com/grandchallenge/MATHSOLVE/zip/2fd9fd643bf3e9e98d121dc2e7af1cf1be411ae2,,contestants/E10/13-archives/E10-grandchallenge-MATHSOLVE-2fd9fd643bf3e9e98d121dc2e7af1cf1be411ae2.zip,MATHSOLVE-2fd9fd643bf3e9e98d121dc2e7af1cf1be411ae2/work_packages/OPENMATH_2026/OM26_H1_KOBON_TRIANGLES/H1_SATURATED_PRISM_OBSTRUCTION.md,,5244c1b0,Filename/path inference; editable in the app
349157,work_packages/OPENMATH_2026/OM26_H1_KOBON_TRIANGLES/H1_SATURATED_PRISM_OBSTRUCTION.md,Kobon triangles,4830,Latest public revision collected separately; not an author-designated final | adcfa0537f43327f4bb9acfe1692f757fce353c4,https://codeload.github.com/grandchallenge/MATHSOLVE/zip/adcfa0537f43327f4bb9acfe1692f757fce353c4,,contestants/E10/13-archives/E10-grandchallenge-MATHSOLVE-adcfa0537f43327f4bb9acfe1692f757fce353c4.zip,MATHSOLVE-adcfa0537f43327f4bb9acfe1692f757fce353c4/work_packages/OPENMATH_2026/OM26_H1_KOBON_TRIANGLES/H1_SATURATED_PRISM_OBSTRUCTION.md,,5244c1b0,Filename/path inference; editable in the app
346054,work_packages/OPENMATH_2026/OM26_H1_KOBON_TRIANGLES/H1_SIX_CORE_PREMISE_PROOF.md,Kobon triangles,10251,Pinned collected revision; final designation governed by team receipt | 2fd9fd643bf3e9e98d121dc2e7af1cf1be411ae2,https://codeload.github.com/grandchallenge/MATHSOLVE/zip/2fd9fd643bf3e9e98d121dc2e7af1cf1be411ae2,,contestants/E10/13-archives/E10-grandchallenge-MATHSOLVE-2fd9fd643bf3e9e98d121dc2e7af1cf1be411ae2.zip,MATHSOLVE-2fd9fd643bf3e9e98d121dc2e7af1cf1be411ae2/work_packages/OPENMATH_2026/OM26_H1_KOBON_TRIANGLES/H1_SIX_CORE_PREMISE_PROOF.md,,5f827e76,Filename/path inference; editable in the app
349160,work_packages/OPENMATH_2026/OM26_H1_KOBON_TRIANGLES/H1_SIX_CORE_PREMISE_PROOF.md,Kobon triangles,10251,Latest public revision collected separately; not an author-designated final | adcfa0537f43327f4bb9acfe1692f757fce353c4,https://codeload.github.com/grandchallenge/MATHSOLVE/zip/adcfa0537f43327f4bb9acfe1692f757fce353c4,,contestants/E10/13-archives/E10-grandchallenge-MATHSOLVE-adcfa0537f43327f4bb9acfe1692f757fce353c4.zip,MATHSOLVE-adcfa0537f43327f4bb9acfe1692f757fce353c4/work_packages/OPENMATH_2026/OM26_H1_KOBON_TRIANGLES/H1_SIX_CORE_PREMISE_PROOF.md,,5f827e76,Filename/path inference; editable in the app
346056,work_packages/OPENMATH_2026/OM26_H1_KOBON_TRIANGLES/MATHCERT_HANDOFF_H1_02_H1_07.md,Kobon triangles,1594,Pinned collected revision; final designation governed by team receipt | 2fd9fd643bf3e9e98d121dc2e7af1cf1be411ae2,https://codeload.github.com/grandchallenge/MATHSOLVE/zip/2fd9fd643bf3e9e98d121dc2e7af1cf1be411ae2,,contestants/E10/13-archives/E10-grandchallenge-MATHSOLVE-2fd9fd643bf3e9e98d121dc2e7af1cf1be411ae2.zip,MATHSOLVE-2fd9fd643bf3e9e98d121dc2e7af1cf1be411ae2/work_packages/OPENMATH_2026/OM26_H1_KOBON_TRIANGLES/MATHCERT_HANDOFF_H1_02_H1_07.md,,ec25bee8,Filename/path inference; editable in the app
349162,work_packages/OPENMATH_2026/OM26_H1_KOBON_TRIANGLES/MATHCERT_HANDOFF_H1_02_H1_07.md,Kobon triangles,1594,Latest public revision collected separately; not an author-designated final | adcfa0537f43327f4bb9acfe1692f757fce353c4,https://codeload.github.com/grandchallenge/MATHSOLVE/zip/adcfa0537f43327f4bb9acfe1692f757fce353c4,,contestants/E10/13-archives/E10-grandchallenge-MATHSOLVE-adcfa0537f43327f4bb9acfe1692f757fce353c4.zip,MATHSOLVE-adcfa0537f43327f4bb9acfe1692f757fce353c4/work_packages/OPENMATH_2026/OM26_H1_KOBON_TRIANGLES/MATHCERT_HANDOFF_H1_02_H1_07.md,,ec25bee8,Filename/path inference; editable in the app
346057,work_packages/OPENMATH_2026/OM26_H1_KOBON_TRIANGLES/MATHCERT_HANDOFF_RH_BADER93.md,Kobon triangles,1698,Pinned collected revision; final designation governed by team receipt | 2fd9fd643bf3e9e98d121dc2e7af1cf1be411ae2,https://codeload.github.com/grandchallenge/MATHSOLVE/zip/2fd9fd643bf3e9e98d121dc2e7af1cf1be411ae2,,contestants/E10/13-archives/E10-grandchallenge-MATHSOLVE-2fd9fd643bf3e9e98d121dc2e7af1cf1be411ae2.zip,MATHSOLVE-2fd9fd643bf3e9e98d121dc2e7af1cf1be411ae2/work_packages/OPENMATH_2026/OM26_H1_KOBON_TRIANGLES/MATHCERT_HANDOFF_RH_BADER93.md,,5536f3c9,Filename/path inference; editable in the app
349163,work_packages/OPENMATH_2026/OM26_H1_KOBON_TRIANGLES/MATHCERT_HANDOFF_RH_BADER93.md,Kobon triangles,1698,Latest public revision collected separately; not an author-designated final | adcfa0537f43327f4bb9acfe1692f757fce353c4,https://codeload.github.com/grandchallenge/MATHSOLVE/zip/adcfa0537f43327f4bb9acfe1692f757fce353c4,,contestants/E10/13-archives/E10-grandchallenge-MATHSOLVE-adcfa0537f43327f4bb9acfe1692f757fce353c4.zip,MATHSOLVE-adcfa0537f43327f4bb9acfe1692f757fce353c4/work_packages/OPENMATH_2026/OM26_H1_KOBON_TRIANGLES/MATHCERT_HANDOFF_RH_BADER93.md,,5536f3c9,Filename/path inference; editable in the app
346059,work_packages/OPENMATH_2026/OM26_H1_KOBON_TRIANGLES/NEXT_ACTION.md,Kobon triangles,770,Pinned collected revision; final designation governed by team receipt | 2fd9fd643bf3e9e98d121dc2e7af1cf1be411ae2,https://codeload.github.com/grandchallenge/MATHSOLVE/zip/2fd9fd643bf3e9e98d121dc2e7af1cf1be411ae2,,contestants/E10/13-archives/E10-grandchallenge-MATHSOLVE-2fd9fd643bf3e9e98d121dc2e7af1cf1be411ae2.zip,MATHSOLVE-2fd9fd643bf3e9e98d121dc2e7af1cf1be411ae2/work_packages/OPENMATH_2026/OM26_H1_KOBON_TRIANGLES/NEXT_ACTION.md,,4dce2fb4,Filename/path inference; editable in the app
349165,work_packages/OPENMATH_2026/OM26_H1_KOBON_TRIANGLES/NEXT_ACTION.md,Kobon triangles,770,Latest public revision collected separately; not an author-designated final | adcfa0537f43327f4bb9acfe1692f757fce353c4,https://codeload.github.com/grandchallenge/MATHSOLVE/zip/adcfa0537f43327f4bb9acfe1692f757fce353c4,,contestants/E10/13-archives/E10-grandchallenge-MATHSOLVE-adcfa0537f43327f4bb9acfe1692f757fce353c4.zip,MATHSOLVE-adcfa0537f43327f4bb9acfe1692f757fce353c4/work_packages/OPENMATH_2026/OM26_H1_KOBON_TRIANGLES/NEXT_ACTION.md,,4dce2fb4,Filename/path inference; editable in the app
346060,work_packages/OPENMATH_2026/OM26_H1_KOBON_TRIANGLES/OBLIGATION_GRAPH.md,Kobon triangles,6293,Pinned collected revision; final designation governed by team receipt | 2fd9fd643bf3e9e98d121dc2e7af1cf1be411ae2,https://codeload.github.com/grandchallenge/MATHSOLVE/zip/2fd9fd643bf3e9e98d121dc2e7af1cf1be411ae2,,contestants/E10/13-archives/E10-grandchallenge-MATHSOLVE-2fd9fd643bf3e9e98d121dc2e7af1cf1be411ae2.zip,MATHSOLVE-2fd9fd643bf3e9e98d121dc2e7af1cf1be411ae2/work_packages/OPENMATH_2026/OM26_H1_KOBON_TRIANGLES/OBLIGATION_GRAPH.md,,e70a59ae,Filename/path inference; editable in the app
349166,work_packages/OPENMATH_2026/OM26_H1_KOBON_TRIANGLES/OBLIGATION_GRAPH.md,Kobon triangles,6293,Latest public revision collected separately; not an author-designated final | adcfa0537f43327f4bb9acfe1692f757fce353c4,https://codeload.github.com/grandchallenge/MATHSOLVE/zip/adcfa0537f43327f4bb9acfe1692f757fce353c4,,contestants/E10/13-archives/E10-grandchallenge-MATHSOLVE-adcfa0537f43327f4bb9acfe1692f757fce353c4.zip,MATHSOLVE-adcfa0537f43327f4bb9acfe1692f757fce353c4/work_packages/OPENMATH_2026/OM26_H1_KOBON_TRIANGLES/OBLIGATION_GRAPH.md,,e70a59ae,Filename/path inference; editable in the app
346063,work_packages/OPENMATH_2026/OM26_H1_KOBON_TRIANGLES/README.md,Kobon triangles,3556,Pinned collected revision; final designation governed by team receipt | 2fd9fd643bf3e9e98d121dc2e7af1cf1be411ae2,https://codeload.github.com/grandchallenge/MATHSOLVE/zip/2fd9fd643bf3e9e98d121dc2e7af1cf1be411ae2,,contestants/E10/13-archives/E10-grandchallenge-MATHSOLVE-2fd9fd643bf3e9e98d121dc2e7af1cf1be411ae2.zip,MATHSOLVE-2fd9fd643bf3e9e98d121dc2e7af1cf1be411ae2/work_packages/OPENMATH_2026/OM26_H1_KOBON_TRIANGLES/README.md,,3fdd0d4f,Filename/path inference; editable in the app
349169,work_packages/OPENMATH_2026/OM26_H1_KOBON_TRIANGLES/README.md,Kobon triangles,3556,Latest public revision collected separately; not an author-designated final | adcfa0537f43327f4bb9acfe1692f757fce353c4,https://codeload.github.com/grandchallenge/MATHSOLVE/zip/adcfa0537f43327f4bb9acfe1692f757fce353c4,,contestants/E10/13-archives/E10-grandchallenge-MATHSOLVE-adcfa0537f43327f4bb9acfe1692f757fce353c4.zip,MATHSOLVE-adcfa0537f43327f4bb9acfe1692f757fce353c4/work_packages/OPENMATH_2026/OM26_H1_KOBON_TRIANGLES/README.md,,3fdd0d4f,Filename/path inference; editable in the app
346064,work_packages/OPENMATH_2026/OM26_H1_KOBON_TRIANGLES/ROUTE_LEDGER.md,Kobon triangles,2379,Pinned collected revision; final designation governed by team receipt | 2fd9fd643bf3e9e98d121dc2e7af1cf1be411ae2,https://codeload.github.com/grandchallenge/MATHSOLVE/zip/2fd9fd643bf3e9e98d121dc2e7af1cf1be411ae2,,contestants/E10/13-archives/E10-grandchallenge-MATHSOLVE-2fd9fd643bf3e9e98d121dc2e7af1cf1be411ae2.zip,MATHSOLVE-2fd9fd643bf3e9e98d121dc2e7af1cf1be411ae2/work_packages/OPENMATH_2026/OM26_H1_KOBON_TRIANGLES/ROUTE_LEDGER.md,,56c5033e,Filename/path inference; editable in the app
349170,work_packages/OPENMATH_2026/OM26_H1_KOBON_TRIANGLES/ROUTE_LEDGER.md,Kobon triangles,2379,Latest public revision collected separately; not an author-designated final | adcfa0537f43327f4bb9acfe1692f757fce353c4,https://codeload.github.com/grandchallenge/MATHSOLVE/zip/adcfa0537f43327f4bb9acfe1692f757fce353c4,,contestants/E10/13-archives/E10-grandchallenge-MATHSOLVE-adcfa0537f43327f4bb9acfe1692f757fce353c4.zip,MATHSOLVE-adcfa0537f43327f4bb9acfe1692f757fce353c4/work_packages/OPENMATH_2026/OM26_H1_KOBON_TRIANGLES/ROUTE_LEDGER.md,,56c5033e,Filename/path inference; editable in the app
346065,work_packages/OPENMATH_2026/OM26_H1_KOBON_TRIANGLES/SCORER_CORRECTNESS.md,Kobon triangles,2032,Pinned collected revision; final designation governed by team receipt | 2fd9fd643bf3e9e98d121dc2e7af1cf1be411ae2,https://codeload.github.com/grandchallenge/MATHSOLVE/zip/2fd9fd643bf3e9e98d121dc2e7af1cf1be411ae2,,contestants/E10/13-archives/E10-grandchallenge-MATHSOLVE-2fd9fd643bf3e9e98d121dc2e7af1cf1be411ae2.zip,MATHSOLVE-2fd9fd643bf3e9e98d121dc2e7af1cf1be411ae2/work_packages/OPENMATH_2026/OM26_H1_KOBON_TRIANGLES/SCORER_CORRECTNESS.md,,26731bac,Filename/path inference; editable in the app
349171,work_packages/OPENMATH_2026/OM26_H1_KOBON_TRIANGLES/SCORER_CORRECTNESS.md,Kobon triangles,2032,Latest public revision collected separately; not an author-designated final | adcfa0537f43327f4bb9acfe1692f757fce353c4,https://codeload.github.com/grandchallenge/MATHSOLVE/zip/adcfa0537f43327f4bb9acfe1692f757fce353c4,,contestants/E10/13-archives/E10-grandchallenge-MATHSOLVE-adcfa0537f43327f4bb9acfe1692f757fce353c4.zip,MATHSOLVE-adcfa0537f43327f4bb9acfe1692f757fce353c4/work_packages/OPENMATH_2026/OM26_H1_KOBON_TRIANGLES/SCORER_CORRECTNESS.md,,26731bac,Filename/path inference; editable in the app
346083,work_packages/OPENMATH_2026/OM26_H4_COLLATZ_MODULAR_DESCENT/H4_EXTENDED_REPLAY_AND_SELECTION.md,Collatz,3189,Pinned collected revision; final designation governed by team receipt | 2fd9fd643bf3e9e98d121dc2e7af1cf1be411ae2,https://codeload.github.com/grandchallenge/MATHSOLVE/zip/2fd9fd643bf3e9e98d121dc2e7af1cf1be411ae2,,contestants/E10/13-archives/E10-grandchallenge-MATHSOLVE-2fd9fd643bf3e9e98d121dc2e7af1cf1be411ae2.zip,MATHSOLVE-2fd9fd643bf3e9e98d121dc2e7af1cf1be411ae2/work_packages/OPENMATH_2026/OM26_H4_COLLATZ_MODULAR_DESCENT/H4_EXTENDED_REPLAY_AND_SELECTION.md,,2a750c42,Filename/path inference; editable in the app
349189,work_packages/OPENMATH_2026/OM26_H4_COLLATZ_MODULAR_DESCENT/H4_EXTENDED_REPLAY_AND_SELECTION.md,Collatz,3189,Latest public revision collected separately; not an author-designated final | adcfa0537f43327f4bb9acfe1692f757fce353c4,https://codeload.github.com/grandchallenge/MATHSOLVE/zip/adcfa0537f43327f4bb9acfe1692f757fce353c4,,contestants/E10/13-archives/E10-grandchallenge-MATHSOLVE-adcfa0537f43327f4bb9acfe1692f757fce353c4.zip,MATHSOLVE-adcfa0537f43327f4bb9acfe1692f757fce353c4/work_packages/OPENMATH_2026/OM26_H4_COLLATZ_MODULAR_DESCENT/H4_EXTENDED_REPLAY_AND_SELECTION.md,,2a750c42,Filename/path inference; editable in the app
346085,work_packages/OPENMATH_2026/OM26_H4_COLLATZ_MODULAR_DESCENT/TARGET_CORRESPONDENCE_AND_STATUS.md,Collatz,4172,Pinned collected revision; final designation governed by team receipt | 2fd9fd643bf3e9e98d121dc2e7af1cf1be411ae2,https://codeload.github.com/grandchallenge/MATHSOLVE/zip/2fd9fd643bf3e9e98d121dc2e7af1cf1be411ae2,,contestants/E10/13-archives/E10-grandchallenge-MATHSOLVE-2fd9fd643bf3e9e98d121dc2e7af1cf1be411ae2.zip,MATHSOLVE-2fd9fd643bf3e9e98d121dc2e7af1cf1be411ae2/work_packages/OPENMATH_2026/OM26_H4_COLLATZ_MODULAR_DESCENT/TARGET_CORRESPONDENCE_AND_STATUS.md,,d5b1b0ea,Filename/path inference; editable in the app
349191,work_packages/OPENMATH_2026/OM26_H4_COLLATZ_MODULAR_DESCENT/TARGET_CORRESPONDENCE_AND_STATUS.md,Collatz,4172,Latest public revision collected separately; not an author-designated final | adcfa0537f43327f4bb9acfe1692f757fce353c4,https://codeload.github.com/grandchallenge/MATHSOLVE/zip/adcfa0537f43327f4bb9acfe1692f757fce353c4,,contestants/E10/13-archives/E10-grandchallenge-MATHSOLVE-adcfa0537f43327f4bb9acfe1692f757fce353c4.zip,MATHSOLVE-adcfa0537f43327f4bb9acfe1692f757fce353c4/work_packages/OPENMATH_2026/OM26_H4_COLLATZ_MODULAR_DESCENT/TARGET_CORRESPONDENCE_AND_STATUS.md,,d5b1b0ea,Filename/path inference; editable in the app
346094,work_packages/OPENMATH_2026/OM26_H7_ERDOS_3/H7_STATUS_REVIEW.md,Erdos 3,3273,Pinned collected revision; final designation governed by team receipt | 2fd9fd643bf3e9e98d121dc2e7af1cf1be411ae2,https://codeload.github.com/grandchallenge/MATHSOLVE/zip/2fd9fd643bf3e9e98d121dc2e7af1cf1be411ae2,,contestants/E10/13-archives/E10-grandchallenge-MATHSOLVE-2fd9fd643bf3e9e98d121dc2e7af1cf1be411ae2.zip,MATHSOLVE-2fd9fd643bf3e9e98d121dc2e7af1cf1be411ae2/work_packages/OPENMATH_2026/OM26_H7_ERDOS_3/H7_STATUS_REVIEW.md,,015ded8d,Filename/path inference; editable in the app
349200,work_packages/OPENMATH_2026/OM26_H7_ERDOS_3/H7_STATUS_REVIEW.md,Erdos 3,3273,Latest public revision collected separately; not an author-designated final | adcfa0537f43327f4bb9acfe1692f757fce353c4,https://codeload.github.com/grandchallenge/MATHSOLVE/zip/adcfa0537f43327f4bb9acfe1692f757fce353c4,,contestants/E10/13-archives/E10-grandchallenge-MATHSOLVE-adcfa0537f43327f4bb9acfe1692f757fce353c4.zip,MATHSOLVE-adcfa0537f43327f4bb9acfe1692f757fce353c4/work_packages/OPENMATH_2026/OM26_H7_ERDOS_3/H7_STATUS_REVIEW.md,,015ded8d,Filename/path inference; editable in the app
346095,work_packages/OPENMATH_2026/README.md,General / shared,2201,Pinned collected revision; final designation governed by team receipt | 2fd9fd643bf3e9e98d121dc2e7af1cf1be411ae2,https://codeload.github.com/grandchallenge/MATHSOLVE/zip/2fd9fd643bf3e9e98d121dc2e7af1cf1be411ae2,,contestants/E10/13-archives/E10-grandchallenge-MATHSOLVE-2fd9fd643bf3e9e98d121dc2e7af1cf1be411ae2.zip,MATHSOLVE-2fd9fd643bf3e9e98d121dc2e7af1cf1be411ae2/work_packages/OPENMATH_2026/README.md,,f7929f7b,Filename/path inference; editable in the app
349201,work_packages/OPENMATH_2026/README.md,General / shared,2201,Latest public revision collected separately; not an author-designated final | adcfa0537f43327f4bb9acfe1692f757fce353c4,https://codeload.github.com/grandchallenge/MATHSOLVE/zip/adcfa0537f43327f4bb9acfe1692f757fce353c4,,contestants/E10/13-archives/E10-grandchallenge-MATHSOLVE-adcfa0537f43327f4bb9acfe1692f757fce353c4.zip,MATHSOLVE-adcfa0537f43327f4bb9acfe1692f757fce353c4/work_packages/OPENMATH_2026/README.md,,f7929f7b,Filename/path inference; editable in the app
346096,work_packages/OPENMATH_2026_WP00.md,General / shared,3584,Pinned collected revision; final designation governed by team receipt | 2fd9fd643bf3e9e98d121dc2e7af1cf1be411ae2,https://codeload.github.com/grandchallenge/MATHSOLVE/zip/2fd9fd643bf3e9e98d121dc2e7af1cf1be411ae2,,contestants/E10/13-archives/E10-grandchallenge-MATHSOLVE-2fd9fd643bf3e9e98d121dc2e7af1cf1be411ae2.zip,MATHSOLVE-2fd9fd643bf3e9e98d121dc2e7af1cf1be411ae2/work_packages/OPENMATH_2026_WP00.md,,94f1ba31,Filename/path inference; editable in the app
349202,work_packages/OPENMATH_2026_WP00.md,General / shared,3584,Latest public revision collected separately; not an author-designated final | adcfa0537f43327f4bb9acfe1692f757fce353c4,https://codeload.github.com/grandchallenge/MATHSOLVE/zip/adcfa0537f43327f4bb9acfe1692f757fce353c4,,contestants/E10/13-archives/E10-grandchallenge-MATHSOLVE-adcfa0537f43327f4bb9acfe1692f757fce353c4.zip,MATHSOLVE-adcfa0537f43327f4bb9acfe1692f757fce353c4/work_packages/OPENMATH_2026_WP00.md,,94f1ba31,Filename/path inference; editable in the app
346097,work_packages/PNP_BRIDGE_001/README.md,General / shared,3197,Pinned collected revision; final designation governed by team receipt | 2fd9fd643bf3e9e98d121dc2e7af1cf1be411ae2,https://codeload.github.com/grandchallenge/MATHSOLVE/zip/2fd9fd643bf3e9e98d121dc2e7af1cf1be411ae2,,contestants/E10/13-archives/E10-grandchallenge-MATHSOLVE-2fd9fd643bf3e9e98d121dc2e7af1cf1be411ae2.zip,MATHSOLVE-2fd9fd643bf3e9e98d121dc2e7af1cf1be411ae2/work_packages/PNP_BRIDGE_001/README.md,,a42e6ac4,Filename/path inference; editable in the app
349203,work_packages/PNP_BRIDGE_001/README.md,General / shared,3197,Latest public revision collected separately; not an author-designated final | adcfa0537f43327f4bb9acfe1692f757fce353c4,https://codeload.github.com/grandchallenge/MATHSOLVE/zip/adcfa0537f43327f4bb9acfe1692f757fce353c4,,contestants/E10/13-archives/E10-grandchallenge-MATHSOLVE-adcfa0537f43327f4bb9acfe1692f757fce353c4.zip,MATHSOLVE-adcfa0537f43327f4bb9acfe1692f757fce353c4/work_packages/PNP_BRIDGE_001/README.md,,a42e6ac4,Filename/path inference; editable in the app
346099,work_packages/PNP_DEFINITION_CONCORDANCE_001/README.md,General / shared,1587,Pinned collected revision; final designation governed by team receipt | 2fd9fd643bf3e9e98d121dc2e7af1cf1be411ae2,https://codeload.github.com/grandchallenge/MATHSOLVE/zip/2fd9fd643bf3e9e98d121dc2e7af1cf1be411ae2,,contestants/E10/13-archives/E10-grandchallenge-MATHSOLVE-2fd9fd643bf3e9e98d121dc2e7af1cf1be411ae2.zip,MATHSOLVE-2fd9fd643bf3e9e98d121dc2e7af1cf1be411ae2/work_packages/PNP_DEFINITION_CONCORDANCE_001/README.md,,569835c0,Filename/path inference; editable in the app
349205,work_packages/PNP_DEFINITION_CONCORDANCE_001/README.md,General / shared,1587,Latest public revision collected separately; not an author-designated final | adcfa0537f43327f4bb9acfe1692f757fce353c4,https://codeload.github.com/grandchallenge/MATHSOLVE/zip/adcfa0537f43327f4bb9acfe1692f757fce353c4,,contestants/E10/13-archives/E10-grandchallenge-MATHSOLVE-adcfa0537f43327f4bb9acfe1692f757fce353c4.zip,MATHSOLVE-adcfa0537f43327f4bb9acfe1692f757fce353c4/work_packages/PNP_DEFINITION_CONCORDANCE_001/README.md,,569835c0,Filename/path inference; editable in the app
346101,work_packages/RH_R030_SPECTRAL_UNBOUNDED.md,General / shared,10958,Pinned collected revision; final designation governed by team receipt | 2fd9fd643bf3e9e98d121dc2e7af1cf1be411ae2,https://codeload.github.com/grandchallenge/MATHSOLVE/zip/2fd9fd643bf3e9e98d121dc2e7af1cf1be411ae2,,contestants/E10/13-archives/E10-grandchallenge-MATHSOLVE-2fd9fd643bf3e9e98d121dc2e7af1cf1be411ae2.zip,MATHSOLVE-2fd9fd643bf3e9e98d121dc2e7af1cf1be411ae2/work_packages/RH_R030_SPECTRAL_UNBOUNDED.md,,2ca44c02,Filename/path inference; editable in the app
349207,work_packages/RH_R030_SPECTRAL_UNBOUNDED.md,General / shared,10958,Latest public revision collected separately; not an author-designated final | adcfa0537f43327f4bb9acfe1692f757fce353c4,https://codeload.github.com/grandchallenge/MATHSOLVE/zip/adcfa0537f43327f4bb9acfe1692f757fce353c4,,contestants/E10/13-archives/E10-grandchallenge-MATHSOLVE-adcfa0537f43327f4bb9acfe1692f757fce353c4.zip,MATHSOLVE-adcfa0537f43327f4bb9acfe1692f757fce353c4/work_packages/RH_R030_SPECTRAL_UNBOUNDED.md,,2ca44c02,Filename/path inference; editable in the app
346102,work_packages/RH_R031_BK_HALFLINE_LEBESGUE.md,General / shared,7108,Pinned collected revision; final designation governed by team receipt | 2fd9fd643bf3e9e98d121dc2e7af1cf1be411ae2,https://codeload.github.com/grandchallenge/MATHSOLVE/zip/2fd9fd643bf3e9e98d121dc2e7af1cf1be411ae2,,contestants/E10/13-archives/E10-grandchallenge-MATHSOLVE-2fd9fd643bf3e9e98d121dc2e7af1cf1be411ae2.zip,MATHSOLVE-2fd9fd643bf3e9e98d121dc2e7af1cf1be411ae2/work_packages/RH_R031_BK_HALFLINE_LEBESGUE.md,,4e14158e,Filename/path inference; editable in the app
349208,work_packages/RH_R031_BK_HALFLINE_LEBESGUE.md,General / shared,7108,Latest public revision collected separately; not an author-designated final | adcfa0537f43327f4bb9acfe1692f757fce353c4,https://codeload.github.com/grandchallenge/MATHSOLVE/zip/adcfa0537f43327f4bb9acfe1692f757fce353c4,,contestants/E10/13-archives/E10-grandchallenge-MATHSOLVE-adcfa0537f43327f4bb9acfe1692f757fce353c4.zip,MATHSOLVE-adcfa0537f43327f4bb9acfe1692f757fce353c4/work_packages/RH_R031_BK_HALFLINE_LEBESGUE.md,,4e14158e,Filename/path inference; editable in the app
346103,work_packages/RH_R032_BK_FINITE_INTERVAL_WEYL.md,General / shared,6749,Pinned collected revision; final designation governed by team receipt | 2fd9fd643bf3e9e98d121dc2e7af1cf1be411ae2,https://codeload.github.com/grandchallenge/MATHSOLVE/zip/2fd9fd643bf3e9e98d121dc2e7af1cf1be411ae2,,contestants/E10/13-archives/E10-grandchallenge-MATHSOLVE-2fd9fd643bf3e9e98d121dc2e7af1cf1be411ae2.zip,MATHSOLVE-2fd9fd643bf3e9e98d121dc2e7af1cf1be411ae2/work_packages/RH_R032_BK_FINITE_INTERVAL_WEYL.md,,f3470a87,Filename/path inference; editable in the app
349209,work_packages/RH_R032_BK_FINITE_INTERVAL_WEYL.md,General / shared,6749,Latest public revision collected separately; not an author-designated final | adcfa0537f43327f4bb9acfe1692f757fce353c4,https://codeload.github.com/grandchallenge/MATHSOLVE/zip/adcfa0537f43327f4bb9acfe1692f757fce353c4,,contestants/E10/13-archives/E10-grandchallenge-MATHSOLVE-adcfa0537f43327f4bb9acfe1692f757fce353c4.zip,MATHSOLVE-adcfa0537f43327f4bb9acfe1692f757fce353c4/work_packages/RH_R032_BK_FINITE_INTERVAL_WEYL.md,,f3470a87,Filename/path inference; editable in the app
346104,work_packages/RH_R033_SYMMETRIC_BK_TLOGT.md,General / shared,9047,Pinned collected revision; final designation governed by team receipt | 2fd9fd643bf3e9e98d121dc2e7af1cf1be411ae2,https://codeload.github.com/grandchallenge/MATHSOLVE/zip/2fd9fd643bf3e9e98d121dc2e7af1cf1be411ae2,,contestants/E10/13-archives/E10-grandchallenge-MATHSOLVE-2fd9fd643bf3e9e98d121dc2e7af1cf1be411ae2.zip,MATHSOLVE-2fd9fd643bf3e9e98d121dc2e7af1cf1be411ae2/work_packages/RH_R033_SYMMETRIC_BK_TLOGT.md,,b9a19ff2,Filename/path inference; editable in the app
349210,work_packages/RH_R033_SYMMETRIC_BK_TLOGT.md,General / shared,9047,Latest public revision collected separately; not an author-designated final | adcfa0537f43327f4bb9acfe1692f757fce353c4,https://codeload.github.com/grandchallenge/MATHSOLVE/zip/adcfa0537f43327f4bb9acfe1692f757fce353c4,,contestants/E10/13-archives/E10-grandchallenge-MATHSOLVE-adcfa0537f43327f4bb9acfe1692f757fce353c4.zip,MATHSOLVE-adcfa0537f43327f4bb9acfe1692f757fce353c4/work_packages/RH_R033_SYMMETRIC_BK_TLOGT.md,,b9a19ff2,Filename/path inference; editable in the app
346105,work_packages/RH_R034_RINDLER_PRIME_FIXED_DOMAIN.md,General / shared,11287,Pinned collected revision; final designation governed by team receipt | 2fd9fd643bf3e9e98d121dc2e7af1cf1be411ae2,https://codeload.github.com/grandchallenge/MATHSOLVE/zip/2fd9fd643bf3e9e98d121dc2e7af1cf1be411ae2,,contestants/E10/13-archives/E10-grandchallenge-MATHSOLVE-2fd9fd643bf3e9e98d121dc2e7af1cf1be411ae2.zip,MATHSOLVE-2fd9fd643bf3e9e98d121dc2e7af1cf1be411ae2/work_packages/RH_R034_RINDLER_PRIME_FIXED_DOMAIN.md,,bf648308,Filename/path inference; editable in the app
349211,work_packages/RH_R034_RINDLER_PRIME_FIXED_DOMAIN.md,General / shared,11287,Latest public revision collected separately; not an author-designated final | adcfa0537f43327f4bb9acfe1692f757fce353c4,https://codeload.github.com/grandchallenge/MATHSOLVE/zip/adcfa0537f43327f4bb9acfe1692f757fce353c4,,contestants/E10/13-archives/E10-grandchallenge-MATHSOLVE-adcfa0537f43327f4bb9acfe1692f757fce353c4.zip,MATHSOLVE-adcfa0537f43327f4bb9acfe1692f757fce353c4/work_packages/RH_R034_RINDLER_PRIME_FIXED_DOMAIN.md,,bf648308,Filename/path inference; editable in the app
346106,work_packages/RH_R035_ZETA_SPECTRAL_TRIPLES_LIMIT.md,General / shared,10551,Pinned collected revision; final designation governed by team receipt | 2fd9fd643bf3e9e98d121dc2e7af1cf1be411ae2,https://codeload.github.com/grandchallenge/MATHSOLVE/zip/2fd9fd643bf3e9e98d121dc2e7af1cf1be411ae2,,contestants/E10/13-archives/E10-grandchallenge-MATHSOLVE-2fd9fd643bf3e9e98d121dc2e7af1cf1be411ae2.zip,MATHSOLVE-2fd9fd643bf3e9e98d121dc2e7af1cf1be411ae2/work_packages/RH_R035_ZETA_SPECTRAL_TRIPLES_LIMIT.md,,f9e496ec,Filename/path inference; editable in the app
349212,work_packages/RH_R035_ZETA_SPECTRAL_TRIPLES_LIMIT.md,General / shared,10551,Latest public revision collected separately; not an author-designated final | adcfa0537f43327f4bb9acfe1692f757fce353c4,https://codeload.github.com/grandchallenge/MATHSOLVE/zip/adcfa0537f43327f4bb9acfe1692f757fce353c4,,contestants/E10/13-archives/E10-grandchallenge-MATHSOLVE-adcfa0537f43327f4bb9acfe1692f757fce353c4.zip,MATHSOLVE-adcfa0537f43327f4bb9acfe1692f757fce353c4/work_packages/RH_R035_ZETA_SPECTRAL_TRIPLES_LIMIT.md,,f9e496ec,Filename/path inference; editable in the app
346107,work_packages/RH_R036_QW_PARITY_GAP_REDUCTION.md,General / shared,10787,Pinned collected revision; final designation governed by team receipt | 2fd9fd643bf3e9e98d121dc2e7af1cf1be411ae2,https://codeload.github.com/grandchallenge/MATHSOLVE/zip/2fd9fd643bf3e9e98d121dc2e7af1cf1be411ae2,,contestants/E10/13-archives/E10-grandchallenge-MATHSOLVE-2fd9fd643bf3e9e98d121dc2e7af1cf1be411ae2.zip,MATHSOLVE-2fd9fd643bf3e9e98d121dc2e7af1cf1be411ae2/work_packages/RH_R036_QW_PARITY_GAP_REDUCTION.md,,4db44a07,Filename/path inference; editable in the app
349213,work_packages/RH_R036_QW_PARITY_GAP_REDUCTION.md,General / shared,10787,Latest public revision collected separately; not an author-designated final | adcfa0537f43327f4bb9acfe1692f757fce353c4,https://codeload.github.com/grandchallenge/MATHSOLVE/zip/adcfa0537f43327f4bb9acfe1692f757fce353c4,,contestants/E10/13-archives/E10-grandchallenge-MATHSOLVE-adcfa0537f43327f4bb9acfe1692f757fce353c4.zip,MATHSOLVE-adcfa0537f43327f4bb9acfe1692f757fce353c4/work_packages/RH_R036_QW_PARITY_GAP_REDUCTION.md,,4db44a07,Filename/path inference; editable in the app
346108,work_packages/RH_R037_QW_SECTOR_GALERKIN.md,General / shared,10277,Pinned collected revision; final designation governed by team receipt | 2fd9fd643bf3e9e98d121dc2e7af1cf1be411ae2,https://codeload.github.com/grandchallenge/MATHSOLVE/zip/2fd9fd643bf3e9e98d121dc2e7af1cf1be411ae2,,contestants/E10/13-archives/E10-grandchallenge-MATHSOLVE-2fd9fd643bf3e9e98d121dc2e7af1cf1be411ae2.zip,MATHSOLVE-2fd9fd643bf3e9e98d121dc2e7af1cf1be411ae2/work_packages/RH_R037_QW_SECTOR_GALERKIN.md,,2e4a73e6,Filename/path inference; editable in the app
349214,work_packages/RH_R037_QW_SECTOR_GALERKIN.md,General / shared,10277,Latest public revision collected separately; not an author-designated final | adcfa0537f43327f4bb9acfe1692f757fce353c4,https://codeload.github.com/grandchallenge/MATHSOLVE/zip/adcfa0537f43327f4bb9acfe1692f757fce353c4,,contestants/E10/13-archives/E10-grandchallenge-MATHSOLVE-adcfa0537f43327f4bb9acfe1692f757fce353c4.zip,MATHSOLVE-adcfa0537f43327f4bb9acfe1692f757fce353c4/work_packages/RH_R037_QW_SECTOR_GALERKIN.md,,2e4a73e6,Filename/path inference; editable in the app
346109,work_packages/RH_R039_QW_PARITY_GAP_EVIDENCE/README.md,General / shared,4874,Pinned collected revision; final designation governed by team receipt | 2fd9fd643bf3e9e98d121dc2e7af1cf1be411ae2,https://codeload.github.com/grandchallenge/MATHSOLVE/zip/2fd9fd643bf3e9e98d121dc2e7af1cf1be411ae2,,contestants/E10/13-archives/E10-grandchallenge-MATHSOLVE-2fd9fd643bf3e9e98d121dc2e7af1cf1be411ae2.zip,MATHSOLVE-2fd9fd643bf3e9e98d121dc2e7af1cf1be411ae2/work_packages/RH_R039_QW_PARITY_GAP_EVIDENCE/README.md,,98ebe7bb,Filename/path inference; editable in the app
349215,work_packages/RH_R039_QW_PARITY_GAP_EVIDENCE/README.md,General / shared,4874,Latest public revision collected separately; not an author-designated final | adcfa0537f43327f4bb9acfe1692f757fce353c4,https://codeload.github.com/grandchallenge/MATHSOLVE/zip/adcfa0537f43327f4bb9acfe1692f757fce353c4,,contestants/E10/13-archives/E10-grandchallenge-MATHSOLVE-adcfa0537f43327f4bb9acfe1692f757fce353c4.zip,MATHSOLVE-adcfa0537f43327f4bb9acfe1692f757fce353c4/work_packages/RH_R039_QW_PARITY_GAP_EVIDENCE/README.md,,98ebe7bb,Filename/path inference; editable in the app
346113,work_packages/RH_R040_EFFECTIVE_SMALL_A_SIMPLE_EVEN.md,General / shared,12154,Pinned collected revision; final designation governed by team receipt | 2fd9fd643bf3e9e98d121dc2e7af1cf1be411ae2,https://codeload.github.com/grandchallenge/MATHSOLVE/zip/2fd9fd643bf3e9e98d121dc2e7af1cf1be411ae2,,contestants/E10/13-archives/E10-grandchallenge-MATHSOLVE-2fd9fd643bf3e9e98d121dc2e7af1cf1be411ae2.zip,MATHSOLVE-2fd9fd643bf3e9e98d121dc2e7af1cf1be411ae2/work_packages/RH_R040_EFFECTIVE_SMALL_A_SIMPLE_EVEN.md,,9a325a8e,Filename/path inference; editable in the app
349219,work_packages/RH_R040_EFFECTIVE_SMALL_A_SIMPLE_EVEN.md,General / shared,12154,Latest public revision collected separately; not an author-designated final | adcfa0537f43327f4bb9acfe1692f757fce353c4,https://codeload.github.com/grandchallenge/MATHSOLVE/zip/adcfa0537f43327f4bb9acfe1692f757fce353c4,,contestants/E10/13-archives/E10-grandchallenge-MATHSOLVE-adcfa0537f43327f4bb9acfe1692f757fce353c4.zip,MATHSOLVE-adcfa0537f43327f4bb9acfe1692f757fce353c4/work_packages/RH_R040_EFFECTIVE_SMALL_A_SIMPLE_EVEN.md,,9a325a8e,Filename/path inference; editable in the app
346114,work_packages/RH_R041_ODD_HERGLOTZ_GAP_CRITERION.md,General / shared,7999,Pinned collected revision; final designation governed by team receipt | 2fd9fd643bf3e9e98d121dc2e7af1cf1be411ae2,https://codeload.github.com/grandchallenge/MATHSOLVE/zip/2fd9fd643bf3e9e98d121dc2e7af1cf1be411ae2,,contestants/E10/13-archives/E10-grandchallenge-MATHSOLVE-2fd9fd643bf3e9e98d121dc2e7af1cf1be411ae2.zip,MATHSOLVE-2fd9fd643bf3e9e98d121dc2e7af1cf1be411ae2/work_packages/RH_R041_ODD_HERGLOTZ_GAP_CRITERION.md,,befd32ae,Filename/path inference; editable in the app
349220,work_packages/RH_R041_ODD_HERGLOTZ_GAP_CRITERION.md,General / shared,7999,Latest public revision collected separately; not an author-designated final | adcfa0537f43327f4bb9acfe1692f757fce353c4,https://codeload.github.com/grandchallenge/MATHSOLVE/zip/adcfa0537f43327f4bb9acfe1692f757fce353c4,,contestants/E10/13-archives/E10-grandchallenge-MATHSOLVE-adcfa0537f43327f4bb9acfe1692f757fce353c4.zip,MATHSOLVE-adcfa0537f43327f4bb9acfe1692f757fce353c4/work_packages/RH_R041_ODD_HERGLOTZ_GAP_CRITERION.md,,befd32ae,Filename/path inference; editable in the app
346115,work_packages/RH_R042_PARITY_BOTTOM_PARAMETER_CONTINUITY.md,General / shared,11137,Pinned collected revision; final designation governed by team receipt | 2fd9fd643bf3e9e98d121dc2e7af1cf1be411ae2,https://codeload.github.com/grandchallenge/MATHSOLVE/zip/2fd9fd643bf3e9e98d121dc2e7af1cf1be411ae2,,contestants/E10/13-archives/E10-grandchallenge-MATHSOLVE-2fd9fd643bf3e9e98d121dc2e7af1cf1be411ae2.zip,MATHSOLVE-2fd9fd643bf3e9e98d121dc2e7af1cf1be411ae2/work_packages/RH_R042_PARITY_BOTTOM_PARAMETER_CONTINUITY.md,,ec48a71e,Filename/path inference; editable in the app
349221,work_packages/RH_R042_PARITY_BOTTOM_PARAMETER_CONTINUITY.md,General / shared,11137,Latest public revision collected separately; not an author-designated final | adcfa0537f43327f4bb9acfe1692f757fce353c4,https://codeload.github.com/grandchallenge/MATHSOLVE/zip/adcfa0537f43327f4bb9acfe1692f757fce353c4,,contestants/E10/13-archives/E10-grandchallenge-MATHSOLVE-adcfa0537f43327f4bb9acfe1692f757fce353c4.zip,MATHSOLVE-adcfa0537f43327f4bb9acfe1692f757fce353c4/work_packages/RH_R042_PARITY_BOTTOM_PARAMETER_CONTINUITY.md,,ec48a71e,Filename/path inference; editable in the app
346116,work_packages/RH_R043_HERGLOTZ_MARGIN_CONTINUITY.md,General / shared,9846,Pinned collected revision; final designation governed by team receipt | 2fd9fd643bf3e9e98d121dc2e7af1cf1be411ae2,https://codeload.github.com/grandchallenge/MATHSOLVE/zip/2fd9fd643bf3e9e98d121dc2e7af1cf1be411ae2,,contestants/E10/13-archives/E10-grandchallenge-MATHSOLVE-2fd9fd643bf3e9e98d121dc2e7af1cf1be411ae2.zip,MATHSOLVE-2fd9fd643bf3e9e98d121dc2e7af1cf1be411ae2/work_packages/RH_R043_HERGLOTZ_MARGIN_CONTINUITY.md,,70cf7482,Filename/path inference; editable in the app
349222,work_packages/RH_R043_HERGLOTZ_MARGIN_CONTINUITY.md,General / shared,9846,Latest public revision collected separately; not an author-designated final | adcfa0537f43327f4bb9acfe1692f757fce353c4,https://codeload.github.com/grandchallenge/MATHSOLVE/zip/adcfa0537f43327f4bb9acfe1692f757fce353c4,,contestants/E10/13-archives/E10-grandchallenge-MATHSOLVE-adcfa0537f43327f4bb9acfe1692f757fce353c4.zip,MATHSOLVE-adcfa0537f43327f4bb9acfe1692f757fce353c4/work_packages/RH_R043_HERGLOTZ_MARGIN_CONTINUITY.md,,70cf7482,Filename/path inference; editable in the app
346117,work_packages/RH_R044_EXPLICIT_INITIAL_HERGLOTZ_MARGINS.md,General / shared,4822,Pinned collected revision; final designation governed by team receipt | 2fd9fd643bf3e9e98d121dc2e7af1cf1be411ae2,https://codeload.github.com/grandchallenge/MATHSOLVE/zip/2fd9fd643bf3e9e98d121dc2e7af1cf1be411ae2,,contestants/E10/13-archives/E10-grandchallenge-MATHSOLVE-2fd9fd643bf3e9e98d121dc2e7af1cf1be411ae2.zip,MATHSOLVE-2fd9fd643bf3e9e98d121dc2e7af1cf1be411ae2/work_packages/RH_R044_EXPLICIT_INITIAL_HERGLOTZ_MARGINS.md,,83d20e1a,Filename/path inference; editable in the app
349223,work_packages/RH_R044_EXPLICIT_INITIAL_HERGLOTZ_MARGINS.md,General / shared,4822,Latest public revision collected separately; not an author-designated final | adcfa0537f43327f4bb9acfe1692f757fce353c4,https://codeload.github.com/grandchallenge/MATHSOLVE/zip/adcfa0537f43327f4bb9acfe1692f757fce353c4,,contestants/E10/13-archives/E10-grandchallenge-MATHSOLVE-adcfa0537f43327f4bb9acfe1692f757fce353c4.zip,MATHSOLVE-adcfa0537f43327f4bb9acfe1692f757fce353c4/work_packages/RH_R044_EXPLICIT_INITIAL_HERGLOTZ_MARGINS.md,,83d20e1a,Filename/path inference; editable in the app
346118,work_packages/RH_R045_PARITY_SENSITIVE_REMAINDER.md,General / shared,10068,Pinned collected revision; final designation governed by team receipt | 2fd9fd643bf3e9e98d121dc2e7af1cf1be411ae2,https://codeload.github.com/grandchallenge/MATHSOLVE/zip/2fd9fd643bf3e9e98d121dc2e7af1cf1be411ae2,,contestants/E10/13-archives/E10-grandchallenge-MATHSOLVE-2fd9fd643bf3e9e98d121dc2e7af1cf1be411ae2.zip,MATHSOLVE-2fd9fd643bf3e9e98d121dc2e7af1cf1be411ae2/work_packages/RH_R045_PARITY_SENSITIVE_REMAINDER.md,,61dbb7d5,Filename/path inference; editable in the app
349224,work_packages/RH_R045_PARITY_SENSITIVE_REMAINDER.md,General / shared,10068,Latest public revision collected separately; not an author-designated final | adcfa0537f43327f4bb9acfe1692f757fce353c4,https://codeload.github.com/grandchallenge/MATHSOLVE/zip/adcfa0537f43327f4bb9acfe1692f757fce353c4,,contestants/E10/13-archives/E10-grandchallenge-MATHSOLVE-adcfa0537f43327f4bb9acfe1692f757fce353c4.zip,MATHSOLVE-adcfa0537f43327f4bb9acfe1692f757fce353c4/work_packages/RH_R045_PARITY_SENSITIVE_REMAINDER.md,,61dbb7d5,Filename/path inference; editable in the app
346119,work_packages/RH_R046_ODD_LOWER_BOUND_EXTENSION.md,General / shared,11059,Pinned collected revision; final designation governed by team receipt | 2fd9fd643bf3e9e98d121dc2e7af1cf1be411ae2,https://codeload.github.com/grandchallenge/MATHSOLVE/zip/2fd9fd643bf3e9e98d121dc2e7af1cf1be411ae2,,contestants/E10/13-archives/E10-grandchallenge-MATHSOLVE-2fd9fd643bf3e9e98d121dc2e7af1cf1be411ae2.zip,MATHSOLVE-2fd9fd643bf3e9e98d121dc2e7af1cf1be411ae2/work_packages/RH_R046_ODD_LOWER_BOUND_EXTENSION.md,,f05aba31,Filename/path inference; editable in the app
349225,work_packages/RH_R046_ODD_LOWER_BOUND_EXTENSION.md,General / shared,11059,Latest public revision collected separately; not an author-designated final | adcfa0537f43327f4bb9acfe1692f757fce353c4,https://codeload.github.com/grandchallenge/MATHSOLVE/zip/adcfa0537f43327f4bb9acfe1692f757fce353c4,,contestants/E10/13-archives/E10-grandchallenge-MATHSOLVE-adcfa0537f43327f4bb9acfe1692f757fce353c4.zip,MATHSOLVE-adcfa0537f43327f4bb9acfe1692f757fce353c4/work_packages/RH_R046_ODD_LOWER_BOUND_EXTENSION.md,,f05aba31,Filename/path inference; editable in the app
346120,work_packages/RH_R047_INTEGRATED_REMAINDER_EXTENSION.md,General / shared,9753,Pinned collected revision; final designation governed by team receipt | 2fd9fd643bf3e9e98d121dc2e7af1cf1be411ae2,https://codeload.github.com/grandchallenge/MATHSOLVE/zip/2fd9fd643bf3e9e98d121dc2e7af1cf1be411ae2,,contestants/E10/13-archives/E10-grandchallenge-MATHSOLVE-2fd9fd643bf3e9e98d121dc2e7af1cf1be411ae2.zip,MATHSOLVE-2fd9fd643bf3e9e98d121dc2e7af1cf1be411ae2/work_packages/RH_R047_INTEGRATED_REMAINDER_EXTENSION.md,,d1d1297e,Filename/path inference; editable in the app
349226,work_packages/RH_R047_INTEGRATED_REMAINDER_EXTENSION.md,General / shared,9753,Latest public revision collected separately; not an author-designated final | adcfa0537f43327f4bb9acfe1692f757fce353c4,https://codeload.github.com/grandchallenge/MATHSOLVE/zip/adcfa0537f43327f4bb9acfe1692f757fce353c4,,contestants/E10/13-archives/E10-grandchallenge-MATHSOLVE-adcfa0537f43327f4bb9acfe1692f757fce353c4.zip,MATHSOLVE-adcfa0537f43327f4bb9acfe1692f757fce353c4/work_packages/RH_R047_INTEGRATED_REMAINDER_EXTENSION.md,,d1d1297e,Filename/path inference; editable in the app
346121,work_packages/RH_R048_SECTOR_COERCIVITY_EXTENSION.md,General / shared,12306,Pinned collected revision; final designation governed by team receipt | 2fd9fd643bf3e9e98d121dc2e7af1cf1be411ae2,https://codeload.github.com/grandchallenge/MATHSOLVE/zip/2fd9fd643bf3e9e98d121dc2e7af1cf1be411ae2,,contestants/E10/13-archives/E10-grandchallenge-MATHSOLVE-2fd9fd643bf3e9e98d121dc2e7af1cf1be411ae2.zip,MATHSOLVE-2fd9fd643bf3e9e98d121dc2e7af1cf1be411ae2/work_packages/RH_R048_SECTOR_COERCIVITY_EXTENSION.md,,87f5b66f,Filename/path inference; editable in the app
349227,work_packages/RH_R048_SECTOR_COERCIVITY_EXTENSION.md,General / shared,12306,Latest public revision collected separately; not an author-designated final | adcfa0537f43327f4bb9acfe1692f757fce353c4,https://codeload.github.com/grandchallenge/MATHSOLVE/zip/adcfa0537f43327f4bb9acfe1692f757fce353c4,,contestants/E10/13-archives/E10-grandchallenge-MATHSOLVE-adcfa0537f43327f4bb9acfe1692f757fce353c4.zip,MATHSOLVE-adcfa0537f43327f4bb9acfe1692f757fce353c4/work_packages/RH_R048_SECTOR_COERCIVITY_EXTENSION.md,,87f5b66f,Filename/path inference; editable in the app
346122,work_packages/RH_R049_HIGHER_ODD_COERCIVITY.md,General / shared,9615,Pinned collected revision; final designation governed by team receipt | 2fd9fd643bf3e9e98d121dc2e7af1cf1be411ae2,https://codeload.github.com/grandchallenge/MATHSOLVE/zip/2fd9fd643bf3e9e98d121dc2e7af1cf1be411ae2,,contestants/E10/13-archives/E10-grandchallenge-MATHSOLVE-2fd9fd643bf3e9e98d121dc2e7af1cf1be411ae2.zip,MATHSOLVE-2fd9fd643bf3e9e98d121dc2e7af1cf1be411ae2/work_packages/RH_R049_HIGHER_ODD_COERCIVITY.md,,9c9e996d,Filename/path inference; editable in the app
349228,work_packages/RH_R049_HIGHER_ODD_COERCIVITY.md,General / shared,9615,Latest public revision collected separately; not an author-designated final | adcfa0537f43327f4bb9acfe1692f757fce353c4,https://codeload.github.com/grandchallenge/MATHSOLVE/zip/adcfa0537f43327f4bb9acfe1692f757fce353c4,,contestants/E10/13-archives/E10-grandchallenge-MATHSOLVE-adcfa0537f43327f4bb9acfe1692f757fce353c4.zip,MATHSOLVE-adcfa0537f43327f4bb9acfe1692f757fce353c4/work_packages/RH_R049_HIGHER_ODD_COERCIVITY.md,,9c9e996d,Filename/path inference; editable in the app
346123,work_packages/RH_R050_TRIAL_REWEIGHTED_EXTENSION.md,General / shared,9521,Pinned collected revision; final designation governed by team receipt | 2fd9fd643bf3e9e98d121dc2e7af1cf1be411ae2,https://codeload.github.com/grandchallenge/MATHSOLVE/zip/2fd9fd643bf3e9e98d121dc2e7af1cf1be411ae2,,contestants/E10/13-archives/E10-grandchallenge-MATHSOLVE-2fd9fd643bf3e9e98d121dc2e7af1cf1be411ae2.zip,MATHSOLVE-2fd9fd643bf3e9e98d121dc2e7af1cf1be411ae2/work_packages/RH_R050_TRIAL_REWEIGHTED_EXTENSION.md,,eafe9295,Filename/path inference; editable in the app
349229,work_packages/RH_R050_TRIAL_REWEIGHTED_EXTENSION.md,General / shared,9521,Latest public revision collected separately; not an author-designated final | adcfa0537f43327f4bb9acfe1692f757fce353c4,https://codeload.github.com/grandchallenge/MATHSOLVE/zip/adcfa0537f43327f4bb9acfe1692f757fce353c4,,contestants/E10/13-archives/E10-grandchallenge-MATHSOLVE-adcfa0537f43327f4bb9acfe1692f757fce353c4.zip,MATHSOLVE-adcfa0537f43327f4bb9acfe1692f757fce353c4/work_packages/RH_R050_TRIAL_REWEIGHTED_EXTENSION.md,,eafe9295,Filename/path inference; editable in the app
346124,work_packages/RH_R051_RANK_ONE_COERCIVITY_EXTENSION.md,General / shared,15113,Pinned collected revision; final designation governed by team receipt | 2fd9fd643bf3e9e98d121dc2e7af1cf1be411ae2,https://codeload.github.com/grandchallenge/MATHSOLVE/zip/2fd9fd643bf3e9e98d121dc2e7af1cf1be411ae2,,contestants/E10/13-archives/E10-grandchallenge-MATHSOLVE-2fd9fd643bf3e9e98d121dc2e7af1cf1be411ae2.zip,MATHSOLVE-2fd9fd643bf3e9e98d121dc2e7af1cf1be411ae2/work_packages/RH_R051_RANK_ONE_COERCIVITY_EXTENSION.md,,cbc7cc1f,Filename/path inference; editable in the app
349230,work_packages/RH_R051_RANK_ONE_COERCIVITY_EXTENSION.md,General / shared,15113,Latest public revision collected separately; not an author-designated final | adcfa0537f43327f4bb9acfe1692f757fce353c4,https://codeload.github.com/grandchallenge/MATHSOLVE/zip/adcfa0537f43327f4bb9acfe1692f757fce353c4,,contestants/E10/13-archives/E10-grandchallenge-MATHSOLVE-adcfa0537f43327f4bb9acfe1692f757fce353c4.zip,MATHSOLVE-adcfa0537f43327f4bb9acfe1692f757fce353c4/work_packages/RH_R051_RANK_ONE_COERCIVITY_EXTENSION.md,,cbc7cc1f,Filename/path inference; editable in the app
346125,work_packages/RH_R052_REFRESHED_HERGLOTZ_MARGINS.md,General / shared,12914,Pinned collected revision; final designation governed by team receipt | 2fd9fd643bf3e9e98d121dc2e7af1cf1be411ae2,https://codeload.github.com/grandchallenge/MATHSOLVE/zip/2fd9fd643bf3e9e98d121dc2e7af1cf1be411ae2,,contestants/E10/13-archives/E10-grandchallenge-MATHSOLVE-2fd9fd643bf3e9e98d121dc2e7af1cf1be411ae2.zip,MATHSOLVE-2fd9fd643bf3e9e98d121dc2e7af1cf1be411ae2/work_packages/RH_R052_REFRESHED_HERGLOTZ_MARGINS.md,,48b29126,Filename/path inference; editable in the app
349231,work_packages/RH_R052_REFRESHED_HERGLOTZ_MARGINS.md,General / shared,12914,Latest public revision collected separately; not an author-designated final | adcfa0537f43327f4bb9acfe1692f757fce353c4,https://codeload.github.com/grandchallenge/MATHSOLVE/zip/adcfa0537f43327f4bb9acfe1692f757fce353c4,,contestants/E10/13-archives/E10-grandchallenge-MATHSOLVE-adcfa0537f43327f4bb9acfe1692f757fce353c4.zip,MATHSOLVE-adcfa0537f43327f4bb9acfe1692f757fce353c4/work_packages/RH_R052_REFRESHED_HERGLOTZ_MARGINS.md,,48b29126,Filename/path inference; editable in the app
346126,work_packages/RH_R053_COMPACT_TRANSFORM_STABILITY.md,General / shared,17464,Pinned collected revision; final designation governed by team receipt | 2fd9fd643bf3e9e98d121dc2e7af1cf1be411ae2,https://codeload.github.com/grandchallenge/MATHSOLVE/zip/2fd9fd643bf3e9e98d121dc2e7af1cf1be411ae2,,contestants/E10/13-archives/E10-grandchallenge-MATHSOLVE-2fd9fd643bf3e9e98d121dc2e7af1cf1be411ae2.zip,MATHSOLVE-2fd9fd643bf3e9e98d121dc2e7af1cf1be411ae2/work_packages/RH_R053_COMPACT_TRANSFORM_STABILITY.md,,07c57487,Filename/path inference; editable in the app
349232,work_packages/RH_R053_COMPACT_TRANSFORM_STABILITY.md,General / shared,17464,Latest public revision collected separately; not an author-designated final | adcfa0537f43327f4bb9acfe1692f757fce353c4,https://codeload.github.com/grandchallenge/MATHSOLVE/zip/adcfa0537f43327f4bb9acfe1692f757fce353c4,,contestants/E10/13-archives/E10-grandchallenge-MATHSOLVE-adcfa0537f43327f4bb9acfe1692f757fce353c4.zip,MATHSOLVE-adcfa0537f43327f4bb9acfe1692f757fce353c4/work_packages/RH_R053_COMPACT_TRANSFORM_STABILITY.md,,07c57487,Filename/path inference; editable in the app
349233,work_packages/RH_R054_COMPLETE_LOG_QUARTIC_EXTENSION.md,General / shared,13682,Latest public revision collected separately; not an author-designated final | adcfa0537f43327f4bb9acfe1692f757fce353c4,https://codeload.github.com/grandchallenge/MATHSOLVE/zip/adcfa0537f43327f4bb9acfe1692f757fce353c4,,contestants/E10/13-archives/E10-grandchallenge-MATHSOLVE-adcfa0537f43327f4bb9acfe1692f757fce353c4.zip,MATHSOLVE-adcfa0537f43327f4bb9acfe1692f757fce353c4/work_packages/RH_R054_COMPLETE_LOG_QUARTIC_EXTENSION.md,,23793868,Filename/path inference; editable in the app
349234,work_packages/RH_R055_NO_PRIME_HERGLOTZ_VARIATION.md,General / shared,15012,Latest public revision collected separately; not an author-designated final | adcfa0537f43327f4bb9acfe1692f757fce353c4,https://codeload.github.com/grandchallenge/MATHSOLVE/zip/adcfa0537f43327f4bb9acfe1692f757fce353c4,,contestants/E10/13-archives/E10-grandchallenge-MATHSOLVE-adcfa0537f43327f4bb9acfe1692f757fce353c4.zip,MATHSOLVE-adcfa0537f43327f4bb9acfe1692f757fce353c4/work_packages/RH_R055_NO_PRIME_HERGLOTZ_VARIATION.md,,55001930,Filename/path inference; editable in the app
349235,work_packages/RH_R056_CANONICAL_DETERMINANT_NORMALIZATION.md,General / shared,10447,Latest public revision collected separately; not an author-designated final | adcfa0537f43327f4bb9acfe1692f757fce353c4,https://codeload.github.com/grandchallenge/MATHSOLVE/zip/adcfa0537f43327f4bb9acfe1692f757fce353c4,,contestants/E10/13-archives/E10-grandchallenge-MATHSOLVE-adcfa0537f43327f4bb9acfe1692f757fce353c4.zip,MATHSOLVE-adcfa0537f43327f4bb9acfe1692f757fce353c4/work_packages/RH_R056_CANONICAL_DETERMINANT_NORMALIZATION.md,,5fab3fe3,Filename/path inference; editable in the app
349236,work_packages/RH_R059_PAIRED_ZERO_NORMAL_FAMILY.md,General / shared,12312,Latest public revision collected separately; not an author-designated final | adcfa0537f43327f4bb9acfe1692f757fce353c4,https://codeload.github.com/grandchallenge/MATHSOLVE/zip/adcfa0537f43327f4bb9acfe1692f757fce353c4,,contestants/E10/13-archives/E10-grandchallenge-MATHSOLVE-adcfa0537f43327f4bb9acfe1692f757fce353c4.zip,MATHSOLVE-adcfa0537f43327f4bb9acfe1692f757fce353c4/work_packages/RH_R059_PAIRED_ZERO_NORMAL_FAMILY.md,,541d033f,Filename/path inference; editable in the app
349237,work_packages/RH_R062_UNTOUCHED_LATTICE_TAIL.md,General / shared,15318,Latest public revision collected separately; not an author-designated final | adcfa0537f43327f4bb9acfe1692f757fce353c4,https://codeload.github.com/grandchallenge/MATHSOLVE/zip/adcfa0537f43327f4bb9acfe1692f757fce353c4,,contestants/E10/13-archives/E10-grandchallenge-MATHSOLVE-adcfa0537f43327f4bb9acfe1692f757fce353c4.zip,MATHSOLVE-adcfa0537f43327f4bb9acfe1692f757fce353c4/work_packages/RH_R062_UNTOUCHED_LATTICE_TAIL.md,,979b1cee,Filename/path inference; editable in the app
349238,work_packages/RH_R065_FINITE_BLOCK_RESOLVENT_OBSTRUCTION.md,General / shared,18800,Latest public revision collected separately; not an author-designated final | adcfa0537f43327f4bb9acfe1692f757fce353c4,https://codeload.github.com/grandchallenge/MATHSOLVE/zip/adcfa0537f43327f4bb9acfe1692f757fce353c4,,contestants/E10/13-archives/E10-grandchallenge-MATHSOLVE-adcfa0537f43327f4bb9acfe1692f757fce353c4.zip,MATHSOLVE-adcfa0537f43327f4bb9acfe1692f757fce353c4/work_packages/RH_R065_FINITE_BLOCK_RESOLVENT_OBSTRUCTION.md,,ad7883a8,Filename/path inference; editable in the app
349239,work_packages/RH_R068_STRIP_NORMAL_FAMILY.md,General / shared,19791,Latest public revision collected separately; not an author-designated final | adcfa0537f43327f4bb9acfe1692f757fce353c4,https://codeload.github.com/grandchallenge/MATHSOLVE/zip/adcfa0537f43327f4bb9acfe1692f757fce353c4,,contestants/E10/13-archives/E10-grandchallenge-MATHSOLVE-adcfa0537f43327f4bb9acfe1692f757fce353c4.zip,MATHSOLVE-adcfa0537f43327f4bb9acfe1692f757fce353c4/work_packages/RH_R068_STRIP_NORMAL_FAMILY.md,,0cf04af3,Filename/path inference; editable in the app
349240,work_packages/RH_R071_LIMIT_IDENTIFICATION.md,General / shared,19997,Latest public revision collected separately; not an author-designated final | adcfa0537f43327f4bb9acfe1692f757fce353c4,https://codeload.github.com/grandchallenge/MATHSOLVE/zip/adcfa0537f43327f4bb9acfe1692f757fce353c4,,contestants/E10/13-archives/E10-grandchallenge-MATHSOLVE-adcfa0537f43327f4bb9acfe1692f757fce353c4.zip,MATHSOLVE-adcfa0537f43327f4bb9acfe1692f757fce353c4/work_packages/RH_R071_LIMIT_IDENTIFICATION.md,,407450f4,Filename/path inference; editable in the app
346127,work_packages/RM_DIO_004.md,General / shared,1575,Pinned collected revision; final designation governed by team receipt | 2fd9fd643bf3e9e98d121dc2e7af1cf1be411ae2,https://codeload.github.com/grandchallenge/MATHSOLVE/zip/2fd9fd643bf3e9e98d121dc2e7af1cf1be411ae2,,contestants/E10/13-archives/E10-grandchallenge-MATHSOLVE-2fd9fd643bf3e9e98d121dc2e7af1cf1be411ae2.zip,MATHSOLVE-2fd9fd643bf3e9e98d121dc2e7af1cf1be411ae2/work_packages/RM_DIO_004.md,,c8ee0d12,Filename/path inference; editable in the app
349241,work_packages/RM_DIO_004.md,General / shared,1575,Latest public revision collected separately; not an author-designated final | adcfa0537f43327f4bb9acfe1692f757fce353c4,https://codeload.github.com/grandchallenge/MATHSOLVE/zip/adcfa0537f43327f4bb9acfe1692f757fce353c4,,contestants/E10/13-archives/E10-grandchallenge-MATHSOLVE-adcfa0537f43327f4bb9acfe1692f757fce353c4.zip,MATHSOLVE-adcfa0537f43327f4bb9acfe1692f757fce353c4/work_packages/RM_DIO_004.md,,c8ee0d12,Filename/path inference; editable in the app
346128,work_packages/RSI_CCC_001_M1/00_README.md,General / shared,2597,Pinned collected revision; final designation governed by team receipt | 2fd9fd643bf3e9e98d121dc2e7af1cf1be411ae2,https://codeload.github.com/grandchallenge/MATHSOLVE/zip/2fd9fd643bf3e9e98d121dc2e7af1cf1be411ae2,,contestants/E10/13-archives/E10-grandchallenge-MATHSOLVE-2fd9fd643bf3e9e98d121dc2e7af1cf1be411ae2.zip,MATHSOLVE-2fd9fd643bf3e9e98d121dc2e7af1cf1be411ae2/work_packages/RSI_CCC_001_M1/00_README.md,,25b6026f,Filename/path inference; editable in the app
349242,work_packages/RSI_CCC_001_M1/00_README.md,General / shared,2597,Latest public revision collected separately; not an author-designated final | adcfa0537f43327f4bb9acfe1692f757fce353c4,https://codeload.github.com/grandchallenge/MATHSOLVE/zip/adcfa0537f43327f4bb9acfe1692f757fce353c4,,contestants/E10/13-archives/E10-grandchallenge-MATHSOLVE-adcfa0537f43327f4bb9acfe1692f757fce353c4.zip,MATHSOLVE-adcfa0537f43327f4bb9acfe1692f757fce353c4/work_packages/RSI_CCC_001_M1/00_README.md,,25b6026f,Filename/path inference; editable in the app
346130,work_packages/RSI_CCC_001_M1/02_PROOF_OBLIGATION_DAG.md,General / shared,2276,Pinned collected revision; final designation governed by team receipt | 2fd9fd643bf3e9e98d121dc2e7af1cf1be411ae2,https://codeload.github.com/grandchallenge/MATHSOLVE/zip/2fd9fd643bf3e9e98d121dc2e7af1cf1be411ae2,,contestants/E10/13-archives/E10-grandchallenge-MATHSOLVE-2fd9fd643bf3e9e98d121dc2e7af1cf1be411ae2.zip,MATHSOLVE-2fd9fd643bf3e9e98d121dc2e7af1cf1be411ae2/work_packages/RSI_CCC_001_M1/02_PROOF_OBLIGATION_DAG.md,,b02d2ee8,Filename/path inference; editable in the app
349244,work_packages/RSI_CCC_001_M1/02_PROOF_OBLIGATION_DAG.md,General / shared,2276,Latest public revision collected separately; not an author-designated final | adcfa0537f43327f4bb9acfe1692f757fce353c4,https://codeload.github.com/grandchallenge/MATHSOLVE/zip/adcfa0537f43327f4bb9acfe1692f757fce353c4,,contestants/E10/13-archives/E10-grandchallenge-MATHSOLVE-adcfa0537f43327f4bb9acfe1692f757fce353c4.zip,MATHSOLVE-adcfa0537f43327f4bb9acfe1692f757fce353c4/work_packages/RSI_CCC_001_M1/02_PROOF_OBLIGATION_DAG.md,,b02d2ee8,Filename/path inference; editable in the app
346131,work_packages/RSI_CCC_001_M1/03_TRUST_BOUNDARY.md,General / shared,1362,Pinned collected revision; final designation governed by team receipt | 2fd9fd643bf3e9e98d121dc2e7af1cf1be411ae2,https://codeload.github.com/grandchallenge/MATHSOLVE/zip/2fd9fd643bf3e9e98d121dc2e7af1cf1be411ae2,,contestants/E10/13-archives/E10-grandchallenge-MATHSOLVE-2fd9fd643bf3e9e98d121dc2e7af1cf1be411ae2.zip,MATHSOLVE-2fd9fd643bf3e9e98d121dc2e7af1cf1be411ae2/work_packages/RSI_CCC_001_M1/03_TRUST_BOUNDARY.md,,2c8b165f,Filename/path inference; editable in the app
349245,work_packages/RSI_CCC_001_M1/03_TRUST_BOUNDARY.md,General / shared,1362,Latest public revision collected separately; not an author-designated final | adcfa0537f43327f4bb9acfe1692f757fce353c4,https://codeload.github.com/grandchallenge/MATHSOLVE/zip/adcfa0537f43327f4bb9acfe1692f757fce353c4,,contestants/E10/13-archives/E10-grandchallenge-MATHSOLVE-adcfa0537f43327f4bb9acfe1692f757fce353c4.zip,MATHSOLVE-adcfa0537f43327f4bb9acfe1692f757fce353c4/work_packages/RSI_CCC_001_M1/03_TRUST_BOUNDARY.md,,2c8b165f,Filename/path inference; editable in the app
346132,work_packages/RSI_CCC_001_M1/04_RESOURCE_AND_FAILED_ROUTE_LEDGER.md,General / shared,2102,Pinned collected revision; final designation governed by team receipt | 2fd9fd643bf3e9e98d121dc2e7af1cf1be411ae2,https://codeload.github.com/grandchallenge/MATHSOLVE/zip/2fd9fd643bf3e9e98d121dc2e7af1cf1be411ae2,,contestants/E10/13-archives/E10-grandchallenge-MATHSOLVE-2fd9fd643bf3e9e98d121dc2e7af1cf1be411ae2.zip,MATHSOLVE-2fd9fd643bf3e9e98d121dc2e7af1cf1be411ae2/work_packages/RSI_CCC_001_M1/04_RESOURCE_AND_FAILED_ROUTE_LEDGER.md,,fac784fc,Filename/path inference; editable in the app
349246,work_packages/RSI_CCC_001_M1/04_RESOURCE_AND_FAILED_ROUTE_LEDGER.md,General / shared,2102,Latest public revision collected separately; not an author-designated final | adcfa0537f43327f4bb9acfe1692f757fce353c4,https://codeload.github.com/grandchallenge/MATHSOLVE/zip/adcfa0537f43327f4bb9acfe1692f757fce353c4,,contestants/E10/13-archives/E10-grandchallenge-MATHSOLVE-adcfa0537f43327f4bb9acfe1692f757fce353c4.zip,MATHSOLVE-adcfa0537f43327f4bb9acfe1692f757fce353c4/work_packages/RSI_CCC_001_M1/04_RESOURCE_AND_FAILED_ROUTE_LEDGER.md,,fac784fc,Filename/path inference; editable in the app
346133,work_packages/TROPIC_GROEBNER_001.md,General / shared,2668,Pinned collected revision; final designation governed by team receipt | 2fd9fd643bf3e9e98d121dc2e7af1cf1be411ae2,https://codeload.github.com/grandchallenge/MATHSOLVE/zip/2fd9fd643bf3e9e98d121dc2e7af1cf1be411ae2,,contestants/E10/13-archives/E10-grandchallenge-MATHSOLVE-2fd9fd643bf3e9e98d121dc2e7af1cf1be411ae2.zip,MATHSOLVE-2fd9fd643bf3e9e98d121dc2e7af1cf1be411ae2/work_packages/TROPIC_GROEBNER_001.md,,2ad1fe5d,Filename/path inference; editable in the app
349247,work_packages/TROPIC_GROEBNER_001.md,General / shared,2668,Latest public revision collected separately; not an author-designated final | adcfa0537f43327f4bb9acfe1692f757fce353c4,https://codeload.github.com/grandchallenge/MATHSOLVE/zip/adcfa0537f43327f4bb9acfe1692f757fce353c4,,contestants/E10/13-archives/E10-grandchallenge-MATHSOLVE-adcfa0537f43327f4bb9acfe1692f757fce353c4.zip,MATHSOLVE-adcfa0537f43327f4bb9acfe1692f757fce353c4/work_packages/TROPIC_GROEBNER_001.md,,2ad1fe5d,Filename/path inference; editable in the app
349248,work_packages/UC_WP08_D004_INCIDENCE_INTERFACE/00_README.md,General / shared,3236,Latest public revision collected separately; not an author-designated final | adcfa0537f43327f4bb9acfe1692f757fce353c4,https://codeload.github.com/grandchallenge/MATHSOLVE/zip/adcfa0537f43327f4bb9acfe1692f757fce353c4,,contestants/E10/13-archives/E10-grandchallenge-MATHSOLVE-adcfa0537f43327f4bb9acfe1692f757fce353c4.zip,MATHSOLVE-adcfa0537f43327f4bb9acfe1692f757fce353c4/work_packages/UC_WP08_D004_INCIDENCE_INTERFACE/00_README.md,,207d64a6,Filename/path inference; editable in the app
349249,work_packages/UC_WP08_D004_INCIDENCE_INTERFACE/01_BLIND_COHORT.md,General / shared,674,Latest public revision collected separately; not an author-designated final | adcfa0537f43327f4bb9acfe1692f757fce353c4,https://codeload.github.com/grandchallenge/MATHSOLVE/zip/adcfa0537f43327f4bb9acfe1692f757fce353c4,,contestants/E10/13-archives/E10-grandchallenge-MATHSOLVE-adcfa0537f43327f4bb9acfe1692f757fce353c4.zip,MATHSOLVE-adcfa0537f43327f4bb9acfe1692f757fce353c4/work_packages/UC_WP08_D004_INCIDENCE_INTERFACE/01_BLIND_COHORT.md,,28436ae8,Filename/path inference; editable in the app
349251,work_packages/UC_WP08_D004_INCIDENCE_INTERFACE/WP01_PRINCIPAL-INCIDENCE.md,General / shared,4279,Latest public revision collected separately; not an author-designated final | adcfa0537f43327f4bb9acfe1692f757fce353c4,https://codeload.github.com/grandchallenge/MATHSOLVE/zip/adcfa0537f43327f4bb9acfe1692f757fce353c4,,contestants/E10/13-archives/E10-grandchallenge-MATHSOLVE-adcfa0537f43327f4bb9acfe1692f757fce353c4.zip,MATHSOLVE-adcfa0537f43327f4bb9acfe1692f757fce353c4/work_packages/UC_WP08_D004_INCIDENCE_INTERFACE/WP01_PRINCIPAL-INCIDENCE.md,,dea2e548,Filename/path inference; editable in the app
349252,work_packages/UC_WP08_D004_INCIDENCE_INTERFACE/WP02_JOIN-IRREDUCIBLE-INCIDENCE.md,General / shared,4238,Latest public revision collected separately; not an author-designated final | adcfa0537f43327f4bb9acfe1692f757fce353c4,https://codeload.github.com/grandchallenge/MATHSOLVE/zip/adcfa0537f43327f4bb9acfe1692f757fce353c4,,contestants/E10/13-archives/E10-grandchallenge-MATHSOLVE-adcfa0537f43327f4bb9acfe1692f757fce353c4.zip,MATHSOLVE-adcfa0537f43327f4bb9acfe1692f757fce353c4/work_packages/UC_WP08_D004_INCIDENCE_INTERFACE/WP02_JOIN-IRREDUCIBLE-INCIDENCE.md,,1ffcea86,Filename/path inference; editable in the app
349253,work_packages/UC_WP08_D004_INCIDENCE_INTERFACE/WP03_IMPLICATION-SEMANTICS.md,General / shared,4215,Latest public revision collected separately; not an author-designated final | adcfa0537f43327f4bb9acfe1692f757fce353c4,https://codeload.github.com/grandchallenge/MATHSOLVE/zip/adcfa0537f43327f4bb9acfe1692f757fce353c4,,contestants/E10/13-archives/E10-grandchallenge-MATHSOLVE-adcfa0537f43327f4bb9acfe1692f757fce353c4.zip,MATHSOLVE-adcfa0537f43327f4bb9acfe1692f757fce353c4/work_packages/UC_WP08_D004_INCIDENCE_INTERFACE/WP03_IMPLICATION-SEMANTICS.md,,ef84841d,Filename/path inference; editable in the app
349254,work_packages/UC_WP08_D004_INCIDENCE_INTERFACE/WP04_WP05-FREQUENCY-TRANSLATION.md,General / shared,4457,Latest public revision collected separately; not an author-designated final | adcfa0537f43327f4bb9acfe1692f757fce353c4,https://codeload.github.com/grandchallenge/MATHSOLVE/zip/adcfa0537f43327f4bb9acfe1692f757fce353c4,,contestants/E10/13-archives/E10-grandchallenge-MATHSOLVE-adcfa0537f43327f4bb9acfe1692f757fce353c4.zip,MATHSOLVE-adcfa0537f43327f4bb9acfe1692f757fce353c4/work_packages/UC_WP08_D004_INCIDENCE_INTERFACE/WP04_WP05-FREQUENCY-TRANSLATION.md,,cb92ca94,Filename/path inference; editable in the app
346159,work_packages/VGSE_WP00_VARCHENKO_GALASHIN_SOURCE_SEMANTICS_LOCK.md,General / shared,7495,Pinned collected revision; final designation governed by team receipt | 2fd9fd643bf3e9e98d121dc2e7af1cf1be411ae2,https://codeload.github.com/grandchallenge/MATHSOLVE/zip/2fd9fd643bf3e9e98d121dc2e7af1cf1be411ae2,,contestants/E10/13-archives/E10-grandchallenge-MATHSOLVE-2fd9fd643bf3e9e98d121dc2e7af1cf1be411ae2.zip,MATHSOLVE-2fd9fd643bf3e9e98d121dc2e7af1cf1be411ae2/work_packages/VGSE_WP00_VARCHENKO_GALASHIN_SOURCE_SEMANTICS_LOCK.md,,4e88b7c6,Filename/path inference; editable in the app
349281,work_packages/VGSE_WP00_VARCHENKO_GALASHIN_SOURCE_SEMANTICS_LOCK.md,General / shared,7495,Latest public revision collected separately; not an author-designated final | adcfa0537f43327f4bb9acfe1692f757fce353c4,https://codeload.github.com/grandchallenge/MATHSOLVE/zip/adcfa0537f43327f4bb9acfe1692f757fce353c4,,contestants/E10/13-archives/E10-grandchallenge-MATHSOLVE-adcfa0537f43327f4bb9acfe1692f757fce353c4.zip,MATHSOLVE-adcfa0537f43327f4bb9acfe1692f757fce353c4/work_packages/VGSE_WP00_VARCHENKO_GALASHIN_SOURCE_SEMANTICS_LOCK.md,,4e88b7c6,Filename/path inference; editable in the app
346160,work_packages/YM_D001_INTERSCALE_GENERATOR_INTERFACE/00_README.md,General / shared,6907,Pinned collected revision; final designation governed by team receipt | 2fd9fd643bf3e9e98d121dc2e7af1cf1be411ae2,https://codeload.github.com/grandchallenge/MATHSOLVE/zip/2fd9fd643bf3e9e98d121dc2e7af1cf1be411ae2,,contestants/E10/13-archives/E10-grandchallenge-MATHSOLVE-2fd9fd643bf3e9e98d121dc2e7af1cf1be411ae2.zip,MATHSOLVE-2fd9fd643bf3e9e98d121dc2e7af1cf1be411ae2/work_packages/YM_D001_INTERSCALE_GENERATOR_INTERFACE/00_README.md,,4c3b627a,Filename/path inference; editable in the app
349282,work_packages/YM_D001_INTERSCALE_GENERATOR_INTERFACE/00_README.md,General / shared,6907,Latest public revision collected separately; not an author-designated final | adcfa0537f43327f4bb9acfe1692f757fce353c4,https://codeload.github.com/grandchallenge/MATHSOLVE/zip/adcfa0537f43327f4bb9acfe1692f757fce353c4,,contestants/E10/13-archives/E10-grandchallenge-MATHSOLVE-adcfa0537f43327f4bb9acfe1692f757fce353c4.zip,MATHSOLVE-adcfa0537f43327f4bb9acfe1692f757fce353c4/work_packages/YM_D001_INTERSCALE_GENERATOR_INTERFACE/00_README.md,,4c3b627a,Filename/path inference; editable in the app
346164,work_packages/YM_D001_PHYSICAL_SCALE_NORMAL_FORM/00_README.md,General / shared,4605,Pinned collected revision; final designation governed by team receipt | 2fd9fd643bf3e9e98d121dc2e7af1cf1be411ae2,https://codeload.github.com/grandchallenge/MATHSOLVE/zip/2fd9fd643bf3e9e98d121dc2e7af1cf1be411ae2,,contestants/E10/13-archives/E10-grandchallenge-MATHSOLVE-2fd9fd643bf3e9e98d121dc2e7af1cf1be411ae2.zip,MATHSOLVE-2fd9fd643bf3e9e98d121dc2e7af1cf1be411ae2/work_packages/YM_D001_PHYSICAL_SCALE_NORMAL_FORM/00_README.md,,934de432,Filename/path inference; editable in the app
349286,work_packages/YM_D001_PHYSICAL_SCALE_NORMAL_FORM/00_README.md,General / shared,4605,Latest public revision collected separately; not an author-designated final | adcfa0537f43327f4bb9acfe1692f757fce353c4,https://codeload.github.com/grandchallenge/MATHSOLVE/zip/adcfa0537f43327f4bb9acfe1692f757fce353c4,,contestants/E10/13-archives/E10-grandchallenge-MATHSOLVE-adcfa0537f43327f4bb9acfe1692f757fce353c4.zip,MATHSOLVE-adcfa0537f43327f4bb9acfe1692f757fce353c4/work_packages/YM_D001_PHYSICAL_SCALE_NORMAL_FORM/00_README.md,,934de432,Filename/path inference; editable in the app
346165,work_packages/YM_D001_PHYSICAL_SCALE_NORMAL_FORM/01_PHYSICAL_SCALE_LAW.md,General / shared,4774,Pinned collected revision; final designation governed by team receipt | 2fd9fd643bf3e9e98d121dc2e7af1cf1be411ae2,https://codeload.github.com/grandchallenge/MATHSOLVE/zip/2fd9fd643bf3e9e98d121dc2e7af1cf1be411ae2,,contestants/E10/13-archives/E10-grandchallenge-MATHSOLVE-2fd9fd643bf3e9e98d121dc2e7af1cf1be411ae2.zip,MATHSOLVE-2fd9fd643bf3e9e98d121dc2e7af1cf1be411ae2/work_packages/YM_D001_PHYSICAL_SCALE_NORMAL_FORM/01_PHYSICAL_SCALE_LAW.md,,63771947,Filename/path inference; editable in the app
349287,work_packages/YM_D001_PHYSICAL_SCALE_NORMAL_FORM/01_PHYSICAL_SCALE_LAW.md,General / shared,4774,Latest public revision collected separately; not an author-designated final | adcfa0537f43327f4bb9acfe1692f757fce353c4,https://codeload.github.com/grandchallenge/MATHSOLVE/zip/adcfa0537f43327f4bb9acfe1692f757fce353c4,,contestants/E10/13-archives/E10-grandchallenge-MATHSOLVE-adcfa0537f43327f4bb9acfe1692f757fce353c4.zip,MATHSOLVE-adcfa0537f43327f4bb9acfe1692f757fce353c4/work_packages/YM_D001_PHYSICAL_SCALE_NORMAL_FORM/01_PHYSICAL_SCALE_LAW.md,,63771947,Filename/path inference; editable in the app
346168,work_packages/YM_D001_REFERENCE_SCALE_QUOTIENT/00_README.md,General / shared,4892,Pinned collected revision; final designation governed by team receipt | 2fd9fd643bf3e9e98d121dc2e7af1cf1be411ae2,https://codeload.github.com/grandchallenge/MATHSOLVE/zip/2fd9fd643bf3e9e98d121dc2e7af1cf1be411ae2,,contestants/E10/13-archives/E10-grandchallenge-MATHSOLVE-2fd9fd643bf3e9e98d121dc2e7af1cf1be411ae2.zip,MATHSOLVE-2fd9fd643bf3e9e98d121dc2e7af1cf1be411ae2/work_packages/YM_D001_REFERENCE_SCALE_QUOTIENT/00_README.md,,997f9842,Filename/path inference; editable in the app
349290,work_packages/YM_D001_REFERENCE_SCALE_QUOTIENT/00_README.md,General / shared,4892,Latest public revision collected separately; not an author-designated final | adcfa0537f43327f4bb9acfe1692f757fce353c4,https://codeload.github.com/grandchallenge/MATHSOLVE/zip/adcfa0537f43327f4bb9acfe1692f757fce353c4,,contestants/E10/13-archives/E10-grandchallenge-MATHSOLVE-adcfa0537f43327f4bb9acfe1692f757fce353c4.zip,MATHSOLVE-adcfa0537f43327f4bb9acfe1692f757fce353c4/work_packages/YM_D001_REFERENCE_SCALE_QUOTIENT/00_README.md,,997f9842,Filename/path inference; editable in the app
346169,work_packages/YM_D001_REFERENCE_SCALE_QUOTIENT/01_REFERENCE_SCALE_QUOTIENT.md,General / shared,4470,Pinned collected revision; final designation governed by team receipt | 2fd9fd643bf3e9e98d121dc2e7af1cf1be411ae2,https://codeload.github.com/grandchallenge/MATHSOLVE/zip/2fd9fd643bf3e9e98d121dc2e7af1cf1be411ae2,,contestants/E10/13-archives/E10-grandchallenge-MATHSOLVE-2fd9fd643bf3e9e98d121dc2e7af1cf1be411ae2.zip,MATHSOLVE-2fd9fd643bf3e9e98d121dc2e7af1cf1be411ae2/work_packages/YM_D001_REFERENCE_SCALE_QUOTIENT/01_REFERENCE_SCALE_QUOTIENT.md,,c34a9ab4,Filename/path inference; editable in the app
349291,work_packages/YM_D001_REFERENCE_SCALE_QUOTIENT/01_REFERENCE_SCALE_QUOTIENT.md,General / shared,4470,Latest public revision collected separately; not an author-designated final | adcfa0537f43327f4bb9acfe1692f757fce353c4,https://codeload.github.com/grandchallenge/MATHSOLVE/zip/adcfa0537f43327f4bb9acfe1692f757fce353c4,,contestants/E10/13-archives/E10-grandchallenge-MATHSOLVE-adcfa0537f43327f4bb9acfe1692f757fce353c4.zip,MATHSOLVE-adcfa0537f43327f4bb9acfe1692f757fce353c4/work_packages/YM_D001_REFERENCE_SCALE_QUOTIENT/01_REFERENCE_SCALE_QUOTIENT.md,,c34a9ab4,Filename/path inference; editable in the app
346176,work_packages/YM_D001_STRONG_RESOLVENT_GAP_STABILITY/00_README.md,General / shared,6410,Pinned collected revision; final designation governed by team receipt | 2fd9fd643bf3e9e98d121dc2e7af1cf1be411ae2,https://codeload.github.com/grandchallenge/MATHSOLVE/zip/2fd9fd643bf3e9e98d121dc2e7af1cf1be411ae2,,contestants/E10/13-archives/E10-grandchallenge-MATHSOLVE-2fd9fd643bf3e9e98d121dc2e7af1cf1be411ae2.zip,MATHSOLVE-2fd9fd643bf3e9e98d121dc2e7af1cf1be411ae2/work_packages/YM_D001_STRONG_RESOLVENT_GAP_STABILITY/00_README.md,,2152bba2,Filename/path inference; editable in the app
349298,work_packages/YM_D001_STRONG_RESOLVENT_GAP_STABILITY/00_README.md,General / shared,6410,Latest public revision collected separately; not an author-designated final | adcfa0537f43327f4bb9acfe1692f757fce353c4,https://codeload.github.com/grandchallenge/MATHSOLVE/zip/adcfa0537f43327f4bb9acfe1692f757fce353c4,,contestants/E10/13-archives/E10-grandchallenge-MATHSOLVE-adcfa0537f43327f4bb9acfe1692f757fce353c4.zip,MATHSOLVE-adcfa0537f43327f4bb9acfe1692f757fce353c4/work_packages/YM_D001_STRONG_RESOLVENT_GAP_STABILITY/00_README.md,,2152bba2,Filename/path inference; editable in the app
346177,work_packages/YM_D001_STRONG_RESOLVENT_GAP_STABILITY/01_STRONG_RESOLVENT_GAP_STABILITY.md,General / shared,7466,Pinned collected revision; final designation governed by team receipt | 2fd9fd643bf3e9e98d121dc2e7af1cf1be411ae2,https://codeload.github.com/grandchallenge/MATHSOLVE/zip/2fd9fd643bf3e9e98d121dc2e7af1cf1be411ae2,,contestants/E10/13-archives/E10-grandchallenge-MATHSOLVE-2fd9fd643bf3e9e98d121dc2e7af1cf1be411ae2.zip,MATHSOLVE-2fd9fd643bf3e9e98d121dc2e7af1cf1be411ae2/work_packages/YM_D001_STRONG_RESOLVENT_GAP_STABILITY/01_STRONG_RESOLVENT_GAP_STABILITY.md,,f1a052a7,Filename/path inference; editable in the app
349299,work_packages/YM_D001_STRONG_RESOLVENT_GAP_STABILITY/01_STRONG_RESOLVENT_GAP_STABILITY.md,General / shared,7466,Latest public revision collected separately; not an author-designated final | adcfa0537f43327f4bb9acfe1692f757fce353c4,https://codeload.github.com/grandchallenge/MATHSOLVE/zip/adcfa0537f43327f4bb9acfe1692f757fce353c4,,contestants/E10/13-archives/E10-grandchallenge-MATHSOLVE-adcfa0537f43327f4bb9acfe1692f757fce353c4.zip,MATHSOLVE-adcfa0537f43327f4bb9acfe1692f757fce353c4/work_packages/YM_D001_STRONG_RESOLVENT_GAP_STABILITY/01_STRONG_RESOLVENT_GAP_STABILITY.md,,f1a052a7,Filename/path inference; editable in the app
346180,work_packages/YM_D001_VARYING_HILBERT_GAP_STABILITY/00_README.md,General / shared,3824,Pinned collected revision; final designation governed by team receipt | 2fd9fd643bf3e9e98d121dc2e7af1cf1be411ae2,https://codeload.github.com/grandchallenge/MATHSOLVE/zip/2fd9fd643bf3e9e98d121dc2e7af1cf1be411ae2,,contestants/E10/13-archives/E10-grandchallenge-MATHSOLVE-2fd9fd643bf3e9e98d121dc2e7af1cf1be411ae2.zip,MATHSOLVE-2fd9fd643bf3e9e98d121dc2e7af1cf1be411ae2/work_packages/YM_D001_VARYING_HILBERT_GAP_STABILITY/00_README.md,,fb1e4134,Filename/path inference; editable in the app
349302,work_packages/YM_D001_VARYING_HILBERT_GAP_STABILITY/00_README.md,General / shared,3824,Latest public revision collected separately; not an author-designated final | adcfa0537f43327f4bb9acfe1692f757fce353c4,https://codeload.github.com/grandchallenge/MATHSOLVE/zip/adcfa0537f43327f4bb9acfe1692f757fce353c4,,contestants/E10/13-archives/E10-grandchallenge-MATHSOLVE-adcfa0537f43327f4bb9acfe1692f757fce353c4.zip,MATHSOLVE-adcfa0537f43327f4bb9acfe1692f757fce353c4/work_packages/YM_D001_VARYING_HILBERT_GAP_STABILITY/00_README.md,,fb1e4134,Filename/path inference; editable in the app
346181,work_packages/YM_D001_VARYING_HILBERT_GAP_STABILITY/01_VARYING_HILBERT_GAP_STABILITY.md,General / shared,5644,Pinned collected revision; final designation governed by team receipt | 2fd9fd643bf3e9e98d121dc2e7af1cf1be411ae2,https://codeload.github.com/grandchallenge/MATHSOLVE/zip/2fd9fd643bf3e9e98d121dc2e7af1cf1be411ae2,,contestants/E10/13-archives/E10-grandchallenge-MATHSOLVE-2fd9fd643bf3e9e98d121dc2e7af1cf1be411ae2.zip,MATHSOLVE-2fd9fd643bf3e9e98d121dc2e7af1cf1be411ae2/work_packages/YM_D001_VARYING_HILBERT_GAP_STABILITY/01_VARYING_HILBERT_GAP_STABILITY.md,,8a7263d3,Filename/path inference; editable in the app
349303,work_packages/YM_D001_VARYING_HILBERT_GAP_STABILITY/01_VARYING_HILBERT_GAP_STABILITY.md,General / shared,5644,Latest public revision collected separately; not an author-designated final | adcfa0537f43327f4bb9acfe1692f757fce353c4,https://codeload.github.com/grandchallenge/MATHSOLVE/zip/adcfa0537f43327f4bb9acfe1692f757fce353c4,,contestants/E10/13-archives/E10-grandchallenge-MATHSOLVE-adcfa0537f43327f4bb9acfe1692f757fce353c4.zip,MATHSOLVE-adcfa0537f43327f4bb9acfe1692f757fce353c4/work_packages/YM_D001_VARYING_HILBERT_GAP_STABILITY/01_VARYING_HILBERT_GAP_STABILITY.md,,8a7263d3,Filename/path inference; editable in the app
346184,work_packages/YM_D002_OS_ALGEBRAIC_LIMIT_CLOSURE/00_README.md,General / shared,7264,Pinned collected revision; final designation governed by team receipt | 2fd9fd643bf3e9e98d121dc2e7af1cf1be411ae2,https://codeload.github.com/grandchallenge/MATHSOLVE/zip/2fd9fd643bf3e9e98d121dc2e7af1cf1be411ae2,,contestants/E10/13-archives/E10-grandchallenge-MATHSOLVE-2fd9fd643bf3e9e98d121dc2e7af1cf1be411ae2.zip,MATHSOLVE-2fd9fd643bf3e9e98d121dc2e7af1cf1be411ae2/work_packages/YM_D002_OS_ALGEBRAIC_LIMIT_CLOSURE/00_README.md,,6f04e096,Filename/path inference; editable in the app
349306,work_packages/YM_D002_OS_ALGEBRAIC_LIMIT_CLOSURE/00_README.md,General / shared,7264,Latest public revision collected separately; not an author-designated final | adcfa0537f43327f4bb9acfe1692f757fce353c4,https://codeload.github.com/grandchallenge/MATHSOLVE/zip/adcfa0537f43327f4bb9acfe1692f757fce353c4,,contestants/E10/13-archives/E10-grandchallenge-MATHSOLVE-adcfa0537f43327f4bb9acfe1692f757fce353c4.zip,MATHSOLVE-adcfa0537f43327f4bb9acfe1692f757fce353c4/work_packages/YM_D002_OS_ALGEBRAIC_LIMIT_CLOSURE/00_README.md,,6f04e096,Filename/path inference; editable in the app
346185,work_packages/YM_D002_OS_ALGEBRAIC_LIMIT_CLOSURE/01_OS_LIMIT_CLOSURE_THEOREM.md,General / shared,6948,Pinned collected revision; final designation governed by team receipt | 2fd9fd643bf3e9e98d121dc2e7af1cf1be411ae2,https://codeload.github.com/grandchallenge/MATHSOLVE/zip/2fd9fd643bf3e9e98d121dc2e7af1cf1be411ae2,,contestants/E10/13-archives/E10-grandchallenge-MATHSOLVE-2fd9fd643bf3e9e98d121dc2e7af1cf1be411ae2.zip,MATHSOLVE-2fd9fd643bf3e9e98d121dc2e7af1cf1be411ae2/work_packages/YM_D002_OS_ALGEBRAIC_LIMIT_CLOSURE/01_OS_LIMIT_CLOSURE_THEOREM.md,,8d152923,Filename/path inference; editable in the app
349307,work_packages/YM_D002_OS_ALGEBRAIC_LIMIT_CLOSURE/01_OS_LIMIT_CLOSURE_THEOREM.md,General / shared,6948,Latest public revision collected separately; not an author-designated final | adcfa0537f43327f4bb9acfe1692f757fce353c4,https://codeload.github.com/grandchallenge/MATHSOLVE/zip/adcfa0537f43327f4bb9acfe1692f757fce353c4,,contestants/E10/13-archives/E10-grandchallenge-MATHSOLVE-adcfa0537f43327f4bb9acfe1692f757fce353c4.zip,MATHSOLVE-adcfa0537f43327f4bb9acfe1692f757fce353c4/work_packages/YM_D002_OS_ALGEBRAIC_LIMIT_CLOSURE/01_OS_LIMIT_CLOSURE_THEOREM.md,,8d152923,Filename/path inference; editable in the app
349310,work_packages/YM_D003_MRS_PROOF_COMPLETENESS_CLOSURE/00_README.md,General / shared,6597,Latest public revision collected separately; not an author-designated final | adcfa0537f43327f4bb9acfe1692f757fce353c4,https://codeload.github.com/grandchallenge/MATHSOLVE/zip/adcfa0537f43327f4bb9acfe1692f757fce353c4,,contestants/E10/13-archives/E10-grandchallenge-MATHSOLVE-adcfa0537f43327f4bb9acfe1692f757fce353c4.zip,MATHSOLVE-adcfa0537f43327f4bb9acfe1692f757fce353c4/work_packages/YM_D003_MRS_PROOF_COMPLETENESS_CLOSURE/00_README.md,,26944a9d,Filename/path inference; editable in the app
349314,work_packages/YM_D003_MRS_PROOF_COMPLETENESS_CLOSURE/04_PRE_SYNTHESIS_RECEIPT_STATUS.md,General / shared,4626,Latest public revision collected separately; not an author-designated final | adcfa0537f43327f4bb9acfe1692f757fce353c4,https://codeload.github.com/grandchallenge/MATHSOLVE/zip/adcfa0537f43327f4bb9acfe1692f757fce353c4,,contestants/E10/13-archives/E10-grandchallenge-MATHSOLVE-adcfa0537f43327f4bb9acfe1692f757fce353c4.zip,MATHSOLVE-adcfa0537f43327f4bb9acfe1692f757fce353c4/work_packages/YM_D003_MRS_PROOF_COMPLETENESS_CLOSURE/04_PRE_SYNTHESIS_RECEIPT_STATUS.md,,b02a641a,Filename/path inference; editable in the app
349315,work_packages/YM_D003_MRS_PROOF_COMPLETENESS_CLOSURE/05_INDEPENDENT_SYNTHESIS_AND_SELECTION.md,General / shared,7494,Latest public revision collected separately; not an author-designated final | adcfa0537f43327f4bb9acfe1692f757fce353c4,https://codeload.github.com/grandchallenge/MATHSOLVE/zip/adcfa0537f43327f4bb9acfe1692f757fce353c4,,contestants/E10/13-archives/E10-grandchallenge-MATHSOLVE-adcfa0537f43327f4bb9acfe1692f757fce353c4.zip,MATHSOLVE-adcfa0537f43327f4bb9acfe1692f757fce353c4/work_packages/YM_D003_MRS_PROOF_COMPLETENESS_CLOSURE/05_INDEPENDENT_SYNTHESIS_AND_SELECTION.md,,d75c3a08,Filename/path inference; editable in the app
349316,work_packages/YM_D003_MRS_R002_MT1_EXACT_ZERO_MASS_TUNING.md,General / shared,3633,Latest public revision collected separately; not an author-designated final | adcfa0537f43327f4bb9acfe1692f757fce353c4,https://codeload.github.com/grandchallenge/MATHSOLVE/zip/adcfa0537f43327f4bb9acfe1692f757fce353c4,,contestants/E10/13-archives/E10-grandchallenge-MATHSOLVE-adcfa0537f43327f4bb9acfe1692f757fce353c4.zip,MATHSOLVE-adcfa0537f43327f4bb9acfe1692f757fce353c4/work_packages/YM_D003_MRS_R002_MT1_EXACT_ZERO_MASS_TUNING.md,,1384a787,Filename/path inference; editable in the app
346188,work_packages/YM_D003_UV_LARGE_FIELD_COMPOSITION/00_README.md,General / shared,6918,Pinned collected revision; final designation governed by team receipt | 2fd9fd643bf3e9e98d121dc2e7af1cf1be411ae2,https://codeload.github.com/grandchallenge/MATHSOLVE/zip/2fd9fd643bf3e9e98d121dc2e7af1cf1be411ae2,,contestants/E10/13-archives/E10-grandchallenge-MATHSOLVE-2fd9fd643bf3e9e98d121dc2e7af1cf1be411ae2.zip,MATHSOLVE-2fd9fd643bf3e9e98d121dc2e7af1cf1be411ae2/work_packages/YM_D003_UV_LARGE_FIELD_COMPOSITION/00_README.md,,8b2b4332,Filename/path inference; editable in the app
349317,work_packages/YM_D003_UV_LARGE_FIELD_COMPOSITION/00_README.md,General / shared,6918,Latest public revision collected separately; not an author-designated final | adcfa0537f43327f4bb9acfe1692f757fce353c4,https://codeload.github.com/grandchallenge/MATHSOLVE/zip/adcfa0537f43327f4bb9acfe1692f757fce353c4,,contestants/E10/13-archives/E10-grandchallenge-MATHSOLVE-adcfa0537f43327f4bb9acfe1692f757fce353c4.zip,MATHSOLVE-adcfa0537f43327f4bb9acfe1692f757fce353c4/work_packages/YM_D003_UV_LARGE_FIELD_COMPOSITION/00_README.md,,8b2b4332,Filename/path inference; editable in the app
346189,work_packages/YM_D003_UV_LARGE_FIELD_COMPOSITION/01_ROUTE_COMPOSITION_THEOREM.md,General / shared,5899,Pinned collected revision; final designation governed by team receipt | 2fd9fd643bf3e9e98d121dc2e7af1cf1be411ae2,https://codeload.github.com/grandchallenge/MATHSOLVE/zip/2fd9fd643bf3e9e98d121dc2e7af1cf1be411ae2,,contestants/E10/13-archives/E10-grandchallenge-MATHSOLVE-2fd9fd643bf3e9e98d121dc2e7af1cf1be411ae2.zip,MATHSOLVE-2fd9fd643bf3e9e98d121dc2e7af1cf1be411ae2/work_packages/YM_D003_UV_LARGE_FIELD_COMPOSITION/01_ROUTE_COMPOSITION_THEOREM.md,,ce2adc63,Filename/path inference; editable in the app
349318,work_packages/YM_D003_UV_LARGE_FIELD_COMPOSITION/01_ROUTE_COMPOSITION_THEOREM.md,General / shared,5899,Latest public revision collected separately; not an author-designated final | adcfa0537f43327f4bb9acfe1692f757fce353c4,https://codeload.github.com/grandchallenge/MATHSOLVE/zip/adcfa0537f43327f4bb9acfe1692f757fce353c4,,contestants/E10/13-archives/E10-grandchallenge-MATHSOLVE-adcfa0537f43327f4bb9acfe1692f757fce353c4.zip,MATHSOLVE-adcfa0537f43327f4bb9acfe1692f757fce353c4/work_packages/YM_D003_UV_LARGE_FIELD_COMPOSITION/01_ROUTE_COMPOSITION_THEOREM.md,,ce2adc63,Filename/path inference; editable in the app
346192,work_packages/YM_D004_OBSERVABLE_INTERFACE_GAP/00_README.md,General / shared,6970,Pinned collected revision; final designation governed by team receipt | 2fd9fd643bf3e9e98d121dc2e7af1cf1be411ae2,https://codeload.github.com/grandchallenge/MATHSOLVE/zip/2fd9fd643bf3e9e98d121dc2e7af1cf1be411ae2,,contestants/E10/13-archives/E10-grandchallenge-MATHSOLVE-2fd9fd643bf3e9e98d121dc2e7af1cf1be411ae2.zip,MATHSOLVE-2fd9fd643bf3e9e98d121dc2e7af1cf1be411ae2/work_packages/YM_D004_OBSERVABLE_INTERFACE_GAP/00_README.md,,6f7edb98,Filename/path inference; editable in the app
349321,work_packages/YM_D004_OBSERVABLE_INTERFACE_GAP/00_README.md,General / shared,6970,Latest public revision collected separately; not an author-designated final | adcfa0537f43327f4bb9acfe1692f757fce353c4,https://codeload.github.com/grandchallenge/MATHSOLVE/zip/adcfa0537f43327f4bb9acfe1692f757fce353c4,,contestants/E10/13-archives/E10-grandchallenge-MATHSOLVE-adcfa0537f43327f4bb9acfe1692f757fce353c4.zip,MATHSOLVE-adcfa0537f43327f4bb9acfe1692f757fce353c4/work_packages/YM_D004_OBSERVABLE_INTERFACE_GAP/00_README.md,,6f7edb98,Filename/path inference; editable in the app
346193,work_packages/YM_D004_OBSERVABLE_INTERFACE_GAP/01_OBSERVABLE_INTERFACE_THEOREM.md,General / shared,6651,Pinned collected revision; final designation governed by team receipt | 2fd9fd643bf3e9e98d121dc2e7af1cf1be411ae2,https://codeload.github.com/grandchallenge/MATHSOLVE/zip/2fd9fd643bf3e9e98d121dc2e7af1cf1be411ae2,,contestants/E10/13-archives/E10-grandchallenge-MATHSOLVE-2fd9fd643bf3e9e98d121dc2e7af1cf1be411ae2.zip,MATHSOLVE-2fd9fd643bf3e9e98d121dc2e7af1cf1be411ae2/work_packages/YM_D004_OBSERVABLE_INTERFACE_GAP/01_OBSERVABLE_INTERFACE_THEOREM.md,,96a0a151,Filename/path inference; editable in the app
349322,work_packages/YM_D004_OBSERVABLE_INTERFACE_GAP/01_OBSERVABLE_INTERFACE_THEOREM.md,General / shared,6651,Latest public revision collected separately; not an author-designated final | adcfa0537f43327f4bb9acfe1692f757fce353c4,https://codeload.github.com/grandchallenge/MATHSOLVE/zip/adcfa0537f43327f4bb9acfe1692f757fce353c4,,contestants/E10/13-archives/E10-grandchallenge-MATHSOLVE-adcfa0537f43327f4bb9acfe1692f757fce353c4.zip,MATHSOLVE-adcfa0537f43327f4bb9acfe1692f757fce353c4/work_packages/YM_D004_OBSERVABLE_INTERFACE_GAP/01_OBSERVABLE_INTERFACE_THEOREM.md,,96a0a151,Filename/path inference; editable in the app
346196,work_packages/YM_D005_CONVERSE_SPECTRAL_BRIDGE/00_README.md,General / shared,5995,Pinned collected revision; final designation governed by team receipt | 2fd9fd643bf3e9e98d121dc2e7af1cf1be411ae2,https://codeload.github.com/grandchallenge/MATHSOLVE/zip/2fd9fd643bf3e9e98d121dc2e7af1cf1be411ae2,,contestants/E10/13-archives/E10-grandchallenge-MATHSOLVE-2fd9fd643bf3e9e98d121dc2e7af1cf1be411ae2.zip,MATHSOLVE-2fd9fd643bf3e9e98d121dc2e7af1cf1be411ae2/work_packages/YM_D005_CONVERSE_SPECTRAL_BRIDGE/00_README.md,,c078e112,Filename/path inference; editable in the app
349325,work_packages/YM_D005_CONVERSE_SPECTRAL_BRIDGE/00_README.md,General / shared,5995,Latest public revision collected separately; not an author-designated final | adcfa0537f43327f4bb9acfe1692f757fce353c4,https://codeload.github.com/grandchallenge/MATHSOLVE/zip/adcfa0537f43327f4bb9acfe1692f757fce353c4,,contestants/E10/13-archives/E10-grandchallenge-MATHSOLVE-adcfa0537f43327f4bb9acfe1692f757fce353c4.zip,MATHSOLVE-adcfa0537f43327f4bb9acfe1692f757fce353c4/work_packages/YM_D005_CONVERSE_SPECTRAL_BRIDGE/00_README.md,,c078e112,Filename/path inference; editable in the app
346197,work_packages/YM_D005_CONVERSE_SPECTRAL_BRIDGE/01_CONVERSE_SPECTRAL_THEOREM.md,General / shared,6330,Pinned collected revision; final designation governed by team receipt | 2fd9fd643bf3e9e98d121dc2e7af1cf1be411ae2,https://codeload.github.com/grandchallenge/MATHSOLVE/zip/2fd9fd643bf3e9e98d121dc2e7af1cf1be411ae2,,contestants/E10/13-archives/E10-grandchallenge-MATHSOLVE-2fd9fd643bf3e9e98d121dc2e7af1cf1be411ae2.zip,MATHSOLVE-2fd9fd643bf3e9e98d121dc2e7af1cf1be411ae2/work_packages/YM_D005_CONVERSE_SPECTRAL_BRIDGE/01_CONVERSE_SPECTRAL_THEOREM.md,,47088bd9,Filename/path inference; editable in the app
349326,work_packages/YM_D005_CONVERSE_SPECTRAL_BRIDGE/01_CONVERSE_SPECTRAL_THEOREM.md,General / shared,6330,Latest public revision collected separately; not an author-designated final | adcfa0537f43327f4bb9acfe1692f757fce353c4,https://codeload.github.com/grandchallenge/MATHSOLVE/zip/adcfa0537f43327f4bb9acfe1692f757fce353c4,,contestants/E10/13-archives/E10-grandchallenge-MATHSOLVE-adcfa0537f43327f4bb9acfe1692f757fce353c4.zip,MATHSOLVE-adcfa0537f43327f4bb9acfe1692f757fce353c4/work_packages/YM_D005_CONVERSE_SPECTRAL_BRIDGE/01_CONVERSE_SPECTRAL_THEOREM.md,,47088bd9,Filename/path inference; editable in the app
346201,work_packages/openmath_2026/CEI_DISPATCH_TEMPLATE.md,General / shared,1226,Pinned collected revision; final designation governed by team receipt | 2fd9fd643bf3e9e98d121dc2e7af1cf1be411ae2,https://codeload.github.com/grandchallenge/MATHSOLVE/zip/2fd9fd643bf3e9e98d121dc2e7af1cf1be411ae2,,contestants/E10/13-archives/E10-grandchallenge-MATHSOLVE-2fd9fd643bf3e9e98d121dc2e7af1cf1be411ae2.zip,MATHSOLVE-2fd9fd643bf3e9e98d121dc2e7af1cf1be411ae2/work_packages/openmath_2026/CEI_DISPATCH_TEMPLATE.md,,eab444bf,Filename/path inference; editable in the app
349330,work_packages/openmath_2026/CEI_DISPATCH_TEMPLATE.md,General / shared,1226,Latest public revision collected separately; not an author-designated final | adcfa0537f43327f4bb9acfe1692f757fce353c4,https://codeload.github.com/grandchallenge/MATHSOLVE/zip/adcfa0537f43327f4bb9acfe1692f757fce353c4,,contestants/E10/13-archives/E10-grandchallenge-MATHSOLVE-adcfa0537f43327f4bb9acfe1692f757fce353c4.zip,MATHSOLVE-adcfa0537f43327f4bb9acfe1692f757fce353c4/work_packages/openmath_2026/CEI_DISPATCH_TEMPLATE.md,,eab444bf,Filename/path inference; editable in the app
