id,team_id,category,topic,basis,original_path,local_path,archive_path,archive_member,bytes,sha256,crc32,version,source,verification
352151,E04,06-data,General / shared,Original pinned GitHub repository; static role inference,evaluation/evaluator_report_b8e0716a.txt,,contestants\E04\13-archives\GitHub-original-479c2416b6261ee841052eef4881df0e40054f3f.zip,ChandraguptSharma07-matrix-multiplication-tensor-3x3-479c2416b6261ee841052eef4881df0e40054f3f/evaluation/evaluator_report_b8e0716a.txt,2607,acbef850b46596cee42bc3a51755a2320ab53e4655ddb83ca12873559e1bcf63,1a08bb6b,479c2416b6261ee841052eef4881df0e40054f3f,Authenticated GitHub snapshot ChandraguptSharma07/matrix-multiplication-tensor-3x3,Original archive CRC and member SHA256 verified
351609,E04,06-data,General / shared,Filename/path inference; editable in the app,evaluation/evaluator_report_b8e0716a.txt [UI text capture],contestants/E04/06-data/2ad474d6523f-evaluator_report_b8e0716a.txt.UI-extraction.txt,,,3147,628e605dae280e72ecf4c057f115f705f0f5e82e3125ad42476911144e133bbe,,Observed private revision; final designation unconfirmed,https://github.com/ChandraguptSharma07/matrix-multiplication-tensor-3x3/blob/479c2416b6261ee841052eef4881df0e40054f3f/evaluation/evaluator_report_b8e0716a.txt,"UI-derived text, not original bytes; truncation possible"
352147,E04,06-data,General / shared,Filename/path inference; editable in the app,evaluation/evaluator_report_b8e0716a.txt [UI text capture],contestants/E04/06-data/321d1de234c1-earlier-2ad474d6523f-evaluator_report_b8e0716a.txt.UI-extraction.txt,,,3072,321d1de234c15ba136eaa348a6370f6a6e1a98332c89a95ed99c0c519f1c98c6,,Separate earlier UI capture observed 2026-10-03T04:55:30.220Z,https://github.com/ChandraguptSharma07/matrix-multiplication-tensor-3x3/blob/479c2416b6261ee841052eef4881df0e40054f3f/evaluation/evaluator_report_b8e0716a.txt,"UI-derived text, not original bytes; truncation possible"
352152,E04,06-data,General / shared,Original pinned GitHub repository; static role inference,evaluation/leaderboard_snapshot.json,,contestants\E04\13-archives\GitHub-original-479c2416b6261ee841052eef4881df0e40054f3f.zip,ChandraguptSharma07-matrix-multiplication-tensor-3x3-479c2416b6261ee841052eef4881df0e40054f3f/evaluation/leaderboard_snapshot.json,2640,99975d2093ac04628b0ea00ff72c1ae9ecd2ce7e2c8c8ce6a366ffd11bda6c0d,0e2c6bdc,479c2416b6261ee841052eef4881df0e40054f3f,Authenticated GitHub snapshot ChandraguptSharma07/matrix-multiplication-tensor-3x3,Original archive CRC and member SHA256 verified
351610,E04,06-data,General / shared,Filename/path inference; editable in the app,evaluation/leaderboard_snapshot.json [UI text capture],contestants/E04/06-data/9cb607f21462-leaderboard_snapshot.json.UI-extraction.txt,,,3377,8580ce587a3f669cd57b520671f3c18ff2144076bcf79df7e638eed5efecfdd0,,Observed private revision; final designation unconfirmed,https://github.com/ChandraguptSharma07/matrix-multiplication-tensor-3x3/blob/479c2416b6261ee841052eef4881df0e40054f3f/evaluation/leaderboard_snapshot.json,"UI-derived text, not original bytes; truncation possible"
351661,E04,06-data,General / shared,Filename/path inference; editable in the app,hill-results.json,contestants/E04/06-data/hill-results.json,,,459,8404c456fd5f06712ee7b852faa993165609e4713138f55b394ae04879b1ad78,,"Reported successful runs, not all private experiments",Collected official hill leaderboards,Leaderboard values as observed; no independent evaluation
352160,E04,06-data,General / shared,Original pinned GitHub repository; static role inference,kaggle/analysis/census140/align_cache.json,,contestants\E04\13-archives\GitHub-original-479c2416b6261ee841052eef4881df0e40054f3f.zip,ChandraguptSharma07-matrix-multiplication-tensor-3x3-479c2416b6261ee841052eef4881df0e40054f3f/kaggle/analysis/census140/align_cache.json,3758,2b86f9432f73c59882a1e701ab13f0d15c789dc26d702ec170a353a4827bc096,c63dffdd,479c2416b6261ee841052eef4881df0e40054f3f,Authenticated GitHub snapshot ChandraguptSharma07/matrix-multiplication-tensor-3x3,Original archive CRC and member SHA256 verified
352161,E04,06-data,General / shared,Original pinned GitHub repository; static role inference,kaggle/analysis/census140/align_out.txt,,contestants\E04\13-archives\GitHub-original-479c2416b6261ee841052eef4881df0e40054f3f.zip,ChandraguptSharma07-matrix-multiplication-tensor-3x3-479c2416b6261ee841052eef4881df0e40054f3f/kaggle/analysis/census140/align_out.txt,4770,cd46ee62acf7270d756d55a6d1e4214eadb57a59a797c28ab41a9343ad672a47,e20882ea,479c2416b6261ee841052eef4881df0e40054f3f,Authenticated GitHub snapshot ChandraguptSharma07/matrix-multiplication-tensor-3x3,Original archive CRC and member SHA256 verified
352162,E04,06-data,General / shared,Original pinned GitHub repository; static role inference,kaggle/analysis/census140/canon_cache.json,,contestants\E04\13-archives\GitHub-original-479c2416b6261ee841052eef4881df0e40054f3f.zip,ChandraguptSharma07-matrix-multiplication-tensor-3x3-479c2416b6261ee841052eef4881df0e40054f3f/kaggle/analysis/census140/canon_cache.json,151661,ce5506fc0bdb9d3e0850576bdccf2897ef02363ec2d40e204af04b1c7b088920,329ece58,479c2416b6261ee841052eef4881df0e40054f3f,Authenticated GitHub snapshot ChandraguptSharma07/matrix-multiplication-tensor-3x3,Original archive CRC and member SHA256 verified
352163,E04,06-data,General / shared,Original pinned GitHub repository; static role inference,kaggle/analysis/census140/census_out.txt,,contestants\E04\13-archives\GitHub-original-479c2416b6261ee841052eef4881df0e40054f3f.zip,ChandraguptSharma07-matrix-multiplication-tensor-3x3-479c2416b6261ee841052eef4881df0e40054f3f/kaggle/analysis/census140/census_out.txt,115,7e865605e7f69854cfb5621dc9bc94710a373b60c10b0955f463c6870feb06af,7d662efd,479c2416b6261ee841052eef4881df0e40054f3f,Authenticated GitHub snapshot ChandraguptSharma07/matrix-multiplication-tensor-3x3,Original archive CRC and member SHA256 verified
352166,E04,06-data,General / shared,Original pinned GitHub repository; static role inference,kaggle/analysis/census140/checks_out.txt,,contestants\E04\13-archives\GitHub-original-479c2416b6261ee841052eef4881df0e40054f3f.zip,ChandraguptSharma07-matrix-multiplication-tensor-3x3-479c2416b6261ee841052eef4881df0e40054f3f/kaggle/analysis/census140/checks_out.txt,8340,201b5e5e937bc36e6990aa2e282f3971bd76618c4f3e66559a4f3d94480fafa5,0cc6a429,479c2416b6261ee841052eef4881df0e40054f3f,Authenticated GitHub snapshot ChandraguptSharma07/matrix-multiplication-tensor-3x3,Original archive CRC and member SHA256 verified
352167,E04,06-data,General / shared,Original pinned GitHub repository; static role inference,kaggle/analysis/census140/checks_stdout.txt,,contestants\E04\13-archives\GitHub-original-479c2416b6261ee841052eef4881df0e40054f3f.zip,ChandraguptSharma07-matrix-multiplication-tensor-3x3-479c2416b6261ee841052eef4881df0e40054f3f/kaggle/analysis/census140/checks_stdout.txt,8340,201b5e5e937bc36e6990aa2e282f3971bd76618c4f3e66559a4f3d94480fafa5,0cc6a429,479c2416b6261ee841052eef4881df0e40054f3f,Authenticated GitHub snapshot ChandraguptSharma07/matrix-multiplication-tensor-3x3,Original archive CRC and member SHA256 verified
352168,E04,06-data,General / shared,Original pinned GitHub repository; static role inference,kaggle/analysis/census140/classes.json,,contestants\E04\13-archives\GitHub-original-479c2416b6261ee841052eef4881df0e40054f3f.zip,ChandraguptSharma07-matrix-multiplication-tensor-3x3-479c2416b6261ee841052eef4881df0e40054f3f/kaggle/analysis/census140/classes.json,212608,d441fa057e584841acf8f71016b9157a6117bc9bf339cda632aa2c561260ba53,986e02a7,479c2416b6261ee841052eef4881df0e40054f3f,Authenticated GitHub snapshot ChandraguptSharma07/matrix-multiplication-tensor-3x3,Original archive CRC and member SHA256 verified
352170,E04,06-data,General / shared,Original pinned GitHub repository; static role inference,kaggle/analysis/census140/classes_out.txt,,contestants\E04\13-archives\GitHub-original-479c2416b6261ee841052eef4881df0e40054f3f.zip,ChandraguptSharma07-matrix-multiplication-tensor-3x3-479c2416b6261ee841052eef4881df0e40054f3f/kaggle/analysis/census140/classes_out.txt,2682,d3f33dcaf604766f9438e1fa6f92a25e3454f40d2094bb2131dc7ee91b2564a6,2ef18df3,479c2416b6261ee841052eef4881df0e40054f3f,Authenticated GitHub snapshot ChandraguptSharma07/matrix-multiplication-tensor-3x3,Original archive CRC and member SHA256 verified
352171,E04,06-data,General / shared,Original pinned GitHub repository; static role inference,kaggle/analysis/census140/distinct.json,,contestants\E04\13-archives\GitHub-original-479c2416b6261ee841052eef4881df0e40054f3f.zip,ChandraguptSharma07-matrix-multiplication-tensor-3x3-479c2416b6261ee841052eef4881df0e40054f3f/kaggle/analysis/census140/distinct.json,864809,e138711d23dc620adcaeb4737920997de4f6bcbab169cb4ddac96e859aa4f39f,14a3ba1a,479c2416b6261ee841052eef4881df0e40054f3f,Authenticated GitHub snapshot ChandraguptSharma07/matrix-multiplication-tensor-3x3,Original archive CRC and member SHA256 verified
352173,E04,06-data,General / shared,Original pinned GitHub repository; static role inference,kaggle/analysis/census140/dyadic_pair_out.txt,,contestants\E04\13-archives\GitHub-original-479c2416b6261ee841052eef4881df0e40054f3f.zip,ChandraguptSharma07-matrix-multiplication-tensor-3x3-479c2416b6261ee841052eef4881df0e40054f3f/kaggle/analysis/census140/dyadic_pair_out.txt,1214,77f9877d898834fb26fa86a537603bbd0a83c0f29d136d69db72e004ad2f236b,595f91ed,479c2416b6261ee841052eef4881df0e40054f3f,Authenticated GitHub snapshot ChandraguptSharma07/matrix-multiplication-tensor-3x3,Original archive CRC and member SHA256 verified
352175,E04,06-data,General / shared,Original pinned GitHub repository; static role inference,kaggle/analysis/census140/dyadic_pairs_all_out.txt,,contestants\E04\13-archives\GitHub-original-479c2416b6261ee841052eef4881df0e40054f3f.zip,ChandraguptSharma07-matrix-multiplication-tensor-3x3-479c2416b6261ee841052eef4881df0e40054f3f/kaggle/analysis/census140/dyadic_pairs_all_out.txt,2316,2240749c9ee9254ddfc99099fe476875308caaac049f9dcf5cbeac70f7285c89,0c09f4c8,479c2416b6261ee841052eef4881df0e40054f3f,Authenticated GitHub snapshot ChandraguptSharma07/matrix-multiplication-tensor-3x3,Original archive CRC and member SHA256 verified
352176,E04,06-data,General / shared,Original pinned GitHub repository; static role inference,kaggle/analysis/census140/exact_rel.json,,contestants\E04\13-archives\GitHub-original-479c2416b6261ee841052eef4881df0e40054f3f.zip,ChandraguptSharma07-matrix-multiplication-tensor-3x3-479c2416b6261ee841052eef4881df0e40054f3f/kaggle/analysis/census140/exact_rel.json,8599,9ff6885d20278f42c78a6c52e6094cba01f085e844ee0d8f7c54fc398909801b,c5e06c22,479c2416b6261ee841052eef4881df0e40054f3f,Authenticated GitHub snapshot ChandraguptSharma07/matrix-multiplication-tensor-3x3,Original archive CRC and member SHA256 verified
352178,E04,06-data,General / shared,Original pinned GitHub repository; static role inference,kaggle/analysis/census140/exact_rel_140i2_stdout.txt,,contestants\E04\13-archives\GitHub-original-479c2416b6261ee841052eef4881df0e40054f3f.zip,ChandraguptSharma07-matrix-multiplication-tensor-3x3-479c2416b6261ee841052eef4881df0e40054f3f/kaggle/analysis/census140/exact_rel_140i2_stdout.txt,648,34f062b3cd8c50e12e065678cfd9afa9f2b930ad16ad62e5a7bcc5fc5245ae95,90bee3df,479c2416b6261ee841052eef4881df0e40054f3f,Authenticated GitHub snapshot ChandraguptSharma07/matrix-multiplication-tensor-3x3,Original archive CRC and member SHA256 verified
352179,E04,06-data,General / shared,Original pinned GitHub repository; static role inference,kaggle/analysis/census140/exact_rel_140i3_stdout.txt,,contestants\E04\13-archives\GitHub-original-479c2416b6261ee841052eef4881df0e40054f3f.zip,ChandraguptSharma07-matrix-multiplication-tensor-3x3-479c2416b6261ee841052eef4881df0e40054f3f/kaggle/analysis/census140/exact_rel_140i3_stdout.txt,752,c3e18070d080c028696dde5a4e1d847627501620c327ab0be6261bace4fa0b9e,dd953e31,479c2416b6261ee841052eef4881df0e40054f3f,Authenticated GitHub snapshot ChandraguptSharma07/matrix-multiplication-tensor-3x3,Original archive CRC and member SHA256 verified
352180,E04,06-data,General / shared,Original pinned GitHub repository; static role inference,kaggle/analysis/census140/exact_rel_141i3_stdout.txt,,contestants\E04\13-archives\GitHub-original-479c2416b6261ee841052eef4881df0e40054f3f.zip,ChandraguptSharma07-matrix-multiplication-tensor-3x3-479c2416b6261ee841052eef4881df0e40054f3f/kaggle/analysis/census140/exact_rel_141i3_stdout.txt,648,3fed2806b1184c69f000fabe4318e1ba4f6a2d762c5140386b197f3269f4856f,9ab77664,479c2416b6261ee841052eef4881df0e40054f3f,Authenticated GitHub snapshot ChandraguptSharma07/matrix-multiplication-tensor-3x3,Original archive CRC and member SHA256 verified
352181,E04,06-data,General / shared,Original pinned GitHub repository; static role inference,kaggle/analysis/census140/exact_rel_141i5_stdout.txt,,contestants\E04\13-archives\GitHub-original-479c2416b6261ee841052eef4881df0e40054f3f.zip,ChandraguptSharma07-matrix-multiplication-tensor-3x3-479c2416b6261ee841052eef4881df0e40054f3f/kaggle/analysis/census140/exact_rel_141i5_stdout.txt,648,8fe555e86fbeeab3f20bd2843e754d433f9e316ade6dbbc6b3558a618d38655d,043eebf4,479c2416b6261ee841052eef4881df0e40054f3f,Authenticated GitHub snapshot ChandraguptSharma07/matrix-multiplication-tensor-3x3,Original archive CRC and member SHA256 verified
352182,E04,06-data,General / shared,Original pinned GitHub repository; static role inference,kaggle/analysis/census140/exact_rel_141i8_stdout.txt,,contestants\E04\13-archives\GitHub-original-479c2416b6261ee841052eef4881df0e40054f3f.zip,ChandraguptSharma07-matrix-multiplication-tensor-3x3-479c2416b6261ee841052eef4881df0e40054f3f/kaggle/analysis/census140/exact_rel_141i8_stdout.txt,751,6fac3866809c3de0c80705869f9f2689f18fa1c0992130e5bd1a2f256d751358,2e2f4b9d,479c2416b6261ee841052eef4881df0e40054f3f,Authenticated GitHub snapshot ChandraguptSharma07/matrix-multiplication-tensor-3x3,Original archive CRC and member SHA256 verified
352183,E04,06-data,General / shared,Original pinned GitHub repository; static role inference,kaggle/analysis/census140/exact_rel_141i9_stdout.txt,,contestants\E04\13-archives\GitHub-original-479c2416b6261ee841052eef4881df0e40054f3f.zip,ChandraguptSharma07-matrix-multiplication-tensor-3x3-479c2416b6261ee841052eef4881df0e40054f3f/kaggle/analysis/census140/exact_rel_141i9_stdout.txt,747,d581c4e5f5482fdf0aeda6a6361dfcea47f15c5797bd36338052f92547d9128e,df591437,479c2416b6261ee841052eef4881df0e40054f3f,Authenticated GitHub snapshot ChandraguptSharma07/matrix-multiplication-tensor-3x3,Original archive CRC and member SHA256 verified
352184,E04,06-data,General / shared,Original pinned GitHub repository; static role inference,kaggle/analysis/census140/exact_rel_dyadic_stdout.txt,,contestants\E04\13-archives\GitHub-original-479c2416b6261ee841052eef4881df0e40054f3f.zip,ChandraguptSharma07-matrix-multiplication-tensor-3x3-479c2416b6261ee841052eef4881df0e40054f3f/kaggle/analysis/census140/exact_rel_dyadic_stdout.txt,1510,629a93b26ceee91475366cfb43c7c312e3cf7e207a5129faeb37f029709a9031,6e5e1074,479c2416b6261ee841052eef4881df0e40054f3f,Authenticated GitHub snapshot ChandraguptSharma07/matrix-multiplication-tensor-3x3,Original archive CRC and member SHA256 verified
352185,E04,06-data,General / shared,Original pinned GitHub repository; static role inference,kaggle/analysis/census140/exact_rel_out.txt,,contestants\E04\13-archives\GitHub-original-479c2416b6261ee841052eef4881df0e40054f3f.zip,ChandraguptSharma07-matrix-multiplication-tensor-3x3-479c2416b6261ee841052eef4881df0e40054f3f/kaggle/analysis/census140/exact_rel_out.txt,6458,08d09b6455c5d2dfa71aa0976c7f5d899203f32c46281732fea11b4185a40b28,a6bd03d0,479c2416b6261ee841052eef4881df0e40054f3f,Authenticated GitHub snapshot ChandraguptSharma07/matrix-multiplication-tensor-3x3,Original archive CRC and member SHA256 verified
352187,E04,06-data,General / shared,Original pinned GitHub repository; static role inference,kaggle/analysis/census140/famdim_all_stdout.txt,,contestants\E04\13-archives\GitHub-original-479c2416b6261ee841052eef4881df0e40054f3f.zip,ChandraguptSharma07-matrix-multiplication-tensor-3x3-479c2416b6261ee841052eef4881df0e40054f3f/kaggle/analysis/census140/famdim_all_stdout.txt,10914,5b369bc5cd6e113adf34ad31ac03dff0d74c7f44b84321e3d9748f7ffc4031ec,fdd038e6,479c2416b6261ee841052eef4881df0e40054f3f,Authenticated GitHub snapshot ChandraguptSharma07/matrix-multiplication-tensor-3x3,Original archive CRC and member SHA256 verified
352188,E04,06-data,General / shared,Original pinned GitHub repository; static role inference,kaggle/analysis/census140/famdim_out.txt,,contestants\E04\13-archives\GitHub-original-479c2416b6261ee841052eef4881df0e40054f3f.zip,ChandraguptSharma07-matrix-multiplication-tensor-3x3-479c2416b6261ee841052eef4881df0e40054f3f/kaggle/analysis/census140/famdim_out.txt,10912,ee080a69ab17de1c96c6d77463fcd6c288dad02c4ff904b9bbf14714532c59c8,19745af6,479c2416b6261ee841052eef4881df0e40054f3f,Authenticated GitHub snapshot ChandraguptSharma07/matrix-multiplication-tensor-3x3,Original archive CRC and member SHA256 verified
352191,E04,06-data,General / shared,Original pinned GitHub repository; static role inference,kaggle/analysis/census140/known.json,,contestants\E04\13-archives\GitHub-original-479c2416b6261ee841052eef4881df0e40054f3f.zip,ChandraguptSharma07-matrix-multiplication-tensor-3x3-479c2416b6261ee841052eef4881df0e40054f3f/kaggle/analysis/census140/known.json,41149,5b6ce6b5e2532d7a9b47e03e8bbb13ae73b339d5c606ef071c99d08981e07960,40775226,479c2416b6261ee841052eef4881df0e40054f3f,Authenticated GitHub snapshot ChandraguptSharma07/matrix-multiplication-tensor-3x3,Original archive CRC and member SHA256 verified
352193,E04,06-data,General / shared,Original pinned GitHub repository; static role inference,kaggle/analysis/census140/known_out.txt,,contestants\E04\13-archives\GitHub-original-479c2416b6261ee841052eef4881df0e40054f3f.zip,ChandraguptSharma07-matrix-multiplication-tensor-3x3-479c2416b6261ee841052eef4881df0e40054f3f/kaggle/analysis/census140/known_out.txt,10338,286e95be264fc285e18305e9eaa8e283f0916f0525f899fff9e54dff97df28d1,97428e7c,479c2416b6261ee841052eef4881df0e40054f3f,Authenticated GitHub snapshot ChandraguptSharma07/matrix-multiplication-tensor-3x3,Original archive CRC and member SHA256 verified
352204,E04,06-data,General / shared,Original pinned GitHub repository; static role inference,kaggle/analysis/census140/lift_140i1.json,,contestants\E04\13-archives\GitHub-original-479c2416b6261ee841052eef4881df0e40054f3f.zip,ChandraguptSharma07-matrix-multiplication-tensor-3x3-479c2416b6261ee841052eef4881df0e40054f3f/kaggle/analysis/census140/lift_140i1.json,556,0c8eefcfb1d7ab310402a2ad1e3ef301d58bfe9a3818edeef60451ef3802522a,b07c8c83,479c2416b6261ee841052eef4881df0e40054f3f,Authenticated GitHub snapshot ChandraguptSharma07/matrix-multiplication-tensor-3x3,Original archive CRC and member SHA256 verified
352205,E04,06-data,General / shared,Original pinned GitHub repository; static role inference,kaggle/analysis/census140/lift_140i1_lift.npy,,contestants\E04\13-archives\GitHub-original-479c2416b6261ee841052eef4881df0e40054f3f.zip,ChandraguptSharma07-matrix-multiplication-tensor-3x3-479c2416b6261ee841052eef4881df0e40054f3f/kaggle/analysis/census140/lift_140i1_lift.npy,5096,f7fe6a2c08a4c86119f4e2c353c0b3dc07af1c99671fc956d019b1739a08070c,dc0c8694,479c2416b6261ee841052eef4881df0e40054f3f,Authenticated GitHub snapshot ChandraguptSharma07/matrix-multiplication-tensor-3x3,Original archive CRC and member SHA256 verified
352206,E04,06-data,General / shared,Original pinned GitHub repository; static role inference,kaggle/analysis/census140/lift_140i1_out.txt,,contestants\E04\13-archives\GitHub-original-479c2416b6261ee841052eef4881df0e40054f3f.zip,ChandraguptSharma07-matrix-multiplication-tensor-3x3-479c2416b6261ee841052eef4881df0e40054f3f/kaggle/analysis/census140/lift_140i1_out.txt,1157,78c1f4a327e3d73c715c10975a699a09e524e6f881c350230262c386843ce3e7,ab61bf8a,479c2416b6261ee841052eef4881df0e40054f3f,Authenticated GitHub snapshot ChandraguptSharma07/matrix-multiplication-tensor-3x3,Original archive CRC and member SHA256 verified
352207,E04,06-data,General / shared,Original pinned GitHub repository; static role inference,kaggle/analysis/census140/lift_140i1_snapped.npy,,contestants\E04\13-archives\GitHub-original-479c2416b6261ee841052eef4881df0e40054f3f.zip,ChandraguptSharma07-matrix-multiplication-tensor-3x3-479c2416b6261ee841052eef4881df0e40054f3f/kaggle/analysis/census140/lift_140i1_snapped.npy,5096,bc9ef8391ec7d8f3e9566f3324fde198a71e204094d78987ecb614f2ed7bd7b4,fa7f8968,479c2416b6261ee841052eef4881df0e40054f3f,Authenticated GitHub snapshot ChandraguptSharma07/matrix-multiplication-tensor-3x3,Original archive CRC and member SHA256 verified
352208,E04,06-data,General / shared,Original pinned GitHub repository; static role inference,kaggle/analysis/census140/lift_140i1_stdout.txt,,contestants\E04\13-archives\GitHub-original-479c2416b6261ee841052eef4881df0e40054f3f.zip,ChandraguptSharma07-matrix-multiplication-tensor-3x3-479c2416b6261ee841052eef4881df0e40054f3f/kaggle/analysis/census140/lift_140i1_stdout.txt,1157,78c1f4a327e3d73c715c10975a699a09e524e6f881c350230262c386843ce3e7,ab61bf8a,479c2416b6261ee841052eef4881df0e40054f3f,Authenticated GitHub snapshot ChandraguptSharma07/matrix-multiplication-tensor-3x3,Original archive CRC and member SHA256 verified
352209,E04,06-data,General / shared,Original pinned GitHub repository; static role inference,kaggle/analysis/census140/lift_140i2.json,,contestants\E04\13-archives\GitHub-original-479c2416b6261ee841052eef4881df0e40054f3f.zip,ChandraguptSharma07-matrix-multiplication-tensor-3x3-479c2416b6261ee841052eef4881df0e40054f3f/kaggle/analysis/census140/lift_140i2.json,616,c204e357b7847741c9926caad319e018c674bd7e6a6341419b0f82846f957603,25063da4,479c2416b6261ee841052eef4881df0e40054f3f,Authenticated GitHub snapshot ChandraguptSharma07/matrix-multiplication-tensor-3x3,Original archive CRC and member SHA256 verified
352210,E04,06-data,General / shared,Original pinned GitHub repository; static role inference,kaggle/analysis/census140/lift_140i2_lift.npy,,contestants\E04\13-archives\GitHub-original-479c2416b6261ee841052eef4881df0e40054f3f.zip,ChandraguptSharma07-matrix-multiplication-tensor-3x3-479c2416b6261ee841052eef4881df0e40054f3f/kaggle/analysis/census140/lift_140i2_lift.npy,5096,d80ac4924b0899ee5d265c64a2a450072db7ba17ddea014ec180a4dcf4bb864f,1bb0292a,479c2416b6261ee841052eef4881df0e40054f3f,Authenticated GitHub snapshot ChandraguptSharma07/matrix-multiplication-tensor-3x3,Original archive CRC and member SHA256 verified
352211,E04,06-data,General / shared,Original pinned GitHub repository; static role inference,kaggle/analysis/census140/lift_140i2_out.txt,,contestants\E04\13-archives\GitHub-original-479c2416b6261ee841052eef4881df0e40054f3f.zip,ChandraguptSharma07-matrix-multiplication-tensor-3x3-479c2416b6261ee841052eef4881df0e40054f3f/kaggle/analysis/census140/lift_140i2_out.txt,2179,151f4a439208c020d5497aad57721b97027312254d5ba88976cf461564c07c88,477e8652,479c2416b6261ee841052eef4881df0e40054f3f,Authenticated GitHub snapshot ChandraguptSharma07/matrix-multiplication-tensor-3x3,Original archive CRC and member SHA256 verified
352212,E04,06-data,General / shared,Original pinned GitHub repository; static role inference,kaggle/analysis/census140/lift_140i2_snapped.npy,,contestants\E04\13-archives\GitHub-original-479c2416b6261ee841052eef4881df0e40054f3f.zip,ChandraguptSharma07-matrix-multiplication-tensor-3x3-479c2416b6261ee841052eef4881df0e40054f3f/kaggle/analysis/census140/lift_140i2_snapped.npy,5096,1284202a552d47972fcf6d33ce4e4681386bca0f67b63bcd5240396f32f79a58,2120edef,479c2416b6261ee841052eef4881df0e40054f3f,Authenticated GitHub snapshot ChandraguptSharma07/matrix-multiplication-tensor-3x3,Original archive CRC and member SHA256 verified
352213,E04,06-data,General / shared,Original pinned GitHub repository; static role inference,kaggle/analysis/census140/lift_140i2_stdout.txt,,contestants\E04\13-archives\GitHub-original-479c2416b6261ee841052eef4881df0e40054f3f.zip,ChandraguptSharma07-matrix-multiplication-tensor-3x3-479c2416b6261ee841052eef4881df0e40054f3f/kaggle/analysis/census140/lift_140i2_stdout.txt,1581,4c5ea5e7a7d2801cab3d02733b6f68e336df01d708cc2dbd2e471fa9f1dd9f68,e18661ab,479c2416b6261ee841052eef4881df0e40054f3f,Authenticated GitHub snapshot ChandraguptSharma07/matrix-multiplication-tensor-3x3,Original archive CRC and member SHA256 verified
352214,E04,06-data,General / shared,Original pinned GitHub repository; static role inference,kaggle/analysis/census140/lift_140i3.json,,contestants\E04\13-archives\GitHub-original-479c2416b6261ee841052eef4881df0e40054f3f.zip,ChandraguptSharma07-matrix-multiplication-tensor-3x3-479c2416b6261ee841052eef4881df0e40054f3f/kaggle/analysis/census140/lift_140i3.json,556,724066432582138a18123b86d2f4c8c71ee6928752fe1c3253c8757d3341d600,7ee86b03,479c2416b6261ee841052eef4881df0e40054f3f,Authenticated GitHub snapshot ChandraguptSharma07/matrix-multiplication-tensor-3x3,Original archive CRC and member SHA256 verified
352215,E04,06-data,General / shared,Original pinned GitHub repository; static role inference,kaggle/analysis/census140/lift_140i3_lift.npy,,contestants\E04\13-archives\GitHub-original-479c2416b6261ee841052eef4881df0e40054f3f.zip,ChandraguptSharma07-matrix-multiplication-tensor-3x3-479c2416b6261ee841052eef4881df0e40054f3f/kaggle/analysis/census140/lift_140i3_lift.npy,5096,d67a000b0b1a2ec99df09e5544b7ccde0babd87ac2a62972ec79f827a6943c5d,99d67233,479c2416b6261ee841052eef4881df0e40054f3f,Authenticated GitHub snapshot ChandraguptSharma07/matrix-multiplication-tensor-3x3,Original archive CRC and member SHA256 verified
352216,E04,06-data,General / shared,Original pinned GitHub repository; static role inference,kaggle/analysis/census140/lift_140i3_out.txt,,contestants\E04\13-archives\GitHub-original-479c2416b6261ee841052eef4881df0e40054f3f.zip,ChandraguptSharma07-matrix-multiplication-tensor-3x3-479c2416b6261ee841052eef4881df0e40054f3f/kaggle/analysis/census140/lift_140i3_out.txt,1215,1dc3b83f0dfd56bcdef2d58c1f62c97948f09983a02d89479a3ab57369ee0608,18a12b31,479c2416b6261ee841052eef4881df0e40054f3f,Authenticated GitHub snapshot ChandraguptSharma07/matrix-multiplication-tensor-3x3,Original archive CRC and member SHA256 verified
352217,E04,06-data,General / shared,Original pinned GitHub repository; static role inference,kaggle/analysis/census140/lift_140i3_snapped.npy,,contestants\E04\13-archives\GitHub-original-479c2416b6261ee841052eef4881df0e40054f3f.zip,ChandraguptSharma07-matrix-multiplication-tensor-3x3-479c2416b6261ee841052eef4881df0e40054f3f/kaggle/analysis/census140/lift_140i3_snapped.npy,5096,45fadadaa7aec9a82085c4faad1c7b01b6088330fe51305c3cfbeee5123805c2,9e96e692,479c2416b6261ee841052eef4881df0e40054f3f,Authenticated GitHub snapshot ChandraguptSharma07/matrix-multiplication-tensor-3x3,Original archive CRC and member SHA256 verified
352218,E04,06-data,General / shared,Original pinned GitHub repository; static role inference,kaggle/analysis/census140/lift_140i3_stdout.txt,,contestants\E04\13-archives\GitHub-original-479c2416b6261ee841052eef4881df0e40054f3f.zip,ChandraguptSharma07-matrix-multiplication-tensor-3x3-479c2416b6261ee841052eef4881df0e40054f3f/kaggle/analysis/census140/lift_140i3_stdout.txt,1215,1dc3b83f0dfd56bcdef2d58c1f62c97948f09983a02d89479a3ab57369ee0608,18a12b31,479c2416b6261ee841052eef4881df0e40054f3f,Authenticated GitHub snapshot ChandraguptSharma07/matrix-multiplication-tensor-3x3,Original archive CRC and member SHA256 verified
352229,E04,06-data,General / shared,Original pinned GitHub repository; static role inference,kaggle/analysis/census140/lift_141i1.json,,contestants\E04\13-archives\GitHub-original-479c2416b6261ee841052eef4881df0e40054f3f.zip,ChandraguptSharma07-matrix-multiplication-tensor-3x3-479c2416b6261ee841052eef4881df0e40054f3f/kaggle/analysis/census140/lift_141i1.json,352,6a10487fcfc71f5031f6c3708599d7865356653a49e4e627e495f850322b2d4c,f075e74b,479c2416b6261ee841052eef4881df0e40054f3f,Authenticated GitHub snapshot ChandraguptSharma07/matrix-multiplication-tensor-3x3,Original archive CRC and member SHA256 verified
352230,E04,06-data,General / shared,Original pinned GitHub repository; static role inference,kaggle/analysis/census140/lift_141i1_lift.npy,,contestants\E04\13-archives\GitHub-original-479c2416b6261ee841052eef4881df0e40054f3f.zip,ChandraguptSharma07-matrix-multiplication-tensor-3x3-479c2416b6261ee841052eef4881df0e40054f3f/kaggle/analysis/census140/lift_141i1_lift.npy,5096,cc1cf32cbbe99c7118b70f53d86b155b346ff3e1dff3ce59ec06cc8526189206,236ff811,479c2416b6261ee841052eef4881df0e40054f3f,Authenticated GitHub snapshot ChandraguptSharma07/matrix-multiplication-tensor-3x3,Original archive CRC and member SHA256 verified
352231,E04,06-data,General / shared,Original pinned GitHub repository; static role inference,kaggle/analysis/census140/lift_141i1_out.txt,,contestants\E04\13-archives\GitHub-original-479c2416b6261ee841052eef4881df0e40054f3f.zip,ChandraguptSharma07-matrix-multiplication-tensor-3x3-479c2416b6261ee841052eef4881df0e40054f3f/kaggle/analysis/census140/lift_141i1_out.txt,753,0857eb665e3e8b550047fc370f24f0648fa3a436ac32bddbf0eda871b4d3a47e,d7511a10,479c2416b6261ee841052eef4881df0e40054f3f,Authenticated GitHub snapshot ChandraguptSharma07/matrix-multiplication-tensor-3x3,Original archive CRC and member SHA256 verified
352232,E04,06-data,General / shared,Original pinned GitHub repository; static role inference,kaggle/analysis/census140/lift_141i1_snapped.npy,,contestants\E04\13-archives\GitHub-original-479c2416b6261ee841052eef4881df0e40054f3f.zip,ChandraguptSharma07-matrix-multiplication-tensor-3x3-479c2416b6261ee841052eef4881df0e40054f3f/kaggle/analysis/census140/lift_141i1_snapped.npy,5096,37628b71119973f062942239f072a0f49aaa6ae3bd457aaac87dfb7b8cbc7664,953d5bcf,479c2416b6261ee841052eef4881df0e40054f3f,Authenticated GitHub snapshot ChandraguptSharma07/matrix-multiplication-tensor-3x3,Original archive CRC and member SHA256 verified
352233,E04,06-data,General / shared,Original pinned GitHub repository; static role inference,kaggle/analysis/census140/lift_141i1_stdout.txt,,contestants\E04\13-archives\GitHub-original-479c2416b6261ee841052eef4881df0e40054f3f.zip,ChandraguptSharma07-matrix-multiplication-tensor-3x3-479c2416b6261ee841052eef4881df0e40054f3f/kaggle/analysis/census140/lift_141i1_stdout.txt,753,0857eb665e3e8b550047fc370f24f0648fa3a436ac32bddbf0eda871b4d3a47e,d7511a10,479c2416b6261ee841052eef4881df0e40054f3f,Authenticated GitHub snapshot ChandraguptSharma07/matrix-multiplication-tensor-3x3,Original archive CRC and member SHA256 verified
352234,E04,06-data,General / shared,Original pinned GitHub repository; static role inference,kaggle/analysis/census140/lift_141i3.json,,contestants\E04\13-archives\GitHub-original-479c2416b6261ee841052eef4881df0e40054f3f.zip,ChandraguptSharma07-matrix-multiplication-tensor-3x3-479c2416b6261ee841052eef4881df0e40054f3f/kaggle/analysis/census140/lift_141i3.json,621,48877b4105febf677d8f75c1736b0ecda5f40e8272ff81a17a02b6236fac0783,4234e585,479c2416b6261ee841052eef4881df0e40054f3f,Authenticated GitHub snapshot ChandraguptSharma07/matrix-multiplication-tensor-3x3,Original archive CRC and member SHA256 verified
352235,E04,06-data,General / shared,Original pinned GitHub repository; static role inference,kaggle/analysis/census140/lift_141i3_lift.npy,,contestants\E04\13-archives\GitHub-original-479c2416b6261ee841052eef4881df0e40054f3f.zip,ChandraguptSharma07-matrix-multiplication-tensor-3x3-479c2416b6261ee841052eef4881df0e40054f3f/kaggle/analysis/census140/lift_141i3_lift.npy,5096,af0ee4a965c281778edd848f14089e6231142feb54ec97733d7984540cfdb371,6b75e9a6,479c2416b6261ee841052eef4881df0e40054f3f,Authenticated GitHub snapshot ChandraguptSharma07/matrix-multiplication-tensor-3x3,Original archive CRC and member SHA256 verified
352236,E04,06-data,General / shared,Original pinned GitHub repository; static role inference,kaggle/analysis/census140/lift_141i3_out.txt,,contestants\E04\13-archives\GitHub-original-479c2416b6261ee841052eef4881df0e40054f3f.zip,ChandraguptSharma07-matrix-multiplication-tensor-3x3-479c2416b6261ee841052eef4881df0e40054f3f/kaggle/analysis/census140/lift_141i3_out.txt,1753,750789a0f86c00c8c48c7c8383027588be9d4fddb01f8014501e38155d121e04,22a6fd25,479c2416b6261ee841052eef4881df0e40054f3f,Authenticated GitHub snapshot ChandraguptSharma07/matrix-multiplication-tensor-3x3,Original archive CRC and member SHA256 verified
352237,E04,06-data,General / shared,Original pinned GitHub repository; static role inference,kaggle/analysis/census140/lift_141i3_snapped.npy,,contestants\E04\13-archives\GitHub-original-479c2416b6261ee841052eef4881df0e40054f3f.zip,ChandraguptSharma07-matrix-multiplication-tensor-3x3-479c2416b6261ee841052eef4881df0e40054f3f/kaggle/analysis/census140/lift_141i3_snapped.npy,5096,f7cb1ee7dacc3f0c7100866bbe5c270ee7d80243e628b5caf61c46d14377c281,d8616fd4,479c2416b6261ee841052eef4881df0e40054f3f,Authenticated GitHub snapshot ChandraguptSharma07/matrix-multiplication-tensor-3x3,Original archive CRC and member SHA256 verified
352238,E04,06-data,General / shared,Original pinned GitHub repository; static role inference,kaggle/analysis/census140/lift_141i3_stdout.txt,,contestants\E04\13-archives\GitHub-original-479c2416b6261ee841052eef4881df0e40054f3f.zip,ChandraguptSharma07-matrix-multiplication-tensor-3x3-479c2416b6261ee841052eef4881df0e40054f3f/kaggle/analysis/census140/lift_141i3_stdout.txt,1753,750789a0f86c00c8c48c7c8383027588be9d4fddb01f8014501e38155d121e04,22a6fd25,479c2416b6261ee841052eef4881df0e40054f3f,Authenticated GitHub snapshot ChandraguptSharma07/matrix-multiplication-tensor-3x3,Original archive CRC and member SHA256 verified
352239,E04,06-data,General / shared,Original pinned GitHub repository; static role inference,kaggle/analysis/census140/lift_141i5.json,,contestants\E04\13-archives\GitHub-original-479c2416b6261ee841052eef4881df0e40054f3f.zip,ChandraguptSharma07-matrix-multiplication-tensor-3x3-479c2416b6261ee841052eef4881df0e40054f3f/kaggle/analysis/census140/lift_141i5.json,646,939d4c61e8997d5127e24aa4b0584a82ddabbb1dfa0e63864d1a7bc134f8f087,2ac340b0,479c2416b6261ee841052eef4881df0e40054f3f,Authenticated GitHub snapshot ChandraguptSharma07/matrix-multiplication-tensor-3x3,Original archive CRC and member SHA256 verified
352240,E04,06-data,General / shared,Original pinned GitHub repository; static role inference,kaggle/analysis/census140/lift_141i5_lift.npy,,contestants\E04\13-archives\GitHub-original-479c2416b6261ee841052eef4881df0e40054f3f.zip,ChandraguptSharma07-matrix-multiplication-tensor-3x3-479c2416b6261ee841052eef4881df0e40054f3f/kaggle/analysis/census140/lift_141i5_lift.npy,5096,b6068e14008b8a3847affc86bb6f7a009dd6592ebe685d6ee60539e9363b4f59,53e96d6e,479c2416b6261ee841052eef4881df0e40054f3f,Authenticated GitHub snapshot ChandraguptSharma07/matrix-multiplication-tensor-3x3,Original archive CRC and member SHA256 verified
352241,E04,06-data,General / shared,Original pinned GitHub repository; static role inference,kaggle/analysis/census140/lift_141i5_out.txt,,contestants\E04\13-archives\GitHub-original-479c2416b6261ee841052eef4881df0e40054f3f.zip,ChandraguptSharma07-matrix-multiplication-tensor-3x3-479c2416b6261ee841052eef4881df0e40054f3f/kaggle/analysis/census140/lift_141i5_out.txt,2176,7a1e5b03be41d849f3134f9a029785020cef2427a1febdf0ce7bd85e00c628e1,ecb39ed9,479c2416b6261ee841052eef4881df0e40054f3f,Authenticated GitHub snapshot ChandraguptSharma07/matrix-multiplication-tensor-3x3,Original archive CRC and member SHA256 verified
352242,E04,06-data,General / shared,Original pinned GitHub repository; static role inference,kaggle/analysis/census140/lift_141i5_snapped.npy,,contestants\E04\13-archives\GitHub-original-479c2416b6261ee841052eef4881df0e40054f3f.zip,ChandraguptSharma07-matrix-multiplication-tensor-3x3-479c2416b6261ee841052eef4881df0e40054f3f/kaggle/analysis/census140/lift_141i5_snapped.npy,5096,559c4108deedb8f5f0c896830fe8358a5805ba455a169cf92115bb25fce9cd8f,9bec7b47,479c2416b6261ee841052eef4881df0e40054f3f,Authenticated GitHub snapshot ChandraguptSharma07/matrix-multiplication-tensor-3x3,Original archive CRC and member SHA256 verified
352243,E04,06-data,General / shared,Original pinned GitHub repository; static role inference,kaggle/analysis/census140/lift_141i5_stdout.txt,,contestants\E04\13-archives\GitHub-original-479c2416b6261ee841052eef4881df0e40054f3f.zip,ChandraguptSharma07-matrix-multiplication-tensor-3x3-479c2416b6261ee841052eef4881df0e40054f3f/kaggle/analysis/census140/lift_141i5_stdout.txt,2176,7a1e5b03be41d849f3134f9a029785020cef2427a1febdf0ce7bd85e00c628e1,ecb39ed9,479c2416b6261ee841052eef4881df0e40054f3f,Authenticated GitHub snapshot ChandraguptSharma07/matrix-multiplication-tensor-3x3,Original archive CRC and member SHA256 verified
352244,E04,06-data,General / shared,Original pinned GitHub repository; static role inference,kaggle/analysis/census140/lift_141i8.json,,contestants\E04\13-archives\GitHub-original-479c2416b6261ee841052eef4881df0e40054f3f.zip,ChandraguptSharma07-matrix-multiplication-tensor-3x3-479c2416b6261ee841052eef4881df0e40054f3f/kaggle/analysis/census140/lift_141i8.json,594,6ca8e2a0a783e37c668769eb2b7fcce41d39d8d1e0cf4983efc3e9f39f5fe214,a6b3993f,479c2416b6261ee841052eef4881df0e40054f3f,Authenticated GitHub snapshot ChandraguptSharma07/matrix-multiplication-tensor-3x3,Original archive CRC and member SHA256 verified
352245,E04,06-data,General / shared,Original pinned GitHub repository; static role inference,kaggle/analysis/census140/lift_141i8_lift.npy,,contestants\E04\13-archives\GitHub-original-479c2416b6261ee841052eef4881df0e40054f3f.zip,ChandraguptSharma07-matrix-multiplication-tensor-3x3-479c2416b6261ee841052eef4881df0e40054f3f/kaggle/analysis/census140/lift_141i8_lift.npy,5096,3a335d2a994ee6c306acc560d50b45969d7d06b078fbf1e3c2463b7cb0920d01,0ecd29cb,479c2416b6261ee841052eef4881df0e40054f3f,Authenticated GitHub snapshot ChandraguptSharma07/matrix-multiplication-tensor-3x3,Original archive CRC and member SHA256 verified
352246,E04,06-data,General / shared,Original pinned GitHub repository; static role inference,kaggle/analysis/census140/lift_141i8_out.txt,,contestants\E04\13-archives\GitHub-original-479c2416b6261ee841052eef4881df0e40054f3f.zip,ChandraguptSharma07-matrix-multiplication-tensor-3x3-479c2416b6261ee841052eef4881df0e40054f3f/kaggle/analysis/census140/lift_141i8_out.txt,1155,4a390415c6f54befa70120fe09450fc0fd1e5b39796221ed998e3a33b97080ca,431dc34e,479c2416b6261ee841052eef4881df0e40054f3f,Authenticated GitHub snapshot ChandraguptSharma07/matrix-multiplication-tensor-3x3,Original archive CRC and member SHA256 verified
352247,E04,06-data,General / shared,Original pinned GitHub repository; static role inference,kaggle/analysis/census140/lift_141i8_snapped.npy,,contestants\E04\13-archives\GitHub-original-479c2416b6261ee841052eef4881df0e40054f3f.zip,ChandraguptSharma07-matrix-multiplication-tensor-3x3-479c2416b6261ee841052eef4881df0e40054f3f/kaggle/analysis/census140/lift_141i8_snapped.npy,5096,1a5c27f5c113a3271a50b607f5f7f46b7b1e2d8a650d784cffcd8b7b3638ba68,5c2ca4f1,479c2416b6261ee841052eef4881df0e40054f3f,Authenticated GitHub snapshot ChandraguptSharma07/matrix-multiplication-tensor-3x3,Original archive CRC and member SHA256 verified
352248,E04,06-data,General / shared,Original pinned GitHub repository; static role inference,kaggle/analysis/census140/lift_141i8_stdout.txt,,contestants\E04\13-archives\GitHub-original-479c2416b6261ee841052eef4881df0e40054f3f.zip,ChandraguptSharma07-matrix-multiplication-tensor-3x3-479c2416b6261ee841052eef4881df0e40054f3f/kaggle/analysis/census140/lift_141i8_stdout.txt,1155,4a390415c6f54befa70120fe09450fc0fd1e5b39796221ed998e3a33b97080ca,431dc34e,479c2416b6261ee841052eef4881df0e40054f3f,Authenticated GitHub snapshot ChandraguptSharma07/matrix-multiplication-tensor-3x3,Original archive CRC and member SHA256 verified
352249,E04,06-data,General / shared,Original pinned GitHub repository; static role inference,kaggle/analysis/census140/lift_141i9.json,,contestants\E04\13-archives\GitHub-original-479c2416b6261ee841052eef4881df0e40054f3f.zip,ChandraguptSharma07-matrix-multiplication-tensor-3x3-479c2416b6261ee841052eef4881df0e40054f3f/kaggle/analysis/census140/lift_141i9.json,592,8c0c2a8cdd3f9a04597407e3fbe927a7bb48508ae12010bc8933901f4e5e671a,00d9a360,479c2416b6261ee841052eef4881df0e40054f3f,Authenticated GitHub snapshot ChandraguptSharma07/matrix-multiplication-tensor-3x3,Original archive CRC and member SHA256 verified
352250,E04,06-data,General / shared,Original pinned GitHub repository; static role inference,kaggle/analysis/census140/lift_141i9_lift.npy,,contestants\E04\13-archives\GitHub-original-479c2416b6261ee841052eef4881df0e40054f3f.zip,ChandraguptSharma07-matrix-multiplication-tensor-3x3-479c2416b6261ee841052eef4881df0e40054f3f/kaggle/analysis/census140/lift_141i9_lift.npy,5096,be632780f96ce02b53bed3ccf5ae97a0d3070d4963c0394b897505c869f4ccbf,4393d8df,479c2416b6261ee841052eef4881df0e40054f3f,Authenticated GitHub snapshot ChandraguptSharma07/matrix-multiplication-tensor-3x3,Original archive CRC and member SHA256 verified
352251,E04,06-data,General / shared,Original pinned GitHub repository; static role inference,kaggle/analysis/census140/lift_141i9_out.txt,,contestants\E04\13-archives\GitHub-original-479c2416b6261ee841052eef4881df0e40054f3f.zip,ChandraguptSharma07-matrix-multiplication-tensor-3x3-479c2416b6261ee841052eef4881df0e40054f3f/kaggle/analysis/census140/lift_141i9_out.txt,1277,6fb1ff5a13080f6e3dbfc64a56a80153c00add44e4765cf3c6cf0bf44de518f9,2aa1367c,479c2416b6261ee841052eef4881df0e40054f3f,Authenticated GitHub snapshot ChandraguptSharma07/matrix-multiplication-tensor-3x3,Original archive CRC and member SHA256 verified
352252,E04,06-data,General / shared,Original pinned GitHub repository; static role inference,kaggle/analysis/census140/lift_141i9_snapped.npy,,contestants\E04\13-archives\GitHub-original-479c2416b6261ee841052eef4881df0e40054f3f.zip,ChandraguptSharma07-matrix-multiplication-tensor-3x3-479c2416b6261ee841052eef4881df0e40054f3f/kaggle/analysis/census140/lift_141i9_snapped.npy,5096,3b1d7a9bb12a0709aac3076ffa2f595e77baf76da14af56bd15e2468a3235fdb,eb1586a6,479c2416b6261ee841052eef4881df0e40054f3f,Authenticated GitHub snapshot ChandraguptSharma07/matrix-multiplication-tensor-3x3,Original archive CRC and member SHA256 verified
352253,E04,06-data,General / shared,Original pinned GitHub repository; static role inference,kaggle/analysis/census140/lift_141i9_stdout.txt,,contestants\E04\13-archives\GitHub-original-479c2416b6261ee841052eef4881df0e40054f3f.zip,ChandraguptSharma07-matrix-multiplication-tensor-3x3-479c2416b6261ee841052eef4881df0e40054f3f/kaggle/analysis/census140/lift_141i9_stdout.txt,1277,6fb1ff5a13080f6e3dbfc64a56a80153c00add44e4765cf3c6cf0bf44de518f9,2aa1367c,479c2416b6261ee841052eef4881df0e40054f3f,Authenticated GitHub snapshot ChandraguptSharma07/matrix-multiplication-tensor-3x3,Original archive CRC and member SHA256 verified
352258,E04,06-data,General / shared,Original pinned GitHub repository; static role inference,kaggle/analysis/census140/maps.npz,,contestants\E04\13-archives\GitHub-original-479c2416b6261ee841052eef4881df0e40054f3f.zip,ChandraguptSharma07-matrix-multiplication-tensor-3x3-479c2416b6261ee841052eef4881df0e40054f3f/kaggle/analysis/census140/maps.npz,693580,018eeb9b84885d1b22a6b4ae7759189dfa0d399e8f5da9ffbf61df5e9ace112c,3fb80cb4,479c2416b6261ee841052eef4881df0e40054f3f,Authenticated GitHub snapshot ChandraguptSharma07/matrix-multiplication-tensor-3x3,Original archive CRC and member SHA256 verified
352264,E04,06-data,General / shared,Original pinned GitHub repository; static role inference,kaggle/analysis/census_w8/align_cache_w8.json,,contestants\E04\13-archives\GitHub-original-479c2416b6261ee841052eef4881df0e40054f3f.zip,ChandraguptSharma07-matrix-multiplication-tensor-3x3-479c2416b6261ee841052eef4881df0e40054f3f/kaggle/analysis/census_w8/align_cache_w8.json,43936,72fd1975967fb99a18a78810169f9de809d5bcb4e50a21c00c1062c48e2320a8,e16a3e48,479c2416b6261ee841052eef4881df0e40054f3f,Authenticated GitHub snapshot ChandraguptSharma07/matrix-multiplication-tensor-3x3,Original archive CRC and member SHA256 verified
352266,E04,06-data,General / shared,Original pinned GitHub repository; static role inference,kaggle/analysis/census_w8/align_w8_out.txt,,contestants\E04\13-archives\GitHub-original-479c2416b6261ee841052eef4881df0e40054f3f.zip,ChandraguptSharma07-matrix-multiplication-tensor-3x3-479c2416b6261ee841052eef4881df0e40054f3f/kaggle/analysis/census_w8/align_w8_out.txt,18088,fd774a29f388e8f3a384f5823e119fc62bd172aee540dfd3df5691aa3d1ea6bb,0723f695,479c2416b6261ee841052eef4881df0e40054f3f,Authenticated GitHub snapshot ChandraguptSharma07/matrix-multiplication-tensor-3x3,Original archive CRC and member SHA256 verified
352267,E04,06-data,General / shared,Original pinned GitHub repository; static role inference,kaggle/analysis/census_w8/align_w8_stdout.txt,,contestants\E04\13-archives\GitHub-original-479c2416b6261ee841052eef4881df0e40054f3f.zip,ChandraguptSharma07-matrix-multiplication-tensor-3x3-479c2416b6261ee841052eef4881df0e40054f3f/kaggle/analysis/census_w8/align_w8_stdout.txt,18240,ec593161b283b9bf06bdab8ffbf2436c1e2a7e2fb3f72c33f223a9adbeb7679c,c6b92689,479c2416b6261ee841052eef4881df0e40054f3f,Authenticated GitHub snapshot ChandraguptSharma07/matrix-multiplication-tensor-3x3,Original archive CRC and member SHA256 verified
352268,E04,06-data,General / shared,Original pinned GitHub repository; static role inference,kaggle/analysis/census_w8/canon_cache_w8.json,,contestants\E04\13-archives\GitHub-original-479c2416b6261ee841052eef4881df0e40054f3f.zip,ChandraguptSharma07-matrix-multiplication-tensor-3x3-479c2416b6261ee841052eef4881df0e40054f3f/kaggle/analysis/census_w8/canon_cache_w8.json,97320,6c244191939185db0f676e264c053ca18f962b2086e1b6375facd3db97a03c84,3e68c118,479c2416b6261ee841052eef4881df0e40054f3f,Authenticated GitHub snapshot ChandraguptSharma07/matrix-multiplication-tensor-3x3,Original archive CRC and member SHA256 verified
352271,E04,06-data,General / shared,Original pinned GitHub repository; static role inference,kaggle/analysis/census_w8/checks_w8.json,,contestants\E04\13-archives\GitHub-original-479c2416b6261ee841052eef4881df0e40054f3f.zip,ChandraguptSharma07-matrix-multiplication-tensor-3x3-479c2416b6261ee841052eef4881df0e40054f3f/kaggle/analysis/census_w8/checks_w8.json,1625,00b4782e49122ef968b7d03727a7661a802970b9afe6ad20afcb33896d0a5037,9c65736a,479c2416b6261ee841052eef4881df0e40054f3f,Authenticated GitHub snapshot ChandraguptSharma07/matrix-multiplication-tensor-3x3,Original archive CRC and member SHA256 verified
352273,E04,06-data,General / shared,Original pinned GitHub repository; static role inference,kaggle/analysis/census_w8/checks_w8_out.txt,,contestants\E04\13-archives\GitHub-original-479c2416b6261ee841052eef4881df0e40054f3f.zip,ChandraguptSharma07-matrix-multiplication-tensor-3x3-479c2416b6261ee841052eef4881df0e40054f3f/kaggle/analysis/census_w8/checks_w8_out.txt,24321,49789ee25dfea4e2a6a32f9177095ce8fa962e00b969888235b0b7039f6ad2e0,29ee049a,479c2416b6261ee841052eef4881df0e40054f3f,Authenticated GitHub snapshot ChandraguptSharma07/matrix-multiplication-tensor-3x3,Original archive CRC and member SHA256 verified
352274,E04,06-data,General / shared,Original pinned GitHub repository; static role inference,kaggle/analysis/census_w8/checks_w8_stdout.txt,,contestants\E04\13-archives\GitHub-original-479c2416b6261ee841052eef4881df0e40054f3f.zip,ChandraguptSharma07-matrix-multiplication-tensor-3x3-479c2416b6261ee841052eef4881df0e40054f3f/kaggle/analysis/census_w8/checks_w8_stdout.txt,24321,49789ee25dfea4e2a6a32f9177095ce8fa962e00b969888235b0b7039f6ad2e0,29ee049a,479c2416b6261ee841052eef4881df0e40054f3f,Authenticated GitHub snapshot ChandraguptSharma07/matrix-multiplication-tensor-3x3,Original archive CRC and member SHA256 verified
352275,E04,06-data,General / shared,Original pinned GitHub repository; static role inference,kaggle/analysis/census_w8/classes_w8.json,,contestants\E04\13-archives\GitHub-original-479c2416b6261ee841052eef4881df0e40054f3f.zip,ChandraguptSharma07-matrix-multiplication-tensor-3x3-479c2416b6261ee841052eef4881df0e40054f3f/kaggle/analysis/census_w8/classes_w8.json,288177,05bd83b68bbeac409af01e8e95add04d416b79282e0aba144d45b9324e5f7ead,d25ac60c,479c2416b6261ee841052eef4881df0e40054f3f,Authenticated GitHub snapshot ChandraguptSharma07/matrix-multiplication-tensor-3x3,Original archive CRC and member SHA256 verified
352277,E04,06-data,General / shared,Original pinned GitHub repository; static role inference,kaggle/analysis/census_w8/classes_w8_lift_input.json,,contestants\E04\13-archives\GitHub-original-479c2416b6261ee841052eef4881df0e40054f3f.zip,ChandraguptSharma07-matrix-multiplication-tensor-3x3-479c2416b6261ee841052eef4881df0e40054f3f/kaggle/analysis/census_w8/classes_w8_lift_input.json,238459,3ab3b3bc76fe69204e921536cf83b28e9ae2afcf3eaa4ffc2fac641594e5760d,6d60b59a,479c2416b6261ee841052eef4881df0e40054f3f,Authenticated GitHub snapshot ChandraguptSharma07/matrix-multiplication-tensor-3x3,Original archive CRC and member SHA256 verified
352278,E04,06-data,General / shared,Original pinned GitHub repository; static role inference,kaggle/analysis/census_w8/classes_w8_out.txt,,contestants\E04\13-archives\GitHub-original-479c2416b6261ee841052eef4881df0e40054f3f.zip,ChandraguptSharma07-matrix-multiplication-tensor-3x3-479c2416b6261ee841052eef4881df0e40054f3f/kaggle/analysis/census_w8/classes_w8_out.txt,5944,aa05bf8cb94dfc01be3fb8988d2025feb809edd310fb355b1ce2eb1753fe0a5c,6c27c778,479c2416b6261ee841052eef4881df0e40054f3f,Authenticated GitHub snapshot ChandraguptSharma07/matrix-multiplication-tensor-3x3,Original archive CRC and member SHA256 verified
352279,E04,06-data,General / shared,Original pinned GitHub repository; static role inference,kaggle/analysis/census_w8/distinct_w8.json,,contestants\E04\13-archives\GitHub-original-479c2416b6261ee841052eef4881df0e40054f3f.zip,ChandraguptSharma07-matrix-multiplication-tensor-3x3-479c2416b6261ee841052eef4881df0e40054f3f/kaggle/analysis/census_w8/distinct_w8.json,207591,c4d1d57f576dfde69f9b9954b200c8dd018f4ccd77a0f7427be4e8b3b67f05df,d362686e,479c2416b6261ee841052eef4881df0e40054f3f,Authenticated GitHub snapshot ChandraguptSharma07/matrix-multiplication-tensor-3x3,Original archive CRC and member SHA256 verified
352280,E04,06-data,General / shared,Original pinned GitHub repository; static role inference,kaggle/analysis/census_w8/dyadic_pairs_w8.json,,contestants\E04\13-archives\GitHub-original-479c2416b6261ee841052eef4881df0e40054f3f.zip,ChandraguptSharma07-matrix-multiplication-tensor-3x3-479c2416b6261ee841052eef4881df0e40054f3f/kaggle/analysis/census_w8/dyadic_pairs_w8.json,1570,e95c4893f8f993714c94f003eabc986c9ee1c3cb442d9a8bfd7850b634b574c5,1cf054f0,479c2416b6261ee841052eef4881df0e40054f3f,Authenticated GitHub snapshot ChandraguptSharma07/matrix-multiplication-tensor-3x3,Original archive CRC and member SHA256 verified
352282,E04,06-data,General / shared,Original pinned GitHub repository; static role inference,kaggle/analysis/census_w8/dyadic_pairs_w8_out.txt,,contestants\E04\13-archives\GitHub-original-479c2416b6261ee841052eef4881df0e40054f3f.zip,ChandraguptSharma07-matrix-multiplication-tensor-3x3-479c2416b6261ee841052eef4881df0e40054f3f/kaggle/analysis/census_w8/dyadic_pairs_w8_out.txt,7724,a616558cea7ffd49be05d4bf14ea326c505a19e050f988962a75f7bd9f9dc3ec,8ce4f3a5,479c2416b6261ee841052eef4881df0e40054f3f,Authenticated GitHub snapshot ChandraguptSharma07/matrix-multiplication-tensor-3x3,Original archive CRC and member SHA256 verified
352283,E04,06-data,General / shared,Original pinned GitHub repository; static role inference,kaggle/analysis/census_w8/exact_rel.json,,contestants\E04\13-archives\GitHub-original-479c2416b6261ee841052eef4881df0e40054f3f.zip,ChandraguptSharma07-matrix-multiplication-tensor-3x3-479c2416b6261ee841052eef4881df0e40054f3f/kaggle/analysis/census_w8/exact_rel.json,27269,1dd39e3d4d1a40fbbcfb890930605cc60edd04562dba2d62c0f264b8521d360e,b1ddba71,479c2416b6261ee841052eef4881df0e40054f3f,Authenticated GitHub snapshot ChandraguptSharma07/matrix-multiplication-tensor-3x3,Original archive CRC and member SHA256 verified
352284,E04,06-data,General / shared,Original pinned GitHub repository; static role inference,kaggle/analysis/census_w8/exact_rel_out.txt,,contestants\E04\13-archives\GitHub-original-479c2416b6261ee841052eef4881df0e40054f3f.zip,ChandraguptSharma07-matrix-multiplication-tensor-3x3-479c2416b6261ee841052eef4881df0e40054f3f/kaggle/analysis/census_w8/exact_rel_out.txt,19208,8eb885d30b3f2b156a64ec638d5c523f64b2bf51708c7bf60208f94c6e19f046,1f932985,479c2416b6261ee841052eef4881df0e40054f3f,Authenticated GitHub snapshot ChandraguptSharma07/matrix-multiplication-tensor-3x3,Original archive CRC and member SHA256 verified
352287,E04,06-data,General / shared,Original pinned GitHub repository; static role inference,kaggle/analysis/census_w8/famdim_w8_out.txt,,contestants\E04\13-archives\GitHub-original-479c2416b6261ee841052eef4881df0e40054f3f.zip,ChandraguptSharma07-matrix-multiplication-tensor-3x3-479c2416b6261ee841052eef4881df0e40054f3f/kaggle/analysis/census_w8/famdim_w8_out.txt,14324,263e8a5889d5368532cbba272a5025164781c737141586351d633bf83a7ae268,d7fccfa0,479c2416b6261ee841052eef4881df0e40054f3f,Authenticated GitHub snapshot ChandraguptSharma07/matrix-multiplication-tensor-3x3,Original archive CRC and member SHA256 verified
352288,E04,06-data,General / shared,Original pinned GitHub repository; static role inference,kaggle/analysis/census_w8/famtest_lift_144_1685_144i1.json,,contestants\E04\13-archives\GitHub-original-479c2416b6261ee841052eef4881df0e40054f3f.zip,ChandraguptSharma07-matrix-multiplication-tensor-3x3-479c2416b6261ee841052eef4881df0e40054f3f/kaggle/analysis/census_w8/famtest_lift_144_1685_144i1.json,230,55f44909599ff5a3f95e55e786261b7f9c6cd32f14da105dad002c9ba156a9f9,f807f70b,479c2416b6261ee841052eef4881df0e40054f3f,Authenticated GitHub snapshot ChandraguptSharma07/matrix-multiplication-tensor-3x3,Original archive CRC and member SHA256 verified
352290,E04,06-data,General / shared,Original pinned GitHub repository; static role inference,kaggle/analysis/census_w8/famtest_lift_144_1685_144i1_out.txt,,contestants\E04\13-archives\GitHub-original-479c2416b6261ee841052eef4881df0e40054f3f.zip,ChandraguptSharma07-matrix-multiplication-tensor-3x3-479c2416b6261ee841052eef4881df0e40054f3f/kaggle/analysis/census_w8/famtest_lift_144_1685_144i1_out.txt,559,0b9242a808b70c71b3bd28d7280d4a203503231c696e1fecba0a1a555062a048,50abbb41,479c2416b6261ee841052eef4881df0e40054f3f,Authenticated GitHub snapshot ChandraguptSharma07/matrix-multiplication-tensor-3x3,Original archive CRC and member SHA256 verified
352291,E04,06-data,General / shared,Original pinned GitHub repository; static role inference,kaggle/analysis/census_w8/famtest_lift_144_1685_144i2.json,,contestants\E04\13-archives\GitHub-original-479c2416b6261ee841052eef4881df0e40054f3f.zip,ChandraguptSharma07-matrix-multiplication-tensor-3x3-479c2416b6261ee841052eef4881df0e40054f3f/kaggle/analysis/census_w8/famtest_lift_144_1685_144i2.json,229,33d5da30f250a23ec6cb30eb78b6d3b4ed09fdfef9dfc49f2ce5164d13c9172b,1bf1468f,479c2416b6261ee841052eef4881df0e40054f3f,Authenticated GitHub snapshot ChandraguptSharma07/matrix-multiplication-tensor-3x3,Original archive CRC and member SHA256 verified
352293,E04,06-data,General / shared,Original pinned GitHub repository; static role inference,kaggle/analysis/census_w8/famtest_lift_144_1685_144i2_out.txt,,contestants\E04\13-archives\GitHub-original-479c2416b6261ee841052eef4881df0e40054f3f.zip,ChandraguptSharma07-matrix-multiplication-tensor-3x3-479c2416b6261ee841052eef4881df0e40054f3f/kaggle/analysis/census_w8/famtest_lift_144_1685_144i2_out.txt,559,7a3e2dd70fd1850a82595814f698de7ecda85933f6110f3854ac1443119c4a66,814d3eff,479c2416b6261ee841052eef4881df0e40054f3f,Authenticated GitHub snapshot ChandraguptSharma07/matrix-multiplication-tensor-3x3,Original archive CRC and member SHA256 verified
352296,E04,06-data,General / shared,Original pinned GitHub repository; static role inference,kaggle/analysis/census_w8/hash_w8_out.txt,,contestants\E04\13-archives\GitHub-original-479c2416b6261ee841052eef4881df0e40054f3f.zip,ChandraguptSharma07-matrix-multiplication-tensor-3x3-479c2416b6261ee841052eef4881df0e40054f3f/kaggle/analysis/census_w8/hash_w8_out.txt,9807,48378487853a6319d1749f33bc76fa76f39cdcf584f5cce015ab2895b8759673,295d7a6a,479c2416b6261ee841052eef4881df0e40054f3f,Authenticated GitHub snapshot ChandraguptSharma07/matrix-multiplication-tensor-3x3,Original archive CRC and member SHA256 verified
352298,E04,06-data,General / shared,Original pinned GitHub repository; static role inference,kaggle/analysis/census_w8/known_w8_out.txt,,contestants\E04\13-archives\GitHub-original-479c2416b6261ee841052eef4881df0e40054f3f.zip,ChandraguptSharma07-matrix-multiplication-tensor-3x3-479c2416b6261ee841052eef4881df0e40054f3f/kaggle/analysis/census_w8/known_w8_out.txt,7178,2a44d50fc9fd73b45727108c4863aa178f66f95383152369143e2125df73a011,fd9163d5,479c2416b6261ee841052eef4881df0e40054f3f,Authenticated GitHub snapshot ChandraguptSharma07/matrix-multiplication-tensor-3x3,Original archive CRC and member SHA256 verified
352342,E04,06-data,General / shared,Original pinned GitHub repository; static role inference,kaggle/analysis/census_w8/lift_c1685_142g1.json,,contestants\E04\13-archives\GitHub-original-479c2416b6261ee841052eef4881df0e40054f3f.zip,ChandraguptSharma07-matrix-multiplication-tensor-3x3-479c2416b6261ee841052eef4881df0e40054f3f/kaggle/analysis/census_w8/lift_c1685_142g1.json,638,5347f61d6d549f1d67d8c4404b643c69e2e6f1b0c22aa7cbb4af3a84da53bd21,858eb964,479c2416b6261ee841052eef4881df0e40054f3f,Authenticated GitHub snapshot ChandraguptSharma07/matrix-multiplication-tensor-3x3,Original archive CRC and member SHA256 verified
352343,E04,06-data,General / shared,Original pinned GitHub repository; static role inference,kaggle/analysis/census_w8/lift_c1685_142g1_lift.npy,,contestants\E04\13-archives\GitHub-original-479c2416b6261ee841052eef4881df0e40054f3f.zip,ChandraguptSharma07-matrix-multiplication-tensor-3x3-479c2416b6261ee841052eef4881df0e40054f3f/kaggle/analysis/census_w8/lift_c1685_142g1_lift.npy,5096,b2e9c9c1d52e011509e4a90045a6c883105eef44c6e3299808f070c04eec045e,8bebac67,479c2416b6261ee841052eef4881df0e40054f3f,Authenticated GitHub snapshot ChandraguptSharma07/matrix-multiplication-tensor-3x3,Original archive CRC and member SHA256 verified
352344,E04,06-data,General / shared,Original pinned GitHub repository; static role inference,kaggle/analysis/census_w8/lift_c1685_142g1_out.txt,,contestants\E04\13-archives\GitHub-original-479c2416b6261ee841052eef4881df0e40054f3f.zip,ChandraguptSharma07-matrix-multiplication-tensor-3x3-479c2416b6261ee841052eef4881df0e40054f3f/kaggle/analysis/census_w8/lift_c1685_142g1_out.txt,871,615233e895b69f9196a2489a392d179d243f5c369f89507d00a185c88f30d487,c097cc40,479c2416b6261ee841052eef4881df0e40054f3f,Authenticated GitHub snapshot ChandraguptSharma07/matrix-multiplication-tensor-3x3,Original archive CRC and member SHA256 verified
352345,E04,06-data,General / shared,Original pinned GitHub repository; static role inference,kaggle/analysis/census_w8/lift_c1685_142g1_snapped.npy,,contestants\E04\13-archives\GitHub-original-479c2416b6261ee841052eef4881df0e40054f3f.zip,ChandraguptSharma07-matrix-multiplication-tensor-3x3-479c2416b6261ee841052eef4881df0e40054f3f/kaggle/analysis/census_w8/lift_c1685_142g1_snapped.npy,5096,c09b85700f8bab9477fada9c8d1cd6911c5b6c1a230ae23dd44545b9e36b1660,74d7e0ce,479c2416b6261ee841052eef4881df0e40054f3f,Authenticated GitHub snapshot ChandraguptSharma07/matrix-multiplication-tensor-3x3,Original archive CRC and member SHA256 verified
352346,E04,06-data,General / shared,Original pinned GitHub repository; static role inference,kaggle/analysis/census_w8/lift_c1685_142g1_stdout.txt,,contestants\E04\13-archives\GitHub-original-479c2416b6261ee841052eef4881df0e40054f3f.zip,ChandraguptSharma07-matrix-multiplication-tensor-3x3-479c2416b6261ee841052eef4881df0e40054f3f/kaggle/analysis/census_w8/lift_c1685_142g1_stdout.txt,871,615233e895b69f9196a2489a392d179d243f5c369f89507d00a185c88f30d487,c097cc40,479c2416b6261ee841052eef4881df0e40054f3f,Authenticated GitHub snapshot ChandraguptSharma07/matrix-multiplication-tensor-3x3,Original archive CRC and member SHA256 verified
352347,E04,06-data,General / shared,Original pinned GitHub repository; static role inference,kaggle/analysis/census_w8/lift_c1685_144g1.json,,contestants\E04\13-archives\GitHub-original-479c2416b6261ee841052eef4881df0e40054f3f.zip,ChandraguptSharma07-matrix-multiplication-tensor-3x3-479c2416b6261ee841052eef4881df0e40054f3f/kaggle/analysis/census_w8/lift_c1685_144g1.json,646,3571878416e0edd2a561a9216e9e97cf0a2b83272fb064d63ec0e0d4cfe1d026,c6ac9086,479c2416b6261ee841052eef4881df0e40054f3f,Authenticated GitHub snapshot ChandraguptSharma07/matrix-multiplication-tensor-3x3,Original archive CRC and member SHA256 verified
352348,E04,06-data,General / shared,Original pinned GitHub repository; static role inference,kaggle/analysis/census_w8/lift_c1685_144g1_lift.npy,,contestants\E04\13-archives\GitHub-original-479c2416b6261ee841052eef4881df0e40054f3f.zip,ChandraguptSharma07-matrix-multiplication-tensor-3x3-479c2416b6261ee841052eef4881df0e40054f3f/kaggle/analysis/census_w8/lift_c1685_144g1_lift.npy,5096,24840e3e305794b60d244eecea5e1e46babaf58a84f631186c3b477dbf39a142,9596df1b,479c2416b6261ee841052eef4881df0e40054f3f,Authenticated GitHub snapshot ChandraguptSharma07/matrix-multiplication-tensor-3x3,Original archive CRC and member SHA256 verified
352349,E04,06-data,General / shared,Original pinned GitHub repository; static role inference,kaggle/analysis/census_w8/lift_c1685_144g1_out.txt,,contestants\E04\13-archives\GitHub-original-479c2416b6261ee841052eef4881df0e40054f3f.zip,ChandraguptSharma07-matrix-multiplication-tensor-3x3-479c2416b6261ee841052eef4881df0e40054f3f/kaggle/analysis/census_w8/lift_c1685_144g1_out.txt,1400,1080edaa048faa81fb430e2a91c7085a6b2ba48ba1b4365d9432607b078023af,92ffdb05,479c2416b6261ee841052eef4881df0e40054f3f,Authenticated GitHub snapshot ChandraguptSharma07/matrix-multiplication-tensor-3x3,Original archive CRC and member SHA256 verified
352350,E04,06-data,General / shared,Original pinned GitHub repository; static role inference,kaggle/analysis/census_w8/lift_c1685_144g1_snapped.npy,,contestants\E04\13-archives\GitHub-original-479c2416b6261ee841052eef4881df0e40054f3f.zip,ChandraguptSharma07-matrix-multiplication-tensor-3x3-479c2416b6261ee841052eef4881df0e40054f3f/kaggle/analysis/census_w8/lift_c1685_144g1_snapped.npy,5096,31ce448e9f35a9128b6c2fb358ff022965dd8c371676805ea0cd6e4746d767a5,8eb2992e,479c2416b6261ee841052eef4881df0e40054f3f,Authenticated GitHub snapshot ChandraguptSharma07/matrix-multiplication-tensor-3x3,Original archive CRC and member SHA256 verified
352351,E04,06-data,General / shared,Original pinned GitHub repository; static role inference,kaggle/analysis/census_w8/lift_c1685_144g1_stdout.txt,,contestants\E04\13-archives\GitHub-original-479c2416b6261ee841052eef4881df0e40054f3f.zip,ChandraguptSharma07-matrix-multiplication-tensor-3x3-479c2416b6261ee841052eef4881df0e40054f3f/kaggle/analysis/census_w8/lift_c1685_144g1_stdout.txt,1400,1080edaa048faa81fb430e2a91c7085a6b2ba48ba1b4365d9432607b078023af,92ffdb05,479c2416b6261ee841052eef4881df0e40054f3f,Authenticated GitHub snapshot ChandraguptSharma07/matrix-multiplication-tensor-3x3,Original archive CRC and member SHA256 verified
352352,E04,06-data,General / shared,Original pinned GitHub repository; static role inference,kaggle/analysis/census_w8/lift_c1685_144g2.json,,contestants\E04\13-archives\GitHub-original-479c2416b6261ee841052eef4881df0e40054f3f.zip,ChandraguptSharma07-matrix-multiplication-tensor-3x3-479c2416b6261ee841052eef4881df0e40054f3f/kaggle/analysis/census_w8/lift_c1685_144g2.json,412,e9b7685e8d5ef6a2b3b965c364423082074ae45f99eee6ac1c5ed9aa831c676c,168ce9d4,479c2416b6261ee841052eef4881df0e40054f3f,Authenticated GitHub snapshot ChandraguptSharma07/matrix-multiplication-tensor-3x3,Original archive CRC and member SHA256 verified
352353,E04,06-data,General / shared,Original pinned GitHub repository; static role inference,kaggle/analysis/census_w8/lift_c1685_144g2_lift.npy,,contestants\E04\13-archives\GitHub-original-479c2416b6261ee841052eef4881df0e40054f3f.zip,ChandraguptSharma07-matrix-multiplication-tensor-3x3-479c2416b6261ee841052eef4881df0e40054f3f/kaggle/analysis/census_w8/lift_c1685_144g2_lift.npy,5096,cfcac05c9840bf9d17e21827f29eb46cb556a2468b14d5c65f978c21ceefbf60,1293fd5c,479c2416b6261ee841052eef4881df0e40054f3f,Authenticated GitHub snapshot ChandraguptSharma07/matrix-multiplication-tensor-3x3,Original archive CRC and member SHA256 verified
352354,E04,06-data,General / shared,Original pinned GitHub repository; static role inference,kaggle/analysis/census_w8/lift_c1685_144g2_out.txt,,contestants\E04\13-archives\GitHub-original-479c2416b6261ee841052eef4881df0e40054f3f.zip,ChandraguptSharma07-matrix-multiplication-tensor-3x3-479c2416b6261ee841052eef4881df0e40054f3f/kaggle/analysis/census_w8/lift_c1685_144g2_out.txt,767,05dd3f36fe06a40d9a08811b68fbff427165cce6d3c09ca2943ebbca189ebdea,ac77585c,479c2416b6261ee841052eef4881df0e40054f3f,Authenticated GitHub snapshot ChandraguptSharma07/matrix-multiplication-tensor-3x3,Original archive CRC and member SHA256 verified
352355,E04,06-data,General / shared,Original pinned GitHub repository; static role inference,kaggle/analysis/census_w8/lift_c1685_144g2_snapped.npy,,contestants\E04\13-archives\GitHub-original-479c2416b6261ee841052eef4881df0e40054f3f.zip,ChandraguptSharma07-matrix-multiplication-tensor-3x3-479c2416b6261ee841052eef4881df0e40054f3f/kaggle/analysis/census_w8/lift_c1685_144g2_snapped.npy,5096,1d848465d403f01936aadae5d7761bcf50f51d35217d994535062cff64ccb3fe,e2384250,479c2416b6261ee841052eef4881df0e40054f3f,Authenticated GitHub snapshot ChandraguptSharma07/matrix-multiplication-tensor-3x3,Original archive CRC and member SHA256 verified
352356,E04,06-data,General / shared,Original pinned GitHub repository; static role inference,kaggle/analysis/census_w8/lift_c1685_144g2_stdout.txt,,contestants\E04\13-archives\GitHub-original-479c2416b6261ee841052eef4881df0e40054f3f.zip,ChandraguptSharma07-matrix-multiplication-tensor-3x3-479c2416b6261ee841052eef4881df0e40054f3f/kaggle/analysis/census_w8/lift_c1685_144g2_stdout.txt,767,05dd3f36fe06a40d9a08811b68fbff427165cce6d3c09ca2943ebbca189ebdea,ac77585c,479c2416b6261ee841052eef4881df0e40054f3f,Authenticated GitHub snapshot ChandraguptSharma07/matrix-multiplication-tensor-3x3,Original archive CRC and member SHA256 verified
352357,E04,06-data,General / shared,Original pinned GitHub repository; static role inference,kaggle/analysis/census_w8/lift_c1685_144g6.json,,contestants\E04\13-archives\GitHub-original-479c2416b6261ee841052eef4881df0e40054f3f.zip,ChandraguptSharma07-matrix-multiplication-tensor-3x3-479c2416b6261ee841052eef4881df0e40054f3f/kaggle/analysis/census_w8/lift_c1685_144g6.json,258,d07662d3eefa0f2162596580972ccda608585b2ccf054d007114b1def14db354,2c923fa9,479c2416b6261ee841052eef4881df0e40054f3f,Authenticated GitHub snapshot ChandraguptSharma07/matrix-multiplication-tensor-3x3,Original archive CRC and member SHA256 verified
352358,E04,06-data,General / shared,Original pinned GitHub repository; static role inference,kaggle/analysis/census_w8/lift_c1685_144g6_lift.npy,,contestants\E04\13-archives\GitHub-original-479c2416b6261ee841052eef4881df0e40054f3f.zip,ChandraguptSharma07-matrix-multiplication-tensor-3x3-479c2416b6261ee841052eef4881df0e40054f3f/kaggle/analysis/census_w8/lift_c1685_144g6_lift.npy,5096,44466c7816be9b691df545afafca25f192b5c32d348dbb709d1687503701ea2d,47237f99,479c2416b6261ee841052eef4881df0e40054f3f,Authenticated GitHub snapshot ChandraguptSharma07/matrix-multiplication-tensor-3x3,Original archive CRC and member SHA256 verified
352359,E04,06-data,General / shared,Original pinned GitHub repository; static role inference,kaggle/analysis/census_w8/lift_c1685_144g6_out.txt,,contestants\E04\13-archives\GitHub-original-479c2416b6261ee841052eef4881df0e40054f3f.zip,ChandraguptSharma07-matrix-multiplication-tensor-3x3-479c2416b6261ee841052eef4881df0e40054f3f/kaggle/analysis/census_w8/lift_c1685_144g6_out.txt,350,56b65207e0493fcbff0533ba595ec883382aa57ae8c6f72dbf8fa81fe06c3e21,bd9c7c3a,479c2416b6261ee841052eef4881df0e40054f3f,Authenticated GitHub snapshot ChandraguptSharma07/matrix-multiplication-tensor-3x3,Original archive CRC and member SHA256 verified
352360,E04,06-data,General / shared,Original pinned GitHub repository; static role inference,kaggle/analysis/census_w8/lift_c1685_144g6_s64.json,,contestants\E04\13-archives\GitHub-original-479c2416b6261ee841052eef4881df0e40054f3f.zip,ChandraguptSharma07-matrix-multiplication-tensor-3x3-479c2416b6261ee841052eef4881df0e40054f3f/kaggle/analysis/census_w8/lift_c1685_144g6_s64.json,412,dbe01c7a14052dbc51c9da7c8df849c6d0797009119ae10e1eeda74617c5927a,96715d5c,479c2416b6261ee841052eef4881df0e40054f3f,Authenticated GitHub snapshot ChandraguptSharma07/matrix-multiplication-tensor-3x3,Original archive CRC and member SHA256 verified
352361,E04,06-data,General / shared,Original pinned GitHub repository; static role inference,kaggle/analysis/census_w8/lift_c1685_144g6_s64_lift.npy,,contestants\E04\13-archives\GitHub-original-479c2416b6261ee841052eef4881df0e40054f3f.zip,ChandraguptSharma07-matrix-multiplication-tensor-3x3-479c2416b6261ee841052eef4881df0e40054f3f/kaggle/analysis/census_w8/lift_c1685_144g6_s64_lift.npy,5096,6d8c531a97f4591b758cedbd1b234862765689e66c41c9413bfed21a546f12d9,903ca352,479c2416b6261ee841052eef4881df0e40054f3f,Authenticated GitHub snapshot ChandraguptSharma07/matrix-multiplication-tensor-3x3,Original archive CRC and member SHA256 verified
352362,E04,06-data,General / shared,Original pinned GitHub repository; static role inference,kaggle/analysis/census_w8/lift_c1685_144g6_s64_out.txt,,contestants\E04\13-archives\GitHub-original-479c2416b6261ee841052eef4881df0e40054f3f.zip,ChandraguptSharma07-matrix-multiplication-tensor-3x3-479c2416b6261ee841052eef4881df0e40054f3f/kaggle/analysis/census_w8/lift_c1685_144g6_s64_out.txt,768,b700bd44e76fd5dc9e35d8710a71e81e5eef23277ceabe4f69f2aa07e77f8570,8ceead22,479c2416b6261ee841052eef4881df0e40054f3f,Authenticated GitHub snapshot ChandraguptSharma07/matrix-multiplication-tensor-3x3,Original archive CRC and member SHA256 verified
352363,E04,06-data,General / shared,Original pinned GitHub repository; static role inference,kaggle/analysis/census_w8/lift_c1685_144g6_s64_snapped.npy,,contestants\E04\13-archives\GitHub-original-479c2416b6261ee841052eef4881df0e40054f3f.zip,ChandraguptSharma07-matrix-multiplication-tensor-3x3-479c2416b6261ee841052eef4881df0e40054f3f/kaggle/analysis/census_w8/lift_c1685_144g6_s64_snapped.npy,5096,4d217ba92c80f2adcfc994b2e1267be08b2bd9b0e6ae91ceaa901d67c12102ec,fa42f014,479c2416b6261ee841052eef4881df0e40054f3f,Authenticated GitHub snapshot ChandraguptSharma07/matrix-multiplication-tensor-3x3,Original archive CRC and member SHA256 verified
352364,E04,06-data,General / shared,Original pinned GitHub repository; static role inference,kaggle/analysis/census_w8/lift_c1685_144g6_s64_stdout.txt,,contestants\E04\13-archives\GitHub-original-479c2416b6261ee841052eef4881df0e40054f3f.zip,ChandraguptSharma07-matrix-multiplication-tensor-3x3-479c2416b6261ee841052eef4881df0e40054f3f/kaggle/analysis/census_w8/lift_c1685_144g6_s64_stdout.txt,768,b700bd44e76fd5dc9e35d8710a71e81e5eef23277ceabe4f69f2aa07e77f8570,8ceead22,479c2416b6261ee841052eef4881df0e40054f3f,Authenticated GitHub snapshot ChandraguptSharma07/matrix-multiplication-tensor-3x3,Original archive CRC and member SHA256 verified
352365,E04,06-data,General / shared,Original pinned GitHub repository; static role inference,kaggle/analysis/census_w8/lift_c1685_144g6_stdout.txt,,contestants\E04\13-archives\GitHub-original-479c2416b6261ee841052eef4881df0e40054f3f.zip,ChandraguptSharma07-matrix-multiplication-tensor-3x3-479c2416b6261ee841052eef4881df0e40054f3f/kaggle/analysis/census_w8/lift_c1685_144g6_stdout.txt,350,56b65207e0493fcbff0533ba595ec883382aa57ae8c6f72dbf8fa81fe06c3e21,bd9c7c3a,479c2416b6261ee841052eef4881df0e40054f3f,Authenticated GitHub snapshot ChandraguptSharma07/matrix-multiplication-tensor-3x3,Original archive CRC and member SHA256 verified
352366,E04,06-data,General / shared,Original pinned GitHub repository; static role inference,kaggle/analysis/census_w8/lift_c1685_144i1.json,,contestants\E04\13-archives\GitHub-original-479c2416b6261ee841052eef4881df0e40054f3f.zip,ChandraguptSharma07-matrix-multiplication-tensor-3x3-479c2416b6261ee841052eef4881df0e40054f3f/kaggle/analysis/census_w8/lift_c1685_144i1.json,644,10fb7ad3e89c7f01df46aba1f88eeb8622ef6591225da28f0ace8d2ae8490552,ae7bcd53,479c2416b6261ee841052eef4881df0e40054f3f,Authenticated GitHub snapshot ChandraguptSharma07/matrix-multiplication-tensor-3x3,Original archive CRC and member SHA256 verified
352367,E04,06-data,General / shared,Original pinned GitHub repository; static role inference,kaggle/analysis/census_w8/lift_c1685_144i1_lift.npy,,contestants\E04\13-archives\GitHub-original-479c2416b6261ee841052eef4881df0e40054f3f.zip,ChandraguptSharma07-matrix-multiplication-tensor-3x3-479c2416b6261ee841052eef4881df0e40054f3f/kaggle/analysis/census_w8/lift_c1685_144i1_lift.npy,5096,d375c429d45f238aa5f796fd42777f20b3e9cf0781f3f89c8ec4cbf80118eac7,601ea1d4,479c2416b6261ee841052eef4881df0e40054f3f,Authenticated GitHub snapshot ChandraguptSharma07/matrix-multiplication-tensor-3x3,Original archive CRC and member SHA256 verified
352368,E04,06-data,General / shared,Original pinned GitHub repository; static role inference,kaggle/analysis/census_w8/lift_c1685_144i1_out.txt,,contestants\E04\13-archives\GitHub-original-479c2416b6261ee841052eef4881df0e40054f3f.zip,ChandraguptSharma07-matrix-multiplication-tensor-3x3-479c2416b6261ee841052eef4881df0e40054f3f/kaggle/analysis/census_w8/lift_c1685_144i1_out.txt,938,496c88c5a16177c7007c54a11ba396910e10b88191ea227d1eef9f0751f8d41d,ace9f63b,479c2416b6261ee841052eef4881df0e40054f3f,Authenticated GitHub snapshot ChandraguptSharma07/matrix-multiplication-tensor-3x3,Original archive CRC and member SHA256 verified
352369,E04,06-data,General / shared,Original pinned GitHub repository; static role inference,kaggle/analysis/census_w8/lift_c1685_144i1_snapped.npy,,contestants\E04\13-archives\GitHub-original-479c2416b6261ee841052eef4881df0e40054f3f.zip,ChandraguptSharma07-matrix-multiplication-tensor-3x3-479c2416b6261ee841052eef4881df0e40054f3f/kaggle/analysis/census_w8/lift_c1685_144i1_snapped.npy,5096,a4cc776084139c5ae286c519afae9b0d8162c37d1c5784bd1672c123b2d87e6e,ca602036,479c2416b6261ee841052eef4881df0e40054f3f,Authenticated GitHub snapshot ChandraguptSharma07/matrix-multiplication-tensor-3x3,Original archive CRC and member SHA256 verified
352370,E04,06-data,General / shared,Original pinned GitHub repository; static role inference,kaggle/analysis/census_w8/lift_c1685_144i1_stdout.txt,,contestants\E04\13-archives\GitHub-original-479c2416b6261ee841052eef4881df0e40054f3f.zip,ChandraguptSharma07-matrix-multiplication-tensor-3x3-479c2416b6261ee841052eef4881df0e40054f3f/kaggle/analysis/census_w8/lift_c1685_144i1_stdout.txt,938,496c88c5a16177c7007c54a11ba396910e10b88191ea227d1eef9f0751f8d41d,ace9f63b,479c2416b6261ee841052eef4881df0e40054f3f,Authenticated GitHub snapshot ChandraguptSharma07/matrix-multiplication-tensor-3x3,Original archive CRC and member SHA256 verified
352371,E04,06-data,General / shared,Original pinned GitHub repository; static role inference,kaggle/analysis/census_w8/lift_c1685_144i2.json,,contestants\E04\13-archives\GitHub-original-479c2416b6261ee841052eef4881df0e40054f3f.zip,ChandraguptSharma07-matrix-multiplication-tensor-3x3-479c2416b6261ee841052eef4881df0e40054f3f/kaggle/analysis/census_w8/lift_c1685_144i2.json,644,eecb10dd3b60e51bd37c4453e23fac745003eb683142fb751b37e8000ab2590a,3acb3260,479c2416b6261ee841052eef4881df0e40054f3f,Authenticated GitHub snapshot ChandraguptSharma07/matrix-multiplication-tensor-3x3,Original archive CRC and member SHA256 verified
352372,E04,06-data,General / shared,Original pinned GitHub repository; static role inference,kaggle/analysis/census_w8/lift_c1685_144i2_lift.npy,,contestants\E04\13-archives\GitHub-original-479c2416b6261ee841052eef4881df0e40054f3f.zip,ChandraguptSharma07-matrix-multiplication-tensor-3x3-479c2416b6261ee841052eef4881df0e40054f3f/kaggle/analysis/census_w8/lift_c1685_144i2_lift.npy,5096,8785adc8bd970a1d20228455d1bf4d1cc76549bedc86be94a9e23004f7ce9af1,aad443d2,479c2416b6261ee841052eef4881df0e40054f3f,Authenticated GitHub snapshot ChandraguptSharma07/matrix-multiplication-tensor-3x3,Original archive CRC and member SHA256 verified
352373,E04,06-data,General / shared,Original pinned GitHub repository; static role inference,kaggle/analysis/census_w8/lift_c1685_144i2_out.txt,,contestants\E04\13-archives\GitHub-original-479c2416b6261ee841052eef4881df0e40054f3f.zip,ChandraguptSharma07-matrix-multiplication-tensor-3x3-479c2416b6261ee841052eef4881df0e40054f3f/kaggle/analysis/census_w8/lift_c1685_144i2_out.txt,938,054d4cdfd18d956667f4eaf2f0583b57880eb58da079029a04a4e8672fff9e2c,639cec3d,479c2416b6261ee841052eef4881df0e40054f3f,Authenticated GitHub snapshot ChandraguptSharma07/matrix-multiplication-tensor-3x3,Original archive CRC and member SHA256 verified
352374,E04,06-data,General / shared,Original pinned GitHub repository; static role inference,kaggle/analysis/census_w8/lift_c1685_144i2_snapped.npy,,contestants\E04\13-archives\GitHub-original-479c2416b6261ee841052eef4881df0e40054f3f.zip,ChandraguptSharma07-matrix-multiplication-tensor-3x3-479c2416b6261ee841052eef4881df0e40054f3f/kaggle/analysis/census_w8/lift_c1685_144i2_snapped.npy,5096,d48d2286998aa5934721fe5cc1c1de9e5801a629fd543c152daa5ee0e3a124db,12aea1ce,479c2416b6261ee841052eef4881df0e40054f3f,Authenticated GitHub snapshot ChandraguptSharma07/matrix-multiplication-tensor-3x3,Original archive CRC and member SHA256 verified
352375,E04,06-data,General / shared,Original pinned GitHub repository; static role inference,kaggle/analysis/census_w8/lift_c1685_144i2_stdout.txt,,contestants\E04\13-archives\GitHub-original-479c2416b6261ee841052eef4881df0e40054f3f.zip,ChandraguptSharma07-matrix-multiplication-tensor-3x3-479c2416b6261ee841052eef4881df0e40054f3f/kaggle/analysis/census_w8/lift_c1685_144i2_stdout.txt,938,054d4cdfd18d956667f4eaf2f0583b57880eb58da079029a04a4e8672fff9e2c,639cec3d,479c2416b6261ee841052eef4881df0e40054f3f,Authenticated GitHub snapshot ChandraguptSharma07/matrix-multiplication-tensor-3x3,Original archive CRC and member SHA256 verified
352377,E04,06-data,General / shared,Original pinned GitHub repository; static role inference,kaggle/analysis/census_w8/ratpoint_c1685_144g6_out.txt,,contestants\E04\13-archives\GitHub-original-479c2416b6261ee841052eef4881df0e40054f3f.zip,ChandraguptSharma07-matrix-multiplication-tensor-3x3-479c2416b6261ee841052eef4881df0e40054f3f/kaggle/analysis/census_w8/ratpoint_c1685_144g6_out.txt,1849,fca3bdf2bab12b7ae117a29ef4a51572cb05e83da7d998eef0d2891cec7431c6,f2afc584,479c2416b6261ee841052eef4881df0e40054f3f,Authenticated GitHub snapshot ChandraguptSharma07/matrix-multiplication-tensor-3x3,Original archive CRC and member SHA256 verified
352378,E04,06-data,General / shared,Original pinned GitHub repository; static role inference,kaggle/analysis/census_w8/ratpoint_stdout.txt,,contestants\E04\13-archives\GitHub-original-479c2416b6261ee841052eef4881df0e40054f3f.zip,ChandraguptSharma07-matrix-multiplication-tensor-3x3-479c2416b6261ee841052eef4881df0e40054f3f/kaggle/analysis/census_w8/ratpoint_stdout.txt,1849,fca3bdf2bab12b7ae117a29ef4a51572cb05e83da7d998eef0d2891cec7431c6,f2afc584,479c2416b6261ee841052eef4881df0e40054f3f,Authenticated GitHub snapshot ChandraguptSharma07/matrix-multiplication-tensor-3x3,Original archive CRC and member SHA256 verified
352383,E04,06-data,General / shared,Original pinned GitHub repository; static role inference,kaggle/analysis/census_w8/wait_g2.txt,,contestants\E04\13-archives\GitHub-original-479c2416b6261ee841052eef4881df0e40054f3f.zip,ChandraguptSharma07-matrix-multiplication-tensor-3x3-479c2416b6261ee841052eef4881df0e40054f3f/kaggle/analysis/census_w8/wait_g2.txt,767,05dd3f36fe06a40d9a08811b68fbff427165cce6d3c09ca2943ebbca189ebdea,ac77585c,479c2416b6261ee841052eef4881df0e40054f3f,Authenticated GitHub snapshot ChandraguptSharma07/matrix-multiplication-tensor-3x3,Original archive CRC and member SHA256 verified
352388,E04,06-data,General / shared,Original pinned GitHub repository; static role inference,kaggle/analysis/core1809/core_orbits_out.txt,,contestants\E04\13-archives\GitHub-original-479c2416b6261ee841052eef4881df0e40054f3f.zip,ChandraguptSharma07-matrix-multiplication-tensor-3x3-479c2416b6261ee841052eef4881df0e40054f3f/kaggle/analysis/core1809/core_orbits_out.txt,741,f00bc892ba18fdbd22a06b88c6deff26a0feec3226f8754fa4c33a008511b375,b0d47d57,479c2416b6261ee841052eef4881df0e40054f3f,Authenticated GitHub snapshot ChandraguptSharma07/matrix-multiplication-tensor-3x3,Original archive CRC and member SHA256 verified
352389,E04,06-data,General / shared,Original pinned GitHub repository; static role inference,kaggle/analysis/core1809/famdim_out.txt,,contestants\E04\13-archives\GitHub-original-479c2416b6261ee841052eef4881df0e40054f3f.zip,ChandraguptSharma07-matrix-multiplication-tensor-3x3-479c2416b6261ee841052eef4881df0e40054f3f/kaggle/analysis/core1809/famdim_out.txt,1139,a7cf48b798e30bd0d18e819453bd3900d10319f463258fe9115b7405a054cd33,d10f14db,479c2416b6261ee841052eef4881df0e40054f3f,Authenticated GitHub snapshot ChandraguptSharma07/matrix-multiplication-tensor-3x3,Original archive CRC and member SHA256 verified
352390,E04,06-data,General / shared,Original pinned GitHub repository; static role inference,kaggle/analysis/core1809/followup_e30.json,,contestants\E04\13-archives\GitHub-original-479c2416b6261ee841052eef4881df0e40054f3f.zip,ChandraguptSharma07-matrix-multiplication-tensor-3x3-479c2416b6261ee841052eef4881df0e40054f3f/kaggle/analysis/core1809/followup_e30.json,1522,d50eea3faa4f1891cfd3f1b49e4563b607d56b8d13d52abb1b7de09292fb8ef9,92694512,479c2416b6261ee841052eef4881df0e40054f3f,Authenticated GitHub snapshot ChandraguptSharma07/matrix-multiplication-tensor-3x3,Original archive CRC and member SHA256 verified
352391,E04,06-data,General / shared,Original pinned GitHub repository; static role inference,kaggle/analysis/core1809/followup_e30.npy,,contestants\E04\13-archives\GitHub-original-479c2416b6261ee841052eef4881df0e40054f3f.zip,ChandraguptSharma07-matrix-multiplication-tensor-3x3-479c2416b6261ee841052eef4881df0e40054f3f/kaggle/analysis/core1809/followup_e30.npy,5096,bb8b230b31dbafe30e8bdbfdbefe839a1bed2bc819c6e73f52fbe04bbde1d5b4,2054d814,479c2416b6261ee841052eef4881df0e40054f3f,Authenticated GitHub snapshot ChandraguptSharma07/matrix-multiplication-tensor-3x3,Original archive CRC and member SHA256 verified
352392,E04,06-data,General / shared,Original pinned GitHub repository; static role inference,kaggle/analysis/core1809/followup_e30.txt,,contestants\E04\13-archives\GitHub-original-479c2416b6261ee841052eef4881df0e40054f3f.zip,ChandraguptSharma07-matrix-multiplication-tensor-3x3-479c2416b6261ee841052eef4881df0e40054f3f/kaggle/analysis/core1809/followup_e30.txt,2390,1232bca5134e675d065843d695a122557c7d855ad060bd8f2ad2d8ce891c8dde,b277c688,479c2416b6261ee841052eef4881df0e40054f3f,Authenticated GitHub snapshot ChandraguptSharma07/matrix-multiplication-tensor-3x3,Original archive CRC and member SHA256 verified
352393,E04,06-data,General / shared,Original pinned GitHub repository; static role inference,kaggle/analysis/core1809/followup_e78.json,,contestants\E04\13-archives\GitHub-original-479c2416b6261ee841052eef4881df0e40054f3f.zip,ChandraguptSharma07-matrix-multiplication-tensor-3x3-479c2416b6261ee841052eef4881df0e40054f3f/kaggle/analysis/core1809/followup_e78.json,1558,e93a2e47f0d43f3ef543087e2b411bfcc3439cf15684bc971021b850b0f82ab4,2605ff82,479c2416b6261ee841052eef4881df0e40054f3f,Authenticated GitHub snapshot ChandraguptSharma07/matrix-multiplication-tensor-3x3,Original archive CRC and member SHA256 verified
352394,E04,06-data,General / shared,Original pinned GitHub repository; static role inference,kaggle/analysis/core1809/followup_e78.npy,,contestants\E04\13-archives\GitHub-original-479c2416b6261ee841052eef4881df0e40054f3f.zip,ChandraguptSharma07-matrix-multiplication-tensor-3x3-479c2416b6261ee841052eef4881df0e40054f3f/kaggle/analysis/core1809/followup_e78.npy,5096,dc8aa992cd4497c5bb3fdbfbfbabfb46542f38fb2c2cabe966a7433c2919b8fc,9b525e15,479c2416b6261ee841052eef4881df0e40054f3f,Authenticated GitHub snapshot ChandraguptSharma07/matrix-multiplication-tensor-3x3,Original archive CRC and member SHA256 verified
352395,E04,06-data,General / shared,Original pinned GitHub repository; static role inference,kaggle/analysis/core1809/followup_e78.txt,,contestants\E04\13-archives\GitHub-original-479c2416b6261ee841052eef4881df0e40054f3f.zip,ChandraguptSharma07-matrix-multiplication-tensor-3x3-479c2416b6261ee841052eef4881df0e40054f3f/kaggle/analysis/core1809/followup_e78.txt,2393,6a1feb2021aff612235cb3e7882051c0443dfcb3381aadc9e8ce3857bcd099c6,59449524,479c2416b6261ee841052eef4881df0e40054f3f,Authenticated GitHub snapshot ChandraguptSharma07/matrix-multiplication-tensor-3x3,Original archive CRC and member SHA256 verified
352397,E04,06-data,General / shared,Original pinned GitHub repository; static role inference,kaggle/analysis/core1809/hit2_image_out.txt,,contestants\E04\13-archives\GitHub-original-479c2416b6261ee841052eef4881df0e40054f3f.zip,ChandraguptSharma07-matrix-multiplication-tensor-3x3-479c2416b6261ee841052eef4881df0e40054f3f/kaggle/analysis/core1809/hit2_image_out.txt,415,c3a801abf1a9e039ff8e8e82004e2c589e4ea55879943b4ea4e007ca4988cd9b,4ddde2e8,479c2416b6261ee841052eef4881df0e40054f3f,Authenticated GitHub snapshot ChandraguptSharma07/matrix-multiplication-tensor-3x3,Original archive CRC and member SHA256 verified
352398,E04,06-data,General / shared,Original pinned GitHub repository; static role inference,kaggle/analysis/core1809/lift_1.json,,contestants\E04\13-archives\GitHub-original-479c2416b6261ee841052eef4881df0e40054f3f.zip,ChandraguptSharma07-matrix-multiplication-tensor-3x3-479c2416b6261ee841052eef4881df0e40054f3f/kaggle/analysis/core1809/lift_1.json,822,ce7ac41455b605880a32f1265ffaca34960d7f80f3ef76db2fa9b3783e8bf7cd,abb3b4d6,479c2416b6261ee841052eef4881df0e40054f3f,Authenticated GitHub snapshot ChandraguptSharma07/matrix-multiplication-tensor-3x3,Original archive CRC and member SHA256 verified
352401,E04,06-data,General / shared,Original pinned GitHub repository; static role inference,kaggle/analysis/core1809/lift_1_allstarts.npy,,contestants\E04\13-archives\GitHub-original-479c2416b6261ee841052eef4881df0e40054f3f.zip,ChandraguptSharma07-matrix-multiplication-tensor-3x3-479c2416b6261ee841052eef4881df0e40054f3f/kaggle/analysis/core1809/lift_1_allstarts.npy,39872,9946867f1af26fa7dd70e8354322e2d12f9f27fb87f9975686bc6a506c229d4b,c80d976d,479c2416b6261ee841052eef4881df0e40054f3f,Authenticated GitHub snapshot ChandraguptSharma07/matrix-multiplication-tensor-3x3,Original archive CRC and member SHA256 verified
352402,E04,06-data,General / shared,Original pinned GitHub repository; static role inference,kaggle/analysis/core1809/lift_1_gauge.npy,,contestants\E04\13-archives\GitHub-original-479c2416b6261ee841052eef4881df0e40054f3f.zip,ChandraguptSharma07-matrix-multiplication-tensor-3x3-479c2416b6261ee841052eef4881df0e40054f3f/kaggle/analysis/core1809/lift_1_gauge.npy,5096,e3dfe1e5ea9b26af718dcc4305174cef843fa0f25336ce6648b8fc66fba45fb6,665cc3d7,479c2416b6261ee841052eef4881df0e40054f3f,Authenticated GitHub snapshot ChandraguptSharma07/matrix-multiplication-tensor-3x3,Original archive CRC and member SHA256 verified
352403,E04,06-data,General / shared,Original pinned GitHub repository; static role inference,kaggle/analysis/core1809/lift_1_lift.npy,,contestants\E04\13-archives\GitHub-original-479c2416b6261ee841052eef4881df0e40054f3f.zip,ChandraguptSharma07-matrix-multiplication-tensor-3x3-479c2416b6261ee841052eef4881df0e40054f3f/kaggle/analysis/core1809/lift_1_lift.npy,5096,73418c3227003c51524daba57339055175189b31acc06660e5f1c1d7834d2b48,e2c39613,479c2416b6261ee841052eef4881df0e40054f3f,Authenticated GitHub snapshot ChandraguptSharma07/matrix-multiplication-tensor-3x3,Original archive CRC and member SHA256 verified
352404,E04,06-data,General / shared,Original pinned GitHub repository; static role inference,kaggle/analysis/core1809/lift_1_out.txt,,contestants\E04\13-archives\GitHub-original-479c2416b6261ee841052eef4881df0e40054f3f.zip,ChandraguptSharma07-matrix-multiplication-tensor-3x3-479c2416b6261ee841052eef4881df0e40054f3f/kaggle/analysis/core1809/lift_1_out.txt,1775,1206b07645d594acda429137b3d57120837f6e33577c55fcc06a4a42e4bdf21c,9e786126,479c2416b6261ee841052eef4881df0e40054f3f,Authenticated GitHub snapshot ChandraguptSharma07/matrix-multiplication-tensor-3x3,Original archive CRC and member SHA256 verified
352405,E04,06-data,General / shared,Original pinned GitHub repository; static role inference,kaggle/analysis/core1809/lift_1_snapped_dyadic.npy,,contestants\E04\13-archives\GitHub-original-479c2416b6261ee841052eef4881df0e40054f3f.zip,ChandraguptSharma07-matrix-multiplication-tensor-3x3-479c2416b6261ee841052eef4881df0e40054f3f/kaggle/analysis/core1809/lift_1_snapped_dyadic.npy,5096,b35f1e92f704b99c24901fbe59e309006aa843b7802cf9aa957a825c174809ab,c0e835ee,479c2416b6261ee841052eef4881df0e40054f3f,Authenticated GitHub snapshot ChandraguptSharma07/matrix-multiplication-tensor-3x3,Original archive CRC and member SHA256 verified
352406,E04,06-data,General / shared,Original pinned GitHub repository; static role inference,kaggle/analysis/core1809/lift_1_stdout.txt,,contestants\E04\13-archives\GitHub-original-479c2416b6261ee841052eef4881df0e40054f3f.zip,ChandraguptSharma07-matrix-multiplication-tensor-3x3-479c2416b6261ee841052eef4881df0e40054f3f/kaggle/analysis/core1809/lift_1_stdout.txt,4997,071eba11bc3f869b911d827c1dba4c4bc15c04f1e3f04c7fee36a328d4d56ff6,2c1c85ed,479c2416b6261ee841052eef4881df0e40054f3f,Authenticated GitHub snapshot ChandraguptSharma07/matrix-multiplication-tensor-3x3,Original archive CRC and member SHA256 verified
352408,E04,06-data,General / shared,Original pinned GitHub repository; static role inference,kaggle/analysis/core1809/probe_limit_e30.txt,,contestants\E04\13-archives\GitHub-original-479c2416b6261ee841052eef4881df0e40054f3f.zip,ChandraguptSharma07-matrix-multiplication-tensor-3x3-479c2416b6261ee841052eef4881df0e40054f3f/kaggle/analysis/core1809/probe_limit_e30.txt,612,2622de20812a8ae63f71070416f27c07302322100494cfc0bba6c0140a5e0226,fa4abc8b,479c2416b6261ee841052eef4881df0e40054f3f,Authenticated GitHub snapshot ChandraguptSharma07/matrix-multiplication-tensor-3x3,Original archive CRC and member SHA256 verified
352409,E04,06-data,General / shared,Original pinned GitHub repository; static role inference,kaggle/analysis/core1809/probe_limit_e78.txt,,contestants\E04\13-archives\GitHub-original-479c2416b6261ee841052eef4881df0e40054f3f.zip,ChandraguptSharma07-matrix-multiplication-tensor-3x3-479c2416b6261ee841052eef4881df0e40054f3f/kaggle/analysis/core1809/probe_limit_e78.txt,614,a12710235ec79f8b06b1e05355e44b4e9ee8aee4d13ad593cc5e32586ff30e25,8cbf2ac9,479c2416b6261ee841052eef4881df0e40054f3f,Authenticated GitHub snapshot ChandraguptSharma07/matrix-multiplication-tensor-3x3,Original archive CRC and member SHA256 verified
352411,E04,06-data,General / shared,Original pinned GitHub repository; static role inference,kaggle/analysis/core1809/task1.json,,contestants\E04\13-archives\GitHub-original-479c2416b6261ee841052eef4881df0e40054f3f.zip,ChandraguptSharma07-matrix-multiplication-tensor-3x3-479c2416b6261ee841052eef4881df0e40054f3f/kaggle/analysis/core1809/task1.json,250,822b0349cef31d531d6d88efc54e5ff504cebba4fade1f759eba48f574fc9041,3c046529,479c2416b6261ee841052eef4881df0e40054f3f,Authenticated GitHub snapshot ChandraguptSharma07/matrix-multiplication-tensor-3x3,Original archive CRC and member SHA256 verified
352412,E04,06-data,General / shared,Original pinned GitHub repository; static role inference,kaggle/analysis/core1809/task1_out.txt,,contestants\E04\13-archives\GitHub-original-479c2416b6261ee841052eef4881df0e40054f3f.zip,ChandraguptSharma07-matrix-multiplication-tensor-3x3-479c2416b6261ee841052eef4881df0e40054f3f/kaggle/analysis/core1809/task1_out.txt,611,b817b095fa9e3e690383dcb211d04f0f28f0f3daa665cda0d3e7677752c48c00,64e5fb26,479c2416b6261ee841052eef4881df0e40054f3f,Authenticated GitHub snapshot ChandraguptSharma07/matrix-multiplication-tensor-3x3,Original archive CRC and member SHA256 verified
352414,E04,06-data,General / shared,Original pinned GitHub repository; static role inference,kaggle/analysis/core1809/task3_align.json,,contestants\E04\13-archives\GitHub-original-479c2416b6261ee841052eef4881df0e40054f3f.zip,ChandraguptSharma07-matrix-multiplication-tensor-3x3-479c2416b6261ee841052eef4881df0e40054f3f/kaggle/analysis/core1809/task3_align.json,15583,19dd48ccb21b772bb6d44aa8fb0575301bc3f6cd73bc1b93b9dc37b89d44b570,49b6be83,479c2416b6261ee841052eef4881df0e40054f3f,Authenticated GitHub snapshot ChandraguptSharma07/matrix-multiplication-tensor-3x3,Original archive CRC and member SHA256 verified
352416,E04,06-data,General / shared,Original pinned GitHub repository; static role inference,kaggle/analysis/core1809/task3_align_out.txt,,contestants\E04\13-archives\GitHub-original-479c2416b6261ee841052eef4881df0e40054f3f.zip,ChandraguptSharma07-matrix-multiplication-tensor-3x3-479c2416b6261ee841052eef4881df0e40054f3f/kaggle/analysis/core1809/task3_align_out.txt,22697,881e3c580706b1374da93a5b9b0ebad64c71e28460e9753d340a638ce6a9e0c2,394e186d,479c2416b6261ee841052eef4881df0e40054f3f,Authenticated GitHub snapshot ChandraguptSharma07/matrix-multiplication-tensor-3x3,Original archive CRC and member SHA256 verified
352417,E04,06-data,General / shared,Original pinned GitHub repository; static role inference,kaggle/analysis/core1809/task3_exact.json,,contestants\E04\13-archives\GitHub-original-479c2416b6261ee841052eef4881df0e40054f3f.zip,ChandraguptSharma07-matrix-multiplication-tensor-3x3-479c2416b6261ee841052eef4881df0e40054f3f/kaggle/analysis/core1809/task3_exact.json,1553,a0944301468b4b74d2aa59e6ddfa35cdfda546d1a96f7595c4f8a87f0a6dba5b,dff08934,479c2416b6261ee841052eef4881df0e40054f3f,Authenticated GitHub snapshot ChandraguptSharma07/matrix-multiplication-tensor-3x3,Original archive CRC and member SHA256 verified
352419,E04,06-data,General / shared,Original pinned GitHub repository; static role inference,kaggle/analysis/core1809/task3_exact_out.txt,,contestants\E04\13-archives\GitHub-original-479c2416b6261ee841052eef4881df0e40054f3f.zip,ChandraguptSharma07-matrix-multiplication-tensor-3x3-479c2416b6261ee841052eef4881df0e40054f3f/kaggle/analysis/core1809/task3_exact_out.txt,1100,af00357bcc286587f0210a42ba2e77b48c8fb2224a1d2db3295e8695b82ee67d,b27b54dc,479c2416b6261ee841052eef4881df0e40054f3f,Authenticated GitHub snapshot ChandraguptSharma07/matrix-multiplication-tensor-3x3,Original archive CRC and member SHA256 verified
352421,E04,06-data,General / shared,Original pinned GitHub repository; static role inference,kaggle/analysis/core1809/task4_core_out.txt,,contestants\E04\13-archives\GitHub-original-479c2416b6261ee841052eef4881df0e40054f3f.zip,ChandraguptSharma07-matrix-multiplication-tensor-3x3-479c2416b6261ee841052eef4881df0e40054f3f/kaggle/analysis/core1809/task4_core_out.txt,6173,d057ce190bf2156d72f4cc49f7cd2ff49c472e9aef82457dc2aadd149240cc17,2000e9af,479c2416b6261ee841052eef4881df0e40054f3f,Authenticated GitHub snapshot ChandraguptSharma07/matrix-multiplication-tensor-3x3,Original archive CRC and member SHA256 verified
352422,E04,06-data,General / shared,Original pinned GitHub repository; static role inference,kaggle/analysis/core1809/task5_entries.jsonl,,contestants\E04\13-archives\GitHub-original-479c2416b6261ee841052eef4881df0e40054f3f.zip,ChandraguptSharma07-matrix-multiplication-tensor-3x3-479c2416b6261ee841052eef4881df0e40054f3f/kaggle/analysis/core1809/task5_entries.jsonl,41062,7a239db7b7ec42a6e6fb76892fe2dc2c52849f63011bb61c5f989848e404e501,41d068e4,479c2416b6261ee841052eef4881df0e40054f3f,Authenticated GitHub snapshot ChandraguptSharma07/matrix-multiplication-tensor-3x3,Original archive CRC and member SHA256 verified
352426,E04,06-data,General / shared,Original pinned GitHub repository; static role inference,kaggle/analysis/core1809/trace_family.json,,contestants\E04\13-archives\GitHub-original-479c2416b6261ee841052eef4881df0e40054f3f.zip,ChandraguptSharma07-matrix-multiplication-tensor-3x3-479c2416b6261ee841052eef4881df0e40054f3f/kaggle/analysis/core1809/trace_family.json,45584,a26057b1e2fa5c39dd8dfc25c3e760c714588d4ff0d395c38aa580b59d5f1f95,64f5ded3,479c2416b6261ee841052eef4881df0e40054f3f,Authenticated GitHub snapshot ChandraguptSharma07/matrix-multiplication-tensor-3x3,Original archive CRC and member SHA256 verified
352428,E04,06-data,General / shared,Original pinned GitHub repository; static role inference,kaggle/analysis/core1809/trace_family_out.txt,,contestants\E04\13-archives\GitHub-original-479c2416b6261ee841052eef4881df0e40054f3f.zip,ChandraguptSharma07-matrix-multiplication-tensor-3x3-479c2416b6261ee841052eef4881df0e40054f3f/kaggle/analysis/core1809/trace_family_out.txt,1803,e72cb998e6c20eaaea4f61c41525e0aad815e8aef5c08919c292ac753eeb236e,0713ce3e,479c2416b6261ee841052eef4881df0e40054f3f,Authenticated GitHub snapshot ChandraguptSharma07/matrix-multiplication-tensor-3x3,Original archive CRC and member SHA256 verified
352429,E04,06-data,General / shared,Original pinned GitHub repository; static role inference,kaggle/analysis/core1809_hits.json,,contestants\E04\13-archives\GitHub-original-479c2416b6261ee841052eef4881df0e40054f3f.zip,ChandraguptSharma07-matrix-multiplication-tensor-3x3-479c2416b6261ee841052eef4881df0e40054f3f/kaggle/analysis/core1809_hits.json,2931,863ff4f94f6a77bac19deb66b73f4b5d7d71cbafb7426eaf37e052dc7040dbf3,6a57991c,479c2416b6261ee841052eef4881df0e40054f3f,Authenticated GitHub snapshot ChandraguptSharma07/matrix-multiplication-tensor-3x3,Original archive CRC and member SHA256 verified
352435,E04,06-data,General / shared,Original pinned GitHub repository; static role inference,kaggle/analysis/cost/bench_batch.txt,,contestants\E04\13-archives\GitHub-original-479c2416b6261ee841052eef4881df0e40054f3f.zip,ChandraguptSharma07-matrix-multiplication-tensor-3x3-479c2416b6261ee841052eef4881df0e40054f3f/kaggle/analysis/cost/bench_batch.txt,2276,aea22f09862e77cb99a706ddae095ab14d0e03b8dd91eab89392d850abccc52d,613456e9,479c2416b6261ee841052eef4881df0e40054f3f,Authenticated GitHub snapshot ChandraguptSharma07/matrix-multiplication-tensor-3x3,Original archive CRC and member SHA256 verified
352437,E04,06-data,General / shared,Original pinned GitHub repository; static role inference,kaggle/analysis/cost/bench_rec.txt,,contestants\E04\13-archives\GitHub-original-479c2416b6261ee841052eef4881df0e40054f3f.zip,ChandraguptSharma07-matrix-multiplication-tensor-3x3-479c2416b6261ee841052eef4881df0e40054f3f/kaggle/analysis/cost/bench_rec.txt,1138,1373d41d82c84c886c801c73429bbe5b33f496fe1d5557dd35ec363ca53bc050,a9c3e34c,479c2416b6261ee841052eef4881df0e40054f3f,Authenticated GitHub snapshot ChandraguptSharma07/matrix-multiplication-tensor-3x3,Original archive CRC and member SHA256 verified
352440,E04,06-data,General / shared,Original pinned GitHub repository; static role inference,kaggle/analysis/cost/bench_run2.txt,,contestants\E04\13-archives\GitHub-original-479c2416b6261ee841052eef4881df0e40054f3f.zip,ChandraguptSharma07-matrix-multiplication-tensor-3x3-479c2416b6261ee841052eef4881df0e40054f3f/kaggle/analysis/cost/bench_run2.txt,2540,bef4cbccbf47a278c2bd220357b972b3b1440e5d90d514a856f911300b8e8757,8f30c534,479c2416b6261ee841052eef4881df0e40054f3f,Authenticated GitHub snapshot ChandraguptSharma07/matrix-multiplication-tensor-3x3,Original archive CRC and member SHA256 verified
352441,E04,06-data,General / shared,Original pinned GitHub repository; static role inference,kaggle/analysis/cost/counts.json,,contestants\E04\13-archives\GitHub-original-479c2416b6261ee841052eef4881df0e40054f3f.zip,ChandraguptSharma07-matrix-multiplication-tensor-3x3-479c2416b6261ee841052eef4881df0e40054f3f/kaggle/analysis/cost/counts.json,980,f7766bff0c45c5dcd3a5e8f3545a658c9fa1fad7376ac91c45074535fbdfe809,7d5dc058,479c2416b6261ee841052eef4881df0e40054f3f,Authenticated GitHub snapshot ChandraguptSharma07/matrix-multiplication-tensor-3x3,Original archive CRC and member SHA256 verified
352448,E04,06-data,General / shared,Original pinned GitHub repository; static role inference,kaggle/analysis/curve_end_m_0_12_6.npy,,contestants\E04\13-archives\GitHub-original-479c2416b6261ee841052eef4881df0e40054f3f.zip,ChandraguptSharma07-matrix-multiplication-tensor-3x3-479c2416b6261ee841052eef4881df0e40054f3f/kaggle/analysis/curve_end_m_0_12_6.npy,5096,05685b37ba5c64a2f22fbcd080056e652f0da6ad2b45c356a7007cd45079bf18,27d1d5f6,479c2416b6261ee841052eef4881df0e40054f3f,Authenticated GitHub snapshot ChandraguptSharma07/matrix-multiplication-tensor-3x3,Original archive CRC and member SHA256 verified
352449,E04,06-data,General / shared,Original pinned GitHub repository; static role inference,kaggle/analysis/curve_end_p_0_12_6.npy,,contestants\E04\13-archives\GitHub-original-479c2416b6261ee841052eef4881df0e40054f3f.zip,ChandraguptSharma07-matrix-multiplication-tensor-3x3-479c2416b6261ee841052eef4881df0e40054f3f/kaggle/analysis/curve_end_p_0_12_6.npy,5096,c09b1a19405dfa2cde3a6d3f2a8d188beed445019ffefb9a6c163215efb9b4b1,87642dc1,479c2416b6261ee841052eef4881df0e40054f3f,Authenticated GitHub snapshot ChandraguptSharma07/matrix-multiplication-tensor-3x3,Original archive CRC and member SHA256 verified
352451,E04,06-data,General / shared,Original pinned GitHub repository; static role inference,kaggle/analysis/curve_exact_out.txt,,contestants\E04\13-archives\GitHub-original-479c2416b6261ee841052eef4881df0e40054f3f.zip,ChandraguptSharma07-matrix-multiplication-tensor-3x3-479c2416b6261ee841052eef4881df0e40054f3f/kaggle/analysis/curve_exact_out.txt,852,294dc2aa8a785ab7387fe447397b99ca38c27ff88f42b8d74e0fad5e6f2ed495,53214b79,479c2416b6261ee841052eef4881df0e40054f3f,Authenticated GitHub snapshot ChandraguptSharma07/matrix-multiplication-tensor-3x3,Original archive CRC and member SHA256 verified
352452,E04,06-data,General / shared,Original pinned GitHub repository; static role inference,kaggle/analysis/curve_out.txt,,contestants\E04\13-archives\GitHub-original-479c2416b6261ee841052eef4881df0e40054f3f.zip,ChandraguptSharma07-matrix-multiplication-tensor-3x3-479c2416b6261ee841052eef4881df0e40054f3f/kaggle/analysis/curve_out.txt,7541,d0e878168834762246e01f892a8a410f2e1fcebb330260af35c5d2c2b5042bc6,1b13bf0a,479c2416b6261ee841052eef4881df0e40054f3f,Authenticated GitHub snapshot ChandraguptSharma07/matrix-multiplication-tensor-3x3,Original archive CRC and member SHA256 verified
352454,E04,06-data,General / shared,Original pinned GitHub repository; static role inference,kaggle/analysis/curve_rational_out.txt,,contestants\E04\13-archives\GitHub-original-479c2416b6261ee841052eef4881df0e40054f3f.zip,ChandraguptSharma07-matrix-multiplication-tensor-3x3-479c2416b6261ee841052eef4881df0e40054f3f/kaggle/analysis/curve_rational_out.txt,1571,8e0a7ed9a55121131e65e378a7850c33aa469f48ab15b13ac5a9c3458d096af0,941dec88,479c2416b6261ee841052eef4881df0e40054f3f,Authenticated GitHub snapshot ChandraguptSharma07/matrix-multiplication-tensor-3x3,Original archive CRC and member SHA256 verified
352458,E04,06-data,General / shared,Original pinned GitHub repository; static role inference,kaggle/analysis/distinct_any.json,,contestants\E04\13-archives\GitHub-original-479c2416b6261ee841052eef4881df0e40054f3f.zip,ChandraguptSharma07-matrix-multiplication-tensor-3x3-479c2416b6261ee841052eef4881df0e40054f3f/kaggle/analysis/distinct_any.json,54301,996ae4e7541804bd0aa9a1246c0c20434ee7b2b9e3f3a902caaafc93b1835edd,dd2be2ac,479c2416b6261ee841052eef4881df0e40054f3f,Authenticated GitHub snapshot ChandraguptSharma07/matrix-multiplication-tensor-3x3,Original archive CRC and member SHA256 verified
352459,E04,06-data,General / shared,Original pinned GitHub repository; static role inference,kaggle/analysis/distinct_schemes.json,,contestants\E04\13-archives\GitHub-original-479c2416b6261ee841052eef4881df0e40054f3f.zip,ChandraguptSharma07-matrix-multiplication-tensor-3x3-479c2416b6261ee841052eef4881df0e40054f3f/kaggle/analysis/distinct_schemes.json,7084,a2dae8e812955ede407ac6a0173e8b011909ac132e39d98f904c33364b77c4bc,e71ecef8,479c2416b6261ee841052eef4881df0e40054f3f,Authenticated GitHub snapshot ChandraguptSharma07/matrix-multiplication-tensor-3x3,Original archive CRC and member SHA256 verified
352460,E04,06-data,General / shared,Original pinned GitHub repository; static role inference,kaggle/analysis/distinct_schemes_index.json,,contestants\E04\13-archives\GitHub-original-479c2416b6261ee841052eef4881df0e40054f3f.zip,ChandraguptSharma07-matrix-multiplication-tensor-3x3-479c2416b6261ee841052eef4881df0e40054f3f/kaggle/analysis/distinct_schemes_index.json,565194,e697cb2c10cdde383f422b01a2c91f3d4d58da312c1d89e376868febde3a4ba9,de6d509c,479c2416b6261ee841052eef4881df0e40054f3f,Authenticated GitHub snapshot ChandraguptSharma07/matrix-multiplication-tensor-3x3,Original archive CRC and member SHA256 verified
352461,E04,06-data,General / shared,Original pinned GitHub repository; static role inference,kaggle/analysis/family.json,,contestants\E04\13-archives\GitHub-original-479c2416b6261ee841052eef4881df0e40054f3f.zip,ChandraguptSharma07-matrix-multiplication-tensor-3x3-479c2416b6261ee841052eef4881df0e40054f3f/kaggle/analysis/family.json,9725,1292b2a167cf8f8473206e04c183dbd9eb4955872d5063b50f5ec8e28a6a35f9,94e61395,479c2416b6261ee841052eef4881df0e40054f3f,Authenticated GitHub snapshot ChandraguptSharma07/matrix-multiplication-tensor-3x3,Original archive CRC and member SHA256 verified
352463,E04,06-data,General / shared,Original pinned GitHub repository; static role inference,kaggle/analysis/family_out.txt,,contestants\E04\13-archives\GitHub-original-479c2416b6261ee841052eef4881df0e40054f3f.zip,ChandraguptSharma07-matrix-multiplication-tensor-3x3-479c2416b6261ee841052eef4881df0e40054f3f/kaggle/analysis/family_out.txt,8039,73a5aad8ac7da6753084ee51d191b131d7fa26d57e4d1458a1616be1e97dff48,fbc4a875,479c2416b6261ee841052eef4881df0e40054f3f,Authenticated GitHub snapshot ChandraguptSharma07/matrix-multiplication-tensor-3x3,Original archive CRC and member SHA256 verified
352474,E04,06-data,General / shared,Original pinned GitHub repository; static role inference,kaggle/analysis/family_rational.json,,contestants\E04\13-archives\GitHub-original-479c2416b6261ee841052eef4881df0e40054f3f.zip,ChandraguptSharma07-matrix-multiplication-tensor-3x3-479c2416b6261ee841052eef4881df0e40054f3f/kaggle/analysis/family_rational.json,4766,267e2432d549ba7388a9165b2e3710031884a733ab6134a9ef4aba102ebd9a93,b939a114,479c2416b6261ee841052eef4881df0e40054f3f,Authenticated GitHub snapshot ChandraguptSharma07/matrix-multiplication-tensor-3x3,Original archive CRC and member SHA256 verified
352476,E04,06-data,General / shared,Original pinned GitHub repository; static role inference,kaggle/analysis/followup_e135.json,,contestants\E04\13-archives\GitHub-original-479c2416b6261ee841052eef4881df0e40054f3f.zip,ChandraguptSharma07-matrix-multiplication-tensor-3x3-479c2416b6261ee841052eef4881df0e40054f3f/kaggle/analysis/followup_e135.json,1258,08299ac37b70d9a9b8f9c14763e8eeecd1a1cf871f910ef30a1a50d35f45ea54,341cc462,479c2416b6261ee841052eef4881df0e40054f3f,Authenticated GitHub snapshot ChandraguptSharma07/matrix-multiplication-tensor-3x3,Original archive CRC and member SHA256 verified
352477,E04,06-data,General / shared,Original pinned GitHub repository; static role inference,kaggle/analysis/followup_e135.npy,,contestants\E04\13-archives\GitHub-original-479c2416b6261ee841052eef4881df0e40054f3f.zip,ChandraguptSharma07-matrix-multiplication-tensor-3x3-479c2416b6261ee841052eef4881df0e40054f3f/kaggle/analysis/followup_e135.npy,5096,fe8233a5e85ee7a51f8a81955a0fc8ce01e9500481b17c2ab2f473b7f8f9c8b7,8dab8a9b,479c2416b6261ee841052eef4881df0e40054f3f,Authenticated GitHub snapshot ChandraguptSharma07/matrix-multiplication-tensor-3x3,Original archive CRC and member SHA256 verified
352478,E04,06-data,General / shared,Original pinned GitHub repository; static role inference,kaggle/analysis/followup_e15.json,,contestants\E04\13-archives\GitHub-original-479c2416b6261ee841052eef4881df0e40054f3f.zip,ChandraguptSharma07-matrix-multiplication-tensor-3x3-479c2416b6261ee841052eef4881df0e40054f3f/kaggle/analysis/followup_e15.json,2235,a5ae97eb35c15692e25141261cbf7df3f27880c0d8843ac454162739eb552ddd,4b79db4c,479c2416b6261ee841052eef4881df0e40054f3f,Authenticated GitHub snapshot ChandraguptSharma07/matrix-multiplication-tensor-3x3,Original archive CRC and member SHA256 verified
352479,E04,06-data,General / shared,Original pinned GitHub repository; static role inference,kaggle/analysis/followup_e15.npy,,contestants\E04\13-archives\GitHub-original-479c2416b6261ee841052eef4881df0e40054f3f.zip,ChandraguptSharma07-matrix-multiplication-tensor-3x3-479c2416b6261ee841052eef4881df0e40054f3f/kaggle/analysis/followup_e15.npy,5096,6a10c81c0c75956f0a4e4dfb029487910c0e59e512cf94aa63ff3c1668390911,7ca47211,479c2416b6261ee841052eef4881df0e40054f3f,Authenticated GitHub snapshot ChandraguptSharma07/matrix-multiplication-tensor-3x3,Original archive CRC and member SHA256 verified
352481,E04,06-data,General / shared,Original pinned GitHub repository; static role inference,kaggle/analysis/gauge_min_out.txt,,contestants\E04\13-archives\GitHub-original-479c2416b6261ee841052eef4881df0e40054f3f.zip,ChandraguptSharma07-matrix-multiplication-tensor-3x3-479c2416b6261ee841052eef4881df0e40054f3f/kaggle/analysis/gauge_min_out.txt,217,8d7a345595cf14e3004961c495310075baa9f09f859b656612d54d73cd6cddc6,f00e0693,479c2416b6261ee841052eef4881df0e40054f3f,Authenticated GitHub snapshot ChandraguptSharma07/matrix-multiplication-tensor-3x3,Original archive CRC and member SHA256 verified
352485,E04,06-data,General / shared,Original pinned GitHub repository; static role inference,kaggle/analysis/lift139/exotic139_A_gauge.npy,,contestants\E04\13-archives\GitHub-original-479c2416b6261ee841052eef4881df0e40054f3f.zip,ChandraguptSharma07-matrix-multiplication-tensor-3x3-479c2416b6261ee841052eef4881df0e40054f3f/kaggle/analysis/lift139/exotic139_A_gauge.npy,5096,fcf5c963cc4093979304a1b026a1be8bbea32756bb6f5864e6d4c2d66880265b,97430b0b,479c2416b6261ee841052eef4881df0e40054f3f,Authenticated GitHub snapshot ChandraguptSharma07/matrix-multiplication-tensor-3x3,Original archive CRC and member SHA256 verified
352486,E04,06-data,General / shared,Original pinned GitHub repository; static role inference,kaggle/analysis/lift139/exotic139_A_gf3.json,,contestants\E04\13-archives\GitHub-original-479c2416b6261ee841052eef4881df0e40054f3f.zip,ChandraguptSharma07-matrix-multiplication-tensor-3x3-479c2416b6261ee841052eef4881df0e40054f3f/kaggle/analysis/lift139/exotic139_A_gf3.json,688,e4f60eb9aaaf5ac1b632a80dd5ebecd23f0d00d5e8cbbfceb0fdb00c853ba183,47a8a801,479c2416b6261ee841052eef4881df0e40054f3f,Authenticated GitHub snapshot ChandraguptSharma07/matrix-multiplication-tensor-3x3,Original archive CRC and member SHA256 verified
352487,E04,06-data,General / shared,Original pinned GitHub repository; static role inference,kaggle/analysis/lift139/exotic139_A_lift.npy,,contestants\E04\13-archives\GitHub-original-479c2416b6261ee841052eef4881df0e40054f3f.zip,ChandraguptSharma07-matrix-multiplication-tensor-3x3-479c2416b6261ee841052eef4881df0e40054f3f/kaggle/analysis/lift139/exotic139_A_lift.npy,5096,2975a935d8ca3505eccfe31e9444dba9459b1161a6dbb8018cd119dff33b56fa,d9c49b9b,479c2416b6261ee841052eef4881df0e40054f3f,Authenticated GitHub snapshot ChandraguptSharma07/matrix-multiplication-tensor-3x3,Original archive CRC and member SHA256 verified
352488,E04,06-data,General / shared,Original pinned GitHub repository; static role inference,kaggle/analysis/lift139/exotic139_A_lift_log.json,,contestants\E04\13-archives\GitHub-original-479c2416b6261ee841052eef4881df0e40054f3f.zip,ChandraguptSharma07-matrix-multiplication-tensor-3x3-479c2416b6261ee841052eef4881df0e40054f3f/kaggle/analysis/lift139/exotic139_A_lift_log.json,2942,35ed4e0b0dde4a841cfaa939877e1f43a9bda61beaa9ab3cb52cd5719d44f867,c7d08d2b,479c2416b6261ee841052eef4881df0e40054f3f,Authenticated GitHub snapshot ChandraguptSharma07/matrix-multiplication-tensor-3x3,Original archive CRC and member SHA256 verified
352489,E04,06-data,General / shared,Original pinned GitHub repository; static role inference,kaggle/analysis/lift139/exotic139_A_meta.json,,contestants\E04\13-archives\GitHub-original-479c2416b6261ee841052eef4881df0e40054f3f.zip,ChandraguptSharma07-matrix-multiplication-tensor-3x3-479c2416b6261ee841052eef4881df0e40054f3f/kaggle/analysis/lift139/exotic139_A_meta.json,2367,5297f1343bc82afcdb1435c3344bd17df47a8286e4fa6ce0630aa6bdd108e8b7,0a56b386,479c2416b6261ee841052eef4881df0e40054f3f,Authenticated GitHub snapshot ChandraguptSharma07/matrix-multiplication-tensor-3x3,Original archive CRC and member SHA256 verified
352490,E04,06-data,General / shared,Original pinned GitHub repository; static role inference,kaggle/analysis/lift139/exotic139_A_snapped.npy,,contestants\E04\13-archives\GitHub-original-479c2416b6261ee841052eef4881df0e40054f3f.zip,ChandraguptSharma07-matrix-multiplication-tensor-3x3-479c2416b6261ee841052eef4881df0e40054f3f/kaggle/analysis/lift139/exotic139_A_snapped.npy,5096,7eb76e01bc6d52efd9300ff89f3086a430736d8c32706032bf50755941739a8c,ff22cedc,479c2416b6261ee841052eef4881df0e40054f3f,Authenticated GitHub snapshot ChandraguptSharma07/matrix-multiplication-tensor-3x3,Original archive CRC and member SHA256 verified
352492,E04,06-data,General / shared,Original pinned GitHub repository; static role inference,kaggle/analysis/lift139/exotic139_B_gauge.npy,,contestants\E04\13-archives\GitHub-original-479c2416b6261ee841052eef4881df0e40054f3f.zip,ChandraguptSharma07-matrix-multiplication-tensor-3x3-479c2416b6261ee841052eef4881df0e40054f3f/kaggle/analysis/lift139/exotic139_B_gauge.npy,5096,a0d6b9c3a84332479bd4c8b141ae635a36ee69a4ebe1ae34f0a079b7bf652cd8,a924442d,479c2416b6261ee841052eef4881df0e40054f3f,Authenticated GitHub snapshot ChandraguptSharma07/matrix-multiplication-tensor-3x3,Original archive CRC and member SHA256 verified
352493,E04,06-data,General / shared,Original pinned GitHub repository; static role inference,kaggle/analysis/lift139/exotic139_B_gf3.json,,contestants\E04\13-archives\GitHub-original-479c2416b6261ee841052eef4881df0e40054f3f.zip,ChandraguptSharma07-matrix-multiplication-tensor-3x3-479c2416b6261ee841052eef4881df0e40054f3f/kaggle/analysis/lift139/exotic139_B_gf3.json,688,2a407177aeb5e00040dbd23b46506e43db34c5ce738a46a8b295b88f1cf54f65,0a173431,479c2416b6261ee841052eef4881df0e40054f3f,Authenticated GitHub snapshot ChandraguptSharma07/matrix-multiplication-tensor-3x3,Original archive CRC and member SHA256 verified
352494,E04,06-data,General / shared,Original pinned GitHub repository; static role inference,kaggle/analysis/lift139/exotic139_B_lift.npy,,contestants\E04\13-archives\GitHub-original-479c2416b6261ee841052eef4881df0e40054f3f.zip,ChandraguptSharma07-matrix-multiplication-tensor-3x3-479c2416b6261ee841052eef4881df0e40054f3f/kaggle/analysis/lift139/exotic139_B_lift.npy,5096,cff4b9a27365cdf42dd0cb2f0a6e8962c3798a765e7c7416b59a8a4de784b2b7,d6bb3a59,479c2416b6261ee841052eef4881df0e40054f3f,Authenticated GitHub snapshot ChandraguptSharma07/matrix-multiplication-tensor-3x3,Original archive CRC and member SHA256 verified
352495,E04,06-data,General / shared,Original pinned GitHub repository; static role inference,kaggle/analysis/lift139/exotic139_B_lift_log.json,,contestants\E04\13-archives\GitHub-original-479c2416b6261ee841052eef4881df0e40054f3f.zip,ChandraguptSharma07-matrix-multiplication-tensor-3x3-479c2416b6261ee841052eef4881df0e40054f3f/kaggle/analysis/lift139/exotic139_B_lift_log.json,2944,024bb1dba2cfd0a82774648fe91eb9206bf24760e42ddf2bd1a94f2656d47630,2d5682c6,479c2416b6261ee841052eef4881df0e40054f3f,Authenticated GitHub snapshot ChandraguptSharma07/matrix-multiplication-tensor-3x3,Original archive CRC and member SHA256 verified
352496,E04,06-data,General / shared,Original pinned GitHub repository; static role inference,kaggle/analysis/lift139/exotic139_B_meta.json,,contestants\E04\13-archives\GitHub-original-479c2416b6261ee841052eef4881df0e40054f3f.zip,ChandraguptSharma07-matrix-multiplication-tensor-3x3-479c2416b6261ee841052eef4881df0e40054f3f/kaggle/analysis/lift139/exotic139_B_meta.json,2367,f476681660d36ea7a1e9be409e4b3b4b78e4341919883ccef8655813a5cf07c3,186ef022,479c2416b6261ee841052eef4881df0e40054f3f,Authenticated GitHub snapshot ChandraguptSharma07/matrix-multiplication-tensor-3x3,Original archive CRC and member SHA256 verified
352497,E04,06-data,General / shared,Original pinned GitHub repository; static role inference,kaggle/analysis/lift139/exotic139_B_snapped.npy,,contestants\E04\13-archives\GitHub-original-479c2416b6261ee841052eef4881df0e40054f3f.zip,ChandraguptSharma07-matrix-multiplication-tensor-3x3-479c2416b6261ee841052eef4881df0e40054f3f/kaggle/analysis/lift139/exotic139_B_snapped.npy,5096,dfa07cfdc2116f8d5233ab7a1ff100a07e21e4e4977e44d439e7571212ea3d66,c71dac94,479c2416b6261ee841052eef4881df0e40054f3f,Authenticated GitHub snapshot ChandraguptSharma07/matrix-multiplication-tensor-3x3,Original archive CRC and member SHA256 verified
352499,E04,06-data,General / shared,Original pinned GitHub repository; static role inference,kaggle/analysis/lift139/famdim_out.txt,,contestants\E04\13-archives\GitHub-original-479c2416b6261ee841052eef4881df0e40054f3f.zip,ChandraguptSharma07-matrix-multiplication-tensor-3x3-479c2416b6261ee841052eef4881df0e40054f3f/kaggle/analysis/lift139/famdim_out.txt,1441,2d1d123216f796af49b3f56bac9285731d0e34c58c6befc02eef51287658bc6f,7b7bf636,479c2416b6261ee841052eef4881df0e40054f3f,Authenticated GitHub snapshot ChandraguptSharma07/matrix-multiplication-tensor-3x3,Original archive CRC and member SHA256 verified
352501,E04,06-data,General / shared,Original pinned GitHub repository; static role inference,kaggle/analysis/lift139/lift_A_out.txt,,contestants\E04\13-archives\GitHub-original-479c2416b6261ee841052eef4881df0e40054f3f.zip,ChandraguptSharma07-matrix-multiplication-tensor-3x3-479c2416b6261ee841052eef4881df0e40054f3f/kaggle/analysis/lift139/lift_A_out.txt,1738,cd0a0d43d35a1b249a43b2cc6a21deb21f0457cd6520c6b4db57c089b1b2c883,a5944e1a,479c2416b6261ee841052eef4881df0e40054f3f,Authenticated GitHub snapshot ChandraguptSharma07/matrix-multiplication-tensor-3x3,Original archive CRC and member SHA256 verified
352502,E04,06-data,General / shared,Original pinned GitHub repository; static role inference,kaggle/analysis/lift139/lift_B_out.txt,,contestants\E04\13-archives\GitHub-original-479c2416b6261ee841052eef4881df0e40054f3f.zip,ChandraguptSharma07-matrix-multiplication-tensor-3x3-479c2416b6261ee841052eef4881df0e40054f3f/kaggle/analysis/lift139/lift_B_out.txt,1753,e008fa1c8ea3a97a69b48c9ebdf2a2eb3b5f938f88a6decf438774e8081d990e,e6c2aa7b,479c2416b6261ee841052eef4881df0e40054f3f,Authenticated GitHub snapshot ChandraguptSharma07/matrix-multiplication-tensor-3x3,Original archive CRC and member SHA256 verified
352504,E04,06-data,General / shared,Original pinned GitHub repository; static role inference,kaggle/analysis/lift139/relations_out.txt,,contestants\E04\13-archives\GitHub-original-479c2416b6261ee841052eef4881df0e40054f3f.zip,ChandraguptSharma07-matrix-multiplication-tensor-3x3-479c2416b6261ee841052eef4881df0e40054f3f/kaggle/analysis/lift139/relations_out.txt,6632,1b805597597093c0ce7b65febff8faa63df872abc3ad5f28ad8ba31931526449,a61775ea,479c2416b6261ee841052eef4881df0e40054f3f,Authenticated GitHub snapshot ChandraguptSharma07/matrix-multiplication-tensor-3x3,Original archive CRC and member SHA256 verified
352509,E04,06-data,General / shared,Original pinned GitHub repository; static role inference,kaggle/analysis/local_opt_entries.jsonl,,contestants\E04\13-archives\GitHub-original-479c2416b6261ee841052eef4881df0e40054f3f.zip,ChandraguptSharma07-matrix-multiplication-tensor-3x3-479c2416b6261ee841052eef4881df0e40054f3f/kaggle/analysis/local_opt_entries.jsonl,39267,219d6f44d25b19e1c119e7d2173f549ac0c979facccbbf16f82561761bb25391,57c1c717,479c2416b6261ee841052eef4881df0e40054f3f,Authenticated GitHub snapshot ChandraguptSharma07/matrix-multiplication-tensor-3x3,Original archive CRC and member SHA256 verified
352511,E04,06-data,General / shared,Original pinned GitHub repository; static role inference,kaggle/analysis/local_opt_terms.jsonl,,contestants\E04\13-archives\GitHub-original-479c2416b6261ee841052eef4881df0e40054f3f.zip,ChandraguptSharma07-matrix-multiplication-tensor-3x3-479c2416b6261ee841052eef4881df0e40054f3f/kaggle/analysis/local_opt_terms.jsonl,7894,34e2e6079db20d8b2e0c902242e26b29134b3b3a54fbbab8fc77d93da0433638,5439fe00,479c2416b6261ee841052eef4881df0e40054f3f,Authenticated GitHub snapshot ChandraguptSharma07/matrix-multiplication-tensor-3x3,Original archive CRC and member SHA256 verified
352517,E04,06-data,General / shared,Original pinned GitHub repository; static role inference,kaggle/analysis/metrics_out.txt,,contestants\E04\13-archives\GitHub-original-479c2416b6261ee841052eef4881df0e40054f3f.zip,ChandraguptSharma07-matrix-multiplication-tensor-3x3-479c2416b6261ee841052eef4881df0e40054f3f/kaggle/analysis/metrics_out.txt,1366,6ff4ec1e96494c848116978aaafc87701f5aa689ebcc963e2a8a1d27a179a383,907bad62,479c2416b6261ee841052eef4881df0e40054f3f,Authenticated GitHub snapshot ChandraguptSharma07/matrix-multiplication-tensor-3x3,Original archive CRC and member SHA256 verified
352519,E04,06-data,General / shared,Original pinned GitHub repository; static role inference,kaggle/analysis/probe_limit_e135.txt,,contestants\E04\13-archives\GitHub-original-479c2416b6261ee841052eef4881df0e40054f3f.zip,ChandraguptSharma07-matrix-multiplication-tensor-3x3-479c2416b6261ee841052eef4881df0e40054f3f/kaggle/analysis/probe_limit_e135.txt,616,132682d596b9aa976d9c500070537f94347b7f8c334a260dc5b85b82b21d6bcf,95d8f0c5,479c2416b6261ee841052eef4881df0e40054f3f,Authenticated GitHub snapshot ChandraguptSharma07/matrix-multiplication-tensor-3x3,Original archive CRC and member SHA256 verified
352521,E04,06-data,General / shared,Original pinned GitHub repository; static role inference,kaggle/analysis/structure.json,,contestants\E04\13-archives\GitHub-original-479c2416b6261ee841052eef4881df0e40054f3f.zip,ChandraguptSharma07-matrix-multiplication-tensor-3x3-479c2416b6261ee841052eef4881df0e40054f3f/kaggle/analysis/structure.json,2793,ea547e9e7bae5d3aee558c65d5398764359cb87cf41a11d9bc7090e6387e024d,f862cc8a,479c2416b6261ee841052eef4881df0e40054f3f,Authenticated GitHub snapshot ChandraguptSharma07/matrix-multiplication-tensor-3x3,Original archive CRC and member SHA256 verified
352525,E04,06-data,General / shared,Original pinned GitHub repository; static role inference,kaggle/analysis/structure2_out.txt,,contestants\E04\13-archives\GitHub-original-479c2416b6261ee841052eef4881df0e40054f3f.zip,ChandraguptSharma07-matrix-multiplication-tensor-3x3-479c2416b6261ee841052eef4881df0e40054f3f/kaggle/analysis/structure2_out.txt,7622,fa58068d1ddd089573c183e27556cd53224fcb1b626ccc019ca592a2817788b4,60122b44,479c2416b6261ee841052eef4881df0e40054f3f,Authenticated GitHub snapshot ChandraguptSharma07/matrix-multiplication-tensor-3x3,Original archive CRC and member SHA256 verified
352526,E04,06-data,General / shared,Original pinned GitHub repository; static role inference,kaggle/analysis/structure_out.txt,,contestants\E04\13-archives\GitHub-original-479c2416b6261ee841052eef4881df0e40054f3f.zip,ChandraguptSharma07-matrix-multiplication-tensor-3x3-479c2416b6261ee841052eef4881df0e40054f3f/kaggle/analysis/structure_out.txt,14437,dc795892f1786f9de5f5c4029596c3fcdca19e8a9449c7440431364bed13ed70,ac393477,479c2416b6261ee841052eef4881df0e40054f3f,Authenticated GitHub snapshot ChandraguptSharma07/matrix-multiplication-tensor-3x3,Original archive CRC and member SHA256 verified
352530,E04,06-data,General / shared,Original pinned GitHub repository; static role inference,kaggle/analysis/tropical_out.txt,,contestants\E04\13-archives\GitHub-original-479c2416b6261ee841052eef4881df0e40054f3f.zip,ChandraguptSharma07-matrix-multiplication-tensor-3x3-479c2416b6261ee841052eef4881df0e40054f3f/kaggle/analysis/tropical_out.txt,8378,ff05405d4d747536f63f305d8633054f1327a83b5a49f675bb914e055efb1e3b,c78a4f39,479c2416b6261ee841052eef4881df0e40054f3f,Authenticated GitHub snapshot ChandraguptSharma07/matrix-multiplication-tensor-3x3,Original archive CRC and member SHA256 verified
352531,E04,06-data,General / shared,Original pinned GitHub repository; static role inference,kaggle/analysis/w5_census_cover.json,,contestants\E04\13-archives\GitHub-original-479c2416b6261ee841052eef4881df0e40054f3f.zip,ChandraguptSharma07-matrix-multiplication-tensor-3x3-479c2416b6261ee841052eef4881df0e40054f3f/kaggle/analysis/w5_census_cover.json,9912,cbd8fed1227473caf295ebc054664dde657686ea552c73439a66e79148894861,a1beb301,479c2416b6261ee841052eef4881df0e40054f3f,Authenticated GitHub snapshot ChandraguptSharma07/matrix-multiplication-tensor-3x3,Original archive CRC and member SHA256 verified
352532,E04,06-data,General / shared,Original pinned GitHub repository; static role inference,kaggle/analysis/w5b_census_cover.json,,contestants\E04\13-archives\GitHub-original-479c2416b6261ee841052eef4881df0e40054f3f.zip,ChandraguptSharma07-matrix-multiplication-tensor-3x3-479c2416b6261ee841052eef4881df0e40054f3f/kaggle/analysis/w5b_census_cover.json,9888,851f5bc91de93517c6faf3f95d7ac4c0c21293d8e324bdbfcc73266b7e10e0c9,1949bb88,479c2416b6261ee841052eef4881df0e40054f3f,Authenticated GitHub snapshot ChandraguptSharma07/matrix-multiplication-tensor-3x3,Original archive CRC and member SHA256 verified
352596,E04,06-data,General / shared,Original pinned GitHub repository; static role inference,kaggle/analysis/walk5/nz138.txt,,contestants\E04\13-archives\GitHub-original-479c2416b6261ee841052eef4881df0e40054f3f.zip,ChandraguptSharma07-matrix-multiplication-tensor-3x3-479c2416b6261ee841052eef4881df0e40054f3f/kaggle/analysis/walk5/nz138.txt,524,a9bd427c1c4b0c1b1c37bbc63408d8c779ade4b6db5d377ea4591490aa3b11a3,df781845,479c2416b6261ee841052eef4881df0e40054f3f,Authenticated GitHub snapshot ChandraguptSharma07/matrix-multiplication-tensor-3x3,Original archive CRC and member SHA256 verified
352602,E04,06-data,General / shared,Original pinned GitHub repository; static role inference,kaggle/results/mm3-smoke-00/summary.json,,contestants\E04\13-archives\GitHub-original-479c2416b6261ee841052eef4881df0e40054f3f.zip,ChandraguptSharma07-matrix-multiplication-tensor-3x3-479c2416b6261ee841052eef4881df0e40054f3f/kaggle/results/mm3-smoke-00/summary.json,364,36494f21f482bbb1e4a65c7c61fffef555ce159d8829f2bca13b9da08a480b0e,c6779adf,479c2416b6261ee841052eef4881df0e40054f3f,Authenticated GitHub snapshot ChandraguptSharma07/matrix-multiplication-tensor-3x3,Original archive CRC and member SHA256 verified
352603,E04,06-data,General / shared,Original pinned GitHub repository; static role inference,kaggle/results/mm3-w1-00/summary.json,,contestants\E04\13-archives\GitHub-original-479c2416b6261ee841052eef4881df0e40054f3f.zip,ChandraguptSharma07-matrix-multiplication-tensor-3x3-479c2416b6261ee841052eef4881df0e40054f3f/kaggle/results/mm3-w1-00/summary.json,375,c0975963a361ad2634d2d67936ccda42f86ebfe7b2740588e53f50c3e51d826c,c9338fac,479c2416b6261ee841052eef4881df0e40054f3f,Authenticated GitHub snapshot ChandraguptSharma07/matrix-multiplication-tensor-3x3,Original archive CRC and member SHA256 verified
352604,E04,06-data,General / shared,Original pinned GitHub repository; static role inference,kaggle/results/mm3-w1-01/summary.json,,contestants\E04\13-archives\GitHub-original-479c2416b6261ee841052eef4881df0e40054f3f.zip,ChandraguptSharma07-matrix-multiplication-tensor-3x3-479c2416b6261ee841052eef4881df0e40054f3f/kaggle/results/mm3-w1-01/summary.json,345,8feb5d48e5b2d4ec7c4b7edda079dadec9005dc7e3c87beb54fd537a5f8ff013,972894e8,479c2416b6261ee841052eef4881df0e40054f3f,Authenticated GitHub snapshot ChandraguptSharma07/matrix-multiplication-tensor-3x3,Original archive CRC and member SHA256 verified
352605,E04,06-data,General / shared,Original pinned GitHub repository; static role inference,kaggle/results/mm3-w1-02/summary.json,,contestants\E04\13-archives\GitHub-original-479c2416b6261ee841052eef4881df0e40054f3f.zip,ChandraguptSharma07-matrix-multiplication-tensor-3x3-479c2416b6261ee841052eef4881df0e40054f3f/kaggle/results/mm3-w1-02/summary.json,375,3e3b525e13e366380e9d9217fef3157891260446550210b559276a3c241692b3,e7aa4806,479c2416b6261ee841052eef4881df0e40054f3f,Authenticated GitHub snapshot ChandraguptSharma07/matrix-multiplication-tensor-3x3,Original archive CRC and member SHA256 verified
352606,E04,06-data,General / shared,Original pinned GitHub repository; static role inference,kaggle/results/mm3-w1-03/summary.json,,contestants\E04\13-archives\GitHub-original-479c2416b6261ee841052eef4881df0e40054f3f.zip,ChandraguptSharma07-matrix-multiplication-tensor-3x3-479c2416b6261ee841052eef4881df0e40054f3f/kaggle/results/mm3-w1-03/summary.json,375,ab4cd64e6d51adf8b45836205b74183286f14a313a2c7b5487f20acc4f5fc2ea,d24dbc97,479c2416b6261ee841052eef4881df0e40054f3f,Authenticated GitHub snapshot ChandraguptSharma07/matrix-multiplication-tensor-3x3,Original archive CRC and member SHA256 verified
352607,E04,06-data,General / shared,Original pinned GitHub repository; static role inference,kaggle/results/mm3-w1-04/summary.json,,contestants\E04\13-archives\GitHub-original-479c2416b6261ee841052eef4881df0e40054f3f.zip,ChandraguptSharma07-matrix-multiplication-tensor-3x3-479c2416b6261ee841052eef4881df0e40054f3f/kaggle/results/mm3-w1-04/summary.json,376,4bfae09f41f08489536248d0358af52f04907a3935524d4e392328e0bd7789af,99e63004,479c2416b6261ee841052eef4881df0e40054f3f,Authenticated GitHub snapshot ChandraguptSharma07/matrix-multiplication-tensor-3x3,Original archive CRC and member SHA256 verified
352608,E04,06-data,General / shared,Original pinned GitHub repository; static role inference,kaggle/results/mm3-w1-05/summary.json,,contestants\E04\13-archives\GitHub-original-479c2416b6261ee841052eef4881df0e40054f3f.zip,ChandraguptSharma07-matrix-multiplication-tensor-3x3-479c2416b6261ee841052eef4881df0e40054f3f/kaggle/results/mm3-w1-05/summary.json,353,067cfa89dc42bb75b51e94b29500ff6cec103a6b681a650b91bea42b92d76599,56e30beb,479c2416b6261ee841052eef4881df0e40054f3f,Authenticated GitHub snapshot ChandraguptSharma07/matrix-multiplication-tensor-3x3,Original archive CRC and member SHA256 verified
352609,E04,06-data,General / shared,Original pinned GitHub repository; static role inference,kaggle/results/mm3-w1-06/summary.json,,contestants\E04\13-archives\GitHub-original-479c2416b6261ee841052eef4881df0e40054f3f.zip,ChandraguptSharma07-matrix-multiplication-tensor-3x3-479c2416b6261ee841052eef4881df0e40054f3f/kaggle/results/mm3-w1-06/summary.json,354,8057b51f05b8b14c16c6d505c596b4e4de5e6048d0a2db3ce4322f6ea38e0822,196b7927,479c2416b6261ee841052eef4881df0e40054f3f,Authenticated GitHub snapshot ChandraguptSharma07/matrix-multiplication-tensor-3x3,Original archive CRC and member SHA256 verified
352610,E04,06-data,General / shared,Original pinned GitHub repository; static role inference,kaggle/results/mm3-w1-07/summary.json,,contestants\E04\13-archives\GitHub-original-479c2416b6261ee841052eef4881df0e40054f3f.zip,ChandraguptSharma07-matrix-multiplication-tensor-3x3-479c2416b6261ee841052eef4881df0e40054f3f/kaggle/results/mm3-w1-07/summary.json,362,b352b9fb5db0c80633304283f34d2d24d6825b6fb9cc86eacce2155380a59c1e,9f399cee,479c2416b6261ee841052eef4881df0e40054f3f,Authenticated GitHub snapshot ChandraguptSharma07/matrix-multiplication-tensor-3x3,Original archive CRC and member SHA256 verified
352611,E04,06-data,General / shared,Original pinned GitHub repository; static role inference,kaggle/results/mm3-w1-08/summary.json,,contestants\E04\13-archives\GitHub-original-479c2416b6261ee841052eef4881df0e40054f3f.zip,ChandraguptSharma07-matrix-multiplication-tensor-3x3-479c2416b6261ee841052eef4881df0e40054f3f/kaggle/results/mm3-w1-08/summary.json,353,5b89e68d87cedc6e730c26934be7835c2931d11c7aa9f8faeea5c23dd432135f,de26fc71,479c2416b6261ee841052eef4881df0e40054f3f,Authenticated GitHub snapshot ChandraguptSharma07/matrix-multiplication-tensor-3x3,Original archive CRC and member SHA256 verified
352612,E04,06-data,General / shared,Original pinned GitHub repository; static role inference,kaggle/results/mm3-w1-09/summary.json,,contestants\E04\13-archives\GitHub-original-479c2416b6261ee841052eef4881df0e40054f3f.zip,ChandraguptSharma07-matrix-multiplication-tensor-3x3-479c2416b6261ee841052eef4881df0e40054f3f/kaggle/results/mm3-w1-09/summary.json,362,dec6ce3478fa08c76582ec0647c0c3bc1f773f4bedbad23a4f5fee586b2f9d85,1501762f,479c2416b6261ee841052eef4881df0e40054f3f,Authenticated GitHub snapshot ChandraguptSharma07/matrix-multiplication-tensor-3x3,Original archive CRC and member SHA256 verified
352613,E04,06-data,General / shared,Original pinned GitHub repository; static role inference,kaggle/results/mm3-w1-10/summary.json,,contestants\E04\13-archives\GitHub-original-479c2416b6261ee841052eef4881df0e40054f3f.zip,ChandraguptSharma07-matrix-multiplication-tensor-3x3-479c2416b6261ee841052eef4881df0e40054f3f/kaggle/results/mm3-w1-10/summary.json,354,ca117e965684a0216468f2155b38b21b9847a81b55c2930c80a1ca4cf118ae6f,9dbbabed,479c2416b6261ee841052eef4881df0e40054f3f,Authenticated GitHub snapshot ChandraguptSharma07/matrix-multiplication-tensor-3x3,Original archive CRC and member SHA256 verified
352614,E04,06-data,General / shared,Original pinned GitHub repository; static role inference,kaggle/results/mm3-w1-11/summary.json,,contestants\E04\13-archives\GitHub-original-479c2416b6261ee841052eef4881df0e40054f3f.zip,ChandraguptSharma07-matrix-multiplication-tensor-3x3-479c2416b6261ee841052eef4881df0e40054f3f/kaggle/results/mm3-w1-11/summary.json,363,07606dd139f6e1aeeafd48c64841a1aa470c1ec4b72f71daf9c1423551ab0d43,15c030a9,479c2416b6261ee841052eef4881df0e40054f3f,Authenticated GitHub snapshot ChandraguptSharma07/matrix-multiplication-tensor-3x3,Original archive CRC and member SHA256 verified
352615,E04,06-data,General / shared,Original pinned GitHub repository; static role inference,kaggle/results/mm3-w1-12/summary.json,,contestants\E04\13-archives\GitHub-original-479c2416b6261ee841052eef4881df0e40054f3f.zip,ChandraguptSharma07-matrix-multiplication-tensor-3x3-479c2416b6261ee841052eef4881df0e40054f3f/kaggle/results/mm3-w1-12/summary.json,363,43bd8b0b99c83e222eb431f970bb1a1a07691cdd7815a8328363bc327c7ab15a,8a666990,479c2416b6261ee841052eef4881df0e40054f3f,Authenticated GitHub snapshot ChandraguptSharma07/matrix-multiplication-tensor-3x3,Original archive CRC and member SHA256 verified
352616,E04,06-data,General / shared,Original pinned GitHub repository; static role inference,kaggle/results/mm3-w1-13/summary.json,,contestants\E04\13-archives\GitHub-original-479c2416b6261ee841052eef4881df0e40054f3f.zip,ChandraguptSharma07-matrix-multiplication-tensor-3x3-479c2416b6261ee841052eef4881df0e40054f3f/kaggle/results/mm3-w1-13/summary.json,362,2c3ed3d56d2e3b6582589456bc80dc0c457b286f372c4c5cfbb23e1d4df3a56c,2cce6145,479c2416b6261ee841052eef4881df0e40054f3f,Authenticated GitHub snapshot ChandraguptSharma07/matrix-multiplication-tensor-3x3,Original archive CRC and member SHA256 verified
352617,E04,06-data,General / shared,Original pinned GitHub repository; static role inference,kaggle/results/mm3-w1-14/summary.json,,contestants\E04\13-archives\GitHub-original-479c2416b6261ee841052eef4881df0e40054f3f.zip,ChandraguptSharma07-matrix-multiplication-tensor-3x3-479c2416b6261ee841052eef4881df0e40054f3f/kaggle/results/mm3-w1-14/summary.json,354,5f9f383ad9097af4154ba864b96dd46e24a4e2c4a8cbdbd7aebd45e9843979ae,c1d495d7,479c2416b6261ee841052eef4881df0e40054f3f,Authenticated GitHub snapshot ChandraguptSharma07/matrix-multiplication-tensor-3x3,Original archive CRC and member SHA256 verified
352618,E04,06-data,General / shared,Original pinned GitHub repository; static role inference,kaggle/results/mm3-w2-00/summary.json,,contestants\E04\13-archives\GitHub-original-479c2416b6261ee841052eef4881df0e40054f3f.zip,ChandraguptSharma07-matrix-multiplication-tensor-3x3-479c2416b6261ee841052eef4881df0e40054f3f/kaggle/results/mm3-w2-00/summary.json,402,44f3d0b6a9291193b6da99a8dc2aca9dc87080fa37159dff16a7a1f93a963b46,488902aa,479c2416b6261ee841052eef4881df0e40054f3f,Authenticated GitHub snapshot ChandraguptSharma07/matrix-multiplication-tensor-3x3,Original archive CRC and member SHA256 verified
352619,E04,06-data,General / shared,Original pinned GitHub repository; static role inference,kaggle/results/mm3-w2-01/summary.json,,contestants\E04\13-archives\GitHub-original-479c2416b6261ee841052eef4881df0e40054f3f.zip,ChandraguptSharma07-matrix-multiplication-tensor-3x3-479c2416b6261ee841052eef4881df0e40054f3f/kaggle/results/mm3-w2-01/summary.json,402,3b0ca99046c9491fb562810ccd79064d1ec676703136a615591c048e4a3f5e50,5020958d,479c2416b6261ee841052eef4881df0e40054f3f,Authenticated GitHub snapshot ChandraguptSharma07/matrix-multiplication-tensor-3x3,Original archive CRC and member SHA256 verified
352620,E04,06-data,General / shared,Original pinned GitHub repository; static role inference,kaggle/results/mm3-w2-02/summary.json,,contestants\E04\13-archives\GitHub-original-479c2416b6261ee841052eef4881df0e40054f3f.zip,ChandraguptSharma07-matrix-multiplication-tensor-3x3-479c2416b6261ee841052eef4881df0e40054f3f/kaggle/results/mm3-w2-02/summary.json,456,e47c9178b6f8647cd42c897c87729498684f3f6d7cf4b204efc232a9c34ed1fd,ba648236,479c2416b6261ee841052eef4881df0e40054f3f,Authenticated GitHub snapshot ChandraguptSharma07/matrix-multiplication-tensor-3x3,Original archive CRC and member SHA256 verified
352621,E04,06-data,General / shared,Original pinned GitHub repository; static role inference,kaggle/results/mm3-w2-03/summary.json,,contestants\E04\13-archives\GitHub-original-479c2416b6261ee841052eef4881df0e40054f3f.zip,ChandraguptSharma07-matrix-multiplication-tensor-3x3-479c2416b6261ee841052eef4881df0e40054f3f/kaggle/results/mm3-w2-03/summary.json,456,fa4b9eb4e32b6278764199dc2dc4a6d03fe8823c6ef43b5ef273778479aa7467,53b8eebb,479c2416b6261ee841052eef4881df0e40054f3f,Authenticated GitHub snapshot ChandraguptSharma07/matrix-multiplication-tensor-3x3,Original archive CRC and member SHA256 verified
352622,E04,06-data,General / shared,Original pinned GitHub repository; static role inference,kaggle/results/mm3-w2-04/summary.json,,contestants\E04\13-archives\GitHub-original-479c2416b6261ee841052eef4881df0e40054f3f.zip,ChandraguptSharma07-matrix-multiplication-tensor-3x3-479c2416b6261ee841052eef4881df0e40054f3f/kaggle/results/mm3-w2-04/summary.json,456,396f12b8bbbbb7b7f13d6e63414f2ae795c085de79804280889d791214d42a21,31fee070,479c2416b6261ee841052eef4881df0e40054f3f,Authenticated GitHub snapshot ChandraguptSharma07/matrix-multiplication-tensor-3x3,Original archive CRC and member SHA256 verified
352623,E04,06-data,General / shared,Original pinned GitHub repository; static role inference,kaggle/results/mm3-w3-00/summary.json,,contestants\E04\13-archives\GitHub-original-479c2416b6261ee841052eef4881df0e40054f3f.zip,ChandraguptSharma07-matrix-multiplication-tensor-3x3-479c2416b6261ee841052eef4881df0e40054f3f/kaggle/results/mm3-w3-00/summary.json,419,674574ecd9b242c09690f15b35fdb589e7885c3be00e2c962f0312062f892a0e,f19b4b37,479c2416b6261ee841052eef4881df0e40054f3f,Authenticated GitHub snapshot ChandraguptSharma07/matrix-multiplication-tensor-3x3,Original archive CRC and member SHA256 verified
352624,E04,06-data,General / shared,Original pinned GitHub repository; static role inference,kaggle/results/mm3-w3-01/summary.json,,contestants\E04\13-archives\GitHub-original-479c2416b6261ee841052eef4881df0e40054f3f.zip,ChandraguptSharma07-matrix-multiplication-tensor-3x3-479c2416b6261ee841052eef4881df0e40054f3f/kaggle/results/mm3-w3-01/summary.json,411,5528ef9b5968a8f8b92ba4198941900a8851c5bf38919371f807cc946e2c05da,2dfe52e1,479c2416b6261ee841052eef4881df0e40054f3f,Authenticated GitHub snapshot ChandraguptSharma07/matrix-multiplication-tensor-3x3,Original archive CRC and member SHA256 verified
352625,E04,06-data,General / shared,Original pinned GitHub repository; static role inference,kaggle/results/mm3-w3-02/summary.json,,contestants\E04\13-archives\GitHub-original-479c2416b6261ee841052eef4881df0e40054f3f.zip,ChandraguptSharma07-matrix-multiplication-tensor-3x3-479c2416b6261ee841052eef4881df0e40054f3f/kaggle/results/mm3-w3-02/summary.json,411,f669f8662e66669b55a7b39ec6209f0a2b4deebc9a011570d52a82f6784290b8,35ef10a5,479c2416b6261ee841052eef4881df0e40054f3f,Authenticated GitHub snapshot ChandraguptSharma07/matrix-multiplication-tensor-3x3,Original archive CRC and member SHA256 verified
352626,E04,06-data,General / shared,Original pinned GitHub repository; static role inference,kaggle/results/mm3-w3-03/summary.json,,contestants\E04\13-archives\GitHub-original-479c2416b6261ee841052eef4881df0e40054f3f.zip,ChandraguptSharma07-matrix-multiplication-tensor-3x3-479c2416b6261ee841052eef4881df0e40054f3f/kaggle/results/mm3-w3-03/summary.json,410,6a3ffbb4f1d4d24ef60b377ac88e75bf1133aba5826e249a9c4fc08d10194b06,27a78cdd,479c2416b6261ee841052eef4881df0e40054f3f,Authenticated GitHub snapshot ChandraguptSharma07/matrix-multiplication-tensor-3x3,Original archive CRC and member SHA256 verified
352627,E04,06-data,General / shared,Original pinned GitHub repository; static role inference,kaggle/results/mm3-w3-04/summary.json,,contestants\E04\13-archives\GitHub-original-479c2416b6261ee841052eef4881df0e40054f3f.zip,ChandraguptSharma07-matrix-multiplication-tensor-3x3-479c2416b6261ee841052eef4881df0e40054f3f/kaggle/results/mm3-w3-04/summary.json,411,caf49dcf6e437253959b0092dc5b7177e702ce8bc6fb0b0639cd98d90751fe1a,ee8381ef,479c2416b6261ee841052eef4881df0e40054f3f,Authenticated GitHub snapshot ChandraguptSharma07/matrix-multiplication-tensor-3x3,Original archive CRC and member SHA256 verified
352628,E04,06-data,General / shared,Original pinned GitHub repository; static role inference,kaggle/results/mm3-w3-05/summary.json,,contestants\E04\13-archives\GitHub-original-479c2416b6261ee841052eef4881df0e40054f3f.zip,ChandraguptSharma07-matrix-multiplication-tensor-3x3-479c2416b6261ee841052eef4881df0e40054f3f/kaggle/results/mm3-w3-05/summary.json,424,98658726663cb5407dbf9d5ac7b04c2bd2b3872070070e130d78fcb6ad56d1cc,3882b735,479c2416b6261ee841052eef4881df0e40054f3f,Authenticated GitHub snapshot ChandraguptSharma07/matrix-multiplication-tensor-3x3,Original archive CRC and member SHA256 verified
352629,E04,06-data,General / shared,Original pinned GitHub repository; static role inference,kaggle/results/mm3-w3-06/summary.json,,contestants\E04\13-archives\GitHub-original-479c2416b6261ee841052eef4881df0e40054f3f.zip,ChandraguptSharma07-matrix-multiplication-tensor-3x3-479c2416b6261ee841052eef4881df0e40054f3f/kaggle/results/mm3-w3-06/summary.json,424,60c6b5428b1d0b7b61efd42901ba6bc19552b8fcabad2a8ef73b750f0c4894d0,ed2f2df3,479c2416b6261ee841052eef4881df0e40054f3f,Authenticated GitHub snapshot ChandraguptSharma07/matrix-multiplication-tensor-3x3,Original archive CRC and member SHA256 verified
352630,E04,06-data,General / shared,Original pinned GitHub repository; static role inference,kaggle/results/mm3-w3-07/summary.json,,contestants\E04\13-archives\GitHub-original-479c2416b6261ee841052eef4881df0e40054f3f.zip,ChandraguptSharma07-matrix-multiplication-tensor-3x3-479c2416b6261ee841052eef4881df0e40054f3f/kaggle/results/mm3-w3-07/summary.json,424,abcc564a2d2f7baab84200746056b9dbc7777c65e0bb59ff8c2d2152f6098c63,d6bdf55a,479c2416b6261ee841052eef4881df0e40054f3f,Authenticated GitHub snapshot ChandraguptSharma07/matrix-multiplication-tensor-3x3,Original archive CRC and member SHA256 verified
352631,E04,06-data,General / shared,Original pinned GitHub repository; static role inference,kaggle/results/mm3-w3-08/summary.json,,contestants\E04\13-archives\GitHub-original-479c2416b6261ee841052eef4881df0e40054f3f.zip,ChandraguptSharma07-matrix-multiplication-tensor-3x3-479c2416b6261ee841052eef4881df0e40054f3f/kaggle/results/mm3-w3-08/summary.json,424,1ce95e7e1c95029137ac76b53debe81a40e22351643e2d95c3f85887a139eaed,3897dd6a,479c2416b6261ee841052eef4881df0e40054f3f,Authenticated GitHub snapshot ChandraguptSharma07/matrix-multiplication-tensor-3x3,Original archive CRC and member SHA256 verified
352632,E04,06-data,General / shared,Original pinned GitHub repository; static role inference,kaggle/results/mm3-w3-09/summary.json,,contestants\E04\13-archives\GitHub-original-479c2416b6261ee841052eef4881df0e40054f3f.zip,ChandraguptSharma07-matrix-multiplication-tensor-3x3-479c2416b6261ee841052eef4881df0e40054f3f/kaggle/results/mm3-w3-09/summary.json,424,f5ffe52f4f497cfb30ca42704dbed493fd821a7ae14716d6a1359c6c5c6068b6,380047dd,479c2416b6261ee841052eef4881df0e40054f3f,Authenticated GitHub snapshot ChandraguptSharma07/matrix-multiplication-tensor-3x3,Original archive CRC and member SHA256 verified
352633,E04,06-data,General / shared,Original pinned GitHub repository; static role inference,kaggle/results/mm3-w3-10/summary.json,,contestants\E04\13-archives\GitHub-original-479c2416b6261ee841052eef4881df0e40054f3f.zip,ChandraguptSharma07-matrix-multiplication-tensor-3x3-479c2416b6261ee841052eef4881df0e40054f3f/kaggle/results/mm3-w3-10/summary.json,448,279fd824b04131fc8bfbeab5b84b0b73b0c8c8e044a60c9835d58f08b796db0e,f88dfaae,479c2416b6261ee841052eef4881df0e40054f3f,Authenticated GitHub snapshot ChandraguptSharma07/matrix-multiplication-tensor-3x3,Original archive CRC and member SHA256 verified
352634,E04,06-data,General / shared,Original pinned GitHub repository; static role inference,kaggle/results/mm3-w3-11/summary.json,,contestants\E04\13-archives\GitHub-original-479c2416b6261ee841052eef4881df0e40054f3f.zip,ChandraguptSharma07-matrix-multiplication-tensor-3x3-479c2416b6261ee841052eef4881df0e40054f3f/kaggle/results/mm3-w3-11/summary.json,438,be157c080b0893ca06c829b6fa0fb9ad65761c2b59fe7c76931fd6310cf69a76,67ba9d70,479c2416b6261ee841052eef4881df0e40054f3f,Authenticated GitHub snapshot ChandraguptSharma07/matrix-multiplication-tensor-3x3,Original archive CRC and member SHA256 verified
352635,E04,06-data,General / shared,Original pinned GitHub repository; static role inference,kaggle/results/mm3-w3-12/summary.json,,contestants\E04\13-archives\GitHub-original-479c2416b6261ee841052eef4881df0e40054f3f.zip,ChandraguptSharma07-matrix-multiplication-tensor-3x3-479c2416b6261ee841052eef4881df0e40054f3f/kaggle/results/mm3-w3-12/summary.json,448,398f2c9399228cc921df54988098f4d264bbb11d5b34f410776870d77860c3e2,63cf35a6,479c2416b6261ee841052eef4881df0e40054f3f,Authenticated GitHub snapshot ChandraguptSharma07/matrix-multiplication-tensor-3x3,Original archive CRC and member SHA256 verified
352636,E04,06-data,General / shared,Original pinned GitHub repository; static role inference,kaggle/results/mm3-w3-13/summary.json,,contestants\E04\13-archives\GitHub-original-479c2416b6261ee841052eef4881df0e40054f3f.zip,ChandraguptSharma07-matrix-multiplication-tensor-3x3-479c2416b6261ee841052eef4881df0e40054f3f/kaggle/results/mm3-w3-13/summary.json,438,302054be33e687afbdf5e780ee5f18e30994bb8e79710420b241e18cb375de52,91b68be4,479c2416b6261ee841052eef4881df0e40054f3f,Authenticated GitHub snapshot ChandraguptSharma07/matrix-multiplication-tensor-3x3,Original archive CRC and member SHA256 verified
352637,E04,06-data,General / shared,Original pinned GitHub repository; static role inference,kaggle/results/mm3-w3-14/summary.json,,contestants\E04\13-archives\GitHub-original-479c2416b6261ee841052eef4881df0e40054f3f.zip,ChandraguptSharma07-matrix-multiplication-tensor-3x3-479c2416b6261ee841052eef4881df0e40054f3f/kaggle/results/mm3-w3-14/summary.json,446,dfad2e64e3127481698963e7535dcfbaf4622487ad9dc719b7e26164c5493a6c,bc31e9f0,479c2416b6261ee841052eef4881df0e40054f3f,Authenticated GitHub snapshot ChandraguptSharma07/matrix-multiplication-tensor-3x3,Original archive CRC and member SHA256 verified
352638,E04,06-data,General / shared,Original pinned GitHub repository; static role inference,kaggle/results/mm3-w4-00/summary.json,,contestants\E04\13-archives\GitHub-original-479c2416b6261ee841052eef4881df0e40054f3f.zip,ChandraguptSharma07-matrix-multiplication-tensor-3x3-479c2416b6261ee841052eef4881df0e40054f3f/kaggle/results/mm3-w4-00/summary.json,385,9f14987ec6f52ed91ed7d3d436e33378f75ef31e6906ec9823daaae0a922add0,e707bd48,479c2416b6261ee841052eef4881df0e40054f3f,Authenticated GitHub snapshot ChandraguptSharma07/matrix-multiplication-tensor-3x3,Original archive CRC and member SHA256 verified
352639,E04,06-data,General / shared,Original pinned GitHub repository; static role inference,kaggle/results/mm3-w4-01/summary.json,,contestants\E04\13-archives\GitHub-original-479c2416b6261ee841052eef4881df0e40054f3f.zip,ChandraguptSharma07-matrix-multiplication-tensor-3x3-479c2416b6261ee841052eef4881df0e40054f3f/kaggle/results/mm3-w4-01/summary.json,352,5e2c274ac32f18e88022c13b4ca299554fd6341c2ffdb4f8ad0d40d5558d1764,f1082a97,479c2416b6261ee841052eef4881df0e40054f3f,Authenticated GitHub snapshot ChandraguptSharma07/matrix-multiplication-tensor-3x3,Original archive CRC and member SHA256 verified
352640,E04,06-data,General / shared,Original pinned GitHub repository; static role inference,kaggle/results/mm3-w4-02/summary.json,,contestants\E04\13-archives\GitHub-original-479c2416b6261ee841052eef4881df0e40054f3f.zip,ChandraguptSharma07-matrix-multiplication-tensor-3x3-479c2416b6261ee841052eef4881df0e40054f3f/kaggle/results/mm3-w4-02/summary.json,352,cd4571bfc7e7ccffd5f3eee9494bb67270f15ea39b3d5cd81c6275628a08642b,5259224b,479c2416b6261ee841052eef4881df0e40054f3f,Authenticated GitHub snapshot ChandraguptSharma07/matrix-multiplication-tensor-3x3,Original archive CRC and member SHA256 verified
352641,E04,06-data,General / shared,Original pinned GitHub repository; static role inference,kaggle/results/mm3-w4-03/summary.json,,contestants\E04\13-archives\GitHub-original-479c2416b6261ee841052eef4881df0e40054f3f.zip,ChandraguptSharma07-matrix-multiplication-tensor-3x3-479c2416b6261ee841052eef4881df0e40054f3f/kaggle/results/mm3-w4-03/summary.json,353,e9a02a2c95270df26934b791a6869a50cef2c8b15e8a23edbf3ca053e4baed83,8d5167d0,479c2416b6261ee841052eef4881df0e40054f3f,Authenticated GitHub snapshot ChandraguptSharma07/matrix-multiplication-tensor-3x3,Original archive CRC and member SHA256 verified
352642,E04,06-data,General / shared,Original pinned GitHub repository; static role inference,kaggle/results/mm3-w4-04/summary.json,,contestants\E04\13-archives\GitHub-original-479c2416b6261ee841052eef4881df0e40054f3f.zip,ChandraguptSharma07-matrix-multiplication-tensor-3x3-479c2416b6261ee841052eef4881df0e40054f3f/kaggle/results/mm3-w4-04/summary.json,353,baccb2955cec6b6274f3af9a861fb8681a5c8bfb1139505142cb264f570d47ec,5e0114a8,479c2416b6261ee841052eef4881df0e40054f3f,Authenticated GitHub snapshot ChandraguptSharma07/matrix-multiplication-tensor-3x3,Original archive CRC and member SHA256 verified
352643,E04,06-data,General / shared,Original pinned GitHub repository; static role inference,kaggle/results/mm3-w4-05/summary.json,,contestants\E04\13-archives\GitHub-original-479c2416b6261ee841052eef4881df0e40054f3f.zip,ChandraguptSharma07-matrix-multiplication-tensor-3x3-479c2416b6261ee841052eef4881df0e40054f3f/kaggle/results/mm3-w4-05/summary.json,383,46c3a1250a4ea671362df38f8c1012558cccf2a66239fd25adc1ae12ede805c5,71b2233e,479c2416b6261ee841052eef4881df0e40054f3f,Authenticated GitHub snapshot ChandraguptSharma07/matrix-multiplication-tensor-3x3,Original archive CRC and member SHA256 verified
352644,E04,06-data,General / shared,Original pinned GitHub repository; static role inference,kaggle/results/mm3-w4-06/summary.json,,contestants\E04\13-archives\GitHub-original-479c2416b6261ee841052eef4881df0e40054f3f.zip,ChandraguptSharma07-matrix-multiplication-tensor-3x3-479c2416b6261ee841052eef4881df0e40054f3f/kaggle/results/mm3-w4-06/summary.json,355,6cdfc3127b8e334139bef118692d9017c283a9b1d4cb367aae3636198ae7a39a,414b097b,479c2416b6261ee841052eef4881df0e40054f3f,Authenticated GitHub snapshot ChandraguptSharma07/matrix-multiplication-tensor-3x3,Original archive CRC and member SHA256 verified
352645,E04,06-data,General / shared,Original pinned GitHub repository; static role inference,kaggle/results/mm3-w4-07/summary.json,,contestants\E04\13-archives\GitHub-original-479c2416b6261ee841052eef4881df0e40054f3f.zip,ChandraguptSharma07-matrix-multiplication-tensor-3x3-479c2416b6261ee841052eef4881df0e40054f3f/kaggle/results/mm3-w4-07/summary.json,356,bd2026efd250188c6e7d1d20930a22f668d6c9554dd7229fb1422743577bfeeb,ad920db9,479c2416b6261ee841052eef4881df0e40054f3f,Authenticated GitHub snapshot ChandraguptSharma07/matrix-multiplication-tensor-3x3,Original archive CRC and member SHA256 verified
352646,E04,06-data,General / shared,Original pinned GitHub repository; static role inference,kaggle/results/mm3-w4-08/summary.json,,contestants\E04\13-archives\GitHub-original-479c2416b6261ee841052eef4881df0e40054f3f.zip,ChandraguptSharma07-matrix-multiplication-tensor-3x3-479c2416b6261ee841052eef4881df0e40054f3f/kaggle/results/mm3-w4-08/summary.json,354,7826b9a91c7d3bf6d010ecbf2bcb84a2b4c32a9d2a27391534be8242901094a7,d8dc95df,479c2416b6261ee841052eef4881df0e40054f3f,Authenticated GitHub snapshot ChandraguptSharma07/matrix-multiplication-tensor-3x3,Original archive CRC and member SHA256 verified
352647,E04,06-data,General / shared,Original pinned GitHub repository; static role inference,kaggle/results/mm3-w4-09/summary.json,,contestants\E04\13-archives\GitHub-original-479c2416b6261ee841052eef4881df0e40054f3f.zip,ChandraguptSharma07-matrix-multiplication-tensor-3x3-479c2416b6261ee841052eef4881df0e40054f3f/kaggle/results/mm3-w4-09/summary.json,362,250db3a5fc3c928416ed2868b03e529d6c0a21435ea4c111508e8beeaaa874dc,50b3848d,479c2416b6261ee841052eef4881df0e40054f3f,Authenticated GitHub snapshot ChandraguptSharma07/matrix-multiplication-tensor-3x3,Original archive CRC and member SHA256 verified
352648,E04,06-data,General / shared,Original pinned GitHub repository; static role inference,kaggle/results/mm3-w4-10/summary.json,,contestants\E04\13-archives\GitHub-original-479c2416b6261ee841052eef4881df0e40054f3f.zip,ChandraguptSharma07-matrix-multiplication-tensor-3x3-479c2416b6261ee841052eef4881df0e40054f3f/kaggle/results/mm3-w4-10/summary.json,380,1e4a1d674b0950e88643b12d16af7e50dd8a8e738adb2f3353adb50df054349a,b96f50e9,479c2416b6261ee841052eef4881df0e40054f3f,Authenticated GitHub snapshot ChandraguptSharma07/matrix-multiplication-tensor-3x3,Original archive CRC and member SHA256 verified
352649,E04,06-data,General / shared,Original pinned GitHub repository; static role inference,kaggle/results/mm3-w4-11/summary.json,,contestants\E04\13-archives\GitHub-original-479c2416b6261ee841052eef4881df0e40054f3f.zip,ChandraguptSharma07-matrix-multiplication-tensor-3x3-479c2416b6261ee841052eef4881df0e40054f3f/kaggle/results/mm3-w4-11/summary.json,346,9dbd1e167b6febf5aa41897d0b8fd1fb5c287d8f0d2958ada25b3eeb853035b7,42ad164d,479c2416b6261ee841052eef4881df0e40054f3f,Authenticated GitHub snapshot ChandraguptSharma07/matrix-multiplication-tensor-3x3,Original archive CRC and member SHA256 verified
352650,E04,06-data,General / shared,Original pinned GitHub repository; static role inference,kaggle/results/mm3-w4-12/summary.json,,contestants\E04\13-archives\GitHub-original-479c2416b6261ee841052eef4881df0e40054f3f.zip,ChandraguptSharma07-matrix-multiplication-tensor-3x3-479c2416b6261ee841052eef4881df0e40054f3f/kaggle/results/mm3-w4-12/summary.json,343,5d30b5daad847fb59c662afd9dfcf1142ac42069470d6077275cc98ca539b538,229c2412,479c2416b6261ee841052eef4881df0e40054f3f,Authenticated GitHub snapshot ChandraguptSharma07/matrix-multiplication-tensor-3x3,Original archive CRC and member SHA256 verified
352651,E04,06-data,General / shared,Original pinned GitHub repository; static role inference,kaggle/results/mm3-w4-13/summary.json,,contestants\E04\13-archives\GitHub-original-479c2416b6261ee841052eef4881df0e40054f3f.zip,ChandraguptSharma07-matrix-multiplication-tensor-3x3-479c2416b6261ee841052eef4881df0e40054f3f/kaggle/results/mm3-w4-13/summary.json,343,5562c90d3762cc2e129064792de2a35aedcc72318b5337f53f674ccc3ddb49d1,1719fc08,479c2416b6261ee841052eef4881df0e40054f3f,Authenticated GitHub snapshot ChandraguptSharma07/matrix-multiplication-tensor-3x3,Original archive CRC and member SHA256 verified
352652,E04,06-data,General / shared,Original pinned GitHub repository; static role inference,kaggle/results/mm3-w4-14/summary.json,,contestants\E04\13-archives\GitHub-original-479c2416b6261ee841052eef4881df0e40054f3f.zip,ChandraguptSharma07-matrix-multiplication-tensor-3x3-479c2416b6261ee841052eef4881df0e40054f3f/kaggle/results/mm3-w4-14/summary.json,344,69e6e0c79f5b841347c01fa045f2aad900c7c59fbf712136060b0670ccbde915,ca13b3b8,479c2416b6261ee841052eef4881df0e40054f3f,Authenticated GitHub snapshot ChandraguptSharma07/matrix-multiplication-tensor-3x3,Original archive CRC and member SHA256 verified
352653,E04,06-data,General / shared,Original pinned GitHub repository; static role inference,kaggle/results/mm3-w5-00/summary.json,,contestants\E04\13-archives\GitHub-original-479c2416b6261ee841052eef4881df0e40054f3f.zip,ChandraguptSharma07-matrix-multiplication-tensor-3x3-479c2416b6261ee841052eef4881df0e40054f3f/kaggle/results/mm3-w5-00/summary.json,11015,9f7498069325a6e29ba2b73fa3b17edd42b7d44890eb68635818c26a0d897bc0,07968779,479c2416b6261ee841052eef4881df0e40054f3f,Authenticated GitHub snapshot ChandraguptSharma07/matrix-multiplication-tensor-3x3,Original archive CRC and member SHA256 verified
352654,E04,06-data,General / shared,Original pinned GitHub repository; static role inference,kaggle/results/mm3-w5-01/summary.json,,contestants\E04\13-archives\GitHub-original-479c2416b6261ee841052eef4881df0e40054f3f.zip,ChandraguptSharma07-matrix-multiplication-tensor-3x3-479c2416b6261ee841052eef4881df0e40054f3f/kaggle/results/mm3-w5-01/summary.json,11125,d38a89ab6be37f8a42ad6a4b4a40706dbda7a2285b60d769a85fc4c56eb2e524,be7a966a,479c2416b6261ee841052eef4881df0e40054f3f,Authenticated GitHub snapshot ChandraguptSharma07/matrix-multiplication-tensor-3x3,Original archive CRC and member SHA256 verified
352655,E04,06-data,General / shared,Original pinned GitHub repository; static role inference,kaggle/results/mm3-w5-02/summary.json,,contestants\E04\13-archives\GitHub-original-479c2416b6261ee841052eef4881df0e40054f3f.zip,ChandraguptSharma07-matrix-multiplication-tensor-3x3-479c2416b6261ee841052eef4881df0e40054f3f/kaggle/results/mm3-w5-02/summary.json,11120,03d6dcf46ca1be6249c488aa5315150aed6b041deaa20edbdfffeb4437d5f6c7,d12feff1,479c2416b6261ee841052eef4881df0e40054f3f,Authenticated GitHub snapshot ChandraguptSharma07/matrix-multiplication-tensor-3x3,Original archive CRC and member SHA256 verified
352656,E04,06-data,General / shared,Original pinned GitHub repository; static role inference,kaggle/results/mm3-w5-03/summary.json,,contestants\E04\13-archives\GitHub-original-479c2416b6261ee841052eef4881df0e40054f3f.zip,ChandraguptSharma07-matrix-multiplication-tensor-3x3-479c2416b6261ee841052eef4881df0e40054f3f/kaggle/results/mm3-w5-03/summary.json,11116,54e8af0855e225c0580729c5fb4805121ad73bda43064e4c6914983bc313a577,7aa02509,479c2416b6261ee841052eef4881df0e40054f3f,Authenticated GitHub snapshot ChandraguptSharma07/matrix-multiplication-tensor-3x3,Original archive CRC and member SHA256 verified
352657,E04,06-data,General / shared,Original pinned GitHub repository; static role inference,kaggle/results/mm3-w5-04/summary.json,,contestants\E04\13-archives\GitHub-original-479c2416b6261ee841052eef4881df0e40054f3f.zip,ChandraguptSharma07-matrix-multiplication-tensor-3x3-479c2416b6261ee841052eef4881df0e40054f3f/kaggle/results/mm3-w5-04/summary.json,11135,a17e9d517da68d7566eb914d9445169061ac7a8a617c95ac6be3e43020ef2bd9,0ddcb4f9,479c2416b6261ee841052eef4881df0e40054f3f,Authenticated GitHub snapshot ChandraguptSharma07/matrix-multiplication-tensor-3x3,Original archive CRC and member SHA256 verified
352658,E04,06-data,General / shared,Original pinned GitHub repository; static role inference,kaggle/results/mm3-w5-05/summary.json,,contestants\E04\13-archives\GitHub-original-479c2416b6261ee841052eef4881df0e40054f3f.zip,ChandraguptSharma07-matrix-multiplication-tensor-3x3-479c2416b6261ee841052eef4881df0e40054f3f/kaggle/results/mm3-w5-05/summary.json,11127,dc4c61c206cc7430cae891fc033acb84ae50d0bd67292059198c2063d45a5686,fd165aed,479c2416b6261ee841052eef4881df0e40054f3f,Authenticated GitHub snapshot ChandraguptSharma07/matrix-multiplication-tensor-3x3,Original archive CRC and member SHA256 verified
352659,E04,06-data,General / shared,Original pinned GitHub repository; static role inference,kaggle/results/mm3-w5-06/summary.json,,contestants\E04\13-archives\GitHub-original-479c2416b6261ee841052eef4881df0e40054f3f.zip,ChandraguptSharma07-matrix-multiplication-tensor-3x3-479c2416b6261ee841052eef4881df0e40054f3f/kaggle/results/mm3-w5-06/summary.json,11196,4b633f48e0a27dd0f005a4cc7ed072eb0d23c7212fb46fd7775b5e7912b0fb2a,394f5969,479c2416b6261ee841052eef4881df0e40054f3f,Authenticated GitHub snapshot ChandraguptSharma07/matrix-multiplication-tensor-3x3,Original archive CRC and member SHA256 verified
352660,E04,06-data,General / shared,Original pinned GitHub repository; static role inference,kaggle/results/mm3-w5-07/summary.json,,contestants\E04\13-archives\GitHub-original-479c2416b6261ee841052eef4881df0e40054f3f.zip,ChandraguptSharma07-matrix-multiplication-tensor-3x3-479c2416b6261ee841052eef4881df0e40054f3f/kaggle/results/mm3-w5-07/summary.json,11297,35925dccc610c36e69d7074bed9072141374a1d1f45d1b03c46cd28405c44219,1c931d40,479c2416b6261ee841052eef4881df0e40054f3f,Authenticated GitHub snapshot ChandraguptSharma07/matrix-multiplication-tensor-3x3,Original archive CRC and member SHA256 verified
352661,E04,06-data,General / shared,Original pinned GitHub repository; static role inference,kaggle/results/mm3-w5-08/summary.json,,contestants\E04\13-archives\GitHub-original-479c2416b6261ee841052eef4881df0e40054f3f.zip,ChandraguptSharma07-matrix-multiplication-tensor-3x3-479c2416b6261ee841052eef4881df0e40054f3f/kaggle/results/mm3-w5-08/summary.json,11169,9aa789f0b2d1dffcd529478eba419d0b1f17824825b134ef55228b1984a378ae,893dce36,479c2416b6261ee841052eef4881df0e40054f3f,Authenticated GitHub snapshot ChandraguptSharma07/matrix-multiplication-tensor-3x3,Original archive CRC and member SHA256 verified
352662,E04,06-data,General / shared,Original pinned GitHub repository; static role inference,kaggle/results/mm3-w5-09/summary.json,,contestants\E04\13-archives\GitHub-original-479c2416b6261ee841052eef4881df0e40054f3f.zip,ChandraguptSharma07-matrix-multiplication-tensor-3x3-479c2416b6261ee841052eef4881df0e40054f3f/kaggle/results/mm3-w5-09/summary.json,11168,0563dc5072a70d05e4790a6879ac194a7e52e42ddcb5b7e6f1e686a41b4c02e2,66e2084d,479c2416b6261ee841052eef4881df0e40054f3f,Authenticated GitHub snapshot ChandraguptSharma07/matrix-multiplication-tensor-3x3,Original archive CRC and member SHA256 verified
352663,E04,06-data,General / shared,Original pinned GitHub repository; static role inference,kaggle/results/mm3-w5-10/summary.json,,contestants\E04\13-archives\GitHub-original-479c2416b6261ee841052eef4881df0e40054f3f.zip,ChandraguptSharma07-matrix-multiplication-tensor-3x3-479c2416b6261ee841052eef4881df0e40054f3f/kaggle/results/mm3-w5-10/summary.json,11272,f34f3d75b847ae643d0a9414f1baf39a3e4c80c81057f209eecc0224181e8a0d,1d8c1563,479c2416b6261ee841052eef4881df0e40054f3f,Authenticated GitHub snapshot ChandraguptSharma07/matrix-multiplication-tensor-3x3,Original archive CRC and member SHA256 verified
352664,E04,06-data,General / shared,Original pinned GitHub repository; static role inference,kaggle/results/mm3-w5-11/summary.json,,contestants\E04\13-archives\GitHub-original-479c2416b6261ee841052eef4881df0e40054f3f.zip,ChandraguptSharma07-matrix-multiplication-tensor-3x3-479c2416b6261ee841052eef4881df0e40054f3f/kaggle/results/mm3-w5-11/summary.json,11229,410a0cd00015cf8600db83c771e504975d6c295a4d269d1cf426fb4691f1f5d7,c2b1d71a,479c2416b6261ee841052eef4881df0e40054f3f,Authenticated GitHub snapshot ChandraguptSharma07/matrix-multiplication-tensor-3x3,Original archive CRC and member SHA256 verified
352665,E04,06-data,General / shared,Original pinned GitHub repository; static role inference,kaggle/results/mm3-w5-12/summary.json,,contestants\E04\13-archives\GitHub-original-479c2416b6261ee841052eef4881df0e40054f3f.zip,ChandraguptSharma07-matrix-multiplication-tensor-3x3-479c2416b6261ee841052eef4881df0e40054f3f/kaggle/results/mm3-w5-12/summary.json,406,9173f6a9362a5d43d7626b9d08f652aba2c35c44ec0ca8c9c820b2ada236300b,c768d23b,479c2416b6261ee841052eef4881df0e40054f3f,Authenticated GitHub snapshot ChandraguptSharma07/matrix-multiplication-tensor-3x3,Original archive CRC and member SHA256 verified
352666,E04,06-data,General / shared,Original pinned GitHub repository; static role inference,kaggle/results/mm3-w5-13/summary.json,,contestants\E04\13-archives\GitHub-original-479c2416b6261ee841052eef4881df0e40054f3f.zip,ChandraguptSharma07-matrix-multiplication-tensor-3x3-479c2416b6261ee841052eef4881df0e40054f3f/kaggle/results/mm3-w5-13/summary.json,415,fa89fe85a2d8522129d196e72dc7d14daddba1ee06b138b899d7612c3e67d2fa,ad430bad,479c2416b6261ee841052eef4881df0e40054f3f,Authenticated GitHub snapshot ChandraguptSharma07/matrix-multiplication-tensor-3x3,Original archive CRC and member SHA256 verified
352667,E04,06-data,General / shared,Original pinned GitHub repository; static role inference,kaggle/results/mm3-w5-14/summary.json,,contestants\E04\13-archives\GitHub-original-479c2416b6261ee841052eef4881df0e40054f3f.zip,ChandraguptSharma07-matrix-multiplication-tensor-3x3-479c2416b6261ee841052eef4881df0e40054f3f/kaggle/results/mm3-w5-14/summary.json,402,0a6c98454f34cf4884460c4410d04c6c9382112d3e8fe643832590b1c68c130e,d124e2b7,479c2416b6261ee841052eef4881df0e40054f3f,Authenticated GitHub snapshot ChandraguptSharma07/matrix-multiplication-tensor-3x3,Original archive CRC and member SHA256 verified
352668,E04,06-data,General / shared,Original pinned GitHub repository; static role inference,kaggle/results/mm3-w5b-00/summary.json,,contestants\E04\13-archives\GitHub-original-479c2416b6261ee841052eef4881df0e40054f3f.zip,ChandraguptSharma07-matrix-multiplication-tensor-3x3-479c2416b6261ee841052eef4881df0e40054f3f/kaggle/results/mm3-w5b-00/summary.json,3436,de5956e56f3f0c218895fc330c16994247eb540beeaf26718ae6e16d2336970b,da310bbc,479c2416b6261ee841052eef4881df0e40054f3f,Authenticated GitHub snapshot ChandraguptSharma07/matrix-multiplication-tensor-3x3,Original archive CRC and member SHA256 verified
352669,E04,06-data,General / shared,Original pinned GitHub repository; static role inference,kaggle/results/mm3-w5b-01/summary.json,,contestants\E04\13-archives\GitHub-original-479c2416b6261ee841052eef4881df0e40054f3f.zip,ChandraguptSharma07-matrix-multiplication-tensor-3x3-479c2416b6261ee841052eef4881df0e40054f3f/kaggle/results/mm3-w5b-01/summary.json,3466,d6ab332e811356289c704b00da8d12b20028a407bd420aed61b64ad7e048ec93,d0d6d1cc,479c2416b6261ee841052eef4881df0e40054f3f,Authenticated GitHub snapshot ChandraguptSharma07/matrix-multiplication-tensor-3x3,Original archive CRC and member SHA256 verified
352670,E04,06-data,General / shared,Original pinned GitHub repository; static role inference,kaggle/results/mm3-w5b-02/summary.json,,contestants\E04\13-archives\GitHub-original-479c2416b6261ee841052eef4881df0e40054f3f.zip,ChandraguptSharma07-matrix-multiplication-tensor-3x3-479c2416b6261ee841052eef4881df0e40054f3f/kaggle/results/mm3-w5b-02/summary.json,3448,0f355699b41149d8c49cccad7eff3461e680f7a63cea3ead6fda3aa5841766e5,ef686aea,479c2416b6261ee841052eef4881df0e40054f3f,Authenticated GitHub snapshot ChandraguptSharma07/matrix-multiplication-tensor-3x3,Original archive CRC and member SHA256 verified
352671,E04,06-data,General / shared,Original pinned GitHub repository; static role inference,kaggle/results/mm3-w5b-03/summary.json,,contestants\E04\13-archives\GitHub-original-479c2416b6261ee841052eef4881df0e40054f3f.zip,ChandraguptSharma07-matrix-multiplication-tensor-3x3-479c2416b6261ee841052eef4881df0e40054f3f/kaggle/results/mm3-w5b-03/summary.json,3456,4b3dd61d63c37922f17a440fe168bb4af6cf27af7890af7ab22b33d0b129e772,276e0a91,479c2416b6261ee841052eef4881df0e40054f3f,Authenticated GitHub snapshot ChandraguptSharma07/matrix-multiplication-tensor-3x3,Original archive CRC and member SHA256 verified
352672,E04,06-data,General / shared,Original pinned GitHub repository; static role inference,kaggle/results/mm3-w5b-04/summary.json,,contestants\E04\13-archives\GitHub-original-479c2416b6261ee841052eef4881df0e40054f3f.zip,ChandraguptSharma07-matrix-multiplication-tensor-3x3-479c2416b6261ee841052eef4881df0e40054f3f/kaggle/results/mm3-w5b-04/summary.json,3458,4a6c6258d3c12e50a5264417ad8ee16b0ac2dd1ef52b2d4ec151b8718606a74e,46cc5106,479c2416b6261ee841052eef4881df0e40054f3f,Authenticated GitHub snapshot ChandraguptSharma07/matrix-multiplication-tensor-3x3,Original archive CRC and member SHA256 verified
352673,E04,06-data,General / shared,Original pinned GitHub repository; static role inference,kaggle/results/mm3-w5b-05/summary.json,,contestants\E04\13-archives\GitHub-original-479c2416b6261ee841052eef4881df0e40054f3f.zip,ChandraguptSharma07-matrix-multiplication-tensor-3x3-479c2416b6261ee841052eef4881df0e40054f3f/kaggle/results/mm3-w5b-05/summary.json,3465,ef313e4d1a586510e82d06977afa5eef2e116c3c97e8d09292bf98070160e4a5,3673efbb,479c2416b6261ee841052eef4881df0e40054f3f,Authenticated GitHub snapshot ChandraguptSharma07/matrix-multiplication-tensor-3x3,Original archive CRC and member SHA256 verified
352674,E04,06-data,General / shared,Original pinned GitHub repository; static role inference,kaggle/results/mm3-w5b-06/summary.json,,contestants\E04\13-archives\GitHub-original-479c2416b6261ee841052eef4881df0e40054f3f.zip,ChandraguptSharma07-matrix-multiplication-tensor-3x3-479c2416b6261ee841052eef4881df0e40054f3f/kaggle/results/mm3-w5b-06/summary.json,3448,50d05285d4fcccd4c51ca8bbf08ef798de33df09e7d1b46e6f12297473525df6,72da4d47,479c2416b6261ee841052eef4881df0e40054f3f,Authenticated GitHub snapshot ChandraguptSharma07/matrix-multiplication-tensor-3x3,Original archive CRC and member SHA256 verified
352675,E04,06-data,General / shared,Original pinned GitHub repository; static role inference,kaggle/results/mm3-w5b-07/summary.json,,contestants\E04\13-archives\GitHub-original-479c2416b6261ee841052eef4881df0e40054f3f.zip,ChandraguptSharma07-matrix-multiplication-tensor-3x3-479c2416b6261ee841052eef4881df0e40054f3f/kaggle/results/mm3-w5b-07/summary.json,3470,c18f3eff7b0087b3ca18f8e81922efb37ec94cbe1f26755368cec120ce784e42,bcc422d0,479c2416b6261ee841052eef4881df0e40054f3f,Authenticated GitHub snapshot ChandraguptSharma07/matrix-multiplication-tensor-3x3,Original archive CRC and member SHA256 verified
352676,E04,06-data,General / shared,Original pinned GitHub repository; static role inference,kaggle/results/mm3-w5b-08/summary.json,,contestants\E04\13-archives\GitHub-original-479c2416b6261ee841052eef4881df0e40054f3f.zip,ChandraguptSharma07-matrix-multiplication-tensor-3x3-479c2416b6261ee841052eef4881df0e40054f3f/kaggle/results/mm3-w5b-08/summary.json,3452,918ad87bfb9433f5239f49e62b587be6d27c097c7bd797fba4cd4fc2f8e6d02a,c933af7f,479c2416b6261ee841052eef4881df0e40054f3f,Authenticated GitHub snapshot ChandraguptSharma07/matrix-multiplication-tensor-3x3,Original archive CRC and member SHA256 verified
352677,E04,06-data,General / shared,Original pinned GitHub repository; static role inference,kaggle/results/mm3-w5b-09/summary.json,,contestants\E04\13-archives\GitHub-original-479c2416b6261ee841052eef4881df0e40054f3f.zip,ChandraguptSharma07-matrix-multiplication-tensor-3x3-479c2416b6261ee841052eef4881df0e40054f3f/kaggle/results/mm3-w5b-09/summary.json,3491,044d29deb6d1c3310b77e47181b51d4ac84f314ba531492bfd6ba488a3ff740f,0bcd2c53,479c2416b6261ee841052eef4881df0e40054f3f,Authenticated GitHub snapshot ChandraguptSharma07/matrix-multiplication-tensor-3x3,Original archive CRC and member SHA256 verified
352678,E04,06-data,General / shared,Original pinned GitHub repository; static role inference,kaggle/results/mm3-w5b-10/summary.json,,contestants\E04\13-archives\GitHub-original-479c2416b6261ee841052eef4881df0e40054f3f.zip,ChandraguptSharma07-matrix-multiplication-tensor-3x3-479c2416b6261ee841052eef4881df0e40054f3f/kaggle/results/mm3-w5b-10/summary.json,3509,817c08eb3d39c6f62aa153258da4a2aab84a9d5165c0c317896f693ebaee3bf1,38729bd4,479c2416b6261ee841052eef4881df0e40054f3f,Authenticated GitHub snapshot ChandraguptSharma07/matrix-multiplication-tensor-3x3,Original archive CRC and member SHA256 verified
352679,E04,06-data,General / shared,Original pinned GitHub repository; static role inference,kaggle/results/mm3-w5b-11/summary.json,,contestants\E04\13-archives\GitHub-original-479c2416b6261ee841052eef4881df0e40054f3f.zip,ChandraguptSharma07-matrix-multiplication-tensor-3x3-479c2416b6261ee841052eef4881df0e40054f3f/kaggle/results/mm3-w5b-11/summary.json,3511,77f5829c4c2bfbcd30910260be0c65bc457fea19cdca869da59c69ac089c7ae1,319d8edd,479c2416b6261ee841052eef4881df0e40054f3f,Authenticated GitHub snapshot ChandraguptSharma07/matrix-multiplication-tensor-3x3,Original archive CRC and member SHA256 verified
352680,E04,06-data,General / shared,Original pinned GitHub repository; static role inference,kaggle/results/mm3-w5b-12/summary.json,,contestants\E04\13-archives\GitHub-original-479c2416b6261ee841052eef4881df0e40054f3f.zip,ChandraguptSharma07-matrix-multiplication-tensor-3x3-479c2416b6261ee841052eef4881df0e40054f3f/kaggle/results/mm3-w5b-12/summary.json,3500,56d57407b1c3de474c93447a7edfd9d32754798dcb9f1e343be8e6bba22f9367,cadec145,479c2416b6261ee841052eef4881df0e40054f3f,Authenticated GitHub snapshot ChandraguptSharma07/matrix-multiplication-tensor-3x3,Original archive CRC and member SHA256 verified
352681,E04,06-data,General / shared,Original pinned GitHub repository; static role inference,kaggle/results/mm3-w5b-13/summary.json,,contestants\E04\13-archives\GitHub-original-479c2416b6261ee841052eef4881df0e40054f3f.zip,ChandraguptSharma07-matrix-multiplication-tensor-3x3-479c2416b6261ee841052eef4881df0e40054f3f/kaggle/results/mm3-w5b-13/summary.json,3511,8436a9567eab3a078224ae747da46106f1e838413846e8495345f5aacf68168f,7a579ff4,479c2416b6261ee841052eef4881df0e40054f3f,Authenticated GitHub snapshot ChandraguptSharma07/matrix-multiplication-tensor-3x3,Original archive CRC and member SHA256 verified
352682,E04,06-data,General / shared,Original pinned GitHub repository; static role inference,kaggle/results/mm3-w5b-14/summary.json,,contestants\E04\13-archives\GitHub-original-479c2416b6261ee841052eef4881df0e40054f3f.zip,ChandraguptSharma07-matrix-multiplication-tensor-3x3-479c2416b6261ee841052eef4881df0e40054f3f/kaggle/results/mm3-w5b-14/summary.json,2578,2d0f6d873f59d7564db2aff27b7972d3dedbf73f10ceac65805feae2632feb7a,a608a4fe,479c2416b6261ee841052eef4881df0e40054f3f,Authenticated GitHub snapshot ChandraguptSharma07/matrix-multiplication-tensor-3x3,Original archive CRC and member SHA256 verified
352683,E04,06-data,General / shared,Original pinned GitHub repository; static role inference,kaggle/results/mm3-w6-00/summary.json,,contestants\E04\13-archives\GitHub-original-479c2416b6261ee841052eef4881df0e40054f3f.zip,ChandraguptSharma07-matrix-multiplication-tensor-3x3-479c2416b6261ee841052eef4881df0e40054f3f/kaggle/results/mm3-w6-00/summary.json,454,52c9e34d6deaf1fdefee175f888ad6d1a41e5d716c737bfcebdc48f82e176941,bcbd9150,479c2416b6261ee841052eef4881df0e40054f3f,Authenticated GitHub snapshot ChandraguptSharma07/matrix-multiplication-tensor-3x3,Original archive CRC and member SHA256 verified
352684,E04,06-data,General / shared,Original pinned GitHub repository; static role inference,kaggle/results/mm3-w6-01/summary.json,,contestants\E04\13-archives\GitHub-original-479c2416b6261ee841052eef4881df0e40054f3f.zip,ChandraguptSharma07-matrix-multiplication-tensor-3x3-479c2416b6261ee841052eef4881df0e40054f3f/kaggle/results/mm3-w6-01/summary.json,405,2994275876ba036463db451ccc9a628ed79a94a056a3acb4993f0991f0a4f79d,146d4707,479c2416b6261ee841052eef4881df0e40054f3f,Authenticated GitHub snapshot ChandraguptSharma07/matrix-multiplication-tensor-3x3,Original archive CRC and member SHA256 verified
352685,E04,06-data,General / shared,Original pinned GitHub repository; static role inference,kaggle/results/mm3-w6-02/summary.json,,contestants\E04\13-archives\GitHub-original-479c2416b6261ee841052eef4881df0e40054f3f.zip,ChandraguptSharma07-matrix-multiplication-tensor-3x3-479c2416b6261ee841052eef4881df0e40054f3f/kaggle/results/mm3-w6-02/summary.json,434,d56a7115400003210e433820f64d1a57f81695f71f889a5886ca07e770265141,5bcecf43,479c2416b6261ee841052eef4881df0e40054f3f,Authenticated GitHub snapshot ChandraguptSharma07/matrix-multiplication-tensor-3x3,Original archive CRC and member SHA256 verified
352686,E04,06-data,General / shared,Original pinned GitHub repository; static role inference,kaggle/results/mm3-w6-03/summary.json,,contestants\E04\13-archives\GitHub-original-479c2416b6261ee841052eef4881df0e40054f3f.zip,ChandraguptSharma07-matrix-multiplication-tensor-3x3-479c2416b6261ee841052eef4881df0e40054f3f/kaggle/results/mm3-w6-03/summary.json,434,b846ce76bf5a9bed7cba8ec20e5cc665db51c2a03660af61a5b80666fbd33a08,21aa11e9,479c2416b6261ee841052eef4881df0e40054f3f,Authenticated GitHub snapshot ChandraguptSharma07/matrix-multiplication-tensor-3x3,Original archive CRC and member SHA256 verified
352687,E04,06-data,General / shared,Original pinned GitHub repository; static role inference,kaggle/results/mm3-w6-04/summary.json,,contestants\E04\13-archives\GitHub-original-479c2416b6261ee841052eef4881df0e40054f3f.zip,ChandraguptSharma07-matrix-multiplication-tensor-3x3-479c2416b6261ee841052eef4881df0e40054f3f/kaggle/results/mm3-w6-04/summary.json,442,2c3a003488eceb1411c82f303a13d2c9c4402c0d9a6c6624e37af7c698071210,cb71773a,479c2416b6261ee841052eef4881df0e40054f3f,Authenticated GitHub snapshot ChandraguptSharma07/matrix-multiplication-tensor-3x3,Original archive CRC and member SHA256 verified
352688,E04,06-data,General / shared,Original pinned GitHub repository; static role inference,kaggle/results/mm3-w6-05/summary.json,,contestants\E04\13-archives\GitHub-original-479c2416b6261ee841052eef4881df0e40054f3f.zip,ChandraguptSharma07-matrix-multiplication-tensor-3x3-479c2416b6261ee841052eef4881df0e40054f3f/kaggle/results/mm3-w6-05/summary.json,454,43bd2e71b142d5caaa7907c6058cb9387b894a197ac9a77a1b9969b6959d662f,f93a5f65,479c2416b6261ee841052eef4881df0e40054f3f,Authenticated GitHub snapshot ChandraguptSharma07/matrix-multiplication-tensor-3x3,Original archive CRC and member SHA256 verified
352689,E04,06-data,General / shared,Original pinned GitHub repository; static role inference,kaggle/results/mm3-w6-06/summary.json,,contestants\E04\13-archives\GitHub-original-479c2416b6261ee841052eef4881df0e40054f3f.zip,ChandraguptSharma07-matrix-multiplication-tensor-3x3-479c2416b6261ee841052eef4881df0e40054f3f/kaggle/results/mm3-w6-06/summary.json,434,1b0d1d975055017a9813038a4e2a1753f3b50d7716911ce5a589ca7ccb3f08c8,ca279289,479c2416b6261ee841052eef4881df0e40054f3f,Authenticated GitHub snapshot ChandraguptSharma07/matrix-multiplication-tensor-3x3,Original archive CRC and member SHA256 verified
352690,E04,06-data,General / shared,Original pinned GitHub repository; static role inference,kaggle/results/mm3-w6-07/summary.json,,contestants\E04\13-archives\GitHub-original-479c2416b6261ee841052eef4881df0e40054f3f.zip,ChandraguptSharma07-matrix-multiplication-tensor-3x3-479c2416b6261ee841052eef4881df0e40054f3f/kaggle/results/mm3-w6-07/summary.json,405,ddffdff6e25322d5ce9e5fafd7b26cb9a5075af5dcddc16b88c4475808187fc6,13e2e696,479c2416b6261ee841052eef4881df0e40054f3f,Authenticated GitHub snapshot ChandraguptSharma07/matrix-multiplication-tensor-3x3,Original archive CRC and member SHA256 verified
352691,E04,06-data,General / shared,Original pinned GitHub repository; static role inference,kaggle/results/mm3-w6-08/summary.json,,contestants\E04\13-archives\GitHub-original-479c2416b6261ee841052eef4881df0e40054f3f.zip,ChandraguptSharma07-matrix-multiplication-tensor-3x3-479c2416b6261ee841052eef4881df0e40054f3f/kaggle/results/mm3-w6-08/summary.json,405,617400da875dad17f09238e8ee4794c51594f831179fd14c57838191320cfa35,1d345a70,479c2416b6261ee841052eef4881df0e40054f3f,Authenticated GitHub snapshot ChandraguptSharma07/matrix-multiplication-tensor-3x3,Original archive CRC and member SHA256 verified
352692,E04,06-data,General / shared,Original pinned GitHub repository; static role inference,kaggle/results/mm3-w6-09/summary.json,,contestants\E04\13-archives\GitHub-original-479c2416b6261ee841052eef4881df0e40054f3f.zip,ChandraguptSharma07-matrix-multiplication-tensor-3x3-479c2416b6261ee841052eef4881df0e40054f3f/kaggle/results/mm3-w6-09/summary.json,413,9f248a870c07ef3f1b1321b5a68bc3cafa8d12ab0480b76a101aca1689834e8c,29e88c9b,479c2416b6261ee841052eef4881df0e40054f3f,Authenticated GitHub snapshot ChandraguptSharma07/matrix-multiplication-tensor-3x3,Original archive CRC and member SHA256 verified
352693,E04,06-data,General / shared,Original pinned GitHub repository; static role inference,kaggle/results/mm3-w7-00/summary.json,,contestants\E04\13-archives\GitHub-original-479c2416b6261ee841052eef4881df0e40054f3f.zip,ChandraguptSharma07-matrix-multiplication-tensor-3x3-479c2416b6261ee841052eef4881df0e40054f3f/kaggle/results/mm3-w7-00/summary.json,369,9e8ac79ddac33598d851e7bf30f79946fc765ce76109b499293ca2f238c3ff23,82aa420d,479c2416b6261ee841052eef4881df0e40054f3f,Authenticated GitHub snapshot ChandraguptSharma07/matrix-multiplication-tensor-3x3,Original archive CRC and member SHA256 verified
352694,E04,06-data,General / shared,Original pinned GitHub repository; static role inference,kaggle/results/mm3-w7-01/summary.json,,contestants\E04\13-archives\GitHub-original-479c2416b6261ee841052eef4881df0e40054f3f.zip,ChandraguptSharma07-matrix-multiplication-tensor-3x3-479c2416b6261ee841052eef4881df0e40054f3f/kaggle/results/mm3-w7-01/summary.json,368,bd56e57f458ffb9ceb69ddb9ef7544aa90e336fd861ac18726bdebbddec2c204,2d971504,479c2416b6261ee841052eef4881df0e40054f3f,Authenticated GitHub snapshot ChandraguptSharma07/matrix-multiplication-tensor-3x3,Original archive CRC and member SHA256 verified
352695,E04,06-data,General / shared,Original pinned GitHub repository; static role inference,kaggle/results/mm3-w7-02/summary.json,,contestants\E04\13-archives\GitHub-original-479c2416b6261ee841052eef4881df0e40054f3f.zip,ChandraguptSharma07-matrix-multiplication-tensor-3x3-479c2416b6261ee841052eef4881df0e40054f3f/kaggle/results/mm3-w7-02/summary.json,368,a270b50f7e15d5284fe5a834d01ba9d31fe753484c8f995adb53aca20d35c4ea,2904f8ff,479c2416b6261ee841052eef4881df0e40054f3f,Authenticated GitHub snapshot ChandraguptSharma07/matrix-multiplication-tensor-3x3,Original archive CRC and member SHA256 verified
352696,E04,06-data,General / shared,Original pinned GitHub repository; static role inference,kaggle/results/mm3-w7-03/summary.json,,contestants\E04\13-archives\GitHub-original-479c2416b6261ee841052eef4881df0e40054f3f.zip,ChandraguptSharma07-matrix-multiplication-tensor-3x3-479c2416b6261ee841052eef4881df0e40054f3f/kaggle/results/mm3-w7-03/summary.json,368,a4fcb836da7e4fd44106b7294f2a72ce54a74d171b89d28db72a8203e1d6f097,ced048b2,479c2416b6261ee841052eef4881df0e40054f3f,Authenticated GitHub snapshot ChandraguptSharma07/matrix-multiplication-tensor-3x3,Original archive CRC and member SHA256 verified
352697,E04,06-data,General / shared,Original pinned GitHub repository; static role inference,kaggle/results/mm3-w7-04/summary.json,,contestants\E04\13-archives\GitHub-original-479c2416b6261ee841052eef4881df0e40054f3f.zip,ChandraguptSharma07-matrix-multiplication-tensor-3x3-479c2416b6261ee841052eef4881df0e40054f3f/kaggle/results/mm3-w7-04/summary.json,376,2a1b0528f7ea12763f6a71dd883445a994477905b71951c9a1410c5f20339b3f,065ee292,479c2416b6261ee841052eef4881df0e40054f3f,Authenticated GitHub snapshot ChandraguptSharma07/matrix-multiplication-tensor-3x3,Original archive CRC and member SHA256 verified
352698,E04,06-data,General / shared,Original pinned GitHub repository; static role inference,kaggle/results/mm3-w8-00/summary.json,,contestants\E04\13-archives\GitHub-original-479c2416b6261ee841052eef4881df0e40054f3f.zip,ChandraguptSharma07-matrix-multiplication-tensor-3x3-479c2416b6261ee841052eef4881df0e40054f3f/kaggle/results/mm3-w8-00/summary.json,423,139174a5ce7314c7a49e17457e416a8f924d3fb12fcb4923344ad4dfb6a6986a,5bfe283f,479c2416b6261ee841052eef4881df0e40054f3f,Authenticated GitHub snapshot ChandraguptSharma07/matrix-multiplication-tensor-3x3,Original archive CRC and member SHA256 verified
352699,E04,06-data,General / shared,Original pinned GitHub repository; static role inference,kaggle/results/mm3-w8-01/summary.json,,contestants\E04\13-archives\GitHub-original-479c2416b6261ee841052eef4881df0e40054f3f.zip,ChandraguptSharma07-matrix-multiplication-tensor-3x3-479c2416b6261ee841052eef4881df0e40054f3f/kaggle/results/mm3-w8-01/summary.json,420,d8831367537f33e52d2214a4cae90cbb4fe4cbced10373ddccef031e3cb322bc,bc7a664b,479c2416b6261ee841052eef4881df0e40054f3f,Authenticated GitHub snapshot ChandraguptSharma07/matrix-multiplication-tensor-3x3,Original archive CRC and member SHA256 verified
352700,E04,06-data,General / shared,Original pinned GitHub repository; static role inference,kaggle/results/mm3-w8-02/summary.json,,contestants\E04\13-archives\GitHub-original-479c2416b6261ee841052eef4881df0e40054f3f.zip,ChandraguptSharma07-matrix-multiplication-tensor-3x3-479c2416b6261ee841052eef4881df0e40054f3f/kaggle/results/mm3-w8-02/summary.json,416,22ecded979df3b95cdfab5683feb999bb222ac0ec0c3149875fb4b0ec62128c6,6cb25179,479c2416b6261ee841052eef4881df0e40054f3f,Authenticated GitHub snapshot ChandraguptSharma07/matrix-multiplication-tensor-3x3,Original archive CRC and member SHA256 verified
352701,E04,06-data,General / shared,Original pinned GitHub repository; static role inference,kaggle/results/mm3-w8-03/summary.json,,contestants\E04\13-archives\GitHub-original-479c2416b6261ee841052eef4881df0e40054f3f.zip,ChandraguptSharma07-matrix-multiplication-tensor-3x3-479c2416b6261ee841052eef4881df0e40054f3f/kaggle/results/mm3-w8-03/summary.json,423,059f4680290e727371c4c5f0348ae0d5520be8c549b4b62f6282bccfe15671e5,28207346,479c2416b6261ee841052eef4881df0e40054f3f,Authenticated GitHub snapshot ChandraguptSharma07/matrix-multiplication-tensor-3x3,Original archive CRC and member SHA256 verified
352702,E04,06-data,General / shared,Original pinned GitHub repository; static role inference,kaggle/results/mm3-w8-04/summary.json,,contestants\E04\13-archives\GitHub-original-479c2416b6261ee841052eef4881df0e40054f3f.zip,ChandraguptSharma07-matrix-multiplication-tensor-3x3-479c2416b6261ee841052eef4881df0e40054f3f/kaggle/results/mm3-w8-04/summary.json,420,0cd15b16523fd0007073d513930bd88c74b25a7804a57c61406c83a463f00a3d,e393c21f,479c2416b6261ee841052eef4881df0e40054f3f,Authenticated GitHub snapshot ChandraguptSharma07/matrix-multiplication-tensor-3x3,Original archive CRC and member SHA256 verified
352703,E04,06-data,General / shared,Original pinned GitHub repository; static role inference,kaggle/results/mm3-w8-05/summary.json,,contestants\E04\13-archives\GitHub-original-479c2416b6261ee841052eef4881df0e40054f3f.zip,ChandraguptSharma07-matrix-multiplication-tensor-3x3-479c2416b6261ee841052eef4881df0e40054f3f/kaggle/results/mm3-w8-05/summary.json,934,0f0581143b58534dd3ab8ef80af272d7a62121e2f8291d1b55ec30263cc8a92d,3383f0fb,479c2416b6261ee841052eef4881df0e40054f3f,Authenticated GitHub snapshot ChandraguptSharma07/matrix-multiplication-tensor-3x3,Original archive CRC and member SHA256 verified
352704,E04,06-data,General / shared,Original pinned GitHub repository; static role inference,kaggle/results/mm3-w8-06/summary.json,,contestants\E04\13-archives\GitHub-original-479c2416b6261ee841052eef4881df0e40054f3f.zip,ChandraguptSharma07-matrix-multiplication-tensor-3x3-479c2416b6261ee841052eef4881df0e40054f3f/kaggle/results/mm3-w8-06/summary.json,925,7893675e8e71c24492c722fecdab98927ed96a7e3b4042491a2db19f8f7769e1,937ec9e8,479c2416b6261ee841052eef4881df0e40054f3f,Authenticated GitHub snapshot ChandraguptSharma07/matrix-multiplication-tensor-3x3,Original archive CRC and member SHA256 verified
352705,E04,06-data,General / shared,Original pinned GitHub repository; static role inference,kaggle/results/mm3-w8-07/summary.json,,contestants\E04\13-archives\GitHub-original-479c2416b6261ee841052eef4881df0e40054f3f.zip,ChandraguptSharma07-matrix-multiplication-tensor-3x3-479c2416b6261ee841052eef4881df0e40054f3f/kaggle/results/mm3-w8-07/summary.json,926,5cb19db1516eb75263a982a80e015c21b71bf1fd9e47889bec816464bde5fd29,2e8d9b8d,479c2416b6261ee841052eef4881df0e40054f3f,Authenticated GitHub snapshot ChandraguptSharma07/matrix-multiplication-tensor-3x3,Original archive CRC and member SHA256 verified
352706,E04,06-data,General / shared,Original pinned GitHub repository; static role inference,kaggle/results/mm3-w8-08/summary.json,,contestants\E04\13-archives\GitHub-original-479c2416b6261ee841052eef4881df0e40054f3f.zip,ChandraguptSharma07-matrix-multiplication-tensor-3x3-479c2416b6261ee841052eef4881df0e40054f3f/kaggle/results/mm3-w8-08/summary.json,926,b48110b79157cf787a2c41bba9246398b9c55f5bcd0547228c52fb1740251acf,b776251f,479c2416b6261ee841052eef4881df0e40054f3f,Authenticated GitHub snapshot ChandraguptSharma07/matrix-multiplication-tensor-3x3,Original archive CRC and member SHA256 verified
352707,E04,06-data,General / shared,Original pinned GitHub repository; static role inference,kaggle/results/mm3-w8-09/summary.json,,contestants\E04\13-archives\GitHub-original-479c2416b6261ee841052eef4881df0e40054f3f.zip,ChandraguptSharma07-matrix-multiplication-tensor-3x3-479c2416b6261ee841052eef4881df0e40054f3f/kaggle/results/mm3-w8-09/summary.json,926,e478059458771700c8811ecfb82642cee097fcde082dbd687539667b95442cf6,d34a22c4,479c2416b6261ee841052eef4881df0e40054f3f,Authenticated GitHub snapshot ChandraguptSharma07/matrix-multiplication-tensor-3x3,Original archive CRC and member SHA256 verified
352708,E04,06-data,General / shared,Original pinned GitHub repository; static role inference,kaggle/results/mm3-w8-10/summary.json,,contestants\E04\13-archives\GitHub-original-479c2416b6261ee841052eef4881df0e40054f3f.zip,ChandraguptSharma07-matrix-multiplication-tensor-3x3-479c2416b6261ee841052eef4881df0e40054f3f/kaggle/results/mm3-w8-10/summary.json,926,0f2e6722e2fe8ae1f3ecc9a3844f7b2345b6b08569a8db19547f14cfeb2fb1c4,ec593dff,479c2416b6261ee841052eef4881df0e40054f3f,Authenticated GitHub snapshot ChandraguptSharma07/matrix-multiplication-tensor-3x3,Original archive CRC and member SHA256 verified
352709,E04,06-data,General / shared,Original pinned GitHub repository; static role inference,kaggle/results/mm3-w8-11/summary.json,,contestants\E04\13-archives\GitHub-original-479c2416b6261ee841052eef4881df0e40054f3f.zip,ChandraguptSharma07-matrix-multiplication-tensor-3x3-479c2416b6261ee841052eef4881df0e40054f3f/kaggle/results/mm3-w8-11/summary.json,934,f0213d2705b4b36663f4a6cef640bfe89886ba765a014f3ce518e59b08f1053c,382eac02,479c2416b6261ee841052eef4881df0e40054f3f,Authenticated GitHub snapshot ChandraguptSharma07/matrix-multiplication-tensor-3x3,Original archive CRC and member SHA256 verified
352710,E04,06-data,General / shared,Original pinned GitHub repository; static role inference,kaggle/results/mm3-w8-12/summary.json,,contestants\E04\13-archives\GitHub-original-479c2416b6261ee841052eef4881df0e40054f3f.zip,ChandraguptSharma07-matrix-multiplication-tensor-3x3-479c2416b6261ee841052eef4881df0e40054f3f/kaggle/results/mm3-w8-12/summary.json,926,59b650d4db672caae289bb8388b879cd45af3c78497b6a1a8108a76fcd1fe1de,98377f14,479c2416b6261ee841052eef4881df0e40054f3f,Authenticated GitHub snapshot ChandraguptSharma07/matrix-multiplication-tensor-3x3,Original archive CRC and member SHA256 verified
352711,E04,06-data,General / shared,Original pinned GitHub repository; static role inference,kaggle/results/mm3-w8-13/summary.json,,contestants\E04\13-archives\GitHub-original-479c2416b6261ee841052eef4881df0e40054f3f.zip,ChandraguptSharma07-matrix-multiplication-tensor-3x3-479c2416b6261ee841052eef4881df0e40054f3f/kaggle/results/mm3-w8-13/summary.json,915,d182fb994fc2d9943425506d406891403c8ad31c6084d34db30bf8a6301e9e27,d8940a2a,479c2416b6261ee841052eef4881df0e40054f3f,Authenticated GitHub snapshot ChandraguptSharma07/matrix-multiplication-tensor-3x3,Original archive CRC and member SHA256 verified
352712,E04,06-data,General / shared,Original pinned GitHub repository; static role inference,kaggle/results/mm3-w8-14/summary.json,,contestants\E04\13-archives\GitHub-original-479c2416b6261ee841052eef4881df0e40054f3f.zip,ChandraguptSharma07-matrix-multiplication-tensor-3x3-479c2416b6261ee841052eef4881df0e40054f3f/kaggle/results/mm3-w8-14/summary.json,926,6541da04e153fa0015565a4fe25c4b0f77fc12702d806b5eb5766c8917461d6b,6954ae46,479c2416b6261ee841052eef4881df0e40054f3f,Authenticated GitHub snapshot ChandraguptSharma07/matrix-multiplication-tensor-3x3,Original archive CRC and member SHA256 verified
352723,E04,06-data,General / shared,Original pinned GitHub repository; static role inference,kaggle/src/core1685_fix.txt,,contestants\E04\13-archives\GitHub-original-479c2416b6261ee841052eef4881df0e40054f3f.zip,ChandraguptSharma07-matrix-multiplication-tensor-3x3-479c2416b6261ee841052eef4881df0e40054f3f/kaggle/src/core1685_fix.txt,299,5f37b97c8e2cbfa859bfc3120c58dc9ca9459c1510a771b1460d22a45e2e5655,8485ab36,479c2416b6261ee841052eef4881df0e40054f3f,Authenticated GitHub snapshot ChandraguptSharma07/matrix-multiplication-tensor-3x3,Original archive CRC and member SHA256 verified
352724,E04,06-data,General / shared,Original pinned GitHub repository; static role inference,kaggle/src/core1729_fix.txt,,contestants\E04\13-archives\GitHub-original-479c2416b6261ee841052eef4881df0e40054f3f.zip,ChandraguptSharma07-matrix-multiplication-tensor-3x3-479c2416b6261ee841052eef4881df0e40054f3f/kaggle/src/core1729_fix.txt,299,bbe289409eb0971ed4de63aec678e4b3c8e5ed7a556eb3658ceeb2214a2243aa,3fd8438f,479c2416b6261ee841052eef4881df0e40054f3f,Authenticated GitHub snapshot ChandraguptSharma07/matrix-multiplication-tensor-3x3,Original archive CRC and member SHA256 verified
352725,E04,06-data,General / shared,Original pinned GitHub repository; static role inference,kaggle/src/core1809_fix.txt,,contestants\E04\13-archives\GitHub-original-479c2416b6261ee841052eef4881df0e40054f3f.zip,ChandraguptSharma07-matrix-multiplication-tensor-3x3-479c2416b6261ee841052eef4881df0e40054f3f/kaggle/src/core1809_fix.txt,299,666a4366224670c4d2018a9b754e7379dbabf7ca20fd6240796c2e9eca8f1f11,97522606,479c2416b6261ee841052eef4881df0e40054f3f,Authenticated GitHub snapshot ChandraguptSharma07/matrix-multiplication-tensor-3x3,Original archive CRC and member SHA256 verified
352726,E04,06-data,General / shared,Original pinned GitHub repository; static role inference,kaggle/src/empty_fix.txt,,contestants\E04\13-archives\GitHub-original-479c2416b6261ee841052eef4881df0e40054f3f.zip,ChandraguptSharma07-matrix-multiplication-tensor-3x3-479c2416b6261ee841052eef4881df0e40054f3f/kaggle/src/empty_fix.txt,0,e3b0c44298fc1c149afbf4c8996fb92427ae41e4649b934ca495991b7852b855,00000000,479c2416b6261ee841052eef4881df0e40054f3f,Authenticated GitHub snapshot ChandraguptSharma07/matrix-multiplication-tensor-3x3,Original archive CRC and member SHA256 verified
352727,E04,06-data,General / shared,Original pinned GitHub repository; static role inference,kaggle/src/known138_nz.txt,,contestants\E04\13-archives\GitHub-original-479c2416b6261ee841052eef4881df0e40054f3f.zip,ChandraguptSharma07-matrix-multiplication-tensor-3x3-479c2416b6261ee841052eef4881df0e40054f3f/kaggle/src/known138_nz.txt,523,c55284d11e12716ec93f350cfdc87d00d2aa3b3a8f0a85c51b9e7b2ed36c6016,b9c6d0eb,479c2416b6261ee841052eef4881df0e40054f3f,Authenticated GitHub snapshot ChandraguptSharma07/matrix-multiplication-tensor-3x3,Original archive CRC and member SHA256 verified
352729,E04,06-data,Matrix multiplication,Original pinned GitHub repository; static role inference,kaggle/src/smirnov_fix.txt,,contestants\E04\13-archives\GitHub-original-479c2416b6261ee841052eef4881df0e40054f3f.zip,ChandraguptSharma07-matrix-multiplication-tensor-3x3-479c2416b6261ee841052eef4881df0e40054f3f/kaggle/src/smirnov_fix.txt,299,0bfa0faee7481a78bbfad519bb67f4ea84b7dc4390ee05869f1d69a280adea89,65eeffc6,479c2416b6261ee841052eef4881df0e40054f3f,Authenticated GitHub snapshot ChandraguptSharma07/matrix-multiplication-tensor-3x3,Original archive CRC and member SHA256 verified
352732,E04,06-data,General / shared,Original pinned GitHub repository; static role inference,kaggle/waves/smoke.json,,contestants\E04\13-archives\GitHub-original-479c2416b6261ee841052eef4881df0e40054f3f.zip,ChandraguptSharma07-matrix-multiplication-tensor-3x3-479c2416b6261ee841052eef4881df0e40054f3f/kaggle/waves/smoke.json,195,5f3c280b8a9352dbeb6df90a21f91805fcb033cbf1fc232a07cc7383549013b9,16af8ba2,479c2416b6261ee841052eef4881df0e40054f3f,Authenticated GitHub snapshot ChandraguptSharma07/matrix-multiplication-tensor-3x3,Original archive CRC and member SHA256 verified
352733,E04,06-data,General / shared,Original pinned GitHub repository; static role inference,kaggle/waves/w1.json,,contestants\E04\13-archives\GitHub-original-479c2416b6261ee841052eef4881df0e40054f3f.zip,ChandraguptSharma07-matrix-multiplication-tensor-3x3-479c2416b6261ee841052eef4881df0e40054f3f/kaggle/waves/w1.json,1433,abca65cd80906be9821d0fe4d1c6f5a986a25ecc79194ab6ac216a80511b1438,bb299c59,479c2416b6261ee841052eef4881df0e40054f3f,Authenticated GitHub snapshot ChandraguptSharma07/matrix-multiplication-tensor-3x3,Original archive CRC and member SHA256 verified
352734,E04,06-data,General / shared,Original pinned GitHub repository; static role inference,kaggle/waves/w2.json,,contestants\E04\13-archives\GitHub-original-479c2416b6261ee841052eef4881df0e40054f3f.zip,ChandraguptSharma07-matrix-multiplication-tensor-3x3-479c2416b6261ee841052eef4881df0e40054f3f/kaggle/waves/w2.json,717,b98425faa78adc789816028cf2e22a9c3b2cf58372c7ea95b2d35ce0d8ea8090,855492c4,479c2416b6261ee841052eef4881df0e40054f3f,Authenticated GitHub snapshot ChandraguptSharma07/matrix-multiplication-tensor-3x3,Original archive CRC and member SHA256 verified
352735,E04,06-data,General / shared,Original pinned GitHub repository; static role inference,kaggle/waves/w3.json,,contestants\E04\13-archives\GitHub-original-479c2416b6261ee841052eef4881df0e40054f3f.zip,ChandraguptSharma07-matrix-multiplication-tensor-3x3-479c2416b6261ee841052eef4881df0e40054f3f/kaggle/waves/w3.json,1465,e83698b0c63bc160a636251ac77d2c3b1dd867d839ff722c47f79b52bd10c532,3bdd9c49,479c2416b6261ee841052eef4881df0e40054f3f,Authenticated GitHub snapshot ChandraguptSharma07/matrix-multiplication-tensor-3x3,Original archive CRC and member SHA256 verified
352736,E04,06-data,General / shared,Original pinned GitHub repository; static role inference,kaggle/waves/w4.json,,contestants\E04\13-archives\GitHub-original-479c2416b6261ee841052eef4881df0e40054f3f.zip,ChandraguptSharma07-matrix-multiplication-tensor-3x3-479c2416b6261ee841052eef4881df0e40054f3f/kaggle/waves/w4.json,1893,faac2cc6316cdf012ae8c05a2f0dedd20eaa55f7ecc5408074da391df7d1341d,0e816f80,479c2416b6261ee841052eef4881df0e40054f3f,Authenticated GitHub snapshot ChandraguptSharma07/matrix-multiplication-tensor-3x3,Original archive CRC and member SHA256 verified
352737,E04,06-data,General / shared,Original pinned GitHub repository; static role inference,kaggle/waves/w5.json,,contestants\E04\13-archives\GitHub-original-479c2416b6261ee841052eef4881df0e40054f3f.zip,ChandraguptSharma07-matrix-multiplication-tensor-3x3-479c2416b6261ee841052eef4881df0e40054f3f/kaggle/waves/w5.json,1874,076144c8a06247844ed0c5124fec42a34c3f46bc9990b9443150bafc030c19c0,56dd342e,479c2416b6261ee841052eef4881df0e40054f3f,Authenticated GitHub snapshot ChandraguptSharma07/matrix-multiplication-tensor-3x3,Original archive CRC and member SHA256 verified
352738,E04,06-data,General / shared,Original pinned GitHub repository; static role inference,kaggle/waves/w5b.json,,contestants\E04\13-archives\GitHub-original-479c2416b6261ee841052eef4881df0e40054f3f.zip,ChandraguptSharma07-matrix-multiplication-tensor-3x3-479c2416b6261ee841052eef4881df0e40054f3f/kaggle/waves/w5b.json,241790,70cfac591038655b1e8b7c386728e855bb1c8c6a433a7a2ed3c8d54054d88bb5,2f6c72c6,479c2416b6261ee841052eef4881df0e40054f3f,Authenticated GitHub snapshot ChandraguptSharma07/matrix-multiplication-tensor-3x3,Original archive CRC and member SHA256 verified
352739,E04,06-data,General / shared,Original pinned GitHub repository; static role inference,kaggle/waves/w6.json,,contestants\E04\13-archives\GitHub-original-479c2416b6261ee841052eef4881df0e40054f3f.zip,ChandraguptSharma07-matrix-multiplication-tensor-3x3-479c2416b6261ee841052eef4881df0e40054f3f/kaggle/waves/w6.json,1088,77f4f4c2438f590ba17e089ba0120aab33b230a407f860347ce53570a736bfcd,c82d535e,479c2416b6261ee841052eef4881df0e40054f3f,Authenticated GitHub snapshot ChandraguptSharma07/matrix-multiplication-tensor-3x3,Original archive CRC and member SHA256 verified
352740,E04,06-data,General / shared,Original pinned GitHub repository; static role inference,kaggle/waves/w7.json,,contestants\E04\13-archives\GitHub-original-479c2416b6261ee841052eef4881df0e40054f3f.zip,ChandraguptSharma07-matrix-multiplication-tensor-3x3-479c2416b6261ee841052eef4881df0e40054f3f/kaggle/waves/w7.json,612,ae7f8cb64e917cc9ec6e7ccd7b1fb7e431076c35413ba93713c8208af7b97737,7ea613b0,479c2416b6261ee841052eef4881df0e40054f3f,Authenticated GitHub snapshot ChandraguptSharma07/matrix-multiplication-tensor-3x3,Original archive CRC and member SHA256 verified
352741,E04,06-data,General / shared,Original pinned GitHub repository; static role inference,kaggle/waves/w8.json,,contestants\E04\13-archives\GitHub-original-479c2416b6261ee841052eef4881df0e40054f3f.zip,ChandraguptSharma07-matrix-multiplication-tensor-3x3-479c2416b6261ee841052eef4881df0e40054f3f/kaggle/waves/w8.json,25293,d6f4f51e6c1ecb03e2d4f5b50d4fc7d28c6eb10884c6d1bb639ceb066c56dffe,4fe6a24e,479c2416b6261ee841052eef4881df0e40054f3f,Authenticated GitHub snapshot ChandraguptSharma07/matrix-multiplication-tensor-3x3,Original archive CRC and member SHA256 verified
352742,E04,06-data,General / shared,Original pinned GitHub repository; static role inference,kaggle/waves/w9.json,,contestants\E04\13-archives\GitHub-original-479c2416b6261ee841052eef4881df0e40054f3f.zip,ChandraguptSharma07-matrix-multiplication-tensor-3x3-479c2416b6261ee841052eef4881df0e40054f3f/kaggle/waves/w9.json,1608,1999035987c3a83de7110d65c4e063ccd8e1e6187dd621d028cfa5c77ebbfabb,716e4d68,479c2416b6261ee841052eef4881df0e40054f3f,Authenticated GitHub snapshot ChandraguptSharma07/matrix-multiplication-tensor-3x3,Original archive CRC and member SHA256 verified
352764,E04,06-data,General / shared,Original pinned GitHub repository; static role inference,reports/scheme138_formulas.txt,,contestants\E04\13-archives\GitHub-original-479c2416b6261ee841052eef4881df0e40054f3f.zip,ChandraguptSharma07-matrix-multiplication-tensor-3x3-479c2416b6261ee841052eef4881df0e40054f3f/reports/scheme138_formulas.txt,1349,00e49d763e59469a4382b57a8daec2134fee602dea5ffbba9d152a625f5ddf43,1be224a5,479c2416b6261ee841052eef4881df0e40054f3f,Authenticated GitHub snapshot ChandraguptSharma07/matrix-multiplication-tensor-3x3,Original archive CRC and member SHA256 verified
352765,E04,06-data,General / shared,Original pinned GitHub repository; static role inference,reports/scheme138_table.txt,,contestants\E04\13-archives\GitHub-original-479c2416b6261ee841052eef4881df0e40054f3f.zip,ChandraguptSharma07-matrix-multiplication-tensor-3x3-479c2416b6261ee841052eef4881df0e40054f3f/reports/scheme138_table.txt,3410,ee62da0c5b4c7c9b2ba004fb8d78b7275a176ce5d7967634aa4fa7b41cd60aa5,c6a9261f,479c2416b6261ee841052eef4881df0e40054f3f,Authenticated GitHub snapshot ChandraguptSharma07/matrix-multiplication-tensor-3x3,Original archive CRC and member SHA256 verified
352779,E04,06-data,General / shared,Original pinned GitHub repository; static role inference,results/collections/le145/s139_018a47a575012138_HKS-linz_11a3b3d2j4n__i41w163c235e-000.json,,contestants\E04\13-archives\GitHub-original-479c2416b6261ee841052eef4881df0e40054f3f.zip,ChandraguptSharma07-matrix-multiplication-tensor-3x3-479c2416b6261ee841052eef4881df0e40054f3f/results/collections/le145/s139_018a47a575012138_HKS-linz_11a3b3d2j4n__i41w163c235e-000.json,2066,8bbae16b46963e4ed69c297ec76e9c75cc023b58c2a2a2ef7ee06786d274bb6b,7708e58a,479c2416b6261ee841052eef4881df0e40054f3f,Authenticated GitHub snapshot ChandraguptSharma07/matrix-multiplication-tensor-3x3,Original archive CRC and member SHA256 verified
352780,E04,06-data,General / shared,Original pinned GitHub repository; static role inference,results/collections/le145/s139_018a47a575012138_HKS-linz_11a3b3d2j4n__i41w163c367g-000.json,,contestants\E04\13-archives\GitHub-original-479c2416b6261ee841052eef4881df0e40054f3f.zip,ChandraguptSharma07-matrix-multiplication-tensor-3x3-479c2416b6261ee841052eef4881df0e40054f3f/results/collections/le145/s139_018a47a575012138_HKS-linz_11a3b3d2j4n__i41w163c367g-000.json,2058,de78500d31eb4cae85a16fb20b94cc13205e955fecbddaa76c70b98b1588670d,1dae7744,479c2416b6261ee841052eef4881df0e40054f3f,Authenticated GitHub snapshot ChandraguptSharma07/matrix-multiplication-tensor-3x3,Original archive CRC and member SHA256 verified
352781,E04,06-data,Matrix multiplication,Original pinned GitHub repository; static role inference,results/collections/le145/s139_018a47a575012138_HKS-linz_classic__smirnov.json,,contestants\E04\13-archives\GitHub-original-479c2416b6261ee841052eef4881df0e40054f3f.zip,ChandraguptSharma07-matrix-multiplication-tensor-3x3-479c2416b6261ee841052eef4881df0e40054f3f/results/collections/le145/s139_018a47a575012138_HKS-linz_classic__smirnov.json,2055,e0a3573cfacb2f9713bdfaca5deff5181f3e5aec74427a9e8a82db08087a7a5c,16fae0ab,479c2416b6261ee841052eef4881df0e40054f3f,Authenticated GitHub snapshot ChandraguptSharma07/matrix-multiplication-tensor-3x3,Original archive CRC and member SHA256 verified
352782,E04,06-data,Matrix multiplication,Original pinned GitHub repository; static role inference,results/collections/le145/s139_018a47a575012138_perminov_Smirnov-333-23-139.json,,contestants\E04\13-archives\GitHub-original-479c2416b6261ee841052eef4881df0e40054f3f.zip,ChandraguptSharma07-matrix-multiplication-tensor-3x3-479c2416b6261ee841052eef4881df0e40054f3f/results/collections/le145/s139_018a47a575012138_perminov_Smirnov-333-23-139.json,2080,b23c425b02228ba0201f51f819f61044a6c30f7664e67cd1702642e01ae11f78,af216c1f,479c2416b6261ee841052eef4881df0e40054f3f,Authenticated GitHub snapshot ChandraguptSharma07/matrix-multiplication-tensor-3x3,Original archive CRC and member SHA256 verified
352783,E04,06-data,General / shared,Original pinned GitHub repository; static role inference,results/collections/le145/s140_005d4b1657e847cf_HKS-linz_11a4b3dj4n__i44w165c235g-000.json,,contestants\E04\13-archives\GitHub-original-479c2416b6261ee841052eef4881df0e40054f3f.zip,ChandraguptSharma07-matrix-multiplication-tensor-3x3-479c2416b6261ee841052eef4881df0e40054f3f/results/collections/le145/s140_005d4b1657e847cf_HKS-linz_11a4b3dj4n__i44w165c235g-000.json,2063,7c588971ea9609df6740ecfcc226fa6fcbcb6268de9a2a8cecf3d0db04a646d2,050bb911,479c2416b6261ee841052eef4881df0e40054f3f,Authenticated GitHub snapshot ChandraguptSharma07/matrix-multiplication-tensor-3x3,Original archive CRC and member SHA256 verified
352784,E04,06-data,General / shared,Original pinned GitHub repository; static role inference,results/collections/le145/s140_009aaf925806d649_HKS-linz_11a4b3dj4n__i44w165c235e-000.json,,contestants\E04\13-archives\GitHub-original-479c2416b6261ee841052eef4881df0e40054f3f.zip,ChandraguptSharma07-matrix-multiplication-tensor-3x3-479c2416b6261ee841052eef4881df0e40054f3f/results/collections/le145/s140_009aaf925806d649_HKS-linz_11a4b3dj4n__i44w165c235e-000.json,2067,138b82dfdc166b8f52a1782b6d709e023305a3bc043237eaa6050c2b99cd0197,84263444,479c2416b6261ee841052eef4881df0e40054f3f,Authenticated GitHub snapshot ChandraguptSharma07/matrix-multiplication-tensor-3x3,Original archive CRC and member SHA256 verified
352785,E04,06-data,General / shared,Original pinned GitHub repository; static role inference,results/collections/le145/s140_009aaf925806d649_HKS-linz_11a4b3dj4n__i44w165c28aj-000.json,,contestants\E04\13-archives\GitHub-original-479c2416b6261ee841052eef4881df0e40054f3f.zip,ChandraguptSharma07-matrix-multiplication-tensor-3x3-479c2416b6261ee841052eef4881df0e40054f3f/results/collections/le145/s140_009aaf925806d649_HKS-linz_11a4b3dj4n__i44w165c28aj-000.json,2058,1451905783ef78dd5681269f39637333ce12685c448e1223059f282d6c2be4d3,a62a50ae,479c2416b6261ee841052eef4881df0e40054f3f,Authenticated GitHub snapshot ChandraguptSharma07/matrix-multiplication-tensor-3x3,Original archive CRC and member SHA256 verified
352786,E04,06-data,General / shared,Original pinned GitHub repository; static role inference,results/collections/le145/s141_000457f9d55a18c8_HKS-linz_11a4b4d4n__i42w167c34ef-000.json,,contestants\E04\13-archives\GitHub-original-479c2416b6261ee841052eef4881df0e40054f3f.zip,ChandraguptSharma07-matrix-multiplication-tensor-3x3-479c2416b6261ee841052eef4881df0e40054f3f/results/collections/le145/s141_000457f9d55a18c8_HKS-linz_11a4b4d4n__i42w167c34ef-000.json,2059,9b43732cc8120e8014b7ce52103c10f72b7fa7014ab611a9a857936e46be4453,e15dfcd8,479c2416b6261ee841052eef4881df0e40054f3f,Authenticated GitHub snapshot ChandraguptSharma07/matrix-multiplication-tensor-3x3,Original archive CRC and member SHA256 verified
352787,E04,06-data,General / shared,Original pinned GitHub repository; static role inference,results/collections/le145/s141_0024a2b91dd69fea_HKS-linz_11a3b3djk4n__i68w167c34ef-000.json,,contestants\E04\13-archives\GitHub-original-479c2416b6261ee841052eef4881df0e40054f3f.zip,ChandraguptSharma07-matrix-multiplication-tensor-3x3-479c2416b6261ee841052eef4881df0e40054f3f/results/collections/le145/s141_0024a2b91dd69fea_HKS-linz_11a3b3djk4n__i68w167c34ef-000.json,2061,2d3095b9f4a879f27de0c1c1f87c3931f0e7784259846d08195b8c95b7eafb72,c2676f52,479c2416b6261ee841052eef4881df0e40054f3f,Authenticated GitHub snapshot ChandraguptSharma07/matrix-multiplication-tensor-3x3,Original archive CRC and member SHA256 verified
352788,E04,06-data,General / shared,Original pinned GitHub repository; static role inference,results/collections/le145/s141_004e6998e5d73ff2_HKS-linz_11a5b3d4n__i46w167c48ae-000.json,,contestants\E04\13-archives\GitHub-original-479c2416b6261ee841052eef4881df0e40054f3f.zip,ChandraguptSharma07-matrix-multiplication-tensor-3x3-479c2416b6261ee841052eef4881df0e40054f3f/results/collections/le145/s141_004e6998e5d73ff2_HKS-linz_11a5b3d4n__i46w167c48ae-000.json,2056,a7e2451e917d203fd4c8d8f96fd69886bc39d523af35b582f873f2573a9b66f8,7aa96c7e,479c2416b6261ee841052eef4881df0e40054f3f,Authenticated GitHub snapshot ChandraguptSharma07/matrix-multiplication-tensor-3x3,Original archive CRC and member SHA256 verified
352789,E04,06-data,General / shared,Original pinned GitHub repository; static role inference,results/collections/le145/s141_006db1770e50729a_HKS-linz_13a2bdgjm4n__i139w179c35eg-000.json,,contestants\E04\13-archives\GitHub-original-479c2416b6261ee841052eef4881df0e40054f3f.zip,ChandraguptSharma07-matrix-multiplication-tensor-3x3-479c2416b6261ee841052eef4881df0e40054f3f/results/collections/le145/s141_006db1770e50729a_HKS-linz_13a2bdgjm4n__i139w179c35eg-000.json,2057,4e0547f2a118278455e4fb1947f09de433f80494c6aa73ed134efab5e7c81054,dc3547e9,479c2416b6261ee841052eef4881df0e40054f3f,Authenticated GitHub snapshot ChandraguptSharma07/matrix-multiplication-tensor-3x3,Original archive CRC and member SHA256 verified
352790,E04,06-data,General / shared,Original pinned GitHub repository; static role inference,results/collections/le145/s141_006df69a0b77404a_HKS-linz_11a3b3djk4n__i68w167c346f-000.json,,contestants\E04\13-archives\GitHub-original-479c2416b6261ee841052eef4881df0e40054f3f.zip,ChandraguptSharma07-matrix-multiplication-tensor-3x3-479c2416b6261ee841052eef4881df0e40054f3f/results/collections/le145/s141_006df69a0b77404a_HKS-linz_11a3b3djk4n__i68w167c346f-000.json,2066,814e62d8b1a84494be1cf9cbfe509629a07cfefc49dc9feefd86544d0e98f1ce,bbf897eb,479c2416b6261ee841052eef4881df0e40054f3f,Authenticated GitHub snapshot ChandraguptSharma07/matrix-multiplication-tensor-3x3,Original archive CRC and member SHA256 verified
352791,E04,06-data,General / shared,Original pinned GitHub repository; static role inference,results/collections/le145/s142_0002c63fd044445d_HKS-linz_14abcdej4n__i133w181c23ci-000.json,,contestants\E04\13-archives\GitHub-original-479c2416b6261ee841052eef4881df0e40054f3f.zip,ChandraguptSharma07-matrix-multiplication-tensor-3x3-479c2416b6261ee841052eef4881df0e40054f3f/results/collections/le145/s142_0002c63fd044445d_HKS-linz_14abcdej4n__i133w181c23ci-000.json,2053,d7d0204edadc1c7cd84e0bdc28559bfde6cf2bdca05cd2f34f8ac021c3541476,07848c45,479c2416b6261ee841052eef4881df0e40054f3f,Authenticated GitHub snapshot ChandraguptSharma07/matrix-multiplication-tensor-3x3,Original archive CRC and member SHA256 verified
352792,E04,06-data,General / shared,Original pinned GitHub repository; static role inference,results/collections/le145/s142_00087b3477058fc3_HKS-linz_11a4b3dm4n__i66w169c248h-000.json,,contestants\E04\13-archives\GitHub-original-479c2416b6261ee841052eef4881df0e40054f3f.zip,ChandraguptSharma07-matrix-multiplication-tensor-3x3-479c2416b6261ee841052eef4881df0e40054f3f/results/collections/le145/s142_00087b3477058fc3_HKS-linz_11a4b3dm4n__i66w169c248h-000.json,2062,9729ade5cd8b0273f204640a4170a6ecdb147b5cfb4fe93524192e4f214f482d,dbe435cc,479c2416b6261ee841052eef4881df0e40054f3f,Authenticated GitHub snapshot ChandraguptSharma07/matrix-multiplication-tensor-3x3,Original archive CRC and member SHA256 verified
352793,E04,06-data,General / shared,Original pinned GitHub repository; static role inference,results/collections/le145/s142_00217d7fc21f120b_HKS-linz_13a4bdj4n__i17w189c367g-000.json,,contestants\E04\13-archives\GitHub-original-479c2416b6261ee841052eef4881df0e40054f3f.zip,ChandraguptSharma07-matrix-multiplication-tensor-3x3-479c2416b6261ee841052eef4881df0e40054f3f/results/collections/le145/s142_00217d7fc21f120b_HKS-linz_13a4bdj4n__i17w189c367g-000.json,2063,a40d525e8b987a27e9edfdd1c9394d06492e22f53e35b34ca88449c0d7c3e4b5,730587b6,479c2416b6261ee841052eef4881df0e40054f3f,Authenticated GitHub snapshot ChandraguptSharma07/matrix-multiplication-tensor-3x3,Original archive CRC and member SHA256 verified
352794,E04,06-data,General / shared,Original pinned GitHub repository; static role inference,results/collections/le145/s142_00663494c320025f_HKS-linz_11a4b3dk4n__i70w169c34dj-000.json,,contestants\E04\13-archives\GitHub-original-479c2416b6261ee841052eef4881df0e40054f3f.zip,ChandraguptSharma07-matrix-multiplication-tensor-3x3-479c2416b6261ee841052eef4881df0e40054f3f/results/collections/le145/s142_00663494c320025f_HKS-linz_11a4b3dk4n__i70w169c34dj-000.json,2059,49261c5d071b2635f0a318ff403027095f0bf3b38b0ec836753ca81fb0dc8c37,26be8120,479c2416b6261ee841052eef4881df0e40054f3f,Authenticated GitHub snapshot ChandraguptSharma07/matrix-multiplication-tensor-3x3,Original archive CRC and member SHA256 verified
352795,E04,06-data,General / shared,Original pinned GitHub repository; static role inference,results/collections/le145/s142_006e94e159848e96_HKS-linz_14a2b2dj4n__i8w187c467g-000.json,,contestants\E04\13-archives\GitHub-original-479c2416b6261ee841052eef4881df0e40054f3f.zip,ChandraguptSharma07-matrix-multiplication-tensor-3x3-479c2416b6261ee841052eef4881df0e40054f3f/results/collections/le145/s142_006e94e159848e96_HKS-linz_14a2b2dj4n__i8w187c467g-000.json,2063,744e29ee637f932839f20f2487ac03994fa7602ba45be11e3f49c64ff676b229,9036c535,479c2416b6261ee841052eef4881df0e40054f3f,Authenticated GitHub snapshot ChandraguptSharma07/matrix-multiplication-tensor-3x3,Original archive CRC and member SHA256 verified
352796,E04,06-data,General / shared,Original pinned GitHub repository; static role inference,results/collections/le145/s142_00867e0627d5e5b5_HKS-linz_11a4b3dm4n__i66w169c48ae-000.json,,contestants\E04\13-archives\GitHub-original-479c2416b6261ee841052eef4881df0e40054f3f.zip,ChandraguptSharma07-matrix-multiplication-tensor-3x3-479c2416b6261ee841052eef4881df0e40054f3f/results/collections/le145/s142_00867e0627d5e5b5_HKS-linz_11a4b3dm4n__i66w169c48ae-000.json,2055,41e30e5b588639863e261527938cbd8a222587d563275f53160a9870db77decb,e678f2a5,479c2416b6261ee841052eef4881df0e40054f3f,Authenticated GitHub snapshot ChandraguptSharma07/matrix-multiplication-tensor-3x3,Original archive CRC and member SHA256 verified
352797,E04,06-data,General / shared,Original pinned GitHub repository; static role inference,results/collections/le145/s142_00a0729efba3b84c_HKS-linz_11a4b3dk4n__i70w169c35eh-000.json,,contestants\E04\13-archives\GitHub-original-479c2416b6261ee841052eef4881df0e40054f3f.zip,ChandraguptSharma07-matrix-multiplication-tensor-3x3-479c2416b6261ee841052eef4881df0e40054f3f/results/collections/le145/s142_00a0729efba3b84c_HKS-linz_11a4b3dk4n__i70w169c35eh-000.json,2062,123602bf111ef61fe6b0e49227ffe1975847a2cf23f291ad4aed682c0c6ec214,caa61509,479c2416b6261ee841052eef4881df0e40054f3f,Authenticated GitHub snapshot ChandraguptSharma07/matrix-multiplication-tensor-3x3,Original archive CRC and member SHA256 verified
352798,E04,06-data,General / shared,Original pinned GitHub repository; static role inference,results/collections/le145/s143_00017bb252cdb428_HKS-linz_10a4b4dj4n__i59w169c48ae-000.json,,contestants\E04\13-archives\GitHub-original-479c2416b6261ee841052eef4881df0e40054f3f.zip,ChandraguptSharma07-matrix-multiplication-tensor-3x3-479c2416b6261ee841052eef4881df0e40054f3f/results/collections/le145/s143_00017bb252cdb428_HKS-linz_10a4b4dj4n__i59w169c48ae-000.json,2063,c1b9a35dd03eb231bfb58260af88de2aee9daaa865eb1f503e238e7db925417a,8854fae0,479c2416b6261ee841052eef4881df0e40054f3f,Authenticated GitHub snapshot ChandraguptSharma07/matrix-multiplication-tensor-3x3,Original archive CRC and member SHA256 verified
352799,E04,06-data,General / shared,Original pinned GitHub repository; static role inference,results/collections/le145/s143_0001fb658c69a705_HKS-linz_13a2bdgjm4n__i139w181c23ci-000.json,,contestants\E04\13-archives\GitHub-original-479c2416b6261ee841052eef4881df0e40054f3f.zip,ChandraguptSharma07-matrix-multiplication-tensor-3x3-479c2416b6261ee841052eef4881df0e40054f3f/results/collections/le145/s143_0001fb658c69a705_HKS-linz_13a2bdgjm4n__i139w181c23ci-000.json,2054,e3093b536c4f41f22a1978ca227a5c354cd176b1716e8efa45b682d2f569b7f1,1338f4fe,479c2416b6261ee841052eef4881df0e40054f3f,Authenticated GitHub snapshot ChandraguptSharma07/matrix-multiplication-tensor-3x3,Original archive CRC and member SHA256 verified
352800,E04,06-data,General / shared,Original pinned GitHub repository; static role inference,results/collections/le145/s143_0003f11047cf6a41_HKS-linz_15a2b2d4n__i4w191c467g-000.json,,contestants\E04\13-archives\GitHub-original-479c2416b6261ee841052eef4881df0e40054f3f.zip,ChandraguptSharma07-matrix-multiplication-tensor-3x3-479c2416b6261ee841052eef4881df0e40054f3f/results/collections/le145/s143_0003f11047cf6a41_HKS-linz_15a2b2d4n__i4w191c467g-000.json,2059,8fcf23aeddd1714574b428c4cb157e85730df16e9c6933d970261a8cc25fb942,b83ad51a,479c2416b6261ee841052eef4881df0e40054f3f,Authenticated GitHub snapshot ChandraguptSharma07/matrix-multiplication-tensor-3x3,Original archive CRC and member SHA256 verified
352801,E04,06-data,General / shared,Original pinned GitHub repository; static role inference,results/collections/le145/s143_0006f6566a6f697e_HKS-linz_11a3b3d2j4n__i41w171c34dj-000.json,,contestants\E04\13-archives\GitHub-original-479c2416b6261ee841052eef4881df0e40054f3f.zip,ChandraguptSharma07-matrix-multiplication-tensor-3x3-479c2416b6261ee841052eef4881df0e40054f3f/results/collections/le145/s143_0006f6566a6f697e_HKS-linz_11a3b3d2j4n__i41w171c34dj-000.json,2058,5ea96b570b94a14f45126ab5a739a2bb1830eb074a2b35e03c6e2800e147f43f,ee3522ce,479c2416b6261ee841052eef4881df0e40054f3f,Authenticated GitHub snapshot ChandraguptSharma07/matrix-multiplication-tensor-3x3,Original archive CRC and member SHA256 verified
352802,E04,06-data,General / shared,Original pinned GitHub repository; static role inference,results/collections/le145/s143_0008c68e74f844f7_HKS-linz_13a2bdgjm4n__i139w183c389h-000.json,,contestants\E04\13-archives\GitHub-original-479c2416b6261ee841052eef4881df0e40054f3f.zip,ChandraguptSharma07-matrix-multiplication-tensor-3x3-479c2416b6261ee841052eef4881df0e40054f3f/results/collections/le145/s143_0008c68e74f844f7_HKS-linz_13a2bdgjm4n__i139w183c389h-000.json,2058,9e20e0deeba0b00a455d62699568176e5bf71ed54a96052ca1f9bba3fb1c2f64,9fc7d6b8,479c2416b6261ee841052eef4881df0e40054f3f,Authenticated GitHub snapshot ChandraguptSharma07/matrix-multiplication-tensor-3x3,Original archive CRC and member SHA256 verified
352803,E04,06-data,General / shared,Original pinned GitHub repository; static role inference,results/collections/le145/s143_000b646285fdc96f_HKS-linz_13a2bdgjm4n__i139w183c347g-000.json,,contestants\E04\13-archives\GitHub-original-479c2416b6261ee841052eef4881df0e40054f3f.zip,ChandraguptSharma07-matrix-multiplication-tensor-3x3-479c2416b6261ee841052eef4881df0e40054f3f/results/collections/le145/s143_000b646285fdc96f_HKS-linz_13a2bdgjm4n__i139w183c347g-000.json,2065,064307d18aff105c4b42fab1adbbe0be0f015a9dc9cf15caea3e6fbba824f8e5,e2b691fb,479c2416b6261ee841052eef4881df0e40054f3f,Authenticated GitHub snapshot ChandraguptSharma07/matrix-multiplication-tensor-3x3,Original archive CRC and member SHA256 verified
352804,E04,06-data,General / shared,Original pinned GitHub repository; static role inference,results/collections/le145/s143_001806bec9306789_HKS-linz_12abcdegj4ns__i107w189c48ae-000.json,,contestants\E04\13-archives\GitHub-original-479c2416b6261ee841052eef4881df0e40054f3f.zip,ChandraguptSharma07-matrix-multiplication-tensor-3x3-479c2416b6261ee841052eef4881df0e40054f3f/results/collections/le145/s143_001806bec9306789_HKS-linz_12abcdegj4ns__i107w189c48ae-000.json,2064,be4953c37b568dffc0fdba86fddda3a4ee88d10a45eca6598f632014788432b7,bb50d9af,479c2416b6261ee841052eef4881df0e40054f3f,Authenticated GitHub snapshot ChandraguptSharma07/matrix-multiplication-tensor-3x3,Original archive CRC and member SHA256 verified
352805,E04,06-data,General / shared,Original pinned GitHub repository; static role inference,results/collections/le145/s143_001806bec9306789_perminov_schemes_results_naive_addition_reduced_ZT_3x3x3_m23_c88_ZT.json,,contestants\E04\13-archives\GitHub-original-479c2416b6261ee841052eef4881df0e40054f3f.zip,ChandraguptSharma07-matrix-multiplication-tensor-3x3-479c2416b6261ee841052eef4881df0e40054f3f/results/collections/le145/s143_001806bec9306789_perminov_schemes_results_naive_addition_reduced_ZT_3x3x3_m23_c88_ZT.json,2069,82d00ec790310c03f211ea2c6ca0b563a9de32ba819001448c0b0bb35bf0267d,de1b9713,479c2416b6261ee841052eef4881df0e40054f3f,Authenticated GitHub snapshot ChandraguptSharma07/matrix-multiplication-tensor-3x3,Original archive CRC and member SHA256 verified
352806,E04,06-data,General / shared,Original pinned GitHub repository; static role inference,results/collections/le145/s143_001aeb91e713996d_HKS-linz_13a4b2d4n__i18w191c235e-000.json,,contestants\E04\13-archives\GitHub-original-479c2416b6261ee841052eef4881df0e40054f3f.zip,ChandraguptSharma07-matrix-multiplication-tensor-3x3-479c2416b6261ee841052eef4881df0e40054f3f/results/collections/le145/s143_001aeb91e713996d_HKS-linz_13a4b2d4n__i18w191c235e-000.json,2069,b1b92fbd66c14fdc88b7a497b93ec61d0e5384823d8f0b62f325ec1f0c3fc9c0,46a3ced1,479c2416b6261ee841052eef4881df0e40054f3f,Authenticated GitHub snapshot ChandraguptSharma07/matrix-multiplication-tensor-3x3,Original archive CRC and member SHA256 verified
352807,E04,06-data,General / shared,Original pinned GitHub repository; static role inference,results/collections/le145/s143_001b4fa0765f9c3d_HKS-linz_15a3bd4n__i6w191c36dj-000.json,,contestants\E04\13-archives\GitHub-original-479c2416b6261ee841052eef4881df0e40054f3f.zip,ChandraguptSharma07-matrix-multiplication-tensor-3x3-479c2416b6261ee841052eef4881df0e40054f3f/results/collections/le145/s143_001b4fa0765f9c3d_HKS-linz_15a3bd4n__i6w191c36dj-000.json,2062,1b58f704af73160f0ad0e058d28a9df279aa0666377a2a16944be4afc492f037,974dff75,479c2416b6261ee841052eef4881df0e40054f3f,Authenticated GitHub snapshot ChandraguptSharma07/matrix-multiplication-tensor-3x3,Original archive CRC and member SHA256 verified
352808,E04,06-data,General / shared,Original pinned GitHub repository; static role inference,results/collections/le145/s143_0025fdd3116bfd30_HKS-linz_12a3b2d2j4n__i27w187c467g-000.json,,contestants\E04\13-archives\GitHub-original-479c2416b6261ee841052eef4881df0e40054f3f.zip,ChandraguptSharma07-matrix-multiplication-tensor-3x3-479c2416b6261ee841052eef4881df0e40054f3f/results/collections/le145/s143_0025fdd3116bfd30_HKS-linz_12a3b2d2j4n__i27w187c467g-000.json,2064,f52f8e848822bea36573e05bb5471f8c7ff55d21568ef61a48bbec348d897816,65ea354f,479c2416b6261ee841052eef4881df0e40054f3f,Authenticated GitHub snapshot ChandraguptSharma07/matrix-multiplication-tensor-3x3,Original archive CRC and member SHA256 verified
352809,E04,06-data,General / shared,Original pinned GitHub repository; static role inference,results/collections/le145/s143_0034d653d7a16c88_HKS-linz_10a4b4dj4n__i59w169c347g-000.json,,contestants\E04\13-archives\GitHub-original-479c2416b6261ee841052eef4881df0e40054f3f.zip,ChandraguptSharma07-matrix-multiplication-tensor-3x3-479c2416b6261ee841052eef4881df0e40054f3f/results/collections/le145/s143_0034d653d7a16c88_HKS-linz_10a4b4dj4n__i59w169c347g-000.json,2064,c15c097cf9bf735ca63514587c412390a10b65b6e2589db3cc842555b2941247,3a2f18e8,479c2416b6261ee841052eef4881df0e40054f3f,Authenticated GitHub snapshot ChandraguptSharma07/matrix-multiplication-tensor-3x3,Original archive CRC and member SHA256 verified
352810,E04,06-data,General / shared,Original pinned GitHub repository; static role inference,results/collections/le145/s143_004f74d93a5f84a6_HKS-linz_11a3b3dkm4n__i75w171c248h-000.json,,contestants\E04\13-archives\GitHub-original-479c2416b6261ee841052eef4881df0e40054f3f.zip,ChandraguptSharma07-matrix-multiplication-tensor-3x3-479c2416b6261ee841052eef4881df0e40054f3f/results/collections/le145/s143_004f74d93a5f84a6_HKS-linz_11a3b3dkm4n__i75w171c248h-000.json,2060,7244dc9fa72fea965c5e803a9542ec5f5d89ea85cc6541999c4ef3eb72181508,661b004c,479c2416b6261ee841052eef4881df0e40054f3f,Authenticated GitHub snapshot ChandraguptSharma07/matrix-multiplication-tensor-3x3,Original archive CRC and member SHA256 verified
352811,E04,06-data,General / shared,Original pinned GitHub repository; static role inference,results/collections/le145/s143_005243360adc2090_HKS-linz_11a3b3d2k4n__i77w171c389h-000.json,,contestants\E04\13-archives\GitHub-original-479c2416b6261ee841052eef4881df0e40054f3f.zip,ChandraguptSharma07-matrix-multiplication-tensor-3x3-479c2416b6261ee841052eef4881df0e40054f3f/results/collections/le145/s143_005243360adc2090_HKS-linz_11a3b3d2k4n__i77w171c389h-000.json,2060,ae508265f328691646e1a168be3fb72ab7a91a111cd8fcfd98b50053c7a8c267,a37be738,479c2416b6261ee841052eef4881df0e40054f3f,Authenticated GitHub snapshot ChandraguptSharma07/matrix-multiplication-tensor-3x3,Original archive CRC and member SHA256 verified
352812,E04,06-data,General / shared,Original pinned GitHub repository; static role inference,results/collections/le145/s144_00014dad5517080b_HKS-linz_13a4bdj4n__i17w185c48ae-000.json,,contestants\E04\13-archives\GitHub-original-479c2416b6261ee841052eef4881df0e40054f3f.zip,ChandraguptSharma07-matrix-multiplication-tensor-3x3-479c2416b6261ee841052eef4881df0e40054f3f/results/collections/le145/s144_00014dad5517080b_HKS-linz_13a4bdj4n__i17w185c48ae-000.json,2061,42366555cd77c0055367826e452cf45968bfdb915e9de029af9224b5b20fe3d7,3ab6a063,479c2416b6261ee841052eef4881df0e40054f3f,Authenticated GitHub snapshot ChandraguptSharma07/matrix-multiplication-tensor-3x3,Original archive CRC and member SHA256 verified
352813,E04,06-data,General / shared,Original pinned GitHub repository; static role inference,results/collections/le145/s144_00015956404b93d9_HKS-linz_13abcdeg4ns__i106w191c347g-000.json,,contestants\E04\13-archives\GitHub-original-479c2416b6261ee841052eef4881df0e40054f3f.zip,ChandraguptSharma07-matrix-multiplication-tensor-3x3-479c2416b6261ee841052eef4881df0e40054f3f/results/collections/le145/s144_00015956404b93d9_HKS-linz_13abcdeg4ns__i106w191c347g-000.json,2070,b54d2bcab2eb7c5e6a07656b8db34ad0ff59519893c582c5225baac627138941,2d47fa94,479c2416b6261ee841052eef4881df0e40054f3f,Authenticated GitHub snapshot ChandraguptSharma07/matrix-multiplication-tensor-3x3,Original archive CRC and member SHA256 verified
352814,E04,06-data,General / shared,Original pinned GitHub repository; static role inference,results/collections/le145/s144_000221e78da01bbe_HKS-linz_10a5b4d4n__i64w171c236f-000.json,,contestants\E04\13-archives\GitHub-original-479c2416b6261ee841052eef4881df0e40054f3f.zip,ChandraguptSharma07-matrix-multiplication-tensor-3x3-479c2416b6261ee841052eef4881df0e40054f3f/results/collections/le145/s144_000221e78da01bbe_HKS-linz_10a5b4d4n__i64w171c236f-000.json,2065,b27ab9cf62bb7a2613597a02e228366b85ccd1b1c45f3876233a8bdcc204b1e0,2eb9c9da,479c2416b6261ee841052eef4881df0e40054f3f,Authenticated GitHub snapshot ChandraguptSharma07/matrix-multiplication-tensor-3x3,Original archive CRC and member SHA256 verified
352815,E04,06-data,General / shared,Original pinned GitHub repository; static role inference,results/collections/le145/s144_000286ce48583591_HKS-linz_12a2b2de2j4n__i49w193c49hi-000.json,,contestants\E04\13-archives\GitHub-original-479c2416b6261ee841052eef4881df0e40054f3f.zip,ChandraguptSharma07-matrix-multiplication-tensor-3x3-479c2416b6261ee841052eef4881df0e40054f3f/results/collections/le145/s144_000286ce48583591_HKS-linz_12a2b2de2j4n__i49w193c49hi-000.json,2070,1fb36f241da6facf3cafbd1544a6c59e37a05b290a06d79bb033763493a57f45,ce770dca,479c2416b6261ee841052eef4881df0e40054f3f,Authenticated GitHub snapshot ChandraguptSharma07/matrix-multiplication-tensor-3x3,Original archive CRC and member SHA256 verified
352816,E04,06-data,General / shared,Original pinned GitHub repository; static role inference,results/collections/le145/s144_0003554a64b24ab2_HKS-linz_11a4b3dj4n__i44w173c346f-000.json,,contestants\E04\13-archives\GitHub-original-479c2416b6261ee841052eef4881df0e40054f3f.zip,ChandraguptSharma07-matrix-multiplication-tensor-3x3-479c2416b6261ee841052eef4881df0e40054f3f/results/collections/le145/s144_0003554a64b24ab2_HKS-linz_11a4b3dj4n__i44w173c346f-000.json,2060,8655d757818bd25a6b310271168160ed076da2736b1207289fbad2dffe184e03,b017cf03,479c2416b6261ee841052eef4881df0e40054f3f,Authenticated GitHub snapshot ChandraguptSharma07/matrix-multiplication-tensor-3x3,Original archive CRC and member SHA256 verified
352817,E04,06-data,General / shared,Original pinned GitHub repository; static role inference,results/collections/le145/s144_0004c40de09b0c08_HKS-linz_12a4b2dj4n__i28w191c28aj-000.json,,contestants\E04\13-archives\GitHub-original-479c2416b6261ee841052eef4881df0e40054f3f.zip,ChandraguptSharma07-matrix-multiplication-tensor-3x3-479c2416b6261ee841052eef4881df0e40054f3f/results/collections/le145/s144_0004c40de09b0c08_HKS-linz_12a4b2dj4n__i28w191c28aj-000.json,2060,c4580f01e42303ae1fc1dbe62648fe94d769d8a2819a2797b06426d40b68510e,4e057f10,479c2416b6261ee841052eef4881df0e40054f3f,Authenticated GitHub snapshot ChandraguptSharma07/matrix-multiplication-tensor-3x3,Original archive CRC and member SHA256 verified
352818,E04,06-data,General / shared,Original pinned GitHub repository; static role inference,results/collections/le145/s144_00064ce60bd33d2d_HKS-linz_14a2b2dj4n__i8w189c36dh-000.json,,contestants\E04\13-archives\GitHub-original-479c2416b6261ee841052eef4881df0e40054f3f.zip,ChandraguptSharma07-matrix-multiplication-tensor-3x3-479c2416b6261ee841052eef4881df0e40054f3f/results/collections/le145/s144_00064ce60bd33d2d_HKS-linz_14a2b2dj4n__i8w189c36dh-000.json,2060,d8b3949ffa4a3f2cb76881f706c054cb428411d0c07e4ca383bb934231192262,c9cb6435,479c2416b6261ee841052eef4881df0e40054f3f,Authenticated GitHub snapshot ChandraguptSharma07/matrix-multiplication-tensor-3x3,Original archive CRC and member SHA256 verified
352819,E04,06-data,General / shared,Original pinned GitHub repository; static role inference,results/collections/le145/s144_00082908446ac107_HKS-linz_13a3bdej4n__i35w191c236f-000.json,,contestants\E04\13-archives\GitHub-original-479c2416b6261ee841052eef4881df0e40054f3f.zip,ChandraguptSharma07-matrix-multiplication-tensor-3x3-479c2416b6261ee841052eef4881df0e40054f3f/results/collections/le145/s144_00082908446ac107_HKS-linz_13a3bdej4n__i35w191c236f-000.json,2063,f8d4cf7328f8c1b474c32b84c6cdc687a3c49927f7654cec5cc820adb9b763f8,cb7b04d7,479c2416b6261ee841052eef4881df0e40054f3f,Authenticated GitHub snapshot ChandraguptSharma07/matrix-multiplication-tensor-3x3,Original archive CRC and member SHA256 verified
352820,E04,06-data,General / shared,Original pinned GitHub repository; static role inference,results/collections/le145/s144_000b237355ea0381_HKS-linz_14abcdej4n__i133w183c349i-000.json,,contestants\E04\13-archives\GitHub-original-479c2416b6261ee841052eef4881df0e40054f3f.zip,ChandraguptSharma07-matrix-multiplication-tensor-3x3-479c2416b6261ee841052eef4881df0e40054f3f/results/collections/le145/s144_000b237355ea0381_HKS-linz_14abcdej4n__i133w183c349i-000.json,2066,f281472346c404650a5c3590405568a7969c506b98a998909f754e8fc47c23a7,2fc51d6e,479c2416b6261ee841052eef4881df0e40054f3f,Authenticated GitHub snapshot ChandraguptSharma07/matrix-multiplication-tensor-3x3,Original archive CRC and member SHA256 verified
352821,E04,06-data,General / shared,Original pinned GitHub repository; static role inference,results/collections/le145/s144_000b2be469006fe7_HKS-linz_10a5b4d4n__i64w171c48ae-000.json,,contestants\E04\13-archives\GitHub-original-479c2416b6261ee841052eef4881df0e40054f3f.zip,ChandraguptSharma07-matrix-multiplication-tensor-3x3-479c2416b6261ee841052eef4881df0e40054f3f/results/collections/le145/s144_000b2be469006fe7_HKS-linz_10a5b4d4n__i64w171c48ae-000.json,2061,15acf737fe8115ae91abac38ee32759d767391a95001e8710c8a359f92fefa85,f5877f98,479c2416b6261ee841052eef4881df0e40054f3f,Authenticated GitHub snapshot ChandraguptSharma07/matrix-multiplication-tensor-3x3,Original archive CRC and member SHA256 verified
352822,E04,06-data,General / shared,Original pinned GitHub repository; static role inference,results/collections/le145/s144_000c7fb5c560cb6f_HKS-linz_14abcdej4n__i133w183c48eh-000.json,,contestants\E04\13-archives\GitHub-original-479c2416b6261ee841052eef4881df0e40054f3f.zip,ChandraguptSharma07-matrix-multiplication-tensor-3x3-479c2416b6261ee841052eef4881df0e40054f3f/results/collections/le145/s144_000c7fb5c560cb6f_HKS-linz_14abcdej4n__i133w183c48eh-000.json,2058,e953242e6656564d6cb359f6072247d7ab12c3d670a8b431d0740680bd8ff64c,db58fa16,479c2416b6261ee841052eef4881df0e40054f3f,Authenticated GitHub snapshot ChandraguptSharma07/matrix-multiplication-tensor-3x3,Original archive CRC and member SHA256 verified
352823,E04,06-data,General / shared,Original pinned GitHub repository; static role inference,results/collections/le145/s144_000d494c4148d1f7_HKS-linz_12a4b2dj4n__i28w183c23ci-001.json,,contestants\E04\13-archives\GitHub-original-479c2416b6261ee841052eef4881df0e40054f3f.zip,ChandraguptSharma07-matrix-multiplication-tensor-3x3-479c2416b6261ee841052eef4881df0e40054f3f/results/collections/le145/s144_000d494c4148d1f7_HKS-linz_12a4b2dj4n__i28w183c23ci-001.json,2055,23b3c6b2d1ce51ebdab05ca3e3a461b39d629e543110e684d25f9208bcc07abb,3995cd63,479c2416b6261ee841052eef4881df0e40054f3f,Authenticated GitHub snapshot ChandraguptSharma07/matrix-multiplication-tensor-3x3,Original archive CRC and member SHA256 verified
352824,E04,06-data,General / shared,Original pinned GitHub repository; static role inference,results/collections/le145/s144_001385800c22e923_HKS-linz_13abcdeg4ns__i106w191c23ci-000.json,,contestants\E04\13-archives\GitHub-original-479c2416b6261ee841052eef4881df0e40054f3f.zip,ChandraguptSharma07-matrix-multiplication-tensor-3x3-479c2416b6261ee841052eef4881df0e40054f3f/results/collections/le145/s144_001385800c22e923_HKS-linz_13abcdeg4ns__i106w191c23ci-000.json,2054,e7414b26be7ea1b482b97ef31c18871460dad56fa322ec06c482a401d651cb97,19f8494b,479c2416b6261ee841052eef4881df0e40054f3f,Authenticated GitHub snapshot ChandraguptSharma07/matrix-multiplication-tensor-3x3,Original archive CRC and member SHA256 verified
352825,E04,06-data,General / shared,Original pinned GitHub repository; static role inference,results/collections/le145/s144_0013a944cdf9694c_HKS-linz_13a3b2dj4n__i16w193c239e-000.json,,contestants\E04\13-archives\GitHub-original-479c2416b6261ee841052eef4881df0e40054f3f.zip,ChandraguptSharma07-matrix-multiplication-tensor-3x3-479c2416b6261ee841052eef4881df0e40054f3f/results/collections/le145/s144_0013a944cdf9694c_HKS-linz_13a3b2dj4n__i16w193c239e-000.json,2063,c7ccdab680bdd81c22274fe0750ebc9ea5ba68853bffca790b25d178470a00ee,fd362f6b,479c2416b6261ee841052eef4881df0e40054f3f,Authenticated GitHub snapshot ChandraguptSharma07/matrix-multiplication-tensor-3x3,Original archive CRC and member SHA256 verified
352826,E04,06-data,General / shared,Original pinned GitHub repository; static role inference,results/collections/le145/s144_0016cff718ed5c1b_HKS-linz_11a4b3dj4n__i44w173c35eh-000.json,,contestants\E04\13-archives\GitHub-original-479c2416b6261ee841052eef4881df0e40054f3f.zip,ChandraguptSharma07-matrix-multiplication-tensor-3x3-479c2416b6261ee841052eef4881df0e40054f3f/results/collections/le145/s144_0016cff718ed5c1b_HKS-linz_11a4b3dj4n__i44w173c35eh-000.json,2062,a0bb51899cfc61b43fd76920b8e6e28a0132f53635880e2a1a0db8d6b4971b17,4aed0c2b,479c2416b6261ee841052eef4881df0e40054f3f,Authenticated GitHub snapshot ChandraguptSharma07/matrix-multiplication-tensor-3x3,Original archive CRC and member SHA256 verified
352827,E04,06-data,General / shared,Original pinned GitHub repository; static role inference,results/collections/le145/s144_00179e79c571fce5_HKS-linz_14abcdej4n__i133w183c36dj-000.json,,contestants\E04\13-archives\GitHub-original-479c2416b6261ee841052eef4881df0e40054f3f.zip,ChandraguptSharma07-matrix-multiplication-tensor-3x3-479c2416b6261ee841052eef4881df0e40054f3f/results/collections/le145/s144_00179e79c571fce5_HKS-linz_14abcdej4n__i133w183c36dj-000.json,2061,5bf462c0cdd364b6c354b15423edac1fd0dafe16353759e5e17e0c7c45d851ca,824b83d8,479c2416b6261ee841052eef4881df0e40054f3f,Authenticated GitHub snapshot ChandraguptSharma07/matrix-multiplication-tensor-3x3,Original archive CRC and member SHA256 verified
352828,E04,06-data,General / shared,Original pinned GitHub repository; static role inference,results/collections/le145/s144_001a97a4e42ea191_HKS-linz_12a3bdgjm4n__i147w183c236f-000.json,,contestants\E04\13-archives\GitHub-original-479c2416b6261ee841052eef4881df0e40054f3f.zip,ChandraguptSharma07-matrix-multiplication-tensor-3x3-479c2416b6261ee841052eef4881df0e40054f3f/results/collections/le145/s144_001a97a4e42ea191_HKS-linz_12a3bdgjm4n__i147w183c236f-000.json,2063,8805ae853677a6e651c29a3d58b481d2db7461ed56ae00652ac3a6bce9c17cd7,a31a8dad,479c2416b6261ee841052eef4881df0e40054f3f,Authenticated GitHub snapshot ChandraguptSharma07/matrix-multiplication-tensor-3x3,Original archive CRC and member SHA256 verified
352829,E04,06-data,General / shared,Original pinned GitHub repository; static role inference,results/collections/le145/s144_001dcf201b1d73c9_HKS-linz_13a4bdm4n__i35w193c37eg-000.json,,contestants\E04\13-archives\GitHub-original-479c2416b6261ee841052eef4881df0e40054f3f.zip,ChandraguptSharma07-matrix-multiplication-tensor-3x3-479c2416b6261ee841052eef4881df0e40054f3f/results/collections/le145/s144_001dcf201b1d73c9_HKS-linz_13a4bdm4n__i35w193c37eg-000.json,2063,fb950019bcd1206aa397c17a81e1da828bf668be48b614bb782afd36c647829d,b30ae00a,479c2416b6261ee841052eef4881df0e40054f3f,Authenticated GitHub snapshot ChandraguptSharma07/matrix-multiplication-tensor-3x3,Original archive CRC and member SHA256 verified
352830,E04,06-data,General / shared,Original pinned GitHub repository; static role inference,results/collections/le145/s144_002114615c518be9_HKS-linz_11a3b2dgjm4n__i156w183c367g-000.json,,contestants\E04\13-archives\GitHub-original-479c2416b6261ee841052eef4881df0e40054f3f.zip,ChandraguptSharma07-matrix-multiplication-tensor-3x3-479c2416b6261ee841052eef4881df0e40054f3f/results/collections/le145/s144_002114615c518be9_HKS-linz_11a3b2dgjm4n__i156w183c367g-000.json,2066,6db68037d71fa596cd6dd3a4bb5681dfcc4ec566c2283dc8e51a06c4791e7d3d,35ab5787,479c2416b6261ee841052eef4881df0e40054f3f,Authenticated GitHub snapshot ChandraguptSharma07/matrix-multiplication-tensor-3x3,Original archive CRC and member SHA256 verified
352831,E04,06-data,General / shared,Original pinned GitHub repository; static role inference,results/collections/le145/s144_0022efa643e4e908_HKS-linz_13a3b2dj4n__i16w191c467g-000.json,,contestants\E04\13-archives\GitHub-original-479c2416b6261ee841052eef4881df0e40054f3f.zip,ChandraguptSharma07-matrix-multiplication-tensor-3x3-479c2416b6261ee841052eef4881df0e40054f3f/results/collections/le145/s144_0022efa643e4e908_HKS-linz_13a3b2dj4n__i16w191c467g-000.json,2059,58a0c2f14e58dbf0e2fd4f07b0dd1e022480586bd0b7b666be2176160bfb1f8e,19650220,479c2416b6261ee841052eef4881df0e40054f3f,Authenticated GitHub snapshot ChandraguptSharma07/matrix-multiplication-tensor-3x3,Original archive CRC and member SHA256 verified
352832,E04,06-data,General / shared,Original pinned GitHub repository; static role inference,results/collections/le145/s144_00240c3b29b7a2af_HKS-linz_11a4b2dej4n__i70w191c48ah-000.json,,contestants\E04\13-archives\GitHub-original-479c2416b6261ee841052eef4881df0e40054f3f.zip,ChandraguptSharma07-matrix-multiplication-tensor-3x3-479c2416b6261ee841052eef4881df0e40054f3f/results/collections/le145/s144_00240c3b29b7a2af_HKS-linz_11a4b2dej4n__i70w191c48ah-000.json,2061,e7bc4e6ce91a020c9d3cbdd80a7cacac093461776b698f7931b4e7fb098881f1,40bc9ccd,479c2416b6261ee841052eef4881df0e40054f3f,Authenticated GitHub snapshot ChandraguptSharma07/matrix-multiplication-tensor-3x3,Original archive CRC and member SHA256 verified
352833,E04,06-data,General / shared,Original pinned GitHub repository; static role inference,results/collections/le145/s144_002820473ff46994_HKS-linz_12a3bdgjm4n__i147w183c34ef-000.json,,contestants\E04\13-archives\GitHub-original-479c2416b6261ee841052eef4881df0e40054f3f.zip,ChandraguptSharma07-matrix-multiplication-tensor-3x3-479c2416b6261ee841052eef4881df0e40054f3f/results/collections/le145/s144_002820473ff46994_HKS-linz_12a3bdgjm4n__i147w183c34ef-000.json,2059,fc68988dac0922582180e143fe968a992dccbd99cf89d6ca179d2e58f106358b,844e0af3,479c2416b6261ee841052eef4881df0e40054f3f,Authenticated GitHub snapshot ChandraguptSharma07/matrix-multiplication-tensor-3x3,Original archive CRC and member SHA256 verified
352834,E04,06-data,General / shared,Original pinned GitHub repository; static role inference,results/collections/le145/s144_0039a2dad592e5cd_HKS-linz_11a4b3dj4n__i44w173c347g-001.json,,contestants\E04\13-archives\GitHub-original-479c2416b6261ee841052eef4881df0e40054f3f.zip,ChandraguptSharma07-matrix-multiplication-tensor-3x3-479c2416b6261ee841052eef4881df0e40054f3f/results/collections/le145/s144_0039a2dad592e5cd_HKS-linz_11a4b3dj4n__i44w173c347g-001.json,2061,a14029d7cc41f8035f28ed7ee57085b0d0a68d9aad0740db3cd979c05ae51afd,62ddf86f,479c2416b6261ee841052eef4881df0e40054f3f,Authenticated GitHub snapshot ChandraguptSharma07/matrix-multiplication-tensor-3x3,Original archive CRC and member SHA256 verified
352835,E04,06-data,General / shared,Original pinned GitHub repository; static role inference,results/collections/le145/s144_0039acc5b954ffbf_HKS-linz_10a4b4dj4n__i59w173c236f-000.json,,contestants\E04\13-archives\GitHub-original-479c2416b6261ee841052eef4881df0e40054f3f.zip,ChandraguptSharma07-matrix-multiplication-tensor-3x3-479c2416b6261ee841052eef4881df0e40054f3f/results/collections/le145/s144_0039acc5b954ffbf_HKS-linz_10a4b4dj4n__i59w173c236f-000.json,2060,f9d907b95ae24dc2935ca4c47f3065392bcd46fc59c96c6b5d9ca7c7fd3adfee,9204f912,479c2416b6261ee841052eef4881df0e40054f3f,Authenticated GitHub snapshot ChandraguptSharma07/matrix-multiplication-tensor-3x3,Original archive CRC and member SHA256 verified
352836,E04,06-data,General / shared,Original pinned GitHub repository; static role inference,results/collections/le145/s144_003b0d13ce00db82_HKS-linz_10a4b4dj4n__i59w173c346f-000.json,,contestants\E04\13-archives\GitHub-original-479c2416b6261ee841052eef4881df0e40054f3f.zip,ChandraguptSharma07-matrix-multiplication-tensor-3x3-479c2416b6261ee841052eef4881df0e40054f3f/results/collections/le145/s144_003b0d13ce00db82_HKS-linz_10a4b4dj4n__i59w173c346f-000.json,2066,14c82ddba463119e38cadf5b1190d9fb30211af03fc63dea01faccd3565ce443,1273fb94,479c2416b6261ee841052eef4881df0e40054f3f,Authenticated GitHub snapshot ChandraguptSharma07/matrix-multiplication-tensor-3x3,Original archive CRC and member SHA256 verified
352837,E04,06-data,General / shared,Original pinned GitHub repository; static role inference,results/collections/le145/s144_00422bae5361d681_HKS-linz_11a3b2djk4ns__i154w187c23ci-002.json,,contestants\E04\13-archives\GitHub-original-479c2416b6261ee841052eef4881df0e40054f3f.zip,ChandraguptSharma07-matrix-multiplication-tensor-3x3-479c2416b6261ee841052eef4881df0e40054f3f/results/collections/le145/s144_00422bae5361d681_HKS-linz_11a3b2djk4ns__i154w187c23ci-002.json,2056,3756ce589355874500b03521d9bce49446a5a6ed43bfb7da042e95b23efe7273,4a6c61bc,479c2416b6261ee841052eef4881df0e40054f3f,Authenticated GitHub snapshot ChandraguptSharma07/matrix-multiplication-tensor-3x3,Original archive CRC and member SHA256 verified
352838,E04,06-data,General / shared,Original pinned GitHub repository; static role inference,results/collections/le145/s144_0046a305647dcce3_HKS-linz_14a2b2dj4n__i8w195c236b-000.json,,contestants\E04\13-archives\GitHub-original-479c2416b6261ee841052eef4881df0e40054f3f.zip,ChandraguptSharma07-matrix-multiplication-tensor-3x3-479c2416b6261ee841052eef4881df0e40054f3f/results/collections/le145/s144_0046a305647dcce3_HKS-linz_14a2b2dj4n__i8w195c236b-000.json,2067,bc5d75fb9a056d85558b68b7a1b7e2d12c335f8d92e2abd21189d26f89d84ea0,923bceeb,479c2416b6261ee841052eef4881df0e40054f3f,Authenticated GitHub snapshot ChandraguptSharma07/matrix-multiplication-tensor-3x3,Original archive CRC and member SHA256 verified
352839,E04,06-data,General / shared,Original pinned GitHub repository; static role inference,results/collections/le145/s144_0052a7ad77fb0793_HKS-linz_12a3bdgjm4n__i147w183c347g-000.json,,contestants\E04\13-archives\GitHub-original-479c2416b6261ee841052eef4881df0e40054f3f.zip,ChandraguptSharma07-matrix-multiplication-tensor-3x3-479c2416b6261ee841052eef4881df0e40054f3f/results/collections/le145/s144_0052a7ad77fb0793_HKS-linz_12a3bdgjm4n__i147w183c347g-000.json,2060,818f95555bb7eee71f3f58c8bec08b4029be42ee3bbd86cc019d41649a3ed1a4,02a6a0f7,479c2416b6261ee841052eef4881df0e40054f3f,Authenticated GitHub snapshot ChandraguptSharma07/matrix-multiplication-tensor-3x3,Original archive CRC and member SHA256 verified
352840,E04,06-data,General / shared,Original pinned GitHub repository; static role inference,results/collections/le145/s144_00533a0231384ab8_HKS-linz_11a4b3dj4n__i44w173c347g-000.json,,contestants\E04\13-archives\GitHub-original-479c2416b6261ee841052eef4881df0e40054f3f.zip,ChandraguptSharma07-matrix-multiplication-tensor-3x3-479c2416b6261ee841052eef4881df0e40054f3f/results/collections/le145/s144_00533a0231384ab8_HKS-linz_11a4b3dj4n__i44w173c347g-000.json,2064,239e03ffeba88a99f314e6d68eeebd359308d7c8c6b3c05ac1eddbdfd7645381,b5539498,479c2416b6261ee841052eef4881df0e40054f3f,Authenticated GitHub snapshot ChandraguptSharma07/matrix-multiplication-tensor-3x3,Original archive CRC and member SHA256 verified
352841,E04,06-data,General / shared,Original pinned GitHub repository; static role inference,results/collections/le145/s144_00546849317c262b_HKS-linz_11a5b2dj4n__i45w185c239i-000.json,,contestants\E04\13-archives\GitHub-original-479c2416b6261ee841052eef4881df0e40054f3f.zip,ChandraguptSharma07-matrix-multiplication-tensor-3x3-479c2416b6261ee841052eef4881df0e40054f3f/results/collections/le145/s144_00546849317c262b_HKS-linz_11a5b2dj4n__i45w185c239i-000.json,2064,553dfc1a44d9e835127b43a47c47b013cc186ce17ea5bf9d2bf301a6f016a041,41d4e732,479c2416b6261ee841052eef4881df0e40054f3f,Authenticated GitHub snapshot ChandraguptSharma07/matrix-multiplication-tensor-3x3,Original archive CRC and member SHA256 verified
352842,E04,06-data,General / shared,Original pinned GitHub repository; static role inference,results/collections/le145/s144_00548f8bec8880a0_HKS-linz_14abcdej4n__i133w183c236f-000.json,,contestants\E04\13-archives\GitHub-original-479c2416b6261ee841052eef4881df0e40054f3f.zip,ChandraguptSharma07-matrix-multiplication-tensor-3x3-479c2416b6261ee841052eef4881df0e40054f3f/results/collections/le145/s144_00548f8bec8880a0_HKS-linz_14abcdej4n__i133w183c236f-000.json,2053,3dbf94ea9f2b54ae7818d0ab873c37e7583c25a640a5cbfbb9c5c2bd259c5d34,9fa0cc97,479c2416b6261ee841052eef4881df0e40054f3f,Authenticated GitHub snapshot ChandraguptSharma07/matrix-multiplication-tensor-3x3,Original archive CRC and member SHA256 verified
352843,E04,06-data,General / shared,Original pinned GitHub repository; static role inference,results/collections/le145/s144_0069913dd6e4c24e_HKS-linz_11a3b2dgjm4n__i156w183c239i-000.json,,contestants\E04\13-archives\GitHub-original-479c2416b6261ee841052eef4881df0e40054f3f.zip,ChandraguptSharma07-matrix-multiplication-tensor-3x3-479c2416b6261ee841052eef4881df0e40054f3f/results/collections/le145/s144_0069913dd6e4c24e_HKS-linz_11a3b2dgjm4n__i156w183c239i-000.json,2063,c7fe0bf931b1030856689610a9bc5fa3f2956a57118c58d2e6ace518368e0c84,13331eeb,479c2416b6261ee841052eef4881df0e40054f3f,Authenticated GitHub snapshot ChandraguptSharma07/matrix-multiplication-tensor-3x3,Original archive CRC and member SHA256 verified
352844,E04,06-data,General / shared,Original pinned GitHub repository; static role inference,results/collections/le145/s144_007c1e270eb963b5_HKS-linz_13a3b2dj4n__i16w191c23ci-000.json,,contestants\E04\13-archives\GitHub-original-479c2416b6261ee841052eef4881df0e40054f3f.zip,ChandraguptSharma07-matrix-multiplication-tensor-3x3-479c2416b6261ee841052eef4881df0e40054f3f/results/collections/le145/s144_007c1e270eb963b5_HKS-linz_13a3b2dj4n__i16w191c23ci-000.json,2063,16b66f0e8776fe2a414da362d2b35a4f594b3609df1a5740264d099ae9cff5d4,c80f4924,479c2416b6261ee841052eef4881df0e40054f3f,Authenticated GitHub snapshot ChandraguptSharma07/matrix-multiplication-tensor-3x3,Original archive CRC and member SHA256 verified
352845,E04,06-data,General / shared,Original pinned GitHub repository; static role inference,results/collections/le145/s144_00b1dce949ed3b6b_HKS-linz_13a3b2dj4n__i16w191c36ef-000.json,,contestants\E04\13-archives\GitHub-original-479c2416b6261ee841052eef4881df0e40054f3f.zip,ChandraguptSharma07-matrix-multiplication-tensor-3x3-479c2416b6261ee841052eef4881df0e40054f3f/results/collections/le145/s144_00b1dce949ed3b6b_HKS-linz_13a3b2dj4n__i16w191c36ef-000.json,2067,fd5c02e9628b04ea095eb3f9cb534ea7484299f193066c262dd5ed9beb811343,ec796480,479c2416b6261ee841052eef4881df0e40054f3f,Authenticated GitHub snapshot ChandraguptSharma07/matrix-multiplication-tensor-3x3,Original archive CRC and member SHA256 verified
352846,E04,06-data,General / shared,Original pinned GitHub repository; static role inference,results/collections/le145/s144_00b61b676fe354b0_HKS-linz_11a4b3dj4n__i44w197c38eh-000.json,,contestants\E04\13-archives\GitHub-original-479c2416b6261ee841052eef4881df0e40054f3f.zip,ChandraguptSharma07-matrix-multiplication-tensor-3x3-479c2416b6261ee841052eef4881df0e40054f3f/results/collections/le145/s144_00b61b676fe354b0_HKS-linz_11a4b3dj4n__i44w197c38eh-000.json,2057,6d99f9a4bf5deaec78ccefce496fccc0e75b326d97748565952081f2786934c1,c29b6854,479c2416b6261ee841052eef4881df0e40054f3f,Authenticated GitHub snapshot ChandraguptSharma07/matrix-multiplication-tensor-3x3,Original archive CRC and member SHA256 verified
352847,E04,06-data,General / shared,Original pinned GitHub repository; static role inference,results/collections/le145/s145_000439207d331357_HKS-linz_13a2bdgjm4n__i139w185c236f-000.json,,contestants\E04\13-archives\GitHub-original-479c2416b6261ee841052eef4881df0e40054f3f.zip,ChandraguptSharma07-matrix-multiplication-tensor-3x3-479c2416b6261ee841052eef4881df0e40054f3f/results/collections/le145/s145_000439207d331357_HKS-linz_13a2bdgjm4n__i139w185c236f-000.json,2068,49e3bb6fbf63a5682783e4ca0f62c03e2e0e182032d394ab6f1c000b207bd28d,6d37b0e2,479c2416b6261ee841052eef4881df0e40054f3f,Authenticated GitHub snapshot ChandraguptSharma07/matrix-multiplication-tensor-3x3,Original archive CRC and member SHA256 verified
352848,E04,06-data,General / shared,Original pinned GitHub repository; static role inference,results/collections/le145/s145_0005f2ca80fee3b7_HKS-linz_11a5b3d4n__i46w175c23eg-000.json,,contestants\E04\13-archives\GitHub-original-479c2416b6261ee841052eef4881df0e40054f3f.zip,ChandraguptSharma07-matrix-multiplication-tensor-3x3-479c2416b6261ee841052eef4881df0e40054f3f/results/collections/le145/s145_0005f2ca80fee3b7_HKS-linz_11a5b3d4n__i46w175c23eg-000.json,2056,0336b2321d45cecac91ec99caef3da164bbabc7d35c0ee74794df64bf82dcaf0,e6ba2eeb,479c2416b6261ee841052eef4881df0e40054f3f,Authenticated GitHub snapshot ChandraguptSharma07/matrix-multiplication-tensor-3x3,Original archive CRC and member SHA256 verified
352849,E04,06-data,General / shared,Original pinned GitHub repository; static role inference,results/collections/le145/s145_000852bcd95f873f_HKS-linz_13a4b2d4n__i18w187c48ae-000.json,,contestants\E04\13-archives\GitHub-original-479c2416b6261ee841052eef4881df0e40054f3f.zip,ChandraguptSharma07-matrix-multiplication-tensor-3x3-479c2416b6261ee841052eef4881df0e40054f3f/results/collections/le145/s145_000852bcd95f873f_HKS-linz_13a4b2d4n__i18w187c48ae-000.json,2062,4685670ca1dcc838e86c3d0f24df8d4dfc483e217516adca10dd2cc6cb758256,34c359a5,479c2416b6261ee841052eef4881df0e40054f3f,Authenticated GitHub snapshot ChandraguptSharma07/matrix-multiplication-tensor-3x3,Original archive CRC and member SHA256 verified
352850,E04,06-data,General / shared,Original pinned GitHub repository; static role inference,results/collections/le145/s145_000fb0926c43a572_HKS-linz_11a3b3djk4n__i68w175c35eh-000.json,,contestants\E04\13-archives\GitHub-original-479c2416b6261ee841052eef4881df0e40054f3f.zip,ChandraguptSharma07-matrix-multiplication-tensor-3x3-479c2416b6261ee841052eef4881df0e40054f3f/results/collections/le145/s145_000fb0926c43a572_HKS-linz_11a3b3djk4n__i68w175c35eh-000.json,2067,986543df53a96307c8a5844c615687fb590bebb9d81fb5165278ed148073957f,6466923a,479c2416b6261ee841052eef4881df0e40054f3f,Authenticated GitHub snapshot ChandraguptSharma07/matrix-multiplication-tensor-3x3,Original archive CRC and member SHA256 verified
352851,E04,06-data,General / shared,Original pinned GitHub repository; static role inference,results/collections/le145/s145_0010bbae6eeb769c_HKS-linz_13a2bdgjm4n__i139w185c239i-000.json,,contestants\E04\13-archives\GitHub-original-479c2416b6261ee841052eef4881df0e40054f3f.zip,ChandraguptSharma07-matrix-multiplication-tensor-3x3-479c2416b6261ee841052eef4881df0e40054f3f/results/collections/le145/s145_0010bbae6eeb769c_HKS-linz_13a2bdgjm4n__i139w185c239i-000.json,2058,08c9d16228c4d1d0f04897c73fd7220573b3134048835cd9bb0c22c6acfcd02d,38eed4df,479c2416b6261ee841052eef4881df0e40054f3f,Authenticated GitHub snapshot ChandraguptSharma07/matrix-multiplication-tensor-3x3,Original archive CRC and member SHA256 verified
352852,E04,06-data,General / shared,Original pinned GitHub repository; static role inference,results/collections/le145/s145_0010cfd7050f49bc_HKS-linz_13a2bdgjm4n__i139w185c23ci-000.json,,contestants\E04\13-archives\GitHub-original-479c2416b6261ee841052eef4881df0e40054f3f.zip,ChandraguptSharma07-matrix-multiplication-tensor-3x3-479c2416b6261ee841052eef4881df0e40054f3f/results/collections/le145/s145_0010cfd7050f49bc_HKS-linz_13a2bdgjm4n__i139w185c23ci-000.json,2054,74f92407a4c10dd7c584ad2acaa158feedad571de9af774c6656032ce19e0f9d,3ebb09c1,479c2416b6261ee841052eef4881df0e40054f3f,Authenticated GitHub snapshot ChandraguptSharma07/matrix-multiplication-tensor-3x3,Original archive CRC and member SHA256 verified
352853,E04,06-data,General / shared,Original pinned GitHub repository; static role inference,results/collections/le145/s145_0013544017a0be82_HKS-linz_10a5b4d4n__i64w175c236f-001.json,,contestants\E04\13-archives\GitHub-original-479c2416b6261ee841052eef4881df0e40054f3f.zip,ChandraguptSharma07-matrix-multiplication-tensor-3x3-479c2416b6261ee841052eef4881df0e40054f3f/results/collections/le145/s145_0013544017a0be82_HKS-linz_10a5b4d4n__i64w175c236f-001.json,2069,0b314f5a604c8c7c386d57e2b93219391db5183ac789b76c427d4873ce5cddbe,d7f464d7,479c2416b6261ee841052eef4881df0e40054f3f,Authenticated GitHub snapshot ChandraguptSharma07/matrix-multiplication-tensor-3x3,Original archive CRC and member SHA256 verified
352854,E04,06-data,General / shared,Original pinned GitHub repository; static role inference,results/collections/le145/s145_001387685636733b_HKS-linz_13a2bdgjm4n__i139w185c23ci-002.json,,contestants\E04\13-archives\GitHub-original-479c2416b6261ee841052eef4881df0e40054f3f.zip,ChandraguptSharma07-matrix-multiplication-tensor-3x3-479c2416b6261ee841052eef4881df0e40054f3f/results/collections/le145/s145_001387685636733b_HKS-linz_13a2bdgjm4n__i139w185c23ci-002.json,2054,8fc44ff2dc8d34eec4041e01eb74ad058311b3298f2b69536f403be8d8914b63,1d9c4b1f,479c2416b6261ee841052eef4881df0e40054f3f,Authenticated GitHub snapshot ChandraguptSharma07/matrix-multiplication-tensor-3x3,Original archive CRC and member SHA256 verified
352855,E04,06-data,General / shared,Original pinned GitHub repository; static role inference,results/collections/le145/s145_0015b3bd63558e30_HKS-linz_12a3bdegj4n__i146w189c23ci-000.json,,contestants\E04\13-archives\GitHub-original-479c2416b6261ee841052eef4881df0e40054f3f.zip,ChandraguptSharma07-matrix-multiplication-tensor-3x3-479c2416b6261ee841052eef4881df0e40054f3f/results/collections/le145/s145_0015b3bd63558e30_HKS-linz_12a3bdegj4n__i146w189c23ci-000.json,2056,b335c7ed01dc9e04488749a71d5fd0b8f960de3f0ace120adfc298dff38c26f3,c72047fc,479c2416b6261ee841052eef4881df0e40054f3f,Authenticated GitHub snapshot ChandraguptSharma07/matrix-multiplication-tensor-3x3,Original archive CRC and member SHA256 verified
352856,E04,06-data,General / shared,Original pinned GitHub repository; static role inference,results/collections/le145/s145_0016f1e8ccf340dc_HKS-linz_13a3b2dj4n__i16w191c46ef-000.json,,contestants\E04\13-archives\GitHub-original-479c2416b6261ee841052eef4881df0e40054f3f.zip,ChandraguptSharma07-matrix-multiplication-tensor-3x3-479c2416b6261ee841052eef4881df0e40054f3f/results/collections/le145/s145_0016f1e8ccf340dc_HKS-linz_13a3b2dj4n__i16w191c46ef-000.json,2059,c2818620630a18f0a78d9cf94d5e7217d7c38061c6938a28a7054a0d288210d6,7fb921b5,479c2416b6261ee841052eef4881df0e40054f3f,Authenticated GitHub snapshot ChandraguptSharma07/matrix-multiplication-tensor-3x3,Original archive CRC and member SHA256 verified
352857,E04,06-data,Busy Beaver,Original pinned GitHub repository; static role inference,results/collections/le145/s145_001727abc6c9bb6f_HKS-linz_12a4b3d4n__i29w185c23ci-000.json,,contestants\E04\13-archives\GitHub-original-479c2416b6261ee841052eef4881df0e40054f3f.zip,ChandraguptSharma07-matrix-multiplication-tensor-3x3-479c2416b6261ee841052eef4881df0e40054f3f/results/collections/le145/s145_001727abc6c9bb6f_HKS-linz_12a4b3d4n__i29w185c23ci-000.json,2063,ca8f3ecce353ecd841e53c157d2f9a07689e30ebc98397b2372ad5da983fce36,8fe91b16,479c2416b6261ee841052eef4881df0e40054f3f,Authenticated GitHub snapshot ChandraguptSharma07/matrix-multiplication-tensor-3x3,Original archive CRC and member SHA256 verified
352858,E04,06-data,General / shared,Original pinned GitHub repository; static role inference,results/collections/le145/s145_00177f58ce6f46ac_HKS-linz_12a2bc2djk4n__i148w185c34ef-000.json,,contestants\E04\13-archives\GitHub-original-479c2416b6261ee841052eef4881df0e40054f3f.zip,ChandraguptSharma07-matrix-multiplication-tensor-3x3-479c2416b6261ee841052eef4881df0e40054f3f/results/collections/le145/s145_00177f58ce6f46ac_HKS-linz_12a2bc2djk4n__i148w185c34ef-000.json,2065,72107f8eaaa6908e4a2e408affdea070199b297437081d4f41c73c9cae39d7a9,47445dc1,479c2416b6261ee841052eef4881df0e40054f3f,Authenticated GitHub snapshot ChandraguptSharma07/matrix-multiplication-tensor-3x3,Original archive CRC and member SHA256 verified
352859,E04,06-data,General / shared,Original pinned GitHub repository; static role inference,results/collections/le145/s145_00179d6705f60b05_HKS-linz_11a4b4d4n__i42w175c235e-000.json,,contestants\E04\13-archives\GitHub-original-479c2416b6261ee841052eef4881df0e40054f3f.zip,ChandraguptSharma07-matrix-multiplication-tensor-3x3-479c2416b6261ee841052eef4881df0e40054f3f/results/collections/le145/s145_00179d6705f60b05_HKS-linz_11a4b4d4n__i42w175c235e-000.json,2063,bcfbf463d2ddf41722ddb534913024d458e5e44a56942a26d6654e8624f793ba,2292a797,479c2416b6261ee841052eef4881df0e40054f3f,Authenticated GitHub snapshot ChandraguptSharma07/matrix-multiplication-tensor-3x3,Original archive CRC and member SHA256 verified
352860,E04,06-data,General / shared,Original pinned GitHub repository; static role inference,results/collections/le145/s145_0017d3837acb984a_HKS-linz_12a3b2d2j4n__i27w195c49ci-000.json,,contestants\E04\13-archives\GitHub-original-479c2416b6261ee841052eef4881df0e40054f3f.zip,ChandraguptSharma07-matrix-multiplication-tensor-3x3-479c2416b6261ee841052eef4881df0e40054f3f/results/collections/le145/s145_0017d3837acb984a_HKS-linz_12a3b2d2j4n__i27w195c49ci-000.json,2069,2d71938156d70643498737e7b5fd935f3f59e7cc37b05fcfa11aa539840dbd3d,57ed1d3d,479c2416b6261ee841052eef4881df0e40054f3f,Authenticated GitHub snapshot ChandraguptSharma07/matrix-multiplication-tensor-3x3,Original archive CRC and member SHA256 verified
352861,E04,06-data,General / shared,Original pinned GitHub repository; static role inference,results/collections/le145/s145_00196428f63fe54b_HKS-linz_14a2b2dj4n__i8w191c389i-000.json,,contestants\E04\13-archives\GitHub-original-479c2416b6261ee841052eef4881df0e40054f3f.zip,ChandraguptSharma07-matrix-multiplication-tensor-3x3-479c2416b6261ee841052eef4881df0e40054f3f/results/collections/le145/s145_00196428f63fe54b_HKS-linz_14a2b2dj4n__i8w191c389i-000.json,2067,7a80eb4e0df0398f4a6be6cc7dd87cc449086e7c9518bacc476ebb93272e8e88,10e9ded4,479c2416b6261ee841052eef4881df0e40054f3f,Authenticated GitHub snapshot ChandraguptSharma07/matrix-multiplication-tensor-3x3,Original archive CRC and member SHA256 verified
352862,E04,06-data,General / shared,Original pinned GitHub repository; static role inference,results/collections/le145/s145_001973cc146f8abc_HKS-linz_11a3b3djk4n__i68w175c48ae-000.json,,contestants\E04\13-archives\GitHub-original-479c2416b6261ee841052eef4881df0e40054f3f.zip,ChandraguptSharma07-matrix-multiplication-tensor-3x3-479c2416b6261ee841052eef4881df0e40054f3f/results/collections/le145/s145_001973cc146f8abc_HKS-linz_11a3b3djk4n__i68w175c48ae-000.json,2065,37d599a39971ab627acbf82a91a8f6c7db27e9d28dfef887f64e5b2ef03a9e72,0e7955d8,479c2416b6261ee841052eef4881df0e40054f3f,Authenticated GitHub snapshot ChandraguptSharma07/matrix-multiplication-tensor-3x3,Original archive CRC and member SHA256 verified
352863,E04,06-data,General / shared,Original pinned GitHub repository; static role inference,results/collections/le145/s145_001a0567f3fed706_HKS-linz_10a4b4dk4n__i82w173c236f-000.json,,contestants\E04\13-archives\GitHub-original-479c2416b6261ee841052eef4881df0e40054f3f.zip,ChandraguptSharma07-matrix-multiplication-tensor-3x3-479c2416b6261ee841052eef4881df0e40054f3f/results/collections/le145/s145_001a0567f3fed706_HKS-linz_10a4b4dk4n__i82w173c236f-000.json,2058,111c939c5fb3284e8fe4bd653bf5310b934cea8198710edfe22ca3357d3fd326,e0fae1b8,479c2416b6261ee841052eef4881df0e40054f3f,Authenticated GitHub snapshot ChandraguptSharma07/matrix-multiplication-tensor-3x3,Original archive CRC and member SHA256 verified
352864,E04,06-data,General / shared,Original pinned GitHub repository; static role inference,results/collections/le145/s145_001a5d9fc65fdb7b_HKS-linz_11a5b2dj4n__i45w187c37gj-000.json,,contestants\E04\13-archives\GitHub-original-479c2416b6261ee841052eef4881df0e40054f3f.zip,ChandraguptSharma07-matrix-multiplication-tensor-3x3-479c2416b6261ee841052eef4881df0e40054f3f/results/collections/le145/s145_001a5d9fc65fdb7b_HKS-linz_11a5b2dj4n__i45w187c37gj-000.json,2072,b58ba471264a4cdcec9acb93d07ecf596949a10c4947e756975d57366bb9da36,f49cd649,479c2416b6261ee841052eef4881df0e40054f3f,Authenticated GitHub snapshot ChandraguptSharma07/matrix-multiplication-tensor-3x3,Original archive CRC and member SHA256 verified
352865,E04,06-data,General / shared,Original pinned GitHub repository; static role inference,results/collections/le145/s145_001a6c648b5646a1_HKS-linz_13a2bdgjm4n__i139w185c23ci-001.json,,contestants\E04\13-archives\GitHub-original-479c2416b6261ee841052eef4881df0e40054f3f.zip,ChandraguptSharma07-matrix-multiplication-tensor-3x3-479c2416b6261ee841052eef4881df0e40054f3f/results/collections/le145/s145_001a6c648b5646a1_HKS-linz_13a2bdgjm4n__i139w185c23ci-001.json,2056,4550ca9686f4d863a15f8e77c0bedba79b0767f00942ae384b915ff8e7dcb6c4,17c37548,479c2416b6261ee841052eef4881df0e40054f3f,Authenticated GitHub snapshot ChandraguptSharma07/matrix-multiplication-tensor-3x3,Original archive CRC and member SHA256 verified
352866,E04,06-data,General / shared,Original pinned GitHub repository; static role inference,results/collections/le145/s145_001b65544eaf4cd1_HKS-linz_13a4b2d4n__i18w185c23ci-000.json,,contestants\E04\13-archives\GitHub-original-479c2416b6261ee841052eef4881df0e40054f3f.zip,ChandraguptSharma07-matrix-multiplication-tensor-3x3-479c2416b6261ee841052eef4881df0e40054f3f/results/collections/le145/s145_001b65544eaf4cd1_HKS-linz_13a4b2d4n__i18w185c23ci-000.json,2055,280bff10efc2e293665f68ecaa5041e41dc52deb7f45a5b9e5cc8c9451353e1d,ed469087,479c2416b6261ee841052eef4881df0e40054f3f,Authenticated GitHub snapshot ChandraguptSharma07/matrix-multiplication-tensor-3x3,Original archive CRC and member SHA256 verified
352867,E04,06-data,General / shared,Original pinned GitHub repository; static role inference,results/collections/le145/s145_001bb92f3f95c1c9_HKS-linz_12a4b3d4n__i29w193c236f-000.json,,contestants\E04\13-archives\GitHub-original-479c2416b6261ee841052eef4881df0e40054f3f.zip,ChandraguptSharma07-matrix-multiplication-tensor-3x3-479c2416b6261ee841052eef4881df0e40054f3f/results/collections/le145/s145_001bb92f3f95c1c9_HKS-linz_12a4b3d4n__i29w193c236f-000.json,2072,1a5a9d53d03bb3ae6725d016c15eb04749b5c25c47c03efd7ff2bb715bb287b2,349b0389,479c2416b6261ee841052eef4881df0e40054f3f,Authenticated GitHub snapshot ChandraguptSharma07/matrix-multiplication-tensor-3x3,Original archive CRC and member SHA256 verified
352868,E04,06-data,General / shared,Original pinned GitHub repository; static role inference,results/collections/le145/s145_0026f2635dfcd614_HKS-linz_14abcdej4n__i133w185c238h-000.json,,contestants\E04\13-archives\GitHub-original-479c2416b6261ee841052eef4881df0e40054f3f.zip,ChandraguptSharma07-matrix-multiplication-tensor-3x3-479c2416b6261ee841052eef4881df0e40054f3f/results/collections/le145/s145_0026f2635dfcd614_HKS-linz_14abcdej4n__i133w185c238h-000.json,2061,a821c407af651f1fbf83e2d2ae2683fcad983bcd51d4196810d3908bae61e23e,73071bf2,479c2416b6261ee841052eef4881df0e40054f3f,Authenticated GitHub snapshot ChandraguptSharma07/matrix-multiplication-tensor-3x3,Original archive CRC and member SHA256 verified
352869,E04,06-data,General / shared,Original pinned GitHub repository; static role inference,results/collections/le145/s145_002a0ccf9a5aa74e_HKS-linz_13a2bdgjm4n__i139w185c248h-000.json,,contestants\E04\13-archives\GitHub-original-479c2416b6261ee841052eef4881df0e40054f3f.zip,ChandraguptSharma07-matrix-multiplication-tensor-3x3-479c2416b6261ee841052eef4881df0e40054f3f/results/collections/le145/s145_002a0ccf9a5aa74e_HKS-linz_13a2bdgjm4n__i139w185c248h-000.json,2063,d3a307a44d5e560da2c85d49ca7a53590bb9663861c2aee471f90552e3070ef2,99f9d684,479c2416b6261ee841052eef4881df0e40054f3f,Authenticated GitHub snapshot ChandraguptSharma07/matrix-multiplication-tensor-3x3,Original archive CRC and member SHA256 verified
352870,E04,06-data,General / shared,Original pinned GitHub repository; static role inference,results/collections/le145/s145_002ae0d7389a97db_HKS-linz_11a3b3d2j4n__i41w179c346f-000.json,,contestants\E04\13-archives\GitHub-original-479c2416b6261ee841052eef4881df0e40054f3f.zip,ChandraguptSharma07-matrix-multiplication-tensor-3x3-479c2416b6261ee841052eef4881df0e40054f3f/results/collections/le145/s145_002ae0d7389a97db_HKS-linz_11a3b3d2j4n__i41w179c346f-000.json,2066,2413c9046e79e967cd12da77d6fd1d51273fe1e437e275a9f6f579a69b430287,3e299974,479c2416b6261ee841052eef4881df0e40054f3f,Authenticated GitHub snapshot ChandraguptSharma07/matrix-multiplication-tensor-3x3,Original archive CRC and member SHA256 verified
352871,E04,06-data,General / shared,Original pinned GitHub repository; static role inference,results/collections/le145/s145_002d667ea427a259_HKS-linz_12a2b2de2j4n__i49w193c356e-000.json,,contestants\E04\13-archives\GitHub-original-479c2416b6261ee841052eef4881df0e40054f3f.zip,ChandraguptSharma07-matrix-multiplication-tensor-3x3-479c2416b6261ee841052eef4881df0e40054f3f/results/collections/le145/s145_002d667ea427a259_HKS-linz_12a2b2de2j4n__i49w193c356e-000.json,2062,83fe4d2e44608b45f0d75e799d1d239341d6ac1c203bfdc3dd9ffea2333f212d,cecf9482,479c2416b6261ee841052eef4881df0e40054f3f,Authenticated GitHub snapshot ChandraguptSharma07/matrix-multiplication-tensor-3x3,Original archive CRC and member SHA256 verified
352872,E04,06-data,General / shared,Original pinned GitHub repository; static role inference,results/collections/le145/s145_003492f8c81f017a_HKS-linz_12a3bdegj4n__i146w189c247g-000.json,,contestants\E04\13-archives\GitHub-original-479c2416b6261ee841052eef4881df0e40054f3f.zip,ChandraguptSharma07-matrix-multiplication-tensor-3x3-479c2416b6261ee841052eef4881df0e40054f3f/results/collections/le145/s145_003492f8c81f017a_HKS-linz_12a3bdegj4n__i146w189c247g-000.json,2064,a1848420cfb8093a0ab68b42ab287719a6e8eb36a5bdc53797e9bce6e2f23f1f,a03a796b,479c2416b6261ee841052eef4881df0e40054f3f,Authenticated GitHub snapshot ChandraguptSharma07/matrix-multiplication-tensor-3x3,Original archive CRC and member SHA256 verified
352873,E04,06-data,General / shared,Original pinned GitHub repository; static role inference,results/collections/le145/s145_00356fd9678557e0_HKS-linz_14a2b2dj4n__i8w195c239e-000.json,,contestants\E04\13-archives\GitHub-original-479c2416b6261ee841052eef4881df0e40054f3f.zip,ChandraguptSharma07-matrix-multiplication-tensor-3x3-479c2416b6261ee841052eef4881df0e40054f3f/results/collections/le145/s145_00356fd9678557e0_HKS-linz_14a2b2dj4n__i8w195c239e-000.json,2063,a90fba920e2ec886434d1bd04eaa675dbd2c7ce327b63dbb86537c37d92e7d15,28db92af,479c2416b6261ee841052eef4881df0e40054f3f,Authenticated GitHub snapshot ChandraguptSharma07/matrix-multiplication-tensor-3x3,Original archive CRC and member SHA256 verified
352874,E04,06-data,General / shared,Original pinned GitHub repository; static role inference,results/collections/le145/s145_003c31a67b45f247_HKS-linz_12abcdegj4ns__i107w193c23fg-000.json,,contestants\E04\13-archives\GitHub-original-479c2416b6261ee841052eef4881df0e40054f3f.zip,ChandraguptSharma07-matrix-multiplication-tensor-3x3-479c2416b6261ee841052eef4881df0e40054f3f/results/collections/le145/s145_003c31a67b45f247_HKS-linz_12abcdegj4ns__i107w193c23fg-000.json,2058,b2a33e584a438949fb3ebd1723988e7537c789ec6ab83240f5091afb01c0c791,7dfec81f,479c2416b6261ee841052eef4881df0e40054f3f,Authenticated GitHub snapshot ChandraguptSharma07/matrix-multiplication-tensor-3x3,Original archive CRC and member SHA256 verified
352875,E04,06-data,General / shared,Original pinned GitHub repository; static role inference,results/collections/le145/s145_003eb9fb77b9539f_HKS-linz_14abcdej4n__i133w185c28hj-000.json,,contestants\E04\13-archives\GitHub-original-479c2416b6261ee841052eef4881df0e40054f3f.zip,ChandraguptSharma07-matrix-multiplication-tensor-3x3-479c2416b6261ee841052eef4881df0e40054f3f/results/collections/le145/s145_003eb9fb77b9539f_HKS-linz_14abcdej4n__i133w185c28hj-000.json,2060,71c4507dc812f20fecfbd4a4978ee1005d2cf672f94b250825ca0650679aa666,d756a2f4,479c2416b6261ee841052eef4881df0e40054f3f,Authenticated GitHub snapshot ChandraguptSharma07/matrix-multiplication-tensor-3x3,Original archive CRC and member SHA256 verified
352876,E04,06-data,General / shared,Original pinned GitHub repository; static role inference,results/collections/le145/s145_0040ece365449006_HKS-linz_14abcdej4n__i133w185c23ci-000.json,,contestants\E04\13-archives\GitHub-original-479c2416b6261ee841052eef4881df0e40054f3f.zip,ChandraguptSharma07-matrix-multiplication-tensor-3x3-479c2416b6261ee841052eef4881df0e40054f3f/results/collections/le145/s145_0040ece365449006_HKS-linz_14abcdej4n__i133w185c23ci-000.json,2056,6d72f0737b7ebdfc280968edaa1b6138b9d8e30f4cd341a46819f19a94bdd359,e95a9f78,479c2416b6261ee841052eef4881df0e40054f3f,Authenticated GitHub snapshot ChandraguptSharma07/matrix-multiplication-tensor-3x3,Original archive CRC and member SHA256 verified
352877,E04,06-data,General / shared,Original pinned GitHub repository; static role inference,results/collections/le145/s145_0044a7261c67a6b6_HKS-linz_11a5b3d4n__i46w175c235e-000.json,,contestants\E04\13-archives\GitHub-original-479c2416b6261ee841052eef4881df0e40054f3f.zip,ChandraguptSharma07-matrix-multiplication-tensor-3x3-479c2416b6261ee841052eef4881df0e40054f3f/results/collections/le145/s145_0044a7261c67a6b6_HKS-linz_11a5b3d4n__i46w175c235e-000.json,2062,cd415a699755cdc1bb0f06d8f40cbe235aae45e7dff5cd1f912f904478648529,3f9dfa8c,479c2416b6261ee841052eef4881df0e40054f3f,Authenticated GitHub snapshot ChandraguptSharma07/matrix-multiplication-tensor-3x3,Original archive CRC and member SHA256 verified
352878,E04,06-data,General / shared,Original pinned GitHub repository; static role inference,results/collections/le145/s145_004a670ac8727095_HKS-linz_15a2b2d4n__i4w193c39ah-000.json,,contestants\E04\13-archives\GitHub-original-479c2416b6261ee841052eef4881df0e40054f3f.zip,ChandraguptSharma07-matrix-multiplication-tensor-3x3-479c2416b6261ee841052eef4881df0e40054f3f/results/collections/le145/s145_004a670ac8727095_HKS-linz_15a2b2d4n__i4w193c39ah-000.json,2066,7ecb1527c141042569f8e069e04b7a24ef783dd6d2fd3d8a7a73f0cdb10074b1,1446586f,479c2416b6261ee841052eef4881df0e40054f3f,Authenticated GitHub snapshot ChandraguptSharma07/matrix-multiplication-tensor-3x3,Original archive CRC and member SHA256 verified
352879,E04,06-data,General / shared,Original pinned GitHub repository; static role inference,results/collections/le145/s145_004cfba3a8ede674_HKS-linz_13a4bdj4n__i17w187c28aj-000.json,,contestants\E04\13-archives\GitHub-original-479c2416b6261ee841052eef4881df0e40054f3f.zip,ChandraguptSharma07-matrix-multiplication-tensor-3x3-479c2416b6261ee841052eef4881df0e40054f3f/results/collections/le145/s145_004cfba3a8ede674_HKS-linz_13a4bdj4n__i17w187c28aj-000.json,2066,a89514e30c9bdc5bca4524529ad63f453ef2e07e95443bcadf9a4ba731c8defc,8acc1cad,479c2416b6261ee841052eef4881df0e40054f3f,Authenticated GitHub snapshot ChandraguptSharma07/matrix-multiplication-tensor-3x3,Original archive CRC and member SHA256 verified
352880,E04,06-data,General / shared,Original pinned GitHub repository; static role inference,results/collections/le145/s145_004e3b1a2451afc0_HKS-linz_12a2bc2djk4n__i148w185c34aj-000.json,,contestants\E04\13-archives\GitHub-original-479c2416b6261ee841052eef4881df0e40054f3f.zip,ChandraguptSharma07-matrix-multiplication-tensor-3x3-479c2416b6261ee841052eef4881df0e40054f3f/results/collections/le145/s145_004e3b1a2451afc0_HKS-linz_12a2bc2djk4n__i148w185c34aj-000.json,2062,e7c44cd04f294d96547020839835bfd190dff52f51a7ead18f6d96eff99c8c29,46191778,479c2416b6261ee841052eef4881df0e40054f3f,Authenticated GitHub snapshot ChandraguptSharma07/matrix-multiplication-tensor-3x3,Original archive CRC and member SHA256 verified
352881,E04,06-data,General / shared,Original pinned GitHub repository; static role inference,results/collections/le145/s145_004faf17945372f6_HKS-linz_12a4b2dj4n__i28w193c367j-000.json,,contestants\E04\13-archives\GitHub-original-479c2416b6261ee841052eef4881df0e40054f3f.zip,ChandraguptSharma07-matrix-multiplication-tensor-3x3-479c2416b6261ee841052eef4881df0e40054f3f/results/collections/le145/s145_004faf17945372f6_HKS-linz_12a4b2dj4n__i28w193c367j-000.json,2067,0785df13119165f5e4dc3514e009033db0a2ad957b2d873fb64528adaa3362c7,dc303d7b,479c2416b6261ee841052eef4881df0e40054f3f,Authenticated GitHub snapshot ChandraguptSharma07/matrix-multiplication-tensor-3x3,Original archive CRC and member SHA256 verified
352882,E04,06-data,General / shared,Original pinned GitHub repository; static role inference,results/collections/le145/s145_00513968435e3edf_HKS-linz_11a5b2dj4n__i45w187c28aj-000.json,,contestants\E04\13-archives\GitHub-original-479c2416b6261ee841052eef4881df0e40054f3f.zip,ChandraguptSharma07-matrix-multiplication-tensor-3x3-479c2416b6261ee841052eef4881df0e40054f3f/results/collections/le145/s145_00513968435e3edf_HKS-linz_11a5b2dj4n__i45w187c28aj-000.json,2072,eaec1ba9a0b0dbc13710e6355dd8c90b8b4622f7aaa310a4d34117e140ccfda1,6038c75c,479c2416b6261ee841052eef4881df0e40054f3f,Authenticated GitHub snapshot ChandraguptSharma07/matrix-multiplication-tensor-3x3,Original archive CRC and member SHA256 verified
352883,E04,06-data,General / shared,Original pinned GitHub repository; static role inference,results/collections/le145/s145_00520242483366ff_HKS-linz_14a3b2d4n__i10w193c38hj-000.json,,contestants\E04\13-archives\GitHub-original-479c2416b6261ee841052eef4881df0e40054f3f.zip,ChandraguptSharma07-matrix-multiplication-tensor-3x3-479c2416b6261ee841052eef4881df0e40054f3f/results/collections/le145/s145_00520242483366ff_HKS-linz_14a3b2d4n__i10w193c38hj-000.json,2067,9257470b9218897896620d40b56448cda3d6055593c62f65f137f530b8276337,24cf9daa,479c2416b6261ee841052eef4881df0e40054f3f,Authenticated GitHub snapshot ChandraguptSharma07/matrix-multiplication-tensor-3x3,Original archive CRC and member SHA256 verified
352884,E04,06-data,General / shared,Original pinned GitHub repository; static role inference,results/collections/le145/s145_00520be1eb5caf0d_HKS-linz_13a2bdgjm4n__i139w185c23ci-003.json,,contestants\E04\13-archives\GitHub-original-479c2416b6261ee841052eef4881df0e40054f3f.zip,ChandraguptSharma07-matrix-multiplication-tensor-3x3-479c2416b6261ee841052eef4881df0e40054f3f/results/collections/le145/s145_00520be1eb5caf0d_HKS-linz_13a2bdgjm4n__i139w185c23ci-003.json,2056,7a6d20e438c992c31b79583ba341cd56bc206c2688ea503109a1e606bf62617b,3c7149cf,479c2416b6261ee841052eef4881df0e40054f3f,Authenticated GitHub snapshot ChandraguptSharma07/matrix-multiplication-tensor-3x3,Original archive CRC and member SHA256 verified
352885,E04,06-data,General / shared,Original pinned GitHub repository; static role inference,results/collections/le145/s145_0053bc1b057c0708_HKS-linz_12abcdegj4ns__i107w191c34ef-000.json,,contestants\E04\13-archives\GitHub-original-479c2416b6261ee841052eef4881df0e40054f3f.zip,ChandraguptSharma07-matrix-multiplication-tensor-3x3-479c2416b6261ee841052eef4881df0e40054f3f/results/collections/le145/s145_0053bc1b057c0708_HKS-linz_12abcdegj4ns__i107w191c34ef-000.json,2066,4615274726f6905a3ac81cd50d445280f67fba5353f5ee1344ca106747c12fe5,e3b487d2,479c2416b6261ee841052eef4881df0e40054f3f,Authenticated GitHub snapshot ChandraguptSharma07/matrix-multiplication-tensor-3x3,Original archive CRC and member SHA256 verified
352886,E04,06-data,General / shared,Original pinned GitHub repository; static role inference,results/collections/le145/s145_005583936c5f8454_HKS-linz_12a2bc2djk4n__i148w185c347g-000.json,,contestants\E04\13-archives\GitHub-original-479c2416b6261ee841052eef4881df0e40054f3f.zip,ChandraguptSharma07-matrix-multiplication-tensor-3x3-479c2416b6261ee841052eef4881df0e40054f3f/results/collections/le145/s145_005583936c5f8454_HKS-linz_12a2bc2djk4n__i148w185c347g-000.json,2058,f523ffdb54440932ce9a2e48726d573ba27e1490d7b1891f06951af4a0b6ce0a,3fcc5241,479c2416b6261ee841052eef4881df0e40054f3f,Authenticated GitHub snapshot ChandraguptSharma07/matrix-multiplication-tensor-3x3,Original archive CRC and member SHA256 verified
352887,E04,06-data,General / shared,Original pinned GitHub repository; static role inference,results/collections/le145/s145_00573b736166536d_HKS-linz_10a5b4d4n__i64w175c236f-000.json,,contestants\E04\13-archives\GitHub-original-479c2416b6261ee841052eef4881df0e40054f3f.zip,ChandraguptSharma07-matrix-multiplication-tensor-3x3-479c2416b6261ee841052eef4881df0e40054f3f/results/collections/le145/s145_00573b736166536d_HKS-linz_10a5b4d4n__i64w175c236f-000.json,2061,5834369e3c57d2f4ec11d46cc229a1d35eab32457df35dec457601238223a673,3b02e245,479c2416b6261ee841052eef4881df0e40054f3f,Authenticated GitHub snapshot ChandraguptSharma07/matrix-multiplication-tensor-3x3,Original archive CRC and member SHA256 verified
352888,E04,06-data,General / shared,Original pinned GitHub repository; static role inference,results/collections/le145/s145_005eb8a9d80b1751_HKS-linz_12abcdegj4ns__i107w191c356e-000.json,,contestants\E04\13-archives\GitHub-original-479c2416b6261ee841052eef4881df0e40054f3f.zip,ChandraguptSharma07-matrix-multiplication-tensor-3x3-479c2416b6261ee841052eef4881df0e40054f3f/results/collections/le145/s145_005eb8a9d80b1751_HKS-linz_12abcdegj4ns__i107w191c356e-000.json,2067,3ea523aff5cc2af038e9066a4589ed1d12ee613efc13ccc941c7b7eb5eb3d807,e68e4e9b,479c2416b6261ee841052eef4881df0e40054f3f,Authenticated GitHub snapshot ChandraguptSharma07/matrix-multiplication-tensor-3x3,Original archive CRC and member SHA256 verified
352889,E04,06-data,General / shared,Original pinned GitHub repository; static role inference,results/collections/le145/s145_0068cd7fd08f220b_HKS-linz_11a5b2dj4n__i45w193c356e-000.json,,contestants\E04\13-archives\GitHub-original-479c2416b6261ee841052eef4881df0e40054f3f.zip,ChandraguptSharma07-matrix-multiplication-tensor-3x3-479c2416b6261ee841052eef4881df0e40054f3f/results/collections/le145/s145_0068cd7fd08f220b_HKS-linz_11a5b2dj4n__i45w193c356e-000.json,2063,e3b904c9adac64f58a2b9cf5355c285f361c262c739229964aa28ef8e3a05f97,70b5f507,479c2416b6261ee841052eef4881df0e40054f3f,Authenticated GitHub snapshot ChandraguptSharma07/matrix-multiplication-tensor-3x3,Original archive CRC and member SHA256 verified
352890,E04,06-data,General / shared,Original pinned GitHub repository; static role inference,results/collections/le145/s145_0076f2bf13a8a6cc_HKS-linz_11a5b2dj4n__i45w193c28hj-000.json,,contestants\E04\13-archives\GitHub-original-479c2416b6261ee841052eef4881df0e40054f3f.zip,ChandraguptSharma07-matrix-multiplication-tensor-3x3-479c2416b6261ee841052eef4881df0e40054f3f/results/collections/le145/s145_0076f2bf13a8a6cc_HKS-linz_11a5b2dj4n__i45w193c28hj-000.json,2068,9e11382ef900659ae76b8f8de509c75a0eef1dcc1b1b3dbb67f5f92ec073b73b,7f9aa720,479c2416b6261ee841052eef4881df0e40054f3f,Authenticated GitHub snapshot ChandraguptSharma07/matrix-multiplication-tensor-3x3,Original archive CRC and member SHA256 verified
352891,E04,06-data,General / shared,Original pinned GitHub repository; static role inference,results/collections/le145/s145_008d5ad50001999d_HKS-linz_10a5b4d4n__i64w175c48ae-000.json,,contestants\E04\13-archives\GitHub-original-479c2416b6261ee841052eef4881df0e40054f3f.zip,ChandraguptSharma07-matrix-multiplication-tensor-3x3-479c2416b6261ee841052eef4881df0e40054f3f/results/collections/le145/s145_008d5ad50001999d_HKS-linz_10a5b4d4n__i64w175c48ae-000.json,2058,fb731e2939f2fd36f80f20ee892499bd1bfc55999fab7e6c52855a526cbd83dc,a71f2bea,479c2416b6261ee841052eef4881df0e40054f3f,Authenticated GitHub snapshot ChandraguptSharma07/matrix-multiplication-tensor-3x3,Original archive CRC and member SHA256 verified
352892,E04,06-data,General / shared,Original pinned GitHub repository; static role inference,results/collections/le145/s145_00912f91cbaa04da_HKS-linz_15a3bd4n__i6w187c48ae-000.json,,contestants\E04\13-archives\GitHub-original-479c2416b6261ee841052eef4881df0e40054f3f.zip,ChandraguptSharma07-matrix-multiplication-tensor-3x3-479c2416b6261ee841052eef4881df0e40054f3f/results/collections/le145/s145_00912f91cbaa04da_HKS-linz_15a3bd4n__i6w187c48ae-000.json,2057,18f65d153e6fb4c4da04cfeb720583f0c2024fffc510baef6bda2d965a3475e5,90034e98,479c2416b6261ee841052eef4881df0e40054f3f,Authenticated GitHub snapshot ChandraguptSharma07/matrix-multiplication-tensor-3x3,Original archive CRC and member SHA256 verified
352893,E04,06-data,General / shared,Original pinned GitHub repository; static role inference,results/collections/le145/s145_00ad73d3cd393c44_HKS-linz_10a4b4dk4n__i82w173c389h-000.json,,contestants\E04\13-archives\GitHub-original-479c2416b6261ee841052eef4881df0e40054f3f.zip,ChandraguptSharma07-matrix-multiplication-tensor-3x3-479c2416b6261ee841052eef4881df0e40054f3f/results/collections/le145/s145_00ad73d3cd393c44_HKS-linz_10a4b4dk4n__i82w173c389h-000.json,2059,fb76c7d9d28768a17d904269a81172fb36b40e1e772b2e17e801a87641ec0e48,32a7a541,479c2416b6261ee841052eef4881df0e40054f3f,Authenticated GitHub snapshot ChandraguptSharma07/matrix-multiplication-tensor-3x3,Original archive CRC and member SHA256 verified
352894,E04,06-data,General / shared,Original pinned GitHub repository; static role inference,results/collections/le145/s145_00b1b1b4bf5ff62d_HKS-linz_11a4b3dj4n__i44w199c28aj-000.json,,contestants\E04\13-archives\GitHub-original-479c2416b6261ee841052eef4881df0e40054f3f.zip,ChandraguptSharma07-matrix-multiplication-tensor-3x3-479c2416b6261ee841052eef4881df0e40054f3f/results/collections/le145/s145_00b1b1b4bf5ff62d_HKS-linz_11a4b3dj4n__i44w199c28aj-000.json,2063,d9f96b64310a6e76a417f5021a502e14378d8af566f0b52fdb5cde11ae964064,d4ecbd9b,479c2416b6261ee841052eef4881df0e40054f3f,Authenticated GitHub snapshot ChandraguptSharma07/matrix-multiplication-tensor-3x3,Original archive CRC and member SHA256 verified
352895,E04,06-data,General / shared,Original pinned GitHub repository; static role inference,results/collections/le145/s145_00b3368779bac17f_HKS-linz_11a4b4d4n__i42w175c28aj-000.json,,contestants\E04\13-archives\GitHub-original-479c2416b6261ee841052eef4881df0e40054f3f.zip,ChandraguptSharma07-matrix-multiplication-tensor-3x3-479c2416b6261ee841052eef4881df0e40054f3f/results/collections/le145/s145_00b3368779bac17f_HKS-linz_11a4b4d4n__i42w175c28aj-000.json,2065,f50d83f28d3154679f8f32d64328f3dd20de27466480562202f6ebd18b4a82f1,3d517649,479c2416b6261ee841052eef4881df0e40054f3f,Authenticated GitHub snapshot ChandraguptSharma07/matrix-multiplication-tensor-3x3,Original archive CRC and member SHA256 verified
352896,E04,06-data,General / shared,Original pinned GitHub repository; static role inference,results/collections/le145/s145_00b5cf50c76d97d5_HKS-linz_12a4bdjm4n__i50w185c23ci-001.json,,contestants\E04\13-archives\GitHub-original-479c2416b6261ee841052eef4881df0e40054f3f.zip,ChandraguptSharma07-matrix-multiplication-tensor-3x3-479c2416b6261ee841052eef4881df0e40054f3f/results/collections/le145/s145_00b5cf50c76d97d5_HKS-linz_12a4bdjm4n__i50w185c23ci-001.json,2056,cd778ee7103122b2fe82383141bbf57c2f6025e26ca1419dac86d9d1946a5d6d,07a16a17,479c2416b6261ee841052eef4881df0e40054f3f,Authenticated GitHub snapshot ChandraguptSharma07/matrix-multiplication-tensor-3x3,Original archive CRC and member SHA256 verified
352897,E04,06-data,General / shared,Original pinned GitHub repository; static role inference,results/collections/le145/s145_00ba3212733a66b6_HKS-linz_11a3b3djk4n__i68w175c35eh-001.json,,contestants\E04\13-archives\GitHub-original-479c2416b6261ee841052eef4881df0e40054f3f.zip,ChandraguptSharma07-matrix-multiplication-tensor-3x3-479c2416b6261ee841052eef4881df0e40054f3f/results/collections/le145/s145_00ba3212733a66b6_HKS-linz_11a3b3djk4n__i68w175c35eh-001.json,2060,206c7a6ebeb86eeec7d5909c0790cfb90ff8a5c2e761eadee8ba1abad346c29d,805ac4c9,479c2416b6261ee841052eef4881df0e40054f3f,Authenticated GitHub snapshot ChandraguptSharma07/matrix-multiplication-tensor-3x3,Original archive CRC and member SHA256 verified
352898,E04,06-data,General / shared,Original pinned GitHub repository; static role inference,results/collections/le145/s145_00bccfd06feafbb2_HKS-linz_12a4b2dj4n__i28w181c23ci-000.json,,contestants\E04\13-archives\GitHub-original-479c2416b6261ee841052eef4881df0e40054f3f.zip,ChandraguptSharma07-matrix-multiplication-tensor-3x3-479c2416b6261ee841052eef4881df0e40054f3f/results/collections/le145/s145_00bccfd06feafbb2_HKS-linz_12a4b2dj4n__i28w181c23ci-000.json,2057,050c31af4e5dc2e4d44995b7d5d070395a4593a313d481e5dbfaa2965c3a2edf,be7aafcd,479c2416b6261ee841052eef4881df0e40054f3f,Authenticated GitHub snapshot ChandraguptSharma07/matrix-multiplication-tensor-3x3,Original archive CRC and member SHA256 verified
352899,E04,06-data,General / shared,Original pinned GitHub repository; static role inference,results/collections/le145/s145_00ce9558de79fec9_HKS-linz_11a3b3djk4n__i68w175c35eh-002.json,,contestants\E04\13-archives\GitHub-original-479c2416b6261ee841052eef4881df0e40054f3f.zip,ChandraguptSharma07-matrix-multiplication-tensor-3x3-479c2416b6261ee841052eef4881df0e40054f3f/results/collections/le145/s145_00ce9558de79fec9_HKS-linz_11a3b3djk4n__i68w175c35eh-002.json,2062,71da6eaa80bcc68a01f3f26c61c3cd450882c2b74982a4eb21611ada4fd1713c,2a99b4c2,479c2416b6261ee841052eef4881df0e40054f3f,Authenticated GitHub snapshot ChandraguptSharma07/matrix-multiplication-tensor-3x3,Original archive CRC and member SHA256 verified
352900,E04,06-data,General / shared,Original pinned GitHub repository; static role inference,results/collections/le145/s145_00fce992b58d787f_HKS-linz_12a3b2d2j4n__i27w191c347i-000.json,,contestants\E04\13-archives\GitHub-original-479c2416b6261ee841052eef4881df0e40054f3f.zip,ChandraguptSharma07-matrix-multiplication-tensor-3x3-479c2416b6261ee841052eef4881df0e40054f3f/results/collections/le145/s145_00fce992b58d787f_HKS-linz_12a3b2d2j4n__i27w191c347i-000.json,2063,222638bdfc7feeaa5e5f9d886b76e0ab512c9d2e5d3eaf1198dab1fbf47ea09b,7400e304,479c2416b6261ee841052eef4881df0e40054f3f,Authenticated GitHub snapshot ChandraguptSharma07/matrix-multiplication-tensor-3x3,Original archive CRC and member SHA256 verified
352901,E04,06-data,General / shared,Original pinned GitHub repository; static role inference,results/collections/le145/s145_0133526f0036b786_HKS-linz_10a5b4d4n__i64w175c235e-000.json,,contestants\E04\13-archives\GitHub-original-479c2416b6261ee841052eef4881df0e40054f3f.zip,ChandraguptSharma07-matrix-multiplication-tensor-3x3-479c2416b6261ee841052eef4881df0e40054f3f/results/collections/le145/s145_0133526f0036b786_HKS-linz_10a5b4d4n__i64w175c235e-000.json,2063,5eb80c60267af400da997700f8305e0d53a911fc56442d7f23adc69ca7c66f19,9141e011,479c2416b6261ee841052eef4881df0e40054f3f,Authenticated GitHub snapshot ChandraguptSharma07/matrix-multiplication-tensor-3x3,Original archive CRC and member SHA256 verified
352902,E04,06-data,General / shared,Original pinned GitHub repository; static role inference,results/collections/schemes_summary.csv,,contestants\E04\13-archives\GitHub-original-479c2416b6261ee841052eef4881df0e40054f3f.zip,ChandraguptSharma07-matrix-multiplication-tensor-3x3-479c2416b6261ee841052eef4881df0e40054f3f/results/collections/schemes_summary.csv,1645926,3f0dace8ccddd94dde8294ab124bfbbce5301d7129bef11100b9c8159c34ce8c,2f1d883d,479c2416b6261ee841052eef4881df0e40054f3f,Authenticated GitHub snapshot ChandraguptSharma07/matrix-multiplication-tensor-3x3,Original archive CRC and member SHA256 verified
352903,E04,06-data,General / shared,Original pinned GitHub repository; static role inference,results/descent_seedwalk/sum_36599c8c.json,,contestants\E04\13-archives\GitHub-original-479c2416b6261ee841052eef4881df0e40054f3f.zip,ChandraguptSharma07-matrix-multiplication-tensor-3x3-479c2416b6261ee841052eef4881df0e40054f3f/results/descent_seedwalk/sum_36599c8c.json,20488,20c73e14bd8a105886f0c246459a6b98e724a6a489d60f0b446870efea954e29,ff524acb,479c2416b6261ee841052eef4881df0e40054f3f,Authenticated GitHub snapshot ChandraguptSharma07/matrix-multiplication-tensor-3x3,Original archive CRC and member SHA256 verified
352904,E04,06-data,General / shared,Original pinned GitHub repository; static role inference,results/descent_seedwalk/sum_67bd279f.json,,contestants\E04\13-archives\GitHub-original-479c2416b6261ee841052eef4881df0e40054f3f.zip,ChandraguptSharma07-matrix-multiplication-tensor-3x3-479c2416b6261ee841052eef4881df0e40054f3f/results/descent_seedwalk/sum_67bd279f.json,19763,be8947dcfe529ad5153086f6f5460868ef8b3fc069c472efdd319935760ec37d,e3f2a7ad,479c2416b6261ee841052eef4881df0e40054f3f,Authenticated GitHub snapshot ChandraguptSharma07/matrix-multiplication-tensor-3x3,Original archive CRC and member SHA256 verified
352905,E04,06-data,General / shared,Original pinned GitHub repository; static role inference,results/descent_seedwalk/sum_7f110b4f.json,,contestants\E04\13-archives\GitHub-original-479c2416b6261ee841052eef4881df0e40054f3f.zip,ChandraguptSharma07-matrix-multiplication-tensor-3x3-479c2416b6261ee841052eef4881df0e40054f3f/results/descent_seedwalk/sum_7f110b4f.json,9844,5e5d92f946dbede225a3685aea8cbca65bd6b1f47981e263be00d2c559bcb8a0,09f2f533,479c2416b6261ee841052eef4881df0e40054f3f,Authenticated GitHub snapshot ChandraguptSharma07/matrix-multiplication-tensor-3x3,Original archive CRC and member SHA256 verified
352906,E04,06-data,General / shared,Original pinned GitHub repository; static role inference,results/descent_seedwalk/sum_8c977db7.json,,contestants\E04\13-archives\GitHub-original-479c2416b6261ee841052eef4881df0e40054f3f.zip,ChandraguptSharma07-matrix-multiplication-tensor-3x3-479c2416b6261ee841052eef4881df0e40054f3f/results/descent_seedwalk/sum_8c977db7.json,220,ae4d54e2c2106f2395e1ed6b112e3a0bdc07d7829269eb29be2fd9fb2361297d,27f1b805,479c2416b6261ee841052eef4881df0e40054f3f,Authenticated GitHub snapshot ChandraguptSharma07/matrix-multiplication-tensor-3x3,Original archive CRC and member SHA256 verified
352907,E04,06-data,General / shared,Original pinned GitHub repository; static role inference,results/descent_seedwalk/sum_cc45e521.json,,contestants\E04\13-archives\GitHub-original-479c2416b6261ee841052eef4881df0e40054f3f.zip,ChandraguptSharma07-matrix-multiplication-tensor-3x3-479c2416b6261ee841052eef4881df0e40054f3f/results/descent_seedwalk/sum_cc45e521.json,19098,f8b081f7f90a91ba4e79158f164a535b2317accb9527bed49c25d089f46c83f1,7b6e2ddd,479c2416b6261ee841052eef4881df0e40054f3f,Authenticated GitHub snapshot ChandraguptSharma07/matrix-multiplication-tensor-3x3,Original archive CRC and member SHA256 verified
352908,E04,06-data,General / shared,Original pinned GitHub repository; static role inference,results/descent_seedwalk/sum_e016562f.json,,contestants\E04\13-archives\GitHub-original-479c2416b6261ee841052eef4881df0e40054f3f.zip,ChandraguptSharma07-matrix-multiplication-tensor-3x3-479c2416b6261ee841052eef4881df0e40054f3f/results/descent_seedwalk/sum_e016562f.json,17699,e6e0deae2b9fd9f070e1c43dd0985b6296bc148b9c173e6bd4d27aed36fffad0,cbafab8e,479c2416b6261ee841052eef4881df0e40054f3f,Authenticated GitHub snapshot ChandraguptSharma07/matrix-multiplication-tensor-3x3,Original archive CRC and member SHA256 verified
352909,E04,06-data,General / shared,Original pinned GitHub repository; static role inference,results/descent_seedwalk/sum_f1e4d91e.json,,contestants\E04\13-archives\GitHub-original-479c2416b6261ee841052eef4881df0e40054f3f.zip,ChandraguptSharma07-matrix-multiplication-tensor-3x3-479c2416b6261ee841052eef4881df0e40054f3f/results/descent_seedwalk/sum_f1e4d91e.json,223,edc591fcffa6d1fbbddbf20a8159c079e37438f03ba7787b3c120b3ee7db155b,e9449e1c,479c2416b6261ee841052eef4881df0e40054f3f,Authenticated GitHub snapshot ChandraguptSharma07/matrix-multiplication-tensor-3x3,Original archive CRC and member SHA256 verified
352913,E04,06-data,General / shared,Original pinned GitHub repository; static role inference,results/exchange/deep_v3_summary.json,,contestants\E04\13-archives\GitHub-original-479c2416b6261ee841052eef4881df0e40054f3f.zip,ChandraguptSharma07-matrix-multiplication-tensor-3x3-479c2416b6261ee841052eef4881df0e40054f3f/results/exchange/deep_v3_summary.json,17522,5dc25b5ec9da06160454567440321e3d05c793a406590d20f5a58f5dc06e0c49,0495394c,479c2416b6261ee841052eef4881df0e40054f3f,Authenticated GitHub snapshot ChandraguptSharma07/matrix-multiplication-tensor-3x3,Original archive CRC and member SHA256 verified
352914,E04,06-data,General / shared,Original pinned GitHub repository; static role inference,results/gf3_walk.jsonl,,contestants\E04\13-archives\GitHub-original-479c2416b6261ee841052eef4881df0e40054f3f.zip,ChandraguptSharma07-matrix-multiplication-tensor-3x3-479c2416b6261ee841052eef4881df0e40054f3f/results/gf3_walk.jsonl,10720,81bd907a82c428397995fbc32081145fb8cd447aae95f7d4efd09a2edaf0dea1,77bf148e,479c2416b6261ee841052eef4881df0e40054f3f,Authenticated GitHub snapshot ChandraguptSharma07/matrix-multiplication-tensor-3x3,Original archive CRC and member SHA256 verified
352918,E04,06-data,General / shared,Original pinned GitHub repository; static role inference,results/nbhd/k4_around_140_141.json,,contestants\E04\13-archives\GitHub-original-479c2416b6261ee841052eef4881df0e40054f3f.zip,ChandraguptSharma07-matrix-multiplication-tensor-3x3-479c2416b6261ee841052eef4881df0e40054f3f/results/nbhd/k4_around_140_141.json,1252,77ca18fb8ac033a5064aa5b14f3e3ef61ce1eb735b01bbbea264c3a8d2940094,ab59bc1e,479c2416b6261ee841052eef4881df0e40054f3f,Authenticated GitHub snapshot ChandraguptSharma07/matrix-multiplication-tensor-3x3,Original archive CRC and member SHA256 verified
352920,E04,06-data,General / shared,Original pinned GitHub repository; static role inference,results/orbit/sweep_140_150.jsonl,,contestants\E04\13-archives\GitHub-original-479c2416b6261ee841052eef4881df0e40054f3f.zip,ChandraguptSharma07-matrix-multiplication-tensor-3x3-479c2416b6261ee841052eef4881df0e40054f3f/results/orbit/sweep_140_150.jsonl,114152,15d86ad9ef6e5a4147c1dcff65e02af1daa3de66b53411690c54547bf76f7ae6,c648ff10,479c2416b6261ee841052eef4881df0e40054f3f,Authenticated GitHub snapshot ChandraguptSharma07/matrix-multiplication-tensor-3x3,Original archive CRC and member SHA256 verified
352924,E04,06-data,General / shared,Original pinned GitHub repository; static role inference,results/round_2026-09-29b/agent_methods/exp/cores.json,,contestants\E04\13-archives\GitHub-original-479c2416b6261ee841052eef4881df0e40054f3f.zip,ChandraguptSharma07-matrix-multiplication-tensor-3x3-479c2416b6261ee841052eef4881df0e40054f3f/results/round_2026-09-29b/agent_methods/exp/cores.json,8845,cec8b3320effdd438b4c843c3dc0bece1058467e6734af9f29a9ef47dc7adff8,cd11ffdf,479c2416b6261ee841052eef4881df0e40054f3f,Authenticated GitHub snapshot ChandraguptSharma07/matrix-multiplication-tensor-3x3,Original archive CRC and member SHA256 verified
352928,E04,06-data,General / shared,Original pinned GitHub repository; static role inference,results/round_2026-09-29b/agent_methods/exp/out_A_core_nocap.txt,,contestants\E04\13-archives\GitHub-original-479c2416b6261ee841052eef4881df0e40054f3f.zip,ChandraguptSharma07-matrix-multiplication-tensor-3x3-479c2416b6261ee841052eef4881df0e40054f3f/results/round_2026-09-29b/agent_methods/exp/out_A_core_nocap.txt,49429,553b85ad3a21592becef1ffc16ebad792641bba31c77f0a2298cd89115b5daa0,b1ad93fb,479c2416b6261ee841052eef4881df0e40054f3f,Authenticated GitHub snapshot ChandraguptSharma07/matrix-multiplication-tensor-3x3,Original archive CRC and member SHA256 verified
352929,E04,06-data,General / shared,Original pinned GitHub repository; static role inference,results/round_2026-09-29b/agent_methods/exp/out_B_free_nocap.txt,,contestants\E04\13-archives\GitHub-original-479c2416b6261ee841052eef4881df0e40054f3f.zip,ChandraguptSharma07-matrix-multiplication-tensor-3x3-479c2416b6261ee841052eef4881df0e40054f3f/results/round_2026-09-29b/agent_methods/exp/out_B_free_nocap.txt,17497,ce6daf41765dd05a5e3eed530bb8981d1b51a49c67b090d171227877e95de4c0,65c5e2c8,479c2416b6261ee841052eef4881df0e40054f3f,Authenticated GitHub snapshot ChandraguptSharma07/matrix-multiplication-tensor-3x3,Original archive CRC and member SHA256 verified
352930,E04,06-data,General / shared,Original pinned GitHub repository; static role inference,results/round_2026-09-29b/agent_methods/exp/out_C_core_cap138.txt,,contestants\E04\13-archives\GitHub-original-479c2416b6261ee841052eef4881df0e40054f3f.zip,ChandraguptSharma07-matrix-multiplication-tensor-3x3-479c2416b6261ee841052eef4881df0e40054f3f/results/round_2026-09-29b/agent_methods/exp/out_C_core_cap138.txt,17843,5e1ce3b7f696bdc7b48265e9cfd17122944f3f8e045d3e8690caeb6eaa053a1b,c0e154ec,479c2416b6261ee841052eef4881df0e40054f3f,Authenticated GitHub snapshot ChandraguptSharma07/matrix-multiplication-tensor-3x3,Original archive CRC and member SHA256 verified
352931,E04,06-data,General / shared,Original pinned GitHub repository; static role inference,results/round_2026-09-29b/agent_methods/exp/out_D_free_cap138.txt,,contestants\E04\13-archives\GitHub-original-479c2416b6261ee841052eef4881df0e40054f3f.zip,ChandraguptSharma07-matrix-multiplication-tensor-3x3-479c2416b6261ee841052eef4881df0e40054f3f/results/round_2026-09-29b/agent_methods/exp/out_D_free_cap138.txt,17496,f7db42949e6be88297d3b9049f95a3bc896c3685fbc5e199876dbcaef54ec1a5,e90565f7,479c2416b6261ee841052eef4881df0e40054f3f,Authenticated GitHub snapshot ChandraguptSharma07/matrix-multiplication-tensor-3x3,Original archive CRC and member SHA256 verified
352932,E04,06-data,Matrix multiplication,Original pinned GitHub repository; static role inference,results/round_2026-09-29b/agent_methods/exp/out_E1_smirnov_del1_cap138.txt,,contestants\E04\13-archives\GitHub-original-479c2416b6261ee841052eef4881df0e40054f3f.zip,ChandraguptSharma07-matrix-multiplication-tensor-3x3-479c2416b6261ee841052eef4881df0e40054f3f/results/round_2026-09-29b/agent_methods/exp/out_E1_smirnov_del1_cap138.txt,8690,9af6771b6e9e5a952dc3362f359b2c6b054371a25b6c0d00466c60559e947b87,007fb0cf,479c2416b6261ee841052eef4881df0e40054f3f,Authenticated GitHub snapshot ChandraguptSharma07/matrix-multiplication-tensor-3x3,Original archive CRC and member SHA256 verified
352933,E04,06-data,Matrix multiplication,Original pinned GitHub repository; static role inference,results/round_2026-09-29b/agent_methods/exp/out_E3_smirnov_del3_cap138.txt,,contestants\E04\13-archives\GitHub-original-479c2416b6261ee841052eef4881df0e40054f3f.zip,ChandraguptSharma07-matrix-multiplication-tensor-3x3-479c2416b6261ee841052eef4881df0e40054f3f/results/round_2026-09-29b/agent_methods/exp/out_E3_smirnov_del3_cap138.txt,8748,d9aa86d8239c58cc249315ea8abfbe7b47e2c27468e5aa8ed6541108c2d99b54,36aefb02,479c2416b6261ee841052eef4881df0e40054f3f,Authenticated GitHub snapshot ChandraguptSharma07/matrix-multiplication-tensor-3x3,Original archive CRC and member SHA256 verified
352934,E04,06-data,Matrix multiplication,Original pinned GitHub repository; static role inference,results/round_2026-09-29b/agent_methods/exp/out_E6_smirnov_del6_cap138.txt,,contestants\E04\13-archives\GitHub-original-479c2416b6261ee841052eef4881df0e40054f3f.zip,ChandraguptSharma07-matrix-multiplication-tensor-3x3-479c2416b6261ee841052eef4881df0e40054f3f/results/round_2026-09-29b/agent_methods/exp/out_E6_smirnov_del6_cap138.txt,8789,11d364c93bd6523d3848cc3c283cb63a77c858f0be02f630c919293c93eb136c,5b7835ab,479c2416b6261ee841052eef4881df0e40054f3f,Authenticated GitHub snapshot ChandraguptSharma07/matrix-multiplication-tensor-3x3,Original archive CRC and member SHA256 verified
352935,E04,06-data,Matrix multiplication,Original pinned GitHub repository; static role inference,results/round_2026-09-29b/agent_methods/exp/out_F6_smirnov_del6_nocap.txt,,contestants\E04\13-archives\GitHub-original-479c2416b6261ee841052eef4881df0e40054f3f.zip,ChandraguptSharma07-matrix-multiplication-tensor-3x3-479c2416b6261ee841052eef4881df0e40054f3f/results/round_2026-09-29b/agent_methods/exp/out_F6_smirnov_del6_nocap.txt,24063,c91cfed01070adfd90ff3e53f4e795195421c162e58ce537620220670e60f021,9a234e65,479c2416b6261ee841052eef4881df0e40054f3f,Authenticated GitHub snapshot ChandraguptSharma07/matrix-multiplication-tensor-3x3,Original archive CRC and member SHA256 verified
352936,E04,06-data,Matrix multiplication,Original pinned GitHub repository; static role inference,results/round_2026-09-29b/agent_methods/exp/out_G1_smirnovcore_nocap.txt,,contestants\E04\13-archives\GitHub-original-479c2416b6261ee841052eef4881df0e40054f3f.zip,ChandraguptSharma07-matrix-multiplication-tensor-3x3-479c2416b6261ee841052eef4881df0e40054f3f/results/round_2026-09-29b/agent_methods/exp/out_G1_smirnovcore_nocap.txt,49663,7d7b6621537f2368e85e1fc7dcb6a87711db9faf1d6314f1ab0fb2cf55cf5572,cb9788be,479c2416b6261ee841052eef4881df0e40054f3f,Authenticated GitHub snapshot ChandraguptSharma07/matrix-multiplication-tensor-3x3,Original archive CRC and member SHA256 verified
352937,E04,06-data,Matrix multiplication,Original pinned GitHub repository; static role inference,results/round_2026-09-29b/agent_methods/exp/out_G2_smirnovcore_cap139.txt,,contestants\E04\13-archives\GitHub-original-479c2416b6261ee841052eef4881df0e40054f3f.zip,ChandraguptSharma07-matrix-multiplication-tensor-3x3-479c2416b6261ee841052eef4881df0e40054f3f/results/round_2026-09-29b/agent_methods/exp/out_G2_smirnovcore_cap139.txt,61754,cbf3db14bfc1601ff71d4a86e54de8281585f599f9a4e29cbdba4657380c9724,e9af1da9,479c2416b6261ee841052eef4881df0e40054f3f,Authenticated GitHub snapshot ChandraguptSharma07/matrix-multiplication-tensor-3x3,Original archive CRC and member SHA256 verified
352938,E04,06-data,Matrix multiplication,Original pinned GitHub repository; static role inference,results/round_2026-09-29b/agent_methods/exp/out_G3_smirnovcore_cap138.txt,,contestants\E04\13-archives\GitHub-original-479c2416b6261ee841052eef4881df0e40054f3f.zip,ChandraguptSharma07-matrix-multiplication-tensor-3x3-479c2416b6261ee841052eef4881df0e40054f3f/results/round_2026-09-29b/agent_methods/exp/out_G3_smirnovcore_cap138.txt,17840,76475c742a42d00acb525d869da6e4f56a3a0c52ce6c13c961481d5eab649fa2,caa667f2,479c2416b6261ee841052eef4881df0e40054f3f,Authenticated GitHub snapshot ChandraguptSharma07/matrix-multiplication-tensor-3x3,Original archive CRC and member SHA256 verified
352939,E04,06-data,Matrix multiplication,Original pinned GitHub repository; static role inference,results/round_2026-09-29b/agent_methods/exp/out_G4_smirnovcore_cap141.txt,,contestants\E04\13-archives\GitHub-original-479c2416b6261ee841052eef4881df0e40054f3f.zip,ChandraguptSharma07-matrix-multiplication-tensor-3x3-479c2416b6261ee841052eef4881df0e40054f3f/results/round_2026-09-29b/agent_methods/exp/out_G4_smirnovcore_cap141.txt,63669,a0280aab604d4f6c8f87b1dba869c06c6c29fe21eaa060ab901eafe753d42b85,c34ec7d9,479c2416b6261ee841052eef4881df0e40054f3f,Authenticated GitHub snapshot ChandraguptSharma07/matrix-multiplication-tensor-3x3,Original archive CRC and member SHA256 verified
352942,E04,06-data,General / shared,Original pinned GitHub repository; static role inference,results/round_2026-09-29b/agent_methods/final_report.txt,,contestants\E04\13-archives\GitHub-original-479c2416b6261ee841052eef4881df0e40054f3f.zip,ChandraguptSharma07-matrix-multiplication-tensor-3x3-479c2416b6261ee841052eef4881df0e40054f3f/results/round_2026-09-29b/agent_methods/final_report.txt,3522,fd9045799d91b3fed3a04783def7df765303a6286a17c2ab4defceeef41cf5ee,7b3de927,479c2416b6261ee841052eef4881df0e40054f3f,Authenticated GitHub snapshot ChandraguptSharma07/matrix-multiplication-tensor-3x3,Original archive CRC and member SHA256 verified
352950,E04,06-data,General / shared,Original pinned GitHub repository; static role inference,results/round_2026-09-29b/agent_projection/lifted_new/new_144_00273bd3df5ef8c1.json,,contestants\E04\13-archives\GitHub-original-479c2416b6261ee841052eef4881df0e40054f3f.zip,ChandraguptSharma07-matrix-multiplication-tensor-3x3-479c2416b6261ee841052eef4881df0e40054f3f/results/round_2026-09-29b/agent_projection/lifted_new/new_144_00273bd3df5ef8c1.json,2170,6a30a45e4e35c1255b61f56d13f54c80f103393a6a39eec050f2f747d341683a,8666d71c,479c2416b6261ee841052eef4881df0e40054f3f,Authenticated GitHub snapshot ChandraguptSharma07/matrix-multiplication-tensor-3x3,Original archive CRC and member SHA256 verified
352951,E04,06-data,General / shared,Original pinned GitHub repository; static role inference,results/round_2026-09-29b/agent_projection/lifted_new/new_145_005c5a9fe9a9620c.json,,contestants\E04\13-archives\GitHub-original-479c2416b6261ee841052eef4881df0e40054f3f.zip,ChandraguptSharma07-matrix-multiplication-tensor-3x3-479c2416b6261ee841052eef4881df0e40054f3f/results/round_2026-09-29b/agent_projection/lifted_new/new_145_005c5a9fe9a9620c.json,2176,74e7b1ee6a0e6a7fae94f516584d60dcaaca2ab04ae2cbcf6f9202735a11ef11,da07499b,479c2416b6261ee841052eef4881df0e40054f3f,Authenticated GitHub snapshot ChandraguptSharma07/matrix-multiplication-tensor-3x3,Original archive CRC and member SHA256 verified
352952,E04,06-data,General / shared,Original pinned GitHub repository; static role inference,results/round_2026-09-29b/agent_projection/lifted_new/new_146_001135d5ef692977.json,,contestants\E04\13-archives\GitHub-original-479c2416b6261ee841052eef4881df0e40054f3f.zip,ChandraguptSharma07-matrix-multiplication-tensor-3x3-479c2416b6261ee841052eef4881df0e40054f3f/results/round_2026-09-29b/agent_projection/lifted_new/new_146_001135d5ef692977.json,2207,10fc83f650624cefc724eb6cd1e6e939e266abe133c1f0054d4e78cab487c04b,88baecdd,479c2416b6261ee841052eef4881df0e40054f3f,Authenticated GitHub snapshot ChandraguptSharma07/matrix-multiplication-tensor-3x3,Original archive CRC and member SHA256 verified
352953,E04,06-data,General / shared,Original pinned GitHub repository; static role inference,results/round_2026-09-29b/agent_projection/lifted_new/new_146_00124f5ef076be95.json,,contestants\E04\13-archives\GitHub-original-479c2416b6261ee841052eef4881df0e40054f3f.zip,ChandraguptSharma07-matrix-multiplication-tensor-3x3-479c2416b6261ee841052eef4881df0e40054f3f/results/round_2026-09-29b/agent_projection/lifted_new/new_146_00124f5ef076be95.json,2175,0dad3bc23c58b77a5899ade9301d41e9baab1706a626fe15af0c13b00ff5af6d,8a639c25,479c2416b6261ee841052eef4881df0e40054f3f,Authenticated GitHub snapshot ChandraguptSharma07/matrix-multiplication-tensor-3x3,Original archive CRC and member SHA256 verified
352954,E04,06-data,General / shared,Original pinned GitHub repository; static role inference,results/round_2026-09-29b/agent_projection/lifted_new/new_147_001cd752971a0c3d.json,,contestants\E04\13-archives\GitHub-original-479c2416b6261ee841052eef4881df0e40054f3f.zip,ChandraguptSharma07-matrix-multiplication-tensor-3x3-479c2416b6261ee841052eef4881df0e40054f3f/results/round_2026-09-29b/agent_projection/lifted_new/new_147_001cd752971a0c3d.json,2181,94495e47d636c2c954aef309d910b06ec46ed458c8a499a10534dba2e03400c5,808545d6,479c2416b6261ee841052eef4881df0e40054f3f,Authenticated GitHub snapshot ChandraguptSharma07/matrix-multiplication-tensor-3x3,Original archive CRC and member SHA256 verified
352955,E04,06-data,General / shared,Original pinned GitHub repository; static role inference,results/round_2026-09-29b/agent_projection/lifted_new/new_147_0023290e55d5d948.json,,contestants\E04\13-archives\GitHub-original-479c2416b6261ee841052eef4881df0e40054f3f.zip,ChandraguptSharma07-matrix-multiplication-tensor-3x3-479c2416b6261ee841052eef4881df0e40054f3f/results/round_2026-09-29b/agent_projection/lifted_new/new_147_0023290e55d5d948.json,2174,01b44e4fc82a9ab867c3b73a6dc39319a81315a1a3b38f4a4288e4e08811d846,7a6868aa,479c2416b6261ee841052eef4881df0e40054f3f,Authenticated GitHub snapshot ChandraguptSharma07/matrix-multiplication-tensor-3x3,Original archive CRC and member SHA256 verified
352956,E04,06-data,General / shared,Original pinned GitHub repository; static role inference,results/round_2026-09-29b/agent_projection/lifted_new/new_147_00244e48bf8a3d63.json,,contestants\E04\13-archives\GitHub-original-479c2416b6261ee841052eef4881df0e40054f3f.zip,ChandraguptSharma07-matrix-multiplication-tensor-3x3-479c2416b6261ee841052eef4881df0e40054f3f/results/round_2026-09-29b/agent_projection/lifted_new/new_147_00244e48bf8a3d63.json,2171,b219d59f99c76431fecc629dc9fd42e3ee48e6bc73509d8a47de2383173611da,b9fcf787,479c2416b6261ee841052eef4881df0e40054f3f,Authenticated GitHub snapshot ChandraguptSharma07/matrix-multiplication-tensor-3x3,Original archive CRC and member SHA256 verified
352957,E04,06-data,General / shared,Original pinned GitHub repository; static role inference,results/round_2026-09-29b/agent_projection/lifted_new/new_148_00126cd49d339b77.json,,contestants\E04\13-archives\GitHub-original-479c2416b6261ee841052eef4881df0e40054f3f.zip,ChandraguptSharma07-matrix-multiplication-tensor-3x3-479c2416b6261ee841052eef4881df0e40054f3f/results/round_2026-09-29b/agent_projection/lifted_new/new_148_00126cd49d339b77.json,2179,11ca5e7ccd48807c8ac6b876932a01277be382766bfc3db46fa25de02359bf63,5223f99d,479c2416b6261ee841052eef4881df0e40054f3f,Authenticated GitHub snapshot ChandraguptSharma07/matrix-multiplication-tensor-3x3,Original archive CRC and member SHA256 verified
352958,E04,06-data,General / shared,Original pinned GitHub repository; static role inference,results/round_2026-09-29b/agent_projection/lifted_new/new_148_0022ae2fd2ecf5f9.json,,contestants\E04\13-archives\GitHub-original-479c2416b6261ee841052eef4881df0e40054f3f.zip,ChandraguptSharma07-matrix-multiplication-tensor-3x3-479c2416b6261ee841052eef4881df0e40054f3f/results/round_2026-09-29b/agent_projection/lifted_new/new_148_0022ae2fd2ecf5f9.json,2179,4e694bf0b1ec78e09c81fbf66a11e6e5a13c9d1295c1a75318b72a8e15201189,3063a144,479c2416b6261ee841052eef4881df0e40054f3f,Authenticated GitHub snapshot ChandraguptSharma07/matrix-multiplication-tensor-3x3,Original archive CRC and member SHA256 verified
352959,E04,06-data,General / shared,Original pinned GitHub repository; static role inference,results/round_2026-09-29b/agent_projection/lifted_new/new_148_00dbb268ad465337.json,,contestants\E04\13-archives\GitHub-original-479c2416b6261ee841052eef4881df0e40054f3f.zip,ChandraguptSharma07-matrix-multiplication-tensor-3x3-479c2416b6261ee841052eef4881df0e40054f3f/results/round_2026-09-29b/agent_projection/lifted_new/new_148_00dbb268ad465337.json,2174,6f0e5d6f8f7f8e6ec25ac7ee3e81b8dc78651f2882b4be25629e840413051444,9d9e90bc,479c2416b6261ee841052eef4881df0e40054f3f,Authenticated GitHub snapshot ChandraguptSharma07/matrix-multiplication-tensor-3x3,Original archive CRC and member SHA256 verified
352960,E04,06-data,General / shared,Original pinned GitHub repository; static role inference,results/round_2026-09-29b/agent_projection/lifted_new/new_148_00e464e2eb63e4d4.json,,contestants\E04\13-archives\GitHub-original-479c2416b6261ee841052eef4881df0e40054f3f.zip,ChandraguptSharma07-matrix-multiplication-tensor-3x3-479c2416b6261ee841052eef4881df0e40054f3f/results/round_2026-09-29b/agent_projection/lifted_new/new_148_00e464e2eb63e4d4.json,2185,1844abf18307ecc98360a9fad510839c4915936cce29a4001599fe134d249a5c,8e0677da,479c2416b6261ee841052eef4881df0e40054f3f,Authenticated GitHub snapshot ChandraguptSharma07/matrix-multiplication-tensor-3x3,Original archive CRC and member SHA256 verified
352961,E04,06-data,General / shared,Original pinned GitHub repository; static role inference,results/round_2026-09-29b/agent_projection/lifted_new/new_149_0005a2ac8d553841.json,,contestants\E04\13-archives\GitHub-original-479c2416b6261ee841052eef4881df0e40054f3f.zip,ChandraguptSharma07-matrix-multiplication-tensor-3x3-479c2416b6261ee841052eef4881df0e40054f3f/results/round_2026-09-29b/agent_projection/lifted_new/new_149_0005a2ac8d553841.json,2193,deb64438611a8d4239d30ce8de94713eea64425e78fca633b39a4c429422fa16,0b6afb98,479c2416b6261ee841052eef4881df0e40054f3f,Authenticated GitHub snapshot ChandraguptSharma07/matrix-multiplication-tensor-3x3,Original archive CRC and member SHA256 verified
352962,E04,06-data,General / shared,Original pinned GitHub repository; static role inference,results/round_2026-09-29b/agent_projection/lifted_new/new_149_001001c56c06803d.json,,contestants\E04\13-archives\GitHub-original-479c2416b6261ee841052eef4881df0e40054f3f.zip,ChandraguptSharma07-matrix-multiplication-tensor-3x3-479c2416b6261ee841052eef4881df0e40054f3f/results/round_2026-09-29b/agent_projection/lifted_new/new_149_001001c56c06803d.json,2173,5a74ce8c811556266161099131832d61f097bfed95eb371724f6ff28a78ae536,9d28f801,479c2416b6261ee841052eef4881df0e40054f3f,Authenticated GitHub snapshot ChandraguptSharma07/matrix-multiplication-tensor-3x3,Original archive CRC and member SHA256 verified
352963,E04,06-data,General / shared,Original pinned GitHub repository; static role inference,results/round_2026-09-29b/agent_projection/lifted_new/new_149_00187665c9e6b0d5.json,,contestants\E04\13-archives\GitHub-original-479c2416b6261ee841052eef4881df0e40054f3f.zip,ChandraguptSharma07-matrix-multiplication-tensor-3x3-479c2416b6261ee841052eef4881df0e40054f3f/results/round_2026-09-29b/agent_projection/lifted_new/new_149_00187665c9e6b0d5.json,2178,d960b1cf46a86818fa9ffe51a050c0b1b0f49630323c6c9a378d3559f70b6c02,d479898a,479c2416b6261ee841052eef4881df0e40054f3f,Authenticated GitHub snapshot ChandraguptSharma07/matrix-multiplication-tensor-3x3,Original archive CRC and member SHA256 verified
352964,E04,06-data,General / shared,Original pinned GitHub repository; static role inference,results/round_2026-09-29b/agent_projection/lifted_new/new_149_002161afcee9a688.json,,contestants\E04\13-archives\GitHub-original-479c2416b6261ee841052eef4881df0e40054f3f.zip,ChandraguptSharma07-matrix-multiplication-tensor-3x3-479c2416b6261ee841052eef4881df0e40054f3f/results/round_2026-09-29b/agent_projection/lifted_new/new_149_002161afcee9a688.json,2181,a2d6c820ff2e7eab1bad1da0964798894e6982515182ffb16e208dff623bdf84,58de2269,479c2416b6261ee841052eef4881df0e40054f3f,Authenticated GitHub snapshot ChandraguptSharma07/matrix-multiplication-tensor-3x3,Original archive CRC and member SHA256 verified
352965,E04,06-data,General / shared,Original pinned GitHub repository; static role inference,results/round_2026-09-29b/agent_projection/lifted_new/new_149_002cb3ae2c719e68.json,,contestants\E04\13-archives\GitHub-original-479c2416b6261ee841052eef4881df0e40054f3f.zip,ChandraguptSharma07-matrix-multiplication-tensor-3x3-479c2416b6261ee841052eef4881df0e40054f3f/results/round_2026-09-29b/agent_projection/lifted_new/new_149_002cb3ae2c719e68.json,2175,32b86979587aa72950aabe15468c421e176104282a56a30699f5d70a2c282979,6256556e,479c2416b6261ee841052eef4881df0e40054f3f,Authenticated GitHub snapshot ChandraguptSharma07/matrix-multiplication-tensor-3x3,Original archive CRC and member SHA256 verified
352966,E04,06-data,General / shared,Original pinned GitHub repository; static role inference,results/round_2026-09-29b/agent_projection/lifted_new/new_149_007d82edfdc1b8be.json,,contestants\E04\13-archives\GitHub-original-479c2416b6261ee841052eef4881df0e40054f3f.zip,ChandraguptSharma07-matrix-multiplication-tensor-3x3-479c2416b6261ee841052eef4881df0e40054f3f/results/round_2026-09-29b/agent_projection/lifted_new/new_149_007d82edfdc1b8be.json,2184,c6f1413e5a188f8cfb308883bf6fa9111fc7185e149c998eeeda3ddca75f966b,a24ecf0e,479c2416b6261ee841052eef4881df0e40054f3f,Authenticated GitHub snapshot ChandraguptSharma07/matrix-multiplication-tensor-3x3,Original archive CRC and member SHA256 verified
352967,E04,06-data,General / shared,Original pinned GitHub repository; static role inference,results/round_2026-09-29b/agent_projection/lifted_new/new_150_00056de86f5b92b4.json,,contestants\E04\13-archives\GitHub-original-479c2416b6261ee841052eef4881df0e40054f3f.zip,ChandraguptSharma07-matrix-multiplication-tensor-3x3-479c2416b6261ee841052eef4881df0e40054f3f/results/round_2026-09-29b/agent_projection/lifted_new/new_150_00056de86f5b92b4.json,2195,7b72df62332b8db37054806b52639c8cddfc7a6f472d9782c4703440c6be4ac7,9832bad1,479c2416b6261ee841052eef4881df0e40054f3f,Authenticated GitHub snapshot ChandraguptSharma07/matrix-multiplication-tensor-3x3,Original archive CRC and member SHA256 verified
352968,E04,06-data,General / shared,Original pinned GitHub repository; static role inference,results/round_2026-09-29b/agent_projection/lifted_new/new_150_0006168c5384a740.json,,contestants\E04\13-archives\GitHub-original-479c2416b6261ee841052eef4881df0e40054f3f.zip,ChandraguptSharma07-matrix-multiplication-tensor-3x3-479c2416b6261ee841052eef4881df0e40054f3f/results/round_2026-09-29b/agent_projection/lifted_new/new_150_0006168c5384a740.json,2174,c6f5d96864a36eed3da56257c1b50bc2ff61501a878caae7ad9400af398d25bb,04fde1b8,479c2416b6261ee841052eef4881df0e40054f3f,Authenticated GitHub snapshot ChandraguptSharma07/matrix-multiplication-tensor-3x3,Original archive CRC and member SHA256 verified
352969,E04,06-data,General / shared,Original pinned GitHub repository; static role inference,results/round_2026-09-29b/agent_projection/lifted_new/new_150_00073eac1a10ff92.json,,contestants\E04\13-archives\GitHub-original-479c2416b6261ee841052eef4881df0e40054f3f.zip,ChandraguptSharma07-matrix-multiplication-tensor-3x3-479c2416b6261ee841052eef4881df0e40054f3f/results/round_2026-09-29b/agent_projection/lifted_new/new_150_00073eac1a10ff92.json,2195,abf715235e6df1c08ad0eda4c05544302561d5a6afd8299d0b4b4614bfa9ea48,5a9f32c0,479c2416b6261ee841052eef4881df0e40054f3f,Authenticated GitHub snapshot ChandraguptSharma07/matrix-multiplication-tensor-3x3,Original archive CRC and member SHA256 verified
352970,E04,06-data,General / shared,Original pinned GitHub repository; static role inference,results/round_2026-09-29b/agent_projection/lifted_new/new_150_00087d8cb0a354b0.json,,contestants\E04\13-archives\GitHub-original-479c2416b6261ee841052eef4881df0e40054f3f.zip,ChandraguptSharma07-matrix-multiplication-tensor-3x3-479c2416b6261ee841052eef4881df0e40054f3f/results/round_2026-09-29b/agent_projection/lifted_new/new_150_00087d8cb0a354b0.json,2174,efd5c728d78c18a71a788ee37be45b2b9ba3a7a9c805ab0e7a0eb19b2f6c3741,5a543745,479c2416b6261ee841052eef4881df0e40054f3f,Authenticated GitHub snapshot ChandraguptSharma07/matrix-multiplication-tensor-3x3,Original archive CRC and member SHA256 verified
352971,E04,06-data,General / shared,Original pinned GitHub repository; static role inference,results/round_2026-09-29b/agent_projection/lifted_new/new_150_0008c3c7fbe1fa9c.json,,contestants\E04\13-archives\GitHub-original-479c2416b6261ee841052eef4881df0e40054f3f.zip,ChandraguptSharma07-matrix-multiplication-tensor-3x3-479c2416b6261ee841052eef4881df0e40054f3f/results/round_2026-09-29b/agent_projection/lifted_new/new_150_0008c3c7fbe1fa9c.json,2182,1ef9e9fb289117e02b0e1f79783802948922bc47beb9d28d9e1db00e37715542,8bc5b239,479c2416b6261ee841052eef4881df0e40054f3f,Authenticated GitHub snapshot ChandraguptSharma07/matrix-multiplication-tensor-3x3,Original archive CRC and member SHA256 verified
352972,E04,06-data,General / shared,Original pinned GitHub repository; static role inference,results/round_2026-09-29b/agent_projection/lifted_new/new_150_000c6921f2d35aed.json,,contestants\E04\13-archives\GitHub-original-479c2416b6261ee841052eef4881df0e40054f3f.zip,ChandraguptSharma07-matrix-multiplication-tensor-3x3-479c2416b6261ee841052eef4881df0e40054f3f/results/round_2026-09-29b/agent_projection/lifted_new/new_150_000c6921f2d35aed.json,2177,3388f645b125ad6e0efc3cbe8aa62edea53342afb5e63c37fba1355de2a20965,939a8661,479c2416b6261ee841052eef4881df0e40054f3f,Authenticated GitHub snapshot ChandraguptSharma07/matrix-multiplication-tensor-3x3,Original archive CRC and member SHA256 verified
352973,E04,06-data,General / shared,Original pinned GitHub repository; static role inference,results/round_2026-09-29b/agent_projection/lifted_new/new_150_000ddea1918c3e60.json,,contestants\E04\13-archives\GitHub-original-479c2416b6261ee841052eef4881df0e40054f3f.zip,ChandraguptSharma07-matrix-multiplication-tensor-3x3-479c2416b6261ee841052eef4881df0e40054f3f/results/round_2026-09-29b/agent_projection/lifted_new/new_150_000ddea1918c3e60.json,2178,97560bbb9f83308f182f3a430b074e59cdd4a2ff64725b7bebad1d3a9760f809,b592b7c3,479c2416b6261ee841052eef4881df0e40054f3f,Authenticated GitHub snapshot ChandraguptSharma07/matrix-multiplication-tensor-3x3,Original archive CRC and member SHA256 verified
352974,E04,06-data,General / shared,Original pinned GitHub repository; static role inference,results/round_2026-09-29b/agent_projection/lifted_new/new_150_00120b632cc674d3.json,,contestants\E04\13-archives\GitHub-original-479c2416b6261ee841052eef4881df0e40054f3f.zip,ChandraguptSharma07-matrix-multiplication-tensor-3x3-479c2416b6261ee841052eef4881df0e40054f3f/results/round_2026-09-29b/agent_projection/lifted_new/new_150_00120b632cc674d3.json,2182,9e1a16c5007f9230ac579c656a2e74300f0142a860077e309811e17d1574067b,10b220f7,479c2416b6261ee841052eef4881df0e40054f3f,Authenticated GitHub snapshot ChandraguptSharma07/matrix-multiplication-tensor-3x3,Original archive CRC and member SHA256 verified
352975,E04,06-data,General / shared,Original pinned GitHub repository; static role inference,results/round_2026-09-29b/agent_projection/lifted_new/new_150_001d0c61cd90d731.json,,contestants\E04\13-archives\GitHub-original-479c2416b6261ee841052eef4881df0e40054f3f.zip,ChandraguptSharma07-matrix-multiplication-tensor-3x3-479c2416b6261ee841052eef4881df0e40054f3f/results/round_2026-09-29b/agent_projection/lifted_new/new_150_001d0c61cd90d731.json,2175,aae1aac1d525a198b8ae51d8b1538d6afdd6d5511d6d780afe215fe344cfae7b,f4a6f18f,479c2416b6261ee841052eef4881df0e40054f3f,Authenticated GitHub snapshot ChandraguptSharma07/matrix-multiplication-tensor-3x3,Original archive CRC and member SHA256 verified
352976,E04,06-data,General / shared,Original pinned GitHub repository; static role inference,results/round_2026-09-29b/agent_projection/lifted_new/new_150_005c41903d6454f6.json,,contestants\E04\13-archives\GitHub-original-479c2416b6261ee841052eef4881df0e40054f3f.zip,ChandraguptSharma07-matrix-multiplication-tensor-3x3-479c2416b6261ee841052eef4881df0e40054f3f/results/round_2026-09-29b/agent_projection/lifted_new/new_150_005c41903d6454f6.json,2185,63db272ab13960ef10ae47eddff4049c068457bc7a6255efbcb467e22f9ec975,c132ab30,479c2416b6261ee841052eef4881df0e40054f3f,Authenticated GitHub snapshot ChandraguptSharma07/matrix-multiplication-tensor-3x3,Original archive CRC and member SHA256 verified
352977,E04,06-data,General / shared,Original pinned GitHub repository; static role inference,results/round_2026-09-29b/agent_projection/lifted_new/new_150_00d23abf75f57a52.json,,contestants\E04\13-archives\GitHub-original-479c2416b6261ee841052eef4881df0e40054f3f.zip,ChandraguptSharma07-matrix-multiplication-tensor-3x3-479c2416b6261ee841052eef4881df0e40054f3f/results/round_2026-09-29b/agent_projection/lifted_new/new_150_00d23abf75f57a52.json,2175,507358aec6859f92697b544d1c6ec8f9bcdd1608b8d765225b160e3400e710ce,0031acda,479c2416b6261ee841052eef4881df0e40054f3f,Authenticated GitHub snapshot ChandraguptSharma07/matrix-multiplication-tensor-3x3,Original archive CRC and member SHA256 verified
352978,E04,06-data,General / shared,Original pinned GitHub repository; static role inference,results/round_2026-09-29b/agent_projection/lifted_new/summary.json,,contestants\E04\13-archives\GitHub-original-479c2416b6261ee841052eef4881df0e40054f3f.zip,ChandraguptSharma07-matrix-multiplication-tensor-3x3-479c2416b6261ee841052eef4881df0e40054f3f/results/round_2026-09-29b/agent_projection/lifted_new/summary.json,2530,69c6740b60e0b41f1c460eda8303b53d9f7c885970b47879426284868a1399f2,9051e024,479c2416b6261ee841052eef4881df0e40054f3f,Authenticated GitHub snapshot ChandraguptSharma07/matrix-multiplication-tensor-3x3,Original archive CRC and member SHA256 verified
352983,E04,06-data,General / shared,Original pinned GitHub repository; static role inference,results/round_2026-09-29b/agent_projection/rank_table.json,,contestants\E04\13-archives\GitHub-original-479c2416b6261ee841052eef4881df0e40054f3f.zip,ChandraguptSharma07-matrix-multiplication-tensor-3x3-479c2416b6261ee841052eef4881df0e40054f3f/results/round_2026-09-29b/agent_projection/rank_table.json,5212,3b6ec59d84b2eb0b2d9ed31de6adbb2ee3a0837c933923ed8d21211d26af8cf1,634eb41e,479c2416b6261ee841052eef4881df0e40054f3f,Authenticated GitHub snapshot ChandraguptSharma07/matrix-multiplication-tensor-3x3,Original archive CRC and member SHA256 verified
352986,E04,06-data,General / shared,Original pinned GitHub repository; static role inference,results/round_2026-09-29b/agent_projection/seeds_orbit_classes.json,,contestants\E04\13-archives\GitHub-original-479c2416b6261ee841052eef4881df0e40054f3f.zip,ChandraguptSharma07-matrix-multiplication-tensor-3x3-479c2416b6261ee841052eef4881df0e40054f3f/results/round_2026-09-29b/agent_projection/seeds_orbit_classes.json,588029,cabeeb909c48c98e4a1410902f13e91ca32163d6599a2209a63b8c416ccfd521,569d2618,479c2416b6261ee841052eef4881df0e40054f3f,Authenticated GitHub snapshot ChandraguptSharma07/matrix-multiplication-tensor-3x3,Original archive CRC and member SHA256 verified
352987,E04,06-data,General / shared,Original pinned GitHub repository; static role inference,results/round_2026-09-29b/agent_projection/summary.json,,contestants\E04\13-archives\GitHub-original-479c2416b6261ee841052eef4881df0e40054f3f.zip,ChandraguptSharma07-matrix-multiplication-tensor-3x3-479c2416b6261ee841052eef4881df0e40054f3f/results/round_2026-09-29b/agent_projection/summary.json,19032,4d28773b2adeb2b3d7d5417c1eeef891c608f4ca50404dc5a26be8cc53cb19fa,f6475341,479c2416b6261ee841052eef4881df0e40054f3f,Authenticated GitHub snapshot ChandraguptSharma07/matrix-multiplication-tensor-3x3,Original archive CRC and member SHA256 verified
352991,E04,06-data,General / shared,Original pinned GitHub repository; static role inference,results/round_2026-09-29b/agent_sources/hb333_pattern_classes_139_145.json,,contestants\E04\13-archives\GitHub-original-479c2416b6261ee841052eef4881df0e40054f3f.zip,ChandraguptSharma07-matrix-multiplication-tensor-3x3-479c2416b6261ee841052eef4881df0e40054f3f/results/round_2026-09-29b/agent_sources/hb333_pattern_classes_139_145.json,4058,a6e1d25d3c26371aef17e699ce59594015414d03c2da4cd9dbf3ab54decac864,59a420d0,479c2416b6261ee841052eef4881df0e40054f3f,Authenticated GitHub snapshot ChandraguptSharma07/matrix-multiplication-tensor-3x3,Original archive CRC and member SHA256 verified
352993,E04,06-data,General / shared,Original pinned GitHub repository; static role inference,results/round_2026-09-29b/agent_sources/schemes/bilr_addtlone.json,,contestants\E04\13-archives\GitHub-original-479c2416b6261ee841052eef4881df0e40054f3f.zip,ChandraguptSharma07-matrix-multiplication-tensor-3x3-479c2416b6261ee841052eef4881df0e40054f3f/results/round_2026-09-29b/agent_sources/schemes/bilr_addtlone.json,2175,e986757b446cdaeca158a0fc4b7b367a0c1784bc754f390d720f0d9fa7b9fd7a,f9adf43e,479c2416b6261ee841052eef4881df0e40054f3f,Authenticated GitHub snapshot ChandraguptSharma07/matrix-multiplication-tensor-3x3,Original archive CRC and member SHA256 verified
352994,E04,06-data,General / shared,Original pinned GitHub repository; static role inference,results/round_2026-09-29b/agent_sources/schemes/bilr_addtlthree.json,,contestants\E04\13-archives\GitHub-original-479c2416b6261ee841052eef4881df0e40054f3f.zip,ChandraguptSharma07-matrix-multiplication-tensor-3x3-479c2416b6261ee841052eef4881df0e40054f3f/results/round_2026-09-29b/agent_sources/schemes/bilr_addtlthree.json,2165,b192a4766a3493a80c0dc270be25f4d5968d23b2472a8d89e1b78fe28b837f45,13a7d659,479c2416b6261ee841052eef4881df0e40054f3f,Authenticated GitHub snapshot ChandraguptSharma07/matrix-multiplication-tensor-3x3,Original archive CRC and member SHA256 verified
352995,E04,06-data,General / shared,Original pinned GitHub repository; static role inference,results/round_2026-09-29b/agent_sources/schemes/bilr_addtltwo.json,,contestants\E04\13-archives\GitHub-original-479c2416b6261ee841052eef4881df0e40054f3f.zip,ChandraguptSharma07-matrix-multiplication-tensor-3x3-479c2416b6261ee841052eef4881df0e40054f3f/results/round_2026-09-29b/agent_sources/schemes/bilr_addtltwo.json,2190,9e47d3844cb912e0da6701114d182f00f1c717e0e1afcd7b4d4fb8f865d1fc67,947d43d8,479c2416b6261ee841052eef4881df0e40054f3f,Authenticated GitHub snapshot ChandraguptSharma07/matrix-multiplication-tensor-3x3,Original archive CRC and member SHA256 verified
352996,E04,06-data,General / shared,Original pinned GitHub repository; static role inference,results/round_2026-09-29b/agent_sources/schemes/bilr_lad.json,,contestants\E04\13-archives\GitHub-original-479c2416b6261ee841052eef4881df0e40054f3f.zip,ChandraguptSharma07-matrix-multiplication-tensor-3x3-479c2416b6261ee841052eef4881df0e40054f3f/results/round_2026-09-29b/agent_sources/schemes/bilr_lad.json,2149,0cd90d1864aaede983082e0683550fc3da4e7d07cf2e675cd5fb90e09894b075,0afe89ae,479c2416b6261ee841052eef4881df0e40054f3f,Authenticated GitHub snapshot ChandraguptSharma07/matrix-multiplication-tensor-3x3,Original archive CRC and member SHA256 verified
352997,E04,06-data,General / shared,Original pinned GitHub repository; static role inference,results/round_2026-09-29b/agent_sources/schemes/bilr_twofix.json,,contestants\E04\13-archives\GitHub-original-479c2416b6261ee841052eef4881df0e40054f3f.zip,ChandraguptSharma07-matrix-multiplication-tensor-3x3-479c2416b6261ee841052eef4881df0e40054f3f/results/round_2026-09-29b/agent_sources/schemes/bilr_twofix.json,2125,4e97761848290797be85116b1cde1dfad81c9617ac49aac0589558aad968bbb7,ca4dc765,479c2416b6261ee841052eef4881df0e40054f3f,Authenticated GitHub snapshot ChandraguptSharma07/matrix-multiplication-tensor-3x3,Original archive CRC and member SHA256 verified
352998,E04,06-data,General / shared,Original pinned GitHub repository; static role inference,results/round_2026-09-29b/agent_sources/schemes/bilr_zfzt.json,,contestants\E04\13-archives\GitHub-original-479c2416b6261ee841052eef4881df0e40054f3f.zip,ChandraguptSharma07-matrix-multiplication-tensor-3x3-479c2416b6261ee841052eef4881df0e40054f3f/results/round_2026-09-29b/agent_sources/schemes/bilr_zfzt.json,2186,fdc3a76356649e89e0752487737a0be1a04b23b5125d81f59d5342367e9519be,419e93c9,479c2416b6261ee841052eef4881df0e40054f3f,Authenticated GitHub snapshot ChandraguptSharma07/matrix-multiplication-tensor-3x3,Original archive CRC and member SHA256 verified
352999,E04,06-data,Matrix multiplication,Original pinned GitHub repository; static role inference,results/round_2026-09-29b/agent_sources/schemes/smirnov139_sign_class_reps.json,,contestants\E04\13-archives\GitHub-original-479c2416b6261ee841052eef4881df0e40054f3f.zip,ChandraguptSharma07-matrix-multiplication-tensor-3x3-479c2416b6261ee841052eef4881df0e40054f3f/results/round_2026-09-29b/agent_sources/schemes/smirnov139_sign_class_reps.json,8332,770921350934668e151c1fa8782ef3106cc7860f9d2cb6b07f42f41fa5053d11,92185704,479c2416b6261ee841052eef4881df0e40054f3f,Authenticated GitHub snapshot ChandraguptSharma07/matrix-multiplication-tensor-3x3,Original archive CRC and member SHA256 verified
353038,E04,06-data,General / shared,Original pinned GitHub repository; static role inference,results/round_2026-09-29b/census/cores_disjoint.json,,contestants\E04\13-archives\GitHub-original-479c2416b6261ee841052eef4881df0e40054f3f.zip,ChandraguptSharma07-matrix-multiplication-tensor-3x3-479c2416b6261ee841052eef4881df0e40054f3f/results/round_2026-09-29b/census/cores_disjoint.json,265991,d9565fdff240c9589044e3ddd589b224f9487cc300e004da0e3dfb21241a046e,e80a3018,479c2416b6261ee841052eef4881df0e40054f3f,Authenticated GitHub snapshot ChandraguptSharma07/matrix-multiplication-tensor-3x3,Original archive CRC and member SHA256 verified
353041,E04,06-data,General / shared,Original pinned GitHub repository; static role inference,results/round_2026-09-29b/census/laptop_0_cap145.jsonl,,contestants\E04\13-archives\GitHub-original-479c2416b6261ee841052eef4881df0e40054f3f.zip,ChandraguptSharma07-matrix-multiplication-tensor-3x3-479c2416b6261ee841052eef4881df0e40054f3f/results/round_2026-09-29b/census/laptop_0_cap145.jsonl,42490,e6dc0f6e5acc123be5ee6b1c324144374a6b9c18afa2cc60bb619d622da5adce,24cfb6bf,479c2416b6261ee841052eef4881df0e40054f3f,Authenticated GitHub snapshot ChandraguptSharma07/matrix-multiplication-tensor-3x3,Original archive CRC and member SHA256 verified
353043,E04,06-data,General / shared,Original pinned GitHub repository; static role inference,results/round_2026-09-29b/census/laptop_1200_cap145.jsonl,,contestants\E04\13-archives\GitHub-original-479c2416b6261ee841052eef4881df0e40054f3f.zip,ChandraguptSharma07-matrix-multiplication-tensor-3x3-479c2416b6261ee841052eef4881df0e40054f3f/results/round_2026-09-29b/census/laptop_1200_cap145.jsonl,42900,c267e2c2035763dd37395b6023b2d19086ca05285d1a7f6e98d99eae224b9875,3fd215c1,479c2416b6261ee841052eef4881df0e40054f3f,Authenticated GitHub snapshot ChandraguptSharma07/matrix-multiplication-tensor-3x3,Original archive CRC and member SHA256 verified
353045,E04,06-data,General / shared,Original pinned GitHub repository; static role inference,results/round_2026-09-29b/census/laptop_1500_1811_cap145.jsonl,,contestants\E04\13-archives\GitHub-original-479c2416b6261ee841052eef4881df0e40054f3f.zip,ChandraguptSharma07-matrix-multiplication-tensor-3x3-479c2416b6261ee841052eef4881df0e40054f3f/results/round_2026-09-29b/census/laptop_1500_1811_cap145.jsonl,45604,3e5a5c6b706d181e65311b4d2a9e76153ab9a031567b0ae933885948910bf943,459ee4ac,479c2416b6261ee841052eef4881df0e40054f3f,Authenticated GitHub snapshot ChandraguptSharma07/matrix-multiplication-tensor-3x3,Original archive CRC and member SHA256 verified
353047,E04,06-data,General / shared,Original pinned GitHub repository; static role inference,results/round_2026-09-29b/census/laptop_300_cap145.jsonl,,contestants\E04\13-archives\GitHub-original-479c2416b6261ee841052eef4881df0e40054f3f.zip,ChandraguptSharma07-matrix-multiplication-tensor-3x3-479c2416b6261ee841052eef4881df0e40054f3f/results/round_2026-09-29b/census/laptop_300_cap145.jsonl,42600,cf67176193266a0fd87cecc0b52c969e74c9a34432762f2ae565c51291b3b438,6e1285e7,479c2416b6261ee841052eef4881df0e40054f3f,Authenticated GitHub snapshot ChandraguptSharma07/matrix-multiplication-tensor-3x3,Original archive CRC and member SHA256 verified
353049,E04,06-data,General / shared,Original pinned GitHub repository; static role inference,results/round_2026-09-29b/census/laptop_600_cap145.jsonl,,contestants\E04\13-archives\GitHub-original-479c2416b6261ee841052eef4881df0e40054f3f.zip,ChandraguptSharma07-matrix-multiplication-tensor-3x3-479c2416b6261ee841052eef4881df0e40054f3f/results/round_2026-09-29b/census/laptop_600_cap145.jsonl,42600,0c33c0ed672a2e6e152008d451eadf6d29171002a6906a51be5368bba22c51ea,be797e82,479c2416b6261ee841052eef4881df0e40054f3f,Authenticated GitHub snapshot ChandraguptSharma07/matrix-multiplication-tensor-3x3,Original archive CRC and member SHA256 verified
353051,E04,06-data,General / shared,Original pinned GitHub repository; static role inference,results/round_2026-09-29b/census/laptop_900_cap145.jsonl,,contestants\E04\13-archives\GitHub-original-479c2416b6261ee841052eef4881df0e40054f3f.zip,ChandraguptSharma07-matrix-multiplication-tensor-3x3-479c2416b6261ee841052eef4881df0e40054f3f/results/round_2026-09-29b/census/laptop_900_cap145.jsonl,42803,7a3cc530c49ac9e9861f225e3005b2f9ce4744e5abe9c4926c77e35b8dfb1e90,55bbda82,479c2416b6261ee841052eef4881df0e40054f3f,Authenticated GitHub snapshot ChandraguptSharma07/matrix-multiplication-tensor-3x3,Original archive CRC and member SHA256 verified
353052,E04,06-data,General / shared,Original pinned GitHub repository; static role inference,results/round_2026-09-29b/census/near_all.json,,contestants\E04\13-archives\GitHub-original-479c2416b6261ee841052eef4881df0e40054f3f.zip,ChandraguptSharma07-matrix-multiplication-tensor-3x3-479c2416b6261ee841052eef4881df0e40054f3f/results/round_2026-09-29b/census/near_all.json,72,4c7ace6c34e9999bdcebafe87e2ed9f36f95d0184f0d0ae83e8f2b909889907e,a8a46857,479c2416b6261ee841052eef4881df0e40054f3f,Authenticated GitHub snapshot ChandraguptSharma07/matrix-multiplication-tensor-3x3,Original archive CRC and member SHA256 verified
353053,E04,06-data,General / shared,Original pinned GitHub repository; static role inference,results/round_2026-09-29b/census/pilot_pub.jsonl,,contestants\E04\13-archives\GitHub-original-479c2416b6261ee841052eef4881df0e40054f3f.zip,ChandraguptSharma07-matrix-multiplication-tensor-3x3-479c2416b6261ee841052eef4881df0e40054f3f/results/round_2026-09-29b/census/pilot_pub.jsonl,2867,efebb73a54d3e2148ab3572955d7711543404a4000cb64f54150f76563b7631e,f48b6a95,479c2416b6261ee841052eef4881df0e40054f3f,Authenticated GitHub snapshot ChandraguptSharma07/matrix-multiplication-tensor-3x3,Original archive CRC and member SHA256 verified
353054,E04,06-data,General / shared,Original pinned GitHub repository; static role inference,results/round_2026-09-29b/census/pilot_rand.jsonl,,contestants\E04\13-archives\GitHub-original-479c2416b6261ee841052eef4881df0e40054f3f.zip,ChandraguptSharma07-matrix-multiplication-tensor-3x3-479c2416b6261ee841052eef4881df0e40054f3f/results/round_2026-09-29b/census/pilot_rand.jsonl,6267,81d1ca1644c5af8ba2052ab6f091de4b947175d5fd4c0230c0adbc7356d25061,04b0a496,479c2416b6261ee841052eef4881df0e40054f3f,Authenticated GitHub snapshot ChandraguptSharma07/matrix-multiplication-tensor-3x3,Original archive CRC and member SHA256 verified
353055,E04,06-data,General / shared,Original pinned GitHub repository; static role inference,results/round_2026-09-29b/census/published_disjoint.json,,contestants\E04\13-archives\GitHub-original-479c2416b6261ee841052eef4881df0e40054f3f.zip,ChandraguptSharma07-matrix-multiplication-tensor-3x3-479c2416b6261ee841052eef4881df0e40054f3f/results/round_2026-09-29b/census/published_disjoint.json,176,30fde3329343b5f3e79bd71a2b1c8b7196c7c42378a1467e59856f891b07851f,548e8f7a,479c2416b6261ee841052eef4881df0e40054f3f,Authenticated GitHub snapshot ChandraguptSharma07/matrix-multiplication-tensor-3x3,Original archive CRC and member SHA256 verified
353056,E04,06-data,General / shared,Original pinned GitHub repository; static role inference,results/round_2026-09-29b/census/stage2_cap138.jsonl,,contestants\E04\13-archives\GitHub-original-479c2416b6261ee841052eef4881df0e40054f3f.zip,ChandraguptSharma07-matrix-multiplication-tensor-3x3-479c2416b6261ee841052eef4881df0e40054f3f/results/round_2026-09-29b/census/stage2_cap138.jsonl,2175,ed1381acd966e5e6811e823bc94c41ac9a2d7d3114281264d7022ab2a41817bf,c620521f,479c2416b6261ee841052eef4881df0e40054f3f,Authenticated GitHub snapshot ChandraguptSharma07/matrix-multiplication-tensor-3x3,Original archive CRC and member SHA256 verified
353058,E04,06-data,General / shared,Original pinned GitHub repository; static role inference,results/round_2026-09-29b/census/stage2_near_cap145.jsonl,,contestants\E04\13-archives\GitHub-original-479c2416b6261ee841052eef4881df0e40054f3f.zip,ChandraguptSharma07-matrix-multiplication-tensor-3x3-479c2416b6261ee841052eef4881df0e40054f3f/results/round_2026-09-29b/census/stage2_near_cap145.jsonl,2089,890910a3da7e30bb72b5c25f20e1876800e62bfe42f31bc74d9fc82123e10222,82da0da6,479c2416b6261ee841052eef4881df0e40054f3f,Authenticated GitHub snapshot ChandraguptSharma07/matrix-multiplication-tensor-3x3,Original archive CRC and member SHA256 verified
353060,E04,06-data,General / shared,Original pinned GitHub repository; static role inference,results/round_2026-09-29b/census/stage2_res3_cap145.jsonl,,contestants\E04\13-archives\GitHub-original-479c2416b6261ee841052eef4881df0e40054f3f.zip,ChandraguptSharma07-matrix-multiplication-tensor-3x3-479c2416b6261ee841052eef4881df0e40054f3f/results/round_2026-09-29b/census/stage2_res3_cap145.jsonl,7521,cb379c64926b67022dd0ba997133fe7426d31b11f7db217d184a5c6d4e70be6f,2a00c955,479c2416b6261ee841052eef4881df0e40054f3f,Authenticated GitHub snapshot ChandraguptSharma07/matrix-multiplication-tensor-3x3,Original archive CRC and member SHA256 verified
353063,E04,06-data,General / shared,Original pinned GitHub repository; static role inference,results/round_2026-09-29b/census3/c1685.txt,,contestants\E04\13-archives\GitHub-original-479c2416b6261ee841052eef4881df0e40054f3f.zip,ChandraguptSharma07-matrix-multiplication-tensor-3x3-479c2416b6261ee841052eef4881df0e40054f3f/results/round_2026-09-29b/census3/c1685.txt,9079,ddeef2a7f49f9c53d77d1047b6826bb181bee7568bf1236c3bf923e05108fc98,4996d214,479c2416b6261ee841052eef4881df0e40054f3f,Authenticated GitHub snapshot ChandraguptSharma07/matrix-multiplication-tensor-3x3,Original archive CRC and member SHA256 verified
353064,E04,06-data,General / shared,Original pinned GitHub repository; static role inference,results/round_2026-09-29b/census3/c1729.txt,,contestants\E04\13-archives\GitHub-original-479c2416b6261ee841052eef4881df0e40054f3f.zip,ChandraguptSharma07-matrix-multiplication-tensor-3x3-479c2416b6261ee841052eef4881df0e40054f3f/results/round_2026-09-29b/census3/c1729.txt,9083,942daccd088102570852b17db79ec771150dd47499d41654fc86ffad138f7b87,50430053,479c2416b6261ee841052eef4881df0e40054f3f,Authenticated GitHub snapshot ChandraguptSharma07/matrix-multiplication-tensor-3x3,Original archive CRC and member SHA256 verified
353065,E04,06-data,General / shared,Original pinned GitHub repository; static role inference,results/round_2026-09-29b/census3/c1809.txt,,contestants\E04\13-archives\GitHub-original-479c2416b6261ee841052eef4881df0e40054f3f.zip,ChandraguptSharma07-matrix-multiplication-tensor-3x3-479c2416b6261ee841052eef4881df0e40054f3f/results/round_2026-09-29b/census3/c1809.txt,9080,197c090d81b0dfa3cb5dc4f7f3898dd7ff61d35c85e456cbfc89c2f292e48283,35b88f67,479c2416b6261ee841052eef4881df0e40054f3f,Authenticated GitHub snapshot ChandraguptSharma07/matrix-multiplication-tensor-3x3,Original archive CRC and member SHA256 verified
353068,E04,06-data,General / shared,Original pinned GitHub repository; static role inference,results/round_2026-09-29b/census3/core1685_fix.txt,,contestants\E04\13-archives\GitHub-original-479c2416b6261ee841052eef4881df0e40054f3f.zip,ChandraguptSharma07-matrix-multiplication-tensor-3x3-479c2416b6261ee841052eef4881df0e40054f3f/results/round_2026-09-29b/census3/core1685_fix.txt,299,5f37b97c8e2cbfa859bfc3120c58dc9ca9459c1510a771b1460d22a45e2e5655,8485ab36,479c2416b6261ee841052eef4881df0e40054f3f,Authenticated GitHub snapshot ChandraguptSharma07/matrix-multiplication-tensor-3x3,Original archive CRC and member SHA256 verified
353069,E04,06-data,General / shared,Original pinned GitHub repository; static role inference,results/round_2026-09-29b/census3/core1729_fix.txt,,contestants\E04\13-archives\GitHub-original-479c2416b6261ee841052eef4881df0e40054f3f.zip,ChandraguptSharma07-matrix-multiplication-tensor-3x3-479c2416b6261ee841052eef4881df0e40054f3f/results/round_2026-09-29b/census3/core1729_fix.txt,299,bbe289409eb0971ed4de63aec678e4b3c8e5ed7a556eb3658ceeb2214a2243aa,3fd8438f,479c2416b6261ee841052eef4881df0e40054f3f,Authenticated GitHub snapshot ChandraguptSharma07/matrix-multiplication-tensor-3x3,Original archive CRC and member SHA256 verified
353070,E04,06-data,General / shared,Original pinned GitHub repository; static role inference,results/round_2026-09-29b/census3/core1809_fix.txt,,contestants\E04\13-archives\GitHub-original-479c2416b6261ee841052eef4881df0e40054f3f.zip,ChandraguptSharma07-matrix-multiplication-tensor-3x3-479c2416b6261ee841052eef4881df0e40054f3f/results/round_2026-09-29b/census3/core1809_fix.txt,299,666a4366224670c4d2018a9b754e7379dbabf7ca20fd6240796c2e9eca8f1f11,97522606,479c2416b6261ee841052eef4881df0e40054f3f,Authenticated GitHub snapshot ChandraguptSharma07/matrix-multiplication-tensor-3x3,Original archive CRC and member SHA256 verified
353072,E04,06-data,General / shared,Original pinned GitHub repository; static role inference,results/round_2026-09-29b/census3/hit138_gauge.npy,,contestants\E04\13-archives\GitHub-original-479c2416b6261ee841052eef4881df0e40054f3f.zip,ChandraguptSharma07-matrix-multiplication-tensor-3x3-479c2416b6261ee841052eef4881df0e40054f3f/results/round_2026-09-29b/census3/hit138_gauge.npy,5096,0e84f764699614155b4d5c10dd7adacb25196afc53b6d9f3f33b6ee64a6d09cd,1d4ea505,479c2416b6261ee841052eef4881df0e40054f3f,Authenticated GitHub snapshot ChandraguptSharma07/matrix-multiplication-tensor-3x3,Original archive CRC and member SHA256 verified
353073,E04,06-data,General / shared,Original pinned GitHub repository; static role inference,results/round_2026-09-29b/census3/hit138_gf3.json,,contestants\E04\13-archives\GitHub-original-479c2416b6261ee841052eef4881df0e40054f3f.zip,ChandraguptSharma07-matrix-multiplication-tensor-3x3-479c2416b6261ee841052eef4881df0e40054f3f/results/round_2026-09-29b/census3/hit138_gf3.json,687,94551dc1dbf8008ada8819dac90e60ca80a6590f2df68743e603fed989049767,9a9960db,479c2416b6261ee841052eef4881df0e40054f3f,Authenticated GitHub snapshot ChandraguptSharma07/matrix-multiplication-tensor-3x3,Original archive CRC and member SHA256 verified
353074,E04,06-data,General / shared,Original pinned GitHub repository; static role inference,results/round_2026-09-29b/census3/hit138_gf3.txt,,contestants\E04\13-archives\GitHub-original-479c2416b6261ee841052eef4881df0e40054f3f.zip,ChandraguptSharma07-matrix-multiplication-tensor-3x3-479c2416b6261ee841052eef4881df0e40054f3f/results/round_2026-09-29b/census3/hit138_gf3.txt,373,e8b99412a26a5c0634689866ad4aaacaa9394b66d60ac4307c40e61b164a7d8b,9efa0829,479c2416b6261ee841052eef4881df0e40054f3f,Authenticated GitHub snapshot ChandraguptSharma07/matrix-multiplication-tensor-3x3,Original archive CRC and member SHA256 verified
353075,E04,06-data,General / shared,Original pinned GitHub repository; static role inference,results/round_2026-09-29b/census3/hit138_gf3_best.json,,contestants\E04\13-archives\GitHub-original-479c2416b6261ee841052eef4881df0e40054f3f.zip,ChandraguptSharma07-matrix-multiplication-tensor-3x3-479c2416b6261ee841052eef4881df0e40054f3f/results/round_2026-09-29b/census3/hit138_gf3_best.json,2848,f215899f04de26c44e77c94654795b2d1f3b6949d38441047c2f7a1f9b5ccf15,1cbc0688,479c2416b6261ee841052eef4881df0e40054f3f,Authenticated GitHub snapshot ChandraguptSharma07/matrix-multiplication-tensor-3x3,Original archive CRC and member SHA256 verified
353076,E04,06-data,General / shared,Original pinned GitHub repository; static role inference,results/round_2026-09-29b/census3/hit138_snapped.npy,,contestants\E04\13-archives\GitHub-original-479c2416b6261ee841052eef4881df0e40054f3f.zip,ChandraguptSharma07-matrix-multiplication-tensor-3x3-479c2416b6261ee841052eef4881df0e40054f3f/results/round_2026-09-29b/census3/hit138_snapped.npy,5096,7fe43986d1543d52e3aedeb5164cc2d4080a39f5f993529837f35cd4e6e3e8d2,72e86fb9,479c2416b6261ee841052eef4881df0e40054f3f,Authenticated GitHub snapshot ChandraguptSharma07/matrix-multiplication-tensor-3x3,Original archive CRC and member SHA256 verified
353078,E04,06-data,General / shared,Original pinned GitHub repository; static role inference,results/round_2026-09-29b/census3/laptop3_0_1500_cap145.jsonl,,contestants\E04\13-archives\GitHub-original-479c2416b6261ee841052eef4881df0e40054f3f.zip,ChandraguptSharma07-matrix-multiplication-tensor-3x3-479c2416b6261ee841052eef4881df0e40054f3f/results/round_2026-09-29b/census3/laptop3_0_1500_cap145.jsonl,40257,a799ac06bb9614e61d2fa16b339f7b64b4d68ba8075958400275d4055ab01f15,d983e55b,479c2416b6261ee841052eef4881df0e40054f3f,Authenticated GitHub snapshot ChandraguptSharma07/matrix-multiplication-tensor-3x3,Original archive CRC and member SHA256 verified
353080,E04,06-data,General / shared,Original pinned GitHub repository; static role inference,results/round_2026-09-29b/census3/laptop3_1500_1811_cap145.jsonl,,contestants\E04\13-archives\GitHub-original-479c2416b6261ee841052eef4881df0e40054f3f.zip,ChandraguptSharma07-matrix-multiplication-tensor-3x3-479c2416b6261ee841052eef4881df0e40054f3f/results/round_2026-09-29b/census3/laptop3_1500_1811_cap145.jsonl,50618,7833feb2ca5556aecc47eaf0a031f7677ce0915481477648bf7dee3998f77bf3,7be5e9cc,479c2416b6261ee841052eef4881df0e40054f3f,Authenticated GitHub snapshot ChandraguptSharma07/matrix-multiplication-tensor-3x3,Original archive CRC and member SHA256 verified
353082,E04,06-data,General / shared,Original pinned GitHub repository; static role inference,results/round_2026-09-29b/census3/laptop3_842_906_cap145.jsonl,,contestants\E04\13-archives\GitHub-original-479c2416b6261ee841052eef4881df0e40054f3f.zip,ChandraguptSharma07-matrix-multiplication-tensor-3x3-479c2416b6261ee841052eef4881df0e40054f3f/results/round_2026-09-29b/census3/laptop3_842_906_cap145.jsonl,10067,25e6d0bb67f9d192060faeae3d4df76d1cfe11d982f24582753d937382af5372,bc387812,479c2416b6261ee841052eef4881df0e40054f3f,Authenticated GitHub snapshot ChandraguptSharma07/matrix-multiplication-tensor-3x3,Original archive CRC and member SHA256 verified
353085,E04,06-data,General / shared,Original pinned GitHub repository; static role inference,results/round_2026-09-29b/census3/s137.txt,,contestants\E04\13-archives\GitHub-original-479c2416b6261ee841052eef4881df0e40054f3f.zip,ChandraguptSharma07-matrix-multiplication-tensor-3x3-479c2416b6261ee841052eef4881df0e40054f3f/results/round_2026-09-29b/census3/s137.txt,27257,48bf0f6d603818ed77020cbe0f712e4bde9c63cbfc9ee56ec54d8b59418b0056,d0958204,479c2416b6261ee841052eef4881df0e40054f3f,Authenticated GitHub snapshot ChandraguptSharma07/matrix-multiplication-tensor-3x3,Original archive CRC and member SHA256 verified
353086,E04,06-data,General / shared,Original pinned GitHub repository; static role inference,results/round_2026-09-29b/census3/s138.txt,,contestants\E04\13-archives\GitHub-original-479c2416b6261ee841052eef4881df0e40054f3f.zip,ChandraguptSharma07-matrix-multiplication-tensor-3x3-479c2416b6261ee841052eef4881df0e40054f3f/results/round_2026-09-29b/census3/s138.txt,18168,a1811bc530a4b2b0b5aab9bec964dddffdda05be58b785271e97987afc0951c5,57149760,479c2416b6261ee841052eef4881df0e40054f3f,Authenticated GitHub snapshot ChandraguptSharma07/matrix-multiplication-tensor-3x3,Original archive CRC and member SHA256 verified
353087,E04,06-data,General / shared,Original pinned GitHub repository; static role inference,results/round_2026-09-29b/census3/s138b.txt,,contestants\E04\13-archives\GitHub-original-479c2416b6261ee841052eef4881df0e40054f3f.zip,ChandraguptSharma07-matrix-multiplication-tensor-3x3-479c2416b6261ee841052eef4881df0e40054f3f/results/round_2026-09-29b/census3/s138b.txt,18533,57e6721ea047777d480f6ccdcca1320f49920f454aad8b707c36b4bd19dd5bb5,02bd7b95,479c2416b6261ee841052eef4881df0e40054f3f,Authenticated GitHub snapshot ChandraguptSharma07/matrix-multiplication-tensor-3x3,Original archive CRC and member SHA256 verified
353088,E04,06-data,Matrix multiplication,Original pinned GitHub repository; static role inference,results/round_2026-09-29b/census3/smirnov_fix.txt,,contestants\E04\13-archives\GitHub-original-479c2416b6261ee841052eef4881df0e40054f3f.zip,ChandraguptSharma07-matrix-multiplication-tensor-3x3-479c2416b6261ee841052eef4881df0e40054f3f/results/round_2026-09-29b/census3/smirnov_fix.txt,299,0bfa0faee7481a78bbfad519bb67f4ea84b7dc4390ee05869f1d69a280adea89,65eeffc6,479c2416b6261ee841052eef4881df0e40054f3f,Authenticated GitHub snapshot ChandraguptSharma07/matrix-multiplication-tensor-3x3,Original archive CRC and member SHA256 verified
353090,E04,06-data,General / shared,Original pinned GitHub repository; static role inference,results/round_2026-09-29b/census3/split_cap138.jsonl,,contestants\E04\13-archives\GitHub-original-479c2416b6261ee841052eef4881df0e40054f3f.zip,ChandraguptSharma07-matrix-multiplication-tensor-3x3-479c2416b6261ee841052eef4881df0e40054f3f/results/round_2026-09-29b/census3/split_cap138.jsonl,5602,dca50944999a9849580a90be9fff256e2eee6b7888bd038487fb4ac3359ffdf3,8e01ece5,479c2416b6261ee841052eef4881df0e40054f3f,Authenticated GitHub snapshot ChandraguptSharma07/matrix-multiplication-tensor-3x3,Original archive CRC and member SHA256 verified
353092,E04,06-data,General / shared,Original pinned GitHub repository; static role inference,results/round_2026-09-29b/census3/split_cap138_partial.jsonl,,contestants\E04\13-archives\GitHub-original-479c2416b6261ee841052eef4881df0e40054f3f.zip,ChandraguptSharma07-matrix-multiplication-tensor-3x3-479c2416b6261ee841052eef4881df0e40054f3f/results/round_2026-09-29b/census3/split_cap138_partial.jsonl,826,c33799c40e41b1e115d83989a7610b5998a9f3706090e286b5f21c49526930e8,b7ba7bd3,479c2416b6261ee841052eef4881df0e40054f3f,Authenticated GitHub snapshot ChandraguptSharma07/matrix-multiplication-tensor-3x3,Original archive CRC and member SHA256 verified
353093,E04,06-data,General / shared,Original pinned GitHub repository; static role inference,results/round_2026-09-29b/census3/split_cap141.jsonl,,contestants\E04\13-archives\GitHub-original-479c2416b6261ee841052eef4881df0e40054f3f.zip,ChandraguptSharma07-matrix-multiplication-tensor-3x3-479c2416b6261ee841052eef4881df0e40054f3f/results/round_2026-09-29b/census3/split_cap141.jsonl,16991,d88b37a3095b381b781982d7ba8b3a0757a42d3a3cfb61fa2c2b27965f0bcdcf,98950a37,479c2416b6261ee841052eef4881df0e40054f3f,Authenticated GitHub snapshot ChandraguptSharma07/matrix-multiplication-tensor-3x3,Original archive CRC and member SHA256 verified
353114,E04,06-data,General / shared,Original pinned GitHub repository; static role inference,results/round_2026-09-29b/seeds_bb_ae/ae_masks.txt,,contestants\E04\13-archives\GitHub-original-479c2416b6261ee841052eef4881df0e40054f3f.zip,ChandraguptSharma07-matrix-multiplication-tensor-3x3-479c2416b6261ee841052eef4881df0e40054f3f/results/round_2026-09-29b/seeds_bb_ae/ae_masks.txt,234,5140fa931f0867531df11b9f05bed5d377fb6e0ed994fcf30b632063feb4721d,1ec3dda6,479c2416b6261ee841052eef4881df0e40054f3f,Authenticated GitHub snapshot ChandraguptSharma07/matrix-multiplication-tensor-3x3,Original archive CRC and member SHA256 verified
353115,E04,06-data,General / shared,Original pinned GitHub repository; static role inference,results/round_2026-09-29b/seeds_bb_ae/bb_masks.txt,,contestants\E04\13-archives\GitHub-original-479c2416b6261ee841052eef4881df0e40054f3f.zip,ChandraguptSharma07-matrix-multiplication-tensor-3x3-479c2416b6261ee841052eef4881df0e40054f3f/results/round_2026-09-29b/seeds_bb_ae/bb_masks.txt,1459,956b5f8ae6efde85361da8d7c9af9a74222030b1b765729a1a16146d1545da9b,dad2bc01,479c2416b6261ee841052eef4881df0e40054f3f,Authenticated GitHub snapshot ChandraguptSharma07/matrix-multiplication-tensor-3x3,Original archive CRC and member SHA256 verified
353116,E04,06-data,General / shared,Original pinned GitHub repository; static role inference,results/round_2026-09-29b/seeds_bb_ae/bb_sweep.txt,,contestants\E04\13-archives\GitHub-original-479c2416b6261ee841052eef4881df0e40054f3f.zip,ChandraguptSharma07-matrix-multiplication-tensor-3x3-479c2416b6261ee841052eef4881df0e40054f3f/results/round_2026-09-29b/seeds_bb_ae/bb_sweep.txt,228,f531a081c4dbbb45ed35da5b32213103c73b52b81218620812d586574f432797,86abf1a5,479c2416b6261ee841052eef4881df0e40054f3f,Authenticated GitHub snapshot ChandraguptSharma07/matrix-multiplication-tensor-3x3,Original archive CRC and member SHA256 verified
353118,E04,06-data,General / shared,Original pinned GitHub repository; static role inference,results/round_2026-09-29b/seeds_bb_ae/grey333-23-142.txt,,contestants\E04\13-archives\GitHub-original-479c2416b6261ee841052eef4881df0e40054f3f.zip,ChandraguptSharma07-matrix-multiplication-tensor-3x3-479c2416b6261ee841052eef4881df0e40054f3f/results/round_2026-09-29b/seeds_bb_ae/grey333-23-142.txt,1348,2de58e1a45dc935217c3fe6edb504a1881954d32eaf22e61e6abaf0a2332b844,2474294a,479c2416b6261ee841052eef4881df0e40054f3f,Authenticated GitHub snapshot ChandraguptSharma07/matrix-multiplication-tensor-3x3,Original archive CRC and member SHA256 verified
353119,E04,06-data,General / shared,Original pinned GitHub repository; static role inference,results/round_2026-09-29b/seeds_bb_ae/grey333-23-143.txt,,contestants\E04\13-archives\GitHub-original-479c2416b6261ee841052eef4881df0e40054f3f.zip,ChandraguptSharma07-matrix-multiplication-tensor-3x3-479c2416b6261ee841052eef4881df0e40054f3f/results/round_2026-09-29b/seeds_bb_ae/grey333-23-143.txt,1348,ddcfa419ffdd9b8379a56fd6be7991b2327616612d60588e4b43e900f0b86a31,63896bcd,479c2416b6261ee841052eef4881df0e40054f3f,Authenticated GitHub snapshot ChandraguptSharma07/matrix-multiplication-tensor-3x3,Original archive CRC and member SHA256 verified
353120,E04,06-data,General / shared,Original pinned GitHub repository; static role inference,results/round_2026-09-29b/seeds_bb_ae/grey333-23-144.txt,,contestants\E04\13-archives\GitHub-original-479c2416b6261ee841052eef4881df0e40054f3f.zip,ChandraguptSharma07-matrix-multiplication-tensor-3x3-479c2416b6261ee841052eef4881df0e40054f3f/results/round_2026-09-29b/seeds_bb_ae/grey333-23-144.txt,1347,7a1379bbaa6d3da75300c04f3c371bc47219aba36dd6d7c6e16f6991abd34be9,efb2b008,479c2416b6261ee841052eef4881df0e40054f3f,Authenticated GitHub snapshot ChandraguptSharma07/matrix-multiplication-tensor-3x3,Original archive CRC and member SHA256 verified
353121,E04,06-data,General / shared,Original pinned GitHub repository; static role inference,results/round_2026-09-29b/seeds_bb_ae/grey333-23-152.txt,,contestants\E04\13-archives\GitHub-original-479c2416b6261ee841052eef4881df0e40054f3f.zip,ChandraguptSharma07-matrix-multiplication-tensor-3x3-479c2416b6261ee841052eef4881df0e40054f3f/results/round_2026-09-29b/seeds_bb_ae/grey333-23-152.txt,1347,62f97a3a9c7c92b3e1356c167e0019d697b406764ab6e526a4929c9d9f536b9f,c493c153,479c2416b6261ee841052eef4881df0e40054f3f,Authenticated GitHub snapshot ChandraguptSharma07/matrix-multiplication-tensor-3x3,Original archive CRC and member SHA256 verified
353122,E04,06-data,General / shared,Original pinned GitHub repository; static role inference,results/round_2026-09-29b/seeds_bb_ae/grey333-23-221.txt,,contestants\E04\13-archives\GitHub-original-479c2416b6261ee841052eef4881df0e40054f3f.zip,ChandraguptSharma07-matrix-multiplication-tensor-3x3-479c2416b6261ee841052eef4881df0e40054f3f/results/round_2026-09-29b/seeds_bb_ae/grey333-23-221.txt,1368,e9cf5aea28f53718c3faf86df1a7455aabd61ea6b57e82595c3d0579e4139d4a,d3c5246b,479c2416b6261ee841052eef4881df0e40054f3f,Authenticated GitHub snapshot ChandraguptSharma07/matrix-multiplication-tensor-3x3,Original archive CRC and member SHA256 verified
353123,E04,06-data,Matrix multiplication,Original pinned GitHub repository; static role inference,results/round_2026-09-29b/seeds_bb_ae/smirnov333-23-139.txt,,contestants\E04\13-archives\GitHub-original-479c2416b6261ee841052eef4881df0e40054f3f.zip,ChandraguptSharma07-matrix-multiplication-tensor-3x3-479c2416b6261ee841052eef4881df0e40054f3f/results/round_2026-09-29b/seeds_bb_ae/smirnov333-23-139.txt,1364,c323e917a645d6febe4e8aad77e588f54666f8d8c31759c479513d66c5a2c4b5,9b21b07c,479c2416b6261ee841052eef4881df0e40054f3f,Authenticated GitHub snapshot ChandraguptSharma07/matrix-multiplication-tensor-3x3,Original archive CRC and member SHA256 verified
353127,E04,06-data,General / shared,Original pinned GitHub repository; static role inference,results/round_2026-09-29b/sweeps/hb_new_minforms_le142.json,,contestants\E04\13-archives\GitHub-original-479c2416b6261ee841052eef4881df0e40054f3f.zip,ChandraguptSharma07-matrix-multiplication-tensor-3x3-479c2416b6261ee841052eef4881df0e40054f3f/results/round_2026-09-29b/sweeps/hb_new_minforms_le142.json,2,4f53cda18c2baa0c0354bb5f9a3ecbe5ed12ab4d8e11ba873c2f11161202b945,0d4cbb29,479c2416b6261ee841052eef4881df0e40054f3f,Authenticated GitHub snapshot ChandraguptSharma07/matrix-multiplication-tensor-3x3,Original archive CRC and member SHA256 verified
353128,E04,06-data,General / shared,Original pinned GitHub repository; static role inference,results/round_2026-09-29b/sweeps/hellsbells_15316_orbit_min.txt,,contestants\E04\13-archives\GitHub-original-479c2416b6261ee841052eef4881df0e40054f3f.zip,ChandraguptSharma07-matrix-multiplication-tensor-3x3-479c2416b6261ee841052eef4881df0e40054f3f/results/round_2026-09-29b/sweeps/hellsbells_15316_orbit_min.txt,667161,7dcde1119d2d52d5f21c05900eb4ab9a4080d248b240a1f0dfc397a246456ae1,fd22fd4b,479c2416b6261ee841052eef4881df0e40054f3f,Authenticated GitHub snapshot ChandraguptSharma07/matrix-multiplication-tensor-3x3,Original archive CRC and member SHA256 verified
353130,E04,06-data,General / shared,Original pinned GitHub repository; static role inference,results/round_2026-09-29b/sweeps/hks_17376_orbit_min.txt,,contestants\E04\13-archives\GitHub-original-479c2416b6261ee841052eef4881df0e40054f3f.zip,ChandraguptSharma07-matrix-multiplication-tensor-3x3-479c2416b6261ee841052eef4881df0e40054f3f/results/round_2026-09-29b/sweeps/hks_17376_orbit_min.txt,889585,c9794f8384b8a65d185e7b565333ca42a661bc8ebf4f403a51e6527a6b08248a,58f4b14a,479c2416b6261ee841052eef4881df0e40054f3f,Authenticated GitHub snapshot ChandraguptSharma07/matrix-multiplication-tensor-3x3,Original archive CRC and member SHA256 verified
353132,E04,06-data,General / shared,Original pinned GitHub repository; static role inference,results/round_2026-09-29b/sweeps/minforms_le143.json,,contestants\E04\13-archives\GitHub-original-479c2416b6261ee841052eef4881df0e40054f3f.zip,ChandraguptSharma07-matrix-multiplication-tensor-3x3-479c2416b6261ee841052eef4881df0e40054f3f/results/round_2026-09-29b/sweeps/minforms_le143.json,19566,1cc9c24d0046d3a32f5858dc93b2c75c9cf88060511aff07d1f693efabff5a10,0112ca1a,479c2416b6261ee841052eef4881df0e40054f3f,Authenticated GitHub snapshot ChandraguptSharma07/matrix-multiplication-tensor-3x3,Original archive CRC and member SHA256 verified
353136,E04,06-data,General / shared,Original pinned GitHub repository; static role inference,results/sat5/rented_0974a071.json,,contestants\E04\13-archives\GitHub-original-479c2416b6261ee841052eef4881df0e40054f3f.zip,ChandraguptSharma07-matrix-multiplication-tensor-3x3-479c2416b6261ee841052eef4881df0e40054f3f/results/sat5/rented_0974a071.json,214,b1a0321b5ca099c3a1322a0c95f2ab923911072263e85abac4446089a2601f54,7d134877,479c2416b6261ee841052eef4881df0e40054f3f,Authenticated GitHub snapshot ChandraguptSharma07/matrix-multiplication-tensor-3x3,Original archive CRC and member SHA256 verified
353137,E04,06-data,General / shared,Original pinned GitHub repository; static role inference,results/sat5/rented_6a9128db.json,,contestants\E04\13-archives\GitHub-original-479c2416b6261ee841052eef4881df0e40054f3f.zip,ChandraguptSharma07-matrix-multiplication-tensor-3x3-479c2416b6261ee841052eef4881df0e40054f3f/results/sat5/rented_6a9128db.json,207,9675e87300c31b6c7e67a6c60e7a34ac0c5b1c1caccb85c34117dfba6beef732,8ecd1ae2,479c2416b6261ee841052eef4881df0e40054f3f,Authenticated GitHub snapshot ChandraguptSharma07/matrix-multiplication-tensor-3x3,Original archive CRC and member SHA256 verified
353138,E04,06-data,General / shared,Original pinned GitHub repository; static role inference,results/sat5/rented_9097076e.json,,contestants\E04\13-archives\GitHub-original-479c2416b6261ee841052eef4881df0e40054f3f.zip,ChandraguptSharma07-matrix-multiplication-tensor-3x3-479c2416b6261ee841052eef4881df0e40054f3f/results/sat5/rented_9097076e.json,214,87c7d2ca49b3a908e84024f0732e9261e2c56240ced908bc97aa03448c5f3cb8,fda4a5e6,479c2416b6261ee841052eef4881df0e40054f3f,Authenticated GitHub snapshot ChandraguptSharma07/matrix-multiplication-tensor-3x3,Original archive CRC and member SHA256 verified
353139,E04,06-data,General / shared,Original pinned GitHub repository; static role inference,results/sat5/rented_bd963ad5.json,,contestants\E04\13-archives\GitHub-original-479c2416b6261ee841052eef4881df0e40054f3f.zip,ChandraguptSharma07-matrix-multiplication-tensor-3x3-479c2416b6261ee841052eef4881df0e40054f3f/results/sat5/rented_bd963ad5.json,213,93719d266d76dbcff6dd1038fd4c93b4756eda4af462c711e6d34a5d8452dbc0,6e2411df,479c2416b6261ee841052eef4881df0e40054f3f,Authenticated GitHub snapshot ChandraguptSharma07/matrix-multiplication-tensor-3x3,Original archive CRC and member SHA256 verified
353140,E04,06-data,General / shared,Original pinned GitHub repository; static role inference,results/sat5/rented_c390b291.json,,contestants\E04\13-archives\GitHub-original-479c2416b6261ee841052eef4881df0e40054f3f.zip,ChandraguptSharma07-matrix-multiplication-tensor-3x3-479c2416b6261ee841052eef4881df0e40054f3f/results/sat5/rented_c390b291.json,210,8884def67a7aff29a3980b361e3bd824e3f84132351bfc2ef99d7d214ff3d68d,d6cc0b7b,479c2416b6261ee841052eef4881df0e40054f3f,Authenticated GitHub snapshot ChandraguptSharma07/matrix-multiplication-tensor-3x3,Original archive CRC and member SHA256 verified
353141,E04,06-data,General / shared,Original pinned GitHub repository; static role inference,results/seeds/seeds_140_150.json,,contestants\E04\13-archives\GitHub-original-479c2416b6261ee841052eef4881df0e40054f3f.zip,ChandraguptSharma07-matrix-multiplication-tensor-3x3-479c2416b6261ee841052eef4881df0e40054f3f/results/seeds/seeds_140_150.json,508413,cca6f007f80e7752a817b55fa7319ef9d88941bd5730a7e5efdb154815bd83c9,f62b9dd3,479c2416b6261ee841052eef4881df0e40054f3f,Authenticated GitHub snapshot ChandraguptSharma07/matrix-multiplication-tensor-3x3,Original archive CRC and member SHA256 verified
353158,E04,06-data,General / shared,Original pinned GitHub repository; static role inference,solutions/support_138/source_gf3_terms.json,,contestants\E04\13-archives\GitHub-original-479c2416b6261ee841052eef4881df0e40054f3f.zip,ChandraguptSharma07-matrix-multiplication-tensor-3x3-479c2416b6261ee841052eef4881df0e40054f3f/solutions/support_138/source_gf3_terms.json,687,94551dc1dbf8008ada8819dac90e60ca80a6590f2df68743e603fed989049767,9a9960db,479c2416b6261ee841052eef4881df0e40054f3f,Authenticated GitHub snapshot ChandraguptSharma07/matrix-multiplication-tensor-3x3,Original archive CRC and member SHA256 verified
353161,E04,06-data,General / shared,Original pinned GitHub repository; static role inference,src/agents/cfg_55min.json,,contestants\E04\13-archives\GitHub-original-479c2416b6261ee841052eef4881df0e40054f3f.zip,ChandraguptSharma07-matrix-multiplication-tensor-3x3-479c2416b6261ee841052eef4881df0e40054f3f/src/agents/cfg_55min.json,492,9cce37ce5dee241087d03f3f07e3c4835c6db4291107f24b26b4966e217e2d9b,ed2beefb,479c2416b6261ee841052eef4881df0e40054f3f,Authenticated GitHub snapshot ChandraguptSharma07/matrix-multiplication-tensor-3x3,Original archive CRC and member SHA256 verified
353162,E04,06-data,General / shared,Original pinned GitHub repository; static role inference,src/agents/cfg_walk_55min.json,,contestants\E04\13-archives\GitHub-original-479c2416b6261ee841052eef4881df0e40054f3f.zip,ChandraguptSharma07-matrix-multiplication-tensor-3x3-479c2416b6261ee841052eef4881df0e40054f3f/src/agents/cfg_walk_55min.json,505,90bfa37ca505c1e31f550c736b4837e83ff2dd7940c962c16cb94dc8c30f4e86,522b311e,479c2416b6261ee841052eef4881df0e40054f3f,Authenticated GitHub snapshot ChandraguptSharma07/matrix-multiplication-tensor-3x3,Original archive CRC and member SHA256 verified
